solid OpenSCAD_Model
  facet normal -0.300583 0 0.953756
    outer loop
      vertex 32.2834 0 21.1138
      vertex 32.3916 -3 21.1479
      vertex 32.3916 0 21.1479
    endloop
  endfacet
  facet normal -0.300583 0 0.953756
    outer loop
      vertex 32.3916 -3 21.1479
      vertex 32.2834 0 21.1138
      vertex 32.2834 -3 21.1138
    endloop
  endfacet
  facet normal -0.991457 0 0.130432
    outer loop
      vertex 33.2272 -3 22.1437
      vertex 33.242 0 22.2562
      vertex 33.2272 0 22.1437
    endloop
  endfacet
  facet normal -0.991457 0 0.130432
    outer loop
      vertex 33.242 0 22.2562
      vertex 33.2272 -3 22.1437
      vertex 33.242 -3 22.2562
    endloop
  endfacet
  facet normal -0.999066 0 0.0432076
    outer loop
      vertex 33.242 -3 22.2562
      vertex 33.2469 0 22.3695
      vertex 33.242 0 22.2562
    endloop
  endfacet
  facet normal -0.999066 0 0.0432076
    outer loop
      vertex 33.2469 0 22.3695
      vertex 33.242 -3 22.2562
      vertex 33.2469 -3 22.3695
    endloop
  endfacet
  facet normal -0.976187 0 0.21693
    outer loop
      vertex 33.2026 -3 22.033
      vertex 33.2272 0 22.1437
      vertex 33.2026 0 22.033
    endloop
  endfacet
  facet normal -0.976187 0 0.21693
    outer loop
      vertex 33.2272 0 22.1437
      vertex 33.2026 -3 22.033
      vertex 33.2272 -3 22.1437
    endloop
  endfacet
  facet normal -0.999066 0 -0.0432076
    outer loop
      vertex 33.2469 -3 22.3695
      vertex 33.242 0 22.4828
      vertex 33.2469 0 22.3695
    endloop
  endfacet
  facet normal -0.999066 -0 -0.0432076
    outer loop
      vertex 33.242 0 22.4828
      vertex 33.2469 -3 22.3695
      vertex 33.242 -3 22.4828
    endloop
  endfacet
  facet normal -0.608432 0 0.793606
    outer loop
      vertex 32.6926 0 21.3046
      vertex 32.7826 -3 21.3736
      vertex 32.7826 0 21.3736
    endloop
  endfacet
  facet normal -0.608432 0 0.793606
    outer loop
      vertex 32.7826 -3 21.3736
      vertex 32.6926 0 21.3046
      vertex 32.6926 -3 21.3046
    endloop
  endfacet
  facet normal -0.79328 0 0.608858
    outer loop
      vertex 32.9428 -3 21.5339
      vertex 33.0118 0 21.6238
      vertex 32.9428 0 21.5339
    endloop
  endfacet
  facet normal -0.79328 0 0.608858
    outer loop
      vertex 33.0118 0 21.6238
      vertex 32.9428 -3 21.5339
      vertex 33.0118 -3 21.6238
    endloop
  endfacet
  facet normal -0.382923 0 0.92378
    outer loop
      vertex 32.3916 0 21.1479
      vertex 32.4963 -3 21.1913
      vertex 32.4963 0 21.1913
    endloop
  endfacet
  facet normal -0.382923 0 0.92378
    outer loop
      vertex 32.4963 -3 21.1913
      vertex 32.3916 0 21.1479
      vertex 32.3916 -3 21.1479
    endloop
  endfacet
  facet normal 0.976373 -0 0.21609
    outer loop
      vertex 30.6667 -3 22.1437
      vertex 30.6912 0 22.033
      vertex 30.6667 0 22.1437
    endloop
  endfacet
  facet normal 0.976373 0 0.21609
    outer loop
      vertex 30.6912 0 22.033
      vertex 30.6667 -3 22.1437
      vertex 30.6912 -3 22.033
    endloop
  endfacet
  facet normal 0.953676 -0 0.300836
    outer loop
      vertex 30.6912 -3 22.033
      vertex 30.7253 0 21.9249
      vertex 30.6912 0 22.033
    endloop
  endfacet
  facet normal 0.953676 0 0.300836
    outer loop
      vertex 30.7253 0 21.9249
      vertex 30.6912 -3 22.033
      vertex 30.7253 -3 21.9249
    endloop
  endfacet
  facet normal 0.991442 0 -0.130546
    outer loop
      vertex 30.6667 -3 22.5952
      vertex 30.6519 0 22.4828
      vertex 30.6667 0 22.5952
    endloop
  endfacet
  facet normal 0.991442 0 -0.130546
    outer loop
      vertex 30.6519 0 22.4828
      vertex 30.6667 -3 22.5952
      vertex 30.6519 -3 22.4828
    endloop
  endfacet
  facet normal 0.923909 0 -0.382611
    outer loop
      vertex 30.7687 -3 22.9189
      vertex 30.7253 0 22.8141
      vertex 30.7687 0 22.9189
    endloop
  endfacet
  facet normal 0.923909 0 -0.382611
    outer loop
      vertex 30.7253 0 22.8141
      vertex 30.7687 -3 22.9189
      vertex 30.7253 -3 22.8141
    endloop
  endfacet
  facet normal 0.953756 0 -0.300583
    outer loop
      vertex 30.7253 -3 22.8141
      vertex 30.6912 0 22.7059
      vertex 30.7253 0 22.8141
    endloop
  endfacet
  facet normal 0.953756 0 -0.300583
    outer loop
      vertex 30.6912 0 22.7059
      vertex 30.7253 -3 22.8141
      vertex 30.6912 -3 22.7059
    endloop
  endfacet
  facet normal -0.0440877 0 -0.999028
    outer loop
      vertex 31.9469 -3 23.6695
      vertex 32.0602 0 23.6645
      vertex 32.0602 -3 23.6645
    endloop
  endfacet
  facet normal -0.0440877 0 -0.999028
    outer loop
      vertex 32.0602 0 23.6645
      vertex 31.9469 -3 23.6695
      vertex 31.9469 0 23.6695
    endloop
  endfacet
  facet normal 0.537902 0 0.843007
    outer loop
      vertex 31.2013 0 21.3046
      vertex 31.2969 -3 21.2436
      vertex 31.2969 0 21.2436
    endloop
  endfacet
  facet normal 0.537902 0 0.843007
    outer loop
      vertex 31.2969 -3 21.2436
      vertex 31.2013 0 21.3046
      vertex 31.2013 -3 21.3046
    endloop
  endfacet
  facet normal 0.675565 0 -0.737301
    outer loop
      vertex 31.0277 -3 23.2887
      vertex 31.1113 0 23.3653
      vertex 31.1113 -3 23.3653
    endloop
  endfacet
  facet normal 0.675565 0 -0.737301
    outer loop
      vertex 31.1113 0 23.3653
      vertex 31.0277 -3 23.2887
      vertex 31.0277 0 23.2887
    endloop
  endfacet
  facet normal 0.737301 0 -0.675565
    outer loop
      vertex 31.0277 -3 23.2887
      vertex 30.9511 0 23.2051
      vertex 31.0277 0 23.2887
    endloop
  endfacet
  facet normal 0.737301 0 -0.675565
    outer loop
      vertex 30.9511 0 23.2051
      vertex 31.0277 -3 23.2887
      vertex 30.9511 -3 23.2051
    endloop
  endfacet
  facet normal -0.461963 0 -0.886899
    outer loop
      vertex 32.4963 -3 23.5477
      vertex 32.5969 0 23.4953
      vertex 32.5969 -3 23.4953
    endloop
  endfacet
  facet normal -0.461963 0 -0.886899
    outer loop
      vertex 32.5969 0 23.4953
      vertex 32.4963 -3 23.5477
      vertex 32.4963 0 23.5477
    endloop
  endfacet
  facet normal 0.923909 -0 0.382611
    outer loop
      vertex 30.7253 -3 21.9249
      vertex 30.7687 0 21.8201
      vertex 30.7253 0 21.9249
    endloop
  endfacet
  facet normal 0.923909 0 0.382611
    outer loop
      vertex 30.7687 0 21.8201
      vertex 30.7253 -3 21.9249
      vertex 30.7687 -3 21.8201
    endloop
  endfacet
  facet normal -0.88726 0 -0.461269
    outer loop
      vertex 33.1251 -3 22.9189
      vertex 33.0728 0 23.0195
      vertex 33.1251 0 22.9189
    endloop
  endfacet
  facet normal -0.88726 -0 -0.461269
    outer loop
      vertex 33.0728 0 23.0195
      vertex 33.1251 -3 22.9189
      vertex 33.0728 -3 23.0195
    endloop
  endfacet
  facet normal -0.976187 0 -0.21693
    outer loop
      vertex 33.2272 -3 22.5952
      vertex 33.2026 0 22.7059
      vertex 33.2272 0 22.5952
    endloop
  endfacet
  facet normal -0.976187 -0 -0.21693
    outer loop
      vertex 33.2026 0 22.7059
      vertex 33.2272 -3 22.5952
      vertex 33.2026 -3 22.7059
    endloop
  endfacet
  facet normal -0.130432 0 0.991457
    outer loop
      vertex 32.0602 0 21.0744
      vertex 32.1727 -3 21.0892
      vertex 32.1727 0 21.0892
    endloop
  endfacet
  facet normal -0.130432 0 0.991457
    outer loop
      vertex 32.1727 -3 21.0892
      vertex 32.0602 0 21.0744
      vertex 32.0602 -3 21.0744
    endloop
  endfacet
  facet normal -0.536875 0 -0.843661
    outer loop
      vertex 32.5969 -3 23.4953
      vertex 32.6926 0 23.4344
      vertex 32.6926 -3 23.4344
    endloop
  endfacet
  facet normal -0.536875 0 -0.843661
    outer loop
      vertex 32.6926 0 23.4344
      vertex 32.5969 -3 23.4953
      vertex 32.5969 0 23.4953
    endloop
  endfacet
  facet normal 0.300583 0 -0.953756
    outer loop
      vertex 31.5023 -3 23.5911
      vertex 31.6105 0 23.6252
      vertex 31.6105 -3 23.6252
    endloop
  endfacet
  facet normal 0.300583 0 -0.953756
    outer loop
      vertex 31.6105 0 23.6252
      vertex 31.5023 -3 23.5911
      vertex 31.5023 0 23.5911
    endloop
  endfacet
  facet normal -0.130432 0 -0.991457
    outer loop
      vertex 32.0602 -3 23.6645
      vertex 32.1727 0 23.6497
      vertex 32.1727 -3 23.6497
    endloop
  endfacet
  facet normal -0.130432 0 -0.991457
    outer loop
      vertex 32.1727 0 23.6497
      vertex 32.0602 -3 23.6645
      vertex 32.0602 0 23.6645
    endloop
  endfacet
  facet normal -0.675565 0 0.737301
    outer loop
      vertex 32.7826 0 21.3736
      vertex 32.8662 -3 21.4502
      vertex 32.8662 0 21.4502
    endloop
  endfacet
  facet normal -0.675565 0 0.737301
    outer loop
      vertex 32.8662 -3 21.4502
      vertex 32.7826 0 21.3736
      vertex 32.7826 -3 21.3736
    endloop
  endfacet
  facet normal -0.923909 0 0.382611
    outer loop
      vertex 33.1251 -3 21.8201
      vertex 33.1685 0 21.9249
      vertex 33.1251 0 21.8201
    endloop
  endfacet
  facet normal -0.923909 0 0.382611
    outer loop
      vertex 33.1685 0 21.9249
      vertex 33.1251 -3 21.8201
      vertex 33.1685 -3 21.9249
    endloop
  endfacet
  facet normal -0.88726 0 0.461269
    outer loop
      vertex 33.0728 -3 21.7195
      vertex 33.1251 0 21.8201
      vertex 33.0728 0 21.7195
    endloop
  endfacet
  facet normal -0.88726 0 0.461269
    outer loop
      vertex 33.1251 0 21.8201
      vertex 33.0728 -3 21.7195
      vertex 33.1251 -3 21.8201
    endloop
  endfacet
  facet normal 0.382611 0 -0.923909
    outer loop
      vertex 31.3975 -3 23.5477
      vertex 31.5023 0 23.5911
      vertex 31.5023 -3 23.5911
    endloop
  endfacet
  facet normal 0.382611 0 -0.923909
    outer loop
      vertex 31.5023 0 23.5911
      vertex 31.3975 -3 23.5477
      vertex 31.3975 0 23.5477
    endloop
  endfacet
  facet normal 0.0440877 0 -0.999028
    outer loop
      vertex 31.8336 -3 23.6645
      vertex 31.9469 0 23.6695
      vertex 31.9469 -3 23.6695
    endloop
  endfacet
  facet normal 0.0440877 0 -0.999028
    outer loop
      vertex 31.9469 0 23.6695
      vertex 31.8336 -3 23.6645
      vertex 31.8336 0 23.6645
    endloop
  endfacet
  facet normal 0.991457 -0 0.130432
    outer loop
      vertex 30.6519 -3 22.2562
      vertex 30.6667 0 22.1437
      vertex 30.6519 0 22.2562
    endloop
  endfacet
  facet normal 0.991457 0 0.130432
    outer loop
      vertex 30.6667 0 22.1437
      vertex 30.6519 -3 22.2562
      vertex 30.6667 -3 22.1437
    endloop
  endfacet
  facet normal 0.999028 -0 0.0440877
    outer loop
      vertex 30.6469 -3 22.3695
      vertex 30.6519 0 22.2562
      vertex 30.6469 0 22.3695
    endloop
  endfacet
  facet normal 0.999028 0 0.0440877
    outer loop
      vertex 30.6519 0 22.2562
      vertex 30.6469 -3 22.3695
      vertex 30.6519 -3 22.2562
    endloop
  endfacet
  facet normal -0.953676 0 0.300836
    outer loop
      vertex 33.1685 -3 21.9249
      vertex 33.2026 0 22.033
      vertex 33.1685 0 21.9249
    endloop
  endfacet
  facet normal -0.953676 0 0.300836
    outer loop
      vertex 33.2026 0 22.033
      vertex 33.1685 -3 21.9249
      vertex 33.2026 -3 22.033
    endloop
  endfacet
  facet normal -0.21609 0 -0.976373
    outer loop
      vertex 32.1727 -3 23.6497
      vertex 32.2834 0 23.6252
      vertex 32.2834 -3 23.6252
    endloop
  endfacet
  facet normal -0.21609 0 -0.976373
    outer loop
      vertex 32.2834 0 23.6252
      vertex 32.1727 -3 23.6497
      vertex 32.1727 0 23.6497
    endloop
  endfacet
  facet normal -0.991442 0 -0.130546
    outer loop
      vertex 33.242 -3 22.4828
      vertex 33.2272 0 22.5952
      vertex 33.242 0 22.4828
    endloop
  endfacet
  facet normal -0.991442 -0 -0.130546
    outer loop
      vertex 33.2272 0 22.5952
      vertex 33.242 -3 22.4828
      vertex 33.2272 -3 22.5952
    endloop
  endfacet
  facet normal 0.737703 -0 0.675126
    outer loop
      vertex 30.9511 -3 21.5339
      vertex 31.0277 0 21.4502
      vertex 30.9511 0 21.5339
    endloop
  endfacet
  facet normal 0.737703 0 0.675126
    outer loop
      vertex 31.0277 0 21.4502
      vertex 30.9511 -3 21.5339
      vertex 31.0277 -3 21.4502
    endloop
  endfacet
  facet normal 0.793181 0 -0.608986
    outer loop
      vertex 30.9511 -3 23.2051
      vertex 30.882 0 23.1151
      vertex 30.9511 0 23.2051
    endloop
  endfacet
  facet normal 0.793181 0 -0.608986
    outer loop
      vertex 30.882 0 23.1151
      vertex 30.9511 -3 23.2051
      vertex 30.882 -3 23.1151
    endloop
  endfacet
  facet normal -0.793606 0 -0.608432
    outer loop
      vertex 33.0118 -3 23.1151
      vertex 32.9428 0 23.2051
      vertex 33.0118 0 23.1151
    endloop
  endfacet
  facet normal -0.793606 -0 -0.608432
    outer loop
      vertex 32.9428 0 23.2051
      vertex 33.0118 -3 23.1151
      vertex 32.9428 -3 23.2051
    endloop
  endfacet
  facet normal 0.461269 0 0.88726
    outer loop
      vertex 31.2969 0 21.2436
      vertex 31.3975 -3 21.1913
      vertex 31.3975 0 21.1913
    endloop
  endfacet
  facet normal 0.461269 0 0.88726
    outer loop
      vertex 31.3975 -3 21.1913
      vertex 31.2969 0 21.2436
      vertex 31.2969 -3 21.2436
    endloop
  endfacet
  facet normal 0.130546 0 -0.991442
    outer loop
      vertex 31.7212 -3 23.6497
      vertex 31.8336 0 23.6645
      vertex 31.8336 -3 23.6645
    endloop
  endfacet
  facet normal 0.130546 0 -0.991442
    outer loop
      vertex 31.8336 0 23.6645
      vertex 31.7212 -3 23.6497
      vertex 31.7212 0 23.6497
    endloop
  endfacet
  facet normal 0.461963 0 -0.886899
    outer loop
      vertex 31.2969 -3 23.4953
      vertex 31.3975 0 23.5477
      vertex 31.3975 -3 23.5477
    endloop
  endfacet
  facet normal 0.461963 0 -0.886899
    outer loop
      vertex 31.3975 0 23.5477
      vertex 31.2969 -3 23.4953
      vertex 31.2969 0 23.4953
    endloop
  endfacet
  facet normal 0.608432 0 0.793606
    outer loop
      vertex 31.1113 0 21.3736
      vertex 31.2013 -3 21.3046
      vertex 31.2013 0 21.3046
    endloop
  endfacet
  facet normal 0.608432 0 0.793606
    outer loop
      vertex 31.2013 -3 21.3046
      vertex 31.1113 0 21.3736
      vertex 31.1113 -3 21.3736
    endloop
  endfacet
  facet normal 0.382611 0 0.923909
    outer loop
      vertex 31.3975 0 21.1913
      vertex 31.5023 -3 21.1479
      vertex 31.5023 0 21.1479
    endloop
  endfacet
  facet normal 0.382611 0 0.923909
    outer loop
      vertex 31.5023 -3 21.1479
      vertex 31.3975 0 21.1913
      vertex 31.3975 -3 21.1913
    endloop
  endfacet
  facet normal -0.608986 0 -0.793181
    outer loop
      vertex 32.6926 -3 23.4344
      vertex 32.7826 0 23.3653
      vertex 32.7826 -3 23.3653
    endloop
  endfacet
  facet normal -0.608986 0 -0.793181
    outer loop
      vertex 32.7826 0 23.3653
      vertex 32.6926 -3 23.4344
      vertex 32.6926 0 23.4344
    endloop
  endfacet
  facet normal 0.21609 0 -0.976373
    outer loop
      vertex 31.6105 -3 23.6252
      vertex 31.7212 0 23.6497
      vertex 31.7212 -3 23.6497
    endloop
  endfacet
  facet normal 0.21609 0 -0.976373
    outer loop
      vertex 31.7212 0 23.6497
      vertex 31.6105 -3 23.6252
      vertex 31.6105 0 23.6252
    endloop
  endfacet
  facet normal -0.843262 0 0.537503
    outer loop
      vertex 33.0118 -3 21.6238
      vertex 33.0728 0 21.7195
      vertex 33.0118 0 21.6238
    endloop
  endfacet
  facet normal -0.843262 0 0.537503
    outer loop
      vertex 33.0728 0 21.7195
      vertex 33.0118 -3 21.6238
      vertex 33.0728 -3 21.7195
    endloop
  endfacet
  facet normal -0.843007 0 -0.537902
    outer loop
      vertex 33.0728 -3 23.0195
      vertex 33.0118 0 23.1151
      vertex 33.0728 0 23.0195
    endloop
  endfacet
  facet normal -0.843007 -0 -0.537902
    outer loop
      vertex 33.0118 0 23.1151
      vertex 33.0728 -3 23.0195
      vertex 33.0118 -3 23.1151
    endloop
  endfacet
  facet normal 0.21693 0 0.976187
    outer loop
      vertex 31.6105 0 21.1138
      vertex 31.7212 -3 21.0892
      vertex 31.7212 0 21.0892
    endloop
  endfacet
  facet normal 0.21693 0 0.976187
    outer loop
      vertex 31.7212 -3 21.0892
      vertex 31.6105 0 21.1138
      vertex 31.6105 -3 21.1138
    endloop
  endfacet
  facet normal 0.130546 0 0.991442
    outer loop
      vertex 31.7212 0 21.0892
      vertex 31.8336 -3 21.0744
      vertex 31.8336 0 21.0744
    endloop
  endfacet
  facet normal 0.130546 0 0.991442
    outer loop
      vertex 31.8336 -3 21.0744
      vertex 31.7212 0 21.0892
      vertex 31.7212 -3 21.0892
    endloop
  endfacet
  facet normal -0.737703 0 0.675126
    outer loop
      vertex 32.8662 -3 21.4502
      vertex 32.9428 0 21.5339
      vertex 32.8662 0 21.4502
    endloop
  endfacet
  facet normal -0.737703 0 0.675126
    outer loop
      vertex 32.9428 0 21.5339
      vertex 32.8662 -3 21.4502
      vertex 32.9428 -3 21.5339
    endloop
  endfacet
  facet normal 0.300583 0 0.953756
    outer loop
      vertex 31.5023 0 21.1479
      vertex 31.6105 -3 21.1138
      vertex 31.6105 0 21.1138
    endloop
  endfacet
  facet normal 0.300583 0 0.953756
    outer loop
      vertex 31.6105 -3 21.1138
      vertex 31.5023 0 21.1479
      vertex 31.5023 -3 21.1479
    endloop
  endfacet
  facet normal -0.953756 0 -0.300583
    outer loop
      vertex 33.2026 -3 22.7059
      vertex 33.1685 0 22.8141
      vertex 33.2026 0 22.7059
    endloop
  endfacet
  facet normal -0.953756 -0 -0.300583
    outer loop
      vertex 33.1685 0 22.8141
      vertex 33.2026 -3 22.7059
      vertex 33.1685 -3 22.8141
    endloop
  endfacet
  facet normal 0.886899 -0 0.461963
    outer loop
      vertex 30.7687 -3 21.8201
      vertex 30.8211 0 21.7195
      vertex 30.7687 0 21.8201
    endloop
  endfacet
  facet normal 0.886899 0 0.461963
    outer loop
      vertex 30.8211 0 21.7195
      vertex 30.7687 -3 21.8201
      vertex 30.8211 -3 21.7195
    endloop
  endfacet
  facet normal -0.300583 0 -0.953756
    outer loop
      vertex 32.2834 -3 23.6252
      vertex 32.3916 0 23.5911
      vertex 32.3916 -3 23.5911
    endloop
  endfacet
  facet normal -0.300583 0 -0.953756
    outer loop
      vertex 32.3916 0 23.5911
      vertex 32.2834 -3 23.6252
      vertex 32.2834 0 23.6252
    endloop
  endfacet
  facet normal -0.382923 0 -0.92378
    outer loop
      vertex 32.3916 -3 23.5911
      vertex 32.4963 0 23.5477
      vertex 32.4963 -3 23.5477
    endloop
  endfacet
  facet normal -0.382923 0 -0.92378
    outer loop
      vertex 32.4963 0 23.5477
      vertex 32.3916 -3 23.5911
      vertex 32.3916 0 23.5911
    endloop
  endfacet
  facet normal -0.923909 0 -0.382611
    outer loop
      vertex 33.1685 -3 22.8141
      vertex 33.1251 0 22.9189
      vertex 33.1685 0 22.8141
    endloop
  endfacet
  facet normal -0.923909 -0 -0.382611
    outer loop
      vertex 33.1251 0 22.9189
      vertex 33.1685 -3 22.8141
      vertex 33.1251 -3 22.9189
    endloop
  endfacet
  facet normal 0.999028 0 -0.0440877
    outer loop
      vertex 30.6519 -3 22.4828
      vertex 30.6469 0 22.3695
      vertex 30.6519 0 22.4828
    endloop
  endfacet
  facet normal 0.999028 0 -0.0440877
    outer loop
      vertex 30.6469 0 22.3695
      vertex 30.6519 -3 22.4828
      vertex 30.6469 -3 22.3695
    endloop
  endfacet
  facet normal 0.537275 0 -0.843407
    outer loop
      vertex 31.2013 -3 23.4344
      vertex 31.2969 0 23.4953
      vertex 31.2969 -3 23.4953
    endloop
  endfacet
  facet normal 0.537275 0 -0.843407
    outer loop
      vertex 31.2969 0 23.4953
      vertex 31.2013 -3 23.4344
      vertex 31.2013 0 23.4344
    endloop
  endfacet
  facet normal -0.461269 0 0.88726
    outer loop
      vertex 32.4963 0 21.1913
      vertex 32.5969 -3 21.2436
      vertex 32.5969 0 21.2436
    endloop
  endfacet
  facet normal -0.461269 0 0.88726
    outer loop
      vertex 32.5969 -3 21.2436
      vertex 32.4963 0 21.1913
      vertex 32.4963 -3 21.1913
    endloop
  endfacet
  facet normal 0.792853 -0 0.609412
    outer loop
      vertex 30.882 -3 21.6238
      vertex 30.9511 0 21.5339
      vertex 30.882 0 21.6238
    endloop
  endfacet
  facet normal 0.792853 0 0.609412
    outer loop
      vertex 30.9511 0 21.5339
      vertex 30.882 -3 21.6238
      vertex 30.9511 -3 21.5339
    endloop
  endfacet
  facet normal -0.737301 0 -0.675565
    outer loop
      vertex 32.9428 -3 23.2051
      vertex 32.8662 0 23.2887
      vertex 32.9428 0 23.2051
    endloop
  endfacet
  facet normal -0.737301 -0 -0.675565
    outer loop
      vertex 32.8662 0 23.2887
      vertex 32.9428 -3 23.2051
      vertex 32.8662 -3 23.2887
    endloop
  endfacet
  facet normal 0.675565 0 0.737301
    outer loop
      vertex 31.0277 0 21.4502
      vertex 31.1113 -3 21.3736
      vertex 31.1113 0 21.3736
    endloop
  endfacet
  facet normal 0.675565 0 0.737301
    outer loop
      vertex 31.1113 -3 21.3736
      vertex 31.0277 0 21.4502
      vertex 31.0277 -3 21.4502
    endloop
  endfacet
  facet normal 0.0432076 0 0.999066
    outer loop
      vertex 31.8336 0 21.0744
      vertex 31.9469 -3 21.0695
      vertex 31.9469 0 21.0695
    endloop
  endfacet
  facet normal 0.0432076 0 0.999066
    outer loop
      vertex 31.9469 -3 21.0695
      vertex 31.8336 0 21.0744
      vertex 31.8336 -3 21.0744
    endloop
  endfacet
  facet normal -0.0432076 0 0.999066
    outer loop
      vertex 31.9469 0 21.0695
      vertex 32.0602 -3 21.0744
      vertex 32.0602 0 21.0744
    endloop
  endfacet
  facet normal -0.0432076 0 0.999066
    outer loop
      vertex 32.0602 -3 21.0744
      vertex 31.9469 0 21.0695
      vertex 31.9469 -3 21.0695
    endloop
  endfacet
  facet normal -0.537503 0 0.843262
    outer loop
      vertex 32.5969 0 21.2436
      vertex 32.6926 -3 21.3046
      vertex 32.6926 0 21.3046
    endloop
  endfacet
  facet normal -0.537503 0 0.843262
    outer loop
      vertex 32.6926 -3 21.3046
      vertex 32.5969 0 21.2436
      vertex 32.5969 -3 21.2436
    endloop
  endfacet
  facet normal 0.843407 0 -0.537275
    outer loop
      vertex 30.882 -3 23.1151
      vertex 30.8211 0 23.0195
      vertex 30.882 0 23.1151
    endloop
  endfacet
  facet normal 0.843407 0 -0.537275
    outer loop
      vertex 30.8211 0 23.0195
      vertex 30.882 -3 23.1151
      vertex 30.8211 -3 23.0195
    endloop
  endfacet
  facet normal -0.675565 0 -0.737301
    outer loop
      vertex 32.7826 -3 23.3653
      vertex 32.8662 0 23.2887
      vertex 32.8662 -3 23.2887
    endloop
  endfacet
  facet normal -0.675565 0 -0.737301
    outer loop
      vertex 32.8662 0 23.2887
      vertex 32.7826 -3 23.3653
      vertex 32.7826 0 23.3653
    endloop
  endfacet
  facet normal 0.976373 0 -0.21609
    outer loop
      vertex 30.6912 -3 22.7059
      vertex 30.6667 0 22.5952
      vertex 30.6912 0 22.7059
    endloop
  endfacet
  facet normal 0.976373 0 -0.21609
    outer loop
      vertex 30.6667 0 22.5952
      vertex 30.6912 -3 22.7059
      vertex 30.6667 -3 22.5952
    endloop
  endfacet
  facet normal -0.21693 0 0.976187
    outer loop
      vertex 32.1727 0 21.0892
      vertex 32.2834 -3 21.1138
      vertex 32.2834 0 21.1138
    endloop
  endfacet
  facet normal -0.21693 0 0.976187
    outer loop
      vertex 32.2834 -3 21.1138
      vertex 32.1727 0 21.0892
      vertex 32.1727 -3 21.0892
    endloop
  endfacet
  facet normal 0.843661 -0 0.536875
    outer loop
      vertex 30.8211 -3 21.7195
      vertex 30.882 0 21.6238
      vertex 30.8211 0 21.7195
    endloop
  endfacet
  facet normal 0.843661 0 0.536875
    outer loop
      vertex 30.882 0 21.6238
      vertex 30.8211 -3 21.7195
      vertex 30.882 -3 21.6238
    endloop
  endfacet
  facet normal 0.608986 0 -0.793181
    outer loop
      vertex 31.1113 -3 23.3653
      vertex 31.2013 0 23.4344
      vertex 31.2013 -3 23.4344
    endloop
  endfacet
  facet normal 0.608986 0 -0.793181
    outer loop
      vertex 31.2013 0 23.4344
      vertex 31.1113 -3 23.3653
      vertex 31.1113 0 23.3653
    endloop
  endfacet
  facet normal 0.886899 0 -0.461963
    outer loop
      vertex 30.8211 -3 23.0195
      vertex 30.7687 0 22.9189
      vertex 30.8211 0 23.0195
    endloop
  endfacet
  facet normal 0.886899 0 -0.461963
    outer loop
      vertex 30.7687 0 22.9189
      vertex 30.8211 -3 23.0195
      vertex 30.7687 -3 22.9189
    endloop
  endfacet
  facet normal -0.991457 0 0.130432
    outer loop
      vertex -30.6667 -3 22.1437
      vertex -30.6519 0 22.2562
      vertex -30.6667 0 22.1437
    endloop
  endfacet
  facet normal -0.991457 0 0.130432
    outer loop
      vertex -30.6519 0 22.2562
      vertex -30.6667 -3 22.1437
      vertex -30.6519 -3 22.2562
    endloop
  endfacet
  facet normal -0.999028 0 0.0440877
    outer loop
      vertex -30.6519 -3 22.2562
      vertex -30.6469 0 22.3695
      vertex -30.6519 0 22.2562
    endloop
  endfacet
  facet normal -0.999028 0 0.0440877
    outer loop
      vertex -30.6469 0 22.3695
      vertex -30.6519 -3 22.2562
      vertex -30.6469 -3 22.3695
    endloop
  endfacet
  facet normal -0.976373 0 0.21609
    outer loop
      vertex -30.6912 -3 22.033
      vertex -30.6667 0 22.1437
      vertex -30.6912 0 22.033
    endloop
  endfacet
  facet normal -0.976373 0 0.21609
    outer loop
      vertex -30.6667 0 22.1437
      vertex -30.6912 -3 22.033
      vertex -30.6667 -3 22.1437
    endloop
  endfacet
  facet normal 0.21693 0 0.976187
    outer loop
      vertex -32.2834 0 21.1138
      vertex -32.1727 -3 21.0892
      vertex -32.1727 0 21.0892
    endloop
  endfacet
  facet normal 0.21693 0 0.976187
    outer loop
      vertex -32.1727 -3 21.0892
      vertex -32.2834 0 21.1138
      vertex -32.2834 -3 21.1138
    endloop
  endfacet
  facet normal 0.88726 0 -0.461269
    outer loop
      vertex -33.0728 -3 23.0195
      vertex -33.1251 0 22.9189
      vertex -33.0728 0 23.0195
    endloop
  endfacet
  facet normal 0.88726 0 -0.461269
    outer loop
      vertex -33.1251 0 22.9189
      vertex -33.0728 -3 23.0195
      vertex -33.1251 -3 22.9189
    endloop
  endfacet
  facet normal 0.608986 0 -0.793181
    outer loop
      vertex -32.7826 -3 23.3653
      vertex -32.6926 0 23.4344
      vertex -32.6926 -3 23.4344
    endloop
  endfacet
  facet normal 0.608986 0 -0.793181
    outer loop
      vertex -32.6926 0 23.4344
      vertex -32.7826 -3 23.3653
      vertex -32.7826 0 23.3653
    endloop
  endfacet
  facet normal -0.461963 0 -0.886899
    outer loop
      vertex -31.3975 -3 23.5477
      vertex -31.2969 0 23.4953
      vertex -31.2969 -3 23.4953
    endloop
  endfacet
  facet normal -0.461963 0 -0.886899
    outer loop
      vertex -31.2969 0 23.4953
      vertex -31.3975 -3 23.5477
      vertex -31.3975 0 23.5477
    endloop
  endfacet
  facet normal 0.0440877 0 -0.999028
    outer loop
      vertex -32.0602 -3 23.6645
      vertex -31.9469 0 23.6695
      vertex -31.9469 -3 23.6695
    endloop
  endfacet
  facet normal 0.0440877 0 -0.999028
    outer loop
      vertex -31.9469 0 23.6695
      vertex -32.0602 -3 23.6645
      vertex -32.0602 0 23.6645
    endloop
  endfacet
  facet normal -0.300583 0 -0.953756
    outer loop
      vertex -31.6105 -3 23.6252
      vertex -31.5023 0 23.5911
      vertex -31.5023 -3 23.5911
    endloop
  endfacet
  facet normal -0.300583 0 -0.953756
    outer loop
      vertex -31.5023 0 23.5911
      vertex -31.6105 -3 23.6252
      vertex -31.6105 0 23.6252
    endloop
  endfacet
  facet normal -0.130546 0 -0.991442
    outer loop
      vertex -31.8336 -3 23.6645
      vertex -31.7212 0 23.6497
      vertex -31.7212 -3 23.6497
    endloop
  endfacet
  facet normal -0.130546 0 -0.991442
    outer loop
      vertex -31.7212 0 23.6497
      vertex -31.8336 -3 23.6645
      vertex -31.8336 0 23.6645
    endloop
  endfacet
  facet normal -0.608986 0 -0.793181
    outer loop
      vertex -31.2013 -3 23.4344
      vertex -31.1113 0 23.3653
      vertex -31.1113 -3 23.3653
    endloop
  endfacet
  facet normal -0.608986 0 -0.793181
    outer loop
      vertex -31.1113 0 23.3653
      vertex -31.2013 -3 23.4344
      vertex -31.2013 0 23.4344
    endloop
  endfacet
  facet normal 0.999066 0 -0.0432076
    outer loop
      vertex -33.242 -3 22.4828
      vertex -33.2469 0 22.3695
      vertex -33.242 0 22.4828
    endloop
  endfacet
  facet normal 0.999066 0 -0.0432076
    outer loop
      vertex -33.2469 0 22.3695
      vertex -33.242 -3 22.4828
      vertex -33.2469 -3 22.3695
    endloop
  endfacet
  facet normal -0.923909 0 0.382611
    outer loop
      vertex -30.7687 -3 21.8201
      vertex -30.7253 0 21.9249
      vertex -30.7687 0 21.8201
    endloop
  endfacet
  facet normal -0.923909 0 0.382611
    outer loop
      vertex -30.7253 0 21.9249
      vertex -30.7687 -3 21.8201
      vertex -30.7253 -3 21.9249
    endloop
  endfacet
  facet normal -0.737703 0 0.675126
    outer loop
      vertex -31.0277 -3 21.4502
      vertex -30.9511 0 21.5339
      vertex -31.0277 0 21.4502
    endloop
  endfacet
  facet normal -0.737703 0 0.675126
    outer loop
      vertex -30.9511 0 21.5339
      vertex -31.0277 -3 21.4502
      vertex -30.9511 -3 21.5339
    endloop
  endfacet
  facet normal 0.21609 0 -0.976373
    outer loop
      vertex -32.2834 -3 23.6252
      vertex -32.1727 0 23.6497
      vertex -32.1727 -3 23.6497
    endloop
  endfacet
  facet normal 0.21609 0 -0.976373
    outer loop
      vertex -32.1727 0 23.6497
      vertex -32.2834 -3 23.6252
      vertex -32.2834 0 23.6252
    endloop
  endfacet
  facet normal -0.608432 0 0.793606
    outer loop
      vertex -31.2013 0 21.3046
      vertex -31.1113 -3 21.3736
      vertex -31.1113 0 21.3736
    endloop
  endfacet
  facet normal -0.608432 0 0.793606
    outer loop
      vertex -31.1113 -3 21.3736
      vertex -31.2013 0 21.3046
      vertex -31.2013 -3 21.3046
    endloop
  endfacet
  facet normal -0.675565 0 -0.737301
    outer loop
      vertex -31.1113 -3 23.3653
      vertex -31.0277 0 23.2887
      vertex -31.0277 -3 23.2887
    endloop
  endfacet
  facet normal -0.675565 0 -0.737301
    outer loop
      vertex -31.0277 0 23.2887
      vertex -31.1113 -3 23.3653
      vertex -31.1113 0 23.3653
    endloop
  endfacet
  facet normal -0.793181 0 -0.608986
    outer loop
      vertex -30.882 -3 23.1151
      vertex -30.9511 0 23.2051
      vertex -30.882 0 23.1151
    endloop
  endfacet
  facet normal -0.793181 -0 -0.608986
    outer loop
      vertex -30.9511 0 23.2051
      vertex -30.882 -3 23.1151
      vertex -30.9511 -3 23.2051
    endloop
  endfacet
  facet normal 0.843262 -0 0.537503
    outer loop
      vertex -33.0728 -3 21.7195
      vertex -33.0118 0 21.6238
      vertex -33.0728 0 21.7195
    endloop
  endfacet
  facet normal 0.843262 0 0.537503
    outer loop
      vertex -33.0118 0 21.6238
      vertex -33.0728 -3 21.7195
      vertex -33.0118 -3 21.6238
    endloop
  endfacet
  facet normal -0.843661 0 0.536875
    outer loop
      vertex -30.882 -3 21.6238
      vertex -30.8211 0 21.7195
      vertex -30.882 0 21.6238
    endloop
  endfacet
  facet normal -0.843661 0 0.536875
    outer loop
      vertex -30.8211 0 21.7195
      vertex -30.882 -3 21.6238
      vertex -30.8211 -3 21.7195
    endloop
  endfacet
  facet normal -0.0440877 0 -0.999028
    outer loop
      vertex -31.9469 -3 23.6695
      vertex -31.8336 0 23.6645
      vertex -31.8336 -3 23.6645
    endloop
  endfacet
  facet normal -0.0440877 0 -0.999028
    outer loop
      vertex -31.8336 0 23.6645
      vertex -31.9469 -3 23.6695
      vertex -31.9469 0 23.6695
    endloop
  endfacet
  facet normal 0.130432 0 0.991457
    outer loop
      vertex -32.1727 0 21.0892
      vertex -32.0602 -3 21.0744
      vertex -32.0602 0 21.0744
    endloop
  endfacet
  facet normal 0.130432 0 0.991457
    outer loop
      vertex -32.0602 -3 21.0744
      vertex -32.1727 0 21.0892
      vertex -32.1727 -3 21.0892
    endloop
  endfacet
  facet normal -0.537902 0 0.843007
    outer loop
      vertex -31.2969 0 21.2436
      vertex -31.2013 -3 21.3046
      vertex -31.2013 0 21.3046
    endloop
  endfacet
  facet normal -0.537902 0 0.843007
    outer loop
      vertex -31.2013 -3 21.3046
      vertex -31.2969 0 21.2436
      vertex -31.2969 -3 21.2436
    endloop
  endfacet
  facet normal -0.461269 0 0.88726
    outer loop
      vertex -31.3975 0 21.1913
      vertex -31.2969 -3 21.2436
      vertex -31.2969 0 21.2436
    endloop
  endfacet
  facet normal -0.461269 0 0.88726
    outer loop
      vertex -31.2969 -3 21.2436
      vertex -31.3975 0 21.1913
      vertex -31.3975 -3 21.1913
    endloop
  endfacet
  facet normal 0.382923 0 0.92378
    outer loop
      vertex -32.4963 0 21.1913
      vertex -32.3916 -3 21.1479
      vertex -32.3916 0 21.1479
    endloop
  endfacet
  facet normal 0.382923 0 0.92378
    outer loop
      vertex -32.3916 -3 21.1479
      vertex -32.4963 0 21.1913
      vertex -32.4963 -3 21.1913
    endloop
  endfacet
  facet normal -0.886899 0 -0.461963
    outer loop
      vertex -30.7687 -3 22.9189
      vertex -30.8211 0 23.0195
      vertex -30.7687 0 22.9189
    endloop
  endfacet
  facet normal -0.886899 -0 -0.461963
    outer loop
      vertex -30.8211 0 23.0195
      vertex -30.7687 -3 22.9189
      vertex -30.8211 -3 23.0195
    endloop
  endfacet
  facet normal 0.461269 0 0.88726
    outer loop
      vertex -32.5969 0 21.2436
      vertex -32.4963 -3 21.1913
      vertex -32.4963 0 21.1913
    endloop
  endfacet
  facet normal 0.461269 0 0.88726
    outer loop
      vertex -32.4963 -3 21.1913
      vertex -32.5969 0 21.2436
      vertex -32.5969 -3 21.2436
    endloop
  endfacet
  facet normal 0.923909 0 -0.382611
    outer loop
      vertex -33.1251 -3 22.9189
      vertex -33.1685 0 22.8141
      vertex -33.1251 0 22.9189
    endloop
  endfacet
  facet normal 0.923909 0 -0.382611
    outer loop
      vertex -33.1685 0 22.8141
      vertex -33.1251 -3 22.9189
      vertex -33.1685 -3 22.8141
    endloop
  endfacet
  facet normal 0.991457 -0 0.130432
    outer loop
      vertex -33.242 -3 22.2562
      vertex -33.2272 0 22.1437
      vertex -33.242 0 22.2562
    endloop
  endfacet
  facet normal 0.991457 0 0.130432
    outer loop
      vertex -33.2272 0 22.1437
      vertex -33.242 -3 22.2562
      vertex -33.2272 -3 22.1437
    endloop
  endfacet
  facet normal -0.923909 0 -0.382611
    outer loop
      vertex -30.7253 -3 22.8141
      vertex -30.7687 0 22.9189
      vertex -30.7253 0 22.8141
    endloop
  endfacet
  facet normal -0.923909 -0 -0.382611
    outer loop
      vertex -30.7687 0 22.9189
      vertex -30.7253 -3 22.8141
      vertex -30.7687 -3 22.9189
    endloop
  endfacet
  facet normal -0.21609 0 -0.976373
    outer loop
      vertex -31.7212 -3 23.6497
      vertex -31.6105 0 23.6252
      vertex -31.6105 -3 23.6252
    endloop
  endfacet
  facet normal -0.21609 0 -0.976373
    outer loop
      vertex -31.6105 0 23.6252
      vertex -31.7212 -3 23.6497
      vertex -31.7212 0 23.6497
    endloop
  endfacet
  facet normal -0.953676 0 0.300836
    outer loop
      vertex -30.7253 -3 21.9249
      vertex -30.6912 0 22.033
      vertex -30.7253 0 21.9249
    endloop
  endfacet
  facet normal -0.953676 0 0.300836
    outer loop
      vertex -30.6912 0 22.033
      vertex -30.7253 -3 21.9249
      vertex -30.6912 -3 22.033
    endloop
  endfacet
  facet normal -0.976373 0 -0.21609
    outer loop
      vertex -30.6667 -3 22.5952
      vertex -30.6912 0 22.7059
      vertex -30.6667 0 22.5952
    endloop
  endfacet
  facet normal -0.976373 -0 -0.21609
    outer loop
      vertex -30.6912 0 22.7059
      vertex -30.6667 -3 22.5952
      vertex -30.6912 -3 22.7059
    endloop
  endfacet
  facet normal 0.88726 -0 0.461269
    outer loop
      vertex -33.1251 -3 21.8201
      vertex -33.0728 0 21.7195
      vertex -33.1251 0 21.8201
    endloop
  endfacet
  facet normal 0.88726 0 0.461269
    outer loop
      vertex -33.0728 0 21.7195
      vertex -33.1251 -3 21.8201
      vertex -33.0728 -3 21.7195
    endloop
  endfacet
  facet normal 0.608432 0 0.793606
    outer loop
      vertex -32.7826 0 21.3736
      vertex -32.6926 -3 21.3046
      vertex -32.6926 0 21.3046
    endloop
  endfacet
  facet normal 0.608432 0 0.793606
    outer loop
      vertex -32.6926 -3 21.3046
      vertex -32.7826 0 21.3736
      vertex -32.7826 -3 21.3736
    endloop
  endfacet
  facet normal 0.537503 0 0.843262
    outer loop
      vertex -32.6926 0 21.3046
      vertex -32.5969 -3 21.2436
      vertex -32.5969 0 21.2436
    endloop
  endfacet
  facet normal 0.537503 0 0.843262
    outer loop
      vertex -32.5969 -3 21.2436
      vertex -32.6926 0 21.3046
      vertex -32.6926 -3 21.3046
    endloop
  endfacet
  facet normal -0.300583 0 0.953756
    outer loop
      vertex -31.6105 0 21.1138
      vertex -31.5023 -3 21.1479
      vertex -31.5023 0 21.1479
    endloop
  endfacet
  facet normal -0.300583 0 0.953756
    outer loop
      vertex -31.5023 -3 21.1479
      vertex -31.6105 0 21.1138
      vertex -31.6105 -3 21.1138
    endloop
  endfacet
  facet normal 0.300583 0 0.953756
    outer loop
      vertex -32.3916 0 21.1479
      vertex -32.2834 -3 21.1138
      vertex -32.2834 0 21.1138
    endloop
  endfacet
  facet normal 0.300583 0 0.953756
    outer loop
      vertex -32.2834 -3 21.1138
      vertex -32.3916 0 21.1479
      vertex -32.3916 -3 21.1479
    endloop
  endfacet
  facet normal 0.300583 0 -0.953756
    outer loop
      vertex -32.3916 -3 23.5911
      vertex -32.2834 0 23.6252
      vertex -32.2834 -3 23.6252
    endloop
  endfacet
  facet normal 0.300583 0 -0.953756
    outer loop
      vertex -32.2834 0 23.6252
      vertex -32.3916 -3 23.5911
      vertex -32.3916 0 23.5911
    endloop
  endfacet
  facet normal -0.843407 0 -0.537275
    outer loop
      vertex -30.8211 -3 23.0195
      vertex -30.882 0 23.1151
      vertex -30.8211 0 23.0195
    endloop
  endfacet
  facet normal -0.843407 -0 -0.537275
    outer loop
      vertex -30.882 0 23.1151
      vertex -30.8211 -3 23.0195
      vertex -30.882 -3 23.1151
    endloop
  endfacet
  facet normal -0.382611 0 0.923909
    outer loop
      vertex -31.5023 0 21.1479
      vertex -31.3975 -3 21.1913
      vertex -31.3975 0 21.1913
    endloop
  endfacet
  facet normal -0.382611 0 0.923909
    outer loop
      vertex -31.3975 -3 21.1913
      vertex -31.5023 0 21.1479
      vertex -31.5023 -3 21.1479
    endloop
  endfacet
  facet normal -0.991442 0 -0.130546
    outer loop
      vertex -30.6519 -3 22.4828
      vertex -30.6667 0 22.5952
      vertex -30.6519 0 22.4828
    endloop
  endfacet
  facet normal -0.991442 -0 -0.130546
    outer loop
      vertex -30.6667 0 22.5952
      vertex -30.6519 -3 22.4828
      vertex -30.6667 -3 22.5952
    endloop
  endfacet
  facet normal -0.999028 0 -0.0440877
    outer loop
      vertex -30.6469 -3 22.3695
      vertex -30.6519 0 22.4828
      vertex -30.6469 0 22.3695
    endloop
  endfacet
  facet normal -0.999028 -0 -0.0440877
    outer loop
      vertex -30.6519 0 22.4828
      vertex -30.6469 -3 22.3695
      vertex -30.6519 -3 22.4828
    endloop
  endfacet
  facet normal -0.886899 0 0.461963
    outer loop
      vertex -30.8211 -3 21.7195
      vertex -30.7687 0 21.8201
      vertex -30.8211 0 21.7195
    endloop
  endfacet
  facet normal -0.886899 0 0.461963
    outer loop
      vertex -30.7687 0 21.8201
      vertex -30.8211 -3 21.7195
      vertex -30.7687 -3 21.8201
    endloop
  endfacet
  facet normal -0.0432076 0 0.999066
    outer loop
      vertex -31.9469 0 21.0695
      vertex -31.8336 -3 21.0744
      vertex -31.8336 0 21.0744
    endloop
  endfacet
  facet normal -0.0432076 0 0.999066
    outer loop
      vertex -31.8336 -3 21.0744
      vertex -31.9469 0 21.0695
      vertex -31.9469 -3 21.0695
    endloop
  endfacet
  facet normal 0.0432076 0 0.999066
    outer loop
      vertex -32.0602 0 21.0744
      vertex -31.9469 -3 21.0695
      vertex -31.9469 0 21.0695
    endloop
  endfacet
  facet normal 0.0432076 0 0.999066
    outer loop
      vertex -31.9469 -3 21.0695
      vertex -32.0602 0 21.0744
      vertex -32.0602 -3 21.0744
    endloop
  endfacet
  facet normal 0.130432 0 -0.991457
    outer loop
      vertex -32.1727 -3 23.6497
      vertex -32.0602 0 23.6645
      vertex -32.0602 -3 23.6645
    endloop
  endfacet
  facet normal 0.130432 0 -0.991457
    outer loop
      vertex -32.0602 0 23.6645
      vertex -32.1727 -3 23.6497
      vertex -32.1727 0 23.6497
    endloop
  endfacet
  facet normal 0.843007 0 -0.537902
    outer loop
      vertex -33.0118 -3 23.1151
      vertex -33.0728 0 23.0195
      vertex -33.0118 0 23.1151
    endloop
  endfacet
  facet normal 0.843007 0 -0.537902
    outer loop
      vertex -33.0728 0 23.0195
      vertex -33.0118 -3 23.1151
      vertex -33.0728 -3 23.0195
    endloop
  endfacet
  facet normal 0.536875 0 -0.843661
    outer loop
      vertex -32.6926 -3 23.4344
      vertex -32.5969 0 23.4953
      vertex -32.5969 -3 23.4953
    endloop
  endfacet
  facet normal 0.536875 0 -0.843661
    outer loop
      vertex -32.5969 0 23.4953
      vertex -32.6926 -3 23.4344
      vertex -32.6926 0 23.4344
    endloop
  endfacet
  facet normal 0.737703 -0 0.675126
    outer loop
      vertex -32.9428 -3 21.5339
      vertex -32.8662 0 21.4502
      vertex -32.9428 0 21.5339
    endloop
  endfacet
  facet normal 0.737703 0 0.675126
    outer loop
      vertex -32.8662 0 21.4502
      vertex -32.9428 -3 21.5339
      vertex -32.8662 -3 21.4502
    endloop
  endfacet
  facet normal 0.976187 -0 0.21693
    outer loop
      vertex -33.2272 -3 22.1437
      vertex -33.2026 0 22.033
      vertex -33.2272 0 22.1437
    endloop
  endfacet
  facet normal 0.976187 0 0.21693
    outer loop
      vertex -33.2026 0 22.033
      vertex -33.2272 -3 22.1437
      vertex -33.2026 -3 22.033
    endloop
  endfacet
  facet normal 0.675565 0 -0.737301
    outer loop
      vertex -32.8662 -3 23.2887
      vertex -32.7826 0 23.3653
      vertex -32.7826 -3 23.3653
    endloop
  endfacet
  facet normal 0.675565 0 -0.737301
    outer loop
      vertex -32.7826 0 23.3653
      vertex -32.8662 -3 23.2887
      vertex -32.8662 0 23.2887
    endloop
  endfacet
  facet normal 0.923909 -0 0.382611
    outer loop
      vertex -33.1685 -3 21.9249
      vertex -33.1251 0 21.8201
      vertex -33.1685 0 21.9249
    endloop
  endfacet
  facet normal 0.923909 0 0.382611
    outer loop
      vertex -33.1251 0 21.8201
      vertex -33.1685 -3 21.9249
      vertex -33.1251 -3 21.8201
    endloop
  endfacet
  facet normal -0.953756 0 -0.300583
    outer loop
      vertex -30.6912 -3 22.7059
      vertex -30.7253 0 22.8141
      vertex -30.6912 0 22.7059
    endloop
  endfacet
  facet normal -0.953756 -0 -0.300583
    outer loop
      vertex -30.7253 0 22.8141
      vertex -30.6912 -3 22.7059
      vertex -30.7253 -3 22.8141
    endloop
  endfacet
  facet normal 0.976187 0 -0.21693
    outer loop
      vertex -33.2026 -3 22.7059
      vertex -33.2272 0 22.5952
      vertex -33.2026 0 22.7059
    endloop
  endfacet
  facet normal 0.976187 0 -0.21693
    outer loop
      vertex -33.2272 0 22.5952
      vertex -33.2026 -3 22.7059
      vertex -33.2272 -3 22.5952
    endloop
  endfacet
  facet normal -0.21693 0 0.976187
    outer loop
      vertex -31.7212 0 21.0892
      vertex -31.6105 -3 21.1138
      vertex -31.6105 0 21.1138
    endloop
  endfacet
  facet normal -0.21693 0 0.976187
    outer loop
      vertex -31.6105 -3 21.1138
      vertex -31.7212 0 21.0892
      vertex -31.7212 -3 21.0892
    endloop
  endfacet
  facet normal 0.737301 0 -0.675565
    outer loop
      vertex -32.8662 -3 23.2887
      vertex -32.9428 0 23.2051
      vertex -32.8662 0 23.2887
    endloop
  endfacet
  facet normal 0.737301 0 -0.675565
    outer loop
      vertex -32.9428 0 23.2051
      vertex -32.8662 -3 23.2887
      vertex -32.9428 -3 23.2051
    endloop
  endfacet
  facet normal -0.382611 0 -0.923909
    outer loop
      vertex -31.5023 -3 23.5911
      vertex -31.3975 0 23.5477
      vertex -31.3975 -3 23.5477
    endloop
  endfacet
  facet normal -0.382611 0 -0.923909
    outer loop
      vertex -31.3975 0 23.5477
      vertex -31.5023 -3 23.5911
      vertex -31.5023 0 23.5911
    endloop
  endfacet
  facet normal 0.991442 0 -0.130546
    outer loop
      vertex -33.2272 -3 22.5952
      vertex -33.242 0 22.4828
      vertex -33.2272 0 22.5952
    endloop
  endfacet
  facet normal 0.991442 0 -0.130546
    outer loop
      vertex -33.242 0 22.4828
      vertex -33.2272 -3 22.5952
      vertex -33.242 -3 22.4828
    endloop
  endfacet
  facet normal -0.130546 0 0.991442
    outer loop
      vertex -31.8336 0 21.0744
      vertex -31.7212 -3 21.0892
      vertex -31.7212 0 21.0892
    endloop
  endfacet
  facet normal -0.130546 0 0.991442
    outer loop
      vertex -31.7212 -3 21.0892
      vertex -31.8336 0 21.0744
      vertex -31.8336 -3 21.0744
    endloop
  endfacet
  facet normal -0.537275 0 -0.843407
    outer loop
      vertex -31.2969 -3 23.4953
      vertex -31.2013 0 23.4344
      vertex -31.2013 -3 23.4344
    endloop
  endfacet
  facet normal -0.537275 0 -0.843407
    outer loop
      vertex -31.2013 0 23.4344
      vertex -31.2969 -3 23.4953
      vertex -31.2969 0 23.4953
    endloop
  endfacet
  facet normal 0.953756 0 -0.300583
    outer loop
      vertex -33.1685 -3 22.8141
      vertex -33.2026 0 22.7059
      vertex -33.1685 0 22.8141
    endloop
  endfacet
  facet normal 0.953756 0 -0.300583
    outer loop
      vertex -33.2026 0 22.7059
      vertex -33.1685 -3 22.8141
      vertex -33.2026 -3 22.7059
    endloop
  endfacet
  facet normal 0.953676 -0 0.300836
    outer loop
      vertex -33.2026 -3 22.033
      vertex -33.1685 0 21.9249
      vertex -33.2026 0 22.033
    endloop
  endfacet
  facet normal 0.953676 0 0.300836
    outer loop
      vertex -33.1685 0 21.9249
      vertex -33.2026 -3 22.033
      vertex -33.1685 -3 21.9249
    endloop
  endfacet
  facet normal -0.792853 0 0.609412
    outer loop
      vertex -30.9511 -3 21.5339
      vertex -30.882 0 21.6238
      vertex -30.9511 0 21.5339
    endloop
  endfacet
  facet normal -0.792853 0 0.609412
    outer loop
      vertex -30.882 0 21.6238
      vertex -30.9511 -3 21.5339
      vertex -30.882 -3 21.6238
    endloop
  endfacet
  facet normal 0.382923 0 -0.92378
    outer loop
      vertex -32.4963 -3 23.5477
      vertex -32.3916 0 23.5911
      vertex -32.3916 -3 23.5911
    endloop
  endfacet
  facet normal 0.382923 0 -0.92378
    outer loop
      vertex -32.3916 0 23.5911
      vertex -32.4963 -3 23.5477
      vertex -32.4963 0 23.5477
    endloop
  endfacet
  facet normal -0.737301 0 -0.675565
    outer loop
      vertex -30.9511 -3 23.2051
      vertex -31.0277 0 23.2887
      vertex -30.9511 0 23.2051
    endloop
  endfacet
  facet normal -0.737301 -0 -0.675565
    outer loop
      vertex -31.0277 0 23.2887
      vertex -30.9511 -3 23.2051
      vertex -31.0277 -3 23.2887
    endloop
  endfacet
  facet normal 0.461963 0 -0.886899
    outer loop
      vertex -32.5969 -3 23.4953
      vertex -32.4963 0 23.5477
      vertex -32.4963 -3 23.5477
    endloop
  endfacet
  facet normal 0.461963 0 -0.886899
    outer loop
      vertex -32.4963 0 23.5477
      vertex -32.5969 -3 23.4953
      vertex -32.5969 0 23.4953
    endloop
  endfacet
  facet normal 0.793606 0 -0.608432
    outer loop
      vertex -32.9428 -3 23.2051
      vertex -33.0118 0 23.1151
      vertex -32.9428 0 23.2051
    endloop
  endfacet
  facet normal 0.793606 0 -0.608432
    outer loop
      vertex -33.0118 0 23.1151
      vertex -32.9428 -3 23.2051
      vertex -33.0118 -3 23.1151
    endloop
  endfacet
  facet normal 0.999066 -0 0.0432076
    outer loop
      vertex -33.2469 -3 22.3695
      vertex -33.242 0 22.2562
      vertex -33.2469 0 22.3695
    endloop
  endfacet
  facet normal 0.999066 0 0.0432076
    outer loop
      vertex -33.242 0 22.2562
      vertex -33.2469 -3 22.3695
      vertex -33.242 -3 22.2562
    endloop
  endfacet
  facet normal -0.675565 0 0.737301
    outer loop
      vertex -31.1113 0 21.3736
      vertex -31.0277 -3 21.4502
      vertex -31.0277 0 21.4502
    endloop
  endfacet
  facet normal -0.675565 0 0.737301
    outer loop
      vertex -31.0277 -3 21.4502
      vertex -31.1113 0 21.3736
      vertex -31.1113 -3 21.3736
    endloop
  endfacet
  facet normal 0.675565 0 0.737301
    outer loop
      vertex -32.8662 0 21.4502
      vertex -32.7826 -3 21.3736
      vertex -32.7826 0 21.3736
    endloop
  endfacet
  facet normal 0.675565 0 0.737301
    outer loop
      vertex -32.7826 -3 21.3736
      vertex -32.8662 0 21.4502
      vertex -32.8662 -3 21.4502
    endloop
  endfacet
  facet normal 0.79328 -0 0.608858
    outer loop
      vertex -33.0118 -3 21.6238
      vertex -32.9428 0 21.5339
      vertex -33.0118 0 21.6238
    endloop
  endfacet
  facet normal 0.79328 0 0.608858
    outer loop
      vertex -32.9428 0 21.5339
      vertex -33.0118 -3 21.6238
      vertex -32.9428 -3 21.5339
    endloop
  endfacet
  facet normal -0.991457 0 -0.130432
    outer loop
      vertex -30.6519 -3 -22.2562
      vertex -30.6667 0 -22.1437
      vertex -30.6519 0 -22.2562
    endloop
  endfacet
  facet normal -0.991457 -0 -0.130432
    outer loop
      vertex -30.6667 0 -22.1437
      vertex -30.6519 -3 -22.2562
      vertex -30.6667 -3 -22.1437
    endloop
  endfacet
  facet normal -0.991442 0 0.130546
    outer loop
      vertex -30.6667 -3 -22.5952
      vertex -30.6519 0 -22.4828
      vertex -30.6667 0 -22.5952
    endloop
  endfacet
  facet normal -0.991442 0 0.130546
    outer loop
      vertex -30.6519 0 -22.4828
      vertex -30.6667 -3 -22.5952
      vertex -30.6519 -3 -22.4828
    endloop
  endfacet
  facet normal -0.999028 0 0.0440877
    outer loop
      vertex -30.6519 -3 -22.4828
      vertex -30.6469 0 -22.3695
      vertex -30.6519 0 -22.4828
    endloop
  endfacet
  facet normal -0.999028 0 0.0440877
    outer loop
      vertex -30.6469 0 -22.3695
      vertex -30.6519 -3 -22.4828
      vertex -30.6469 -3 -22.3695
    endloop
  endfacet
  facet normal -0.976373 0 0.21609
    outer loop
      vertex -30.6912 -3 -22.7059
      vertex -30.6667 0 -22.5952
      vertex -30.6912 0 -22.7059
    endloop
  endfacet
  facet normal -0.976373 0 0.21609
    outer loop
      vertex -30.6667 0 -22.5952
      vertex -30.6912 -3 -22.7059
      vertex -30.6667 -3 -22.5952
    endloop
  endfacet
  facet normal 0.21609 0 0.976373
    outer loop
      vertex -32.2834 0 -23.6252
      vertex -32.1727 -3 -23.6497
      vertex -32.1727 0 -23.6497
    endloop
  endfacet
  facet normal 0.21609 0 0.976373
    outer loop
      vertex -32.1727 -3 -23.6497
      vertex -32.2834 0 -23.6252
      vertex -32.2834 -3 -23.6252
    endloop
  endfacet
  facet normal 0.88726 0 -0.461269
    outer loop
      vertex -33.0728 -3 -21.7195
      vertex -33.1251 0 -21.8201
      vertex -33.0728 0 -21.7195
    endloop
  endfacet
  facet normal 0.88726 0 -0.461269
    outer loop
      vertex -33.1251 0 -21.8201
      vertex -33.0728 -3 -21.7195
      vertex -33.1251 -3 -21.8201
    endloop
  endfacet
  facet normal 0.608432 0 -0.793606
    outer loop
      vertex -32.7826 -3 -21.3736
      vertex -32.6926 0 -21.3046
      vertex -32.6926 -3 -21.3046
    endloop
  endfacet
  facet normal 0.608432 0 -0.793606
    outer loop
      vertex -32.6926 0 -21.3046
      vertex -32.7826 -3 -21.3736
      vertex -32.7826 0 -21.3736
    endloop
  endfacet
  facet normal -0.461269 0 -0.88726
    outer loop
      vertex -31.3975 -3 -21.1913
      vertex -31.2969 0 -21.2436
      vertex -31.2969 -3 -21.2436
    endloop
  endfacet
  facet normal -0.461269 0 -0.88726
    outer loop
      vertex -31.2969 0 -21.2436
      vertex -31.3975 -3 -21.1913
      vertex -31.3975 0 -21.1913
    endloop
  endfacet
  facet normal 0.382923 0 -0.92378
    outer loop
      vertex -32.4963 -3 -21.1913
      vertex -32.3916 0 -21.1479
      vertex -32.3916 -3 -21.1479
    endloop
  endfacet
  facet normal 0.382923 0 -0.92378
    outer loop
      vertex -32.3916 0 -21.1479
      vertex -32.4963 -3 -21.1913
      vertex -32.4963 0 -21.1913
    endloop
  endfacet
  facet normal 0.536875 0 0.843661
    outer loop
      vertex -32.6926 0 -23.4344
      vertex -32.5969 -3 -23.4953
      vertex -32.5969 0 -23.4953
    endloop
  endfacet
  facet normal 0.536875 0 0.843661
    outer loop
      vertex -32.5969 -3 -23.4953
      vertex -32.6926 0 -23.4344
      vertex -32.6926 -3 -23.4344
    endloop
  endfacet
  facet normal -0.300583 0 -0.953756
    outer loop
      vertex -31.6105 -3 -21.1138
      vertex -31.5023 0 -21.1479
      vertex -31.5023 -3 -21.1479
    endloop
  endfacet
  facet normal -0.300583 0 -0.953756
    outer loop
      vertex -31.5023 0 -21.1479
      vertex -31.6105 -3 -21.1138
      vertex -31.6105 0 -21.1138
    endloop
  endfacet
  facet normal 0.461963 0 0.886899
    outer loop
      vertex -32.5969 0 -23.4953
      vertex -32.4963 -3 -23.5477
      vertex -32.4963 0 -23.5477
    endloop
  endfacet
  facet normal 0.461963 0 0.886899
    outer loop
      vertex -32.4963 -3 -23.5477
      vertex -32.5969 0 -23.4953
      vertex -32.5969 -3 -23.4953
    endloop
  endfacet
  facet normal 0.923909 0 -0.382611
    outer loop
      vertex -33.1251 -3 -21.8201
      vertex -33.1685 0 -21.9249
      vertex -33.1251 0 -21.8201
    endloop
  endfacet
  facet normal 0.923909 0 -0.382611
    outer loop
      vertex -33.1685 0 -21.9249
      vertex -33.1251 -3 -21.8201
      vertex -33.1685 -3 -21.9249
    endloop
  endfacet
  facet normal -0.130546 0 -0.991442
    outer loop
      vertex -31.8336 -3 -21.0744
      vertex -31.7212 0 -21.0892
      vertex -31.7212 -3 -21.0892
    endloop
  endfacet
  facet normal -0.130546 0 -0.991442
    outer loop
      vertex -31.7212 0 -21.0892
      vertex -31.8336 -3 -21.0744
      vertex -31.8336 0 -21.0744
    endloop
  endfacet
  facet normal 0.991442 -0 0.130546
    outer loop
      vertex -33.242 -3 -22.4828
      vertex -33.2272 0 -22.5952
      vertex -33.242 0 -22.4828
    endloop
  endfacet
  facet normal 0.991442 0 0.130546
    outer loop
      vertex -33.2272 0 -22.5952
      vertex -33.242 -3 -22.4828
      vertex -33.2272 -3 -22.5952
    endloop
  endfacet
  facet normal -0.923909 0 0.382611
    outer loop
      vertex -30.7687 -3 -22.9189
      vertex -30.7253 0 -22.8141
      vertex -30.7687 0 -22.9189
    endloop
  endfacet
  facet normal -0.923909 0 0.382611
    outer loop
      vertex -30.7253 0 -22.8141
      vertex -30.7687 -3 -22.9189
      vertex -30.7253 -3 -22.8141
    endloop
  endfacet
  facet normal -0.675565 0 -0.737301
    outer loop
      vertex -31.1113 -3 -21.3736
      vertex -31.0277 0 -21.4502
      vertex -31.0277 -3 -21.4502
    endloop
  endfacet
  facet normal -0.675565 0 -0.737301
    outer loop
      vertex -31.0277 0 -21.4502
      vertex -31.1113 -3 -21.3736
      vertex -31.1113 0 -21.3736
    endloop
  endfacet
  facet normal 0.843262 0 -0.537503
    outer loop
      vertex -33.0118 -3 -21.6238
      vertex -33.0728 0 -21.7195
      vertex -33.0118 0 -21.6238
    endloop
  endfacet
  facet normal 0.843262 0 -0.537503
    outer loop
      vertex -33.0728 0 -21.7195
      vertex -33.0118 -3 -21.6238
      vertex -33.0728 -3 -21.7195
    endloop
  endfacet
  facet normal 0.923909 -0 0.382611
    outer loop
      vertex -33.1685 -3 -22.8141
      vertex -33.1251 0 -22.9189
      vertex -33.1685 0 -22.8141
    endloop
  endfacet
  facet normal 0.923909 0 0.382611
    outer loop
      vertex -33.1251 0 -22.9189
      vertex -33.1685 -3 -22.8141
      vertex -33.1251 -3 -22.9189
    endloop
  endfacet
  facet normal -0.0440877 0 0.999028
    outer loop
      vertex -31.9469 0 -23.6695
      vertex -31.8336 -3 -23.6645
      vertex -31.8336 0 -23.6645
    endloop
  endfacet
  facet normal -0.0440877 0 0.999028
    outer loop
      vertex -31.8336 -3 -23.6645
      vertex -31.9469 0 -23.6695
      vertex -31.9469 -3 -23.6695
    endloop
  endfacet
  facet normal -0.608986 0 0.793181
    outer loop
      vertex -31.2013 0 -23.4344
      vertex -31.1113 -3 -23.3653
      vertex -31.1113 0 -23.3653
    endloop
  endfacet
  facet normal -0.608986 0 0.793181
    outer loop
      vertex -31.1113 -3 -23.3653
      vertex -31.2013 0 -23.4344
      vertex -31.2013 -3 -23.4344
    endloop
  endfacet
  facet normal -0.792853 0 -0.609412
    outer loop
      vertex -30.882 -3 -21.6238
      vertex -30.9511 0 -21.5339
      vertex -30.882 0 -21.6238
    endloop
  endfacet
  facet normal -0.792853 -0 -0.609412
    outer loop
      vertex -30.9511 0 -21.5339
      vertex -30.882 -3 -21.6238
      vertex -30.9511 -3 -21.5339
    endloop
  endfacet
  facet normal 0.843007 -0 0.537902
    outer loop
      vertex -33.0728 -3 -23.0195
      vertex -33.0118 0 -23.1151
      vertex -33.0728 0 -23.0195
    endloop
  endfacet
  facet normal 0.843007 0 0.537902
    outer loop
      vertex -33.0118 0 -23.1151
      vertex -33.0728 -3 -23.0195
      vertex -33.0118 -3 -23.1151
    endloop
  endfacet
  facet normal 0.130432 0 0.991457
    outer loop
      vertex -32.1727 0 -23.6497
      vertex -32.0602 -3 -23.6645
      vertex -32.0602 0 -23.6645
    endloop
  endfacet
  facet normal 0.130432 0 0.991457
    outer loop
      vertex -32.0602 -3 -23.6645
      vertex -32.1727 0 -23.6497
      vertex -32.1727 -3 -23.6497
    endloop
  endfacet
  facet normal -0.461963 0 0.886899
    outer loop
      vertex -31.3975 0 -23.5477
      vertex -31.2969 -3 -23.4953
      vertex -31.2969 0 -23.4953
    endloop
  endfacet
  facet normal -0.461963 0 0.886899
    outer loop
      vertex -31.2969 -3 -23.4953
      vertex -31.3975 0 -23.5477
      vertex -31.3975 -3 -23.5477
    endloop
  endfacet
  facet normal -0.737703 0 -0.675126
    outer loop
      vertex -30.9511 -3 -21.5339
      vertex -31.0277 0 -21.4502
      vertex -30.9511 0 -21.5339
    endloop
  endfacet
  facet normal -0.737703 -0 -0.675126
    outer loop
      vertex -31.0277 0 -21.4502
      vertex -30.9511 -3 -21.5339
      vertex -31.0277 -3 -21.4502
    endloop
  endfacet
  facet normal 0.382923 0 0.92378
    outer loop
      vertex -32.4963 0 -23.5477
      vertex -32.3916 -3 -23.5911
      vertex -32.3916 0 -23.5911
    endloop
  endfacet
  facet normal 0.382923 0 0.92378
    outer loop
      vertex -32.3916 -3 -23.5911
      vertex -32.4963 0 -23.5477
      vertex -32.4963 -3 -23.5477
    endloop
  endfacet
  facet normal -0.886899 0 -0.461963
    outer loop
      vertex -30.7687 -3 -21.8201
      vertex -30.8211 0 -21.7195
      vertex -30.7687 0 -21.8201
    endloop
  endfacet
  facet normal -0.886899 -0 -0.461963
    outer loop
      vertex -30.8211 0 -21.7195
      vertex -30.7687 -3 -21.8201
      vertex -30.8211 -3 -21.7195
    endloop
  endfacet
  facet normal 0.953676 0 -0.300836
    outer loop
      vertex -33.1685 -3 -21.9249
      vertex -33.2026 0 -22.033
      vertex -33.1685 0 -21.9249
    endloop
  endfacet
  facet normal 0.953676 0 -0.300836
    outer loop
      vertex -33.2026 0 -22.033
      vertex -33.1685 -3 -21.9249
      vertex -33.2026 -3 -22.033
    endloop
  endfacet
  facet normal 0.21693 0 -0.976187
    outer loop
      vertex -32.2834 -3 -21.1138
      vertex -32.1727 0 -21.0892
      vertex -32.1727 -3 -21.0892
    endloop
  endfacet
  facet normal 0.21693 0 -0.976187
    outer loop
      vertex -32.1727 0 -21.0892
      vertex -32.2834 -3 -21.1138
      vertex -32.2834 0 -21.1138
    endloop
  endfacet
  facet normal -0.923909 0 -0.382611
    outer loop
      vertex -30.7253 -3 -21.9249
      vertex -30.7687 0 -21.8201
      vertex -30.7253 0 -21.9249
    endloop
  endfacet
  facet normal -0.923909 -0 -0.382611
    outer loop
      vertex -30.7687 0 -21.8201
      vertex -30.7253 -3 -21.9249
      vertex -30.7687 -3 -21.8201
    endloop
  endfacet
  facet normal -0.21693 0 -0.976187
    outer loop
      vertex -31.7212 -3 -21.0892
      vertex -31.6105 0 -21.1138
      vertex -31.6105 -3 -21.1138
    endloop
  endfacet
  facet normal -0.21693 0 -0.976187
    outer loop
      vertex -31.6105 0 -21.1138
      vertex -31.7212 -3 -21.0892
      vertex -31.7212 0 -21.0892
    endloop
  endfacet
  facet normal -0.976373 0 -0.21609
    outer loop
      vertex -30.6667 -3 -22.1437
      vertex -30.6912 0 -22.033
      vertex -30.6667 0 -22.1437
    endloop
  endfacet
  facet normal -0.976373 -0 -0.21609
    outer loop
      vertex -30.6912 0 -22.033
      vertex -30.6667 -3 -22.1437
      vertex -30.6912 -3 -22.033
    endloop
  endfacet
  facet normal -0.953756 0 0.300583
    outer loop
      vertex -30.7253 -3 -22.8141
      vertex -30.6912 0 -22.7059
      vertex -30.7253 0 -22.8141
    endloop
  endfacet
  facet normal -0.953756 0 0.300583
    outer loop
      vertex -30.6912 0 -22.7059
      vertex -30.7253 -3 -22.8141
      vertex -30.6912 -3 -22.7059
    endloop
  endfacet
  facet normal 0.88726 -0 0.461269
    outer loop
      vertex -33.1251 -3 -22.9189
      vertex -33.0728 0 -23.0195
      vertex -33.1251 0 -22.9189
    endloop
  endfacet
  facet normal 0.88726 0 0.461269
    outer loop
      vertex -33.0728 0 -23.0195
      vertex -33.1251 -3 -22.9189
      vertex -33.0728 -3 -23.0195
    endloop
  endfacet
  facet normal 0.675565 0 -0.737301
    outer loop
      vertex -32.8662 -3 -21.4502
      vertex -32.7826 0 -21.3736
      vertex -32.7826 -3 -21.3736
    endloop
  endfacet
  facet normal 0.675565 0 -0.737301
    outer loop
      vertex -32.7826 0 -21.3736
      vertex -32.8662 -3 -21.4502
      vertex -32.8662 0 -21.4502
    endloop
  endfacet
  facet normal -0.953676 0 -0.300836
    outer loop
      vertex -30.6912 -3 -22.033
      vertex -30.7253 0 -21.9249
      vertex -30.6912 0 -22.033
    endloop
  endfacet
  facet normal -0.953676 -0 -0.300836
    outer loop
      vertex -30.7253 0 -21.9249
      vertex -30.6912 -3 -22.033
      vertex -30.7253 -3 -21.9249
    endloop
  endfacet
  facet normal -0.300583 0 0.953756
    outer loop
      vertex -31.6105 0 -23.6252
      vertex -31.5023 -3 -23.5911
      vertex -31.5023 0 -23.5911
    endloop
  endfacet
  facet normal -0.300583 0 0.953756
    outer loop
      vertex -31.5023 -3 -23.5911
      vertex -31.6105 0 -23.6252
      vertex -31.6105 -3 -23.6252
    endloop
  endfacet
  facet normal 0.300583 0 0.953756
    outer loop
      vertex -32.3916 0 -23.5911
      vertex -32.2834 -3 -23.6252
      vertex -32.2834 0 -23.6252
    endloop
  endfacet
  facet normal 0.300583 0 0.953756
    outer loop
      vertex -32.2834 -3 -23.6252
      vertex -32.3916 0 -23.5911
      vertex -32.3916 -3 -23.5911
    endloop
  endfacet
  facet normal 0.953756 -0 0.300583
    outer loop
      vertex -33.2026 -3 -22.7059
      vertex -33.1685 0 -22.8141
      vertex -33.2026 0 -22.7059
    endloop
  endfacet
  facet normal 0.953756 0 0.300583
    outer loop
      vertex -33.1685 0 -22.8141
      vertex -33.2026 -3 -22.7059
      vertex -33.1685 -3 -22.8141
    endloop
  endfacet
  facet normal -0.843661 0 -0.536875
    outer loop
      vertex -30.8211 -3 -21.7195
      vertex -30.882 0 -21.6238
      vertex -30.8211 0 -21.7195
    endloop
  endfacet
  facet normal -0.843661 -0 -0.536875
    outer loop
      vertex -30.882 0 -21.6238
      vertex -30.8211 -3 -21.7195
      vertex -30.882 -3 -21.6238
    endloop
  endfacet
  facet normal -0.382611 0 0.923909
    outer loop
      vertex -31.5023 0 -23.5911
      vertex -31.3975 -3 -23.5477
      vertex -31.3975 0 -23.5477
    endloop
  endfacet
  facet normal -0.382611 0 0.923909
    outer loop
      vertex -31.3975 -3 -23.5477
      vertex -31.5023 0 -23.5911
      vertex -31.5023 -3 -23.5911
    endloop
  endfacet
  facet normal -0.608432 0 -0.793606
    outer loop
      vertex -31.2013 -3 -21.3046
      vertex -31.1113 0 -21.3736
      vertex -31.1113 -3 -21.3736
    endloop
  endfacet
  facet normal -0.608432 0 -0.793606
    outer loop
      vertex -31.1113 0 -21.3736
      vertex -31.2013 -3 -21.3046
      vertex -31.2013 0 -21.3046
    endloop
  endfacet
  facet normal -0.886899 0 0.461963
    outer loop
      vertex -30.8211 -3 -23.0195
      vertex -30.7687 0 -22.9189
      vertex -30.8211 0 -23.0195
    endloop
  endfacet
  facet normal -0.886899 0 0.461963
    outer loop
      vertex -30.7687 0 -22.9189
      vertex -30.8211 -3 -23.0195
      vertex -30.7687 -3 -22.9189
    endloop
  endfacet
  facet normal -0.537275 0 0.843407
    outer loop
      vertex -31.2969 0 -23.4953
      vertex -31.2013 -3 -23.4344
      vertex -31.2013 0 -23.4344
    endloop
  endfacet
  facet normal -0.537275 0 0.843407
    outer loop
      vertex -31.2013 -3 -23.4344
      vertex -31.2969 0 -23.4953
      vertex -31.2969 -3 -23.4953
    endloop
  endfacet
  facet normal 0.976187 -0 0.21693
    outer loop
      vertex -33.2272 -3 -22.5952
      vertex -33.2026 0 -22.7059
      vertex -33.2272 0 -22.5952
    endloop
  endfacet
  facet normal 0.976187 0 0.21693
    outer loop
      vertex -33.2026 0 -22.7059
      vertex -33.2272 -3 -22.5952
      vertex -33.2026 -3 -22.7059
    endloop
  endfacet
  facet normal -0.999028 0 -0.0440877
    outer loop
      vertex -30.6469 -3 -22.3695
      vertex -30.6519 0 -22.2562
      vertex -30.6469 0 -22.3695
    endloop
  endfacet
  facet normal -0.999028 -0 -0.0440877
    outer loop
      vertex -30.6519 0 -22.2562
      vertex -30.6469 -3 -22.3695
      vertex -30.6519 -3 -22.2562
    endloop
  endfacet
  facet normal 0.999066 -0 0.0432076
    outer loop
      vertex -33.2469 -3 -22.3695
      vertex -33.242 0 -22.4828
      vertex -33.2469 0 -22.3695
    endloop
  endfacet
  facet normal 0.999066 0 0.0432076
    outer loop
      vertex -33.242 0 -22.4828
      vertex -33.2469 -3 -22.3695
      vertex -33.242 -3 -22.4828
    endloop
  endfacet
  facet normal 0.537503 0 -0.843262
    outer loop
      vertex -32.6926 -3 -21.3046
      vertex -32.5969 0 -21.2436
      vertex -32.5969 -3 -21.2436
    endloop
  endfacet
  facet normal 0.537503 0 -0.843262
    outer loop
      vertex -32.5969 0 -21.2436
      vertex -32.6926 -3 -21.3046
      vertex -32.6926 0 -21.3046
    endloop
  endfacet
  facet normal 0.0432076 0 -0.999066
    outer loop
      vertex -32.0602 -3 -21.0744
      vertex -31.9469 0 -21.0695
      vertex -31.9469 -3 -21.0695
    endloop
  endfacet
  facet normal 0.0432076 0 -0.999066
    outer loop
      vertex -31.9469 0 -21.0695
      vertex -32.0602 -3 -21.0744
      vertex -32.0602 0 -21.0744
    endloop
  endfacet
  facet normal 0.737301 -0 0.675565
    outer loop
      vertex -32.9428 -3 -23.2051
      vertex -32.8662 0 -23.2887
      vertex -32.9428 0 -23.2051
    endloop
  endfacet
  facet normal 0.737301 0 0.675565
    outer loop
      vertex -32.8662 0 -23.2887
      vertex -32.9428 -3 -23.2051
      vertex -32.8662 -3 -23.2887
    endloop
  endfacet
  facet normal -0.130546 0 0.991442
    outer loop
      vertex -31.8336 0 -23.6645
      vertex -31.7212 -3 -23.6497
      vertex -31.7212 0 -23.6497
    endloop
  endfacet
  facet normal -0.130546 0 0.991442
    outer loop
      vertex -31.7212 -3 -23.6497
      vertex -31.8336 0 -23.6645
      vertex -31.8336 -3 -23.6645
    endloop
  endfacet
  facet normal 0.608986 0 0.793181
    outer loop
      vertex -32.7826 0 -23.3653
      vertex -32.6926 -3 -23.4344
      vertex -32.6926 0 -23.4344
    endloop
  endfacet
  facet normal 0.608986 0 0.793181
    outer loop
      vertex -32.6926 -3 -23.4344
      vertex -32.7826 0 -23.3653
      vertex -32.7826 -3 -23.3653
    endloop
  endfacet
  facet normal -0.0432076 0 -0.999066
    outer loop
      vertex -31.9469 -3 -21.0695
      vertex -31.8336 0 -21.0744
      vertex -31.8336 -3 -21.0744
    endloop
  endfacet
  facet normal -0.0432076 0 -0.999066
    outer loop
      vertex -31.8336 0 -21.0744
      vertex -31.9469 -3 -21.0695
      vertex -31.9469 0 -21.0695
    endloop
  endfacet
  facet normal 0.999066 0 -0.0432076
    outer loop
      vertex -33.242 -3 -22.2562
      vertex -33.2469 0 -22.3695
      vertex -33.242 0 -22.2562
    endloop
  endfacet
  facet normal 0.999066 0 -0.0432076
    outer loop
      vertex -33.2469 0 -22.3695
      vertex -33.242 -3 -22.2562
      vertex -33.2469 -3 -22.3695
    endloop
  endfacet
  facet normal 0.976187 0 -0.21693
    outer loop
      vertex -33.2026 -3 -22.033
      vertex -33.2272 0 -22.1437
      vertex -33.2026 0 -22.033
    endloop
  endfacet
  facet normal 0.976187 0 -0.21693
    outer loop
      vertex -33.2272 0 -22.1437
      vertex -33.2026 -3 -22.033
      vertex -33.2272 -3 -22.1437
    endloop
  endfacet
  facet normal 0.675565 0 0.737301
    outer loop
      vertex -32.8662 0 -23.2887
      vertex -32.7826 -3 -23.3653
      vertex -32.7826 0 -23.3653
    endloop
  endfacet
  facet normal 0.675565 0 0.737301
    outer loop
      vertex -32.7826 -3 -23.3653
      vertex -32.8662 0 -23.2887
      vertex -32.8662 -3 -23.2887
    endloop
  endfacet
  facet normal -0.21609 0 0.976373
    outer loop
      vertex -31.7212 0 -23.6497
      vertex -31.6105 -3 -23.6252
      vertex -31.6105 0 -23.6252
    endloop
  endfacet
  facet normal -0.21609 0 0.976373
    outer loop
      vertex -31.6105 -3 -23.6252
      vertex -31.7212 0 -23.6497
      vertex -31.7212 -3 -23.6497
    endloop
  endfacet
  facet normal 0.737703 0 -0.675126
    outer loop
      vertex -32.8662 -3 -21.4502
      vertex -32.9428 0 -21.5339
      vertex -32.8662 0 -21.4502
    endloop
  endfacet
  facet normal 0.737703 0 -0.675126
    outer loop
      vertex -32.9428 0 -21.5339
      vertex -32.8662 -3 -21.4502
      vertex -32.9428 -3 -21.5339
    endloop
  endfacet
  facet normal -0.382611 0 -0.923909
    outer loop
      vertex -31.5023 -3 -21.1479
      vertex -31.3975 0 -21.1913
      vertex -31.3975 -3 -21.1913
    endloop
  endfacet
  facet normal -0.382611 0 -0.923909
    outer loop
      vertex -31.3975 0 -21.1913
      vertex -31.5023 -3 -21.1479
      vertex -31.5023 0 -21.1479
    endloop
  endfacet
  facet normal 0.0440877 0 0.999028
    outer loop
      vertex -32.0602 0 -23.6645
      vertex -31.9469 -3 -23.6695
      vertex -31.9469 0 -23.6695
    endloop
  endfacet
  facet normal 0.0440877 0 0.999028
    outer loop
      vertex -31.9469 -3 -23.6695
      vertex -32.0602 0 -23.6645
      vertex -32.0602 -3 -23.6645
    endloop
  endfacet
  facet normal 0.991457 0 -0.130432
    outer loop
      vertex -33.2272 -3 -22.1437
      vertex -33.242 0 -22.2562
      vertex -33.2272 0 -22.1437
    endloop
  endfacet
  facet normal 0.991457 0 -0.130432
    outer loop
      vertex -33.242 0 -22.2562
      vertex -33.2272 -3 -22.1437
      vertex -33.242 -3 -22.2562
    endloop
  endfacet
  facet normal -0.737301 0 0.675565
    outer loop
      vertex -31.0277 -3 -23.2887
      vertex -30.9511 0 -23.2051
      vertex -31.0277 0 -23.2887
    endloop
  endfacet
  facet normal -0.737301 0 0.675565
    outer loop
      vertex -30.9511 0 -23.2051
      vertex -31.0277 -3 -23.2887
      vertex -30.9511 -3 -23.2051
    endloop
  endfacet
  facet normal -0.793181 0 0.608986
    outer loop
      vertex -30.9511 -3 -23.2051
      vertex -30.882 0 -23.1151
      vertex -30.9511 0 -23.2051
    endloop
  endfacet
  facet normal -0.793181 0 0.608986
    outer loop
      vertex -30.882 0 -23.1151
      vertex -30.9511 -3 -23.2051
      vertex -30.882 -3 -23.1151
    endloop
  endfacet
  facet normal -0.537902 0 -0.843007
    outer loop
      vertex -31.2969 -3 -21.2436
      vertex -31.2013 0 -21.3046
      vertex -31.2013 -3 -21.3046
    endloop
  endfacet
  facet normal -0.537902 0 -0.843007
    outer loop
      vertex -31.2013 0 -21.3046
      vertex -31.2969 -3 -21.2436
      vertex -31.2969 0 -21.2436
    endloop
  endfacet
  facet normal 0.300583 0 -0.953756
    outer loop
      vertex -32.3916 -3 -21.1479
      vertex -32.2834 0 -21.1138
      vertex -32.2834 -3 -21.1138
    endloop
  endfacet
  facet normal 0.300583 0 -0.953756
    outer loop
      vertex -32.2834 0 -21.1138
      vertex -32.3916 -3 -21.1479
      vertex -32.3916 0 -21.1479
    endloop
  endfacet
  facet normal -0.843407 0 0.537275
    outer loop
      vertex -30.882 -3 -23.1151
      vertex -30.8211 0 -23.0195
      vertex -30.882 0 -23.1151
    endloop
  endfacet
  facet normal -0.843407 0 0.537275
    outer loop
      vertex -30.8211 0 -23.0195
      vertex -30.882 -3 -23.1151
      vertex -30.8211 -3 -23.0195
    endloop
  endfacet
  facet normal 0.79328 0 -0.608858
    outer loop
      vertex -32.9428 -3 -21.5339
      vertex -33.0118 0 -21.6238
      vertex -32.9428 0 -21.5339
    endloop
  endfacet
  facet normal 0.79328 0 -0.608858
    outer loop
      vertex -33.0118 0 -21.6238
      vertex -32.9428 -3 -21.5339
      vertex -33.0118 -3 -21.6238
    endloop
  endfacet
  facet normal -0.675565 0 0.737301
    outer loop
      vertex -31.1113 0 -23.3653
      vertex -31.0277 -3 -23.2887
      vertex -31.0277 0 -23.2887
    endloop
  endfacet
  facet normal -0.675565 0 0.737301
    outer loop
      vertex -31.0277 -3 -23.2887
      vertex -31.1113 0 -23.3653
      vertex -31.1113 -3 -23.3653
    endloop
  endfacet
  facet normal 0.461269 0 -0.88726
    outer loop
      vertex -32.5969 -3 -21.2436
      vertex -32.4963 0 -21.1913
      vertex -32.4963 -3 -21.1913
    endloop
  endfacet
  facet normal 0.461269 0 -0.88726
    outer loop
      vertex -32.4963 0 -21.1913
      vertex -32.5969 -3 -21.2436
      vertex -32.5969 0 -21.2436
    endloop
  endfacet
  facet normal 0.130432 0 -0.991457
    outer loop
      vertex -32.1727 -3 -21.0892
      vertex -32.0602 0 -21.0744
      vertex -32.0602 -3 -21.0744
    endloop
  endfacet
  facet normal 0.130432 0 -0.991457
    outer loop
      vertex -32.0602 0 -21.0744
      vertex -32.1727 -3 -21.0892
      vertex -32.1727 0 -21.0892
    endloop
  endfacet
  facet normal 0.793606 -0 0.608432
    outer loop
      vertex -33.0118 -3 -23.1151
      vertex -32.9428 0 -23.2051
      vertex -33.0118 0 -23.1151
    endloop
  endfacet
  facet normal 0.793606 0 0.608432
    outer loop
      vertex -32.9428 0 -23.2051
      vertex -33.0118 -3 -23.1151
      vertex -32.9428 -3 -23.2051
    endloop
  endfacet
  facet normal -0.300583 0 0.953756
    outer loop
      vertex 32.2834 0 -23.6252
      vertex 32.3916 -3 -23.5911
      vertex 32.3916 0 -23.5911
    endloop
  endfacet
  facet normal -0.300583 0 0.953756
    outer loop
      vertex 32.3916 -3 -23.5911
      vertex 32.2834 0 -23.6252
      vertex 32.2834 -3 -23.6252
    endloop
  endfacet
  facet normal -0.991442 0 0.130546
    outer loop
      vertex 33.2272 -3 -22.5952
      vertex 33.242 0 -22.4828
      vertex 33.2272 0 -22.5952
    endloop
  endfacet
  facet normal -0.991442 0 0.130546
    outer loop
      vertex 33.242 0 -22.4828
      vertex 33.2272 -3 -22.5952
      vertex 33.242 -3 -22.4828
    endloop
  endfacet
  facet normal -0.999066 0 0.0432076
    outer loop
      vertex 33.242 -3 -22.4828
      vertex 33.2469 0 -22.3695
      vertex 33.242 0 -22.4828
    endloop
  endfacet
  facet normal -0.999066 0 0.0432076
    outer loop
      vertex 33.2469 0 -22.3695
      vertex 33.242 -3 -22.4828
      vertex 33.2469 -3 -22.3695
    endloop
  endfacet
  facet normal -0.976187 0 0.21693
    outer loop
      vertex 33.2026 -3 -22.7059
      vertex 33.2272 0 -22.5952
      vertex 33.2026 0 -22.7059
    endloop
  endfacet
  facet normal -0.976187 0 0.21693
    outer loop
      vertex 33.2272 0 -22.5952
      vertex 33.2026 -3 -22.7059
      vertex 33.2272 -3 -22.5952
    endloop
  endfacet
  facet normal -0.999066 0 -0.0432076
    outer loop
      vertex 33.2469 -3 -22.3695
      vertex 33.242 0 -22.2562
      vertex 33.2469 0 -22.3695
    endloop
  endfacet
  facet normal -0.999066 -0 -0.0432076
    outer loop
      vertex 33.242 0 -22.2562
      vertex 33.2469 -3 -22.3695
      vertex 33.242 -3 -22.2562
    endloop
  endfacet
  facet normal -0.608986 0 0.793181
    outer loop
      vertex 32.6926 0 -23.4344
      vertex 32.7826 -3 -23.3653
      vertex 32.7826 0 -23.3653
    endloop
  endfacet
  facet normal -0.608986 0 0.793181
    outer loop
      vertex 32.7826 -3 -23.3653
      vertex 32.6926 0 -23.4344
      vertex 32.6926 -3 -23.4344
    endloop
  endfacet
  facet normal -0.793606 0 0.608432
    outer loop
      vertex 32.9428 -3 -23.2051
      vertex 33.0118 0 -23.1151
      vertex 32.9428 0 -23.2051
    endloop
  endfacet
  facet normal -0.793606 0 0.608432
    outer loop
      vertex 33.0118 0 -23.1151
      vertex 32.9428 -3 -23.2051
      vertex 33.0118 -3 -23.1151
    endloop
  endfacet
  facet normal -0.382923 0 0.92378
    outer loop
      vertex 32.3916 0 -23.5911
      vertex 32.4963 -3 -23.5477
      vertex 32.4963 0 -23.5477
    endloop
  endfacet
  facet normal -0.382923 0 0.92378
    outer loop
      vertex 32.4963 -3 -23.5477
      vertex 32.3916 0 -23.5911
      vertex 32.3916 -3 -23.5911
    endloop
  endfacet
  facet normal 0.976373 -0 0.21609
    outer loop
      vertex 30.6667 -3 -22.5952
      vertex 30.6912 0 -22.7059
      vertex 30.6667 0 -22.5952
    endloop
  endfacet
  facet normal 0.976373 0 0.21609
    outer loop
      vertex 30.6912 0 -22.7059
      vertex 30.6667 -3 -22.5952
      vertex 30.6912 -3 -22.7059
    endloop
  endfacet
  facet normal 0.953756 -0 0.300583
    outer loop
      vertex 30.6912 -3 -22.7059
      vertex 30.7253 0 -22.8141
      vertex 30.6912 0 -22.7059
    endloop
  endfacet
  facet normal 0.953756 0 0.300583
    outer loop
      vertex 30.7253 0 -22.8141
      vertex 30.6912 -3 -22.7059
      vertex 30.7253 -3 -22.8141
    endloop
  endfacet
  facet normal 0.991457 0 -0.130432
    outer loop
      vertex 30.6667 -3 -22.1437
      vertex 30.6519 0 -22.2562
      vertex 30.6667 0 -22.1437
    endloop
  endfacet
  facet normal 0.991457 0 -0.130432
    outer loop
      vertex 30.6519 0 -22.2562
      vertex 30.6667 -3 -22.1437
      vertex 30.6519 -3 -22.2562
    endloop
  endfacet
  facet normal 0.923909 0 -0.382611
    outer loop
      vertex 30.7687 -3 -21.8201
      vertex 30.7253 0 -21.9249
      vertex 30.7687 0 -21.8201
    endloop
  endfacet
  facet normal 0.923909 0 -0.382611
    outer loop
      vertex 30.7253 0 -21.9249
      vertex 30.7687 -3 -21.8201
      vertex 30.7253 -3 -21.9249
    endloop
  endfacet
  facet normal 0.953676 0 -0.300836
    outer loop
      vertex 30.7253 -3 -21.9249
      vertex 30.6912 0 -22.033
      vertex 30.7253 0 -21.9249
    endloop
  endfacet
  facet normal 0.953676 0 -0.300836
    outer loop
      vertex 30.6912 0 -22.033
      vertex 30.7253 -3 -21.9249
      vertex 30.6912 -3 -22.033
    endloop
  endfacet
  facet normal -0.0432076 0 -0.999066
    outer loop
      vertex 31.9469 -3 -21.0695
      vertex 32.0602 0 -21.0744
      vertex 32.0602 -3 -21.0744
    endloop
  endfacet
  facet normal -0.0432076 0 -0.999066
    outer loop
      vertex 32.0602 0 -21.0744
      vertex 31.9469 -3 -21.0695
      vertex 31.9469 0 -21.0695
    endloop
  endfacet
  facet normal 0.537275 0 0.843407
    outer loop
      vertex 31.2013 0 -23.4344
      vertex 31.2969 -3 -23.4953
      vertex 31.2969 0 -23.4953
    endloop
  endfacet
  facet normal 0.537275 0 0.843407
    outer loop
      vertex 31.2969 -3 -23.4953
      vertex 31.2013 0 -23.4344
      vertex 31.2013 -3 -23.4344
    endloop
  endfacet
  facet normal 0.675565 0 -0.737301
    outer loop
      vertex 31.0277 -3 -21.4502
      vertex 31.1113 0 -21.3736
      vertex 31.1113 -3 -21.3736
    endloop
  endfacet
  facet normal 0.675565 0 -0.737301
    outer loop
      vertex 31.1113 0 -21.3736
      vertex 31.0277 -3 -21.4502
      vertex 31.0277 0 -21.4502
    endloop
  endfacet
  facet normal 0.737703 0 -0.675126
    outer loop
      vertex 31.0277 -3 -21.4502
      vertex 30.9511 0 -21.5339
      vertex 31.0277 0 -21.4502
    endloop
  endfacet
  facet normal 0.737703 0 -0.675126
    outer loop
      vertex 30.9511 0 -21.5339
      vertex 31.0277 -3 -21.4502
      vertex 30.9511 -3 -21.5339
    endloop
  endfacet
  facet normal -0.461269 0 -0.88726
    outer loop
      vertex 32.4963 -3 -21.1913
      vertex 32.5969 0 -21.2436
      vertex 32.5969 -3 -21.2436
    endloop
  endfacet
  facet normal -0.461269 0 -0.88726
    outer loop
      vertex 32.5969 0 -21.2436
      vertex 32.4963 -3 -21.1913
      vertex 32.4963 0 -21.1913
    endloop
  endfacet
  facet normal 0.923909 -0 0.382611
    outer loop
      vertex 30.7253 -3 -22.8141
      vertex 30.7687 0 -22.9189
      vertex 30.7253 0 -22.8141
    endloop
  endfacet
  facet normal 0.923909 0 0.382611
    outer loop
      vertex 30.7687 0 -22.9189
      vertex 30.7253 -3 -22.8141
      vertex 30.7687 -3 -22.9189
    endloop
  endfacet
  facet normal -0.88726 0 -0.461269
    outer loop
      vertex 33.1251 -3 -21.8201
      vertex 33.0728 0 -21.7195
      vertex 33.1251 0 -21.8201
    endloop
  endfacet
  facet normal -0.88726 -0 -0.461269
    outer loop
      vertex 33.0728 0 -21.7195
      vertex 33.1251 -3 -21.8201
      vertex 33.0728 -3 -21.7195
    endloop
  endfacet
  facet normal -0.976187 0 -0.21693
    outer loop
      vertex 33.2272 -3 -22.1437
      vertex 33.2026 0 -22.033
      vertex 33.2272 0 -22.1437
    endloop
  endfacet
  facet normal -0.976187 -0 -0.21693
    outer loop
      vertex 33.2026 0 -22.033
      vertex 33.2272 -3 -22.1437
      vertex 33.2026 -3 -22.033
    endloop
  endfacet
  facet normal -0.130432 0 0.991457
    outer loop
      vertex 32.0602 0 -23.6645
      vertex 32.1727 -3 -23.6497
      vertex 32.1727 0 -23.6497
    endloop
  endfacet
  facet normal -0.130432 0 0.991457
    outer loop
      vertex 32.1727 -3 -23.6497
      vertex 32.0602 0 -23.6645
      vertex 32.0602 -3 -23.6645
    endloop
  endfacet
  facet normal -0.537503 0 -0.843262
    outer loop
      vertex 32.5969 -3 -21.2436
      vertex 32.6926 0 -21.3046
      vertex 32.6926 -3 -21.3046
    endloop
  endfacet
  facet normal -0.537503 0 -0.843262
    outer loop
      vertex 32.6926 0 -21.3046
      vertex 32.5969 -3 -21.2436
      vertex 32.5969 0 -21.2436
    endloop
  endfacet
  facet normal 0.300583 0 -0.953756
    outer loop
      vertex 31.5023 -3 -21.1479
      vertex 31.6105 0 -21.1138
      vertex 31.6105 -3 -21.1138
    endloop
  endfacet
  facet normal 0.300583 0 -0.953756
    outer loop
      vertex 31.6105 0 -21.1138
      vertex 31.5023 -3 -21.1479
      vertex 31.5023 0 -21.1479
    endloop
  endfacet
  facet normal -0.130432 0 -0.991457
    outer loop
      vertex 32.0602 -3 -21.0744
      vertex 32.1727 0 -21.0892
      vertex 32.1727 -3 -21.0892
    endloop
  endfacet
  facet normal -0.130432 0 -0.991457
    outer loop
      vertex 32.1727 0 -21.0892
      vertex 32.0602 -3 -21.0744
      vertex 32.0602 0 -21.0744
    endloop
  endfacet
  facet normal -0.675565 0 0.737301
    outer loop
      vertex 32.7826 0 -23.3653
      vertex 32.8662 -3 -23.2887
      vertex 32.8662 0 -23.2887
    endloop
  endfacet
  facet normal -0.675565 0 0.737301
    outer loop
      vertex 32.8662 -3 -23.2887
      vertex 32.7826 0 -23.3653
      vertex 32.7826 -3 -23.3653
    endloop
  endfacet
  facet normal -0.923909 0 0.382611
    outer loop
      vertex 33.1251 -3 -22.9189
      vertex 33.1685 0 -22.8141
      vertex 33.1251 0 -22.9189
    endloop
  endfacet
  facet normal -0.923909 0 0.382611
    outer loop
      vertex 33.1685 0 -22.8141
      vertex 33.1251 -3 -22.9189
      vertex 33.1685 -3 -22.8141
    endloop
  endfacet
  facet normal -0.88726 0 0.461269
    outer loop
      vertex 33.0728 -3 -23.0195
      vertex 33.1251 0 -22.9189
      vertex 33.0728 0 -23.0195
    endloop
  endfacet
  facet normal -0.88726 0 0.461269
    outer loop
      vertex 33.1251 0 -22.9189
      vertex 33.0728 -3 -23.0195
      vertex 33.1251 -3 -22.9189
    endloop
  endfacet
  facet normal 0.382611 0 -0.923909
    outer loop
      vertex 31.3975 -3 -21.1913
      vertex 31.5023 0 -21.1479
      vertex 31.5023 -3 -21.1479
    endloop
  endfacet
  facet normal 0.382611 0 -0.923909
    outer loop
      vertex 31.5023 0 -21.1479
      vertex 31.3975 -3 -21.1913
      vertex 31.3975 0 -21.1913
    endloop
  endfacet
  facet normal 0.0432076 0 -0.999066
    outer loop
      vertex 31.8336 -3 -21.0744
      vertex 31.9469 0 -21.0695
      vertex 31.9469 -3 -21.0695
    endloop
  endfacet
  facet normal 0.0432076 0 -0.999066
    outer loop
      vertex 31.9469 0 -21.0695
      vertex 31.8336 -3 -21.0744
      vertex 31.8336 0 -21.0744
    endloop
  endfacet
  facet normal 0.991442 -0 0.130546
    outer loop
      vertex 30.6519 -3 -22.4828
      vertex 30.6667 0 -22.5952
      vertex 30.6519 0 -22.4828
    endloop
  endfacet
  facet normal 0.991442 0 0.130546
    outer loop
      vertex 30.6667 0 -22.5952
      vertex 30.6519 -3 -22.4828
      vertex 30.6667 -3 -22.5952
    endloop
  endfacet
  facet normal 0.999028 -0 0.0440877
    outer loop
      vertex 30.6469 -3 -22.3695
      vertex 30.6519 0 -22.4828
      vertex 30.6469 0 -22.3695
    endloop
  endfacet
  facet normal 0.999028 0 0.0440877
    outer loop
      vertex 30.6519 0 -22.4828
      vertex 30.6469 -3 -22.3695
      vertex 30.6519 -3 -22.4828
    endloop
  endfacet
  facet normal -0.953756 0 0.300583
    outer loop
      vertex 33.1685 -3 -22.8141
      vertex 33.2026 0 -22.7059
      vertex 33.1685 0 -22.8141
    endloop
  endfacet
  facet normal -0.953756 0 0.300583
    outer loop
      vertex 33.2026 0 -22.7059
      vertex 33.1685 -3 -22.8141
      vertex 33.2026 -3 -22.7059
    endloop
  endfacet
  facet normal -0.21693 0 -0.976187
    outer loop
      vertex 32.1727 -3 -21.0892
      vertex 32.2834 0 -21.1138
      vertex 32.2834 -3 -21.1138
    endloop
  endfacet
  facet normal -0.21693 0 -0.976187
    outer loop
      vertex 32.2834 0 -21.1138
      vertex 32.1727 -3 -21.0892
      vertex 32.1727 0 -21.0892
    endloop
  endfacet
  facet normal -0.991457 0 -0.130432
    outer loop
      vertex 33.242 -3 -22.2562
      vertex 33.2272 0 -22.1437
      vertex 33.242 0 -22.2562
    endloop
  endfacet
  facet normal -0.991457 -0 -0.130432
    outer loop
      vertex 33.2272 0 -22.1437
      vertex 33.242 -3 -22.2562
      vertex 33.2272 -3 -22.1437
    endloop
  endfacet
  facet normal 0.737301 -0 0.675565
    outer loop
      vertex 30.9511 -3 -23.2051
      vertex 31.0277 0 -23.2887
      vertex 30.9511 0 -23.2051
    endloop
  endfacet
  facet normal 0.737301 0 0.675565
    outer loop
      vertex 31.0277 0 -23.2887
      vertex 30.9511 -3 -23.2051
      vertex 31.0277 -3 -23.2887
    endloop
  endfacet
  facet normal 0.792853 0 -0.609412
    outer loop
      vertex 30.9511 -3 -21.5339
      vertex 30.882 0 -21.6238
      vertex 30.9511 0 -21.5339
    endloop
  endfacet
  facet normal 0.792853 0 -0.609412
    outer loop
      vertex 30.882 0 -21.6238
      vertex 30.9511 -3 -21.5339
      vertex 30.882 -3 -21.6238
    endloop
  endfacet
  facet normal -0.79328 0 -0.608858
    outer loop
      vertex 33.0118 -3 -21.6238
      vertex 32.9428 0 -21.5339
      vertex 33.0118 0 -21.6238
    endloop
  endfacet
  facet normal -0.79328 -0 -0.608858
    outer loop
      vertex 32.9428 0 -21.5339
      vertex 33.0118 -3 -21.6238
      vertex 32.9428 -3 -21.5339
    endloop
  endfacet
  facet normal 0.461963 0 0.886899
    outer loop
      vertex 31.2969 0 -23.4953
      vertex 31.3975 -3 -23.5477
      vertex 31.3975 0 -23.5477
    endloop
  endfacet
  facet normal 0.461963 0 0.886899
    outer loop
      vertex 31.3975 -3 -23.5477
      vertex 31.2969 0 -23.4953
      vertex 31.2969 -3 -23.4953
    endloop
  endfacet
  facet normal 0.130546 0 -0.991442
    outer loop
      vertex 31.7212 -3 -21.0892
      vertex 31.8336 0 -21.0744
      vertex 31.8336 -3 -21.0744
    endloop
  endfacet
  facet normal 0.130546 0 -0.991442
    outer loop
      vertex 31.8336 0 -21.0744
      vertex 31.7212 -3 -21.0892
      vertex 31.7212 0 -21.0892
    endloop
  endfacet
  facet normal 0.461269 0 -0.88726
    outer loop
      vertex 31.2969 -3 -21.2436
      vertex 31.3975 0 -21.1913
      vertex 31.3975 -3 -21.1913
    endloop
  endfacet
  facet normal 0.461269 0 -0.88726
    outer loop
      vertex 31.3975 0 -21.1913
      vertex 31.2969 -3 -21.2436
      vertex 31.2969 0 -21.2436
    endloop
  endfacet
  facet normal 0.608986 0 0.793181
    outer loop
      vertex 31.1113 0 -23.3653
      vertex 31.2013 -3 -23.4344
      vertex 31.2013 0 -23.4344
    endloop
  endfacet
  facet normal 0.608986 0 0.793181
    outer loop
      vertex 31.2013 -3 -23.4344
      vertex 31.1113 0 -23.3653
      vertex 31.1113 -3 -23.3653
    endloop
  endfacet
  facet normal 0.382611 0 0.923909
    outer loop
      vertex 31.3975 0 -23.5477
      vertex 31.5023 -3 -23.5911
      vertex 31.5023 0 -23.5911
    endloop
  endfacet
  facet normal 0.382611 0 0.923909
    outer loop
      vertex 31.5023 -3 -23.5911
      vertex 31.3975 0 -23.5477
      vertex 31.3975 -3 -23.5477
    endloop
  endfacet
  facet normal -0.608432 0 -0.793606
    outer loop
      vertex 32.6926 -3 -21.3046
      vertex 32.7826 0 -21.3736
      vertex 32.7826 -3 -21.3736
    endloop
  endfacet
  facet normal -0.608432 0 -0.793606
    outer loop
      vertex 32.7826 0 -21.3736
      vertex 32.6926 -3 -21.3046
      vertex 32.6926 0 -21.3046
    endloop
  endfacet
  facet normal 0.21693 0 -0.976187
    outer loop
      vertex 31.6105 -3 -21.1138
      vertex 31.7212 0 -21.0892
      vertex 31.7212 -3 -21.0892
    endloop
  endfacet
  facet normal 0.21693 0 -0.976187
    outer loop
      vertex 31.7212 0 -21.0892
      vertex 31.6105 -3 -21.1138
      vertex 31.6105 0 -21.1138
    endloop
  endfacet
  facet normal -0.843007 0 0.537902
    outer loop
      vertex 33.0118 -3 -23.1151
      vertex 33.0728 0 -23.0195
      vertex 33.0118 0 -23.1151
    endloop
  endfacet
  facet normal -0.843007 0 0.537902
    outer loop
      vertex 33.0728 0 -23.0195
      vertex 33.0118 -3 -23.1151
      vertex 33.0728 -3 -23.0195
    endloop
  endfacet
  facet normal -0.843262 0 -0.537503
    outer loop
      vertex 33.0728 -3 -21.7195
      vertex 33.0118 0 -21.6238
      vertex 33.0728 0 -21.7195
    endloop
  endfacet
  facet normal -0.843262 -0 -0.537503
    outer loop
      vertex 33.0118 0 -21.6238
      vertex 33.0728 -3 -21.7195
      vertex 33.0118 -3 -21.6238
    endloop
  endfacet
  facet normal 0.21609 0 0.976373
    outer loop
      vertex 31.6105 0 -23.6252
      vertex 31.7212 -3 -23.6497
      vertex 31.7212 0 -23.6497
    endloop
  endfacet
  facet normal 0.21609 0 0.976373
    outer loop
      vertex 31.7212 -3 -23.6497
      vertex 31.6105 0 -23.6252
      vertex 31.6105 -3 -23.6252
    endloop
  endfacet
  facet normal 0.130546 0 0.991442
    outer loop
      vertex 31.7212 0 -23.6497
      vertex 31.8336 -3 -23.6645
      vertex 31.8336 0 -23.6645
    endloop
  endfacet
  facet normal 0.130546 0 0.991442
    outer loop
      vertex 31.8336 -3 -23.6645
      vertex 31.7212 0 -23.6497
      vertex 31.7212 -3 -23.6497
    endloop
  endfacet
  facet normal -0.737301 0 0.675565
    outer loop
      vertex 32.8662 -3 -23.2887
      vertex 32.9428 0 -23.2051
      vertex 32.8662 0 -23.2887
    endloop
  endfacet
  facet normal -0.737301 0 0.675565
    outer loop
      vertex 32.9428 0 -23.2051
      vertex 32.8662 -3 -23.2887
      vertex 32.9428 -3 -23.2051
    endloop
  endfacet
  facet normal 0.300583 0 0.953756
    outer loop
      vertex 31.5023 0 -23.5911
      vertex 31.6105 -3 -23.6252
      vertex 31.6105 0 -23.6252
    endloop
  endfacet
  facet normal 0.300583 0 0.953756
    outer loop
      vertex 31.6105 -3 -23.6252
      vertex 31.5023 0 -23.5911
      vertex 31.5023 -3 -23.5911
    endloop
  endfacet
  facet normal -0.953676 0 -0.300836
    outer loop
      vertex 33.2026 -3 -22.033
      vertex 33.1685 0 -21.9249
      vertex 33.2026 0 -22.033
    endloop
  endfacet
  facet normal -0.953676 -0 -0.300836
    outer loop
      vertex 33.1685 0 -21.9249
      vertex 33.2026 -3 -22.033
      vertex 33.1685 -3 -21.9249
    endloop
  endfacet
  facet normal 0.886899 -0 0.461963
    outer loop
      vertex 30.7687 -3 -22.9189
      vertex 30.8211 0 -23.0195
      vertex 30.7687 0 -22.9189
    endloop
  endfacet
  facet normal 0.886899 0 0.461963
    outer loop
      vertex 30.8211 0 -23.0195
      vertex 30.7687 -3 -22.9189
      vertex 30.8211 -3 -23.0195
    endloop
  endfacet
  facet normal -0.300583 0 -0.953756
    outer loop
      vertex 32.2834 -3 -21.1138
      vertex 32.3916 0 -21.1479
      vertex 32.3916 -3 -21.1479
    endloop
  endfacet
  facet normal -0.300583 0 -0.953756
    outer loop
      vertex 32.3916 0 -21.1479
      vertex 32.2834 -3 -21.1138
      vertex 32.2834 0 -21.1138
    endloop
  endfacet
  facet normal -0.382923 0 -0.92378
    outer loop
      vertex 32.3916 -3 -21.1479
      vertex 32.4963 0 -21.1913
      vertex 32.4963 -3 -21.1913
    endloop
  endfacet
  facet normal -0.382923 0 -0.92378
    outer loop
      vertex 32.4963 0 -21.1913
      vertex 32.3916 -3 -21.1479
      vertex 32.3916 0 -21.1479
    endloop
  endfacet
  facet normal -0.923909 0 -0.382611
    outer loop
      vertex 33.1685 -3 -21.9249
      vertex 33.1251 0 -21.8201
      vertex 33.1685 0 -21.9249
    endloop
  endfacet
  facet normal -0.923909 -0 -0.382611
    outer loop
      vertex 33.1251 0 -21.8201
      vertex 33.1685 -3 -21.9249
      vertex 33.1251 -3 -21.8201
    endloop
  endfacet
  facet normal 0.999028 0 -0.0440877
    outer loop
      vertex 30.6519 -3 -22.2562
      vertex 30.6469 0 -22.3695
      vertex 30.6519 0 -22.2562
    endloop
  endfacet
  facet normal 0.999028 0 -0.0440877
    outer loop
      vertex 30.6469 0 -22.3695
      vertex 30.6519 -3 -22.2562
      vertex 30.6469 -3 -22.3695
    endloop
  endfacet
  facet normal 0.537902 0 -0.843007
    outer loop
      vertex 31.2013 -3 -21.3046
      vertex 31.2969 0 -21.2436
      vertex 31.2969 -3 -21.2436
    endloop
  endfacet
  facet normal 0.537902 0 -0.843007
    outer loop
      vertex 31.2969 0 -21.2436
      vertex 31.2013 -3 -21.3046
      vertex 31.2013 0 -21.3046
    endloop
  endfacet
  facet normal -0.461963 0 0.886899
    outer loop
      vertex 32.4963 0 -23.5477
      vertex 32.5969 -3 -23.4953
      vertex 32.5969 0 -23.4953
    endloop
  endfacet
  facet normal -0.461963 0 0.886899
    outer loop
      vertex 32.5969 -3 -23.4953
      vertex 32.4963 0 -23.5477
      vertex 32.4963 -3 -23.5477
    endloop
  endfacet
  facet normal -0.737703 0 -0.675126
    outer loop
      vertex 32.9428 -3 -21.5339
      vertex 32.8662 0 -21.4502
      vertex 32.9428 0 -21.5339
    endloop
  endfacet
  facet normal -0.737703 -0 -0.675126
    outer loop
      vertex 32.8662 0 -21.4502
      vertex 32.9428 -3 -21.5339
      vertex 32.8662 -3 -21.4502
    endloop
  endfacet
  facet normal 0.675565 0 0.737301
    outer loop
      vertex 31.0277 0 -23.2887
      vertex 31.1113 -3 -23.3653
      vertex 31.1113 0 -23.3653
    endloop
  endfacet
  facet normal 0.675565 0 0.737301
    outer loop
      vertex 31.1113 -3 -23.3653
      vertex 31.0277 0 -23.2887
      vertex 31.0277 -3 -23.2887
    endloop
  endfacet
  facet normal 0.0440877 0 0.999028
    outer loop
      vertex 31.8336 0 -23.6645
      vertex 31.9469 -3 -23.6695
      vertex 31.9469 0 -23.6695
    endloop
  endfacet
  facet normal 0.0440877 0 0.999028
    outer loop
      vertex 31.9469 -3 -23.6695
      vertex 31.8336 0 -23.6645
      vertex 31.8336 -3 -23.6645
    endloop
  endfacet
  facet normal -0.0440877 0 0.999028
    outer loop
      vertex 31.9469 0 -23.6695
      vertex 32.0602 -3 -23.6645
      vertex 32.0602 0 -23.6645
    endloop
  endfacet
  facet normal -0.0440877 0 0.999028
    outer loop
      vertex 32.0602 -3 -23.6645
      vertex 31.9469 0 -23.6695
      vertex 31.9469 -3 -23.6695
    endloop
  endfacet
  facet normal -0.536875 0 0.843661
    outer loop
      vertex 32.5969 0 -23.4953
      vertex 32.6926 -3 -23.4344
      vertex 32.6926 0 -23.4344
    endloop
  endfacet
  facet normal -0.536875 0 0.843661
    outer loop
      vertex 32.6926 -3 -23.4344
      vertex 32.5969 0 -23.4953
      vertex 32.5969 -3 -23.4953
    endloop
  endfacet
  facet normal 0.843661 0 -0.536875
    outer loop
      vertex 30.882 -3 -21.6238
      vertex 30.8211 0 -21.7195
      vertex 30.882 0 -21.6238
    endloop
  endfacet
  facet normal 0.843661 0 -0.536875
    outer loop
      vertex 30.8211 0 -21.7195
      vertex 30.882 -3 -21.6238
      vertex 30.8211 -3 -21.7195
    endloop
  endfacet
  facet normal -0.675565 0 -0.737301
    outer loop
      vertex 32.7826 -3 -21.3736
      vertex 32.8662 0 -21.4502
      vertex 32.8662 -3 -21.4502
    endloop
  endfacet
  facet normal -0.675565 0 -0.737301
    outer loop
      vertex 32.8662 0 -21.4502
      vertex 32.7826 -3 -21.3736
      vertex 32.7826 0 -21.3736
    endloop
  endfacet
  facet normal 0.976373 0 -0.21609
    outer loop
      vertex 30.6912 -3 -22.033
      vertex 30.6667 0 -22.1437
      vertex 30.6912 0 -22.033
    endloop
  endfacet
  facet normal 0.976373 0 -0.21609
    outer loop
      vertex 30.6667 0 -22.1437
      vertex 30.6912 -3 -22.033
      vertex 30.6667 -3 -22.1437
    endloop
  endfacet
  facet normal -0.21609 0 0.976373
    outer loop
      vertex 32.1727 0 -23.6497
      vertex 32.2834 -3 -23.6252
      vertex 32.2834 0 -23.6252
    endloop
  endfacet
  facet normal -0.21609 0 0.976373
    outer loop
      vertex 32.2834 -3 -23.6252
      vertex 32.1727 0 -23.6497
      vertex 32.1727 -3 -23.6497
    endloop
  endfacet
  facet normal 0.843407 -0 0.537275
    outer loop
      vertex 30.8211 -3 -23.0195
      vertex 30.882 0 -23.1151
      vertex 30.8211 0 -23.0195
    endloop
  endfacet
  facet normal 0.843407 0 0.537275
    outer loop
      vertex 30.882 0 -23.1151
      vertex 30.8211 -3 -23.0195
      vertex 30.882 -3 -23.1151
    endloop
  endfacet
  facet normal 0.793181 -0 0.608986
    outer loop
      vertex 30.882 -3 -23.1151
      vertex 30.9511 0 -23.2051
      vertex 30.882 0 -23.1151
    endloop
  endfacet
  facet normal 0.793181 0 0.608986
    outer loop
      vertex 30.9511 0 -23.2051
      vertex 30.882 -3 -23.1151
      vertex 30.9511 -3 -23.2051
    endloop
  endfacet
  facet normal 0.608432 0 -0.793606
    outer loop
      vertex 31.1113 -3 -21.3736
      vertex 31.2013 0 -21.3046
      vertex 31.2013 -3 -21.3046
    endloop
  endfacet
  facet normal 0.608432 0 -0.793606
    outer loop
      vertex 31.2013 0 -21.3046
      vertex 31.1113 -3 -21.3736
      vertex 31.1113 0 -21.3736
    endloop
  endfacet
  facet normal 0.886899 0 -0.461963
    outer loop
      vertex 30.8211 -3 -21.7195
      vertex 30.7687 0 -21.8201
      vertex 30.8211 0 -21.7195
    endloop
  endfacet
  facet normal 0.886899 0 -0.461963
    outer loop
      vertex 30.7687 0 -21.8201
      vertex 30.8211 -3 -21.7195
      vertex 30.7687 -3 -21.8201
    endloop
  endfacet
  facet normal 0 1 0
    outer loop
      vertex 32.9399 0 27.6399
      vertex 32.0602 0 23.6645
      vertex 31.9469 0 23.6695
    endloop
  endfacet
  facet normal 0 1 0
    outer loop
      vertex 32.9399 0 27.6399
      vertex 32.1727 0 23.6497
      vertex 32.0602 0 23.6645
    endloop
  endfacet
  facet normal 0 1 0
    outer loop
      vertex 32.9399 0 27.6399
      vertex 32.2834 0 23.6252
      vertex 32.1727 0 23.6497
    endloop
  endfacet
  facet normal 0 1 0
    outer loop
      vertex 32.9399 0 27.6399
      vertex 32.3916 0 23.5911
      vertex 32.2834 0 23.6252
    endloop
  endfacet
  facet normal 0 1 0
    outer loop
      vertex 35.2235 0 24.6638
      vertex 32.4963 0 23.5477
      vertex 32.3916 0 23.5911
    endloop
  endfacet
  facet normal 0 1 0
    outer loop
      vertex 35.2235 0 24.6638
      vertex 32.5969 0 23.4953
      vertex 32.4963 0 23.5477
    endloop
  endfacet
  facet normal 0 1 0
    outer loop
      vertex 35.2235 0 24.6638
      vertex 32.6926 0 23.4344
      vertex 32.5969 0 23.4953
    endloop
  endfacet
  facet normal 0 1 0
    outer loop
      vertex 35.2235 0 24.6638
      vertex 32.7826 0 23.3653
      vertex 32.6926 0 23.4344
    endloop
  endfacet
  facet normal 0 1 0
    outer loop
      vertex 35.2235 0 24.6638
      vertex 32.8662 0 23.2887
      vertex 32.7826 0 23.3653
    endloop
  endfacet
  facet normal 0 1 0
    outer loop
      vertex 35.2235 0 24.6638
      vertex 32.9428 0 23.2051
      vertex 32.8662 0 23.2887
    endloop
  endfacet
  facet normal 0 1 0
    outer loop
      vertex 35.2235 0 24.6638
      vertex 33.0118 0 23.1151
      vertex 32.9428 0 23.2051
    endloop
  endfacet
  facet normal 0 1 0
    outer loop
      vertex 35.2235 0 24.6638
      vertex 33.0728 0 23.0195
      vertex 33.0118 0 23.1151
    endloop
  endfacet
  facet normal 0 1 0
    outer loop
      vertex 35.2235 0 24.6638
      vertex 33.1251 0 22.9189
      vertex 33.0728 0 23.0195
    endloop
  endfacet
  facet normal 0 1 0
    outer loop
      vertex 35.2235 0 24.6638
      vertex 33.1685 0 22.8141
      vertex 33.1251 0 22.9189
    endloop
  endfacet
  facet normal 0 1 0
    outer loop
      vertex 35.2235 0 24.6638
      vertex 33.2026 0 22.7059
      vertex 33.1685 0 22.8141
    endloop
  endfacet
  facet normal 0 1 0
    outer loop
      vertex 35.2235 0 24.6638
      vertex 33.2272 0 22.5952
      vertex 33.2026 0 22.7059
    endloop
  endfacet
  facet normal 0 1 0
    outer loop
      vertex 35.2235 0 24.6638
      vertex 33.242 0 22.4828
      vertex 33.2272 0 22.5952
    endloop
  endfacet
  facet normal 0 1 0
    outer loop
      vertex 35.2235 0 24.6638
      vertex 33.2469 0 22.3695
      vertex 33.242 0 22.4828
    endloop
  endfacet
  facet normal 0 1 0
    outer loop
      vertex 37.2391 0 21.5
      vertex 33.2469 0 22.3695
      vertex 35.2235 0 24.6638
    endloop
  endfacet
  facet normal 0 1 0
    outer loop
      vertex 33.2469 0 22.3695
      vertex 37.2391 0 21.5
      vertex 33.242 0 22.2562
    endloop
  endfacet
  facet normal 0 1 0
    outer loop
      vertex 33.242 0 22.2562
      vertex 37.2391 0 21.5
      vertex 33.2272 0 22.1437
    endloop
  endfacet
  facet normal 0 1 0
    outer loop
      vertex 33.2272 0 22.1437
      vertex 37.2391 0 21.5
      vertex 33.2026 0 22.033
    endloop
  endfacet
  facet normal 0 1 0
    outer loop
      vertex 33.2026 0 22.033
      vertex 37.2391 0 21.5
      vertex 33.1685 0 21.9249
    endloop
  endfacet
  facet normal 0 1 0
    outer loop
      vertex 33.1685 0 21.9249
      vertex 37.2391 0 21.5
      vertex 33.1251 0 21.8201
    endloop
  endfacet
  facet normal 0 1 0
    outer loop
      vertex 33.1251 0 21.8201
      vertex 37.2391 0 21.5
      vertex 33.0728 0 21.7195
    endloop
  endfacet
  facet normal 0 1 0
    outer loop
      vertex 33.0728 0 21.7195
      vertex 37.2391 0 21.5
      vertex 33.0118 0 21.6238
    endloop
  endfacet
  facet normal 0 1 0
    outer loop
      vertex 37.2391 0 21.5
      vertex 32.9428 0 21.5339
      vertex 33.0118 0 21.6238
    endloop
  endfacet
  facet normal 0 1 0
    outer loop
      vertex 37.2391 0 21.5
      vertex 32.8662 0 21.4502
      vertex 32.9428 0 21.5339
    endloop
  endfacet
  facet normal 0 1 0
    outer loop
      vertex 37.2391 0 21.5
      vertex 32.7826 0 21.3736
      vertex 32.8662 0 21.4502
    endloop
  endfacet
  facet normal 0 1 0
    outer loop
      vertex 37.2391 0 21.5
      vertex 32.6926 0 21.3046
      vertex 32.7826 0 21.3736
    endloop
  endfacet
  facet normal 0 1 0
    outer loop
      vertex 38.9712 0 18.1726
      vertex 32.6926 0 21.3046
      vertex 37.2391 0 21.5
    endloop
  endfacet
  facet normal 0 1 0
    outer loop
      vertex 32.6926 0 21.3046
      vertex 38.9712 0 18.1726
      vertex 32.5969 0 21.2436
    endloop
  endfacet
  facet normal 0 1 0
    outer loop
      vertex 32.5969 0 21.2436
      vertex 38.9712 0 18.1726
      vertex 32.4963 0 21.1913
    endloop
  endfacet
  facet normal 0 1 0
    outer loop
      vertex 32.4963 0 21.1913
      vertex 38.9712 0 18.1726
      vertex 32.3916 0 21.1479
    endloop
  endfacet
  facet normal 0 1 0
    outer loop
      vertex 29.9081 0 13.9464
      vertex 32.3916 0 21.1479
      vertex 38.9712 0 18.1726
    endloop
  endfacet
  facet normal 0 1 0
    outer loop
      vertex 32.3916 0 21.1479
      vertex 29.9081 0 13.9464
      vertex 32.2834 0 21.1138
    endloop
  endfacet
  facet normal 0 1 0
    outer loop
      vertex 28.5788 0 16.5
      vertex 31.9469 0 21.0695
      vertex 32.0602 0 21.0744
    endloop
  endfacet
  facet normal 0 1 0
    outer loop
      vertex 32.2834 0 21.1138
      vertex 29.9081 0 13.9464
      vertex 32.1727 0 21.0892
    endloop
  endfacet
  facet normal 0 1 0
    outer loop
      vertex 32.1727 0 21.0892
      vertex 29.9081 0 13.9464
      vertex 32.0602 0 21.0744
    endloop
  endfacet
  facet normal 0 1 0
    outer loop
      vertex 31.9469 0 21.0695
      vertex 28.5788 0 16.5
      vertex 27.032 0 18.928
    endloop
  endfacet
  facet normal 0 1 0
    outer loop
      vertex 29.9081 0 13.9464
      vertex 38.9712 0 18.1726
      vertex 40.4068 0 14.7069
    endloop
  endfacet
  facet normal 0 1 0
    outer loop
      vertex 32.0602 0 21.0744
      vertex 29.9081 0 13.9464
      vertex 28.5788 0 16.5
    endloop
  endfacet
  facet normal 0 1 0
    outer loop
      vertex 40.4068 0 14.7069
      vertex 31.0098 0 11.2867
      vertex 29.9081 0 13.9464
    endloop
  endfacet
  facet normal 0 1 0
    outer loop
      vertex 41.5348 0 11.1292
      vertex 31.0098 0 11.2867
      vertex 40.4068 0 14.7069
    endloop
  endfacet
  facet normal 0 1 0
    outer loop
      vertex 41.5348 0 11.1292
      vertex 31.8755 0 8.54102
      vertex 31.0098 0 11.2867
    endloop
  endfacet
  facet normal 0 1 0
    outer loop
      vertex 42.3467 0 7.46686
      vertex 31.8755 0 8.54102
      vertex 41.5348 0 11.1292
    endloop
  endfacet
  facet normal 0 1 0
    outer loop
      vertex 42.3467 0 7.46686
      vertex 32.4986 0 5.73038
      vertex 31.8755 0 8.54102
    endloop
  endfacet
  facet normal 0 1 0
    outer loop
      vertex 42.8364 0 3.7477
      vertex 32.4986 0 5.73038
      vertex 42.3467 0 7.46686
    endloop
  endfacet
  facet normal 0 1 0
    outer loop
      vertex 42.8364 0 3.7477
      vertex 32.8744 0 2.87613
      vertex 32.4986 0 5.73038
    endloop
  endfacet
  facet normal 0 1 0
    outer loop
      vertex 43 0 0
      vertex 32.8744 0 2.87613
      vertex 42.8364 0 3.7477
    endloop
  endfacet
  facet normal 0 1 0
    outer loop
      vertex 43 0 0
      vertex 33 0 0
      vertex 32.8744 0 2.87613
    endloop
  endfacet
  facet normal 0 1 0
    outer loop
      vertex 43 0 0
      vertex 32.8744 0 -2.87613
      vertex 33 0 0
    endloop
  endfacet
  facet normal 0 1 -0
    outer loop
      vertex 42.8364 0 -3.7477
      vertex 32.8744 0 -2.87613
      vertex 43 0 0
    endloop
  endfacet
  facet normal 0 1 0
    outer loop
      vertex 42.8364 0 -3.7477
      vertex 32.4986 0 -5.73038
      vertex 32.8744 0 -2.87613
    endloop
  endfacet
  facet normal 0 1 -0
    outer loop
      vertex 42.3467 0 -7.46686
      vertex 32.4986 0 -5.73038
      vertex 42.8364 0 -3.7477
    endloop
  endfacet
  facet normal 0 1 0
    outer loop
      vertex 42.3467 0 -7.46686
      vertex 31.8755 0 -8.54102
      vertex 32.4986 0 -5.73038
    endloop
  endfacet
  facet normal 0 1 -0
    outer loop
      vertex 41.5348 0 -11.1292
      vertex 31.8755 0 -8.54102
      vertex 42.3467 0 -7.46686
    endloop
  endfacet
  facet normal 0 1 0
    outer loop
      vertex 41.5348 0 -11.1292
      vertex 31.0098 0 -11.2867
      vertex 31.8755 0 -8.54102
    endloop
  endfacet
  facet normal 0 1 -0
    outer loop
      vertex 40.4068 0 -14.7069
      vertex 31.0098 0 -11.2867
      vertex 41.5348 0 -11.1292
    endloop
  endfacet
  facet normal 0 1 0
    outer loop
      vertex 31.0098 0 -11.2867
      vertex 40.4068 0 -14.7069
      vertex 29.9081 0 -13.9464
    endloop
  endfacet
  facet normal 0 1 -0
    outer loop
      vertex 38.9712 0 -18.1726
      vertex 29.9081 0 -13.9464
      vertex 40.4068 0 -14.7069
    endloop
  endfacet
  facet normal 0 1 -0
    outer loop
      vertex 32.3916 0 -21.1479
      vertex 29.9081 0 -13.9464
      vertex 38.9712 0 -18.1726
    endloop
  endfacet
  facet normal -0 1 -0
    outer loop
      vertex 32.1727 0 -21.0892
      vertex 29.9081 0 -13.9464
      vertex 32.2834 0 -21.1138
    endloop
  endfacet
  facet normal -0 1 -0
    outer loop
      vertex 31.9469 0 -21.0695
      vertex 28.5788 0 -16.5
      vertex 32.0602 0 -21.0744
    endloop
  endfacet
  facet normal 0 1 -0
    outer loop
      vertex 31.8336 0 -21.0744
      vertex 28.5788 0 -16.5
      vertex 31.9469 0 -21.0695
    endloop
  endfacet
  facet normal 0 1 0
    outer loop
      vertex 28.5788 0 -16.5
      vertex 32.1727 0 -21.0892
      vertex 32.0602 0 -21.0744
    endloop
  endfacet
  facet normal 0 1 0
    outer loop
      vertex 29.9081 0 -13.9464
      vertex 32.1727 0 -21.0892
      vertex 28.5788 0 -16.5
    endloop
  endfacet
  facet normal 0 1 0
    outer loop
      vertex 29.9081 0 -13.9464
      vertex 32.3916 0 -21.1479
      vertex 32.2834 0 -21.1138
    endloop
  endfacet
  facet normal 0 1 0
    outer loop
      vertex 38.9712 0 -18.1726
      vertex 32.4963 0 -21.1913
      vertex 32.3916 0 -21.1479
    endloop
  endfacet
  facet normal 0 1 0
    outer loop
      vertex 38.9712 0 -18.1726
      vertex 32.5969 0 -21.2436
      vertex 32.4963 0 -21.1913
    endloop
  endfacet
  facet normal 0 1 0
    outer loop
      vertex 38.9712 0 -18.1726
      vertex 32.6926 0 -21.3046
      vertex 32.5969 0 -21.2436
    endloop
  endfacet
  facet normal 0 1 0
    outer loop
      vertex 38.9712 0 -18.1726
      vertex 32.7826 0 -21.3736
      vertex 32.6926 0 -21.3046
    endloop
  endfacet
  facet normal 0 1 -0
    outer loop
      vertex 37.2391 0 -21.5
      vertex 32.7826 0 -21.3736
      vertex 38.9712 0 -18.1726
    endloop
  endfacet
  facet normal 0 1 0
    outer loop
      vertex 32.7826 0 -21.3736
      vertex 37.2391 0 -21.5
      vertex 32.8662 0 -21.4502
    endloop
  endfacet
  facet normal 0 1 0
    outer loop
      vertex 37.2391 0 -21.5
      vertex 32.9428 0 -21.5339
      vertex 32.8662 0 -21.4502
    endloop
  endfacet
  facet normal 0 1 0
    outer loop
      vertex 37.2391 0 -21.5
      vertex 33.0118 0 -21.6238
      vertex 32.9428 0 -21.5339
    endloop
  endfacet
  facet normal 0 1 0
    outer loop
      vertex 37.2391 0 -21.5
      vertex 33.0728 0 -21.7195
      vertex 33.0118 0 -21.6238
    endloop
  endfacet
  facet normal 0 1 0
    outer loop
      vertex 37.2391 0 -21.5
      vertex 33.1251 0 -21.8201
      vertex 33.0728 0 -21.7195
    endloop
  endfacet
  facet normal 0 1 0
    outer loop
      vertex 37.2391 0 -21.5
      vertex 33.1685 0 -21.9249
      vertex 33.1251 0 -21.8201
    endloop
  endfacet
  facet normal 0 1 0
    outer loop
      vertex 37.2391 0 -21.5
      vertex 33.2026 0 -22.033
      vertex 33.1685 0 -21.9249
    endloop
  endfacet
  facet normal 0 1 0
    outer loop
      vertex 37.2391 0 -21.5
      vertex 33.2272 0 -22.1437
      vertex 33.2026 0 -22.033
    endloop
  endfacet
  facet normal 0 1 0
    outer loop
      vertex 37.2391 0 -21.5
      vertex 33.242 0 -22.2562
      vertex 33.2272 0 -22.1437
    endloop
  endfacet
  facet normal 0 1 0
    outer loop
      vertex 37.2391 0 -21.5
      vertex 33.2469 0 -22.3695
      vertex 33.242 0 -22.2562
    endloop
  endfacet
  facet normal 0 1 0
    outer loop
      vertex 37.2391 0 -21.5
      vertex 33.242 0 -22.4828
      vertex 33.2469 0 -22.3695
    endloop
  endfacet
  facet normal 0 1 -0
    outer loop
      vertex 35.2235 0 -24.6638
      vertex 33.242 0 -22.4828
      vertex 37.2391 0 -21.5
    endloop
  endfacet
  facet normal 0 1 0
    outer loop
      vertex 33.242 0 -22.4828
      vertex 35.2235 0 -24.6638
      vertex 33.2272 0 -22.5952
    endloop
  endfacet
  facet normal 0 1 0
    outer loop
      vertex 33.2272 0 -22.5952
      vertex 35.2235 0 -24.6638
      vertex 33.2026 0 -22.7059
    endloop
  endfacet
  facet normal 0 1 0
    outer loop
      vertex 33.2026 0 -22.7059
      vertex 35.2235 0 -24.6638
      vertex 33.1685 0 -22.8141
    endloop
  endfacet
  facet normal 0 1 0
    outer loop
      vertex 33.1685 0 -22.8141
      vertex 35.2235 0 -24.6638
      vertex 33.1251 0 -22.9189
    endloop
  endfacet
  facet normal 0 1 0
    outer loop
      vertex 33.1251 0 -22.9189
      vertex 35.2235 0 -24.6638
      vertex 33.0728 0 -23.0195
    endloop
  endfacet
  facet normal 0 1 0
    outer loop
      vertex 33.0728 0 -23.0195
      vertex 35.2235 0 -24.6638
      vertex 33.0118 0 -23.1151
    endloop
  endfacet
  facet normal 0 1 0
    outer loop
      vertex 33.0118 0 -23.1151
      vertex 35.2235 0 -24.6638
      vertex 32.9428 0 -23.2051
    endloop
  endfacet
  facet normal 0 1 0
    outer loop
      vertex 32.9428 0 -23.2051
      vertex 35.2235 0 -24.6638
      vertex 32.8662 0 -23.2887
    endloop
  endfacet
  facet normal 0 1 0
    outer loop
      vertex 32.8662 0 -23.2887
      vertex 35.2235 0 -24.6638
      vertex 32.7826 0 -23.3653
    endloop
  endfacet
  facet normal 0 1 0
    outer loop
      vertex 32.7826 0 -23.3653
      vertex 35.2235 0 -24.6638
      vertex 32.6926 0 -23.4344
    endloop
  endfacet
  facet normal 0 1 0
    outer loop
      vertex 32.6926 0 -23.4344
      vertex 35.2235 0 -24.6638
      vertex 32.5969 0 -23.4953
    endloop
  endfacet
  facet normal 0 1 0
    outer loop
      vertex 32.1727 0 -23.6497
      vertex 32.9399 0 -27.6399
      vertex 32.0602 0 -23.6645
    endloop
  endfacet
  facet normal 0 1 0
    outer loop
      vertex 32.2834 0 -23.6252
      vertex 32.9399 0 -27.6399
      vertex 32.1727 0 -23.6497
    endloop
  endfacet
  facet normal 0 1 0
    outer loop
      vertex 32.3916 0 -23.5911
      vertex 32.9399 0 -27.6399
      vertex 32.2834 0 -23.6252
    endloop
  endfacet
  facet normal 0 1 -0
    outer loop
      vertex 32.9399 0 -27.6399
      vertex 32.3916 0 -23.5911
      vertex 35.2235 0 -24.6638
    endloop
  endfacet
  facet normal 0 1 0
    outer loop
      vertex 32.4963 0 -23.5477
      vertex 35.2235 0 -24.6638
      vertex 32.3916 0 -23.5911
    endloop
  endfacet
  facet normal 0 1 0
    outer loop
      vertex 32.5969 0 -23.4953
      vertex 35.2235 0 -24.6638
      vertex 32.4963 0 -23.5477
    endloop
  endfacet
  facet normal 0 1 0
    outer loop
      vertex 0 0 33
      vertex 0 0 43
      vertex 3.7477 0 42.8364
    endloop
  endfacet
  facet normal 0 1 0
    outer loop
      vertex 2.87613 0 32.8744
      vertex 3.7477 0 42.8364
      vertex 7.46686 0 42.3467
    endloop
  endfacet
  facet normal 0 1 0
    outer loop
      vertex 0 0 43
      vertex 0 0 33
      vertex -3.7477 0 42.8364
    endloop
  endfacet
  facet normal 0 1 0
    outer loop
      vertex 5.73038 0 32.4986
      vertex 7.46686 0 42.3467
      vertex 11.1292 0 41.5348
    endloop
  endfacet
  facet normal 0 1 -0
    outer loop
      vertex -2.87613 0 32.8744
      vertex -3.7477 0 42.8364
      vertex 0 0 33
    endloop
  endfacet
  facet normal 0 1 0
    outer loop
      vertex 8.54102 0 31.8755
      vertex 11.1292 0 41.5348
      vertex 14.7069 0 40.4068
    endloop
  endfacet
  facet normal 0 1 0
    outer loop
      vertex -3.7477 0 42.8364
      vertex -2.87613 0 32.8744
      vertex -7.46686 0 42.3467
    endloop
  endfacet
  facet normal 0 1 0
    outer loop
      vertex 11.2867 0 31.0098
      vertex 14.7069 0 40.4068
      vertex 18.1726 0 38.9712
    endloop
  endfacet
  facet normal 0 1 -0
    outer loop
      vertex -5.73038 0 32.4986
      vertex -7.46686 0 42.3467
      vertex -2.87613 0 32.8744
    endloop
  endfacet
  facet normal 0 1 0
    outer loop
      vertex 13.9464 0 29.9081
      vertex 18.1726 0 38.9712
      vertex 21.5 0 37.2391
    endloop
  endfacet
  facet normal 0 1 0
    outer loop
      vertex -7.46686 0 42.3467
      vertex -5.73038 0 32.4986
      vertex -11.1292 0 41.5348
    endloop
  endfacet
  facet normal 0 1 0
    outer loop
      vertex 16.5 0 28.5788
      vertex 21.5 0 37.2391
      vertex 24.6638 0 35.2235
    endloop
  endfacet
  facet normal 0 1 -0
    outer loop
      vertex -8.54102 0 31.8755
      vertex -11.1292 0 41.5348
      vertex -5.73038 0 32.4986
    endloop
  endfacet
  facet normal 0 1 0
    outer loop
      vertex -11.1292 0 41.5348
      vertex -8.54102 0 31.8755
      vertex -14.7069 0 40.4068
    endloop
  endfacet
  facet normal 0 1 0
    outer loop
      vertex 18.928 0 27.032
      vertex 24.6638 0 35.2235
      vertex 27.6399 0 32.9399
    endloop
  endfacet
  facet normal 0 1 0
    outer loop
      vertex 3.7477 0 42.8364
      vertex 2.87613 0 32.8744
      vertex 0 0 33
    endloop
  endfacet
  facet normal 0 1 0
    outer loop
      vertex 7.46686 0 42.3467
      vertex 5.73038 0 32.4986
      vertex 2.87613 0 32.8744
    endloop
  endfacet
  facet normal 0 1 0
    outer loop
      vertex 11.1292 0 41.5348
      vertex 8.54102 0 31.8755
      vertex 5.73038 0 32.4986
    endloop
  endfacet
  facet normal 0 1 0
    outer loop
      vertex 14.7069 0 40.4068
      vertex 11.2867 0 31.0098
      vertex 8.54102 0 31.8755
    endloop
  endfacet
  facet normal 0 1 0
    outer loop
      vertex 21.212 0 25.2795
      vertex 27.6399 0 32.9399
      vertex 30.4056 0 30.4056
    endloop
  endfacet
  facet normal 0 1 0
    outer loop
      vertex 18.1726 0 38.9712
      vertex 13.9464 0 29.9081
      vertex 11.2867 0 31.0098
    endloop
  endfacet
  facet normal 0 1 0
    outer loop
      vertex 21.5 0 37.2391
      vertex 16.5 0 28.5788
      vertex 13.9464 0 29.9081
    endloop
  endfacet
  facet normal 0 1 -0
    outer loop
      vertex 31.2013 0 23.4344
      vertex 30.4056 0 30.4056
      vertex 32.9399 0 27.6399
    endloop
  endfacet
  facet normal 0 1 0
    outer loop
      vertex 24.6638 0 35.2235
      vertex 18.928 0 27.032
      vertex 16.5 0 28.5788
    endloop
  endfacet
  facet normal 0 1 0
    outer loop
      vertex 27.6399 0 32.9399
      vertex 21.212 0 25.2795
      vertex 18.928 0 27.032
    endloop
  endfacet
  facet normal 0 1 0
    outer loop
      vertex 32.3916 0 23.5911
      vertex 32.9399 0 27.6399
      vertex 35.2235 0 24.6638
    endloop
  endfacet
  facet normal 0 1 0
    outer loop
      vertex 32.9399 0 27.6399
      vertex 31.9469 0 23.6695
      vertex 31.8336 0 23.6645
    endloop
  endfacet
  facet normal 0 1 0
    outer loop
      vertex 32.9399 0 27.6399
      vertex 31.8336 0 23.6645
      vertex 31.7212 0 23.6497
    endloop
  endfacet
  facet normal 0 1 0
    outer loop
      vertex 31.6105 0 23.6252
      vertex 32.9399 0 27.6399
      vertex 31.7212 0 23.6497
    endloop
  endfacet
  facet normal 0 1 0
    outer loop
      vertex 31.5023 0 23.5911
      vertex 32.9399 0 27.6399
      vertex 31.6105 0 23.6252
    endloop
  endfacet
  facet normal 0 1 0
    outer loop
      vertex 31.3975 0 23.5477
      vertex 32.9399 0 27.6399
      vertex 31.5023 0 23.5911
    endloop
  endfacet
  facet normal 0 1 0
    outer loop
      vertex 31.2969 0 23.4953
      vertex 32.9399 0 27.6399
      vertex 31.3975 0 23.5477
    endloop
  endfacet
  facet normal 0 1 0
    outer loop
      vertex 31.2013 0 23.4344
      vertex 32.9399 0 27.6399
      vertex 31.2969 0 23.4953
    endloop
  endfacet
  facet normal 0 1 0
    outer loop
      vertex 30.4056 0 30.4056
      vertex 31.2013 0 23.4344
      vertex 31.1113 0 23.3653
    endloop
  endfacet
  facet normal 0 1 -0
    outer loop
      vertex 31.0277 0 23.2887
      vertex 30.4056 0 30.4056
      vertex 31.1113 0 23.3653
    endloop
  endfacet
  facet normal 0 1 0
    outer loop
      vertex 30.4056 0 30.4056
      vertex 23.3345 0 23.3345
      vertex 21.212 0 25.2795
    endloop
  endfacet
  facet normal 0 1 -0
    outer loop
      vertex 30.9511 0 23.2051
      vertex 30.4056 0 30.4056
      vertex 31.0277 0 23.2887
    endloop
  endfacet
  facet normal 0 1 0
    outer loop
      vertex 30.4056 0 30.4056
      vertex 30.9511 0 23.2051
      vertex 23.3345 0 23.3345
    endloop
  endfacet
  facet normal 0 1 -0
    outer loop
      vertex 30.882 0 23.1151
      vertex 23.3345 0 23.3345
      vertex 30.9511 0 23.2051
    endloop
  endfacet
  facet normal 0 1 -0
    outer loop
      vertex 30.8211 0 23.0195
      vertex 23.3345 0 23.3345
      vertex 30.882 0 23.1151
    endloop
  endfacet
  facet normal 0 1 -0
    outer loop
      vertex 30.7687 0 22.9189
      vertex 23.3345 0 23.3345
      vertex 30.8211 0 23.0195
    endloop
  endfacet
  facet normal 0 1 0
    outer loop
      vertex 25.2795 0 21.212
      vertex 30.7687 0 22.9189
      vertex 30.7253 0 22.8141
    endloop
  endfacet
  facet normal 0 1 0
    outer loop
      vertex 25.2795 0 21.212
      vertex 30.7253 0 22.8141
      vertex 30.6912 0 22.7059
    endloop
  endfacet
  facet normal 0 1 0
    outer loop
      vertex 25.2795 0 21.212
      vertex 30.6912 0 22.7059
      vertex 30.6667 0 22.5952
    endloop
  endfacet
  facet normal 0 1 0
    outer loop
      vertex 25.2795 0 21.212
      vertex 30.6667 0 22.5952
      vertex 30.6519 0 22.4828
    endloop
  endfacet
  facet normal 0 1 0
    outer loop
      vertex 25.2795 0 21.212
      vertex 30.6519 0 22.4828
      vertex 30.6469 0 22.3695
    endloop
  endfacet
  facet normal 0 1 0
    outer loop
      vertex 25.2795 0 21.212
      vertex 30.6469 0 22.3695
      vertex 30.6519 0 22.2562
    endloop
  endfacet
  facet normal 0 1 0
    outer loop
      vertex 25.2795 0 21.212
      vertex 30.6519 0 22.2562
      vertex 30.6667 0 22.1437
    endloop
  endfacet
  facet normal 0 1 0
    outer loop
      vertex 25.2795 0 21.212
      vertex 30.6667 0 22.1437
      vertex 30.6912 0 22.033
    endloop
  endfacet
  facet normal 0 1 0
    outer loop
      vertex 27.032 0 18.928
      vertex 30.6912 0 22.033
      vertex 30.7253 0 21.9249
    endloop
  endfacet
  facet normal 0 1 0
    outer loop
      vertex 27.032 0 18.928
      vertex 30.7253 0 21.9249
      vertex 30.7687 0 21.8201
    endloop
  endfacet
  facet normal 0 1 0
    outer loop
      vertex 27.032 0 18.928
      vertex 30.7687 0 21.8201
      vertex 30.8211 0 21.7195
    endloop
  endfacet
  facet normal 0 1 0
    outer loop
      vertex 27.032 0 18.928
      vertex 30.8211 0 21.7195
      vertex 30.882 0 21.6238
    endloop
  endfacet
  facet normal 0 1 0
    outer loop
      vertex 27.032 0 18.928
      vertex 30.882 0 21.6238
      vertex 30.9511 0 21.5339
    endloop
  endfacet
  facet normal 0 1 0
    outer loop
      vertex 27.032 0 18.928
      vertex 30.9511 0 21.5339
      vertex 31.0277 0 21.4502
    endloop
  endfacet
  facet normal 0 1 0
    outer loop
      vertex 27.032 0 18.928
      vertex 31.0277 0 21.4502
      vertex 31.1113 0 21.3736
    endloop
  endfacet
  facet normal 0 1 0
    outer loop
      vertex 27.032 0 18.928
      vertex 31.1113 0 21.3736
      vertex 31.2013 0 21.3046
    endloop
  endfacet
  facet normal 0 1 0
    outer loop
      vertex 27.032 0 18.928
      vertex 31.2013 0 21.3046
      vertex 31.2969 0 21.2436
    endloop
  endfacet
  facet normal 0 1 0
    outer loop
      vertex 30.7687 0 22.9189
      vertex 25.2795 0 21.212
      vertex 23.3345 0 23.3345
    endloop
  endfacet
  facet normal 0 1 0
    outer loop
      vertex 27.032 0 18.928
      vertex 31.2969 0 21.2436
      vertex 31.3975 0 21.1913
    endloop
  endfacet
  facet normal 0 1 0
    outer loop
      vertex 27.032 0 18.928
      vertex 31.3975 0 21.1913
      vertex 31.5023 0 21.1479
    endloop
  endfacet
  facet normal 0 1 0
    outer loop
      vertex 27.032 0 18.928
      vertex 31.5023 0 21.1479
      vertex 31.6105 0 21.1138
    endloop
  endfacet
  facet normal 0 1 0
    outer loop
      vertex 27.032 0 18.928
      vertex 31.6105 0 21.1138
      vertex 31.7212 0 21.0892
    endloop
  endfacet
  facet normal 0 1 0
    outer loop
      vertex 27.032 0 18.928
      vertex 31.7212 0 21.0892
      vertex 31.8336 0 21.0744
    endloop
  endfacet
  facet normal 0 1 0
    outer loop
      vertex 27.032 0 18.928
      vertex 31.8336 0 21.0744
      vertex 31.9469 0 21.0695
    endloop
  endfacet
  facet normal 0 1 0
    outer loop
      vertex 30.6912 0 22.033
      vertex 27.032 0 18.928
      vertex 25.2795 0 21.212
    endloop
  endfacet
  facet normal 0 1 -0
    outer loop
      vertex -11.2867 0 31.0098
      vertex -14.7069 0 40.4068
      vertex -8.54102 0 31.8755
    endloop
  endfacet
  facet normal 0 1 0
    outer loop
      vertex -14.7069 0 40.4068
      vertex -11.2867 0 31.0098
      vertex -18.1726 0 38.9712
    endloop
  endfacet
  facet normal 0 1 -0
    outer loop
      vertex -13.9464 0 29.9081
      vertex -18.1726 0 38.9712
      vertex -11.2867 0 31.0098
    endloop
  endfacet
  facet normal 0 1 0
    outer loop
      vertex -18.1726 0 38.9712
      vertex -13.9464 0 29.9081
      vertex -21.5 0 37.2391
    endloop
  endfacet
  facet normal 0 1 -0
    outer loop
      vertex -16.5 0 28.5788
      vertex -21.5 0 37.2391
      vertex -13.9464 0 29.9081
    endloop
  endfacet
  facet normal 0 1 0
    outer loop
      vertex -21.5 0 37.2391
      vertex -16.5 0 28.5788
      vertex -24.6638 0 35.2235
    endloop
  endfacet
  facet normal 0 1 -0
    outer loop
      vertex -18.928 0 27.032
      vertex -24.6638 0 35.2235
      vertex -16.5 0 28.5788
    endloop
  endfacet
  facet normal 0 1 0
    outer loop
      vertex -24.6638 0 35.2235
      vertex -18.928 0 27.032
      vertex -27.6399 0 32.9399
    endloop
  endfacet
  facet normal 0 1 -0
    outer loop
      vertex -21.212 0 25.2795
      vertex -27.6399 0 32.9399
      vertex -18.928 0 27.032
    endloop
  endfacet
  facet normal 0 1 0
    outer loop
      vertex -27.6399 0 32.9399
      vertex -21.212 0 25.2795
      vertex -30.4056 0 30.4056
    endloop
  endfacet
  facet normal 0 1 -0
    outer loop
      vertex -23.3345 0 23.3345
      vertex -30.4056 0 30.4056
      vertex -21.212 0 25.2795
    endloop
  endfacet
  facet normal 0 1 0
    outer loop
      vertex -30.9511 0 23.2051
      vertex -30.4056 0 30.4056
      vertex -23.3345 0 23.3345
    endloop
  endfacet
  facet normal -0 1 -0
    outer loop
      vertex -31.8336 0 23.6645
      vertex -32.9399 0 27.6399
      vertex -31.7212 0 23.6497
    endloop
  endfacet
  facet normal 0 1 -0
    outer loop
      vertex -32.0602 0 23.6645
      vertex -32.9399 0 27.6399
      vertex -31.9469 0 23.6695
    endloop
  endfacet
  facet normal -0 1 -0
    outer loop
      vertex -31.9469 0 23.6695
      vertex -32.9399 0 27.6399
      vertex -31.8336 0 23.6645
    endloop
  endfacet
  facet normal 0 1 0
    outer loop
      vertex -32.9399 0 27.6399
      vertex -31.6105 0 23.6252
      vertex -31.7212 0 23.6497
    endloop
  endfacet
  facet normal 0 1 0
    outer loop
      vertex -32.9399 0 27.6399
      vertex -31.5023 0 23.5911
      vertex -31.6105 0 23.6252
    endloop
  endfacet
  facet normal 0 1 0
    outer loop
      vertex -32.9399 0 27.6399
      vertex -31.3975 0 23.5477
      vertex -31.5023 0 23.5911
    endloop
  endfacet
  facet normal 0 1 0
    outer loop
      vertex -32.9399 0 27.6399
      vertex -31.2969 0 23.4953
      vertex -31.3975 0 23.5477
    endloop
  endfacet
  facet normal 0 1 0
    outer loop
      vertex -32.9399 0 27.6399
      vertex -31.2013 0 23.4344
      vertex -31.2969 0 23.4953
    endloop
  endfacet
  facet normal -0 1 0
    outer loop
      vertex -31.2013 0 23.4344
      vertex -30.4056 0 30.4056
      vertex -31.1113 0 23.3653
    endloop
  endfacet
  facet normal 0 1 0
    outer loop
      vertex -30.4056 0 30.4056
      vertex -31.2013 0 23.4344
      vertex -32.9399 0 27.6399
    endloop
  endfacet
  facet normal 0 1 0
    outer loop
      vertex -30.4056 0 30.4056
      vertex -31.0277 0 23.2887
      vertex -31.1113 0 23.3653
    endloop
  endfacet
  facet normal 0 1 0
    outer loop
      vertex -30.4056 0 30.4056
      vertex -30.9511 0 23.2051
      vertex -31.0277 0 23.2887
    endloop
  endfacet
  facet normal 0 1 0
    outer loop
      vertex -23.3345 0 23.3345
      vertex -30.882 0 23.1151
      vertex -30.9511 0 23.2051
    endloop
  endfacet
  facet normal 0 1 0
    outer loop
      vertex -23.3345 0 23.3345
      vertex -30.8211 0 23.0195
      vertex -30.882 0 23.1151
    endloop
  endfacet
  facet normal 0 1 0
    outer loop
      vertex -23.3345 0 23.3345
      vertex -30.7687 0 22.9189
      vertex -30.8211 0 23.0195
    endloop
  endfacet
  facet normal 0 1 -0
    outer loop
      vertex -25.2795 0 21.212
      vertex -30.7687 0 22.9189
      vertex -23.3345 0 23.3345
    endloop
  endfacet
  facet normal 0 1 0
    outer loop
      vertex -30.7687 0 22.9189
      vertex -25.2795 0 21.212
      vertex -30.7253 0 22.8141
    endloop
  endfacet
  facet normal 0 1 0
    outer loop
      vertex -30.7253 0 22.8141
      vertex -25.2795 0 21.212
      vertex -30.6912 0 22.7059
    endloop
  endfacet
  facet normal 0 1 0
    outer loop
      vertex -30.6912 0 22.7059
      vertex -25.2795 0 21.212
      vertex -30.6667 0 22.5952
    endloop
  endfacet
  facet normal 0 1 0
    outer loop
      vertex -30.6667 0 22.5952
      vertex -25.2795 0 21.212
      vertex -30.6519 0 22.4828
    endloop
  endfacet
  facet normal 0 1 0
    outer loop
      vertex -30.6519 0 22.4828
      vertex -25.2795 0 21.212
      vertex -30.6469 0 22.3695
    endloop
  endfacet
  facet normal 0 1 0
    outer loop
      vertex -30.6469 0 22.3695
      vertex -25.2795 0 21.212
      vertex -30.6519 0 22.2562
    endloop
  endfacet
  facet normal 0 1 0
    outer loop
      vertex -30.6519 0 22.2562
      vertex -25.2795 0 21.212
      vertex -30.6667 0 22.1437
    endloop
  endfacet
  facet normal 0 1 0
    outer loop
      vertex -30.6667 0 22.1437
      vertex -25.2795 0 21.212
      vertex -30.6912 0 22.033
    endloop
  endfacet
  facet normal 0 1 -0
    outer loop
      vertex -27.032 0 18.928
      vertex -30.6912 0 22.033
      vertex -25.2795 0 21.212
    endloop
  endfacet
  facet normal 0 1 0
    outer loop
      vertex -30.6912 0 22.033
      vertex -27.032 0 18.928
      vertex -30.7253 0 21.9249
    endloop
  endfacet
  facet normal 0 1 0
    outer loop
      vertex -30.7253 0 21.9249
      vertex -27.032 0 18.928
      vertex -30.7687 0 21.8201
    endloop
  endfacet
  facet normal 0 1 0
    outer loop
      vertex -30.7687 0 21.8201
      vertex -27.032 0 18.928
      vertex -30.8211 0 21.7195
    endloop
  endfacet
  facet normal 0 1 0
    outer loop
      vertex -30.8211 0 21.7195
      vertex -27.032 0 18.928
      vertex -30.882 0 21.6238
    endloop
  endfacet
  facet normal 0 1 0
    outer loop
      vertex -30.882 0 21.6238
      vertex -27.032 0 18.928
      vertex -30.9511 0 21.5339
    endloop
  endfacet
  facet normal 0 1 0
    outer loop
      vertex -30.9511 0 21.5339
      vertex -27.032 0 18.928
      vertex -31.0277 0 21.4502
    endloop
  endfacet
  facet normal 0 1 0
    outer loop
      vertex -31.0277 0 21.4502
      vertex -27.032 0 18.928
      vertex -31.1113 0 21.3736
    endloop
  endfacet
  facet normal 0 1 0
    outer loop
      vertex -31.1113 0 21.3736
      vertex -27.032 0 18.928
      vertex -31.2013 0 21.3046
    endloop
  endfacet
  facet normal 0 1 0
    outer loop
      vertex -31.2013 0 21.3046
      vertex -27.032 0 18.928
      vertex -31.2969 0 21.2436
    endloop
  endfacet
  facet normal 0 1 -0
    outer loop
      vertex -28.5788 0 16.5
      vertex -31.2969 0 21.2436
      vertex -27.032 0 18.928
    endloop
  endfacet
  facet normal 0 1 0
    outer loop
      vertex -31.2969 0 21.2436
      vertex -28.5788 0 16.5
      vertex -31.3975 0 21.1913
    endloop
  endfacet
  facet normal 0 1 0
    outer loop
      vertex -31.3975 0 21.1913
      vertex -28.5788 0 16.5
      vertex -31.5023 0 21.1479
    endloop
  endfacet
  facet normal 0 1 0
    outer loop
      vertex -31.5023 0 21.1479
      vertex -28.5788 0 16.5
      vertex -31.6105 0 21.1138
    endloop
  endfacet
  facet normal 0 1 0
    outer loop
      vertex -31.6105 0 21.1138
      vertex -28.5788 0 16.5
      vertex -31.7212 0 21.0892
    endloop
  endfacet
  facet normal 0 1 0
    outer loop
      vertex -31.7212 0 21.0892
      vertex -28.5788 0 16.5
      vertex -31.8336 0 21.0744
    endloop
  endfacet
  facet normal 0 1 -0
    outer loop
      vertex -32.1727 0 23.6497
      vertex -32.9399 0 27.6399
      vertex -32.0602 0 23.6645
    endloop
  endfacet
  facet normal 0 1 -0
    outer loop
      vertex -32.2834 0 23.6252
      vertex -32.9399 0 27.6399
      vertex -32.1727 0 23.6497
    endloop
  endfacet
  facet normal 0 1 -0
    outer loop
      vertex -32.3916 0 23.5911
      vertex -32.9399 0 27.6399
      vertex -32.2834 0 23.6252
    endloop
  endfacet
  facet normal 0 1 0
    outer loop
      vertex -32.9399 0 27.6399
      vertex -32.3916 0 23.5911
      vertex -35.2235 0 24.6638
    endloop
  endfacet
  facet normal 0 1 -0
    outer loop
      vertex -32.4963 0 23.5477
      vertex -35.2235 0 24.6638
      vertex -32.3916 0 23.5911
    endloop
  endfacet
  facet normal 0 1 -0
    outer loop
      vertex -32.5969 0 23.4953
      vertex -35.2235 0 24.6638
      vertex -32.4963 0 23.5477
    endloop
  endfacet
  facet normal 0 1 -0
    outer loop
      vertex -32.6926 0 23.4344
      vertex -35.2235 0 24.6638
      vertex -32.5969 0 23.4953
    endloop
  endfacet
  facet normal 0 1 -0
    outer loop
      vertex -32.7826 0 23.3653
      vertex -35.2235 0 24.6638
      vertex -32.6926 0 23.4344
    endloop
  endfacet
  facet normal 0 1 -0
    outer loop
      vertex -32.8662 0 23.2887
      vertex -35.2235 0 24.6638
      vertex -32.7826 0 23.3653
    endloop
  endfacet
  facet normal 0 1 -0
    outer loop
      vertex -32.9428 0 23.2051
      vertex -35.2235 0 24.6638
      vertex -32.8662 0 23.2887
    endloop
  endfacet
  facet normal 0 1 -0
    outer loop
      vertex -33.0118 0 23.1151
      vertex -35.2235 0 24.6638
      vertex -32.9428 0 23.2051
    endloop
  endfacet
  facet normal 0 1 -0
    outer loop
      vertex -33.0728 0 23.0195
      vertex -35.2235 0 24.6638
      vertex -33.0118 0 23.1151
    endloop
  endfacet
  facet normal 0 1 -0
    outer loop
      vertex -33.1251 0 22.9189
      vertex -35.2235 0 24.6638
      vertex -33.0728 0 23.0195
    endloop
  endfacet
  facet normal 0 1 -0
    outer loop
      vertex -33.1685 0 22.8141
      vertex -35.2235 0 24.6638
      vertex -33.1251 0 22.9189
    endloop
  endfacet
  facet normal 0 1 -0
    outer loop
      vertex -33.2026 0 22.7059
      vertex -35.2235 0 24.6638
      vertex -33.1685 0 22.8141
    endloop
  endfacet
  facet normal 0 1 -0
    outer loop
      vertex -33.2272 0 22.5952
      vertex -35.2235 0 24.6638
      vertex -33.2026 0 22.7059
    endloop
  endfacet
  facet normal 0 1 -0
    outer loop
      vertex -33.242 0 22.4828
      vertex -35.2235 0 24.6638
      vertex -33.2272 0 22.5952
    endloop
  endfacet
  facet normal 0 1 -0
    outer loop
      vertex -33.2469 0 22.3695
      vertex -35.2235 0 24.6638
      vertex -33.242 0 22.4828
    endloop
  endfacet
  facet normal 0 1 0
    outer loop
      vertex -37.2391 0 21.5
      vertex -33.2469 0 22.3695
      vertex -33.242 0 22.2562
    endloop
  endfacet
  facet normal 0 1 0
    outer loop
      vertex -37.2391 0 21.5
      vertex -33.242 0 22.2562
      vertex -33.2272 0 22.1437
    endloop
  endfacet
  facet normal 0 1 0
    outer loop
      vertex -37.2391 0 21.5
      vertex -33.2272 0 22.1437
      vertex -33.2026 0 22.033
    endloop
  endfacet
  facet normal 0 1 0
    outer loop
      vertex -37.2391 0 21.5
      vertex -33.2026 0 22.033
      vertex -33.1685 0 21.9249
    endloop
  endfacet
  facet normal 0 1 0
    outer loop
      vertex -37.2391 0 21.5
      vertex -33.1685 0 21.9249
      vertex -33.1251 0 21.8201
    endloop
  endfacet
  facet normal 0 1 0
    outer loop
      vertex -37.2391 0 21.5
      vertex -33.1251 0 21.8201
      vertex -33.0728 0 21.7195
    endloop
  endfacet
  facet normal 0 1 0
    outer loop
      vertex -37.2391 0 21.5
      vertex -33.0728 0 21.7195
      vertex -33.0118 0 21.6238
    endloop
  endfacet
  facet normal 0 1 0
    outer loop
      vertex -33.2469 0 22.3695
      vertex -37.2391 0 21.5
      vertex -35.2235 0 24.6638
    endloop
  endfacet
  facet normal 0 1 0
    outer loop
      vertex -32.9428 0 21.5339
      vertex -37.2391 0 21.5
      vertex -33.0118 0 21.6238
    endloop
  endfacet
  facet normal 0 1 0
    outer loop
      vertex -32.8662 0 21.4502
      vertex -37.2391 0 21.5
      vertex -32.9428 0 21.5339
    endloop
  endfacet
  facet normal 0 1 0
    outer loop
      vertex -32.7826 0 21.3736
      vertex -37.2391 0 21.5
      vertex -32.8662 0 21.4502
    endloop
  endfacet
  facet normal 0 1 0
    outer loop
      vertex -32.6926 0 21.3046
      vertex -37.2391 0 21.5
      vertex -32.7826 0 21.3736
    endloop
  endfacet
  facet normal 0 1 0
    outer loop
      vertex -38.9712 0 18.1726
      vertex -32.6926 0 21.3046
      vertex -32.5969 0 21.2436
    endloop
  endfacet
  facet normal 0 1 0
    outer loop
      vertex -38.9712 0 18.1726
      vertex -32.5969 0 21.2436
      vertex -32.4963 0 21.1913
    endloop
  endfacet
  facet normal 0 1 0
    outer loop
      vertex -38.9712 0 18.1726
      vertex -32.4963 0 21.1913
      vertex -32.3916 0 21.1479
    endloop
  endfacet
  facet normal 0 1 0
    outer loop
      vertex -29.9081 0 13.9464
      vertex -32.3916 0 21.1479
      vertex -32.2834 0 21.1138
    endloop
  endfacet
  facet normal 0 1 0
    outer loop
      vertex -29.9081 0 13.9464
      vertex -32.2834 0 21.1138
      vertex -32.1727 0 21.0892
    endloop
  endfacet
  facet normal 0 1 0
    outer loop
      vertex -29.9081 0 13.9464
      vertex -32.1727 0 21.0892
      vertex -32.0602 0 21.0744
    endloop
  endfacet
  facet normal 0 1 0
    outer loop
      vertex -31.8336 0 21.0744
      vertex -28.5788 0 16.5
      vertex -31.9469 0 21.0695
    endloop
  endfacet
  facet normal 0 1 0
    outer loop
      vertex -31.9469 0 21.0695
      vertex -28.5788 0 16.5
      vertex -32.0602 0 21.0744
    endloop
  endfacet
  facet normal 0 1 -0
    outer loop
      vertex -29.9081 0 13.9464
      vertex -32.0602 0 21.0744
      vertex -28.5788 0 16.5
    endloop
  endfacet
  facet normal 0 1 0
    outer loop
      vertex -32.6926 0 21.3046
      vertex -38.9712 0 18.1726
      vertex -37.2391 0 21.5
    endloop
  endfacet
  facet normal 0 1 0
    outer loop
      vertex -32.3916 0 21.1479
      vertex -29.9081 0 13.9464
      vertex -38.9712 0 18.1726
    endloop
  endfacet
  facet normal 0 1 0
    outer loop
      vertex -38.9712 0 18.1726
      vertex -29.9081 0 13.9464
      vertex -40.4068 0 14.7069
    endloop
  endfacet
  facet normal 0 1 -0
    outer loop
      vertex -31.0098 0 11.2867
      vertex -40.4068 0 14.7069
      vertex -29.9081 0 13.9464
    endloop
  endfacet
  facet normal 0 1 0
    outer loop
      vertex -31.0098 0 11.2867
      vertex -41.5348 0 11.1292
      vertex -40.4068 0 14.7069
    endloop
  endfacet
  facet normal 0 1 -0
    outer loop
      vertex -31.8755 0 8.54102
      vertex -41.5348 0 11.1292
      vertex -31.0098 0 11.2867
    endloop
  endfacet
  facet normal 0 1 0
    outer loop
      vertex -31.8755 0 8.54102
      vertex -42.3467 0 7.46686
      vertex -41.5348 0 11.1292
    endloop
  endfacet
  facet normal 0 1 -0
    outer loop
      vertex -32.4986 0 5.73038
      vertex -42.3467 0 7.46686
      vertex -31.8755 0 8.54102
    endloop
  endfacet
  facet normal 0 1 0
    outer loop
      vertex -32.4986 0 5.73038
      vertex -42.8364 0 3.7477
      vertex -42.3467 0 7.46686
    endloop
  endfacet
  facet normal 0 1 -0
    outer loop
      vertex -32.8744 0 2.87613
      vertex -42.8364 0 3.7477
      vertex -32.4986 0 5.73038
    endloop
  endfacet
  facet normal 0 1 -0
    outer loop
      vertex -33 0 0
      vertex -42.8364 0 3.7477
      vertex -32.8744 0 2.87613
    endloop
  endfacet
  facet normal 0 1 0
    outer loop
      vertex -33 0 0
      vertex -43 0 0
      vertex -42.8364 0 3.7477
    endloop
  endfacet
  facet normal 0 1 0
    outer loop
      vertex -32.8744 0 -2.87613
      vertex -43 0 0
      vertex -33 0 0
    endloop
  endfacet
  facet normal 0 1 0
    outer loop
      vertex -32.8744 0 -2.87613
      vertex -42.8364 0 -3.7477
      vertex -43 0 0
    endloop
  endfacet
  facet normal 0 1 0
    outer loop
      vertex -32.4986 0 -5.73038
      vertex -42.8364 0 -3.7477
      vertex -32.8744 0 -2.87613
    endloop
  endfacet
  facet normal 0 1 0
    outer loop
      vertex -32.4986 0 -5.73038
      vertex -42.3467 0 -7.46686
      vertex -42.8364 0 -3.7477
    endloop
  endfacet
  facet normal 0 1 0
    outer loop
      vertex -31.8755 0 -8.54102
      vertex -42.3467 0 -7.46686
      vertex -32.4986 0 -5.73038
    endloop
  endfacet
  facet normal 0 1 0
    outer loop
      vertex -31.8755 0 -8.54102
      vertex -41.5348 0 -11.1292
      vertex -42.3467 0 -7.46686
    endloop
  endfacet
  facet normal 0 1 0
    outer loop
      vertex -31.0098 0 -11.2867
      vertex -41.5348 0 -11.1292
      vertex -31.8755 0 -8.54102
    endloop
  endfacet
  facet normal 0 1 0
    outer loop
      vertex -40.4068 0 -14.7069
      vertex -31.0098 0 -11.2867
      vertex -29.9081 0 -13.9464
    endloop
  endfacet
  facet normal 0 1 0
    outer loop
      vertex -31.0098 0 -11.2867
      vertex -40.4068 0 -14.7069
      vertex -41.5348 0 -11.1292
    endloop
  endfacet
  facet normal 0 1 0
    outer loop
      vertex -32.1727 0 -21.0892
      vertex -29.9081 0 -13.9464
      vertex -28.5788 0 -16.5
    endloop
  endfacet
  facet normal 0 1 0
    outer loop
      vertex -29.9081 0 -13.9464
      vertex -38.9712 0 -18.1726
      vertex -40.4068 0 -14.7069
    endloop
  endfacet
  facet normal 0 1 0
    outer loop
      vertex -31.2969 0 -21.2436
      vertex -28.5788 0 -16.5
      vertex -27.032 0 -18.928
    endloop
  endfacet
  facet normal 0 1 0
    outer loop
      vertex -28.5788 0 -16.5
      vertex -31.9469 0 -21.0695
      vertex -32.0602 0 -21.0744
    endloop
  endfacet
  facet normal 0 1 0
    outer loop
      vertex -32.1727 0 -21.0892
      vertex -28.5788 0 -16.5
      vertex -32.0602 0 -21.0744
    endloop
  endfacet
  facet normal 0 1 0
    outer loop
      vertex -29.9081 0 -13.9464
      vertex -32.1727 0 -21.0892
      vertex -32.2834 0 -21.1138
    endloop
  endfacet
  facet normal 0 1 0
    outer loop
      vertex -32.3916 0 -21.1479
      vertex -29.9081 0 -13.9464
      vertex -32.2834 0 -21.1138
    endloop
  endfacet
  facet normal 0 1 0
    outer loop
      vertex -29.9081 0 -13.9464
      vertex -32.3916 0 -21.1479
      vertex -38.9712 0 -18.1726
    endloop
  endfacet
  facet normal 0 1 -0
    outer loop
      vertex -32.4963 0 -21.1913
      vertex -38.9712 0 -18.1726
      vertex -32.3916 0 -21.1479
    endloop
  endfacet
  facet normal 0 1 -0
    outer loop
      vertex -32.5969 0 -21.2436
      vertex -38.9712 0 -18.1726
      vertex -32.4963 0 -21.1913
    endloop
  endfacet
  facet normal 0 1 -0
    outer loop
      vertex -32.6926 0 -21.3046
      vertex -38.9712 0 -18.1726
      vertex -32.5969 0 -21.2436
    endloop
  endfacet
  facet normal 0 1 -0
    outer loop
      vertex -32.7826 0 -21.3736
      vertex -38.9712 0 -18.1726
      vertex -32.6926 0 -21.3046
    endloop
  endfacet
  facet normal 0 1 0
    outer loop
      vertex -37.2391 0 -21.5
      vertex -32.7826 0 -21.3736
      vertex -32.8662 0 -21.4502
    endloop
  endfacet
  facet normal 0 1 0
    outer loop
      vertex -32.7826 0 -21.3736
      vertex -37.2391 0 -21.5
      vertex -38.9712 0 -18.1726
    endloop
  endfacet
  facet normal 0 1 -0
    outer loop
      vertex -32.9428 0 -21.5339
      vertex -37.2391 0 -21.5
      vertex -32.8662 0 -21.4502
    endloop
  endfacet
  facet normal 0 1 -0
    outer loop
      vertex -33.0118 0 -21.6238
      vertex -37.2391 0 -21.5
      vertex -32.9428 0 -21.5339
    endloop
  endfacet
  facet normal 0 1 -0
    outer loop
      vertex -33.0728 0 -21.7195
      vertex -37.2391 0 -21.5
      vertex -33.0118 0 -21.6238
    endloop
  endfacet
  facet normal 0 1 -0
    outer loop
      vertex -33.1251 0 -21.8201
      vertex -37.2391 0 -21.5
      vertex -33.0728 0 -21.7195
    endloop
  endfacet
  facet normal 0 1 -0
    outer loop
      vertex -33.1685 0 -21.9249
      vertex -37.2391 0 -21.5
      vertex -33.1251 0 -21.8201
    endloop
  endfacet
  facet normal 0 1 -0
    outer loop
      vertex -33.2026 0 -22.033
      vertex -37.2391 0 -21.5
      vertex -33.1685 0 -21.9249
    endloop
  endfacet
  facet normal 0 1 -0
    outer loop
      vertex -33.2272 0 -22.1437
      vertex -37.2391 0 -21.5
      vertex -33.2026 0 -22.033
    endloop
  endfacet
  facet normal 0 1 -0
    outer loop
      vertex -33.242 0 -22.2562
      vertex -37.2391 0 -21.5
      vertex -33.2272 0 -22.1437
    endloop
  endfacet
  facet normal 0 1 -0
    outer loop
      vertex -33.2469 0 -22.3695
      vertex -37.2391 0 -21.5
      vertex -33.242 0 -22.2562
    endloop
  endfacet
  facet normal 0 1 0
    outer loop
      vertex -33.242 0 -22.4828
      vertex -37.2391 0 -21.5
      vertex -33.2469 0 -22.3695
    endloop
  endfacet
  facet normal 0 1 0
    outer loop
      vertex -35.2235 0 -24.6638
      vertex -33.242 0 -22.4828
      vertex -33.2272 0 -22.5952
    endloop
  endfacet
  facet normal 0 1 0
    outer loop
      vertex -35.2235 0 -24.6638
      vertex -33.2272 0 -22.5952
      vertex -33.2026 0 -22.7059
    endloop
  endfacet
  facet normal 0 1 0
    outer loop
      vertex -35.2235 0 -24.6638
      vertex -33.2026 0 -22.7059
      vertex -33.1685 0 -22.8141
    endloop
  endfacet
  facet normal 0 1 0
    outer loop
      vertex -35.2235 0 -24.6638
      vertex -33.1685 0 -22.8141
      vertex -33.1251 0 -22.9189
    endloop
  endfacet
  facet normal 0 1 0
    outer loop
      vertex -35.2235 0 -24.6638
      vertex -33.1251 0 -22.9189
      vertex -33.0728 0 -23.0195
    endloop
  endfacet
  facet normal 0 1 0
    outer loop
      vertex -35.2235 0 -24.6638
      vertex -33.0728 0 -23.0195
      vertex -33.0118 0 -23.1151
    endloop
  endfacet
  facet normal 0 1 0
    outer loop
      vertex -35.2235 0 -24.6638
      vertex -33.0118 0 -23.1151
      vertex -32.9428 0 -23.2051
    endloop
  endfacet
  facet normal 0 1 0
    outer loop
      vertex -35.2235 0 -24.6638
      vertex -32.9428 0 -23.2051
      vertex -32.8662 0 -23.2887
    endloop
  endfacet
  facet normal 0 1 0
    outer loop
      vertex -35.2235 0 -24.6638
      vertex -32.8662 0 -23.2887
      vertex -32.7826 0 -23.3653
    endloop
  endfacet
  facet normal 0 1 0
    outer loop
      vertex -35.2235 0 -24.6638
      vertex -32.7826 0 -23.3653
      vertex -32.6926 0 -23.4344
    endloop
  endfacet
  facet normal 0 1 0
    outer loop
      vertex -35.2235 0 -24.6638
      vertex -32.6926 0 -23.4344
      vertex -32.5969 0 -23.4953
    endloop
  endfacet
  facet normal 0 1 0
    outer loop
      vertex -35.2235 0 -24.6638
      vertex -32.5969 0 -23.4953
      vertex -32.4963 0 -23.5477
    endloop
  endfacet
  facet normal 0 1 0
    outer loop
      vertex -33.242 0 -22.4828
      vertex -35.2235 0 -24.6638
      vertex -37.2391 0 -21.5
    endloop
  endfacet
  facet normal 0 1 0
    outer loop
      vertex -32.3916 0 -23.5911
      vertex -35.2235 0 -24.6638
      vertex -32.4963 0 -23.5477
    endloop
  endfacet
  facet normal 0 1 0
    outer loop
      vertex -32.9399 0 -27.6399
      vertex -32.3916 0 -23.5911
      vertex -32.2834 0 -23.6252
    endloop
  endfacet
  facet normal 0 1 0
    outer loop
      vertex -32.9399 0 -27.6399
      vertex -32.2834 0 -23.6252
      vertex -32.1727 0 -23.6497
    endloop
  endfacet
  facet normal 0 1 0
    outer loop
      vertex -32.9399 0 -27.6399
      vertex -32.1727 0 -23.6497
      vertex -32.0602 0 -23.6645
    endloop
  endfacet
  facet normal 0 1 0
    outer loop
      vertex -32.9399 0 -27.6399
      vertex -32.0602 0 -23.6645
      vertex -31.9469 0 -23.6695
    endloop
  endfacet
  facet normal 0 1 0
    outer loop
      vertex -28.5788 0 -16.5
      vertex -31.8336 0 -21.0744
      vertex -31.9469 0 -21.0695
    endloop
  endfacet
  facet normal 0 1 0
    outer loop
      vertex -28.5788 0 -16.5
      vertex -31.7212 0 -21.0892
      vertex -31.8336 0 -21.0744
    endloop
  endfacet
  facet normal 0 1 0
    outer loop
      vertex -28.5788 0 -16.5
      vertex -31.6105 0 -21.1138
      vertex -31.7212 0 -21.0892
    endloop
  endfacet
  facet normal 0 1 0
    outer loop
      vertex -28.5788 0 -16.5
      vertex -31.5023 0 -21.1479
      vertex -31.6105 0 -21.1138
    endloop
  endfacet
  facet normal 0 1 0
    outer loop
      vertex -28.5788 0 -16.5
      vertex -31.3975 0 -21.1913
      vertex -31.5023 0 -21.1479
    endloop
  endfacet
  facet normal 0 1 0
    outer loop
      vertex -30.6912 0 -22.033
      vertex -27.032 0 -18.928
      vertex -25.2795 0 -21.212
    endloop
  endfacet
  facet normal 0 1 0
    outer loop
      vertex -28.5788 0 -16.5
      vertex -31.2969 0 -21.2436
      vertex -31.3975 0 -21.1913
    endloop
  endfacet
  facet normal 0 1 0
    outer loop
      vertex -27.032 0 -18.928
      vertex -31.2013 0 -21.3046
      vertex -31.2969 0 -21.2436
    endloop
  endfacet
  facet normal 0 1 0
    outer loop
      vertex -27.032 0 -18.928
      vertex -31.1113 0 -21.3736
      vertex -31.2013 0 -21.3046
    endloop
  endfacet
  facet normal 0 1 0
    outer loop
      vertex -27.032 0 -18.928
      vertex -31.0277 0 -21.4502
      vertex -31.1113 0 -21.3736
    endloop
  endfacet
  facet normal 0 1 0
    outer loop
      vertex -27.032 0 -18.928
      vertex -30.9511 0 -21.5339
      vertex -31.0277 0 -21.4502
    endloop
  endfacet
  facet normal 0 1 0
    outer loop
      vertex -27.032 0 -18.928
      vertex -30.882 0 -21.6238
      vertex -30.9511 0 -21.5339
    endloop
  endfacet
  facet normal 0 1 0
    outer loop
      vertex -27.032 0 -18.928
      vertex -30.8211 0 -21.7195
      vertex -30.882 0 -21.6238
    endloop
  endfacet
  facet normal 0 1 0
    outer loop
      vertex -27.032 0 -18.928
      vertex -30.7687 0 -21.8201
      vertex -30.8211 0 -21.7195
    endloop
  endfacet
  facet normal 0 1 0
    outer loop
      vertex -27.032 0 -18.928
      vertex -30.7253 0 -21.9249
      vertex -30.7687 0 -21.8201
    endloop
  endfacet
  facet normal 0 1 0
    outer loop
      vertex -27.032 0 -18.928
      vertex -30.6912 0 -22.033
      vertex -30.7253 0 -21.9249
    endloop
  endfacet
  facet normal 0 1 0
    outer loop
      vertex -25.2795 0 -21.212
      vertex -30.6667 0 -22.1437
      vertex -30.6912 0 -22.033
    endloop
  endfacet
  facet normal 0 1 0
    outer loop
      vertex -25.2795 0 -21.212
      vertex -30.6519 0 -22.2562
      vertex -30.6667 0 -22.1437
    endloop
  endfacet
  facet normal 0 1 0
    outer loop
      vertex -25.2795 0 -21.212
      vertex -30.6469 0 -22.3695
      vertex -30.6519 0 -22.2562
    endloop
  endfacet
  facet normal 0 1 0
    outer loop
      vertex -25.2795 0 -21.212
      vertex -30.6519 0 -22.4828
      vertex -30.6469 0 -22.3695
    endloop
  endfacet
  facet normal 0 1 0
    outer loop
      vertex -25.2795 0 -21.212
      vertex -30.6667 0 -22.5952
      vertex -30.6519 0 -22.4828
    endloop
  endfacet
  facet normal 0 1 0
    outer loop
      vertex -25.2795 0 -21.212
      vertex -30.6912 0 -22.7059
      vertex -30.6667 0 -22.5952
    endloop
  endfacet
  facet normal 0 1 0
    outer loop
      vertex -25.2795 0 -21.212
      vertex -30.7253 0 -22.8141
      vertex -30.6912 0 -22.7059
    endloop
  endfacet
  facet normal 0 1 0
    outer loop
      vertex -25.2795 0 -21.212
      vertex -30.7687 0 -22.9189
      vertex -30.7253 0 -22.8141
    endloop
  endfacet
  facet normal 0 1 0
    outer loop
      vertex -25.2795 0 -21.212
      vertex -30.8211 0 -23.0195
      vertex -30.7687 0 -22.9189
    endloop
  endfacet
  facet normal 0 1 0
    outer loop
      vertex -23.3345 0 -23.3345
      vertex -30.8211 0 -23.0195
      vertex -25.2795 0 -21.212
    endloop
  endfacet
  facet normal 0 1 0
    outer loop
      vertex -30.8211 0 -23.0195
      vertex -23.3345 0 -23.3345
      vertex -30.882 0 -23.1151
    endloop
  endfacet
  facet normal 0 1 0
    outer loop
      vertex -30.882 0 -23.1151
      vertex -23.3345 0 -23.3345
      vertex -30.9511 0 -23.2051
    endloop
  endfacet
  facet normal 0 1 -0
    outer loop
      vertex -30.4056 0 -30.4056
      vertex -30.9511 0 -23.2051
      vertex -23.3345 0 -23.3345
    endloop
  endfacet
  facet normal 0 1 0
    outer loop
      vertex -30.9511 0 -23.2051
      vertex -30.4056 0 -30.4056
      vertex -31.0277 0 -23.2887
    endloop
  endfacet
  facet normal 0 1 0
    outer loop
      vertex -31.0277 0 -23.2887
      vertex -30.4056 0 -30.4056
      vertex -31.1113 0 -23.3653
    endloop
  endfacet
  facet normal 0 1 0
    outer loop
      vertex -31.1113 0 -23.3653
      vertex -30.4056 0 -30.4056
      vertex -31.2013 0 -23.4344
    endloop
  endfacet
  facet normal 0 1 0
    outer loop
      vertex -31.2013 0 -23.4344
      vertex -30.4056 0 -30.4056
      vertex -31.2969 0 -23.4953
    endloop
  endfacet
  facet normal -0 1 0
    outer loop
      vertex -32.9399 0 -27.6399
      vertex -31.2969 0 -23.4953
      vertex -30.4056 0 -30.4056
    endloop
  endfacet
  facet normal 0 1 0
    outer loop
      vertex -31.2969 0 -23.4953
      vertex -32.9399 0 -27.6399
      vertex -31.3975 0 -23.5477
    endloop
  endfacet
  facet normal 0 1 0
    outer loop
      vertex -31.3975 0 -23.5477
      vertex -32.9399 0 -27.6399
      vertex -31.5023 0 -23.5911
    endloop
  endfacet
  facet normal 0 1 0
    outer loop
      vertex -31.5023 0 -23.5911
      vertex -32.9399 0 -27.6399
      vertex -31.6105 0 -23.6252
    endloop
  endfacet
  facet normal 0 1 0
    outer loop
      vertex -31.6105 0 -23.6252
      vertex -32.9399 0 -27.6399
      vertex -31.7212 0 -23.6497
    endloop
  endfacet
  facet normal 0 1 0
    outer loop
      vertex -31.7212 0 -23.6497
      vertex -32.9399 0 -27.6399
      vertex -31.8336 0 -23.6645
    endloop
  endfacet
  facet normal 0 1 0
    outer loop
      vertex -30.4056 0 -30.4056
      vertex -23.3345 0 -23.3345
      vertex -21.212 0 -25.2795
    endloop
  endfacet
  facet normal 0 1 0
    outer loop
      vertex -27.6399 0 -32.9399
      vertex -21.212 0 -25.2795
      vertex -18.928 0 -27.032
    endloop
  endfacet
  facet normal 0 1 0
    outer loop
      vertex -32.3916 0 -23.5911
      vertex -32.9399 0 -27.6399
      vertex -35.2235 0 -24.6638
    endloop
  endfacet
  facet normal 0 1 0
    outer loop
      vertex -24.6638 0 -35.2235
      vertex -18.928 0 -27.032
      vertex -16.5 0 -28.5788
    endloop
  endfacet
  facet normal 0 1 0
    outer loop
      vertex -21.5 0 -37.2391
      vertex -16.5 0 -28.5788
      vertex -13.9464 0 -29.9081
    endloop
  endfacet
  facet normal 0 1 0
    outer loop
      vertex -31.8336 0 -23.6645
      vertex -32.9399 0 -27.6399
      vertex -31.9469 0 -23.6695
    endloop
  endfacet
  facet normal 0 1 0
    outer loop
      vertex -18.1726 0 -38.9712
      vertex -13.9464 0 -29.9081
      vertex -11.2867 0 -31.0098
    endloop
  endfacet
  facet normal 0 1 0
    outer loop
      vertex -14.7069 0 -40.4068
      vertex -11.2867 0 -31.0098
      vertex -8.54102 0 -31.8755
    endloop
  endfacet
  facet normal 0 1 0
    outer loop
      vertex -11.1292 0 -41.5348
      vertex -8.54102 0 -31.8755
      vertex -5.73038 0 -32.4986
    endloop
  endfacet
  facet normal 0 1 0
    outer loop
      vertex -7.46686 0 -42.3467
      vertex -5.73038 0 -32.4986
      vertex -2.87613 0 -32.8744
    endloop
  endfacet
  facet normal 0 1 0
    outer loop
      vertex -21.212 0 -25.2795
      vertex -27.6399 0 -32.9399
      vertex -30.4056 0 -30.4056
    endloop
  endfacet
  facet normal 0 1 0
    outer loop
      vertex -3.7477 0 -42.8364
      vertex -2.87613 0 -32.8744
      vertex 0 0 -33
    endloop
  endfacet
  facet normal 0 1 -0
    outer loop
      vertex 11.1292 0 -41.5348
      vertex 8.54102 0 -31.8755
      vertex 14.7069 0 -40.4068
    endloop
  endfacet
  facet normal 0 1 0
    outer loop
      vertex -18.928 0 -27.032
      vertex -24.6638 0 -35.2235
      vertex -27.6399 0 -32.9399
    endloop
  endfacet
  facet normal 0 1 0
    outer loop
      vertex 8.54102 0 -31.8755
      vertex 11.1292 0 -41.5348
      vertex 5.73038 0 -32.4986
    endloop
  endfacet
  facet normal 0 1 0
    outer loop
      vertex -16.5 0 -28.5788
      vertex -21.5 0 -37.2391
      vertex -24.6638 0 -35.2235
    endloop
  endfacet
  facet normal 0 1 -0
    outer loop
      vertex 7.46686 0 -42.3467
      vertex 5.73038 0 -32.4986
      vertex 11.1292 0 -41.5348
    endloop
  endfacet
  facet normal 0 1 0
    outer loop
      vertex -13.9464 0 -29.9081
      vertex -18.1726 0 -38.9712
      vertex -21.5 0 -37.2391
    endloop
  endfacet
  facet normal 0 1 0
    outer loop
      vertex 5.73038 0 -32.4986
      vertex 7.46686 0 -42.3467
      vertex 2.87613 0 -32.8744
    endloop
  endfacet
  facet normal 0 1 0
    outer loop
      vertex -11.2867 0 -31.0098
      vertex -14.7069 0 -40.4068
      vertex -18.1726 0 -38.9712
    endloop
  endfacet
  facet normal 0 1 -0
    outer loop
      vertex 3.7477 0 -42.8364
      vertex 2.87613 0 -32.8744
      vertex 7.46686 0 -42.3467
    endloop
  endfacet
  facet normal 0 1 0
    outer loop
      vertex -8.54102 0 -31.8755
      vertex -11.1292 0 -41.5348
      vertex -14.7069 0 -40.4068
    endloop
  endfacet
  facet normal 0 1 0
    outer loop
      vertex 2.87613 0 -32.8744
      vertex 3.7477 0 -42.8364
      vertex 0 0 -33
    endloop
  endfacet
  facet normal 0 1 0
    outer loop
      vertex -5.73038 0 -32.4986
      vertex -7.46686 0 -42.3467
      vertex -11.1292 0 -41.5348
    endloop
  endfacet
  facet normal 0 1 0
    outer loop
      vertex 0 0 -43
      vertex 0 0 -33
      vertex 3.7477 0 -42.8364
    endloop
  endfacet
  facet normal 0 1 0
    outer loop
      vertex -2.87613 0 -32.8744
      vertex -3.7477 0 -42.8364
      vertex -7.46686 0 -42.3467
    endloop
  endfacet
  facet normal 0 1 0
    outer loop
      vertex 0 0 -33
      vertex 0 0 -43
      vertex -3.7477 0 -42.8364
    endloop
  endfacet
  facet normal 0 1 -0
    outer loop
      vertex 31.7212 0 -21.0892
      vertex 28.5788 0 -16.5
      vertex 31.8336 0 -21.0744
    endloop
  endfacet
  facet normal 0 1 -0
    outer loop
      vertex 31.6105 0 -21.1138
      vertex 28.5788 0 -16.5
      vertex 31.7212 0 -21.0892
    endloop
  endfacet
  facet normal 0 1 -0
    outer loop
      vertex 31.5023 0 -21.1479
      vertex 28.5788 0 -16.5
      vertex 31.6105 0 -21.1138
    endloop
  endfacet
  facet normal 0 1 -0
    outer loop
      vertex 31.3975 0 -21.1913
      vertex 28.5788 0 -16.5
      vertex 31.5023 0 -21.1479
    endloop
  endfacet
  facet normal 0 1 -0
    outer loop
      vertex 31.2969 0 -21.2436
      vertex 28.5788 0 -16.5
      vertex 31.3975 0 -21.1913
    endloop
  endfacet
  facet normal 0 1 0
    outer loop
      vertex 28.5788 0 -16.5
      vertex 31.2969 0 -21.2436
      vertex 27.032 0 -18.928
    endloop
  endfacet
  facet normal 0 1 -0
    outer loop
      vertex 31.2013 0 -21.3046
      vertex 27.032 0 -18.928
      vertex 31.2969 0 -21.2436
    endloop
  endfacet
  facet normal 0 1 -0
    outer loop
      vertex 31.1113 0 -21.3736
      vertex 27.032 0 -18.928
      vertex 31.2013 0 -21.3046
    endloop
  endfacet
  facet normal 0 1 -0
    outer loop
      vertex 31.0277 0 -21.4502
      vertex 27.032 0 -18.928
      vertex 31.1113 0 -21.3736
    endloop
  endfacet
  facet normal 0 1 -0
    outer loop
      vertex 30.9511 0 -21.5339
      vertex 27.032 0 -18.928
      vertex 31.0277 0 -21.4502
    endloop
  endfacet
  facet normal 0 1 -0
    outer loop
      vertex 30.882 0 -21.6238
      vertex 27.032 0 -18.928
      vertex 30.9511 0 -21.5339
    endloop
  endfacet
  facet normal 0 1 -0
    outer loop
      vertex 30.8211 0 -21.7195
      vertex 27.032 0 -18.928
      vertex 30.882 0 -21.6238
    endloop
  endfacet
  facet normal 0 1 -0
    outer loop
      vertex 30.7687 0 -21.8201
      vertex 27.032 0 -18.928
      vertex 30.8211 0 -21.7195
    endloop
  endfacet
  facet normal 0 1 -0
    outer loop
      vertex 30.7253 0 -21.9249
      vertex 27.032 0 -18.928
      vertex 30.7687 0 -21.8201
    endloop
  endfacet
  facet normal 0 1 -0
    outer loop
      vertex 30.6912 0 -22.033
      vertex 27.032 0 -18.928
      vertex 30.7253 0 -21.9249
    endloop
  endfacet
  facet normal 0 1 0
    outer loop
      vertex 27.032 0 -18.928
      vertex 30.6912 0 -22.033
      vertex 25.2795 0 -21.212
    endloop
  endfacet
  facet normal 0 1 -0
    outer loop
      vertex 30.6667 0 -22.1437
      vertex 25.2795 0 -21.212
      vertex 30.6912 0 -22.033
    endloop
  endfacet
  facet normal 0 1 -0
    outer loop
      vertex 30.6519 0 -22.2562
      vertex 25.2795 0 -21.212
      vertex 30.6667 0 -22.1437
    endloop
  endfacet
  facet normal 0 1 -0
    outer loop
      vertex 30.6469 0 -22.3695
      vertex 25.2795 0 -21.212
      vertex 30.6519 0 -22.2562
    endloop
  endfacet
  facet normal 0 1 0
    outer loop
      vertex 30.6519 0 -22.4828
      vertex 25.2795 0 -21.212
      vertex 30.6469 0 -22.3695
    endloop
  endfacet
  facet normal 0 1 0
    outer loop
      vertex 30.6667 0 -22.5952
      vertex 25.2795 0 -21.212
      vertex 30.6519 0 -22.4828
    endloop
  endfacet
  facet normal 0 1 0
    outer loop
      vertex 30.6912 0 -22.7059
      vertex 25.2795 0 -21.212
      vertex 30.6667 0 -22.5952
    endloop
  endfacet
  facet normal 0 1 0
    outer loop
      vertex 30.7253 0 -22.8141
      vertex 25.2795 0 -21.212
      vertex 30.6912 0 -22.7059
    endloop
  endfacet
  facet normal 0 1 0
    outer loop
      vertex 30.7687 0 -22.9189
      vertex 25.2795 0 -21.212
      vertex 30.7253 0 -22.8141
    endloop
  endfacet
  facet normal 0 1 0
    outer loop
      vertex 30.8211 0 -23.0195
      vertex 25.2795 0 -21.212
      vertex 30.7687 0 -22.9189
    endloop
  endfacet
  facet normal 0 1 0
    outer loop
      vertex 23.3345 0 -23.3345
      vertex 30.8211 0 -23.0195
      vertex 30.882 0 -23.1151
    endloop
  endfacet
  facet normal 0 1 0
    outer loop
      vertex 23.3345 0 -23.3345
      vertex 30.882 0 -23.1151
      vertex 30.9511 0 -23.2051
    endloop
  endfacet
  facet normal 0 1 0
    outer loop
      vertex 30.4056 0 -30.4056
      vertex 30.9511 0 -23.2051
      vertex 31.0277 0 -23.2887
    endloop
  endfacet
  facet normal 0 1 0
    outer loop
      vertex 30.8211 0 -23.0195
      vertex 23.3345 0 -23.3345
      vertex 25.2795 0 -21.212
    endloop
  endfacet
  facet normal 0 1 0
    outer loop
      vertex 30.4056 0 -30.4056
      vertex 31.0277 0 -23.2887
      vertex 31.1113 0 -23.3653
    endloop
  endfacet
  facet normal 0 1 0
    outer loop
      vertex 30.4056 0 -30.4056
      vertex 31.1113 0 -23.3653
      vertex 31.2013 0 -23.4344
    endloop
  endfacet
  facet normal 0 1 0
    outer loop
      vertex 30.4056 0 -30.4056
      vertex 31.2013 0 -23.4344
      vertex 31.2969 0 -23.4953
    endloop
  endfacet
  facet normal 0 1 0
    outer loop
      vertex 32.9399 0 -27.6399
      vertex 31.2969 0 -23.4953
      vertex 31.3975 0 -23.5477
    endloop
  endfacet
  facet normal 0 1 0
    outer loop
      vertex 32.9399 0 -27.6399
      vertex 31.3975 0 -23.5477
      vertex 31.5023 0 -23.5911
    endloop
  endfacet
  facet normal 0 1 0
    outer loop
      vertex 32.9399 0 -27.6399
      vertex 31.5023 0 -23.5911
      vertex 31.6105 0 -23.6252
    endloop
  endfacet
  facet normal 0 1 0
    outer loop
      vertex 32.9399 0 -27.6399
      vertex 31.6105 0 -23.6252
      vertex 31.7212 0 -23.6497
    endloop
  endfacet
  facet normal 0 1 0
    outer loop
      vertex 32.9399 0 -27.6399
      vertex 31.7212 0 -23.6497
      vertex 31.8336 0 -23.6645
    endloop
  endfacet
  facet normal 0 1 0
    outer loop
      vertex 32.9399 0 -27.6399
      vertex 31.8336 0 -23.6645
      vertex 31.9469 0 -23.6695
    endloop
  endfacet
  facet normal 0 1 0
    outer loop
      vertex 32.0602 0 -23.6645
      vertex 32.9399 0 -27.6399
      vertex 31.9469 0 -23.6695
    endloop
  endfacet
  facet normal 0 1 0
    outer loop
      vertex 31.2969 0 -23.4953
      vertex 32.9399 0 -27.6399
      vertex 30.4056 0 -30.4056
    endloop
  endfacet
  facet normal 0 1 0
    outer loop
      vertex 30.9511 0 -23.2051
      vertex 30.4056 0 -30.4056
      vertex 23.3345 0 -23.3345
    endloop
  endfacet
  facet normal 0 1 0
    outer loop
      vertex 23.3345 0 -23.3345
      vertex 30.4056 0 -30.4056
      vertex 21.212 0 -25.2795
    endloop
  endfacet
  facet normal 0 1 -0
    outer loop
      vertex 27.6399 0 -32.9399
      vertex 21.212 0 -25.2795
      vertex 30.4056 0 -30.4056
    endloop
  endfacet
  facet normal 0 1 0
    outer loop
      vertex 21.212 0 -25.2795
      vertex 27.6399 0 -32.9399
      vertex 18.928 0 -27.032
    endloop
  endfacet
  facet normal 0 1 -0
    outer loop
      vertex 24.6638 0 -35.2235
      vertex 18.928 0 -27.032
      vertex 27.6399 0 -32.9399
    endloop
  endfacet
  facet normal 0 1 0
    outer loop
      vertex 18.928 0 -27.032
      vertex 24.6638 0 -35.2235
      vertex 16.5 0 -28.5788
    endloop
  endfacet
  facet normal 0 1 -0
    outer loop
      vertex 21.5 0 -37.2391
      vertex 16.5 0 -28.5788
      vertex 24.6638 0 -35.2235
    endloop
  endfacet
  facet normal 0 1 0
    outer loop
      vertex 16.5 0 -28.5788
      vertex 21.5 0 -37.2391
      vertex 13.9464 0 -29.9081
    endloop
  endfacet
  facet normal 0 1 -0
    outer loop
      vertex 18.1726 0 -38.9712
      vertex 13.9464 0 -29.9081
      vertex 21.5 0 -37.2391
    endloop
  endfacet
  facet normal 0 1 0
    outer loop
      vertex 13.9464 0 -29.9081
      vertex 18.1726 0 -38.9712
      vertex 11.2867 0 -31.0098
    endloop
  endfacet
  facet normal 0 1 -0
    outer loop
      vertex 14.7069 0 -40.4068
      vertex 11.2867 0 -31.0098
      vertex 18.1726 0 -38.9712
    endloop
  endfacet
  facet normal 0 1 0
    outer loop
      vertex 11.2867 0 -31.0098
      vertex 14.7069 0 -40.4068
      vertex 8.54102 0 -31.8755
    endloop
  endfacet
  facet normal 0 -1 0
    outer loop
      vertex 28.5788 -3 -16.5
      vertex 31.8336 -3 -21.0744
      vertex 31.9469 -3 -21.0695
    endloop
  endfacet
  facet normal 0 -1 0
    outer loop
      vertex 28.5788 -3 -16.5
      vertex 31.7212 -3 -21.0892
      vertex 31.8336 -3 -21.0744
    endloop
  endfacet
  facet normal 0 -1 0
    outer loop
      vertex 28.5788 -3 -16.5
      vertex 31.6105 -3 -21.1138
      vertex 31.7212 -3 -21.0892
    endloop
  endfacet
  facet normal 0 -1 0
    outer loop
      vertex 28.5788 -3 -16.5
      vertex 31.5023 -3 -21.1479
      vertex 31.6105 -3 -21.1138
    endloop
  endfacet
  facet normal 0 -1 0
    outer loop
      vertex 28.5788 -3 -16.5
      vertex 31.3975 -3 -21.1913
      vertex 31.5023 -3 -21.1479
    endloop
  endfacet
  facet normal 0 -1 0
    outer loop
      vertex 30.6912 -3 -22.033
      vertex 27.032 -3 -18.928
      vertex 25.2795 -3 -21.212
    endloop
  endfacet
  facet normal 0 -1 0
    outer loop
      vertex 28.5788 -3 -16.5
      vertex 31.2969 -3 -21.2436
      vertex 31.3975 -3 -21.1913
    endloop
  endfacet
  facet normal 0 -1 0
    outer loop
      vertex 27.032 -3 -18.928
      vertex 31.2013 -3 -21.3046
      vertex 31.2969 -3 -21.2436
    endloop
  endfacet
  facet normal 0 -1 0
    outer loop
      vertex 27.032 -3 -18.928
      vertex 31.1113 -3 -21.3736
      vertex 31.2013 -3 -21.3046
    endloop
  endfacet
  facet normal 0 -1 0
    outer loop
      vertex 27.032 -3 -18.928
      vertex 31.0277 -3 -21.4502
      vertex 31.1113 -3 -21.3736
    endloop
  endfacet
  facet normal 0 -1 0
    outer loop
      vertex 27.032 -3 -18.928
      vertex 30.9511 -3 -21.5339
      vertex 31.0277 -3 -21.4502
    endloop
  endfacet
  facet normal 0 -1 0
    outer loop
      vertex 27.032 -3 -18.928
      vertex 30.882 -3 -21.6238
      vertex 30.9511 -3 -21.5339
    endloop
  endfacet
  facet normal 0 -1 0
    outer loop
      vertex 27.032 -3 -18.928
      vertex 30.8211 -3 -21.7195
      vertex 30.882 -3 -21.6238
    endloop
  endfacet
  facet normal 0 -1 0
    outer loop
      vertex 27.032 -3 -18.928
      vertex 30.7687 -3 -21.8201
      vertex 30.8211 -3 -21.7195
    endloop
  endfacet
  facet normal 0 -1 0
    outer loop
      vertex 27.032 -3 -18.928
      vertex 30.7253 -3 -21.9249
      vertex 30.7687 -3 -21.8201
    endloop
  endfacet
  facet normal 0 -1 0
    outer loop
      vertex 27.032 -3 -18.928
      vertex 30.6912 -3 -22.033
      vertex 30.7253 -3 -21.9249
    endloop
  endfacet
  facet normal 0 -1 0
    outer loop
      vertex 25.2795 -3 -21.212
      vertex 30.6667 -3 -22.1437
      vertex 30.6912 -3 -22.033
    endloop
  endfacet
  facet normal 0 -1 0
    outer loop
      vertex 25.2795 -3 -21.212
      vertex 30.6519 -3 -22.2562
      vertex 30.6667 -3 -22.1437
    endloop
  endfacet
  facet normal 0 -1 0
    outer loop
      vertex 25.2795 -3 -21.212
      vertex 30.6469 -3 -22.3695
      vertex 30.6519 -3 -22.2562
    endloop
  endfacet
  facet normal 0 -1 0
    outer loop
      vertex 25.2795 -3 -21.212
      vertex 30.6519 -3 -22.4828
      vertex 30.6469 -3 -22.3695
    endloop
  endfacet
  facet normal 0 -1 0
    outer loop
      vertex 25.2795 -3 -21.212
      vertex 30.6667 -3 -22.5952
      vertex 30.6519 -3 -22.4828
    endloop
  endfacet
  facet normal 0 -1 0
    outer loop
      vertex 25.2795 -3 -21.212
      vertex 30.6912 -3 -22.7059
      vertex 30.6667 -3 -22.5952
    endloop
  endfacet
  facet normal 0 -1 0
    outer loop
      vertex 25.2795 -3 -21.212
      vertex 30.7253 -3 -22.8141
      vertex 30.6912 -3 -22.7059
    endloop
  endfacet
  facet normal 0 -1 0
    outer loop
      vertex 25.2795 -3 -21.212
      vertex 30.7687 -3 -22.9189
      vertex 30.7253 -3 -22.8141
    endloop
  endfacet
  facet normal 0 -1 0
    outer loop
      vertex 25.2795 -3 -21.212
      vertex 30.8211 -3 -23.0195
      vertex 30.7687 -3 -22.9189
    endloop
  endfacet
  facet normal 0 -1 0
    outer loop
      vertex 23.3345 -3 -23.3345
      vertex 30.8211 -3 -23.0195
      vertex 25.2795 -3 -21.212
    endloop
  endfacet
  facet normal 0 -1 -0
    outer loop
      vertex 30.8211 -3 -23.0195
      vertex 23.3345 -3 -23.3345
      vertex 30.882 -3 -23.1151
    endloop
  endfacet
  facet normal 0 -1 -0
    outer loop
      vertex 30.882 -3 -23.1151
      vertex 23.3345 -3 -23.3345
      vertex 30.9511 -3 -23.2051
    endloop
  endfacet
  facet normal 0 -1 0
    outer loop
      vertex 30.4056 -3 -30.4056
      vertex 30.9511 -3 -23.2051
      vertex 23.3345 -3 -23.3345
    endloop
  endfacet
  facet normal 0 -1 -0
    outer loop
      vertex 30.9511 -3 -23.2051
      vertex 30.4056 -3 -30.4056
      vertex 31.0277 -3 -23.2887
    endloop
  endfacet
  facet normal 0 -1 -0
    outer loop
      vertex 31.0277 -3 -23.2887
      vertex 30.4056 -3 -30.4056
      vertex 31.1113 -3 -23.3653
    endloop
  endfacet
  facet normal 0 -1 -0
    outer loop
      vertex 31.1113 -3 -23.3653
      vertex 30.4056 -3 -30.4056
      vertex 31.2013 -3 -23.4344
    endloop
  endfacet
  facet normal 0 -1 -0
    outer loop
      vertex 31.2013 -3 -23.4344
      vertex 30.4056 -3 -30.4056
      vertex 31.2969 -3 -23.4953
    endloop
  endfacet
  facet normal -0 -1 0
    outer loop
      vertex 32.9399 -3 -27.6399
      vertex 31.2969 -3 -23.4953
      vertex 30.4056 -3 -30.4056
    endloop
  endfacet
  facet normal 0 -1 0
    outer loop
      vertex 31.2969 -3 -23.4953
      vertex 32.9399 -3 -27.6399
      vertex 31.3975 -3 -23.5477
    endloop
  endfacet
  facet normal 0 -1 0
    outer loop
      vertex 31.3975 -3 -23.5477
      vertex 32.9399 -3 -27.6399
      vertex 31.5023 -3 -23.5911
    endloop
  endfacet
  facet normal 0 -1 0
    outer loop
      vertex 31.5023 -3 -23.5911
      vertex 32.9399 -3 -27.6399
      vertex 31.6105 -3 -23.6252
    endloop
  endfacet
  facet normal 0 -1 0
    outer loop
      vertex 31.6105 -3 -23.6252
      vertex 32.9399 -3 -27.6399
      vertex 31.7212 -3 -23.6497
    endloop
  endfacet
  facet normal 0 -1 0
    outer loop
      vertex 31.7212 -3 -23.6497
      vertex 32.9399 -3 -27.6399
      vertex 31.8336 -3 -23.6645
    endloop
  endfacet
  facet normal 0 -1 0
    outer loop
      vertex 30.4056 -3 -30.4056
      vertex 23.3345 -3 -23.3345
      vertex 21.212 -3 -25.2795
    endloop
  endfacet
  facet normal 0 -1 0
    outer loop
      vertex 27.6399 -3 -32.9399
      vertex 21.212 -3 -25.2795
      vertex 18.928 -3 -27.032
    endloop
  endfacet
  facet normal 0 -1 0
    outer loop
      vertex 31.9469 -3 -23.6695
      vertex 32.9399 -3 -27.6399
      vertex 35.2235 -3 -24.6638
    endloop
  endfacet
  facet normal 0 -1 0
    outer loop
      vertex 24.6638 -3 -35.2235
      vertex 18.928 -3 -27.032
      vertex 16.5 -3 -28.5788
    endloop
  endfacet
  facet normal 0 -1 0
    outer loop
      vertex 21.5 -3 -37.2391
      vertex 16.5 -3 -28.5788
      vertex 13.9464 -3 -29.9081
    endloop
  endfacet
  facet normal 0 -1 0
    outer loop
      vertex 31.8336 -3 -23.6645
      vertex 32.9399 -3 -27.6399
      vertex 31.9469 -3 -23.6695
    endloop
  endfacet
  facet normal 0 -1 0
    outer loop
      vertex 18.1726 -3 -38.9712
      vertex 13.9464 -3 -29.9081
      vertex 11.2867 -3 -31.0098
    endloop
  endfacet
  facet normal 0 -1 0
    outer loop
      vertex 14.7069 -3 -40.4068
      vertex 11.2867 -3 -31.0098
      vertex 8.54102 -3 -31.8755
    endloop
  endfacet
  facet normal 0 -1 0
    outer loop
      vertex 11.1292 -3 -41.5348
      vertex 8.54102 -3 -31.8755
      vertex 5.73038 -3 -32.4986
    endloop
  endfacet
  facet normal 0 -1 0
    outer loop
      vertex 7.46686 -3 -42.3467
      vertex 5.73038 -3 -32.4986
      vertex 2.87613 -3 -32.8744
    endloop
  endfacet
  facet normal 0 -1 0
    outer loop
      vertex 21.212 -3 -25.2795
      vertex 27.6399 -3 -32.9399
      vertex 30.4056 -3 -30.4056
    endloop
  endfacet
  facet normal 0 -1 0
    outer loop
      vertex 3.7477 -3 -42.8364
      vertex 2.87613 -3 -32.8744
      vertex 0 -3 -33
    endloop
  endfacet
  facet normal 0 -1 0
    outer loop
      vertex -11.1292 -3 -41.5348
      vertex -8.54102 -3 -31.8755
      vertex -14.7069 -3 -40.4068
    endloop
  endfacet
  facet normal 0 -1 0
    outer loop
      vertex 18.928 -3 -27.032
      vertex 24.6638 -3 -35.2235
      vertex 27.6399 -3 -32.9399
    endloop
  endfacet
  facet normal 0 -1 -0
    outer loop
      vertex -8.54102 -3 -31.8755
      vertex -11.1292 -3 -41.5348
      vertex -5.73038 -3 -32.4986
    endloop
  endfacet
  facet normal 0 -1 0
    outer loop
      vertex 16.5 -3 -28.5788
      vertex 21.5 -3 -37.2391
      vertex 24.6638 -3 -35.2235
    endloop
  endfacet
  facet normal 0 -1 0
    outer loop
      vertex -7.46686 -3 -42.3467
      vertex -5.73038 -3 -32.4986
      vertex -11.1292 -3 -41.5348
    endloop
  endfacet
  facet normal 0 -1 0
    outer loop
      vertex 13.9464 -3 -29.9081
      vertex 18.1726 -3 -38.9712
      vertex 21.5 -3 -37.2391
    endloop
  endfacet
  facet normal 0 -1 -0
    outer loop
      vertex -5.73038 -3 -32.4986
      vertex -7.46686 -3 -42.3467
      vertex -2.87613 -3 -32.8744
    endloop
  endfacet
  facet normal 0 -1 0
    outer loop
      vertex 11.2867 -3 -31.0098
      vertex 14.7069 -3 -40.4068
      vertex 18.1726 -3 -38.9712
    endloop
  endfacet
  facet normal 0 -1 0
    outer loop
      vertex -3.7477 -3 -42.8364
      vertex -2.87613 -3 -32.8744
      vertex -7.46686 -3 -42.3467
    endloop
  endfacet
  facet normal 0 -1 0
    outer loop
      vertex 8.54102 -3 -31.8755
      vertex 11.1292 -3 -41.5348
      vertex 14.7069 -3 -40.4068
    endloop
  endfacet
  facet normal 0 -1 -0
    outer loop
      vertex -2.87613 -3 -32.8744
      vertex -3.7477 -3 -42.8364
      vertex 0 -3 -33
    endloop
  endfacet
  facet normal 0 -1 0
    outer loop
      vertex 5.73038 -3 -32.4986
      vertex 7.46686 -3 -42.3467
      vertex 11.1292 -3 -41.5348
    endloop
  endfacet
  facet normal 0 -1 0
    outer loop
      vertex 0 -3 -43
      vertex 0 -3 -33
      vertex -3.7477 -3 -42.8364
    endloop
  endfacet
  facet normal 0 -1 0
    outer loop
      vertex 2.87613 -3 -32.8744
      vertex 3.7477 -3 -42.8364
      vertex 7.46686 -3 -42.3467
    endloop
  endfacet
  facet normal 0 -1 0
    outer loop
      vertex 0 -3 -33
      vertex 0 -3 -43
      vertex 3.7477 -3 -42.8364
    endloop
  endfacet
  facet normal 0 -1 0
    outer loop
      vertex -31.7212 -3 -21.0892
      vertex -28.5788 -3 -16.5
      vertex -31.8336 -3 -21.0744
    endloop
  endfacet
  facet normal 0 -1 0
    outer loop
      vertex -31.6105 -3 -21.1138
      vertex -28.5788 -3 -16.5
      vertex -31.7212 -3 -21.0892
    endloop
  endfacet
  facet normal 0 -1 0
    outer loop
      vertex -31.5023 -3 -21.1479
      vertex -28.5788 -3 -16.5
      vertex -31.6105 -3 -21.1138
    endloop
  endfacet
  facet normal 0 -1 0
    outer loop
      vertex -31.3975 -3 -21.1913
      vertex -28.5788 -3 -16.5
      vertex -31.5023 -3 -21.1479
    endloop
  endfacet
  facet normal 0 -1 0
    outer loop
      vertex -31.2969 -3 -21.2436
      vertex -28.5788 -3 -16.5
      vertex -31.3975 -3 -21.1913
    endloop
  endfacet
  facet normal 0 -1 -0
    outer loop
      vertex -28.5788 -3 -16.5
      vertex -31.2969 -3 -21.2436
      vertex -27.032 -3 -18.928
    endloop
  endfacet
  facet normal 0 -1 0
    outer loop
      vertex -31.2013 -3 -21.3046
      vertex -27.032 -3 -18.928
      vertex -31.2969 -3 -21.2436
    endloop
  endfacet
  facet normal 0 -1 0
    outer loop
      vertex -31.1113 -3 -21.3736
      vertex -27.032 -3 -18.928
      vertex -31.2013 -3 -21.3046
    endloop
  endfacet
  facet normal 0 -1 0
    outer loop
      vertex -31.0277 -3 -21.4502
      vertex -27.032 -3 -18.928
      vertex -31.1113 -3 -21.3736
    endloop
  endfacet
  facet normal 0 -1 0
    outer loop
      vertex -30.9511 -3 -21.5339
      vertex -27.032 -3 -18.928
      vertex -31.0277 -3 -21.4502
    endloop
  endfacet
  facet normal 0 -1 0
    outer loop
      vertex -30.882 -3 -21.6238
      vertex -27.032 -3 -18.928
      vertex -30.9511 -3 -21.5339
    endloop
  endfacet
  facet normal 0 -1 0
    outer loop
      vertex -30.8211 -3 -21.7195
      vertex -27.032 -3 -18.928
      vertex -30.882 -3 -21.6238
    endloop
  endfacet
  facet normal 0 -1 0
    outer loop
      vertex -30.7687 -3 -21.8201
      vertex -27.032 -3 -18.928
      vertex -30.8211 -3 -21.7195
    endloop
  endfacet
  facet normal 0 -1 0
    outer loop
      vertex -30.7253 -3 -21.9249
      vertex -27.032 -3 -18.928
      vertex -30.7687 -3 -21.8201
    endloop
  endfacet
  facet normal 0 -1 0
    outer loop
      vertex -30.6912 -3 -22.033
      vertex -27.032 -3 -18.928
      vertex -30.7253 -3 -21.9249
    endloop
  endfacet
  facet normal 0 -1 -0
    outer loop
      vertex -27.032 -3 -18.928
      vertex -30.6912 -3 -22.033
      vertex -25.2795 -3 -21.212
    endloop
  endfacet
  facet normal 0 -1 0
    outer loop
      vertex -30.6667 -3 -22.1437
      vertex -25.2795 -3 -21.212
      vertex -30.6912 -3 -22.033
    endloop
  endfacet
  facet normal 0 -1 0
    outer loop
      vertex -30.6519 -3 -22.2562
      vertex -25.2795 -3 -21.212
      vertex -30.6667 -3 -22.1437
    endloop
  endfacet
  facet normal 0 -1 0
    outer loop
      vertex -30.6469 -3 -22.3695
      vertex -25.2795 -3 -21.212
      vertex -30.6519 -3 -22.2562
    endloop
  endfacet
  facet normal 0 -1 0
    outer loop
      vertex -30.6519 -3 -22.4828
      vertex -25.2795 -3 -21.212
      vertex -30.6469 -3 -22.3695
    endloop
  endfacet
  facet normal 0 -1 0
    outer loop
      vertex -30.6667 -3 -22.5952
      vertex -25.2795 -3 -21.212
      vertex -30.6519 -3 -22.4828
    endloop
  endfacet
  facet normal 0 -1 0
    outer loop
      vertex -30.6912 -3 -22.7059
      vertex -25.2795 -3 -21.212
      vertex -30.6667 -3 -22.5952
    endloop
  endfacet
  facet normal 0 -1 0
    outer loop
      vertex -30.7253 -3 -22.8141
      vertex -25.2795 -3 -21.212
      vertex -30.6912 -3 -22.7059
    endloop
  endfacet
  facet normal 0 -1 0
    outer loop
      vertex -30.7687 -3 -22.9189
      vertex -25.2795 -3 -21.212
      vertex -30.7253 -3 -22.8141
    endloop
  endfacet
  facet normal 0 -1 0
    outer loop
      vertex -30.8211 -3 -23.0195
      vertex -25.2795 -3 -21.212
      vertex -30.7687 -3 -22.9189
    endloop
  endfacet
  facet normal 0 -1 0
    outer loop
      vertex -23.3345 -3 -23.3345
      vertex -30.8211 -3 -23.0195
      vertex -30.882 -3 -23.1151
    endloop
  endfacet
  facet normal 0 -1 0
    outer loop
      vertex -23.3345 -3 -23.3345
      vertex -30.882 -3 -23.1151
      vertex -30.9511 -3 -23.2051
    endloop
  endfacet
  facet normal 0 -1 0
    outer loop
      vertex -30.4056 -3 -30.4056
      vertex -30.9511 -3 -23.2051
      vertex -31.0277 -3 -23.2887
    endloop
  endfacet
  facet normal 0 -1 0
    outer loop
      vertex -30.8211 -3 -23.0195
      vertex -23.3345 -3 -23.3345
      vertex -25.2795 -3 -21.212
    endloop
  endfacet
  facet normal 0 -1 0
    outer loop
      vertex -30.4056 -3 -30.4056
      vertex -31.0277 -3 -23.2887
      vertex -31.1113 -3 -23.3653
    endloop
  endfacet
  facet normal 0 -1 0
    outer loop
      vertex -30.4056 -3 -30.4056
      vertex -31.1113 -3 -23.3653
      vertex -31.2013 -3 -23.4344
    endloop
  endfacet
  facet normal 0 -1 0
    outer loop
      vertex -30.4056 -3 -30.4056
      vertex -31.2013 -3 -23.4344
      vertex -31.2969 -3 -23.4953
    endloop
  endfacet
  facet normal 0 -1 0
    outer loop
      vertex -32.9399 -3 -27.6399
      vertex -31.2969 -3 -23.4953
      vertex -31.3975 -3 -23.5477
    endloop
  endfacet
  facet normal 0 -1 0
    outer loop
      vertex -32.9399 -3 -27.6399
      vertex -31.3975 -3 -23.5477
      vertex -31.5023 -3 -23.5911
    endloop
  endfacet
  facet normal 0 -1 0
    outer loop
      vertex -32.9399 -3 -27.6399
      vertex -31.5023 -3 -23.5911
      vertex -31.6105 -3 -23.6252
    endloop
  endfacet
  facet normal 0 -1 0
    outer loop
      vertex -32.9399 -3 -27.6399
      vertex -31.6105 -3 -23.6252
      vertex -31.7212 -3 -23.6497
    endloop
  endfacet
  facet normal 0 -1 0
    outer loop
      vertex -32.9399 -3 -27.6399
      vertex -31.7212 -3 -23.6497
      vertex -31.8336 -3 -23.6645
    endloop
  endfacet
  facet normal 0 -1 0
    outer loop
      vertex -32.9399 -3 -27.6399
      vertex -31.8336 -3 -23.6645
      vertex -31.9469 -3 -23.6695
    endloop
  endfacet
  facet normal 0 -1 -0
    outer loop
      vertex -32.0602 -3 -23.6645
      vertex -32.9399 -3 -27.6399
      vertex -31.9469 -3 -23.6695
    endloop
  endfacet
  facet normal 0 -1 -0
    outer loop
      vertex -31.2969 -3 -23.4953
      vertex -32.9399 -3 -27.6399
      vertex -30.4056 -3 -30.4056
    endloop
  endfacet
  facet normal 0 -1 0
    outer loop
      vertex -30.9511 -3 -23.2051
      vertex -30.4056 -3 -30.4056
      vertex -23.3345 -3 -23.3345
    endloop
  endfacet
  facet normal 0 -1 -0
    outer loop
      vertex -23.3345 -3 -23.3345
      vertex -30.4056 -3 -30.4056
      vertex -21.212 -3 -25.2795
    endloop
  endfacet
  facet normal 0 -1 0
    outer loop
      vertex -27.6399 -3 -32.9399
      vertex -21.212 -3 -25.2795
      vertex -30.4056 -3 -30.4056
    endloop
  endfacet
  facet normal 0 -1 -0
    outer loop
      vertex -21.212 -3 -25.2795
      vertex -27.6399 -3 -32.9399
      vertex -18.928 -3 -27.032
    endloop
  endfacet
  facet normal 0 -1 0
    outer loop
      vertex -24.6638 -3 -35.2235
      vertex -18.928 -3 -27.032
      vertex -27.6399 -3 -32.9399
    endloop
  endfacet
  facet normal 0 -1 -0
    outer loop
      vertex -18.928 -3 -27.032
      vertex -24.6638 -3 -35.2235
      vertex -16.5 -3 -28.5788
    endloop
  endfacet
  facet normal 0 -1 0
    outer loop
      vertex -21.5 -3 -37.2391
      vertex -16.5 -3 -28.5788
      vertex -24.6638 -3 -35.2235
    endloop
  endfacet
  facet normal 0 -1 -0
    outer loop
      vertex -16.5 -3 -28.5788
      vertex -21.5 -3 -37.2391
      vertex -13.9464 -3 -29.9081
    endloop
  endfacet
  facet normal 0 -1 0
    outer loop
      vertex -18.1726 -3 -38.9712
      vertex -13.9464 -3 -29.9081
      vertex -21.5 -3 -37.2391
    endloop
  endfacet
  facet normal 0 -1 -0
    outer loop
      vertex -13.9464 -3 -29.9081
      vertex -18.1726 -3 -38.9712
      vertex -11.2867 -3 -31.0098
    endloop
  endfacet
  facet normal 0 -1 0
    outer loop
      vertex -14.7069 -3 -40.4068
      vertex -11.2867 -3 -31.0098
      vertex -18.1726 -3 -38.9712
    endloop
  endfacet
  facet normal 0 -1 -0
    outer loop
      vertex -11.2867 -3 -31.0098
      vertex -14.7069 -3 -40.4068
      vertex -8.54102 -3 -31.8755
    endloop
  endfacet
  facet normal 0 -1 0
    outer loop
      vertex -32.9399 -3 27.6399
      vertex -32.0602 -3 23.6645
      vertex -31.9469 -3 23.6695
    endloop
  endfacet
  facet normal 0 -1 0
    outer loop
      vertex -32.9399 -3 27.6399
      vertex -32.1727 -3 23.6497
      vertex -32.0602 -3 23.6645
    endloop
  endfacet
  facet normal 0 -1 0
    outer loop
      vertex -32.9399 -3 27.6399
      vertex -32.2834 -3 23.6252
      vertex -32.1727 -3 23.6497
    endloop
  endfacet
  facet normal 0 -1 0
    outer loop
      vertex -32.9399 -3 27.6399
      vertex -32.3916 -3 23.5911
      vertex -32.2834 -3 23.6252
    endloop
  endfacet
  facet normal 0 -1 0
    outer loop
      vertex -35.2235 -3 24.6638
      vertex -32.4963 -3 23.5477
      vertex -32.3916 -3 23.5911
    endloop
  endfacet
  facet normal 0 -1 0
    outer loop
      vertex -35.2235 -3 24.6638
      vertex -32.5969 -3 23.4953
      vertex -32.4963 -3 23.5477
    endloop
  endfacet
  facet normal 0 -1 0
    outer loop
      vertex -35.2235 -3 24.6638
      vertex -32.6926 -3 23.4344
      vertex -32.5969 -3 23.4953
    endloop
  endfacet
  facet normal 0 -1 0
    outer loop
      vertex -35.2235 -3 24.6638
      vertex -32.7826 -3 23.3653
      vertex -32.6926 -3 23.4344
    endloop
  endfacet
  facet normal 0 -1 0
    outer loop
      vertex -35.2235 -3 24.6638
      vertex -32.8662 -3 23.2887
      vertex -32.7826 -3 23.3653
    endloop
  endfacet
  facet normal 0 -1 0
    outer loop
      vertex -35.2235 -3 24.6638
      vertex -32.9428 -3 23.2051
      vertex -32.8662 -3 23.2887
    endloop
  endfacet
  facet normal 0 -1 0
    outer loop
      vertex -35.2235 -3 24.6638
      vertex -33.0118 -3 23.1151
      vertex -32.9428 -3 23.2051
    endloop
  endfacet
  facet normal 0 -1 0
    outer loop
      vertex -35.2235 -3 24.6638
      vertex -33.0728 -3 23.0195
      vertex -33.0118 -3 23.1151
    endloop
  endfacet
  facet normal 0 -1 0
    outer loop
      vertex -35.2235 -3 24.6638
      vertex -33.1251 -3 22.9189
      vertex -33.0728 -3 23.0195
    endloop
  endfacet
  facet normal 0 -1 0
    outer loop
      vertex -35.2235 -3 24.6638
      vertex -33.1685 -3 22.8141
      vertex -33.1251 -3 22.9189
    endloop
  endfacet
  facet normal 0 -1 0
    outer loop
      vertex -35.2235 -3 24.6638
      vertex -33.2026 -3 22.7059
      vertex -33.1685 -3 22.8141
    endloop
  endfacet
  facet normal 0 -1 0
    outer loop
      vertex -35.2235 -3 24.6638
      vertex -33.2272 -3 22.5952
      vertex -33.2026 -3 22.7059
    endloop
  endfacet
  facet normal 0 -1 0
    outer loop
      vertex -35.2235 -3 24.6638
      vertex -33.242 -3 22.4828
      vertex -33.2272 -3 22.5952
    endloop
  endfacet
  facet normal 0 -1 0
    outer loop
      vertex -35.2235 -3 24.6638
      vertex -33.2469 -3 22.3695
      vertex -33.242 -3 22.4828
    endloop
  endfacet
  facet normal 0 -1 0
    outer loop
      vertex -37.2391 -3 21.5
      vertex -33.2469 -3 22.3695
      vertex -35.2235 -3 24.6638
    endloop
  endfacet
  facet normal 0 -1 -0
    outer loop
      vertex -33.2469 -3 22.3695
      vertex -37.2391 -3 21.5
      vertex -33.242 -3 22.2562
    endloop
  endfacet
  facet normal 0 -1 -0
    outer loop
      vertex -33.242 -3 22.2562
      vertex -37.2391 -3 21.5
      vertex -33.2272 -3 22.1437
    endloop
  endfacet
  facet normal 0 -1 -0
    outer loop
      vertex -33.2272 -3 22.1437
      vertex -37.2391 -3 21.5
      vertex -33.2026 -3 22.033
    endloop
  endfacet
  facet normal 0 -1 -0
    outer loop
      vertex -33.2026 -3 22.033
      vertex -37.2391 -3 21.5
      vertex -33.1685 -3 21.9249
    endloop
  endfacet
  facet normal 0 -1 -0
    outer loop
      vertex -33.1685 -3 21.9249
      vertex -37.2391 -3 21.5
      vertex -33.1251 -3 21.8201
    endloop
  endfacet
  facet normal 0 -1 -0
    outer loop
      vertex -33.1251 -3 21.8201
      vertex -37.2391 -3 21.5
      vertex -33.0728 -3 21.7195
    endloop
  endfacet
  facet normal 0 -1 -0
    outer loop
      vertex -33.0728 -3 21.7195
      vertex -37.2391 -3 21.5
      vertex -33.0118 -3 21.6238
    endloop
  endfacet
  facet normal 0 -1 0
    outer loop
      vertex -37.2391 -3 21.5
      vertex -32.9428 -3 21.5339
      vertex -33.0118 -3 21.6238
    endloop
  endfacet
  facet normal 0 -1 0
    outer loop
      vertex -37.2391 -3 21.5
      vertex -32.8662 -3 21.4502
      vertex -32.9428 -3 21.5339
    endloop
  endfacet
  facet normal 0 -1 0
    outer loop
      vertex -37.2391 -3 21.5
      vertex -32.7826 -3 21.3736
      vertex -32.8662 -3 21.4502
    endloop
  endfacet
  facet normal 0 -1 0
    outer loop
      vertex -37.2391 -3 21.5
      vertex -32.6926 -3 21.3046
      vertex -32.7826 -3 21.3736
    endloop
  endfacet
  facet normal 0 -1 0
    outer loop
      vertex -38.9712 -3 18.1726
      vertex -32.6926 -3 21.3046
      vertex -37.2391 -3 21.5
    endloop
  endfacet
  facet normal 0 -1 -0
    outer loop
      vertex -32.6926 -3 21.3046
      vertex -38.9712 -3 18.1726
      vertex -32.5969 -3 21.2436
    endloop
  endfacet
  facet normal 0 -1 -0
    outer loop
      vertex -32.5969 -3 21.2436
      vertex -38.9712 -3 18.1726
      vertex -32.4963 -3 21.1913
    endloop
  endfacet
  facet normal 0 -1 -0
    outer loop
      vertex -32.4963 -3 21.1913
      vertex -38.9712 -3 18.1726
      vertex -32.3916 -3 21.1479
    endloop
  endfacet
  facet normal 0 -1 0
    outer loop
      vertex -29.9081 -3 13.9464
      vertex -32.3916 -3 21.1479
      vertex -38.9712 -3 18.1726
    endloop
  endfacet
  facet normal 0 -1 0
    outer loop
      vertex -32.3916 -3 21.1479
      vertex -29.9081 -3 13.9464
      vertex -32.2834 -3 21.1138
    endloop
  endfacet
  facet normal 0 -1 0
    outer loop
      vertex -28.5788 -3 16.5
      vertex -31.9469 -3 21.0695
      vertex -32.0602 -3 21.0744
    endloop
  endfacet
  facet normal 0 -1 0
    outer loop
      vertex -32.2834 -3 21.1138
      vertex -29.9081 -3 13.9464
      vertex -32.1727 -3 21.0892
    endloop
  endfacet
  facet normal 0 -1 0
    outer loop
      vertex -32.1727 -3 21.0892
      vertex -29.9081 -3 13.9464
      vertex -32.0602 -3 21.0744
    endloop
  endfacet
  facet normal 0 -1 0
    outer loop
      vertex -31.9469 -3 21.0695
      vertex -28.5788 -3 16.5
      vertex -27.032 -3 18.928
    endloop
  endfacet
  facet normal 0 -1 0
    outer loop
      vertex -29.9081 -3 13.9464
      vertex -38.9712 -3 18.1726
      vertex -40.4068 -3 14.7069
    endloop
  endfacet
  facet normal 0 -1 0
    outer loop
      vertex -32.0602 -3 21.0744
      vertex -29.9081 -3 13.9464
      vertex -28.5788 -3 16.5
    endloop
  endfacet
  facet normal 0 -1 0
    outer loop
      vertex -40.4068 -3 14.7069
      vertex -31.0098 -3 11.2867
      vertex -29.9081 -3 13.9464
    endloop
  endfacet
  facet normal 0 -1 0
    outer loop
      vertex -41.5348 -3 11.1292
      vertex -31.0098 -3 11.2867
      vertex -40.4068 -3 14.7069
    endloop
  endfacet
  facet normal 0 -1 0
    outer loop
      vertex -41.5348 -3 11.1292
      vertex -31.8755 -3 8.54102
      vertex -31.0098 -3 11.2867
    endloop
  endfacet
  facet normal 0 -1 0
    outer loop
      vertex -42.3467 -3 7.46686
      vertex -31.8755 -3 8.54102
      vertex -41.5348 -3 11.1292
    endloop
  endfacet
  facet normal 0 -1 0
    outer loop
      vertex -42.3467 -3 7.46686
      vertex -32.4986 -3 5.73038
      vertex -31.8755 -3 8.54102
    endloop
  endfacet
  facet normal 0 -1 0
    outer loop
      vertex -42.8364 -3 3.7477
      vertex -32.4986 -3 5.73038
      vertex -42.3467 -3 7.46686
    endloop
  endfacet
  facet normal 0 -1 0
    outer loop
      vertex -42.8364 -3 3.7477
      vertex -32.8744 -3 2.87613
      vertex -32.4986 -3 5.73038
    endloop
  endfacet
  facet normal 0 -1 0
    outer loop
      vertex -43 -3 0
      vertex -32.8744 -3 2.87613
      vertex -42.8364 -3 3.7477
    endloop
  endfacet
  facet normal 0 -1 0
    outer loop
      vertex -43 -3 0
      vertex -33 -3 0
      vertex -32.8744 -3 2.87613
    endloop
  endfacet
  facet normal 0 -1 0
    outer loop
      vertex -43 -3 0
      vertex -32.8744 -3 -2.87613
      vertex -33 -3 0
    endloop
  endfacet
  facet normal 0 -1 0
    outer loop
      vertex -42.8364 -3 -3.7477
      vertex -32.8744 -3 -2.87613
      vertex -43 -3 0
    endloop
  endfacet
  facet normal 0 -1 0
    outer loop
      vertex -42.8364 -3 -3.7477
      vertex -32.4986 -3 -5.73038
      vertex -32.8744 -3 -2.87613
    endloop
  endfacet
  facet normal 0 -1 0
    outer loop
      vertex -42.3467 -3 -7.46686
      vertex -32.4986 -3 -5.73038
      vertex -42.8364 -3 -3.7477
    endloop
  endfacet
  facet normal 0 -1 0
    outer loop
      vertex -42.3467 -3 -7.46686
      vertex -31.8755 -3 -8.54102
      vertex -32.4986 -3 -5.73038
    endloop
  endfacet
  facet normal 0 -1 0
    outer loop
      vertex -41.5348 -3 -11.1292
      vertex -31.8755 -3 -8.54102
      vertex -42.3467 -3 -7.46686
    endloop
  endfacet
  facet normal 0 -1 0
    outer loop
      vertex -41.5348 -3 -11.1292
      vertex -31.0098 -3 -11.2867
      vertex -31.8755 -3 -8.54102
    endloop
  endfacet
  facet normal 0 -1 0
    outer loop
      vertex -40.4068 -3 -14.7069
      vertex -31.0098 -3 -11.2867
      vertex -41.5348 -3 -11.1292
    endloop
  endfacet
  facet normal 0 -1 -0
    outer loop
      vertex -31.0098 -3 -11.2867
      vertex -40.4068 -3 -14.7069
      vertex -29.9081 -3 -13.9464
    endloop
  endfacet
  facet normal 0 -1 0
    outer loop
      vertex -38.9712 -3 -18.1726
      vertex -29.9081 -3 -13.9464
      vertex -40.4068 -3 -14.7069
    endloop
  endfacet
  facet normal 0 -1 0
    outer loop
      vertex -32.3916 -3 -21.1479
      vertex -29.9081 -3 -13.9464
      vertex -38.9712 -3 -18.1726
    endloop
  endfacet
  facet normal -0 -1 0
    outer loop
      vertex -32.1727 -3 -21.0892
      vertex -29.9081 -3 -13.9464
      vertex -32.2834 -3 -21.1138
    endloop
  endfacet
  facet normal -0 -1 0
    outer loop
      vertex -31.9469 -3 -21.0695
      vertex -28.5788 -3 -16.5
      vertex -32.0602 -3 -21.0744
    endloop
  endfacet
  facet normal 0 -1 0
    outer loop
      vertex -31.8336 -3 -21.0744
      vertex -28.5788 -3 -16.5
      vertex -31.9469 -3 -21.0695
    endloop
  endfacet
  facet normal 0 -1 0
    outer loop
      vertex -28.5788 -3 -16.5
      vertex -32.1727 -3 -21.0892
      vertex -32.0602 -3 -21.0744
    endloop
  endfacet
  facet normal 0 -1 -0
    outer loop
      vertex -29.9081 -3 -13.9464
      vertex -32.1727 -3 -21.0892
      vertex -28.5788 -3 -16.5
    endloop
  endfacet
  facet normal 0 -1 0
    outer loop
      vertex -29.9081 -3 -13.9464
      vertex -32.3916 -3 -21.1479
      vertex -32.2834 -3 -21.1138
    endloop
  endfacet
  facet normal 0 -1 0
    outer loop
      vertex -38.9712 -3 -18.1726
      vertex -32.4963 -3 -21.1913
      vertex -32.3916 -3 -21.1479
    endloop
  endfacet
  facet normal 0 -1 0
    outer loop
      vertex -38.9712 -3 -18.1726
      vertex -32.5969 -3 -21.2436
      vertex -32.4963 -3 -21.1913
    endloop
  endfacet
  facet normal 0 -1 0
    outer loop
      vertex -38.9712 -3 -18.1726
      vertex -32.6926 -3 -21.3046
      vertex -32.5969 -3 -21.2436
    endloop
  endfacet
  facet normal 0 -1 0
    outer loop
      vertex -38.9712 -3 -18.1726
      vertex -32.7826 -3 -21.3736
      vertex -32.6926 -3 -21.3046
    endloop
  endfacet
  facet normal 0 -1 0
    outer loop
      vertex -37.2391 -3 -21.5
      vertex -32.7826 -3 -21.3736
      vertex -38.9712 -3 -18.1726
    endloop
  endfacet
  facet normal 0 -1 0
    outer loop
      vertex -32.7826 -3 -21.3736
      vertex -37.2391 -3 -21.5
      vertex -32.8662 -3 -21.4502
    endloop
  endfacet
  facet normal 0 -1 0
    outer loop
      vertex -37.2391 -3 -21.5
      vertex -32.9428 -3 -21.5339
      vertex -32.8662 -3 -21.4502
    endloop
  endfacet
  facet normal 0 -1 0
    outer loop
      vertex -37.2391 -3 -21.5
      vertex -33.0118 -3 -21.6238
      vertex -32.9428 -3 -21.5339
    endloop
  endfacet
  facet normal 0 -1 0
    outer loop
      vertex -37.2391 -3 -21.5
      vertex -33.0728 -3 -21.7195
      vertex -33.0118 -3 -21.6238
    endloop
  endfacet
  facet normal 0 -1 0
    outer loop
      vertex -37.2391 -3 -21.5
      vertex -33.1251 -3 -21.8201
      vertex -33.0728 -3 -21.7195
    endloop
  endfacet
  facet normal 0 -1 0
    outer loop
      vertex -37.2391 -3 -21.5
      vertex -33.1685 -3 -21.9249
      vertex -33.1251 -3 -21.8201
    endloop
  endfacet
  facet normal 0 -1 0
    outer loop
      vertex -37.2391 -3 -21.5
      vertex -33.2026 -3 -22.033
      vertex -33.1685 -3 -21.9249
    endloop
  endfacet
  facet normal 0 -1 0
    outer loop
      vertex -37.2391 -3 -21.5
      vertex -33.2272 -3 -22.1437
      vertex -33.2026 -3 -22.033
    endloop
  endfacet
  facet normal 0 -1 0
    outer loop
      vertex -37.2391 -3 -21.5
      vertex -33.242 -3 -22.2562
      vertex -33.2272 -3 -22.1437
    endloop
  endfacet
  facet normal 0 -1 0
    outer loop
      vertex -37.2391 -3 -21.5
      vertex -33.2469 -3 -22.3695
      vertex -33.242 -3 -22.2562
    endloop
  endfacet
  facet normal 0 -1 0
    outer loop
      vertex -37.2391 -3 -21.5
      vertex -33.242 -3 -22.4828
      vertex -33.2469 -3 -22.3695
    endloop
  endfacet
  facet normal 0 -1 0
    outer loop
      vertex -35.2235 -3 -24.6638
      vertex -33.242 -3 -22.4828
      vertex -37.2391 -3 -21.5
    endloop
  endfacet
  facet normal 0 -1 -0
    outer loop
      vertex -33.242 -3 -22.4828
      vertex -35.2235 -3 -24.6638
      vertex -33.2272 -3 -22.5952
    endloop
  endfacet
  facet normal 0 -1 -0
    outer loop
      vertex -33.2272 -3 -22.5952
      vertex -35.2235 -3 -24.6638
      vertex -33.2026 -3 -22.7059
    endloop
  endfacet
  facet normal 0 -1 -0
    outer loop
      vertex -33.2026 -3 -22.7059
      vertex -35.2235 -3 -24.6638
      vertex -33.1685 -3 -22.8141
    endloop
  endfacet
  facet normal 0 -1 -0
    outer loop
      vertex -33.1685 -3 -22.8141
      vertex -35.2235 -3 -24.6638
      vertex -33.1251 -3 -22.9189
    endloop
  endfacet
  facet normal 0 -1 -0
    outer loop
      vertex -33.1251 -3 -22.9189
      vertex -35.2235 -3 -24.6638
      vertex -33.0728 -3 -23.0195
    endloop
  endfacet
  facet normal 0 -1 -0
    outer loop
      vertex -33.0728 -3 -23.0195
      vertex -35.2235 -3 -24.6638
      vertex -33.0118 -3 -23.1151
    endloop
  endfacet
  facet normal 0 -1 -0
    outer loop
      vertex -33.0118 -3 -23.1151
      vertex -35.2235 -3 -24.6638
      vertex -32.9428 -3 -23.2051
    endloop
  endfacet
  facet normal 0 -1 -0
    outer loop
      vertex -32.9428 -3 -23.2051
      vertex -35.2235 -3 -24.6638
      vertex -32.8662 -3 -23.2887
    endloop
  endfacet
  facet normal 0 -1 -0
    outer loop
      vertex -32.8662 -3 -23.2887
      vertex -35.2235 -3 -24.6638
      vertex -32.7826 -3 -23.3653
    endloop
  endfacet
  facet normal 0 -1 -0
    outer loop
      vertex -32.7826 -3 -23.3653
      vertex -35.2235 -3 -24.6638
      vertex -32.6926 -3 -23.4344
    endloop
  endfacet
  facet normal 0 -1 -0
    outer loop
      vertex -32.6926 -3 -23.4344
      vertex -35.2235 -3 -24.6638
      vertex -32.5969 -3 -23.4953
    endloop
  endfacet
  facet normal 0 -1 -0
    outer loop
      vertex -32.1727 -3 -23.6497
      vertex -32.9399 -3 -27.6399
      vertex -32.0602 -3 -23.6645
    endloop
  endfacet
  facet normal 0 -1 -0
    outer loop
      vertex -32.2834 -3 -23.6252
      vertex -32.9399 -3 -27.6399
      vertex -32.1727 -3 -23.6497
    endloop
  endfacet
  facet normal 0 -1 -0
    outer loop
      vertex -32.3916 -3 -23.5911
      vertex -32.9399 -3 -27.6399
      vertex -32.2834 -3 -23.6252
    endloop
  endfacet
  facet normal 0 -1 0
    outer loop
      vertex -32.9399 -3 -27.6399
      vertex -32.3916 -3 -23.5911
      vertex -35.2235 -3 -24.6638
    endloop
  endfacet
  facet normal 0 -1 -0
    outer loop
      vertex -32.4963 -3 -23.5477
      vertex -35.2235 -3 -24.6638
      vertex -32.3916 -3 -23.5911
    endloop
  endfacet
  facet normal 0 -1 -0
    outer loop
      vertex -32.5969 -3 -23.4953
      vertex -35.2235 -3 -24.6638
      vertex -32.4963 -3 -23.5477
    endloop
  endfacet
  facet normal 0 -1 0
    outer loop
      vertex 0 -3 33
      vertex 0 -3 43
      vertex -3.7477 -3 42.8364
    endloop
  endfacet
  facet normal 0 -1 0
    outer loop
      vertex -2.87613 -3 32.8744
      vertex -3.7477 -3 42.8364
      vertex -7.46686 -3 42.3467
    endloop
  endfacet
  facet normal 0 -1 0
    outer loop
      vertex 0 -3 43
      vertex 0 -3 33
      vertex 3.7477 -3 42.8364
    endloop
  endfacet
  facet normal 0 -1 0
    outer loop
      vertex -5.73038 -3 32.4986
      vertex -7.46686 -3 42.3467
      vertex -11.1292 -3 41.5348
    endloop
  endfacet
  facet normal 0 -1 0
    outer loop
      vertex 2.87613 -3 32.8744
      vertex 3.7477 -3 42.8364
      vertex 0 -3 33
    endloop
  endfacet
  facet normal 0 -1 0
    outer loop
      vertex -8.54102 -3 31.8755
      vertex -11.1292 -3 41.5348
      vertex -14.7069 -3 40.4068
    endloop
  endfacet
  facet normal 0 -1 -0
    outer loop
      vertex 3.7477 -3 42.8364
      vertex 2.87613 -3 32.8744
      vertex 7.46686 -3 42.3467
    endloop
  endfacet
  facet normal 0 -1 0
    outer loop
      vertex -11.2867 -3 31.0098
      vertex -14.7069 -3 40.4068
      vertex -18.1726 -3 38.9712
    endloop
  endfacet
  facet normal 0 -1 0
    outer loop
      vertex 5.73038 -3 32.4986
      vertex 7.46686 -3 42.3467
      vertex 2.87613 -3 32.8744
    endloop
  endfacet
  facet normal 0 -1 0
    outer loop
      vertex -13.9464 -3 29.9081
      vertex -18.1726 -3 38.9712
      vertex -21.5 -3 37.2391
    endloop
  endfacet
  facet normal 0 -1 -0
    outer loop
      vertex 7.46686 -3 42.3467
      vertex 5.73038 -3 32.4986
      vertex 11.1292 -3 41.5348
    endloop
  endfacet
  facet normal 0 -1 0
    outer loop
      vertex -16.5 -3 28.5788
      vertex -21.5 -3 37.2391
      vertex -24.6638 -3 35.2235
    endloop
  endfacet
  facet normal 0 -1 0
    outer loop
      vertex 8.54102 -3 31.8755
      vertex 11.1292 -3 41.5348
      vertex 5.73038 -3 32.4986
    endloop
  endfacet
  facet normal 0 -1 -0
    outer loop
      vertex 11.1292 -3 41.5348
      vertex 8.54102 -3 31.8755
      vertex 14.7069 -3 40.4068
    endloop
  endfacet
  facet normal 0 -1 0
    outer loop
      vertex -18.928 -3 27.032
      vertex -24.6638 -3 35.2235
      vertex -27.6399 -3 32.9399
    endloop
  endfacet
  facet normal 0 -1 0
    outer loop
      vertex -3.7477 -3 42.8364
      vertex -2.87613 -3 32.8744
      vertex 0 -3 33
    endloop
  endfacet
  facet normal 0 -1 0
    outer loop
      vertex -7.46686 -3 42.3467
      vertex -5.73038 -3 32.4986
      vertex -2.87613 -3 32.8744
    endloop
  endfacet
  facet normal 0 -1 0
    outer loop
      vertex -11.1292 -3 41.5348
      vertex -8.54102 -3 31.8755
      vertex -5.73038 -3 32.4986
    endloop
  endfacet
  facet normal 0 -1 0
    outer loop
      vertex -14.7069 -3 40.4068
      vertex -11.2867 -3 31.0098
      vertex -8.54102 -3 31.8755
    endloop
  endfacet
  facet normal 0 -1 0
    outer loop
      vertex -21.212 -3 25.2795
      vertex -27.6399 -3 32.9399
      vertex -30.4056 -3 30.4056
    endloop
  endfacet
  facet normal 0 -1 0
    outer loop
      vertex -18.1726 -3 38.9712
      vertex -13.9464 -3 29.9081
      vertex -11.2867 -3 31.0098
    endloop
  endfacet
  facet normal 0 -1 0
    outer loop
      vertex -21.5 -3 37.2391
      vertex -16.5 -3 28.5788
      vertex -13.9464 -3 29.9081
    endloop
  endfacet
  facet normal 0 -1 0
    outer loop
      vertex -31.2013 -3 23.4344
      vertex -30.4056 -3 30.4056
      vertex -32.9399 -3 27.6399
    endloop
  endfacet
  facet normal 0 -1 0
    outer loop
      vertex -24.6638 -3 35.2235
      vertex -18.928 -3 27.032
      vertex -16.5 -3 28.5788
    endloop
  endfacet
  facet normal 0 -1 0
    outer loop
      vertex -27.6399 -3 32.9399
      vertex -21.212 -3 25.2795
      vertex -18.928 -3 27.032
    endloop
  endfacet
  facet normal 0 -1 0
    outer loop
      vertex -32.3916 -3 23.5911
      vertex -32.9399 -3 27.6399
      vertex -35.2235 -3 24.6638
    endloop
  endfacet
  facet normal 0 -1 0
    outer loop
      vertex -32.9399 -3 27.6399
      vertex -31.9469 -3 23.6695
      vertex -31.8336 -3 23.6645
    endloop
  endfacet
  facet normal 0 -1 0
    outer loop
      vertex -32.9399 -3 27.6399
      vertex -31.8336 -3 23.6645
      vertex -31.7212 -3 23.6497
    endloop
  endfacet
  facet normal 0 -1 0
    outer loop
      vertex -31.6105 -3 23.6252
      vertex -32.9399 -3 27.6399
      vertex -31.7212 -3 23.6497
    endloop
  endfacet
  facet normal 0 -1 0
    outer loop
      vertex -31.5023 -3 23.5911
      vertex -32.9399 -3 27.6399
      vertex -31.6105 -3 23.6252
    endloop
  endfacet
  facet normal 0 -1 0
    outer loop
      vertex -31.3975 -3 23.5477
      vertex -32.9399 -3 27.6399
      vertex -31.5023 -3 23.5911
    endloop
  endfacet
  facet normal 0 -1 0
    outer loop
      vertex -31.2969 -3 23.4953
      vertex -32.9399 -3 27.6399
      vertex -31.3975 -3 23.5477
    endloop
  endfacet
  facet normal 0 -1 0
    outer loop
      vertex -31.2013 -3 23.4344
      vertex -32.9399 -3 27.6399
      vertex -31.2969 -3 23.4953
    endloop
  endfacet
  facet normal 0 -1 0
    outer loop
      vertex -30.4056 -3 30.4056
      vertex -31.2013 -3 23.4344
      vertex -31.1113 -3 23.3653
    endloop
  endfacet
  facet normal 0 -1 0
    outer loop
      vertex -31.0277 -3 23.2887
      vertex -30.4056 -3 30.4056
      vertex -31.1113 -3 23.3653
    endloop
  endfacet
  facet normal 0 -1 0
    outer loop
      vertex -30.4056 -3 30.4056
      vertex -23.3345 -3 23.3345
      vertex -21.212 -3 25.2795
    endloop
  endfacet
  facet normal 0 -1 0
    outer loop
      vertex -30.9511 -3 23.2051
      vertex -30.4056 -3 30.4056
      vertex -31.0277 -3 23.2887
    endloop
  endfacet
  facet normal 0 -1 -0
    outer loop
      vertex -30.4056 -3 30.4056
      vertex -30.9511 -3 23.2051
      vertex -23.3345 -3 23.3345
    endloop
  endfacet
  facet normal 0 -1 0
    outer loop
      vertex -30.882 -3 23.1151
      vertex -23.3345 -3 23.3345
      vertex -30.9511 -3 23.2051
    endloop
  endfacet
  facet normal 0 -1 0
    outer loop
      vertex -30.8211 -3 23.0195
      vertex -23.3345 -3 23.3345
      vertex -30.882 -3 23.1151
    endloop
  endfacet
  facet normal 0 -1 0
    outer loop
      vertex -30.7687 -3 22.9189
      vertex -23.3345 -3 23.3345
      vertex -30.8211 -3 23.0195
    endloop
  endfacet
  facet normal 0 -1 0
    outer loop
      vertex -25.2795 -3 21.212
      vertex -30.7687 -3 22.9189
      vertex -30.7253 -3 22.8141
    endloop
  endfacet
  facet normal 0 -1 0
    outer loop
      vertex -25.2795 -3 21.212
      vertex -30.7253 -3 22.8141
      vertex -30.6912 -3 22.7059
    endloop
  endfacet
  facet normal 0 -1 0
    outer loop
      vertex -25.2795 -3 21.212
      vertex -30.6912 -3 22.7059
      vertex -30.6667 -3 22.5952
    endloop
  endfacet
  facet normal 0 -1 0
    outer loop
      vertex -25.2795 -3 21.212
      vertex -30.6667 -3 22.5952
      vertex -30.6519 -3 22.4828
    endloop
  endfacet
  facet normal 0 -1 0
    outer loop
      vertex -25.2795 -3 21.212
      vertex -30.6519 -3 22.4828
      vertex -30.6469 -3 22.3695
    endloop
  endfacet
  facet normal 0 -1 0
    outer loop
      vertex -25.2795 -3 21.212
      vertex -30.6469 -3 22.3695
      vertex -30.6519 -3 22.2562
    endloop
  endfacet
  facet normal 0 -1 0
    outer loop
      vertex -25.2795 -3 21.212
      vertex -30.6519 -3 22.2562
      vertex -30.6667 -3 22.1437
    endloop
  endfacet
  facet normal 0 -1 0
    outer loop
      vertex -25.2795 -3 21.212
      vertex -30.6667 -3 22.1437
      vertex -30.6912 -3 22.033
    endloop
  endfacet
  facet normal 0 -1 0
    outer loop
      vertex -27.032 -3 18.928
      vertex -30.6912 -3 22.033
      vertex -30.7253 -3 21.9249
    endloop
  endfacet
  facet normal 0 -1 0
    outer loop
      vertex -27.032 -3 18.928
      vertex -30.7253 -3 21.9249
      vertex -30.7687 -3 21.8201
    endloop
  endfacet
  facet normal 0 -1 0
    outer loop
      vertex -27.032 -3 18.928
      vertex -30.7687 -3 21.8201
      vertex -30.8211 -3 21.7195
    endloop
  endfacet
  facet normal 0 -1 0
    outer loop
      vertex -27.032 -3 18.928
      vertex -30.8211 -3 21.7195
      vertex -30.882 -3 21.6238
    endloop
  endfacet
  facet normal 0 -1 0
    outer loop
      vertex -27.032 -3 18.928
      vertex -30.882 -3 21.6238
      vertex -30.9511 -3 21.5339
    endloop
  endfacet
  facet normal 0 -1 0
    outer loop
      vertex -27.032 -3 18.928
      vertex -30.9511 -3 21.5339
      vertex -31.0277 -3 21.4502
    endloop
  endfacet
  facet normal 0 -1 0
    outer loop
      vertex -27.032 -3 18.928
      vertex -31.0277 -3 21.4502
      vertex -31.1113 -3 21.3736
    endloop
  endfacet
  facet normal 0 -1 0
    outer loop
      vertex -27.032 -3 18.928
      vertex -31.1113 -3 21.3736
      vertex -31.2013 -3 21.3046
    endloop
  endfacet
  facet normal 0 -1 0
    outer loop
      vertex -27.032 -3 18.928
      vertex -31.2013 -3 21.3046
      vertex -31.2969 -3 21.2436
    endloop
  endfacet
  facet normal 0 -1 0
    outer loop
      vertex -30.7687 -3 22.9189
      vertex -25.2795 -3 21.212
      vertex -23.3345 -3 23.3345
    endloop
  endfacet
  facet normal 0 -1 0
    outer loop
      vertex -27.032 -3 18.928
      vertex -31.2969 -3 21.2436
      vertex -31.3975 -3 21.1913
    endloop
  endfacet
  facet normal 0 -1 0
    outer loop
      vertex -27.032 -3 18.928
      vertex -31.3975 -3 21.1913
      vertex -31.5023 -3 21.1479
    endloop
  endfacet
  facet normal 0 -1 0
    outer loop
      vertex -27.032 -3 18.928
      vertex -31.5023 -3 21.1479
      vertex -31.6105 -3 21.1138
    endloop
  endfacet
  facet normal 0 -1 0
    outer loop
      vertex -27.032 -3 18.928
      vertex -31.6105 -3 21.1138
      vertex -31.7212 -3 21.0892
    endloop
  endfacet
  facet normal 0 -1 0
    outer loop
      vertex -27.032 -3 18.928
      vertex -31.7212 -3 21.0892
      vertex -31.8336 -3 21.0744
    endloop
  endfacet
  facet normal 0 -1 0
    outer loop
      vertex -27.032 -3 18.928
      vertex -31.8336 -3 21.0744
      vertex -31.9469 -3 21.0695
    endloop
  endfacet
  facet normal 0 -1 0
    outer loop
      vertex -30.6912 -3 22.033
      vertex -27.032 -3 18.928
      vertex -25.2795 -3 21.212
    endloop
  endfacet
  facet normal 0 -1 0
    outer loop
      vertex 11.2867 -3 31.0098
      vertex 14.7069 -3 40.4068
      vertex 8.54102 -3 31.8755
    endloop
  endfacet
  facet normal 0 -1 -0
    outer loop
      vertex 14.7069 -3 40.4068
      vertex 11.2867 -3 31.0098
      vertex 18.1726 -3 38.9712
    endloop
  endfacet
  facet normal 0 -1 0
    outer loop
      vertex 13.9464 -3 29.9081
      vertex 18.1726 -3 38.9712
      vertex 11.2867 -3 31.0098
    endloop
  endfacet
  facet normal 0 -1 -0
    outer loop
      vertex 18.1726 -3 38.9712
      vertex 13.9464 -3 29.9081
      vertex 21.5 -3 37.2391
    endloop
  endfacet
  facet normal 0 -1 0
    outer loop
      vertex 16.5 -3 28.5788
      vertex 21.5 -3 37.2391
      vertex 13.9464 -3 29.9081
    endloop
  endfacet
  facet normal 0 -1 -0
    outer loop
      vertex 21.5 -3 37.2391
      vertex 16.5 -3 28.5788
      vertex 24.6638 -3 35.2235
    endloop
  endfacet
  facet normal 0 -1 0
    outer loop
      vertex 18.928 -3 27.032
      vertex 24.6638 -3 35.2235
      vertex 16.5 -3 28.5788
    endloop
  endfacet
  facet normal 0 -1 -0
    outer loop
      vertex 24.6638 -3 35.2235
      vertex 18.928 -3 27.032
      vertex 27.6399 -3 32.9399
    endloop
  endfacet
  facet normal 0 -1 0
    outer loop
      vertex 21.212 -3 25.2795
      vertex 27.6399 -3 32.9399
      vertex 18.928 -3 27.032
    endloop
  endfacet
  facet normal 0 -1 -0
    outer loop
      vertex 27.6399 -3 32.9399
      vertex 21.212 -3 25.2795
      vertex 30.4056 -3 30.4056
    endloop
  endfacet
  facet normal 0 -1 0
    outer loop
      vertex 23.3345 -3 23.3345
      vertex 30.4056 -3 30.4056
      vertex 21.212 -3 25.2795
    endloop
  endfacet
  facet normal 0 -1 0
    outer loop
      vertex 30.9511 -3 23.2051
      vertex 30.4056 -3 30.4056
      vertex 23.3345 -3 23.3345
    endloop
  endfacet
  facet normal -0 -1 0
    outer loop
      vertex 31.8336 -3 23.6645
      vertex 32.9399 -3 27.6399
      vertex 31.7212 -3 23.6497
    endloop
  endfacet
  facet normal 0 -1 0
    outer loop
      vertex 32.0602 -3 23.6645
      vertex 32.9399 -3 27.6399
      vertex 31.9469 -3 23.6695
    endloop
  endfacet
  facet normal -0 -1 0
    outer loop
      vertex 31.9469 -3 23.6695
      vertex 32.9399 -3 27.6399
      vertex 31.8336 -3 23.6645
    endloop
  endfacet
  facet normal 0 -1 0
    outer loop
      vertex 32.9399 -3 27.6399
      vertex 31.6105 -3 23.6252
      vertex 31.7212 -3 23.6497
    endloop
  endfacet
  facet normal 0 -1 0
    outer loop
      vertex 32.9399 -3 27.6399
      vertex 31.5023 -3 23.5911
      vertex 31.6105 -3 23.6252
    endloop
  endfacet
  facet normal 0 -1 0
    outer loop
      vertex 32.9399 -3 27.6399
      vertex 31.3975 -3 23.5477
      vertex 31.5023 -3 23.5911
    endloop
  endfacet
  facet normal 0 -1 0
    outer loop
      vertex 32.9399 -3 27.6399
      vertex 31.2969 -3 23.4953
      vertex 31.3975 -3 23.5477
    endloop
  endfacet
  facet normal 0 -1 0
    outer loop
      vertex 32.9399 -3 27.6399
      vertex 31.2013 -3 23.4344
      vertex 31.2969 -3 23.4953
    endloop
  endfacet
  facet normal -0 -1 0
    outer loop
      vertex 31.2013 -3 23.4344
      vertex 30.4056 -3 30.4056
      vertex 31.1113 -3 23.3653
    endloop
  endfacet
  facet normal 0 -1 0
    outer loop
      vertex 30.4056 -3 30.4056
      vertex 31.2013 -3 23.4344
      vertex 32.9399 -3 27.6399
    endloop
  endfacet
  facet normal 0 -1 0
    outer loop
      vertex 30.4056 -3 30.4056
      vertex 31.0277 -3 23.2887
      vertex 31.1113 -3 23.3653
    endloop
  endfacet
  facet normal 0 -1 0
    outer loop
      vertex 30.4056 -3 30.4056
      vertex 30.9511 -3 23.2051
      vertex 31.0277 -3 23.2887
    endloop
  endfacet
  facet normal 0 -1 0
    outer loop
      vertex 23.3345 -3 23.3345
      vertex 30.882 -3 23.1151
      vertex 30.9511 -3 23.2051
    endloop
  endfacet
  facet normal 0 -1 0
    outer loop
      vertex 23.3345 -3 23.3345
      vertex 30.8211 -3 23.0195
      vertex 30.882 -3 23.1151
    endloop
  endfacet
  facet normal 0 -1 0
    outer loop
      vertex 23.3345 -3 23.3345
      vertex 30.7687 -3 22.9189
      vertex 30.8211 -3 23.0195
    endloop
  endfacet
  facet normal 0 -1 0
    outer loop
      vertex 25.2795 -3 21.212
      vertex 30.7687 -3 22.9189
      vertex 23.3345 -3 23.3345
    endloop
  endfacet
  facet normal 0 -1 0
    outer loop
      vertex 30.7687 -3 22.9189
      vertex 25.2795 -3 21.212
      vertex 30.7253 -3 22.8141
    endloop
  endfacet
  facet normal 0 -1 0
    outer loop
      vertex 30.7253 -3 22.8141
      vertex 25.2795 -3 21.212
      vertex 30.6912 -3 22.7059
    endloop
  endfacet
  facet normal 0 -1 0
    outer loop
      vertex 30.6912 -3 22.7059
      vertex 25.2795 -3 21.212
      vertex 30.6667 -3 22.5952
    endloop
  endfacet
  facet normal 0 -1 0
    outer loop
      vertex 30.6667 -3 22.5952
      vertex 25.2795 -3 21.212
      vertex 30.6519 -3 22.4828
    endloop
  endfacet
  facet normal 0 -1 0
    outer loop
      vertex 30.6519 -3 22.4828
      vertex 25.2795 -3 21.212
      vertex 30.6469 -3 22.3695
    endloop
  endfacet
  facet normal 0 -1 -0
    outer loop
      vertex 30.6469 -3 22.3695
      vertex 25.2795 -3 21.212
      vertex 30.6519 -3 22.2562
    endloop
  endfacet
  facet normal 0 -1 -0
    outer loop
      vertex 30.6519 -3 22.2562
      vertex 25.2795 -3 21.212
      vertex 30.6667 -3 22.1437
    endloop
  endfacet
  facet normal 0 -1 -0
    outer loop
      vertex 30.6667 -3 22.1437
      vertex 25.2795 -3 21.212
      vertex 30.6912 -3 22.033
    endloop
  endfacet
  facet normal 0 -1 0
    outer loop
      vertex 27.032 -3 18.928
      vertex 30.6912 -3 22.033
      vertex 25.2795 -3 21.212
    endloop
  endfacet
  facet normal 0 -1 -0
    outer loop
      vertex 30.6912 -3 22.033
      vertex 27.032 -3 18.928
      vertex 30.7253 -3 21.9249
    endloop
  endfacet
  facet normal 0 -1 -0
    outer loop
      vertex 30.7253 -3 21.9249
      vertex 27.032 -3 18.928
      vertex 30.7687 -3 21.8201
    endloop
  endfacet
  facet normal 0 -1 -0
    outer loop
      vertex 30.7687 -3 21.8201
      vertex 27.032 -3 18.928
      vertex 30.8211 -3 21.7195
    endloop
  endfacet
  facet normal 0 -1 -0
    outer loop
      vertex 30.8211 -3 21.7195
      vertex 27.032 -3 18.928
      vertex 30.882 -3 21.6238
    endloop
  endfacet
  facet normal 0 -1 -0
    outer loop
      vertex 30.882 -3 21.6238
      vertex 27.032 -3 18.928
      vertex 30.9511 -3 21.5339
    endloop
  endfacet
  facet normal 0 -1 -0
    outer loop
      vertex 30.9511 -3 21.5339
      vertex 27.032 -3 18.928
      vertex 31.0277 -3 21.4502
    endloop
  endfacet
  facet normal 0 -1 -0
    outer loop
      vertex 31.0277 -3 21.4502
      vertex 27.032 -3 18.928
      vertex 31.1113 -3 21.3736
    endloop
  endfacet
  facet normal 0 -1 -0
    outer loop
      vertex 31.1113 -3 21.3736
      vertex 27.032 -3 18.928
      vertex 31.2013 -3 21.3046
    endloop
  endfacet
  facet normal 0 -1 -0
    outer loop
      vertex 31.2013 -3 21.3046
      vertex 27.032 -3 18.928
      vertex 31.2969 -3 21.2436
    endloop
  endfacet
  facet normal 0 -1 0
    outer loop
      vertex 28.5788 -3 16.5
      vertex 31.2969 -3 21.2436
      vertex 27.032 -3 18.928
    endloop
  endfacet
  facet normal 0 -1 -0
    outer loop
      vertex 31.2969 -3 21.2436
      vertex 28.5788 -3 16.5
      vertex 31.3975 -3 21.1913
    endloop
  endfacet
  facet normal 0 -1 -0
    outer loop
      vertex 31.3975 -3 21.1913
      vertex 28.5788 -3 16.5
      vertex 31.5023 -3 21.1479
    endloop
  endfacet
  facet normal 0 -1 -0
    outer loop
      vertex 31.5023 -3 21.1479
      vertex 28.5788 -3 16.5
      vertex 31.6105 -3 21.1138
    endloop
  endfacet
  facet normal 0 -1 -0
    outer loop
      vertex 31.6105 -3 21.1138
      vertex 28.5788 -3 16.5
      vertex 31.7212 -3 21.0892
    endloop
  endfacet
  facet normal 0 -1 -0
    outer loop
      vertex 31.7212 -3 21.0892
      vertex 28.5788 -3 16.5
      vertex 31.8336 -3 21.0744
    endloop
  endfacet
  facet normal 0 -1 0
    outer loop
      vertex 32.1727 -3 23.6497
      vertex 32.9399 -3 27.6399
      vertex 32.0602 -3 23.6645
    endloop
  endfacet
  facet normal 0 -1 0
    outer loop
      vertex 32.2834 -3 23.6252
      vertex 32.9399 -3 27.6399
      vertex 32.1727 -3 23.6497
    endloop
  endfacet
  facet normal 0 -1 0
    outer loop
      vertex 32.3916 -3 23.5911
      vertex 32.9399 -3 27.6399
      vertex 32.2834 -3 23.6252
    endloop
  endfacet
  facet normal 0 -1 -0
    outer loop
      vertex 32.9399 -3 27.6399
      vertex 32.3916 -3 23.5911
      vertex 35.2235 -3 24.6638
    endloop
  endfacet
  facet normal 0 -1 0
    outer loop
      vertex 32.4963 -3 23.5477
      vertex 35.2235 -3 24.6638
      vertex 32.3916 -3 23.5911
    endloop
  endfacet
  facet normal 0 -1 0
    outer loop
      vertex 32.5969 -3 23.4953
      vertex 35.2235 -3 24.6638
      vertex 32.4963 -3 23.5477
    endloop
  endfacet
  facet normal 0 -1 0
    outer loop
      vertex 32.6926 -3 23.4344
      vertex 35.2235 -3 24.6638
      vertex 32.5969 -3 23.4953
    endloop
  endfacet
  facet normal 0 -1 0
    outer loop
      vertex 32.7826 -3 23.3653
      vertex 35.2235 -3 24.6638
      vertex 32.6926 -3 23.4344
    endloop
  endfacet
  facet normal 0 -1 0
    outer loop
      vertex 32.8662 -3 23.2887
      vertex 35.2235 -3 24.6638
      vertex 32.7826 -3 23.3653
    endloop
  endfacet
  facet normal 0 -1 0
    outer loop
      vertex 32.9428 -3 23.2051
      vertex 35.2235 -3 24.6638
      vertex 32.8662 -3 23.2887
    endloop
  endfacet
  facet normal 0 -1 0
    outer loop
      vertex 33.0118 -3 23.1151
      vertex 35.2235 -3 24.6638
      vertex 32.9428 -3 23.2051
    endloop
  endfacet
  facet normal 0 -1 0
    outer loop
      vertex 33.0728 -3 23.0195
      vertex 35.2235 -3 24.6638
      vertex 33.0118 -3 23.1151
    endloop
  endfacet
  facet normal 0 -1 0
    outer loop
      vertex 33.1251 -3 22.9189
      vertex 35.2235 -3 24.6638
      vertex 33.0728 -3 23.0195
    endloop
  endfacet
  facet normal 0 -1 0
    outer loop
      vertex 33.1685 -3 22.8141
      vertex 35.2235 -3 24.6638
      vertex 33.1251 -3 22.9189
    endloop
  endfacet
  facet normal 0 -1 0
    outer loop
      vertex 33.2026 -3 22.7059
      vertex 35.2235 -3 24.6638
      vertex 33.1685 -3 22.8141
    endloop
  endfacet
  facet normal 0 -1 0
    outer loop
      vertex 33.2272 -3 22.5952
      vertex 35.2235 -3 24.6638
      vertex 33.2026 -3 22.7059
    endloop
  endfacet
  facet normal 0 -1 0
    outer loop
      vertex 33.242 -3 22.4828
      vertex 35.2235 -3 24.6638
      vertex 33.2272 -3 22.5952
    endloop
  endfacet
  facet normal 0 -1 0
    outer loop
      vertex 33.2469 -3 22.3695
      vertex 35.2235 -3 24.6638
      vertex 33.242 -3 22.4828
    endloop
  endfacet
  facet normal 0 -1 0
    outer loop
      vertex 37.2391 -3 21.5
      vertex 33.2469 -3 22.3695
      vertex 33.242 -3 22.2562
    endloop
  endfacet
  facet normal 0 -1 0
    outer loop
      vertex 37.2391 -3 21.5
      vertex 33.242 -3 22.2562
      vertex 33.2272 -3 22.1437
    endloop
  endfacet
  facet normal 0 -1 0
    outer loop
      vertex 37.2391 -3 21.5
      vertex 33.2272 -3 22.1437
      vertex 33.2026 -3 22.033
    endloop
  endfacet
  facet normal 0 -1 0
    outer loop
      vertex 37.2391 -3 21.5
      vertex 33.2026 -3 22.033
      vertex 33.1685 -3 21.9249
    endloop
  endfacet
  facet normal 0 -1 0
    outer loop
      vertex 37.2391 -3 21.5
      vertex 33.1685 -3 21.9249
      vertex 33.1251 -3 21.8201
    endloop
  endfacet
  facet normal 0 -1 0
    outer loop
      vertex 37.2391 -3 21.5
      vertex 33.1251 -3 21.8201
      vertex 33.0728 -3 21.7195
    endloop
  endfacet
  facet normal 0 -1 0
    outer loop
      vertex 37.2391 -3 21.5
      vertex 33.0728 -3 21.7195
      vertex 33.0118 -3 21.6238
    endloop
  endfacet
  facet normal 0 -1 0
    outer loop
      vertex 33.2469 -3 22.3695
      vertex 37.2391 -3 21.5
      vertex 35.2235 -3 24.6638
    endloop
  endfacet
  facet normal 0 -1 0
    outer loop
      vertex 32.9428 -3 21.5339
      vertex 37.2391 -3 21.5
      vertex 33.0118 -3 21.6238
    endloop
  endfacet
  facet normal 0 -1 0
    outer loop
      vertex 32.8662 -3 21.4502
      vertex 37.2391 -3 21.5
      vertex 32.9428 -3 21.5339
    endloop
  endfacet
  facet normal 0 -1 0
    outer loop
      vertex 32.7826 -3 21.3736
      vertex 37.2391 -3 21.5
      vertex 32.8662 -3 21.4502
    endloop
  endfacet
  facet normal 0 -1 0
    outer loop
      vertex 32.6926 -3 21.3046
      vertex 37.2391 -3 21.5
      vertex 32.7826 -3 21.3736
    endloop
  endfacet
  facet normal 0 -1 0
    outer loop
      vertex 38.9712 -3 18.1726
      vertex 32.6926 -3 21.3046
      vertex 32.5969 -3 21.2436
    endloop
  endfacet
  facet normal 0 -1 0
    outer loop
      vertex 38.9712 -3 18.1726
      vertex 32.5969 -3 21.2436
      vertex 32.4963 -3 21.1913
    endloop
  endfacet
  facet normal 0 -1 0
    outer loop
      vertex 38.9712 -3 18.1726
      vertex 32.4963 -3 21.1913
      vertex 32.3916 -3 21.1479
    endloop
  endfacet
  facet normal 0 -1 0
    outer loop
      vertex 29.9081 -3 13.9464
      vertex 32.3916 -3 21.1479
      vertex 32.2834 -3 21.1138
    endloop
  endfacet
  facet normal 0 -1 0
    outer loop
      vertex 29.9081 -3 13.9464
      vertex 32.2834 -3 21.1138
      vertex 32.1727 -3 21.0892
    endloop
  endfacet
  facet normal 0 -1 0
    outer loop
      vertex 29.9081 -3 13.9464
      vertex 32.1727 -3 21.0892
      vertex 32.0602 -3 21.0744
    endloop
  endfacet
  facet normal 0 -1 -0
    outer loop
      vertex 31.8336 -3 21.0744
      vertex 28.5788 -3 16.5
      vertex 31.9469 -3 21.0695
    endloop
  endfacet
  facet normal 0 -1 -0
    outer loop
      vertex 31.9469 -3 21.0695
      vertex 28.5788 -3 16.5
      vertex 32.0602 -3 21.0744
    endloop
  endfacet
  facet normal 0 -1 0
    outer loop
      vertex 29.9081 -3 13.9464
      vertex 32.0602 -3 21.0744
      vertex 28.5788 -3 16.5
    endloop
  endfacet
  facet normal 0 -1 0
    outer loop
      vertex 32.6926 -3 21.3046
      vertex 38.9712 -3 18.1726
      vertex 37.2391 -3 21.5
    endloop
  endfacet
  facet normal 0 -1 -0
    outer loop
      vertex 32.3916 -3 21.1479
      vertex 29.9081 -3 13.9464
      vertex 38.9712 -3 18.1726
    endloop
  endfacet
  facet normal 0 -1 -0
    outer loop
      vertex 38.9712 -3 18.1726
      vertex 29.9081 -3 13.9464
      vertex 40.4068 -3 14.7069
    endloop
  endfacet
  facet normal 0 -1 0
    outer loop
      vertex 31.0098 -3 11.2867
      vertex 40.4068 -3 14.7069
      vertex 29.9081 -3 13.9464
    endloop
  endfacet
  facet normal 0 -1 0
    outer loop
      vertex 31.0098 -3 11.2867
      vertex 41.5348 -3 11.1292
      vertex 40.4068 -3 14.7069
    endloop
  endfacet
  facet normal 0 -1 0
    outer loop
      vertex 31.8755 -3 8.54102
      vertex 41.5348 -3 11.1292
      vertex 31.0098 -3 11.2867
    endloop
  endfacet
  facet normal 0 -1 0
    outer loop
      vertex 31.8755 -3 8.54102
      vertex 42.3467 -3 7.46686
      vertex 41.5348 -3 11.1292
    endloop
  endfacet
  facet normal 0 -1 0
    outer loop
      vertex 32.4986 -3 5.73038
      vertex 42.3467 -3 7.46686
      vertex 31.8755 -3 8.54102
    endloop
  endfacet
  facet normal 0 -1 0
    outer loop
      vertex 32.4986 -3 5.73038
      vertex 42.8364 -3 3.7477
      vertex 42.3467 -3 7.46686
    endloop
  endfacet
  facet normal 0 -1 0
    outer loop
      vertex 32.8744 -3 2.87613
      vertex 42.8364 -3 3.7477
      vertex 32.4986 -3 5.73038
    endloop
  endfacet
  facet normal 0 -1 0
    outer loop
      vertex 33 -3 0
      vertex 42.8364 -3 3.7477
      vertex 32.8744 -3 2.87613
    endloop
  endfacet
  facet normal 0 -1 0
    outer loop
      vertex 33 -3 0
      vertex 43 -3 0
      vertex 42.8364 -3 3.7477
    endloop
  endfacet
  facet normal 0 -1 0
    outer loop
      vertex 32.8744 -3 -2.87613
      vertex 43 -3 0
      vertex 33 -3 0
    endloop
  endfacet
  facet normal 0 -1 0
    outer loop
      vertex 32.8744 -3 -2.87613
      vertex 42.8364 -3 -3.7477
      vertex 43 -3 0
    endloop
  endfacet
  facet normal 0 -1 0
    outer loop
      vertex 32.4986 -3 -5.73038
      vertex 42.8364 -3 -3.7477
      vertex 32.8744 -3 -2.87613
    endloop
  endfacet
  facet normal 0 -1 0
    outer loop
      vertex 32.4986 -3 -5.73038
      vertex 42.3467 -3 -7.46686
      vertex 42.8364 -3 -3.7477
    endloop
  endfacet
  facet normal 0 -1 0
    outer loop
      vertex 31.8755 -3 -8.54102
      vertex 42.3467 -3 -7.46686
      vertex 32.4986 -3 -5.73038
    endloop
  endfacet
  facet normal 0 -1 0
    outer loop
      vertex 31.8755 -3 -8.54102
      vertex 41.5348 -3 -11.1292
      vertex 42.3467 -3 -7.46686
    endloop
  endfacet
  facet normal 0 -1 0
    outer loop
      vertex 31.0098 -3 -11.2867
      vertex 41.5348 -3 -11.1292
      vertex 31.8755 -3 -8.54102
    endloop
  endfacet
  facet normal 0 -1 0
    outer loop
      vertex 40.4068 -3 -14.7069
      vertex 31.0098 -3 -11.2867
      vertex 29.9081 -3 -13.9464
    endloop
  endfacet
  facet normal 0 -1 0
    outer loop
      vertex 31.0098 -3 -11.2867
      vertex 40.4068 -3 -14.7069
      vertex 41.5348 -3 -11.1292
    endloop
  endfacet
  facet normal 0 -1 0
    outer loop
      vertex 32.1727 -3 -21.0892
      vertex 29.9081 -3 -13.9464
      vertex 28.5788 -3 -16.5
    endloop
  endfacet
  facet normal 0 -1 0
    outer loop
      vertex 29.9081 -3 -13.9464
      vertex 38.9712 -3 -18.1726
      vertex 40.4068 -3 -14.7069
    endloop
  endfacet
  facet normal 0 -1 0
    outer loop
      vertex 31.2969 -3 -21.2436
      vertex 28.5788 -3 -16.5
      vertex 27.032 -3 -18.928
    endloop
  endfacet
  facet normal 0 -1 0
    outer loop
      vertex 28.5788 -3 -16.5
      vertex 31.9469 -3 -21.0695
      vertex 32.0602 -3 -21.0744
    endloop
  endfacet
  facet normal 0 -1 0
    outer loop
      vertex 32.1727 -3 -21.0892
      vertex 28.5788 -3 -16.5
      vertex 32.0602 -3 -21.0744
    endloop
  endfacet
  facet normal 0 -1 0
    outer loop
      vertex 29.9081 -3 -13.9464
      vertex 32.1727 -3 -21.0892
      vertex 32.2834 -3 -21.1138
    endloop
  endfacet
  facet normal 0 -1 0
    outer loop
      vertex 32.3916 -3 -21.1479
      vertex 29.9081 -3 -13.9464
      vertex 32.2834 -3 -21.1138
    endloop
  endfacet
  facet normal 0 -1 0
    outer loop
      vertex 29.9081 -3 -13.9464
      vertex 32.3916 -3 -21.1479
      vertex 38.9712 -3 -18.1726
    endloop
  endfacet
  facet normal 0 -1 0
    outer loop
      vertex 32.4963 -3 -21.1913
      vertex 38.9712 -3 -18.1726
      vertex 32.3916 -3 -21.1479
    endloop
  endfacet
  facet normal 0 -1 0
    outer loop
      vertex 32.5969 -3 -21.2436
      vertex 38.9712 -3 -18.1726
      vertex 32.4963 -3 -21.1913
    endloop
  endfacet
  facet normal 0 -1 0
    outer loop
      vertex 32.6926 -3 -21.3046
      vertex 38.9712 -3 -18.1726
      vertex 32.5969 -3 -21.2436
    endloop
  endfacet
  facet normal 0 -1 0
    outer loop
      vertex 32.7826 -3 -21.3736
      vertex 38.9712 -3 -18.1726
      vertex 32.6926 -3 -21.3046
    endloop
  endfacet
  facet normal 0 -1 0
    outer loop
      vertex 37.2391 -3 -21.5
      vertex 32.7826 -3 -21.3736
      vertex 32.8662 -3 -21.4502
    endloop
  endfacet
  facet normal 0 -1 0
    outer loop
      vertex 32.7826 -3 -21.3736
      vertex 37.2391 -3 -21.5
      vertex 38.9712 -3 -18.1726
    endloop
  endfacet
  facet normal 0 -1 0
    outer loop
      vertex 32.9428 -3 -21.5339
      vertex 37.2391 -3 -21.5
      vertex 32.8662 -3 -21.4502
    endloop
  endfacet
  facet normal 0 -1 0
    outer loop
      vertex 33.0118 -3 -21.6238
      vertex 37.2391 -3 -21.5
      vertex 32.9428 -3 -21.5339
    endloop
  endfacet
  facet normal 0 -1 0
    outer loop
      vertex 33.0728 -3 -21.7195
      vertex 37.2391 -3 -21.5
      vertex 33.0118 -3 -21.6238
    endloop
  endfacet
  facet normal 0 -1 0
    outer loop
      vertex 33.1251 -3 -21.8201
      vertex 37.2391 -3 -21.5
      vertex 33.0728 -3 -21.7195
    endloop
  endfacet
  facet normal 0 -1 0
    outer loop
      vertex 33.1685 -3 -21.9249
      vertex 37.2391 -3 -21.5
      vertex 33.1251 -3 -21.8201
    endloop
  endfacet
  facet normal 0 -1 0
    outer loop
      vertex 33.2026 -3 -22.033
      vertex 37.2391 -3 -21.5
      vertex 33.1685 -3 -21.9249
    endloop
  endfacet
  facet normal 0 -1 0
    outer loop
      vertex 33.2272 -3 -22.1437
      vertex 37.2391 -3 -21.5
      vertex 33.2026 -3 -22.033
    endloop
  endfacet
  facet normal 0 -1 0
    outer loop
      vertex 33.242 -3 -22.2562
      vertex 37.2391 -3 -21.5
      vertex 33.2272 -3 -22.1437
    endloop
  endfacet
  facet normal 0 -1 0
    outer loop
      vertex 33.2469 -3 -22.3695
      vertex 37.2391 -3 -21.5
      vertex 33.242 -3 -22.2562
    endloop
  endfacet
  facet normal 0 -1 0
    outer loop
      vertex 33.242 -3 -22.4828
      vertex 37.2391 -3 -21.5
      vertex 33.2469 -3 -22.3695
    endloop
  endfacet
  facet normal 0 -1 0
    outer loop
      vertex 35.2235 -3 -24.6638
      vertex 33.242 -3 -22.4828
      vertex 33.2272 -3 -22.5952
    endloop
  endfacet
  facet normal 0 -1 0
    outer loop
      vertex 35.2235 -3 -24.6638
      vertex 33.2272 -3 -22.5952
      vertex 33.2026 -3 -22.7059
    endloop
  endfacet
  facet normal 0 -1 0
    outer loop
      vertex 35.2235 -3 -24.6638
      vertex 33.2026 -3 -22.7059
      vertex 33.1685 -3 -22.8141
    endloop
  endfacet
  facet normal 0 -1 0
    outer loop
      vertex 35.2235 -3 -24.6638
      vertex 33.1685 -3 -22.8141
      vertex 33.1251 -3 -22.9189
    endloop
  endfacet
  facet normal 0 -1 0
    outer loop
      vertex 35.2235 -3 -24.6638
      vertex 33.1251 -3 -22.9189
      vertex 33.0728 -3 -23.0195
    endloop
  endfacet
  facet normal 0 -1 0
    outer loop
      vertex 35.2235 -3 -24.6638
      vertex 33.0728 -3 -23.0195
      vertex 33.0118 -3 -23.1151
    endloop
  endfacet
  facet normal 0 -1 0
    outer loop
      vertex 35.2235 -3 -24.6638
      vertex 33.0118 -3 -23.1151
      vertex 32.9428 -3 -23.2051
    endloop
  endfacet
  facet normal 0 -1 0
    outer loop
      vertex 35.2235 -3 -24.6638
      vertex 32.9428 -3 -23.2051
      vertex 32.8662 -3 -23.2887
    endloop
  endfacet
  facet normal 0 -1 0
    outer loop
      vertex 35.2235 -3 -24.6638
      vertex 32.8662 -3 -23.2887
      vertex 32.7826 -3 -23.3653
    endloop
  endfacet
  facet normal 0 -1 0
    outer loop
      vertex 35.2235 -3 -24.6638
      vertex 32.7826 -3 -23.3653
      vertex 32.6926 -3 -23.4344
    endloop
  endfacet
  facet normal 0 -1 0
    outer loop
      vertex 35.2235 -3 -24.6638
      vertex 32.6926 -3 -23.4344
      vertex 32.5969 -3 -23.4953
    endloop
  endfacet
  facet normal 0 -1 0
    outer loop
      vertex 35.2235 -3 -24.6638
      vertex 32.5969 -3 -23.4953
      vertex 32.4963 -3 -23.5477
    endloop
  endfacet
  facet normal 0 -1 0
    outer loop
      vertex 33.242 -3 -22.4828
      vertex 35.2235 -3 -24.6638
      vertex 37.2391 -3 -21.5
    endloop
  endfacet
  facet normal 0 -1 0
    outer loop
      vertex 32.3916 -3 -23.5911
      vertex 35.2235 -3 -24.6638
      vertex 32.4963 -3 -23.5477
    endloop
  endfacet
  facet normal 0 -1 0
    outer loop
      vertex 32.2834 -3 -23.6252
      vertex 35.2235 -3 -24.6638
      vertex 32.3916 -3 -23.5911
    endloop
  endfacet
  facet normal 0 -1 0
    outer loop
      vertex 32.1727 -3 -23.6497
      vertex 35.2235 -3 -24.6638
      vertex 32.2834 -3 -23.6252
    endloop
  endfacet
  facet normal 0 -1 0
    outer loop
      vertex 32.0602 -3 -23.6645
      vertex 35.2235 -3 -24.6638
      vertex 32.1727 -3 -23.6497
    endloop
  endfacet
  facet normal 0 -1 0
    outer loop
      vertex 35.2235 -3 -24.6638
      vertex 32.0602 -3 -23.6645
      vertex 31.9469 -3 -23.6695
    endloop
  endfacet
  facet normal 0.130543 0 -0.991443
    outer loop
      vertex 3.7477 -3 -42.8364
      vertex 7.46686 0 -42.3467
      vertex 7.46686 -3 -42.3467
    endloop
  endfacet
  facet normal 0.130543 0 -0.991443
    outer loop
      vertex 7.46686 0 -42.3467
      vertex 3.7477 -3 -42.8364
      vertex 3.7477 0 -42.8364
    endloop
  endfacet
  facet normal 0.216434 0 -0.976297
    outer loop
      vertex 7.46686 -3 -42.3467
      vertex 11.1292 0 -41.5348
      vertex 11.1292 -3 -41.5348
    endloop
  endfacet
  facet normal 0.216434 0 -0.976297
    outer loop
      vertex 11.1292 0 -41.5348
      vertex 7.46686 -3 -42.3467
      vertex 7.46686 0 -42.3467
    endloop
  endfacet
  facet normal 0.300695 0 -0.95372
    outer loop
      vertex 11.1292 -3 -41.5348
      vertex 14.7069 0 -40.4068
      vertex 14.7069 -3 -40.4068
    endloop
  endfacet
  facet normal 0.300695 0 -0.95372
    outer loop
      vertex 14.7069 0 -40.4068
      vertex 11.1292 -3 -41.5348
      vertex 11.1292 0 -41.5348
    endloop
  endfacet
  facet normal 0.382697 0 -0.923874
    outer loop
      vertex 14.7069 -3 -40.4068
      vertex 18.1726 0 -38.9712
      vertex 18.1726 -3 -38.9712
    endloop
  endfacet
  facet normal 0.382697 0 -0.923874
    outer loop
      vertex 18.1726 0 -38.9712
      vertex 14.7069 -3 -40.4068
      vertex 14.7069 0 -40.4068
    endloop
  endfacet
  facet normal 0.461741 0 -0.887015
    outer loop
      vertex 18.1726 -3 -38.9712
      vertex 21.5 0 -37.2391
      vertex 21.5 -3 -37.2391
    endloop
  endfacet
  facet normal 0.461741 0 -0.887015
    outer loop
      vertex 21.5 0 -37.2391
      vertex 18.1726 -3 -38.9712
      vertex 18.1726 0 -38.9712
    endloop
  endfacet
  facet normal 0.537307 0 -0.843387
    outer loop
      vertex 21.5 -3 -37.2391
      vertex 24.6638 0 -35.2235
      vertex 24.6638 -3 -35.2235
    endloop
  endfacet
  facet normal 0.537307 0 -0.843387
    outer loop
      vertex 24.6638 0 -35.2235
      vertex 21.5 -3 -37.2391
      vertex 21.5 0 -37.2391
    endloop
  endfacet
  facet normal 0.608754 0 -0.793359
    outer loop
      vertex 24.6638 -3 -35.2235
      vertex 27.6399 0 -32.9399
      vertex 27.6399 -3 -32.9399
    endloop
  endfacet
  facet normal 0.608754 0 -0.793359
    outer loop
      vertex 27.6399 0 -32.9399
      vertex 24.6638 -3 -35.2235
      vertex 24.6638 0 -35.2235
    endloop
  endfacet
  facet normal 0.675591 0 -0.737277
    outer loop
      vertex 27.6399 -3 -32.9399
      vertex 30.4056 0 -30.4056
      vertex 30.4056 -3 -30.4056
    endloop
  endfacet
  facet normal 0.675591 0 -0.737277
    outer loop
      vertex 30.4056 0 -30.4056
      vertex 27.6399 -3 -32.9399
      vertex 27.6399 0 -32.9399
    endloop
  endfacet
  facet normal 0.737277 0 -0.675591
    outer loop
      vertex 32.9399 -3 -27.6399
      vertex 30.4056 0 -30.4056
      vertex 32.9399 0 -27.6399
    endloop
  endfacet
  facet normal 0.737277 0 -0.675591
    outer loop
      vertex 30.4056 0 -30.4056
      vertex 32.9399 -3 -27.6399
      vertex 30.4056 -3 -30.4056
    endloop
  endfacet
  facet normal 0.793359 0 -0.608754
    outer loop
      vertex 35.2235 -3 -24.6638
      vertex 32.9399 0 -27.6399
      vertex 35.2235 0 -24.6638
    endloop
  endfacet
  facet normal 0.793359 0 -0.608754
    outer loop
      vertex 32.9399 0 -27.6399
      vertex 35.2235 -3 -24.6638
      vertex 32.9399 -3 -27.6399
    endloop
  endfacet
  facet normal 0.843387 0 -0.537307
    outer loop
      vertex 37.2391 -3 -21.5
      vertex 35.2235 0 -24.6638
      vertex 37.2391 0 -21.5
    endloop
  endfacet
  facet normal 0.843387 0 -0.537307
    outer loop
      vertex 35.2235 0 -24.6638
      vertex 37.2391 -3 -21.5
      vertex 35.2235 -3 -24.6638
    endloop
  endfacet
  facet normal 0.887015 0 -0.461741
    outer loop
      vertex 38.9712 -3 -18.1726
      vertex 37.2391 0 -21.5
      vertex 38.9712 0 -18.1726
    endloop
  endfacet
  facet normal 0.887015 0 -0.461741
    outer loop
      vertex 37.2391 0 -21.5
      vertex 38.9712 -3 -18.1726
      vertex 37.2391 -3 -21.5
    endloop
  endfacet
  facet normal 0.923874 0 -0.382697
    outer loop
      vertex 40.4068 -3 -14.7069
      vertex 38.9712 0 -18.1726
      vertex 40.4068 0 -14.7069
    endloop
  endfacet
  facet normal 0.923874 0 -0.382697
    outer loop
      vertex 38.9712 0 -18.1726
      vertex 40.4068 -3 -14.7069
      vertex 38.9712 -3 -18.1726
    endloop
  endfacet
  facet normal 0.95372 0 -0.300695
    outer loop
      vertex 41.5348 -3 -11.1292
      vertex 40.4068 0 -14.7069
      vertex 41.5348 0 -11.1292
    endloop
  endfacet
  facet normal 0.95372 0 -0.300695
    outer loop
      vertex 40.4068 0 -14.7069
      vertex 41.5348 -3 -11.1292
      vertex 40.4068 -3 -14.7069
    endloop
  endfacet
  facet normal 0.976297 0 -0.216434
    outer loop
      vertex 42.3467 -3 -7.46686
      vertex 41.5348 0 -11.1292
      vertex 42.3467 0 -7.46686
    endloop
  endfacet
  facet normal 0.976297 0 -0.216434
    outer loop
      vertex 41.5348 0 -11.1292
      vertex 42.3467 -3 -7.46686
      vertex 41.5348 -3 -11.1292
    endloop
  endfacet
  facet normal 0.991443 0 -0.130543
    outer loop
      vertex 42.8364 -3 -3.7477
      vertex 42.3467 0 -7.46686
      vertex 42.8364 0 -3.7477
    endloop
  endfacet
  facet normal 0.991443 0 -0.130543
    outer loop
      vertex 42.3467 0 -7.46686
      vertex 42.8364 -3 -3.7477
      vertex 42.3467 -3 -7.46686
    endloop
  endfacet
  facet normal 0.999049 0 -0.0436119
    outer loop
      vertex 43 -3 0
      vertex 42.8364 0 -3.7477
      vertex 43 0 0
    endloop
  endfacet
  facet normal 0.999049 0 -0.0436119
    outer loop
      vertex 42.8364 0 -3.7477
      vertex 43 -3 0
      vertex 42.8364 -3 -3.7477
    endloop
  endfacet
  facet normal 0.999049 -0 0.0436119
    outer loop
      vertex 42.8364 -3 3.7477
      vertex 43 0 0
      vertex 42.8364 0 3.7477
    endloop
  endfacet
  facet normal 0.999049 0 0.0436119
    outer loop
      vertex 43 0 0
      vertex 42.8364 -3 3.7477
      vertex 43 -3 0
    endloop
  endfacet
  facet normal 0.991443 -0 0.130543
    outer loop
      vertex 42.3467 -3 7.46686
      vertex 42.8364 0 3.7477
      vertex 42.3467 0 7.46686
    endloop
  endfacet
  facet normal 0.991443 0 0.130543
    outer loop
      vertex 42.8364 0 3.7477
      vertex 42.3467 -3 7.46686
      vertex 42.8364 -3 3.7477
    endloop
  endfacet
  facet normal 0.976297 -0 0.216434
    outer loop
      vertex 41.5348 -3 11.1292
      vertex 42.3467 0 7.46686
      vertex 41.5348 0 11.1292
    endloop
  endfacet
  facet normal 0.976297 0 0.216434
    outer loop
      vertex 42.3467 0 7.46686
      vertex 41.5348 -3 11.1292
      vertex 42.3467 -3 7.46686
    endloop
  endfacet
  facet normal 0.95372 -0 0.300695
    outer loop
      vertex 40.4068 -3 14.7069
      vertex 41.5348 0 11.1292
      vertex 40.4068 0 14.7069
    endloop
  endfacet
  facet normal 0.95372 0 0.300695
    outer loop
      vertex 41.5348 0 11.1292
      vertex 40.4068 -3 14.7069
      vertex 41.5348 -3 11.1292
    endloop
  endfacet
  facet normal 0.923874 -0 0.382697
    outer loop
      vertex 38.9712 -3 18.1726
      vertex 40.4068 0 14.7069
      vertex 38.9712 0 18.1726
    endloop
  endfacet
  facet normal 0.923874 0 0.382697
    outer loop
      vertex 40.4068 0 14.7069
      vertex 38.9712 -3 18.1726
      vertex 40.4068 -3 14.7069
    endloop
  endfacet
  facet normal 0.887015 -0 0.461741
    outer loop
      vertex 37.2391 -3 21.5
      vertex 38.9712 0 18.1726
      vertex 37.2391 0 21.5
    endloop
  endfacet
  facet normal 0.887015 0 0.461741
    outer loop
      vertex 38.9712 0 18.1726
      vertex 37.2391 -3 21.5
      vertex 38.9712 -3 18.1726
    endloop
  endfacet
  facet normal 0.843387 -0 0.537307
    outer loop
      vertex 35.2235 -3 24.6638
      vertex 37.2391 0 21.5
      vertex 35.2235 0 24.6638
    endloop
  endfacet
  facet normal 0.843387 0 0.537307
    outer loop
      vertex 37.2391 0 21.5
      vertex 35.2235 -3 24.6638
      vertex 37.2391 -3 21.5
    endloop
  endfacet
  facet normal 0.793359 -0 0.608754
    outer loop
      vertex 32.9399 -3 27.6399
      vertex 35.2235 0 24.6638
      vertex 32.9399 0 27.6399
    endloop
  endfacet
  facet normal 0.793359 0 0.608754
    outer loop
      vertex 35.2235 0 24.6638
      vertex 32.9399 -3 27.6399
      vertex 35.2235 -3 24.6638
    endloop
  endfacet
  facet normal 0.737277 -0 0.675591
    outer loop
      vertex 30.4056 -3 30.4056
      vertex 32.9399 0 27.6399
      vertex 30.4056 0 30.4056
    endloop
  endfacet
  facet normal 0.737277 0 0.675591
    outer loop
      vertex 32.9399 0 27.6399
      vertex 30.4056 -3 30.4056
      vertex 32.9399 -3 27.6399
    endloop
  endfacet
  facet normal 0.675591 0 0.737277
    outer loop
      vertex 27.6399 0 32.9399
      vertex 30.4056 -3 30.4056
      vertex 30.4056 0 30.4056
    endloop
  endfacet
  facet normal 0.675591 0 0.737277
    outer loop
      vertex 30.4056 -3 30.4056
      vertex 27.6399 0 32.9399
      vertex 27.6399 -3 32.9399
    endloop
  endfacet
  facet normal 0.608754 0 0.793359
    outer loop
      vertex 24.6638 0 35.2235
      vertex 27.6399 -3 32.9399
      vertex 27.6399 0 32.9399
    endloop
  endfacet
  facet normal 0.608754 0 0.793359
    outer loop
      vertex 27.6399 -3 32.9399
      vertex 24.6638 0 35.2235
      vertex 24.6638 -3 35.2235
    endloop
  endfacet
  facet normal 0.537307 0 0.843387
    outer loop
      vertex 21.5 0 37.2391
      vertex 24.6638 -3 35.2235
      vertex 24.6638 0 35.2235
    endloop
  endfacet
  facet normal 0.537307 0 0.843387
    outer loop
      vertex 24.6638 -3 35.2235
      vertex 21.5 0 37.2391
      vertex 21.5 -3 37.2391
    endloop
  endfacet
  facet normal 0.461741 0 0.887015
    outer loop
      vertex 18.1726 0 38.9712
      vertex 21.5 -3 37.2391
      vertex 21.5 0 37.2391
    endloop
  endfacet
  facet normal 0.461741 0 0.887015
    outer loop
      vertex 21.5 -3 37.2391
      vertex 18.1726 0 38.9712
      vertex 18.1726 -3 38.9712
    endloop
  endfacet
  facet normal 0.382697 0 0.923874
    outer loop
      vertex 14.7069 0 40.4068
      vertex 18.1726 -3 38.9712
      vertex 18.1726 0 38.9712
    endloop
  endfacet
  facet normal 0.382697 0 0.923874
    outer loop
      vertex 18.1726 -3 38.9712
      vertex 14.7069 0 40.4068
      vertex 14.7069 -3 40.4068
    endloop
  endfacet
  facet normal 0.300695 0 0.95372
    outer loop
      vertex 11.1292 0 41.5348
      vertex 14.7069 -3 40.4068
      vertex 14.7069 0 40.4068
    endloop
  endfacet
  facet normal 0.300695 0 0.95372
    outer loop
      vertex 14.7069 -3 40.4068
      vertex 11.1292 0 41.5348
      vertex 11.1292 -3 41.5348
    endloop
  endfacet
  facet normal 0.216434 0 0.976297
    outer loop
      vertex 7.46686 0 42.3467
      vertex 11.1292 -3 41.5348
      vertex 11.1292 0 41.5348
    endloop
  endfacet
  facet normal 0.216434 0 0.976297
    outer loop
      vertex 11.1292 -3 41.5348
      vertex 7.46686 0 42.3467
      vertex 7.46686 -3 42.3467
    endloop
  endfacet
  facet normal 0.130543 0 0.991443
    outer loop
      vertex 3.7477 0 42.8364
      vertex 7.46686 -3 42.3467
      vertex 7.46686 0 42.3467
    endloop
  endfacet
  facet normal 0.130543 0 0.991443
    outer loop
      vertex 7.46686 -3 42.3467
      vertex 3.7477 0 42.8364
      vertex 3.7477 -3 42.8364
    endloop
  endfacet
  facet normal 0.0436119 0 0.999049
    outer loop
      vertex 0 0 43
      vertex 3.7477 -3 42.8364
      vertex 3.7477 0 42.8364
    endloop
  endfacet
  facet normal 0.0436119 0 0.999049
    outer loop
      vertex 3.7477 -3 42.8364
      vertex 0 0 43
      vertex 0 -3 43
    endloop
  endfacet
  facet normal -0.0436119 0 0.999049
    outer loop
      vertex -3.7477 0 42.8364
      vertex 0 -3 43
      vertex 0 0 43
    endloop
  endfacet
  facet normal -0.0436119 0 0.999049
    outer loop
      vertex 0 -3 43
      vertex -3.7477 0 42.8364
      vertex -3.7477 -3 42.8364
    endloop
  endfacet
  facet normal -0.130543 0 0.991443
    outer loop
      vertex -7.46686 0 42.3467
      vertex -3.7477 -3 42.8364
      vertex -3.7477 0 42.8364
    endloop
  endfacet
  facet normal -0.130543 0 0.991443
    outer loop
      vertex -3.7477 -3 42.8364
      vertex -7.46686 0 42.3467
      vertex -7.46686 -3 42.3467
    endloop
  endfacet
  facet normal -0.216434 0 0.976297
    outer loop
      vertex -11.1292 0 41.5348
      vertex -7.46686 -3 42.3467
      vertex -7.46686 0 42.3467
    endloop
  endfacet
  facet normal -0.216434 0 0.976297
    outer loop
      vertex -7.46686 -3 42.3467
      vertex -11.1292 0 41.5348
      vertex -11.1292 -3 41.5348
    endloop
  endfacet
  facet normal -0.300695 0 0.95372
    outer loop
      vertex -14.7069 0 40.4068
      vertex -11.1292 -3 41.5348
      vertex -11.1292 0 41.5348
    endloop
  endfacet
  facet normal -0.300695 0 0.95372
    outer loop
      vertex -11.1292 -3 41.5348
      vertex -14.7069 0 40.4068
      vertex -14.7069 -3 40.4068
    endloop
  endfacet
  facet normal -0.382697 0 0.923874
    outer loop
      vertex -18.1726 0 38.9712
      vertex -14.7069 -3 40.4068
      vertex -14.7069 0 40.4068
    endloop
  endfacet
  facet normal -0.382697 0 0.923874
    outer loop
      vertex -14.7069 -3 40.4068
      vertex -18.1726 0 38.9712
      vertex -18.1726 -3 38.9712
    endloop
  endfacet
  facet normal -0.461741 0 0.887015
    outer loop
      vertex -21.5 0 37.2391
      vertex -18.1726 -3 38.9712
      vertex -18.1726 0 38.9712
    endloop
  endfacet
  facet normal -0.461741 0 0.887015
    outer loop
      vertex -18.1726 -3 38.9712
      vertex -21.5 0 37.2391
      vertex -21.5 -3 37.2391
    endloop
  endfacet
  facet normal -0.537307 0 0.843387
    outer loop
      vertex -24.6638 0 35.2235
      vertex -21.5 -3 37.2391
      vertex -21.5 0 37.2391
    endloop
  endfacet
  facet normal -0.537307 0 0.843387
    outer loop
      vertex -21.5 -3 37.2391
      vertex -24.6638 0 35.2235
      vertex -24.6638 -3 35.2235
    endloop
  endfacet
  facet normal -0.608754 0 0.793359
    outer loop
      vertex -27.6399 0 32.9399
      vertex -24.6638 -3 35.2235
      vertex -24.6638 0 35.2235
    endloop
  endfacet
  facet normal -0.608754 0 0.793359
    outer loop
      vertex -24.6638 -3 35.2235
      vertex -27.6399 0 32.9399
      vertex -27.6399 -3 32.9399
    endloop
  endfacet
  facet normal -0.675591 0 0.737277
    outer loop
      vertex -30.4056 0 30.4056
      vertex -27.6399 -3 32.9399
      vertex -27.6399 0 32.9399
    endloop
  endfacet
  facet normal -0.675591 0 0.737277
    outer loop
      vertex -27.6399 -3 32.9399
      vertex -30.4056 0 30.4056
      vertex -30.4056 -3 30.4056
    endloop
  endfacet
  facet normal -0.737277 0 0.675591
    outer loop
      vertex -32.9399 -3 27.6399
      vertex -30.4056 0 30.4056
      vertex -32.9399 0 27.6399
    endloop
  endfacet
  facet normal -0.737277 0 0.675591
    outer loop
      vertex -30.4056 0 30.4056
      vertex -32.9399 -3 27.6399
      vertex -30.4056 -3 30.4056
    endloop
  endfacet
  facet normal -0.793359 0 0.608754
    outer loop
      vertex -35.2235 -3 24.6638
      vertex -32.9399 0 27.6399
      vertex -35.2235 0 24.6638
    endloop
  endfacet
  facet normal -0.793359 0 0.608754
    outer loop
      vertex -32.9399 0 27.6399
      vertex -35.2235 -3 24.6638
      vertex -32.9399 -3 27.6399
    endloop
  endfacet
  facet normal -0.843387 0 0.537307
    outer loop
      vertex -37.2391 -3 21.5
      vertex -35.2235 0 24.6638
      vertex -37.2391 0 21.5
    endloop
  endfacet
  facet normal -0.843387 0 0.537307
    outer loop
      vertex -35.2235 0 24.6638
      vertex -37.2391 -3 21.5
      vertex -35.2235 -3 24.6638
    endloop
  endfacet
  facet normal -0.887015 0 0.461741
    outer loop
      vertex -38.9712 -3 18.1726
      vertex -37.2391 0 21.5
      vertex -38.9712 0 18.1726
    endloop
  endfacet
  facet normal -0.887015 0 0.461741
    outer loop
      vertex -37.2391 0 21.5
      vertex -38.9712 -3 18.1726
      vertex -37.2391 -3 21.5
    endloop
  endfacet
  facet normal -0.923874 0 0.382697
    outer loop
      vertex -40.4068 -3 14.7069
      vertex -38.9712 0 18.1726
      vertex -40.4068 0 14.7069
    endloop
  endfacet
  facet normal -0.923874 0 0.382697
    outer loop
      vertex -38.9712 0 18.1726
      vertex -40.4068 -3 14.7069
      vertex -38.9712 -3 18.1726
    endloop
  endfacet
  facet normal -0.95372 0 0.300695
    outer loop
      vertex -41.5348 -3 11.1292
      vertex -40.4068 0 14.7069
      vertex -41.5348 0 11.1292
    endloop
  endfacet
  facet normal -0.95372 0 0.300695
    outer loop
      vertex -40.4068 0 14.7069
      vertex -41.5348 -3 11.1292
      vertex -40.4068 -3 14.7069
    endloop
  endfacet
  facet normal -0.976297 0 0.216434
    outer loop
      vertex -42.3467 -3 7.46686
      vertex -41.5348 0 11.1292
      vertex -42.3467 0 7.46686
    endloop
  endfacet
  facet normal -0.976297 0 0.216434
    outer loop
      vertex -41.5348 0 11.1292
      vertex -42.3467 -3 7.46686
      vertex -41.5348 -3 11.1292
    endloop
  endfacet
  facet normal -0.991443 0 0.130543
    outer loop
      vertex -42.8364 -3 3.7477
      vertex -42.3467 0 7.46686
      vertex -42.8364 0 3.7477
    endloop
  endfacet
  facet normal -0.991443 0 0.130543
    outer loop
      vertex -42.3467 0 7.46686
      vertex -42.8364 -3 3.7477
      vertex -42.3467 -3 7.46686
    endloop
  endfacet
  facet normal -0.999049 0 0.0436119
    outer loop
      vertex -43 -3 0
      vertex -42.8364 0 3.7477
      vertex -43 0 0
    endloop
  endfacet
  facet normal -0.999049 0 0.0436119
    outer loop
      vertex -42.8364 0 3.7477
      vertex -43 -3 0
      vertex -42.8364 -3 3.7477
    endloop
  endfacet
  facet normal -0.999049 0 -0.0436119
    outer loop
      vertex -42.8364 -3 -3.7477
      vertex -43 0 0
      vertex -42.8364 0 -3.7477
    endloop
  endfacet
  facet normal -0.999049 -0 -0.0436119
    outer loop
      vertex -43 0 0
      vertex -42.8364 -3 -3.7477
      vertex -43 -3 0
    endloop
  endfacet
  facet normal -0.991443 0 -0.130543
    outer loop
      vertex -42.3467 -3 -7.46686
      vertex -42.8364 0 -3.7477
      vertex -42.3467 0 -7.46686
    endloop
  endfacet
  facet normal -0.991443 -0 -0.130543
    outer loop
      vertex -42.8364 0 -3.7477
      vertex -42.3467 -3 -7.46686
      vertex -42.8364 -3 -3.7477
    endloop
  endfacet
  facet normal -0.976297 0 -0.216434
    outer loop
      vertex -41.5348 -3 -11.1292
      vertex -42.3467 0 -7.46686
      vertex -41.5348 0 -11.1292
    endloop
  endfacet
  facet normal -0.976297 -0 -0.216434
    outer loop
      vertex -42.3467 0 -7.46686
      vertex -41.5348 -3 -11.1292
      vertex -42.3467 -3 -7.46686
    endloop
  endfacet
  facet normal -0.95372 0 -0.300695
    outer loop
      vertex -40.4068 -3 -14.7069
      vertex -41.5348 0 -11.1292
      vertex -40.4068 0 -14.7069
    endloop
  endfacet
  facet normal -0.95372 -0 -0.300695
    outer loop
      vertex -41.5348 0 -11.1292
      vertex -40.4068 -3 -14.7069
      vertex -41.5348 -3 -11.1292
    endloop
  endfacet
  facet normal -0.923874 0 -0.382697
    outer loop
      vertex -38.9712 -3 -18.1726
      vertex -40.4068 0 -14.7069
      vertex -38.9712 0 -18.1726
    endloop
  endfacet
  facet normal -0.923874 -0 -0.382697
    outer loop
      vertex -40.4068 0 -14.7069
      vertex -38.9712 -3 -18.1726
      vertex -40.4068 -3 -14.7069
    endloop
  endfacet
  facet normal -0.887015 0 -0.461741
    outer loop
      vertex -37.2391 -3 -21.5
      vertex -38.9712 0 -18.1726
      vertex -37.2391 0 -21.5
    endloop
  endfacet
  facet normal -0.887015 -0 -0.461741
    outer loop
      vertex -38.9712 0 -18.1726
      vertex -37.2391 -3 -21.5
      vertex -38.9712 -3 -18.1726
    endloop
  endfacet
  facet normal -0.843387 0 -0.537307
    outer loop
      vertex -35.2235 -3 -24.6638
      vertex -37.2391 0 -21.5
      vertex -35.2235 0 -24.6638
    endloop
  endfacet
  facet normal -0.843387 -0 -0.537307
    outer loop
      vertex -37.2391 0 -21.5
      vertex -35.2235 -3 -24.6638
      vertex -37.2391 -3 -21.5
    endloop
  endfacet
  facet normal -0.793359 0 -0.608754
    outer loop
      vertex -32.9399 -3 -27.6399
      vertex -35.2235 0 -24.6638
      vertex -32.9399 0 -27.6399
    endloop
  endfacet
  facet normal -0.793359 -0 -0.608754
    outer loop
      vertex -35.2235 0 -24.6638
      vertex -32.9399 -3 -27.6399
      vertex -35.2235 -3 -24.6638
    endloop
  endfacet
  facet normal -0.737277 0 -0.675591
    outer loop
      vertex -30.4056 -3 -30.4056
      vertex -32.9399 0 -27.6399
      vertex -30.4056 0 -30.4056
    endloop
  endfacet
  facet normal -0.737277 -0 -0.675591
    outer loop
      vertex -32.9399 0 -27.6399
      vertex -30.4056 -3 -30.4056
      vertex -32.9399 -3 -27.6399
    endloop
  endfacet
  facet normal -0.675591 0 -0.737277
    outer loop
      vertex -30.4056 -3 -30.4056
      vertex -27.6399 0 -32.9399
      vertex -27.6399 -3 -32.9399
    endloop
  endfacet
  facet normal -0.675591 0 -0.737277
    outer loop
      vertex -27.6399 0 -32.9399
      vertex -30.4056 -3 -30.4056
      vertex -30.4056 0 -30.4056
    endloop
  endfacet
  facet normal -0.608754 0 -0.793359
    outer loop
      vertex -27.6399 -3 -32.9399
      vertex -24.6638 0 -35.2235
      vertex -24.6638 -3 -35.2235
    endloop
  endfacet
  facet normal -0.608754 0 -0.793359
    outer loop
      vertex -24.6638 0 -35.2235
      vertex -27.6399 -3 -32.9399
      vertex -27.6399 0 -32.9399
    endloop
  endfacet
  facet normal -0.537307 0 -0.843387
    outer loop
      vertex -24.6638 -3 -35.2235
      vertex -21.5 0 -37.2391
      vertex -21.5 -3 -37.2391
    endloop
  endfacet
  facet normal -0.537307 0 -0.843387
    outer loop
      vertex -21.5 0 -37.2391
      vertex -24.6638 -3 -35.2235
      vertex -24.6638 0 -35.2235
    endloop
  endfacet
  facet normal -0.461741 0 -0.887015
    outer loop
      vertex -21.5 -3 -37.2391
      vertex -18.1726 0 -38.9712
      vertex -18.1726 -3 -38.9712
    endloop
  endfacet
  facet normal -0.461741 0 -0.887015
    outer loop
      vertex -18.1726 0 -38.9712
      vertex -21.5 -3 -37.2391
      vertex -21.5 0 -37.2391
    endloop
  endfacet
  facet normal -0.382697 0 -0.923874
    outer loop
      vertex -18.1726 -3 -38.9712
      vertex -14.7069 0 -40.4068
      vertex -14.7069 -3 -40.4068
    endloop
  endfacet
  facet normal -0.382697 0 -0.923874
    outer loop
      vertex -14.7069 0 -40.4068
      vertex -18.1726 -3 -38.9712
      vertex -18.1726 0 -38.9712
    endloop
  endfacet
  facet normal -0.300695 0 -0.95372
    outer loop
      vertex -14.7069 -3 -40.4068
      vertex -11.1292 0 -41.5348
      vertex -11.1292 -3 -41.5348
    endloop
  endfacet
  facet normal -0.300695 0 -0.95372
    outer loop
      vertex -11.1292 0 -41.5348
      vertex -14.7069 -3 -40.4068
      vertex -14.7069 0 -40.4068
    endloop
  endfacet
  facet normal -0.216434 0 -0.976297
    outer loop
      vertex -11.1292 -3 -41.5348
      vertex -7.46686 0 -42.3467
      vertex -7.46686 -3 -42.3467
    endloop
  endfacet
  facet normal -0.216434 0 -0.976297
    outer loop
      vertex -7.46686 0 -42.3467
      vertex -11.1292 -3 -41.5348
      vertex -11.1292 0 -41.5348
    endloop
  endfacet
  facet normal -0.130543 0 -0.991443
    outer loop
      vertex -7.46686 -3 -42.3467
      vertex -3.7477 0 -42.8364
      vertex -3.7477 -3 -42.8364
    endloop
  endfacet
  facet normal -0.130543 0 -0.991443
    outer loop
      vertex -3.7477 0 -42.8364
      vertex -7.46686 -3 -42.3467
      vertex -7.46686 0 -42.3467
    endloop
  endfacet
  facet normal -0.0436119 0 -0.999049
    outer loop
      vertex -3.7477 -3 -42.8364
      vertex 0 0 -43
      vertex 0 -3 -43
    endloop
  endfacet
  facet normal -0.0436119 0 -0.999049
    outer loop
      vertex 0 0 -43
      vertex -3.7477 -3 -42.8364
      vertex -3.7477 0 -42.8364
    endloop
  endfacet
  facet normal 0.0436119 0 -0.999049
    outer loop
      vertex 0 -3 -43
      vertex 3.7477 0 -42.8364
      vertex 3.7477 -3 -42.8364
    endloop
  endfacet
  facet normal 0.0436119 0 -0.999049
    outer loop
      vertex 3.7477 0 -42.8364
      vertex 0 -3 -43
      vertex 0 0 -43
    endloop
  endfacet
  facet normal 0.130537 0 0.991443
    outer loop
      vertex -5.73038 0 -32.4986
      vertex -2.87613 -3 -32.8744
      vertex -2.87613 0 -32.8744
    endloop
  endfacet
  facet normal 0.130537 0 0.991443
    outer loop
      vertex -2.87613 -3 -32.8744
      vertex -5.73038 0 -32.4986
      vertex -5.73038 -3 -32.4986
    endloop
  endfacet
  facet normal 0.216438 0 0.976296
    outer loop
      vertex -8.54102 0 -31.8755
      vertex -5.73038 -3 -32.4986
      vertex -5.73038 0 -32.4986
    endloop
  endfacet
  facet normal 0.216438 0 0.976296
    outer loop
      vertex -5.73038 -3 -32.4986
      vertex -8.54102 0 -31.8755
      vertex -8.54102 -3 -31.8755
    endloop
  endfacet
  facet normal 0.300703 0 0.953718
    outer loop
      vertex -11.2867 0 -31.0098
      vertex -8.54102 -3 -31.8755
      vertex -8.54102 0 -31.8755
    endloop
  endfacet
  facet normal 0.300703 0 0.953718
    outer loop
      vertex -8.54102 -3 -31.8755
      vertex -11.2867 0 -31.0098
      vertex -11.2867 -3 -31.0098
    endloop
  endfacet
  facet normal 0.382688 0 0.923878
    outer loop
      vertex -13.9464 0 -29.9081
      vertex -11.2867 -3 -31.0098
      vertex -11.2867 0 -31.0098
    endloop
  endfacet
  facet normal 0.382688 0 0.923878
    outer loop
      vertex -11.2867 -3 -31.0098
      vertex -13.9464 0 -29.9081
      vertex -13.9464 -3 -29.9081
    endloop
  endfacet
  facet normal 0.461743 0 0.887014
    outer loop
      vertex -16.5 0 -28.5788
      vertex -13.9464 -3 -29.9081
      vertex -13.9464 0 -29.9081
    endloop
  endfacet
  facet normal 0.461743 0 0.887014
    outer loop
      vertex -13.9464 -3 -29.9081
      vertex -16.5 0 -28.5788
      vertex -16.5 -3 -28.5788
    endloop
  endfacet
  facet normal 0.537298 0 0.843392
    outer loop
      vertex -18.928 0 -27.032
      vertex -16.5 -3 -28.5788
      vertex -16.5 0 -28.5788
    endloop
  endfacet
  facet normal 0.537298 0 0.843392
    outer loop
      vertex -16.5 -3 -28.5788
      vertex -18.928 0 -27.032
      vertex -18.928 -3 -27.032
    endloop
  endfacet
  facet normal 0.608745 0 0.793366
    outer loop
      vertex -21.212 0 -25.2795
      vertex -18.928 -3 -27.032
      vertex -18.928 0 -27.032
    endloop
  endfacet
  facet normal 0.608745 0 0.793366
    outer loop
      vertex -18.928 -3 -27.032
      vertex -21.212 0 -25.2795
      vertex -21.212 -3 -25.2795
    endloop
  endfacet
  facet normal 0.675607 0 0.737262
    outer loop
      vertex -23.3345 0 -23.3345
      vertex -21.212 -3 -25.2795
      vertex -21.212 0 -25.2795
    endloop
  endfacet
  facet normal 0.675607 0 0.737262
    outer loop
      vertex -21.212 -3 -25.2795
      vertex -23.3345 0 -23.3345
      vertex -23.3345 -3 -23.3345
    endloop
  endfacet
  facet normal 0.737262 -0 0.675607
    outer loop
      vertex -25.2795 -3 -21.212
      vertex -23.3345 0 -23.3345
      vertex -25.2795 0 -21.212
    endloop
  endfacet
  facet normal 0.737262 0 0.675607
    outer loop
      vertex -23.3345 0 -23.3345
      vertex -25.2795 -3 -21.212
      vertex -23.3345 -3 -23.3345
    endloop
  endfacet
  facet normal 0.793366 -0 0.608745
    outer loop
      vertex -27.032 -3 -18.928
      vertex -25.2795 0 -21.212
      vertex -27.032 0 -18.928
    endloop
  endfacet
  facet normal 0.793366 0 0.608745
    outer loop
      vertex -25.2795 0 -21.212
      vertex -27.032 -3 -18.928
      vertex -25.2795 -3 -21.212
    endloop
  endfacet
  facet normal 0.843392 -0 0.537298
    outer loop
      vertex -28.5788 -3 -16.5
      vertex -27.032 0 -18.928
      vertex -28.5788 0 -16.5
    endloop
  endfacet
  facet normal 0.843392 0 0.537298
    outer loop
      vertex -27.032 0 -18.928
      vertex -28.5788 -3 -16.5
      vertex -27.032 -3 -18.928
    endloop
  endfacet
  facet normal 0.887014 -0 0.461743
    outer loop
      vertex -29.9081 -3 -13.9464
      vertex -28.5788 0 -16.5
      vertex -29.9081 0 -13.9464
    endloop
  endfacet
  facet normal 0.887014 0 0.461743
    outer loop
      vertex -28.5788 0 -16.5
      vertex -29.9081 -3 -13.9464
      vertex -28.5788 -3 -16.5
    endloop
  endfacet
  facet normal 0.923878 -0 0.382688
    outer loop
      vertex -31.0098 -3 -11.2867
      vertex -29.9081 0 -13.9464
      vertex -31.0098 0 -11.2867
    endloop
  endfacet
  facet normal 0.923878 0 0.382688
    outer loop
      vertex -29.9081 0 -13.9464
      vertex -31.0098 -3 -11.2867
      vertex -29.9081 -3 -13.9464
    endloop
  endfacet
  facet normal 0.953718 -0 0.300703
    outer loop
      vertex -31.8755 -3 -8.54102
      vertex -31.0098 0 -11.2867
      vertex -31.8755 0 -8.54102
    endloop
  endfacet
  facet normal 0.953718 0 0.300703
    outer loop
      vertex -31.0098 0 -11.2867
      vertex -31.8755 -3 -8.54102
      vertex -31.0098 -3 -11.2867
    endloop
  endfacet
  facet normal 0.976296 -0 0.216438
    outer loop
      vertex -32.4986 -3 -5.73038
      vertex -31.8755 0 -8.54102
      vertex -32.4986 0 -5.73038
    endloop
  endfacet
  facet normal 0.976296 0 0.216438
    outer loop
      vertex -31.8755 0 -8.54102
      vertex -32.4986 -3 -5.73038
      vertex -31.8755 -3 -8.54102
    endloop
  endfacet
  facet normal 0.991443 -0 0.130537
    outer loop
      vertex -32.8744 -3 -2.87613
      vertex -32.4986 0 -5.73038
      vertex -32.8744 0 -2.87613
    endloop
  endfacet
  facet normal 0.991443 0 0.130537
    outer loop
      vertex -32.4986 0 -5.73038
      vertex -32.8744 -3 -2.87613
      vertex -32.4986 -3 -5.73038
    endloop
  endfacet
  facet normal 0.999048 -0 0.0436282
    outer loop
      vertex -33 -3 0
      vertex -32.8744 0 -2.87613
      vertex -33 0 0
    endloop
  endfacet
  facet normal 0.999048 0 0.0436282
    outer loop
      vertex -32.8744 0 -2.87613
      vertex -33 -3 0
      vertex -32.8744 -3 -2.87613
    endloop
  endfacet
  facet normal 0.999048 0 -0.0436282
    outer loop
      vertex -32.8744 -3 2.87613
      vertex -33 0 0
      vertex -32.8744 0 2.87613
    endloop
  endfacet
  facet normal 0.999048 0 -0.0436282
    outer loop
      vertex -33 0 0
      vertex -32.8744 -3 2.87613
      vertex -33 -3 0
    endloop
  endfacet
  facet normal 0.991443 0 -0.130537
    outer loop
      vertex -32.4986 -3 5.73038
      vertex -32.8744 0 2.87613
      vertex -32.4986 0 5.73038
    endloop
  endfacet
  facet normal 0.991443 0 -0.130537
    outer loop
      vertex -32.8744 0 2.87613
      vertex -32.4986 -3 5.73038
      vertex -32.8744 -3 2.87613
    endloop
  endfacet
  facet normal 0.976296 0 -0.216438
    outer loop
      vertex -31.8755 -3 8.54102
      vertex -32.4986 0 5.73038
      vertex -31.8755 0 8.54102
    endloop
  endfacet
  facet normal 0.976296 0 -0.216438
    outer loop
      vertex -32.4986 0 5.73038
      vertex -31.8755 -3 8.54102
      vertex -32.4986 -3 5.73038
    endloop
  endfacet
  facet normal 0.953718 0 -0.300703
    outer loop
      vertex -31.0098 -3 11.2867
      vertex -31.8755 0 8.54102
      vertex -31.0098 0 11.2867
    endloop
  endfacet
  facet normal 0.953718 0 -0.300703
    outer loop
      vertex -31.8755 0 8.54102
      vertex -31.0098 -3 11.2867
      vertex -31.8755 -3 8.54102
    endloop
  endfacet
  facet normal 0.923878 0 -0.382688
    outer loop
      vertex -29.9081 -3 13.9464
      vertex -31.0098 0 11.2867
      vertex -29.9081 0 13.9464
    endloop
  endfacet
  facet normal 0.923878 0 -0.382688
    outer loop
      vertex -31.0098 0 11.2867
      vertex -29.9081 -3 13.9464
      vertex -31.0098 -3 11.2867
    endloop
  endfacet
  facet normal 0.887014 0 -0.461743
    outer loop
      vertex -28.5788 -3 16.5
      vertex -29.9081 0 13.9464
      vertex -28.5788 0 16.5
    endloop
  endfacet
  facet normal 0.887014 0 -0.461743
    outer loop
      vertex -29.9081 0 13.9464
      vertex -28.5788 -3 16.5
      vertex -29.9081 -3 13.9464
    endloop
  endfacet
  facet normal 0.843392 0 -0.537298
    outer loop
      vertex -27.032 -3 18.928
      vertex -28.5788 0 16.5
      vertex -27.032 0 18.928
    endloop
  endfacet
  facet normal 0.843392 0 -0.537298
    outer loop
      vertex -28.5788 0 16.5
      vertex -27.032 -3 18.928
      vertex -28.5788 -3 16.5
    endloop
  endfacet
  facet normal 0.793366 0 -0.608745
    outer loop
      vertex -25.2795 -3 21.212
      vertex -27.032 0 18.928
      vertex -25.2795 0 21.212
    endloop
  endfacet
  facet normal 0.793366 0 -0.608745
    outer loop
      vertex -27.032 0 18.928
      vertex -25.2795 -3 21.212
      vertex -27.032 -3 18.928
    endloop
  endfacet
  facet normal 0.737262 0 -0.675607
    outer loop
      vertex -23.3345 -3 23.3345
      vertex -25.2795 0 21.212
      vertex -23.3345 0 23.3345
    endloop
  endfacet
  facet normal 0.737262 0 -0.675607
    outer loop
      vertex -25.2795 0 21.212
      vertex -23.3345 -3 23.3345
      vertex -25.2795 -3 21.212
    endloop
  endfacet
  facet normal 0.675607 0 -0.737262
    outer loop
      vertex -23.3345 -3 23.3345
      vertex -21.212 0 25.2795
      vertex -21.212 -3 25.2795
    endloop
  endfacet
  facet normal 0.675607 0 -0.737262
    outer loop
      vertex -21.212 0 25.2795
      vertex -23.3345 -3 23.3345
      vertex -23.3345 0 23.3345
    endloop
  endfacet
  facet normal 0.608745 0 -0.793366
    outer loop
      vertex -21.212 -3 25.2795
      vertex -18.928 0 27.032
      vertex -18.928 -3 27.032
    endloop
  endfacet
  facet normal 0.608745 0 -0.793366
    outer loop
      vertex -18.928 0 27.032
      vertex -21.212 -3 25.2795
      vertex -21.212 0 25.2795
    endloop
  endfacet
  facet normal 0.537298 0 -0.843392
    outer loop
      vertex -18.928 -3 27.032
      vertex -16.5 0 28.5788
      vertex -16.5 -3 28.5788
    endloop
  endfacet
  facet normal 0.537298 0 -0.843392
    outer loop
      vertex -16.5 0 28.5788
      vertex -18.928 -3 27.032
      vertex -18.928 0 27.032
    endloop
  endfacet
  facet normal 0.461743 0 -0.887014
    outer loop
      vertex -16.5 -3 28.5788
      vertex -13.9464 0 29.9081
      vertex -13.9464 -3 29.9081
    endloop
  endfacet
  facet normal 0.461743 0 -0.887014
    outer loop
      vertex -13.9464 0 29.9081
      vertex -16.5 -3 28.5788
      vertex -16.5 0 28.5788
    endloop
  endfacet
  facet normal 0.382688 0 -0.923878
    outer loop
      vertex -13.9464 -3 29.9081
      vertex -11.2867 0 31.0098
      vertex -11.2867 -3 31.0098
    endloop
  endfacet
  facet normal 0.382688 0 -0.923878
    outer loop
      vertex -11.2867 0 31.0098
      vertex -13.9464 -3 29.9081
      vertex -13.9464 0 29.9081
    endloop
  endfacet
  facet normal 0.300703 0 -0.953718
    outer loop
      vertex -11.2867 -3 31.0098
      vertex -8.54102 0 31.8755
      vertex -8.54102 -3 31.8755
    endloop
  endfacet
  facet normal 0.300703 0 -0.953718
    outer loop
      vertex -8.54102 0 31.8755
      vertex -11.2867 -3 31.0098
      vertex -11.2867 0 31.0098
    endloop
  endfacet
  facet normal 0.216438 0 -0.976296
    outer loop
      vertex -8.54102 -3 31.8755
      vertex -5.73038 0 32.4986
      vertex -5.73038 -3 32.4986
    endloop
  endfacet
  facet normal 0.216438 0 -0.976296
    outer loop
      vertex -5.73038 0 32.4986
      vertex -8.54102 -3 31.8755
      vertex -8.54102 0 31.8755
    endloop
  endfacet
  facet normal 0.130537 0 -0.991443
    outer loop
      vertex -5.73038 -3 32.4986
      vertex -2.87613 0 32.8744
      vertex -2.87613 -3 32.8744
    endloop
  endfacet
  facet normal 0.130537 0 -0.991443
    outer loop
      vertex -2.87613 0 32.8744
      vertex -5.73038 -3 32.4986
      vertex -5.73038 0 32.4986
    endloop
  endfacet
  facet normal 0.0436282 0 -0.999048
    outer loop
      vertex -2.87613 -3 32.8744
      vertex 0 0 33
      vertex 0 -3 33
    endloop
  endfacet
  facet normal 0.0436282 0 -0.999048
    outer loop
      vertex 0 0 33
      vertex -2.87613 -3 32.8744
      vertex -2.87613 0 32.8744
    endloop
  endfacet
  facet normal -0.0436282 0 -0.999048
    outer loop
      vertex 0 -3 33
      vertex 2.87613 0 32.8744
      vertex 2.87613 -3 32.8744
    endloop
  endfacet
  facet normal -0.0436282 0 -0.999048
    outer loop
      vertex 2.87613 0 32.8744
      vertex 0 -3 33
      vertex 0 0 33
    endloop
  endfacet
  facet normal -0.130537 0 -0.991443
    outer loop
      vertex 2.87613 -3 32.8744
      vertex 5.73038 0 32.4986
      vertex 5.73038 -3 32.4986
    endloop
  endfacet
  facet normal -0.130537 0 -0.991443
    outer loop
      vertex 5.73038 0 32.4986
      vertex 2.87613 -3 32.8744
      vertex 2.87613 0 32.8744
    endloop
  endfacet
  facet normal -0.216438 0 -0.976296
    outer loop
      vertex 5.73038 -3 32.4986
      vertex 8.54102 0 31.8755
      vertex 8.54102 -3 31.8755
    endloop
  endfacet
  facet normal -0.216438 0 -0.976296
    outer loop
      vertex 8.54102 0 31.8755
      vertex 5.73038 -3 32.4986
      vertex 5.73038 0 32.4986
    endloop
  endfacet
  facet normal -0.300703 0 -0.953718
    outer loop
      vertex 8.54102 -3 31.8755
      vertex 11.2867 0 31.0098
      vertex 11.2867 -3 31.0098
    endloop
  endfacet
  facet normal -0.300703 0 -0.953718
    outer loop
      vertex 11.2867 0 31.0098
      vertex 8.54102 -3 31.8755
      vertex 8.54102 0 31.8755
    endloop
  endfacet
  facet normal -0.382688 0 -0.923878
    outer loop
      vertex 11.2867 -3 31.0098
      vertex 13.9464 0 29.9081
      vertex 13.9464 -3 29.9081
    endloop
  endfacet
  facet normal -0.382688 0 -0.923878
    outer loop
      vertex 13.9464 0 29.9081
      vertex 11.2867 -3 31.0098
      vertex 11.2867 0 31.0098
    endloop
  endfacet
  facet normal -0.461743 0 -0.887014
    outer loop
      vertex 13.9464 -3 29.9081
      vertex 16.5 0 28.5788
      vertex 16.5 -3 28.5788
    endloop
  endfacet
  facet normal -0.461743 0 -0.887014
    outer loop
      vertex 16.5 0 28.5788
      vertex 13.9464 -3 29.9081
      vertex 13.9464 0 29.9081
    endloop
  endfacet
  facet normal -0.537298 0 -0.843392
    outer loop
      vertex 16.5 -3 28.5788
      vertex 18.928 0 27.032
      vertex 18.928 -3 27.032
    endloop
  endfacet
  facet normal -0.537298 0 -0.843392
    outer loop
      vertex 18.928 0 27.032
      vertex 16.5 -3 28.5788
      vertex 16.5 0 28.5788
    endloop
  endfacet
  facet normal -0.608745 0 -0.793366
    outer loop
      vertex 18.928 -3 27.032
      vertex 21.212 0 25.2795
      vertex 21.212 -3 25.2795
    endloop
  endfacet
  facet normal -0.608745 0 -0.793366
    outer loop
      vertex 21.212 0 25.2795
      vertex 18.928 -3 27.032
      vertex 18.928 0 27.032
    endloop
  endfacet
  facet normal -0.675607 0 -0.737262
    outer loop
      vertex 21.212 -3 25.2795
      vertex 23.3345 0 23.3345
      vertex 23.3345 -3 23.3345
    endloop
  endfacet
  facet normal -0.675607 0 -0.737262
    outer loop
      vertex 23.3345 0 23.3345
      vertex 21.212 -3 25.2795
      vertex 21.212 0 25.2795
    endloop
  endfacet
  facet normal -0.737262 0 -0.675607
    outer loop
      vertex 25.2795 -3 21.212
      vertex 23.3345 0 23.3345
      vertex 25.2795 0 21.212
    endloop
  endfacet
  facet normal -0.737262 -0 -0.675607
    outer loop
      vertex 23.3345 0 23.3345
      vertex 25.2795 -3 21.212
      vertex 23.3345 -3 23.3345
    endloop
  endfacet
  facet normal -0.793366 0 -0.608745
    outer loop
      vertex 27.032 -3 18.928
      vertex 25.2795 0 21.212
      vertex 27.032 0 18.928
    endloop
  endfacet
  facet normal -0.793366 -0 -0.608745
    outer loop
      vertex 25.2795 0 21.212
      vertex 27.032 -3 18.928
      vertex 25.2795 -3 21.212
    endloop
  endfacet
  facet normal -0.843392 0 -0.537298
    outer loop
      vertex 28.5788 -3 16.5
      vertex 27.032 0 18.928
      vertex 28.5788 0 16.5
    endloop
  endfacet
  facet normal -0.843392 -0 -0.537298
    outer loop
      vertex 27.032 0 18.928
      vertex 28.5788 -3 16.5
      vertex 27.032 -3 18.928
    endloop
  endfacet
  facet normal -0.887014 0 -0.461743
    outer loop
      vertex 29.9081 -3 13.9464
      vertex 28.5788 0 16.5
      vertex 29.9081 0 13.9464
    endloop
  endfacet
  facet normal -0.887014 -0 -0.461743
    outer loop
      vertex 28.5788 0 16.5
      vertex 29.9081 -3 13.9464
      vertex 28.5788 -3 16.5
    endloop
  endfacet
  facet normal -0.923878 0 -0.382688
    outer loop
      vertex 31.0098 -3 11.2867
      vertex 29.9081 0 13.9464
      vertex 31.0098 0 11.2867
    endloop
  endfacet
  facet normal -0.923878 -0 -0.382688
    outer loop
      vertex 29.9081 0 13.9464
      vertex 31.0098 -3 11.2867
      vertex 29.9081 -3 13.9464
    endloop
  endfacet
  facet normal -0.953718 0 -0.300703
    outer loop
      vertex 31.8755 -3 8.54102
      vertex 31.0098 0 11.2867
      vertex 31.8755 0 8.54102
    endloop
  endfacet
  facet normal -0.953718 -0 -0.300703
    outer loop
      vertex 31.0098 0 11.2867
      vertex 31.8755 -3 8.54102
      vertex 31.0098 -3 11.2867
    endloop
  endfacet
  facet normal -0.976296 0 -0.216438
    outer loop
      vertex 32.4986 -3 5.73038
      vertex 31.8755 0 8.54102
      vertex 32.4986 0 5.73038
    endloop
  endfacet
  facet normal -0.976296 -0 -0.216438
    outer loop
      vertex 31.8755 0 8.54102
      vertex 32.4986 -3 5.73038
      vertex 31.8755 -3 8.54102
    endloop
  endfacet
  facet normal -0.991443 0 -0.130537
    outer loop
      vertex 32.8744 -3 2.87613
      vertex 32.4986 0 5.73038
      vertex 32.8744 0 2.87613
    endloop
  endfacet
  facet normal -0.991443 -0 -0.130537
    outer loop
      vertex 32.4986 0 5.73038
      vertex 32.8744 -3 2.87613
      vertex 32.4986 -3 5.73038
    endloop
  endfacet
  facet normal -0.999048 0 -0.0436282
    outer loop
      vertex 33 -3 0
      vertex 32.8744 0 2.87613
      vertex 33 0 0
    endloop
  endfacet
  facet normal -0.999048 -0 -0.0436282
    outer loop
      vertex 32.8744 0 2.87613
      vertex 33 -3 0
      vertex 32.8744 -3 2.87613
    endloop
  endfacet
  facet normal -0.999048 0 0.0436282
    outer loop
      vertex 32.8744 -3 -2.87613
      vertex 33 0 0
      vertex 32.8744 0 -2.87613
    endloop
  endfacet
  facet normal -0.999048 0 0.0436282
    outer loop
      vertex 33 0 0
      vertex 32.8744 -3 -2.87613
      vertex 33 -3 0
    endloop
  endfacet
  facet normal -0.991443 0 0.130537
    outer loop
      vertex 32.4986 -3 -5.73038
      vertex 32.8744 0 -2.87613
      vertex 32.4986 0 -5.73038
    endloop
  endfacet
  facet normal -0.991443 0 0.130537
    outer loop
      vertex 32.8744 0 -2.87613
      vertex 32.4986 -3 -5.73038
      vertex 32.8744 -3 -2.87613
    endloop
  endfacet
  facet normal -0.976296 0 0.216438
    outer loop
      vertex 31.8755 -3 -8.54102
      vertex 32.4986 0 -5.73038
      vertex 31.8755 0 -8.54102
    endloop
  endfacet
  facet normal -0.976296 0 0.216438
    outer loop
      vertex 32.4986 0 -5.73038
      vertex 31.8755 -3 -8.54102
      vertex 32.4986 -3 -5.73038
    endloop
  endfacet
  facet normal -0.953718 0 0.300703
    outer loop
      vertex 31.0098 -3 -11.2867
      vertex 31.8755 0 -8.54102
      vertex 31.0098 0 -11.2867
    endloop
  endfacet
  facet normal -0.953718 0 0.300703
    outer loop
      vertex 31.8755 0 -8.54102
      vertex 31.0098 -3 -11.2867
      vertex 31.8755 -3 -8.54102
    endloop
  endfacet
  facet normal -0.923878 0 0.382688
    outer loop
      vertex 29.9081 -3 -13.9464
      vertex 31.0098 0 -11.2867
      vertex 29.9081 0 -13.9464
    endloop
  endfacet
  facet normal -0.923878 0 0.382688
    outer loop
      vertex 31.0098 0 -11.2867
      vertex 29.9081 -3 -13.9464
      vertex 31.0098 -3 -11.2867
    endloop
  endfacet
  facet normal -0.887014 0 0.461743
    outer loop
      vertex 28.5788 -3 -16.5
      vertex 29.9081 0 -13.9464
      vertex 28.5788 0 -16.5
    endloop
  endfacet
  facet normal -0.887014 0 0.461743
    outer loop
      vertex 29.9081 0 -13.9464
      vertex 28.5788 -3 -16.5
      vertex 29.9081 -3 -13.9464
    endloop
  endfacet
  facet normal -0.843392 0 0.537298
    outer loop
      vertex 27.032 -3 -18.928
      vertex 28.5788 0 -16.5
      vertex 27.032 0 -18.928
    endloop
  endfacet
  facet normal -0.843392 0 0.537298
    outer loop
      vertex 28.5788 0 -16.5
      vertex 27.032 -3 -18.928
      vertex 28.5788 -3 -16.5
    endloop
  endfacet
  facet normal -0.793366 0 0.608745
    outer loop
      vertex 25.2795 -3 -21.212
      vertex 27.032 0 -18.928
      vertex 25.2795 0 -21.212
    endloop
  endfacet
  facet normal -0.793366 0 0.608745
    outer loop
      vertex 27.032 0 -18.928
      vertex 25.2795 -3 -21.212
      vertex 27.032 -3 -18.928
    endloop
  endfacet
  facet normal -0.737262 0 0.675607
    outer loop
      vertex 23.3345 -3 -23.3345
      vertex 25.2795 0 -21.212
      vertex 23.3345 0 -23.3345
    endloop
  endfacet
  facet normal -0.737262 0 0.675607
    outer loop
      vertex 25.2795 0 -21.212
      vertex 23.3345 -3 -23.3345
      vertex 25.2795 -3 -21.212
    endloop
  endfacet
  facet normal -0.675607 0 0.737262
    outer loop
      vertex 21.212 0 -25.2795
      vertex 23.3345 -3 -23.3345
      vertex 23.3345 0 -23.3345
    endloop
  endfacet
  facet normal -0.675607 0 0.737262
    outer loop
      vertex 23.3345 -3 -23.3345
      vertex 21.212 0 -25.2795
      vertex 21.212 -3 -25.2795
    endloop
  endfacet
  facet normal -0.608745 0 0.793366
    outer loop
      vertex 18.928 0 -27.032
      vertex 21.212 -3 -25.2795
      vertex 21.212 0 -25.2795
    endloop
  endfacet
  facet normal -0.608745 0 0.793366
    outer loop
      vertex 21.212 -3 -25.2795
      vertex 18.928 0 -27.032
      vertex 18.928 -3 -27.032
    endloop
  endfacet
  facet normal -0.537298 0 0.843392
    outer loop
      vertex 16.5 0 -28.5788
      vertex 18.928 -3 -27.032
      vertex 18.928 0 -27.032
    endloop
  endfacet
  facet normal -0.537298 0 0.843392
    outer loop
      vertex 18.928 -3 -27.032
      vertex 16.5 0 -28.5788
      vertex 16.5 -3 -28.5788
    endloop
  endfacet
  facet normal -0.461743 0 0.887014
    outer loop
      vertex 13.9464 0 -29.9081
      vertex 16.5 -3 -28.5788
      vertex 16.5 0 -28.5788
    endloop
  endfacet
  facet normal -0.461743 0 0.887014
    outer loop
      vertex 16.5 -3 -28.5788
      vertex 13.9464 0 -29.9081
      vertex 13.9464 -3 -29.9081
    endloop
  endfacet
  facet normal -0.382688 0 0.923878
    outer loop
      vertex 11.2867 0 -31.0098
      vertex 13.9464 -3 -29.9081
      vertex 13.9464 0 -29.9081
    endloop
  endfacet
  facet normal -0.382688 0 0.923878
    outer loop
      vertex 13.9464 -3 -29.9081
      vertex 11.2867 0 -31.0098
      vertex 11.2867 -3 -31.0098
    endloop
  endfacet
  facet normal -0.300703 0 0.953718
    outer loop
      vertex 8.54102 0 -31.8755
      vertex 11.2867 -3 -31.0098
      vertex 11.2867 0 -31.0098
    endloop
  endfacet
  facet normal -0.300703 0 0.953718
    outer loop
      vertex 11.2867 -3 -31.0098
      vertex 8.54102 0 -31.8755
      vertex 8.54102 -3 -31.8755
    endloop
  endfacet
  facet normal -0.216438 0 0.976296
    outer loop
      vertex 5.73038 0 -32.4986
      vertex 8.54102 -3 -31.8755
      vertex 8.54102 0 -31.8755
    endloop
  endfacet
  facet normal -0.216438 0 0.976296
    outer loop
      vertex 8.54102 -3 -31.8755
      vertex 5.73038 0 -32.4986
      vertex 5.73038 -3 -32.4986
    endloop
  endfacet
  facet normal -0.130537 0 0.991443
    outer loop
      vertex 2.87613 0 -32.8744
      vertex 5.73038 -3 -32.4986
      vertex 5.73038 0 -32.4986
    endloop
  endfacet
  facet normal -0.130537 0 0.991443
    outer loop
      vertex 5.73038 -3 -32.4986
      vertex 2.87613 0 -32.8744
      vertex 2.87613 -3 -32.8744
    endloop
  endfacet
  facet normal -0.0436282 0 0.999048
    outer loop
      vertex 0 0 -33
      vertex 2.87613 -3 -32.8744
      vertex 2.87613 0 -32.8744
    endloop
  endfacet
  facet normal -0.0436282 0 0.999048
    outer loop
      vertex 2.87613 -3 -32.8744
      vertex 0 0 -33
      vertex 0 -3 -33
    endloop
  endfacet
  facet normal 0.0436282 0 0.999048
    outer loop
      vertex -2.87613 0 -32.8744
      vertex 0 -3 -33
      vertex 0 0 -33
    endloop
  endfacet
  facet normal 0.0436282 0 0.999048
    outer loop
      vertex 0 -3 -33
      vertex -2.87613 0 -32.8744
      vertex -2.87613 -3 -32.8744
    endloop
  endfacet
endsolid OpenSCAD_Model
