solid OpenSCAD_Model
  facet normal -0.206967 0.158726 0.965386
    outer loop
      vertex 1.81541 43.1846 74.9829
      vertex 1.33717 43.3827 74.8478
      vertex 1.77392 43.1305 74.9829
    endloop
  endfacet
  facet normal -0.0998735 0.240989 0.965375
    outer loop
      vertex 1.80191 43.7393 74.8478
      vertex 1.61732 43.6628 74.8478
      vertex 1.93244 43.2522 74.9829
    endloop
  endfacet
  facet normal -0.206936 0.158799 0.965381
    outer loop
      vertex 1.4588 43.5412 74.8478
      vertex 1.33717 43.3827 74.8478
      vertex 1.81541 43.1846 74.9829
    endloop
  endfacet
  facet normal 0.991336 -0.131354 0
    outer loop
      vertex 219.915 38.4868 73.2611
      vertex 219.983 39 73
      vertex 219.983 39 73.2611
    endloop
  endfacet
  facet normal 0.991336 -0.131354 0
    outer loop
      vertex 219.983 39 73
      vertex 219.915 38.4868 73.2611
      vertex 219.915 38.4868 73
    endloop
  endfacet
  facet normal -0 0.258771 0.965939
    outer loop
      vertex 2 43.7654 74.8478
      vertex 218 43.2611 74.9829
      vertex 218 43.7654 74.8478
    endloop
  endfacet
  facet normal 0 0.258771 0.965939
    outer loop
      vertex 218 43.2611 74.9829
      vertex 2 43.7654 74.8478
      vertex 2 43.2611 74.9829
    endloop
  endfacet
  facet normal 0.271353 0.656066 0.704234
    outer loop
      vertex 218.411 44.5326 74.2175
      vertex 218.315 44.176 74.5867
      vertex 218.609 44.0544 74.5867
    endloop
  endfacet
  facet normal -0.258616 -0.034047 0.96538
    outer loop
      vertex 1.74784 38.9324 74.9829
      vertex 1.23463 39 74.8478
      vertex 1.26071 38.8019 74.8478
    endloop
  endfacet
  facet normal 0.092751 0.704013 0.704104
    outer loop
      vertex 218.411 44.5326 74.2175
      vertex 218 44.2175 74.5867
      vertex 218.315 44.176 74.5867
    endloop
  endfacet
  facet normal -0.0657517 0.499033 0.864085
    outer loop
      vertex 2 44.2175 74.5867
      vertex 1.80191 43.7393 74.8478
      vertex 2 43.7654 74.8478
    endloop
  endfacet
  facet normal -0.240937 -0.0998988 0.965386
    outer loop
      vertex 1.74784 38.9324 74.9829
      vertex 1.33717 38.6173 74.8478
      vertex 1.77392 38.8695 74.9829
    endloop
  endfacet
  facet normal 0.206852 -0.159217 0.96533
    outer loop
      vertex 218.663 38.6173 74.8478
      vertex 218.185 38.8154 74.9829
      vertex 218.541 38.4588 74.8478
    endloop
  endfacet
  facet normal 0.12629 -0.958199 0.256722
    outer loop
      vertex 218.478 37.2152 73.7654
      vertex 218 37.1522 73.7654
      vertex 218.513 37.0847 73.2611
    endloop
  endfacet
  facet normal -0 0.500115 0.865959
    outer loop
      vertex 2 44.2175 74.5867
      vertex 218 43.7654 74.8478
      vertex 218 44.2175 74.5867
    endloop
  endfacet
  facet normal 0 0.500115 0.865959
    outer loop
      vertex 218 43.7654 74.8478
      vertex 2 44.2175 74.5867
      vertex 2 43.7654 74.8478
    endloop
  endfacet
  facet normal 0.399535 0.305872 0.864184
    outer loop
      vertex 218.861 43.8609 74.5867
      vertex 218.541 43.5412 74.8478
      vertex 219.054 43.6088 74.5867
    endloop
  endfacet
  facet normal -0.793374 -0.608734 0
    outer loop
      vertex 0.597886 37.5979 73
      vertex 0.282767 38.0086 73.2611
      vertex 0.282767 38.0086 73
    endloop
  endfacet
  facet normal -0.793374 -0.608734 0
    outer loop
      vertex 0.282767 38.0086 73.2611
      vertex 0.597886 37.5979 73
      vertex 0.597886 37.5979 73.2611
    endloop
  endfacet
  facet normal -0.892894 0.369875 0.256775
    outer loop
      vertex 0.282767 43.9914 73.2611
      vertex 0.0846758 43.5132 73.2611
      vertex 0.215202 43.4782 73.7654
    endloop
  endfacet
  facet normal 0.207654 -0.157372 0.965461
    outer loop
      vertex 218.226 38.8695 74.9829
      vertex 218.185 38.8154 74.9829
      vertex 218.663 38.6173 74.8478
    endloop
  endfacet
  facet normal 0.258761 -0.0344505 0.965327
    outer loop
      vertex 218.261 39 74.9829
      vertex 218.252 38.9324 74.9829
      vertex 218.765 39 74.8478
    endloop
  endfacet
  facet normal 0.126267 -0.958208 0.2567
    outer loop
      vertex 218 37.1522 73.7654
      vertex 218 37.0171 73.2611
      vertex 218.513 37.0847 73.2611
    endloop
  endfacet
  facet normal 0.159003 0.206895 0.965356
    outer loop
      vertex 218.383 43.6628 74.8478
      vertex 218.131 43.2261 74.9829
      vertex 218.185 43.1846 74.9829
    endloop
  endfacet
  facet normal -0.865999 0 0.500046
    outer loop
      vertex 0.152242 39 73.7654
      vertex 0.413294 43 74.2175
      vertex 0.152242 43 73.7654
    endloop
  endfacet
  facet normal -0.865999 0 0.500046
    outer loop
      vertex 0.413294 43 74.2175
      vertex 0.152242 39 73.7654
      vertex 0.413294 39 74.2175
    endloop
  endfacet
  facet normal -0.656098 0.271754 0.704049
    outer loop
      vertex 0.625873 43.7934 74.2175
      vertex 0.46736 43.4107 74.2175
      vertex 0.945595 43.6088 74.5867
    endloop
  endfacet
  facet normal -0.0927239 -0.704076 0.704045
    outer loop
      vertex 1.68488 37.824 74.5867
      vertex 1.58933 37.4674 74.2175
      vertex 2 37.7825 74.5867
    endloop
  endfacet
  facet normal -0.704071 0.0927 0.704053
    outer loop
      vertex 0.823964 43.3151 74.5867
      vertex 0.46736 43.4107 74.2175
      vertex 0.782477 43 74.5867
    endloop
  endfacet
  facet normal -0.258762 0 0.965941
    outer loop
      vertex 1.23463 43 74.8478
      vertex 1.73895 39 74.9829
      vertex 1.73895 43 74.9829
    endloop
  endfacet
  facet normal -0.258762 0 0.965941
    outer loop
      vertex 1.73895 39 74.9829
      vertex 1.23463 43 74.8478
      vertex 1.23463 39 74.8478
    endloop
  endfacet
  facet normal 0.192369 0.465102 0.864103
    outer loop
      vertex 218.315 44.176 74.5867
      vertex 218.198 43.7393 74.8478
      vertex 218.609 44.0544 74.5867
    endloop
  endfacet
  facet normal 0.965987 -0 0.258592
    outer loop
      vertex 219.848 39 73.7654
      vertex 219.983 43 73.2611
      vertex 219.848 43 73.7654
    endloop
  endfacet
  facet normal 0.965987 0 0.258592
    outer loop
      vertex 219.983 43 73.2611
      vertex 219.848 39 73.7654
      vertex 219.983 39 73.2611
    endloop
  endfacet
  facet normal -0.464983 0.192593 0.864117
    outer loop
      vertex 1.33717 43.3827 74.8478
      vertex 0.945595 43.6088 74.5867
      vertex 1.26071 43.1981 74.8478
    endloop
  endfacet
  facet normal -0.656096 0.271711 0.704068
    outer loop
      vertex 0.945595 43.6088 74.5867
      vertex 0.46736 43.4107 74.2175
      vertex 0.823964 43.3151 74.5867
    endloop
  endfacet
  facet normal -0.0340694 0.258621 0.965378
    outer loop
      vertex 2 43.7654 74.8478
      vertex 1.93244 43.2522 74.9829
      vertex 2 43.2611 74.9829
    endloop
  endfacet
  facet normal -0.0340755 0.258622 0.965377
    outer loop
      vertex 2 43.7654 74.8478
      vertex 1.80191 43.7393 74.8478
      vertex 1.93244 43.2522 74.9829
    endloop
  endfacet
  facet normal 0.4986 -0.0664589 0.864281
    outer loop
      vertex 219.218 39 74.5867
      vertex 218.739 38.8019 74.8478
      vertex 219.176 38.6849 74.5867
    endloop
  endfacet
  facet normal -0.099883 0.240982 0.965376
    outer loop
      vertex 1.93244 43.2522 74.9829
      vertex 1.61732 43.6628 74.8478
      vertex 1.86947 43.2261 74.9829
    endloop
  endfacet
  facet normal -0.399264 -0.306433 0.864111
    outer loop
      vertex 1.4588 38.4588 74.8478
      vertex 0.945595 38.3912 74.5867
      vertex 1.13908 38.1391 74.5867
    endloop
  endfacet
  facet normal -0.240937 0.0998988 0.965386
    outer loop
      vertex 1.77392 43.1305 74.9829
      vertex 1.33717 43.3827 74.8478
      vertex 1.74784 43.0676 74.9829
    endloop
  endfacet
  facet normal -0.113343 0.860379 0.496892
    outer loop
      vertex 2 44.5867 74.2175
      vertex 1.52177 44.7848 73.7654
      vertex 1.58933 44.5326 74.2175
    endloop
  endfacet
  facet normal -0.860432 0.11327 0.496816
    outer loop
      vertex 0.46736 43.4107 74.2175
      vertex 0.215202 43.4782 73.7654
      vertex 0.413294 43 74.2175
    endloop
  endfacet
  facet normal -0.860432 -0.11327 0.496816
    outer loop
      vertex 0.413294 39 74.2175
      vertex 0.215202 38.5218 73.7654
      vertex 0.46736 38.5893 74.2175
    endloop
  endfacet
  facet normal -0.258612 0.0340098 0.965382
    outer loop
      vertex 1.74784 43.0676 74.9829
      vertex 1.23463 43 74.8478
      vertex 1.73895 43 74.9829
    endloop
  endfacet
  facet normal -0.498991 0.0656925 0.864114
    outer loop
      vertex 1.26071 43.1981 74.8478
      vertex 0.782477 43 74.5867
      vertex 1.23463 43 74.8478
    endloop
  endfacet
  facet normal -0.399264 0.306433 0.864111
    outer loop
      vertex 1.13908 43.8609 74.5867
      vertex 0.945595 43.6088 74.5867
      vertex 1.4588 43.5412 74.8478
    endloop
  endfacet
  facet normal -0.399274 0.306395 0.864119
    outer loop
      vertex 1.4588 43.5412 74.8478
      vertex 0.945595 43.6088 74.5867
      vertex 1.33717 43.3827 74.8478
    endloop
  endfacet
  facet normal -0.271756 0.656123 0.704025
    outer loop
      vertex 1.58933 44.5326 74.2175
      vertex 1.20665 44.3741 74.2175
      vertex 1.39124 44.0544 74.5867
    endloop
  endfacet
  facet normal -0.432232 0.563428 0.704077
    outer loop
      vertex 1.20665 44.3741 74.2175
      vertex 0.87803 44.122 74.2175
      vertex 1.13908 43.8609 74.5867
    endloop
  endfacet
  facet normal -0.0927498 0.704059 0.704059
    outer loop
      vertex 2 44.5867 74.2175
      vertex 1.58933 44.5326 74.2175
      vertex 2 44.2175 74.5867
    endloop
  endfacet
  facet normal -0.498992 0.0656988 0.864112
    outer loop
      vertex 0.823964 43.3151 74.5867
      vertex 0.782477 43 74.5867
      vertex 1.26071 43.1981 74.8478
    endloop
  endfacet
  facet normal -0.465003 0.192573 0.864111
    outer loop
      vertex 0.945595 43.6088 74.5867
      vertex 0.823964 43.3151 74.5867
      vertex 1.26071 43.1981 74.8478
    endloop
  endfacet
  facet normal 0.923932 0.382557 0
    outer loop
      vertex 219.915 43.5132 73.2611
      vertex 219.717 43.9914 73
      vertex 219.717 43.9914 73.2611
    endloop
  endfacet
  facet normal 0.923932 0.382557 0
    outer loop
      vertex 219.717 43.9914 73
      vertex 219.915 43.5132 73.2611
      vertex 219.915 43.5132 73
    endloop
  endfacet
  facet normal 0.159173 0.206821 0.965344
    outer loop
      vertex 218.383 43.6628 74.8478
      vertex 218.185 43.1846 74.9829
      vertex 218.541 43.5412 74.8478
    endloop
  endfacet
  facet normal 0.258761 0.0344505 0.965327
    outer loop
      vertex 218.765 43 74.8478
      vertex 218.252 43.0676 74.9829
      vertex 218.261 43 74.9829
    endloop
  endfacet
  facet normal 0.866042 -0 0.499971
    outer loop
      vertex 219.587 39 74.2175
      vertex 219.848 43 73.7654
      vertex 219.587 43 74.2175
    endloop
  endfacet
  facet normal 0.866042 0 0.499971
    outer loop
      vertex 219.848 43 73.7654
      vertex 219.587 39 74.2175
      vertex 219.848 39 73.7654
    endloop
  endfacet
  facet normal 0.767407 0.587537 0.256683
    outer loop
      vertex 219.717 43.9914 73.2611
      vertex 219.307 44.3066 73.7654
      vertex 219.6 43.9239 73.7654
    endloop
  endfacet
  facet normal 0.0657814 -0.499032 0.864083
    outer loop
      vertex 218 38.2346 74.8478
      vertex 218 37.7825 74.5867
      vertex 218.198 38.2607 74.8478
    endloop
  endfacet
  facet normal -0.688494 -0.528328 0.496836
    outer loop
      vertex 0.87803 37.878 74.2175
      vertex 0.625873 38.2066 74.2175
      vertex 0.693438 37.6934 73.7654
    endloop
  endfacet
  facet normal 0.432733 -0.563559 0.703664
    outer loop
      vertex 218.861 38.1391 74.5867
      vertex 218.609 37.9456 74.5867
      vertex 218.793 37.6259 74.2175
    endloop
  endfacet
  facet normal 0.369661 -0.893113 0.256319
    outer loop
      vertex 218.924 37.3998 73.7654
      vertex 218.478 37.2152 73.7654
      vertex 218.991 37.2828 73.2611
    endloop
  endfacet
  facet normal -0.958207 -0.126152 0.256759
    outer loop
      vertex 0.152242 39 73.7654
      vertex 0.0171108 39 73.2611
      vertex 0.0846758 38.4868 73.2611
    endloop
  endfacet
  facet normal -1 0 0
    outer loop
      vertex 0.0171108 39 73
      vertex 0.0171108 43 73.2611
      vertex 0.0171108 43 73
    endloop
  endfacet
  facet normal -1 -0 0
    outer loop
      vertex 0.0171108 43 73.2611
      vertex 0.0171108 39 73
      vertex 0.0171108 39 73.2611
    endloop
  endfacet
  facet normal -0.130592 0.991436 0
    outer loop
      vertex 2 44.9829 73
      vertex 1.48679 44.9153 73.2611
      vertex 2 44.9829 73.2611
    endloop
  endfacet
  facet normal -0.130592 0.991436 0
    outer loop
      vertex 1.48679 44.9153 73.2611
      vertex 2 44.9829 73
      vertex 1.48679 44.9153 73
    endloop
  endfacet
  facet normal -0.126216 0.958214 0.256702
    outer loop
      vertex 2 44.9829 73.2611
      vertex 1.48679 44.9153 73.2611
      vertex 2 44.8478 73.7654
    endloop
  endfacet
  facet normal -0.860424 0.113284 0.496827
    outer loop
      vertex 0.215202 43.4782 73.7654
      vertex 0.152242 43 73.7654
      vertex 0.413294 43 74.2175
    endloop
  endfacet
  facet normal -0.766784 0.588348 0.25669
    outer loop
      vertex 0.693438 44.3066 73.7654
      vertex 0.282767 43.9914 73.2611
      vertex 0.399795 43.9239 73.7654
    endloop
  endfacet
  facet normal -0.766789 0.588336 0.256701
    outer loop
      vertex 0.597886 44.4021 73.2611
      vertex 0.282767 43.9914 73.2611
      vertex 0.693438 44.3066 73.7654
    endloop
  endfacet
  facet normal -0.382701 -0.923872 0
    outer loop
      vertex 1.00856 37.2828 73
      vertex 1.48679 37.0847 73.2611
      vertex 1.00856 37.2828 73.2611
    endloop
  endfacet
  facet normal -0.382701 -0.923872 -0
    outer loop
      vertex 1.48679 37.0847 73.2611
      vertex 1.00856 37.2828 73
      vertex 1.48679 37.0847 73
    endloop
  endfacet
  facet normal -0.704071 -0.0927 0.704053
    outer loop
      vertex 0.782477 39 74.5867
      vertex 0.46736 38.5893 74.2175
      vertex 0.823964 38.6849 74.5867
    endloop
  endfacet
  facet normal -0.704079 0.0926875 0.704047
    outer loop
      vertex 0.46736 43.4107 74.2175
      vertex 0.413294 43 74.2175
      vertex 0.782477 43 74.5867
    endloop
  endfacet
  facet normal -0.306314 0.399317 0.864128
    outer loop
      vertex 1.61732 43.6628 74.8478
      vertex 1.39124 44.0544 74.5867
      vertex 1.4588 43.5412 74.8478
    endloop
  endfacet
  facet normal -0.158766 0.20697 0.965379
    outer loop
      vertex 1.61732 43.6628 74.8478
      vertex 1.4588 43.5412 74.8478
      vertex 1.81541 43.1846 74.9829
    endloop
  endfacet
  facet normal -0.258616 0.034047 0.96538
    outer loop
      vertex 1.26071 43.1981 74.8478
      vertex 1.23463 43 74.8478
      vertex 1.74784 43.0676 74.9829
    endloop
  endfacet
  facet normal -0.240996 0.0998188 0.965379
    outer loop
      vertex 1.33717 43.3827 74.8478
      vertex 1.26071 43.1981 74.8478
      vertex 1.74784 43.0676 74.9829
    endloop
  endfacet
  facet normal 0.432733 0.563559 0.703664
    outer loop
      vertex 218.793 44.3741 74.2175
      vertex 218.609 44.0544 74.5867
      vertex 218.861 43.8609 74.5867
    endloop
  endfacet
  facet normal 0.065744 0.499021 0.864092
    outer loop
      vertex 218.315 44.176 74.5867
      vertex 218 44.2175 74.5867
      vertex 218.198 43.7393 74.8478
    endloop
  endfacet
  facet normal 0.0997126 -0.241135 0.965356
    outer loop
      vertex 218.383 38.3372 74.8478
      vertex 218.068 38.7478 74.9829
      vertex 218.198 38.2607 74.8478
    endloop
  endfacet
  facet normal -0.656098 -0.271754 0.704049
    outer loop
      vertex 0.945595 38.3912 74.5867
      vertex 0.46736 38.5893 74.2175
      vertex 0.625873 38.2066 74.2175
    endloop
  endfacet
  facet normal 0 1 -0
    outer loop
      vertex 218 44.9829 73
      vertex 2 44.9829 73.2611
      vertex 218 44.9829 73.2611
    endloop
  endfacet
  facet normal 0 1 0
    outer loop
      vertex 2 44.9829 73.2611
      vertex 218 44.9829 73
      vertex 2 44.9829 73
    endloop
  endfacet
  facet normal 0.12629 0.958199 0.256722
    outer loop
      vertex 218.513 44.9153 73.2611
      vertex 218 44.8478 73.7654
      vertex 218.478 44.7848 73.7654
    endloop
  endfacet
  facet normal 0.258704 0.0339541 0.96536
    outer loop
      vertex 218.739 43.1981 74.8478
      vertex 218.252 43.0676 74.9829
      vertex 218.765 43 74.8478
    endloop
  endfacet
  facet normal 0.258915 0 0.9659
    outer loop
      vertex 218.261 43 74.9829
      vertex 218.765 39 74.8478
      vertex 218.765 43 74.8478
    endloop
  endfacet
  facet normal 0.258915 0 0.9659
    outer loop
      vertex 218.765 39 74.8478
      vertex 218.261 43 74.9829
      vertex 218.261 39 74.9829
    endloop
  endfacet
  facet normal 0.271353 -0.656066 0.704234
    outer loop
      vertex 218.609 37.9456 74.5867
      vertex 218.315 37.824 74.5867
      vertex 218.411 37.4674 74.2175
    endloop
  endfacet
  facet normal -0.113343 -0.860379 0.496892
    outer loop
      vertex 1.58933 37.4674 74.2175
      vertex 1.52177 37.2152 73.7654
      vertex 2 37.4133 74.2175
    endloop
  endfacet
  facet normal -0.432341 -0.563406 0.704027
    outer loop
      vertex 1.39124 37.9456 74.5867
      vertex 1.13908 38.1391 74.5867
      vertex 1.20665 37.6259 74.2175
    endloop
  endfacet
  facet normal 0.370026 -0.892845 0.256727
    outer loop
      vertex 218.991 37.2828 73.2611
      vertex 218.478 37.2152 73.7654
      vertex 218.513 37.0847 73.2611
    endloop
  endfacet
  facet normal -0.528234 -0.688569 0.496832
    outer loop
      vertex 0.87803 37.878 74.2175
      vertex 0.693438 37.6934 73.7654
      vertex 1.20665 37.6259 74.2175
    endloop
  endfacet
  facet normal -0.92387 0.382707 0
    outer loop
      vertex 0.0846758 43.5132 73
      vertex 0.282767 43.9914 73.2611
      vertex 0.282767 43.9914 73
    endloop
  endfacet
  facet normal -0.92387 0.382707 0
    outer loop
      vertex 0.282767 43.9914 73.2611
      vertex 0.0846758 43.5132 73
      vertex 0.0846758 43.5132 73.2611
    endloop
  endfacet
  facet normal -0.801801 0.332103 0.496813
    outer loop
      vertex 0.625873 43.7934 74.2175
      vertex 0.399795 43.9239 73.7654
      vertex 0.46736 43.4107 74.2175
    endloop
  endfacet
  facet normal -0.688532 0.528306 0.496806
    outer loop
      vertex 0.693438 44.3066 73.7654
      vertex 0.399795 43.9239 73.7654
      vertex 0.625873 43.7934 74.2175
    endloop
  endfacet
  facet normal -0.528234 0.688569 0.496832
    outer loop
      vertex 1.20665 44.3741 74.2175
      vertex 0.693438 44.3066 73.7654
      vertex 0.87803 44.122 74.2175
    endloop
  endfacet
  facet normal -0.306406 0.399294 0.864107
    outer loop
      vertex 1.39124 44.0544 74.5867
      vertex 1.13908 43.8609 74.5867
      vertex 1.4588 43.5412 74.8478
    endloop
  endfacet
  facet normal -0.382701 0.923872 0
    outer loop
      vertex 1.48679 44.9153 73
      vertex 1.00856 44.7172 73.2611
      vertex 1.48679 44.9153 73.2611
    endloop
  endfacet
  facet normal -0.382701 0.923872 0
    outer loop
      vertex 1.00856 44.7172 73.2611
      vertex 1.48679 44.9153 73
      vertex 1.00856 44.7172 73
    endloop
  endfacet
  facet normal -0.860424 -0.113284 0.496827
    outer loop
      vertex 0.413294 39 74.2175
      vertex 0.152242 39 73.7654
      vertex 0.215202 38.5218 73.7654
    endloop
  endfacet
  facet normal -0.306406 -0.399294 0.864107
    outer loop
      vertex 1.4588 38.4588 74.8478
      vertex 1.13908 38.1391 74.5867
      vertex 1.39124 37.9456 74.5867
    endloop
  endfacet
  facet normal -0.958205 -0.126158 0.256764
    outer loop
      vertex 0.152242 39 73.7654
      vertex 0.0846758 38.4868 73.2611
      vertex 0.215202 38.5218 73.7654
    endloop
  endfacet
  facet normal -0.92387 -0.382707 0
    outer loop
      vertex 0.282767 38.0086 73
      vertex 0.0846758 38.4868 73.2611
      vertex 0.0846758 38.4868 73
    endloop
  endfacet
  facet normal -0.92387 -0.382707 0
    outer loop
      vertex 0.0846758 38.4868 73.2611
      vertex 0.282767 38.0086 73
      vertex 0.282767 38.0086 73.2611
    endloop
  endfacet
  facet normal 0.113397 -0.860373 0.496889
    outer loop
      vertex 218 37.4133 74.2175
      vertex 218 37.1522 73.7654
      vertex 218.478 37.2152 73.7654
    endloop
  endfacet
  facet normal 0.240974 -0.0996075 0.965407
    outer loop
      vertex 218.252 38.9324 74.9829
      vertex 218.226 38.8695 74.9829
      vertex 218.663 38.6173 74.8478
    endloop
  endfacet
  facet normal 0.241199 -0.0993021 0.965382
    outer loop
      vertex 218.739 38.8019 74.8478
      vertex 218.252 38.9324 74.9829
      vertex 218.663 38.6173 74.8478
    endloop
  endfacet
  facet normal -0.192679 0.464923 0.864131
    outer loop
      vertex 1.80191 43.7393 74.8478
      vertex 1.39124 44.0544 74.5867
      vertex 1.61732 43.6628 74.8478
    endloop
  endfacet
  facet normal -0.332109 0.801756 0.496881
    outer loop
      vertex 1.52177 44.7848 73.7654
      vertex 1.07612 44.6002 73.7654
      vertex 1.58933 44.5326 74.2175
    endloop
  endfacet
  facet normal -0.0340694 -0.258621 0.965378
    outer loop
      vertex 2 38.7389 74.9829
      vertex 1.93244 38.7478 74.9829
      vertex 2 38.2346 74.8478
    endloop
  endfacet
  facet normal 0.0657814 0.499032 0.864083
    outer loop
      vertex 218 44.2175 74.5867
      vertex 218 43.7654 74.8478
      vertex 218.198 43.7393 74.8478
    endloop
  endfacet
  facet normal 0.258704 -0.0339541 0.96536
    outer loop
      vertex 218.765 39 74.8478
      vertex 218.252 38.9324 74.9829
      vertex 218.739 38.8019 74.8478
    endloop
  endfacet
  facet normal 0.113262 0.860453 0.496781
    outer loop
      vertex 218.478 44.7848 73.7654
      vertex 218 44.5867 74.2175
      vertex 218.411 44.5326 74.2175
    endloop
  endfacet
  facet normal 0.431951 0.563713 0.704021
    outer loop
      vertex 219.122 44.122 74.2175
      vertex 218.793 44.3741 74.2175
      vertex 218.861 43.8609 74.5867
    endloop
  endfacet
  facet normal 0.0998551 0.24103 0.965367
    outer loop
      vertex 218.383 43.6628 74.8478
      vertex 218.068 43.2522 74.9829
      vertex 218.131 43.2261 74.9829
    endloop
  endfacet
  facet normal -0.258612 -0.0340098 0.965382
    outer loop
      vertex 1.73895 39 74.9829
      vertex 1.23463 39 74.8478
      vertex 1.74784 38.9324 74.9829
    endloop
  endfacet
  facet normal -0.369875 0.89291 0.256718
    outer loop
      vertex 1.48679 44.9153 73.2611
      vertex 1.00856 44.7172 73.2611
      vertex 1.52177 44.7848 73.7654
    endloop
  endfacet
  facet normal -0.528254 0.688533 0.49686
    outer loop
      vertex 1.07612 44.6002 73.7654
      vertex 0.693438 44.3066 73.7654
      vertex 1.20665 44.3741 74.2175
    endloop
  endfacet
  facet normal 0 0.865959 0.500115
    outer loop
      vertex 218 44.8478 73.7654
      vertex 2 44.5867 74.2175
      vertex 218 44.5867 74.2175
    endloop
  endfacet
  facet normal 0 0.865959 0.500115
    outer loop
      vertex 2 44.5867 74.2175
      vertex 218 44.8478 73.7654
      vertex 2 44.8478 73.7654
    endloop
  endfacet
  facet normal 0.95817 0.126959 0.2565
    outer loop
      vertex 219.915 43.5132 73.2611
      vertex 219.848 43 73.7654
      vertex 219.983 43 73.2611
    endloop
  endfacet
  facet normal 0.382858 0.923807 -0
    outer loop
      vertex 218.991 44.7172 73
      vertex 218.513 44.9153 73.2611
      vertex 218.991 44.7172 73.2611
    endloop
  endfacet
  facet normal 0.382858 0.923807 0
    outer loop
      vertex 218.513 44.9153 73.2611
      vertex 218.991 44.7172 73
      vertex 218.513 44.9153 73
    endloop
  endfacet
  facet normal 1 -0 0
    outer loop
      vertex 219.983 39 73.2611
      vertex 219.983 43 73
      vertex 219.983 43 73.2611
    endloop
  endfacet
  facet normal 1 0 0
    outer loop
      vertex 219.983 43 73
      vertex 219.983 39 73.2611
      vertex 219.983 39 73
    endloop
  endfacet
  facet normal 0 -0.500115 0.865959
    outer loop
      vertex 2 38.2346 74.8478
      vertex 218 37.7825 74.5867
      vertex 218 38.2346 74.8478
    endloop
  endfacet
  facet normal 0 -0.500115 0.865959
    outer loop
      vertex 218 37.7825 74.5867
      vertex 2 38.2346 74.8478
      vertex 2 37.7825 74.5867
    endloop
  endfacet
  facet normal -0.192575 -0.46503 0.864096
    outer loop
      vertex 1.80191 38.2607 74.8478
      vertex 1.39124 37.9456 74.5867
      vertex 1.68488 37.824 74.5867
    endloop
  endfacet
  facet normal 0.563668 -0.431527 0.704317
    outer loop
      vertex 219.054 38.3912 74.5867
      vertex 218.861 38.1391 74.5867
      vertex 219.374 38.2066 74.2175
    endloop
  endfacet
  facet normal 0.0340949 -0.258651 0.965369
    outer loop
      vertex 218.068 38.7478 74.9829
      vertex 218 38.2346 74.8478
      vertex 218.198 38.2607 74.8478
    endloop
  endfacet
  facet normal -0.0657517 -0.499033 0.864085
    outer loop
      vertex 2 38.2346 74.8478
      vertex 1.80191 38.2607 74.8478
      vertex 2 37.7825 74.5867
    endloop
  endfacet
  facet normal 0 -1 0
    outer loop
      vertex 2 37.0171 73
      vertex 218 37.0171 73.2611
      vertex 2 37.0171 73.2611
    endloop
  endfacet
  facet normal 0 -1 -0
    outer loop
      vertex 218 37.0171 73.2611
      vertex 2 37.0171 73
      vertex 218 37.0171 73
    endloop
  endfacet
  facet normal -0.126216 -0.958214 0.256702
    outer loop
      vertex 2 37.1522 73.7654
      vertex 1.48679 37.0847 73.2611
      vertex 2 37.0171 73.2611
    endloop
  endfacet
  facet normal -0.130592 -0.991436 0
    outer loop
      vertex 1.48679 37.0847 73
      vertex 2 37.0171 73.2611
      vertex 1.48679 37.0847 73.2611
    endloop
  endfacet
  facet normal -0.130592 -0.991436 -0
    outer loop
      vertex 2 37.0171 73.2611
      vertex 1.48679 37.0847 73
      vertex 2 37.0171 73
    endloop
  endfacet
  facet normal -0.965924 0 0.258827
    outer loop
      vertex 0.0171108 39 73.2611
      vertex 0.152242 43 73.7654
      vertex 0.0171108 43 73.2611
    endloop
  endfacet
  facet normal -0.965924 0 0.258827
    outer loop
      vertex 0.152242 43 73.7654
      vertex 0.0171108 39 73.2611
      vertex 0.152242 39 73.7654
    endloop
  endfacet
  facet normal -0.991445 0.130528 0
    outer loop
      vertex 0.0171108 43 73
      vertex 0.0846758 43.5132 73.2611
      vertex 0.0846758 43.5132 73
    endloop
  endfacet
  facet normal -0.991445 0.130528 0
    outer loop
      vertex 0.0846758 43.5132 73.2611
      vertex 0.0171108 43 73
      vertex 0.0171108 43 73.2611
    endloop
  endfacet
  facet normal -0.892933 0.369821 0.256715
    outer loop
      vertex 0.282767 43.9914 73.2611
      vertex 0.215202 43.4782 73.7654
      vertex 0.399795 43.9239 73.7654
    endloop
  endfacet
  facet normal -0.801819 0.332085 0.496795
    outer loop
      vertex 0.399795 43.9239 73.7654
      vertex 0.215202 43.4782 73.7654
      vertex 0.46736 43.4107 74.2175
    endloop
  endfacet
  facet normal -0.332085 0.80178 0.496858
    outer loop
      vertex 1.58933 44.5326 74.2175
      vertex 1.07612 44.6002 73.7654
      vertex 1.20665 44.3741 74.2175
    endloop
  endfacet
  facet normal 0 0.707107 0.707107
    outer loop
      vertex 218 44.5867 74.2175
      vertex 2 44.2175 74.5867
      vertex 218 44.2175 74.5867
    endloop
  endfacet
  facet normal 0 0.707107 0.707107
    outer loop
      vertex 2 44.2175 74.5867
      vertex 218 44.5867 74.2175
      vertex 2 44.5867 74.2175
    endloop
  endfacet
  facet normal -0.688494 0.528328 0.496836
    outer loop
      vertex 0.693438 44.3066 73.7654
      vertex 0.625873 43.7934 74.2175
      vertex 0.87803 44.122 74.2175
    endloop
  endfacet
  facet normal -0.432341 0.563406 0.704027
    outer loop
      vertex 1.20665 44.3741 74.2175
      vertex 1.13908 43.8609 74.5867
      vertex 1.39124 44.0544 74.5867
    endloop
  endfacet
  facet normal -0.58834 0.766792 0.256684
    outer loop
      vertex 1.00856 44.7172 73.2611
      vertex 0.597886 44.4021 73.2611
      vertex 0.693438 44.3066 73.7654
    endloop
  endfacet
  facet normal -0.793374 0.608734 0
    outer loop
      vertex 0.282767 43.9914 73
      vertex 0.597886 44.4021 73.2611
      vertex 0.597886 44.4021 73
    endloop
  endfacet
  facet normal -0.793374 0.608734 0
    outer loop
      vertex 0.597886 44.4021 73.2611
      vertex 0.282767 43.9914 73
      vertex 0.282767 43.9914 73.2611
    endloop
  endfacet
  facet normal -0.892894 -0.369875 0.256775
    outer loop
      vertex 0.215202 38.5218 73.7654
      vertex 0.0846758 38.4868 73.2611
      vertex 0.282767 38.0086 73.2611
    endloop
  endfacet
  facet normal 0.0997126 0.241135 0.965356
    outer loop
      vertex 218.198 43.7393 74.8478
      vertex 218.068 43.2522 74.9829
      vertex 218.383 43.6628 74.8478
    endloop
  endfacet
  facet normal 0.307021 0.398925 0.864059
    outer loop
      vertex 218.609 44.0544 74.5867
      vertex 218.383 43.6628 74.8478
      vertex 218.541 43.5412 74.8478
    endloop
  endfacet
  facet normal -0.500071 0 0.865984
    outer loop
      vertex 0.782477 43 74.5867
      vertex 1.23463 39 74.8478
      vertex 1.23463 43 74.8478
    endloop
  endfacet
  facet normal -0.500071 0 0.865984
    outer loop
      vertex 1.23463 39 74.8478
      vertex 0.782477 43 74.5867
      vertex 0.782477 39 74.5867
    endloop
  endfacet
  facet normal -0.158854 0.206931 0.965373
    outer loop
      vertex 1.86947 43.2261 74.9829
      vertex 1.61732 43.6628 74.8478
      vertex 1.81541 43.1846 74.9829
    endloop
  endfacet
  facet normal -0.192575 0.46503 0.864096
    outer loop
      vertex 1.68488 44.176 74.5867
      vertex 1.39124 44.0544 74.5867
      vertex 1.80191 43.7393 74.8478
    endloop
  endfacet
  facet normal -0.0657193 0.499023 0.864093
    outer loop
      vertex 2 44.2175 74.5867
      vertex 1.68488 44.176 74.5867
      vertex 1.80191 43.7393 74.8478
    endloop
  endfacet
  facet normal 0.0340949 0.258651 0.965369
    outer loop
      vertex 218.198 43.7393 74.8478
      vertex 218 43.7654 74.8478
      vertex 218.068 43.2522 74.9829
    endloop
  endfacet
  facet normal -0.206967 -0.158726 0.965386
    outer loop
      vertex 1.77392 38.8695 74.9829
      vertex 1.33717 38.6173 74.8478
      vertex 1.81541 38.8154 74.9829
    endloop
  endfacet
  facet normal 0.192339 0.465133 0.864093
    outer loop
      vertex 218.609 44.0544 74.5867
      vertex 218.198 43.7393 74.8478
      vertex 218.383 43.6628 74.8478
    endloop
  endfacet
  facet normal 0.0998551 -0.24103 0.965367
    outer loop
      vertex 218.131 38.7739 74.9829
      vertex 218.068 38.7478 74.9829
      vertex 218.383 38.3372 74.8478
    endloop
  endfacet
  facet normal 0 0.965939 0.258771
    outer loop
      vertex 218 44.9829 73.2611
      vertex 2 44.8478 73.7654
      vertex 218 44.8478 73.7654
    endloop
  endfacet
  facet normal 0 0.965939 0.258771
    outer loop
      vertex 2 44.8478 73.7654
      vertex 218 44.9829 73.2611
      vertex 2 44.9829 73.2611
    endloop
  endfacet
  facet normal 0.092676 0.704064 0.704064
    outer loop
      vertex 218 44.5867 74.2175
      vertex 218 44.2175 74.5867
      vertex 218.411 44.5326 74.2175
    endloop
  endfacet
  facet normal 0.893166 0.369818 0.25591
    outer loop
      vertex 219.915 43.5132 73.2611
      vertex 219.717 43.9914 73.2611
      vertex 219.785 43.4782 73.7654
    endloop
  endfacet
  facet normal 0.588095 0.767168 0.256119
    outer loop
      vertex 218.991 44.7172 73.2611
      vertex 218.924 44.6002 73.7654
      vertex 219.307 44.3066 73.7654
    endloop
  endfacet
  facet normal 0.306432 0.399074 0.864199
    outer loop
      vertex 218.609 44.0544 74.5867
      vertex 218.541 43.5412 74.8478
      vertex 218.861 43.8609 74.5867
    endloop
  endfacet
  facet normal 0.206852 0.159217 0.96533
    outer loop
      vertex 218.541 43.5412 74.8478
      vertex 218.185 43.1846 74.9829
      vertex 218.663 43.3827 74.8478
    endloop
  endfacet
  facet normal 0.4986 0.0664589 0.864281
    outer loop
      vertex 219.176 43.3151 74.5867
      vertex 218.739 43.1981 74.8478
      vertex 219.218 43 74.5867
    endloop
  endfacet
  facet normal 0.4983 -0.0654003 0.864534
    outer loop
      vertex 218.765 39 74.8478
      vertex 218.739 38.8019 74.8478
      vertex 219.218 39 74.5867
    endloop
  endfacet
  facet normal 0.0338492 0.258623 0.965385
    outer loop
      vertex 218 43.7654 74.8478
      vertex 218 43.2611 74.9829
      vertex 218.068 43.2522 74.9829
    endloop
  endfacet
  facet normal 0.767062 -0.588324 0.255911
    outer loop
      vertex 219.717 38.0086 73.2611
      vertex 219.307 37.6934 73.7654
      vertex 219.402 37.5979 73.2611
    endloop
  endfacet
  facet normal 0.655525 -0.272299 0.704372
    outer loop
      vertex 219.176 38.6849 74.5867
      vertex 219.054 38.3912 74.5867
      vertex 219.533 38.5893 74.2175
    endloop
  endfacet
  facet normal 0.655529 0.272352 0.704348
    outer loop
      vertex 219.374 43.7934 74.2175
      vertex 219.054 43.6088 74.5867
      vertex 219.533 43.4107 74.2175
    endloop
  endfacet
  facet normal 0.0338492 -0.258623 0.965385
    outer loop
      vertex 218 38.7389 74.9829
      vertex 218 38.2346 74.8478
      vertex 218.068 38.7478 74.9829
    endloop
  endfacet
  facet normal 0 -0.865959 0.500115
    outer loop
      vertex 2 37.1522 73.7654
      vertex 218 37.4133 74.2175
      vertex 2 37.4133 74.2175
    endloop
  endfacet
  facet normal 0 -0.865959 0.500115
    outer loop
      vertex 218 37.4133 74.2175
      vertex 2 37.1522 73.7654
      vertex 218 37.1522 73.7654
    endloop
  endfacet
  facet normal 0.893166 -0.369818 0.25591
    outer loop
      vertex 219.785 38.5218 73.7654
      vertex 219.717 38.0086 73.2611
      vertex 219.915 38.4868 73.2611
    endloop
  endfacet
  facet normal 0.065744 -0.499021 0.864092
    outer loop
      vertex 218.198 38.2607 74.8478
      vertex 218 37.7825 74.5867
      vertex 218.315 37.824 74.5867
    endloop
  endfacet
  facet normal 0.092676 -0.704064 0.704064
    outer loop
      vertex 218 37.7825 74.5867
      vertex 218 37.4133 74.2175
      vertex 218.411 37.4674 74.2175
    endloop
  endfacet
  facet normal -0.369869 -0.892915 0.256711
    outer loop
      vertex 1.07612 37.3998 73.7654
      vertex 1.00856 37.2828 73.2611
      vertex 1.52177 37.2152 73.7654
    endloop
  endfacet
  facet normal -0.766784 -0.588348 0.25669
    outer loop
      vertex 0.399795 38.0761 73.7654
      vertex 0.282767 38.0086 73.2611
      vertex 0.693438 37.6934 73.7654
    endloop
  endfacet
  facet normal 0.092751 -0.704013 0.704104
    outer loop
      vertex 218.315 37.824 74.5867
      vertex 218 37.7825 74.5867
      vertex 218.411 37.4674 74.2175
    endloop
  endfacet
  facet normal -0.271707 -0.65612 0.704047
    outer loop
      vertex 1.68488 37.824 74.5867
      vertex 1.39124 37.9456 74.5867
      vertex 1.58933 37.4674 74.2175
    endloop
  endfacet
  facet normal -0.369875 -0.89291 0.256718
    outer loop
      vertex 1.52177 37.2152 73.7654
      vertex 1.00856 37.2828 73.2611
      vertex 1.48679 37.0847 73.2611
    endloop
  endfacet
  facet normal 0.793485 -0.60859 0
    outer loop
      vertex 219.402 37.5979 73.2611
      vertex 219.717 38.0086 73
      vertex 219.717 38.0086 73.2611
    endloop
  endfacet
  facet normal 0.793485 -0.60859 0
    outer loop
      vertex 219.717 38.0086 73
      vertex 219.402 37.5979 73.2611
      vertex 219.402 37.5979 73
    endloop
  endfacet
  facet normal -0.608736 -0.793373 0
    outer loop
      vertex 0.597886 37.5979 73
      vertex 1.00856 37.2828 73.2611
      vertex 0.597886 37.5979 73.2611
    endloop
  endfacet
  facet normal -0.608736 -0.793373 -0
    outer loop
      vertex 1.00856 37.2828 73.2611
      vertex 0.597886 37.5979 73
      vertex 1.00856 37.2828 73
    endloop
  endfacet
  facet normal -0.704079 -0.0926875 0.704047
    outer loop
      vertex 0.782477 39 74.5867
      vertex 0.413294 39 74.2175
      vertex 0.46736 38.5893 74.2175
    endloop
  endfacet
  facet normal -0.707123 0 0.707091
    outer loop
      vertex 0.413294 39 74.2175
      vertex 0.782477 43 74.5867
      vertex 0.413294 43 74.2175
    endloop
  endfacet
  facet normal -0.707123 0 0.707091
    outer loop
      vertex 0.782477 43 74.5867
      vertex 0.413294 39 74.2175
      vertex 0.782477 39 74.5867
    endloop
  endfacet
  facet normal -0.958205 0.126158 0.256764
    outer loop
      vertex 0.215202 43.4782 73.7654
      vertex 0.0846758 43.5132 73.2611
      vertex 0.152242 43 73.7654
    endloop
  endfacet
  facet normal -0.958207 0.126152 0.256759
    outer loop
      vertex 0.0846758 43.5132 73.2611
      vertex 0.0171108 43 73.2611
      vertex 0.152242 43 73.7654
    endloop
  endfacet
  facet normal 0.113397 0.860373 0.496889
    outer loop
      vertex 218 44.8478 73.7654
      vertex 218 44.5867 74.2175
      vertex 218.478 44.7848 73.7654
    endloop
  endfacet
  facet normal -0.56337 0.432312 0.704075
    outer loop
      vertex 0.87803 44.122 74.2175
      vertex 0.625873 43.7934 74.2175
      vertex 1.13908 43.8609 74.5867
    endloop
  endfacet
  facet normal -0.563358 0.432373 0.704046
    outer loop
      vertex 1.13908 43.8609 74.5867
      vertex 0.625873 43.7934 74.2175
      vertex 0.945595 43.6088 74.5867
    endloop
  endfacet
  facet normal -0.608736 0.793373 0
    outer loop
      vertex 1.00856 44.7172 73
      vertex 0.597886 44.4021 73.2611
      vertex 1.00856 44.7172 73.2611
    endloop
  endfacet
  facet normal -0.608736 0.793373 0
    outer loop
      vertex 0.597886 44.4021 73.2611
      vertex 1.00856 44.7172 73
      vertex 0.597886 44.4021 73
    endloop
  endfacet
  facet normal -0.688532 -0.528306 0.496806
    outer loop
      vertex 0.625873 38.2066 74.2175
      vertex 0.399795 38.0761 73.7654
      vertex 0.693438 37.6934 73.7654
    endloop
  endfacet
  facet normal -0.801801 -0.332103 0.496813
    outer loop
      vertex 0.46736 38.5893 74.2175
      vertex 0.399795 38.0761 73.7654
      vertex 0.625873 38.2066 74.2175
    endloop
  endfacet
  facet normal 0.608432 0.793606 -0
    outer loop
      vertex 219.402 44.4021 73
      vertex 218.991 44.7172 73.2611
      vertex 219.402 44.4021 73.2611
    endloop
  endfacet
  facet normal 0.608432 0.793606 0
    outer loop
      vertex 218.991 44.7172 73.2611
      vertex 219.402 44.4021 73
      vertex 218.991 44.7172 73
    endloop
  endfacet
  facet normal 0.272241 0.656126 0.703835
    outer loop
      vertex 218.793 44.3741 74.2175
      vertex 218.411 44.5326 74.2175
      vertex 218.609 44.0544 74.5867
    endloop
  endfacet
  facet normal 0.801467 0.332985 0.496762
    outer loop
      vertex 219.6 43.9239 73.7654
      vertex 219.374 43.7934 74.2175
      vertex 219.533 43.4107 74.2175
    endloop
  endfacet
  facet normal 0.126267 0.958208 0.2567
    outer loop
      vertex 218 44.9829 73.2611
      vertex 218 44.8478 73.7654
      vertex 218.513 44.9153 73.2611
    endloop
  endfacet
  facet normal 0.793485 0.60859 0
    outer loop
      vertex 219.717 43.9914 73.2611
      vertex 219.402 44.4021 73
      vertex 219.402 44.4021 73.2611
    endloop
  endfacet
  facet normal 0.793485 0.60859 0
    outer loop
      vertex 219.402 44.4021 73
      vertex 219.717 43.9914 73.2611
      vertex 219.717 43.9914 73
    endloop
  endfacet
  facet normal 0.370026 0.892845 0.256727
    outer loop
      vertex 218.513 44.9153 73.2611
      vertex 218.478 44.7848 73.7654
      vertex 218.991 44.7172 73.2611
    endloop
  endfacet
  facet normal 0.655525 0.272299 0.704372
    outer loop
      vertex 219.533 43.4107 74.2175
      vertex 219.054 43.6088 74.5867
      vertex 219.176 43.3151 74.5867
    endloop
  endfacet
  facet normal 0.563541 0.432174 0.704022
    outer loop
      vertex 219.122 44.122 74.2175
      vertex 218.861 43.8609 74.5867
      vertex 219.374 43.7934 74.2175
    endloop
  endfacet
  facet normal 0.860583 0.113152 0.496582
    outer loop
      vertex 219.785 43.4782 73.7654
      vertex 219.533 43.4107 74.2175
      vertex 219.587 43 74.2175
    endloop
  endfacet
  facet normal 0.331951 0.802005 0.496585
    outer loop
      vertex 218.478 44.7848 73.7654
      vertex 218.411 44.5326 74.2175
      vertex 218.924 44.6002 73.7654
    endloop
  endfacet
  facet normal 0.707298 -0 0.706915
    outer loop
      vertex 219.218 39 74.5867
      vertex 219.587 43 74.2175
      vertex 219.218 43 74.5867
    endloop
  endfacet
  facet normal 0.707298 0 0.706915
    outer loop
      vertex 219.587 43 74.2175
      vertex 219.218 39 74.5867
      vertex 219.587 39 74.2175
    endloop
  endfacet
  facet normal 0.159003 -0.206895 0.965356
    outer loop
      vertex 218.185 38.8154 74.9829
      vertex 218.131 38.7739 74.9829
      vertex 218.383 38.3372 74.8478
    endloop
  endfacet
  facet normal 0.130644 -0.991429 0
    outer loop
      vertex 218 37.0171 73
      vertex 218.513 37.0847 73.2611
      vertex 218 37.0171 73.2611
    endloop
  endfacet
  facet normal 0.130644 -0.991429 0
    outer loop
      vertex 218.513 37.0847 73.2611
      vertex 218 37.0171 73
      vertex 218.513 37.0847 73
    endloop
  endfacet
  facet normal 0.192339 -0.465133 0.864093
    outer loop
      vertex 218.383 38.3372 74.8478
      vertex 218.198 38.2607 74.8478
      vertex 218.609 37.9456 74.5867
    endloop
  endfacet
  facet normal 0.192369 -0.465102 0.864103
    outer loop
      vertex 218.609 37.9456 74.5867
      vertex 218.198 38.2607 74.8478
      vertex 218.315 37.824 74.5867
    endloop
  endfacet
  facet normal 0.307021 -0.398925 0.864059
    outer loop
      vertex 218.541 38.4588 74.8478
      vertex 218.383 38.3372 74.8478
      vertex 218.609 37.9456 74.5867
    endloop
  endfacet
  facet normal 0.159173 -0.206821 0.965344
    outer loop
      vertex 218.541 38.4588 74.8478
      vertex 218.185 38.8154 74.9829
      vertex 218.383 38.3372 74.8478
    endloop
  endfacet
  facet normal -0.0657193 -0.499023 0.864093
    outer loop
      vertex 1.80191 38.2607 74.8478
      vertex 1.68488 37.824 74.5867
      vertex 2 37.7825 74.5867
    endloop
  endfacet
  facet normal 0.207654 0.157372 0.965461
    outer loop
      vertex 218.663 43.3827 74.8478
      vertex 218.185 43.1846 74.9829
      vertex 218.226 43.1305 74.9829
    endloop
  endfacet
  facet normal -0.498991 -0.0656925 0.864114
    outer loop
      vertex 1.23463 39 74.8478
      vertex 0.782477 39 74.5867
      vertex 1.26071 38.8019 74.8478
    endloop
  endfacet
  facet normal -0.498992 -0.0656988 0.864112
    outer loop
      vertex 1.26071 38.8019 74.8478
      vertex 0.782477 39 74.5867
      vertex 0.823964 38.6849 74.5867
    endloop
  endfacet
  facet normal -0.206936 -0.158799 0.965381
    outer loop
      vertex 1.81541 38.8154 74.9829
      vertex 1.33717 38.6173 74.8478
      vertex 1.4588 38.4588 74.8478
    endloop
  endfacet
  facet normal -0.563358 -0.432373 0.704046
    outer loop
      vertex 0.945595 38.3912 74.5867
      vertex 0.625873 38.2066 74.2175
      vertex 1.13908 38.1391 74.5867
    endloop
  endfacet
  facet normal 0 -0.258771 0.965939
    outer loop
      vertex 2 38.7389 74.9829
      vertex 218 38.2346 74.8478
      vertex 218 38.7389 74.9829
    endloop
  endfacet
  facet normal 0 -0.258771 0.965939
    outer loop
      vertex 218 38.2346 74.8478
      vertex 2 38.7389 74.9829
      vertex 2 38.2346 74.8478
    endloop
  endfacet
  facet normal 0 -0.707107 0.707107
    outer loop
      vertex 2 37.4133 74.2175
      vertex 218 37.7825 74.5867
      vertex 2 37.7825 74.5867
    endloop
  endfacet
  facet normal 0 -0.707107 0.707107
    outer loop
      vertex 218 37.7825 74.5867
      vertex 2 37.4133 74.2175
      vertex 218 37.4133 74.2175
    endloop
  endfacet
  facet normal -0.12623 -0.958208 0.256716
    outer loop
      vertex 1.52177 37.2152 73.7654
      vertex 1.48679 37.0847 73.2611
      vertex 2 37.1522 73.7654
    endloop
  endfacet
  facet normal -0.0927498 -0.704059 0.704059
    outer loop
      vertex 2 37.7825 74.5867
      vertex 1.58933 37.4674 74.2175
      vertex 2 37.4133 74.2175
    endloop
  endfacet
  facet normal 0 -0.965939 0.258771
    outer loop
      vertex 2 37.0171 73.2611
      vertex 218 37.1522 73.7654
      vertex 2 37.1522 73.7654
    endloop
  endfacet
  facet normal 0 -0.965939 0.258771
    outer loop
      vertex 218 37.1522 73.7654
      vertex 2 37.0171 73.2611
      vertex 218 37.0171 73.2611
    endloop
  endfacet
  facet normal -0.271756 -0.656123 0.704025
    outer loop
      vertex 1.39124 37.9456 74.5867
      vertex 1.20665 37.6259 74.2175
      vertex 1.58933 37.4674 74.2175
    endloop
  endfacet
  facet normal -0.113343 -0.860379 0.496892
    outer loop
      vertex 2 37.4133 74.2175
      vertex 1.52177 37.2152 73.7654
      vertex 2 37.1522 73.7654
    endloop
  endfacet
  facet normal 0.306432 -0.399074 0.864199
    outer loop
      vertex 218.861 38.1391 74.5867
      vertex 218.541 38.4588 74.8478
      vertex 218.609 37.9456 74.5867
    endloop
  endfacet
  facet normal 0.399184 -0.307259 0.863854
    outer loop
      vertex 218.663 38.6173 74.8478
      vertex 218.541 38.4588 74.8478
      vertex 219.054 38.3912 74.5867
    endloop
  endfacet
  facet normal 0.331951 -0.802005 0.496585
    outer loop
      vertex 218.924 37.3998 73.7654
      vertex 218.411 37.4674 74.2175
      vertex 218.478 37.2152 73.7654
    endloop
  endfacet
  facet normal -0.113343 0.860379 0.496892
    outer loop
      vertex 2 44.8478 73.7654
      vertex 1.52177 44.7848 73.7654
      vertex 2 44.5867 74.2175
    endloop
  endfacet
  facet normal -0.12623 0.958208 0.256716
    outer loop
      vertex 2 44.8478 73.7654
      vertex 1.48679 44.9153 73.2611
      vertex 1.52177 44.7848 73.7654
    endloop
  endfacet
  facet normal -0.892933 -0.369821 0.256715
    outer loop
      vertex 0.399795 38.0761 73.7654
      vertex 0.215202 38.5218 73.7654
      vertex 0.282767 38.0086 73.2611
    endloop
  endfacet
  facet normal -0.801819 -0.332085 0.496795
    outer loop
      vertex 0.46736 38.5893 74.2175
      vertex 0.215202 38.5218 73.7654
      vertex 0.399795 38.0761 73.7654
    endloop
  endfacet
  facet normal -0.766789 -0.588336 0.256701
    outer loop
      vertex 0.693438 37.6934 73.7654
      vertex 0.282767 38.0086 73.2611
      vertex 0.597886 37.5979 73.2611
    endloop
  endfacet
  facet normal -0.58834 -0.766792 0.256684
    outer loop
      vertex 0.693438 37.6934 73.7654
      vertex 0.597886 37.5979 73.2611
      vertex 1.00856 37.2828 73.2611
    endloop
  endfacet
  facet normal 0 0 1
    outer loop
      vertex 218 43.2611 74.9829
      vertex 218.261 43 74.9829
      vertex 218.252 43.0676 74.9829
    endloop
  endfacet
  facet normal 0 0 1
    outer loop
      vertex 218.261 43 74.9829
      vertex 218 43.2611 74.9829
      vertex 218.261 39 74.9829
    endloop
  endfacet
  facet normal 0 0 1
    outer loop
      vertex 218 43.2611 74.9829
      vertex 218.252 43.0676 74.9829
      vertex 218.226 43.1305 74.9829
    endloop
  endfacet
  facet normal 0 0 1
    outer loop
      vertex 218 38.7389 74.9829
      vertex 218.261 39 74.9829
      vertex 218 43.2611 74.9829
    endloop
  endfacet
  facet normal 0 0 1
    outer loop
      vertex 218 43.2611 74.9829
      vertex 218.226 43.1305 74.9829
      vertex 218.185 43.1846 74.9829
    endloop
  endfacet
  facet normal 0 0 1
    outer loop
      vertex 218.261 39 74.9829
      vertex 218 38.7389 74.9829
      vertex 218.252 38.9324 74.9829
    endloop
  endfacet
  facet normal 0 0 1
    outer loop
      vertex 218 43.2611 74.9829
      vertex 218.185 43.1846 74.9829
      vertex 218.131 43.2261 74.9829
    endloop
  endfacet
  facet normal 0 0 1
    outer loop
      vertex 218.252 38.9324 74.9829
      vertex 218 38.7389 74.9829
      vertex 218.226 38.8695 74.9829
    endloop
  endfacet
  facet normal 0 0 1
    outer loop
      vertex 218 43.2611 74.9829
      vertex 218.131 43.2261 74.9829
      vertex 218.068 43.2522 74.9829
    endloop
  endfacet
  facet normal 0 0 1
    outer loop
      vertex 218.226 38.8695 74.9829
      vertex 218 38.7389 74.9829
      vertex 218.185 38.8154 74.9829
    endloop
  endfacet
  facet normal 0 0 1
    outer loop
      vertex 218.185 38.8154 74.9829
      vertex 218 38.7389 74.9829
      vertex 218.131 38.7739 74.9829
    endloop
  endfacet
  facet normal 0 0 1
    outer loop
      vertex 218.131 38.7739 74.9829
      vertex 218 38.7389 74.9829
      vertex 218.068 38.7478 74.9829
    endloop
  endfacet
  facet normal -0 0 1
    outer loop
      vertex 2 43.2611 74.9829
      vertex 218 38.7389 74.9829
      vertex 218 43.2611 74.9829
    endloop
  endfacet
  facet normal 0 0 1
    outer loop
      vertex 2 43.2611 74.9829
      vertex 2 38.7389 74.9829
      vertex 218 38.7389 74.9829
    endloop
  endfacet
  facet normal 0 0 1
    outer loop
      vertex 1.73895 43 74.9829
      vertex 2 43.2611 74.9829
      vertex 1.93244 43.2522 74.9829
    endloop
  endfacet
  facet normal 0 0 1
    outer loop
      vertex 2 43.2611 74.9829
      vertex 1.73895 43 74.9829
      vertex 2 38.7389 74.9829
    endloop
  endfacet
  facet normal 0 0 1
    outer loop
      vertex 1.73895 43 74.9829
      vertex 1.93244 43.2522 74.9829
      vertex 1.86947 43.2261 74.9829
    endloop
  endfacet
  facet normal -0 0 1
    outer loop
      vertex 1.73895 39 74.9829
      vertex 2 38.7389 74.9829
      vertex 1.73895 43 74.9829
    endloop
  endfacet
  facet normal 0 0 1
    outer loop
      vertex 1.73895 43 74.9829
      vertex 1.86947 43.2261 74.9829
      vertex 1.81541 43.1846 74.9829
    endloop
  endfacet
  facet normal 0 0 1
    outer loop
      vertex 2 38.7389 74.9829
      vertex 1.73895 39 74.9829
      vertex 1.93244 38.7478 74.9829
    endloop
  endfacet
  facet normal 0 0 1
    outer loop
      vertex 1.73895 43 74.9829
      vertex 1.81541 43.1846 74.9829
      vertex 1.77392 43.1305 74.9829
    endloop
  endfacet
  facet normal 0 0 1
    outer loop
      vertex 1.93244 38.7478 74.9829
      vertex 1.73895 39 74.9829
      vertex 1.86947 38.7739 74.9829
    endloop
  endfacet
  facet normal 0 0 1
    outer loop
      vertex 1.73895 43 74.9829
      vertex 1.77392 43.1305 74.9829
      vertex 1.74784 43.0676 74.9829
    endloop
  endfacet
  facet normal 0 0 1
    outer loop
      vertex 1.86947 38.7739 74.9829
      vertex 1.73895 39 74.9829
      vertex 1.81541 38.8154 74.9829
    endloop
  endfacet
  facet normal 0 0 1
    outer loop
      vertex 1.81541 38.8154 74.9829
      vertex 1.73895 39 74.9829
      vertex 1.77392 38.8695 74.9829
    endloop
  endfacet
  facet normal 0 0 1
    outer loop
      vertex 1.77392 38.8695 74.9829
      vertex 1.73895 39 74.9829
      vertex 1.74784 38.9324 74.9829
    endloop
  endfacet
  facet normal 0.241199 0.0993021 0.965382
    outer loop
      vertex 218.663 43.3827 74.8478
      vertex 218.252 43.0676 74.9829
      vertex 218.739 43.1981 74.8478
    endloop
  endfacet
  facet normal -0.240996 -0.0998188 0.965379
    outer loop
      vertex 1.74784 38.9324 74.9829
      vertex 1.26071 38.8019 74.8478
      vertex 1.33717 38.6173 74.8478
    endloop
  endfacet
  facet normal 0.991336 0.131354 0
    outer loop
      vertex 219.983 43 73.2611
      vertex 219.915 43.5132 73
      vertex 219.915 43.5132 73.2611
    endloop
  endfacet
  facet normal 0.991336 0.131354 0
    outer loop
      vertex 219.915 43.5132 73
      vertex 219.983 43 73.2611
      vertex 219.983 43 73
    endloop
  endfacet
  facet normal 0.704259 0.092598 0.703878
    outer loop
      vertex 219.533 43.4107 74.2175
      vertex 219.218 43 74.5867
      vertex 219.587 43 74.2175
    endloop
  endfacet
  facet normal 0.89265 0.370519 0.256693
    outer loop
      vertex 219.717 43.9914 73.2611
      vertex 219.6 43.9239 73.7654
      vertex 219.785 43.4782 73.7654
    endloop
  endfacet
  facet normal 0.860583 -0.113152 0.496582
    outer loop
      vertex 219.587 39 74.2175
      vertex 219.533 38.5893 74.2175
      vertex 219.785 38.5218 73.7654
    endloop
  endfacet
  facet normal 0.4983 0.0654003 0.864534
    outer loop
      vertex 219.218 43 74.5867
      vertex 218.739 43.1981 74.8478
      vertex 218.765 43 74.8478
    endloop
  endfacet
  facet normal 0.499369 0 0.866389
    outer loop
      vertex 218.765 43 74.8478
      vertex 219.218 39 74.5867
      vertex 219.218 43 74.5867
    endloop
  endfacet
  facet normal 0.499369 0 0.866389
    outer loop
      vertex 219.218 39 74.5867
      vertex 218.765 43 74.8478
      vertex 218.765 39 74.8478
    endloop
  endfacet
  facet normal 0.399184 0.307259 0.863854
    outer loop
      vertex 219.054 43.6088 74.5867
      vertex 218.541 43.5412 74.8478
      vertex 218.663 43.3827 74.8478
    endloop
  endfacet
  facet normal 0.465903 0.191813 0.863795
    outer loop
      vertex 219.054 43.6088 74.5867
      vertex 218.663 43.3827 74.8478
      vertex 218.739 43.1981 74.8478
    endloop
  endfacet
  facet normal 0.588095 -0.767168 0.256119
    outer loop
      vertex 219.307 37.6934 73.7654
      vertex 218.924 37.3998 73.7654
      vertex 218.991 37.2828 73.2611
    endloop
  endfacet
  facet normal 0.688447 -0.527963 0.497289
    outer loop
      vertex 219.374 38.2066 74.2175
      vertex 219.122 37.878 74.2175
      vertex 219.307 37.6934 73.7654
    endloop
  endfacet
  facet normal -0.158854 -0.206931 0.965373
    outer loop
      vertex 1.81541 38.8154 74.9829
      vertex 1.61732 38.3372 74.8478
      vertex 1.86947 38.7739 74.9829
    endloop
  endfacet
  facet normal 0.240974 0.0996075 0.965407
    outer loop
      vertex 218.663 43.3827 74.8478
      vertex 218.226 43.1305 74.9829
      vertex 218.252 43.0676 74.9829
    endloop
  endfacet
  facet normal -0.465003 -0.192573 0.864111
    outer loop
      vertex 1.26071 38.8019 74.8478
      vertex 0.823964 38.6849 74.5867
      vertex 0.945595 38.3912 74.5867
    endloop
  endfacet
  facet normal -0.656096 -0.271711 0.704068
    outer loop
      vertex 0.823964 38.6849 74.5867
      vertex 0.46736 38.5893 74.2175
      vertex 0.945595 38.3912 74.5867
    endloop
  endfacet
  facet normal -0.432232 -0.563428 0.704077
    outer loop
      vertex 1.13908 38.1391 74.5867
      vertex 0.87803 37.878 74.2175
      vertex 1.20665 37.6259 74.2175
    endloop
  endfacet
  facet normal -0.56337 -0.432312 0.704075
    outer loop
      vertex 1.13908 38.1391 74.5867
      vertex 0.625873 38.2066 74.2175
      vertex 0.87803 37.878 74.2175
    endloop
  endfacet
  facet normal -0.0340755 -0.258622 0.965377
    outer loop
      vertex 1.93244 38.7478 74.9829
      vertex 1.80191 38.2607 74.8478
      vertex 2 38.2346 74.8478
    endloop
  endfacet
  facet normal 0.527734 -0.688713 0.497163
    outer loop
      vertex 219.122 37.878 74.2175
      vertex 218.793 37.6259 74.2175
      vertex 219.307 37.6934 73.7654
    endloop
  endfacet
  facet normal 0.113262 -0.860453 0.496781
    outer loop
      vertex 218.411 37.4674 74.2175
      vertex 218 37.4133 74.2175
      vertex 218.478 37.2152 73.7654
    endloop
  endfacet
  facet normal -0.332109 -0.801756 0.496881
    outer loop
      vertex 1.58933 37.4674 74.2175
      vertex 1.07612 37.3998 73.7654
      vertex 1.52177 37.2152 73.7654
    endloop
  endfacet
  facet normal -0.332085 -0.80178 0.496858
    outer loop
      vertex 1.20665 37.6259 74.2175
      vertex 1.07612 37.3998 73.7654
      vertex 1.58933 37.4674 74.2175
    endloop
  endfacet
  facet normal 0.95817 -0.126959 0.2565
    outer loop
      vertex 219.983 39 73.2611
      vertex 219.848 39 73.7654
      vertex 219.915 38.4868 73.2611
    endloop
  endfacet
  facet normal -0.369869 0.892915 0.256711
    outer loop
      vertex 1.52177 44.7848 73.7654
      vertex 1.00856 44.7172 73.2611
      vertex 1.07612 44.6002 73.7654
    endloop
  endfacet
  facet normal -0.588307 0.766806 0.256717
    outer loop
      vertex 1.00856 44.7172 73.2611
      vertex 0.693438 44.3066 73.7654
      vertex 1.07612 44.6002 73.7654
    endloop
  endfacet
  facet normal -0.271707 0.65612 0.704047
    outer loop
      vertex 1.58933 44.5326 74.2175
      vertex 1.39124 44.0544 74.5867
      vertex 1.68488 44.176 74.5867
    endloop
  endfacet
  facet normal -0.0927239 0.704076 0.704045
    outer loop
      vertex 2 44.2175 74.5867
      vertex 1.58933 44.5326 74.2175
      vertex 1.68488 44.176 74.5867
    endloop
  endfacet
  facet normal -0.991445 -0.130528 0
    outer loop
      vertex 0.0846758 38.4868 73
      vertex 0.0171108 39 73.2611
      vertex 0.0171108 39 73
    endloop
  endfacet
  facet normal -0.991445 -0.130528 0
    outer loop
      vertex 0.0171108 39 73.2611
      vertex 0.0846758 38.4868 73
      vertex 0.0846758 38.4868 73.2611
    endloop
  endfacet
  facet normal -0.099883 -0.240982 0.965376
    outer loop
      vertex 1.86947 38.7739 74.9829
      vertex 1.61732 38.3372 74.8478
      vertex 1.93244 38.7478 74.9829
    endloop
  endfacet
  facet normal 0.332525 0.801417 0.497149
    outer loop
      vertex 218.924 44.6002 73.7654
      vertex 218.411 44.5326 74.2175
      vertex 218.793 44.3741 74.2175
    endloop
  endfacet
  facet normal 0.767062 0.588324 0.255911
    outer loop
      vertex 219.402 44.4021 73.2611
      vertex 219.307 44.3066 73.7654
      vertex 219.717 43.9914 73.2611
    endloop
  endfacet
  facet normal 0.369661 0.893113 0.256319
    outer loop
      vertex 218.991 44.7172 73.2611
      vertex 218.478 44.7848 73.7654
      vertex 218.924 44.6002 73.7654
    endloop
  endfacet
  facet normal 0.130644 0.991429 -0
    outer loop
      vertex 218.513 44.9153 73
      vertex 218 44.9829 73.2611
      vertex 218.513 44.9153 73.2611
    endloop
  endfacet
  facet normal 0.130644 0.991429 0
    outer loop
      vertex 218 44.9829 73.2611
      vertex 218.513 44.9153 73
      vertex 218 44.9829 73
    endloop
  endfacet
  facet normal 0.860459 0.11336 0.496748
    outer loop
      vertex 219.785 43.4782 73.7654
      vertex 219.587 43 74.2175
      vertex 219.848 43 73.7654
    endloop
  endfacet
  facet normal 0.958439 0.126269 0.255833
    outer loop
      vertex 219.915 43.5132 73.2611
      vertex 219.785 43.4782 73.7654
      vertex 219.848 43 73.7654
    endloop
  endfacet
  facet normal 0.703474 0.0937668 0.704508
    outer loop
      vertex 219.533 43.4107 74.2175
      vertex 219.176 43.3151 74.5867
      vertex 219.218 43 74.5867
    endloop
  endfacet
  facet normal 0.464664 0.193017 0.864194
    outer loop
      vertex 219.054 43.6088 74.5867
      vertex 218.739 43.1981 74.8478
      vertex 219.176 43.3151 74.5867
    endloop
  endfacet
  facet normal 0.382858 -0.923807 0
    outer loop
      vertex 218.513 37.0847 73
      vertex 218.991 37.2828 73.2611
      vertex 218.513 37.0847 73.2611
    endloop
  endfacet
  facet normal 0.382858 -0.923807 0
    outer loop
      vertex 218.991 37.2828 73.2611
      vertex 218.513 37.0847 73
      vertex 218.991 37.2828 73
    endloop
  endfacet
  facet normal 0.923932 -0.382557 0
    outer loop
      vertex 219.717 38.0086 73.2611
      vertex 219.915 38.4868 73
      vertex 219.915 38.4868 73.2611
    endloop
  endfacet
  facet normal 0.923932 -0.382557 0
    outer loop
      vertex 219.915 38.4868 73
      vertex 219.717 38.0086 73.2611
      vertex 219.717 38.0086 73
    endloop
  endfacet
  facet normal 0.801692 -0.332764 0.496545
    outer loop
      vertex 219.785 38.5218 73.7654
      vertex 219.533 38.5893 74.2175
      vertex 219.6 38.0761 73.7654
    endloop
  endfacet
  facet normal 0.958439 -0.126269 0.255833
    outer loop
      vertex 219.848 39 73.7654
      vertex 219.785 38.5218 73.7654
      vertex 219.915 38.4868 73.2611
    endloop
  endfacet
  facet normal -0.158766 -0.20697 0.965379
    outer loop
      vertex 1.81541 38.8154 74.9829
      vertex 1.4588 38.4588 74.8478
      vertex 1.61732 38.3372 74.8478
    endloop
  endfacet
  facet normal -0.306314 -0.399317 0.864128
    outer loop
      vertex 1.4588 38.4588 74.8478
      vertex 1.39124 37.9456 74.5867
      vertex 1.61732 38.3372 74.8478
    endloop
  endfacet
  facet normal -0.464983 -0.192593 0.864117
    outer loop
      vertex 1.26071 38.8019 74.8478
      vertex 0.945595 38.3912 74.5867
      vertex 1.33717 38.6173 74.8478
    endloop
  endfacet
  facet normal -0.399274 -0.306395 0.864119
    outer loop
      vertex 1.33717 38.6173 74.8478
      vertex 0.945595 38.3912 74.5867
      vertex 1.4588 38.4588 74.8478
    endloop
  endfacet
  facet normal -0.528254 -0.688533 0.49686
    outer loop
      vertex 1.20665 37.6259 74.2175
      vertex 0.693438 37.6934 73.7654
      vertex 1.07612 37.3998 73.7654
    endloop
  endfacet
  facet normal -0.588307 -0.766806 0.256717
    outer loop
      vertex 1.07612 37.3998 73.7654
      vertex 0.693438 37.6934 73.7654
      vertex 1.00856 37.2828 73.2611
    endloop
  endfacet
  facet normal 0.860459 -0.11336 0.496748
    outer loop
      vertex 219.848 39 73.7654
      vertex 219.587 39 74.2175
      vertex 219.785 38.5218 73.7654
    endloop
  endfacet
  facet normal 0.767407 -0.587537 0.256683
    outer loop
      vertex 219.6 38.0761 73.7654
      vertex 219.307 37.6934 73.7654
      vertex 219.717 38.0086 73.2611
    endloop
  endfacet
  facet normal 0.527827 0.688548 0.497293
    outer loop
      vertex 218.924 44.6002 73.7654
      vertex 218.793 44.3741 74.2175
      vertex 219.307 44.3066 73.7654
    endloop
  endfacet
  facet normal 0.527734 0.688713 0.497163
    outer loop
      vertex 219.307 44.3066 73.7654
      vertex 218.793 44.3741 74.2175
      vertex 219.122 44.122 74.2175
    endloop
  endfacet
  facet normal 0.588145 0.767146 0.25607
    outer loop
      vertex 219.402 44.4021 73.2611
      vertex 218.991 44.7172 73.2611
      vertex 219.307 44.3066 73.7654
    endloop
  endfacet
  facet normal 0.801692 0.332764 0.496545
    outer loop
      vertex 219.6 43.9239 73.7654
      vertex 219.533 43.4107 74.2175
      vertex 219.785 43.4782 73.7654
    endloop
  endfacet
  facet normal 0.563668 0.431527 0.704317
    outer loop
      vertex 219.374 43.7934 74.2175
      vertex 218.861 43.8609 74.5867
      vertex 219.054 43.6088 74.5867
    endloop
  endfacet
  facet normal 0.588145 -0.767146 0.25607
    outer loop
      vertex 219.307 37.6934 73.7654
      vertex 218.991 37.2828 73.2611
      vertex 219.402 37.5979 73.2611
    endloop
  endfacet
  facet normal 0.608432 -0.793606 0
    outer loop
      vertex 218.991 37.2828 73
      vertex 219.402 37.5979 73.2611
      vertex 218.991 37.2828 73.2611
    endloop
  endfacet
  facet normal 0.608432 -0.793606 0
    outer loop
      vertex 219.402 37.5979 73.2611
      vertex 218.991 37.2828 73
      vertex 219.402 37.5979 73
    endloop
  endfacet
  facet normal 0.464664 -0.193017 0.864194
    outer loop
      vertex 219.176 38.6849 74.5867
      vertex 218.739 38.8019 74.8478
      vertex 219.054 38.3912 74.5867
    endloop
  endfacet
  facet normal 0.465903 -0.191813 0.863795
    outer loop
      vertex 218.739 38.8019 74.8478
      vertex 218.663 38.6173 74.8478
      vertex 219.054 38.3912 74.5867
    endloop
  endfacet
  facet normal 0.431951 -0.563713 0.704021
    outer loop
      vertex 218.861 38.1391 74.5867
      vertex 218.793 37.6259 74.2175
      vertex 219.122 37.878 74.2175
    endloop
  endfacet
  facet normal 0.272241 -0.656126 0.703835
    outer loop
      vertex 218.609 37.9456 74.5867
      vertex 218.411 37.4674 74.2175
      vertex 218.793 37.6259 74.2175
    endloop
  endfacet
  facet normal -0.0998735 -0.240989 0.965375
    outer loop
      vertex 1.93244 38.7478 74.9829
      vertex 1.61732 38.3372 74.8478
      vertex 1.80191 38.2607 74.8478
    endloop
  endfacet
  facet normal -0.192679 -0.464923 0.864131
    outer loop
      vertex 1.61732 38.3372 74.8478
      vertex 1.39124 37.9456 74.5867
      vertex 1.80191 38.2607 74.8478
    endloop
  endfacet
  facet normal 0.689108 0.52759 0.496768
    outer loop
      vertex 219.6 43.9239 73.7654
      vertex 219.307 44.3066 73.7654
      vertex 219.374 43.7934 74.2175
    endloop
  endfacet
  facet normal 0.688447 0.527963 0.497289
    outer loop
      vertex 219.307 44.3066 73.7654
      vertex 219.122 44.122 74.2175
      vertex 219.374 43.7934 74.2175
    endloop
  endfacet
  facet normal 0.563541 -0.432174 0.704022
    outer loop
      vertex 219.374 38.2066 74.2175
      vertex 218.861 38.1391 74.5867
      vertex 219.122 37.878 74.2175
    endloop
  endfacet
  facet normal 0.399535 -0.305872 0.864184
    outer loop
      vertex 219.054 38.3912 74.5867
      vertex 218.541 38.4588 74.8478
      vertex 218.861 38.1391 74.5867
    endloop
  endfacet
  facet normal 0.89265 -0.370519 0.256693
    outer loop
      vertex 219.785 38.5218 73.7654
      vertex 219.6 38.0761 73.7654
      vertex 219.717 38.0086 73.2611
    endloop
  endfacet
  facet normal 0.655529 -0.272352 0.704348
    outer loop
      vertex 219.533 38.5893 74.2175
      vertex 219.054 38.3912 74.5867
      vertex 219.374 38.2066 74.2175
    endloop
  endfacet
  facet normal 0.527827 -0.688548 0.497293
    outer loop
      vertex 219.307 37.6934 73.7654
      vertex 218.793 37.6259 74.2175
      vertex 218.924 37.3998 73.7654
    endloop
  endfacet
  facet normal 0.332525 -0.801417 0.497149
    outer loop
      vertex 218.793 37.6259 74.2175
      vertex 218.411 37.4674 74.2175
      vertex 218.924 37.3998 73.7654
    endloop
  endfacet
  facet normal 0.704259 -0.092598 0.703878
    outer loop
      vertex 219.587 39 74.2175
      vertex 219.218 39 74.5867
      vertex 219.533 38.5893 74.2175
    endloop
  endfacet
  facet normal 0.703474 -0.0937668 0.704508
    outer loop
      vertex 219.218 39 74.5867
      vertex 219.176 38.6849 74.5867
      vertex 219.533 38.5893 74.2175
    endloop
  endfacet
  facet normal 0.801467 -0.332985 0.496762
    outer loop
      vertex 219.533 38.5893 74.2175
      vertex 219.374 38.2066 74.2175
      vertex 219.6 38.0761 73.7654
    endloop
  endfacet
  facet normal 0.689108 -0.52759 0.496768
    outer loop
      vertex 219.374 38.2066 74.2175
      vertex 219.307 37.6934 73.7654
      vertex 219.6 38.0761 73.7654
    endloop
  endfacet
  facet normal 1 -0 0
    outer loop
      vertex 220 37 73
      vertex 220 45 8
      vertex 220 45 73
    endloop
  endfacet
  facet normal 1 0 0
    outer loop
      vertex 220 45 8
      vertex 220 37 73
      vertex 220 37 8
    endloop
  endfacet
  facet normal 0 0 1
    outer loop
      vertex 220 45 73
      vertex 219.983 43 73
      vertex 220 37 73
    endloop
  endfacet
  facet normal 0 0 1
    outer loop
      vertex 220 45 73
      vertex 219.915 43.5132 73
      vertex 219.983 43 73
    endloop
  endfacet
  facet normal 0 0 1
    outer loop
      vertex 220 45 73
      vertex 219.717 43.9914 73
      vertex 219.915 43.5132 73
    endloop
  endfacet
  facet normal 0 0 1
    outer loop
      vertex 220 45 73
      vertex 219.402 44.4021 73
      vertex 219.717 43.9914 73
    endloop
  endfacet
  facet normal 0 0 1
    outer loop
      vertex 220 45 73
      vertex 218.991 44.7172 73
      vertex 219.402 44.4021 73
    endloop
  endfacet
  facet normal 0 0 1
    outer loop
      vertex 220 45 73
      vertex 218.513 44.9153 73
      vertex 218.991 44.7172 73
    endloop
  endfacet
  facet normal 0 0 1
    outer loop
      vertex 220 45 73
      vertex 218 44.9829 73
      vertex 218.513 44.9153 73
    endloop
  endfacet
  facet normal 0 0 1
    outer loop
      vertex 220 45 73
      vertex 2 44.9829 73
      vertex 218 44.9829 73
    endloop
  endfacet
  facet normal 0 0 1
    outer loop
      vertex 0.0171108 43 73
      vertex 0 45 73
      vertex 0.0171108 39 73
    endloop
  endfacet
  facet normal 0 0 1
    outer loop
      vertex 0.0846758 43.5132 73
      vertex 0 45 73
      vertex 0.0171108 43 73
    endloop
  endfacet
  facet normal 0 0 1
    outer loop
      vertex 0.282767 43.9914 73
      vertex 0 45 73
      vertex 0.0846758 43.5132 73
    endloop
  endfacet
  facet normal 0 0 1
    outer loop
      vertex 0.597886 44.4021 73
      vertex 0 45 73
      vertex 0.282767 43.9914 73
    endloop
  endfacet
  facet normal 0 0 1
    outer loop
      vertex 1.00856 44.7172 73
      vertex 0 45 73
      vertex 0.597886 44.4021 73
    endloop
  endfacet
  facet normal 0 0 1
    outer loop
      vertex 1.48679 44.9153 73
      vertex 0 45 73
      vertex 1.00856 44.7172 73
    endloop
  endfacet
  facet normal 0 0 1
    outer loop
      vertex 2 44.9829 73
      vertex 0 45 73
      vertex 1.48679 44.9153 73
    endloop
  endfacet
  facet normal -0 0 1
    outer loop
      vertex 0 45 73
      vertex 2 44.9829 73
      vertex 220 45 73
    endloop
  endfacet
  facet normal -0 0 1
    outer loop
      vertex 219.983 39 73
      vertex 220 37 73
      vertex 219.983 43 73
    endloop
  endfacet
  facet normal -0 0 1
    outer loop
      vertex 219.915 38.4868 73
      vertex 220 37 73
      vertex 219.983 39 73
    endloop
  endfacet
  facet normal -0 0 1
    outer loop
      vertex 219.717 38.0086 73
      vertex 220 37 73
      vertex 219.915 38.4868 73
    endloop
  endfacet
  facet normal -0 0 1
    outer loop
      vertex 219.402 37.5979 73
      vertex 220 37 73
      vertex 219.717 38.0086 73
    endloop
  endfacet
  facet normal -0 0 1
    outer loop
      vertex 218.991 37.2828 73
      vertex 220 37 73
      vertex 219.402 37.5979 73
    endloop
  endfacet
  facet normal -0 0 1
    outer loop
      vertex 218.513 37.0847 73
      vertex 220 37 73
      vertex 218.991 37.2828 73
    endloop
  endfacet
  facet normal -0 0 1
    outer loop
      vertex 218 37.0171 73
      vertex 220 37 73
      vertex 218.513 37.0847 73
    endloop
  endfacet
  facet normal -0 0 1
    outer loop
      vertex 2 37.0171 73
      vertex 220 37 73
      vertex 218 37.0171 73
    endloop
  endfacet
  facet normal 0 0 1
    outer loop
      vertex 2 37.0171 73
      vertex 0 37 73
      vertex 220 37 73
    endloop
  endfacet
  facet normal 0 0 1
    outer loop
      vertex 1.48679 37.0847 73
      vertex 0 37 73
      vertex 2 37.0171 73
    endloop
  endfacet
  facet normal 0 0 1
    outer loop
      vertex 1.00856 37.2828 73
      vertex 0 37 73
      vertex 1.48679 37.0847 73
    endloop
  endfacet
  facet normal 0 0 1
    outer loop
      vertex 0.597886 37.5979 73
      vertex 0 37 73
      vertex 1.00856 37.2828 73
    endloop
  endfacet
  facet normal 0 0 1
    outer loop
      vertex 0.282767 38.0086 73
      vertex 0 37 73
      vertex 0.597886 37.5979 73
    endloop
  endfacet
  facet normal 0 0 1
    outer loop
      vertex 0.0846758 38.4868 73
      vertex 0 37 73
      vertex 0.282767 38.0086 73
    endloop
  endfacet
  facet normal 0 0 1
    outer loop
      vertex 0.0171108 39 73
      vertex 0 37 73
      vertex 0.0846758 38.4868 73
    endloop
  endfacet
  facet normal 0 0 1
    outer loop
      vertex 0 37 73
      vertex 0.0171108 39 73
      vertex 0 45 73
    endloop
  endfacet
  facet normal 0 0 -1
    outer loop
      vertex 0 37 8
      vertex 220 45 8
      vertex 220 37 8
    endloop
  endfacet
  facet normal -0 0 -1
    outer loop
      vertex 220 45 8
      vertex 0 37 8
      vertex 0 45 8
    endloop
  endfacet
  facet normal -1 0 0
    outer loop
      vertex 0 37 8
      vertex 0 45 73
      vertex 0 45 8
    endloop
  endfacet
  facet normal -1 -0 0
    outer loop
      vertex 0 45 73
      vertex 0 37 8
      vertex 0 37 73
    endloop
  endfacet
  facet normal 0 1 -0
    outer loop
      vertex 220 45 8
      vertex 0 45 73
      vertex 220 45 73
    endloop
  endfacet
  facet normal 0 1 0
    outer loop
      vertex 0 45 73
      vertex 220 45 8
      vertex 0 45 8
    endloop
  endfacet
  facet normal 0 -1 0
    outer loop
      vertex 0 37 8
      vertex 220 37 73
      vertex 0 37 73
    endloop
  endfacet
  facet normal 0 -1 -0
    outer loop
      vertex 220 37 73
      vertex 0 37 8
      vertex 220 37 8
    endloop
  endfacet
  facet normal 1 -0 0
    outer loop
      vertex 220 65 51
      vertex 220 73 8
      vertex 220 73 51
    endloop
  endfacet
  facet normal 1 0 0
    outer loop
      vertex 220 73 8
      vertex 220 65 51
      vertex 220 65 8
    endloop
  endfacet
  facet normal 0 0 -1
    outer loop
      vertex 0 65 8
      vertex 220 73 8
      vertex 220 65 8
    endloop
  endfacet
  facet normal -0 0 -1
    outer loop
      vertex 220 73 8
      vertex 0 65 8
      vertex 0 73 8
    endloop
  endfacet
  facet normal -1 0 0
    outer loop
      vertex 0 65 8
      vertex 0 73 51
      vertex 0 73 8
    endloop
  endfacet
  facet normal -1 -0 0
    outer loop
      vertex 0 73 51
      vertex 0 65 8
      vertex 0 65 51
    endloop
  endfacet
  facet normal 0 1 -0
    outer loop
      vertex 220 73 8
      vertex 0 73 51
      vertex 220 73 51
    endloop
  endfacet
  facet normal 0 1 0
    outer loop
      vertex 0 73 51
      vertex 220 73 8
      vertex 0 73 8
    endloop
  endfacet
  facet normal 0 -1 0
    outer loop
      vertex 0 65 8
      vertex 220 65 51
      vertex 0 65 51
    endloop
  endfacet
  facet normal 0 -1 -0
    outer loop
      vertex 220 65 51
      vertex 0 65 8
      vertex 220 65 8
    endloop
  endfacet
  facet normal -0 0 1
    outer loop
      vertex 0 73 51
      vertex 220 65 51
      vertex 220 73 51
    endloop
  endfacet
  facet normal 0 0 1
    outer loop
      vertex 220 65 51
      vertex 0 73 51
      vertex 0 65 51
    endloop
  endfacet
  facet normal 0.258817 0.0342551 0.965319
    outer loop
      vertex 218.765 108 7.84776
      vertex 218.252 108.068 7.98289
      vertex 218.261 108 7.98289
    endloop
  endfacet
  facet normal -0.092693 -0.704062 -0.704063
    outer loop
      vertex 2 0.782477 0.413294
      vertex 1.58933 0.46736 0.782477
      vertex 1.68488 0.823964 0.413294
    endloop
  endfacet
  facet normal 0.130578 -0.991438 0
    outer loop
      vertex 218 0.0171108 1.73895
      vertex 218.513 0.0846758 6.26105
      vertex 218 0.0171108 6.26105
    endloop
  endfacet
  facet normal 0.130578 -0.991438 0
    outer loop
      vertex 218.513 0.0846758 6.26105
      vertex 218 0.0171108 1.73895
      vertex 218.513 0.0846758 1.73895
    endloop
  endfacet
  facet normal 0.241245 -0.0993262 -0.965368
    outer loop
      vertex 218.663 1.61732 0.152242
      vertex 218.252 1.93244 0.0171108
      vertex 218.739 1.80191 0.152242
    endloop
  endfacet
  facet normal 0.0339819 0.258785 0.965337
    outer loop
      vertex 218.198 108.739 7.84776
      vertex 218 108.765 7.84776
      vertex 218.068 108.252 7.98289
    endloop
  endfacet
  facet normal -0.12615 -0.95821 -0.25675
    outer loop
      vertex 2 0.0171108 1.73895
      vertex 1.48679 0.0846758 1.73895
      vertex 2 0.152242 1.23463
    endloop
  endfacet
  facet normal -0.958203 0.126201 -0.256748
    outer loop
      vertex 0.152242 108 1.23463
      vertex 0.0171108 108 1.73895
      vertex 0.0846758 108.513 1.73895
    endloop
  endfacet
  facet normal 0.307038 -0.398849 0.864087
    outer loop
      vertex 218.541 1.4588 7.84776
      vertex 218.383 1.33717 7.84776
      vertex 218.609 0.945595 7.58671
    endloop
  endfacet
  facet normal -0.0344782 0.258817 -0.965311
    outer loop
      vertex 2 108.261 0.0171108
      vertex 1.93244 108.252 0.0171108
      vertex 2 108.765 0.152242
    endloop
  endfacet
  facet normal -0.20684 0.159228 -0.965331
    outer loop
      vertex 1.81541 108.185 0.0171108
      vertex 1.33717 108.383 0.152242
      vertex 1.4588 108.541 0.152242
    endloop
  endfacet
  facet normal -0.099843 -0.241041 -0.965365
    outer loop
      vertex 1.80191 1.26071 0.152242
      vertex 1.61732 1.33717 0.152242
      vertex 1.93244 1.74784 0.0171108
    endloop
  endfacet
  facet normal -0.126957 0.958172 0.25649
    outer loop
      vertex 2 109.983 6.26105
      vertex 1.48679 109.915 6.26105
      vertex 2 109.848 6.76537
    endloop
  endfacet
  facet normal 0.258969 0 0.965886
    outer loop
      vertex 218.261 108 7.98289
      vertex 218.765 2 7.84776
      vertex 218.765 108 7.84776
    endloop
  endfacet
  facet normal 0.258969 0 0.965886
    outer loop
      vertex 218.765 2 7.84776
      vertex 218.261 108 7.98289
      vertex 218.261 2 7.98289
    endloop
  endfacet
  facet normal -0.95821 -0.12615 0.25675
    outer loop
      vertex 0.152242 2 6.76537
      vertex 0.0171108 2 6.26105
      vertex 0.0846758 1.48679 6.26105
    endloop
  endfacet
  facet normal -0.688544 0.527901 -0.49722
    outer loop
      vertex 0.625873 108.793 0.782477
      vertex 0.399795 108.924 1.23463
      vertex 0.693438 109.307 1.23463
    endloop
  endfacet
  facet normal 0 -0.258815 0.965927
    outer loop
      vertex 2 1.73895 7.98289
      vertex 218 1.23463 7.84776
      vertex 218 1.73895 7.98289
    endloop
  endfacet
  facet normal 0 -0.258815 0.965927
    outer loop
      vertex 218 1.23463 7.84776
      vertex 2 1.73895 7.98289
      vertex 2 1.23463 7.84776
    endloop
  endfacet
  facet normal 0.241085 -0.0995427 -0.965386
    outer loop
      vertex 218.663 1.61732 0.152242
      vertex 218.226 1.86947 0.0171108
      vertex 218.252 1.93244 0.0171108
    endloop
  endfacet
  facet normal 0.113334 -0.860444 -0.49678
    outer loop
      vertex 218.478 0.215202 1.23463
      vertex 218 0.152242 1.23463
      vertex 218 0.413294 0.782477
    endloop
  endfacet
  facet normal 0.131404 0.991329 -0
    outer loop
      vertex 218.513 109.915 1.73895
      vertex 218 109.983 6.26105
      vertex 218.513 109.915 6.26105
    endloop
  endfacet
  facet normal 0.131404 0.991329 0
    outer loop
      vertex 218 109.983 6.26105
      vertex 218.513 109.915 1.73895
      vertex 218 109.983 1.73895
    endloop
  endfacet
  facet normal -0.206974 -0.158849 0.965365
    outer loop
      vertex 1.77392 1.86947 7.98289
      vertex 1.33717 1.61732 7.84776
      vertex 1.81541 1.81541 7.98289
    endloop
  endfacet
  facet normal -0.498922 -0.0656853 -0.864154
    outer loop
      vertex 0.823964 1.68488 0.413294
      vertex 0.782477 2 0.413294
      vertex 1.26071 1.80191 0.152242
    endloop
  endfacet
  facet normal -0.766759 -0.588356 -0.256745
    outer loop
      vertex 0.693438 0.693438 1.23463
      vertex 0.282767 1.00856 1.73895
      vertex 0.399795 1.07612 1.23463
    endloop
  endfacet
  facet normal -0.0656864 -0.498919 0.864156
    outer loop
      vertex 2 1.23463 7.84776
      vertex 1.80191 1.26071 7.84776
      vertex 2 0.782477 7.58671
    endloop
  endfacet
  facet normal 0.382844 -0.923813 0
    outer loop
      vertex 218.513 0.0846758 1.73895
      vertex 218.991 0.282767 6.26105
      vertex 218.513 0.0846758 6.26105
    endloop
  endfacet
  facet normal 0.382844 -0.923813 0
    outer loop
      vertex 218.991 0.282767 6.26105
      vertex 218.513 0.0846758 1.73895
      vertex 218.991 0.282767 1.73895
    endloop
  endfacet
  facet normal -0.399243 -0.306333 -0.864155
    outer loop
      vertex 1.4588 1.4588 0.152242
      vertex 0.945595 1.39124 0.413294
      vertex 1.33717 1.61732 0.152242
    endloop
  endfacet
  facet normal -0.258815 0 0.965927
    outer loop
      vertex 1.23463 108 7.84776
      vertex 1.73895 2 7.98289
      vertex 1.73895 108 7.98289
    endloop
  endfacet
  facet normal -0.258815 0 0.965927
    outer loop
      vertex 1.73895 2 7.98289
      vertex 1.23463 108 7.84776
      vertex 1.23463 2 7.84776
    endloop
  endfacet
  facet normal 0.192236 -0.465129 0.864118
    outer loop
      vertex 218.383 1.33717 7.84776
      vertex 218.198 1.26071 7.84776
      vertex 218.609 0.945595 7.58671
    endloop
  endfacet
  facet normal 0.332641 0.801935 -0.496236
    outer loop
      vertex 218.924 109.6 1.23463
      vertex 218.411 109.533 0.782477
      vertex 218.478 109.785 1.23463
    endloop
  endfacet
  facet normal -0.464921 -0.192577 -0.864154
    outer loop
      vertex 1.33717 1.61732 0.152242
      vertex 0.945595 1.39124 0.413294
      vertex 1.26071 1.80191 0.152242
    endloop
  endfacet
  facet normal -0.258669 0.0338172 -0.965374
    outer loop
      vertex 1.73895 108 0.0171108
      vertex 1.23463 108 0.152242
      vertex 1.74784 108.068 0.0171108
    endloop
  endfacet
  facet normal -0.793355 -0.608759 0
    outer loop
      vertex 0.597886 0.597886 1.73895
      vertex 0.282767 1.00856 6.26105
      vertex 0.282767 1.00856 1.73895
    endloop
  endfacet
  facet normal -0.793355 -0.608759 0
    outer loop
      vertex 0.282767 1.00856 6.26105
      vertex 0.597886 0.597886 1.73895
      vertex 0.597886 0.597886 6.26105
    endloop
  endfacet
  facet normal -0.587545 0.767382 -0.256738
    outer loop
      vertex 1.07612 109.6 1.23463
      vertex 0.693438 109.307 1.23463
      vertex 1.00856 109.717 1.73895
    endloop
  endfacet
  facet normal 0.689118 0.527185 0.497184
    outer loop
      vertex 219.6 108.924 6.76537
      vertex 219.307 109.307 6.76537
      vertex 219.374 108.793 7.21752
    endloop
  endfacet
  facet normal 0.0926183 -0.704067 -0.704067
    outer loop
      vertex 218.411 0.46736 0.782477
      vertex 218 0.413294 0.782477
      vertex 218 0.782477 0.413294
    endloop
  endfacet
  facet normal -0.608759 -0.793355 0
    outer loop
      vertex 0.597886 0.597886 1.73895
      vertex 1.00856 0.282767 6.26105
      vertex 0.597886 0.597886 6.26105
    endloop
  endfacet
  facet normal -0.608759 -0.793355 -0
    outer loop
      vertex 1.00856 0.282767 6.26105
      vertex 0.597886 0.597886 1.73895
      vertex 1.00856 0.282767 1.73895
    endloop
  endfacet
  facet normal -0.923813 0.382844 0
    outer loop
      vertex 0.0846758 108.513 1.73895
      vertex 0.282767 108.991 6.26105
      vertex 0.282767 108.991 1.73895
    endloop
  endfacet
  facet normal -0.923813 0.382844 0
    outer loop
      vertex 0.282767 108.991 6.26105
      vertex 0.0846758 108.513 1.73895
      vertex 0.0846758 108.513 6.26105
    endloop
  endfacet
  facet normal -0.12615 -0.95821 -0.25675
    outer loop
      vertex 2 0.152242 1.23463
      vertex 1.48679 0.0846758 1.73895
      vertex 1.52177 0.215202 1.23463
    endloop
  endfacet
  facet normal -0.369858 -0.892907 -0.256752
    outer loop
      vertex 1.48679 0.0846758 1.73895
      vertex 1.00856 0.282767 1.73895
      vertex 1.52177 0.215202 1.23463
    endloop
  endfacet
  facet normal -0.498919 0.06571 -0.864154
    outer loop
      vertex 1.26071 108.198 0.152242
      vertex 0.782477 108 0.413294
      vertex 0.823964 108.315 0.413294
    endloop
  endfacet
  facet normal -0.892907 -0.369858 0.256752
    outer loop
      vertex 0.215202 1.52177 6.76537
      vertex 0.0846758 1.48679 6.26105
      vertex 0.282767 1.00856 6.26105
    endloop
  endfacet
  facet normal 0.965989 0 -0.258583
    outer loop
      vertex 219.983 2 1.73895
      vertex 219.848 108 1.23463
      vertex 219.983 108 1.73895
    endloop
  endfacet
  facet normal 0.965989 0 -0.258583
    outer loop
      vertex 219.848 108 1.23463
      vertex 219.983 2 1.73895
      vertex 219.848 2 1.23463
    endloop
  endfacet
  facet normal 0.0338169 -0.258667 0.965374
    outer loop
      vertex 218 1.73895 7.98289
      vertex 218 1.23463 7.84776
      vertex 218.068 1.74784 7.98289
    endloop
  endfacet
  facet normal 0.1132 -0.860524 -0.496673
    outer loop
      vertex 218.478 0.215202 1.23463
      vertex 218 0.413294 0.782477
      vertex 218.411 0.46736 0.782477
    endloop
  endfacet
  facet normal 0.991329 0.131404 0
    outer loop
      vertex 219.983 108 6.26105
      vertex 219.915 108.513 1.73895
      vertex 219.915 108.513 6.26105
    endloop
  endfacet
  facet normal 0.991329 0.131404 0
    outer loop
      vertex 219.915 108.513 1.73895
      vertex 219.983 108 6.26105
      vertex 219.983 108 1.73895
    endloop
  endfacet
  facet normal -0.95821 -0.12615 -0.25675
    outer loop
      vertex 0.215202 1.52177 1.23463
      vertex 0.0846758 1.48679 1.73895
      vertex 0.152242 2 1.23463
    endloop
  endfacet
  facet normal -0.382686 -0.923878 0
    outer loop
      vertex 1.00856 0.282767 1.73895
      vertex 1.48679 0.0846758 6.26105
      vertex 1.00856 0.282767 6.26105
    endloop
  endfacet
  facet normal -0.382686 -0.923878 -0
    outer loop
      vertex 1.48679 0.0846758 6.26105
      vertex 1.00856 0.282767 1.73895
      vertex 1.48679 0.0846758 1.73895
    endloop
  endfacet
  facet normal 0.126201 -0.958203 0.256748
    outer loop
      vertex 218 0.152242 6.76537
      vertex 218 0.0171108 6.26105
      vertex 218.513 0.0846758 6.26105
    endloop
  endfacet
  facet normal 0.958434 0.126321 0.255825
    outer loop
      vertex 219.915 108.513 6.26105
      vertex 219.785 108.478 6.76537
      vertex 219.848 108 6.76537
    endloop
  endfacet
  facet normal 0 0.258971 -0.965885
    outer loop
      vertex 2 108.261 0.0171108
      vertex 218 108.765 0.152242
      vertex 218 108.261 0.0171108
    endloop
  endfacet
  facet normal 0 0.258971 -0.965885
    outer loop
      vertex 218 108.765 0.152242
      vertex 2 108.261 0.0171108
      vertex 2 108.765 0.152242
    endloop
  endfacet
  facet normal -0.3698 0.89318 -0.255887
    outer loop
      vertex 1.52177 109.785 1.23463
      vertex 1.00856 109.717 1.73895
      vertex 1.48679 109.915 1.73895
    endloop
  endfacet
  facet normal -0.258817 0 -0.965926
    outer loop
      vertex 1.23463 2 0.152242
      vertex 1.73895 108 0.0171108
      vertex 1.73895 2 0.0171108
    endloop
  endfacet
  facet normal -0.258817 0 -0.965926
    outer loop
      vertex 1.73895 108 0.0171108
      vertex 1.23463 2 0.152242
      vertex 1.23463 108 0.152242
    endloop
  endfacet
  facet normal 0.127008 0.958166 -0.256489
    outer loop
      vertex 218.513 109.915 1.73895
      vertex 218 109.848 1.23463
      vertex 218 109.983 1.73895
    endloop
  endfacet
  facet normal -0.131351 0.991336 0
    outer loop
      vertex 2 109.983 1.73895
      vertex 1.48679 109.915 6.26105
      vertex 2 109.983 6.26105
    endloop
  endfacet
  facet normal -0.131351 0.991336 0
    outer loop
      vertex 1.48679 109.915 6.26105
      vertex 2 109.983 1.73895
      vertex 1.48679 109.915 1.73895
    endloop
  endfacet
  facet normal -0.527612 0.689105 -0.49675
    outer loop
      vertex 1.20665 109.374 0.782477
      vertex 0.693438 109.307 1.23463
      vertex 1.07612 109.6 1.23463
    endloop
  endfacet
  facet normal -0.500002 0 -0.866024
    outer loop
      vertex 0.782477 2 0.413294
      vertex 1.23463 108 0.152242
      vertex 1.23463 2 0.152242
    endloop
  endfacet
  facet normal -0.500002 0 -0.866024
    outer loop
      vertex 1.23463 108 0.152242
      vertex 0.782477 2 0.413294
      vertex 0.782477 108 0.413294
    endloop
  endfacet
  facet normal 0.707282 0 -0.706931
    outer loop
      vertex 219.587 2 0.782477
      vertex 219.218 108 0.413294
      vertex 219.587 108 0.782477
    endloop
  endfacet
  facet normal 0.707282 0 -0.706931
    outer loop
      vertex 219.218 108 0.413294
      vertex 219.587 2 0.782477
      vertex 219.218 2 0.413294
    endloop
  endfacet
  facet normal 0 -0.707107 -0.707107
    outer loop
      vertex 2 0.782477 0.413294
      vertex 218 0.413294 0.782477
      vertex 2 0.413294 0.782477
    endloop
  endfacet
  facet normal 0 -0.707107 -0.707107
    outer loop
      vertex 218 0.413294 0.782477
      vertex 2 0.782477 0.413294
      vertex 218 0.782477 0.413294
    endloop
  endfacet
  facet normal -0.704069 -0.0926929 0.704056
    outer loop
      vertex 0.782477 2 7.58671
      vertex 0.413294 2 7.21752
      vertex 0.46736 1.58933 7.21752
    endloop
  endfacet
  facet normal -0.52796 0.688485 0.49724
    outer loop
      vertex 1.20665 109.374 7.21752
      vertex 0.693438 109.307 6.76537
      vertex 0.87803 109.122 7.21752
    endloop
  endfacet
  facet normal -0.157493 0.207661 0.965439
    outer loop
      vertex 1.86947 108.226 7.98289
      vertex 1.61732 108.663 7.84776
      vertex 1.81541 108.185 7.98289
    endloop
  endfacet
  facet normal -0.588352 -0.766761 -0.256749
    outer loop
      vertex 1.00856 0.282767 1.73895
      vertex 0.597886 0.597886 1.73895
      vertex 0.693438 0.693438 1.23463
    endloop
  endfacet
  facet normal -0.588356 -0.766759 0.256745
    outer loop
      vertex 1.07612 0.399795 6.76537
      vertex 0.693438 0.693438 6.76537
      vertex 1.00856 0.282767 6.26105
    endloop
  endfacet
  facet normal -0.704006 0.0927209 0.704116
    outer loop
      vertex 0.823964 108.315 7.58671
      vertex 0.46736 108.411 7.21752
      vertex 0.782477 108 7.58671
    endloop
  endfacet
  facet normal -0.20694 0.158999 -0.965347
    outer loop
      vertex 1.77392 108.131 0.0171108
      vertex 1.33717 108.383 0.152242
      vertex 1.81541 108.185 0.0171108
    endloop
  endfacet
  facet normal -0.0340372 -0.258667 -0.965367
    outer loop
      vertex 2 1.23463 0.152242
      vertex 1.93244 1.74784 0.0171108
      vertex 2 1.73895 0.0171108
    endloop
  endfacet
  facet normal -0.465131 0.192237 -0.864117
    outer loop
      vertex 1.26071 108.198 0.152242
      vertex 0.945595 108.609 0.413294
      vertex 1.33717 108.383 0.152242
    endloop
  endfacet
  facet normal -0.369853 -0.892911 -0.256747
    outer loop
      vertex 1.52177 0.215202 1.23463
      vertex 1.00856 0.282767 1.73895
      vertex 1.07612 0.399795 1.23463
    endloop
  endfacet
  facet normal 0 -0.707113 0.7071
    outer loop
      vertex 2 0.413294 7.21752
      vertex 218 0.782477 7.58671
      vertex 2 0.782477 7.58671
    endloop
  endfacet
  facet normal 0 -0.707113 0.7071
    outer loop
      vertex 218 0.782477 7.58671
      vertex 2 0.413294 7.21752
      vertex 218 0.413294 7.21752
    endloop
  endfacet
  facet normal -0.258667 -0.0340555 0.965366
    outer loop
      vertex 1.74784 1.93244 7.98289
      vertex 1.23463 2 7.84776
      vertex 1.26071 1.80191 7.84776
    endloop
  endfacet
  facet normal -0.241048 -0.0998338 -0.965365
    outer loop
      vertex 1.77392 1.86947 0.0171108
      vertex 1.33717 1.61732 0.152242
      vertex 1.74784 1.93244 0.0171108
    endloop
  endfacet
  facet normal 0.464581 -0.193022 -0.864238
    outer loop
      vertex 219.054 1.39124 0.413294
      vertex 218.739 1.80191 0.152242
      vertex 219.176 1.68488 0.413294
    endloop
  endfacet
  facet normal -0.0926929 -0.704069 0.704056
    outer loop
      vertex 2 0.782477 7.58671
      vertex 1.58933 0.46736 7.21752
      vertex 2 0.413294 7.21752
    endloop
  endfacet
  facet normal 0 -0.499999 0.866026
    outer loop
      vertex 2 1.23463 7.84776
      vertex 218 0.782477 7.58671
      vertex 218 1.23463 7.84776
    endloop
  endfacet
  facet normal 0 -0.499999 0.866026
    outer loop
      vertex 218 0.782477 7.58671
      vertex 2 1.23463 7.84776
      vertex 2 0.782477 7.58671
    endloop
  endfacet
  facet normal 0.563571 -0.43217 0.704001
    outer loop
      vertex 219.374 1.20665 7.21752
      vertex 218.861 1.13908 7.58671
      vertex 219.122 0.87803 7.21752
    endloop
  endfacet
  facet normal 0.860599 -0.113162 0.496552
    outer loop
      vertex 219.587 2 7.21752
      vertex 219.533 1.58933 7.21752
      vertex 219.785 1.52177 6.76537
    endloop
  endfacet
  facet normal 0.655518 -0.272361 0.704355
    outer loop
      vertex 219.533 1.58933 7.21752
      vertex 219.054 1.39124 7.58671
      vertex 219.374 1.20665 7.21752
    endloop
  endfacet
  facet normal 0.0996813 -0.241185 0.965346
    outer loop
      vertex 218.383 1.33717 7.84776
      vertex 218.068 1.74784 7.98289
      vertex 218.198 1.26071 7.84776
    endloop
  endfacet
  facet normal 0.0926191 -0.704074 0.704061
    outer loop
      vertex 218 0.782477 7.58671
      vertex 218 0.413294 7.21752
      vertex 218.411 0.46736 7.21752
    endloop
  endfacet
  facet normal 0.588157 -0.767115 -0.256136
    outer loop
      vertex 219.402 0.597886 1.73895
      vertex 218.991 0.282767 1.73895
      vertex 219.307 0.693438 1.23463
    endloop
  endfacet
  facet normal 0.398761 0.307904 -0.86382
    outer loop
      vertex 218.663 108.383 0.152242
      vertex 218.541 108.541 0.152242
      vertex 219.054 108.609 0.413294
    endloop
  endfacet
  facet normal 0.655463 0.271995 0.704547
    outer loop
      vertex 219.533 108.411 7.21752
      vertex 219.054 108.609 7.58671
      vertex 219.176 108.315 7.58671
    endloop
  endfacet
  facet normal 0 1 -0
    outer loop
      vertex 218 109.983 1.73895
      vertex 2 109.983 6.26105
      vertex 218 109.983 6.26105
    endloop
  endfacet
  facet normal 0 1 0
    outer loop
      vertex 2 109.983 6.26105
      vertex 218 109.983 1.73895
      vertex 2 109.983 1.73895
    endloop
  endfacet
  facet normal 0 0.965989 0.258583
    outer loop
      vertex 218 109.983 6.26105
      vertex 2 109.848 6.76537
      vertex 218 109.848 6.76537
    endloop
  endfacet
  facet normal 0 0.965989 0.258583
    outer loop
      vertex 2 109.848 6.76537
      vertex 218 109.983 6.26105
      vertex 2 109.983 6.26105
    endloop
  endfacet
  facet normal -0.0664452 0.498529 -0.864323
    outer loop
      vertex 1.80191 108.739 0.152242
      vertex 1.68488 109.176 0.413294
      vertex 2 109.218 0.413294
    endloop
  endfacet
  facet normal 0.113411 0.86048 -0.496702
    outer loop
      vertex 218.478 109.785 1.23463
      vertex 218 109.587 0.782477
      vertex 218 109.848 1.23463
    endloop
  endfacet
  facet normal -0.333005 0.801475 -0.496735
    outer loop
      vertex 1.20665 109.374 0.782477
      vertex 1.07612 109.6 1.23463
      vertex 1.58933 109.533 0.782477
    endloop
  endfacet
  facet normal 0.893115 0.369951 -0.255895
    outer loop
      vertex 219.785 108.478 1.23463
      vertex 219.717 108.991 1.73895
      vertex 219.915 108.513 1.73895
    endloop
  endfacet
  facet normal 0.192815 0.464653 -0.864245
    outer loop
      vertex 218.609 109.054 0.413294
      vertex 218.198 108.739 0.152242
      vertex 218.315 109.176 0.413294
    endloop
  endfacet
  facet normal 0.0339822 0.258787 -0.965336
    outer loop
      vertex 218.068 108.252 0.0171108
      vertex 218 108.765 0.152242
      vertex 218.198 108.739 0.152242
    endloop
  endfacet
  facet normal 0.0991658 0.24139 -0.965348
    outer loop
      vertex 218.383 108.663 0.152242
      vertex 218.068 108.252 0.0171108
      vertex 218.198 108.739 0.152242
    endloop
  endfacet
  facet normal 0.258819 0.0342554 -0.965318
    outer loop
      vertex 218.261 108 0.0171108
      vertex 218.252 108.068 0.0171108
      vertex 218.765 108 0.152242
    endloop
  endfacet
  facet normal -0.159238 0.206905 -0.965315
    outer loop
      vertex 1.81541 108.185 0.0171108
      vertex 1.4588 108.541 0.152242
      vertex 1.61732 108.663 0.152242
    endloop
  endfacet
  facet normal 0.159228 -0.20684 -0.965331
    outer loop
      vertex 218.383 1.33717 0.152242
      vertex 218.185 1.81541 0.0171108
      vertex 218.541 1.4588 0.152242
    endloop
  endfacet
  facet normal -0.893109 0.369645 -0.256355
    outer loop
      vertex 0.399795 108.924 1.23463
      vertex 0.215202 108.478 1.23463
      vertex 0.282767 108.991 1.73895
    endloop
  endfacet
  facet normal -0.860522 0.1132 0.496676
    outer loop
      vertex 0.46736 108.411 7.21752
      vertex 0.215202 108.478 6.76537
      vertex 0.413294 108 7.21752
    endloop
  endfacet
  facet normal -0.498922 -0.0656867 -0.864154
    outer loop
      vertex 1.26071 1.80191 0.152242
      vertex 0.782477 2 0.413294
      vertex 1.23463 2 0.152242
    endloop
  endfacet
  facet normal -0.9582 0.12621 -0.256757
    outer loop
      vertex 0.152242 108 1.23463
      vertex 0.0846758 108.513 1.73895
      vertex 0.215202 108.478 1.23463
    endloop
  endfacet
  facet normal 0 -0.500002 -0.866024
    outer loop
      vertex 2 0.782477 0.413294
      vertex 218 1.23463 0.152242
      vertex 218 0.782477 0.413294
    endloop
  endfacet
  facet normal -0 -0.500002 -0.866024
    outer loop
      vertex 218 1.23463 0.152242
      vertex 2 0.782477 0.413294
      vertex 2 1.23463 0.152242
    endloop
  endfacet
  facet normal 0 -0.258817 -0.965926
    outer loop
      vertex 2 1.23463 0.152242
      vertex 218 1.73895 0.0171108
      vertex 218 1.23463 0.152242
    endloop
  endfacet
  facet normal -0 -0.258817 -0.965926
    outer loop
      vertex 218 1.73895 0.0171108
      vertex 2 1.23463 0.152242
      vertex 2 1.73895 0.0171108
    endloop
  endfacet
  facet normal -0.399241 -0.306332 0.864157
    outer loop
      vertex 1.33717 1.61732 7.84776
      vertex 0.945595 1.39124 7.58671
      vertex 1.4588 1.4588 7.84776
    endloop
  endfacet
  facet normal -0.126261 0.958444 0.255818
    outer loop
      vertex 2 109.848 6.76537
      vertex 1.48679 109.915 6.26105
      vertex 1.52177 109.785 6.76537
    endloop
  endfacet
  facet normal 0.258815 -0.034478 0.965311
    outer loop
      vertex 218.261 2 7.98289
      vertex 218.252 1.93244 7.98289
      vertex 218.765 2 7.84776
    endloop
  endfacet
  facet normal -0.656087 -0.271763 0.704056
    outer loop
      vertex 0.823964 1.68488 7.58671
      vertex 0.46736 1.58933 7.21752
      vertex 0.945595 1.39124 7.58671
    endloop
  endfacet
  facet normal 0.704254 0.0925298 0.703892
    outer loop
      vertex 219.533 108.411 7.21752
      vertex 219.218 108 7.58671
      vertex 219.587 108 7.21752
    endloop
  endfacet
  facet normal -0.305779 0.39951 0.864229
    outer loop
      vertex 1.39124 109.054 7.58671
      vertex 1.13908 108.861 7.58671
      vertex 1.4588 108.541 7.84776
    endloop
  endfacet
  facet normal -0.563399 -0.432308 0.704053
    outer loop
      vertex 1.13908 1.13908 7.58671
      vertex 0.625873 1.20665 7.21752
      vertex 0.87803 0.87803 7.21752
    endloop
  endfacet
  facet normal -0.46492 -0.192578 -0.864155
    outer loop
      vertex 0.945595 1.39124 0.413294
      vertex 0.823964 1.68488 0.413294
      vertex 1.26071 1.80191 0.152242
    endloop
  endfacet
  facet normal -0.688543 0.5279 0.497223
    outer loop
      vertex 0.693438 109.307 6.76537
      vertex 0.399795 108.924 6.76537
      vertex 0.625873 108.793 7.21752
    endloop
  endfacet
  facet normal -0.860449 -0.113281 -0.496784
    outer loop
      vertex 0.46736 1.58933 0.782477
      vertex 0.215202 1.52177 1.23463
      vertex 0.413294 2 0.782477
    endloop
  endfacet
  facet normal -0.241096 0.099806 -0.965356
    outer loop
      vertex 1.74784 108.068 0.0171108
      vertex 1.33717 108.383 0.152242
      vertex 1.77392 108.131 0.0171108
    endloop
  endfacet
  facet normal 0.258787 0.0339822 -0.965336
    outer loop
      vertex 218.765 108 0.152242
      vertex 218.252 108.068 0.0171108
      vertex 218.739 108.198 0.152242
    endloop
  endfacet
  facet normal 0.767382 -0.587545 -0.256738
    outer loop
      vertex 219.717 1.00856 1.73895
      vertex 219.307 0.693438 1.23463
      vertex 219.6 1.07612 1.23463
    endloop
  endfacet
  facet normal -0.11328 -0.86045 -0.496783
    outer loop
      vertex 2 0.152242 1.23463
      vertex 1.52177 0.215202 1.23463
      vertex 2 0.413294 0.782477
    endloop
  endfacet
  facet normal -0.766761 -0.588352 -0.256749
    outer loop
      vertex 0.597886 0.597886 1.73895
      vertex 0.282767 1.00856 1.73895
      vertex 0.693438 0.693438 1.23463
    endloop
  endfacet
  facet normal -1 0 0
    outer loop
      vertex 0.0171108 2 1.73895
      vertex 0.0171108 108 6.26105
      vertex 0.0171108 108 1.73895
    endloop
  endfacet
  facet normal -1 -0 0
    outer loop
      vertex 0.0171108 108 6.26105
      vertex 0.0171108 2 1.73895
      vertex 0.0171108 2 6.26105
    endloop
  endfacet
  facet normal -0.991445 -0.130525 0
    outer loop
      vertex 0.0846758 1.48679 1.73895
      vertex 0.0171108 2 6.26105
      vertex 0.0171108 2 1.73895
    endloop
  endfacet
  facet normal -0.991445 -0.130525 0
    outer loop
      vertex 0.0171108 2 6.26105
      vertex 0.0846758 1.48679 1.73895
      vertex 0.0846758 1.48679 6.26105
    endloop
  endfacet
  facet normal -0.192576 -0.464918 0.864156
    outer loop
      vertex 1.61732 1.33717 7.84776
      vertex 1.39124 0.945595 7.58671
      vertex 1.80191 1.26071 7.84776
    endloop
  endfacet
  facet normal 0.958166 0.127008 -0.256489
    outer loop
      vertex 219.983 108 1.73895
      vertex 219.848 108 1.23463
      vertex 219.915 108.513 1.73895
    endloop
  endfacet
  facet normal 0.767034 -0.58834 0.255959
    outer loop
      vertex 219.717 1.00856 6.26105
      vertex 219.307 0.693438 6.76537
      vertex 219.402 0.597886 6.26105
    endloop
  endfacet
  facet normal 0.923941 -0.382536 0
    outer loop
      vertex 219.717 1.00856 6.26105
      vertex 219.915 1.48679 1.73895
      vertex 219.915 1.48679 6.26105
    endloop
  endfacet
  facet normal 0.923941 -0.382536 0
    outer loop
      vertex 219.915 1.48679 1.73895
      vertex 219.717 1.00856 6.26105
      vertex 219.717 1.00856 1.73895
    endloop
  endfacet
  facet normal 0.0657161 -0.498918 0.864154
    outer loop
      vertex 218 1.23463 7.84776
      vertex 218 0.782477 7.58671
      vertex 218.198 1.26071 7.84776
    endloop
  endfacet
  facet normal 0.39951 -0.305779 0.864229
    outer loop
      vertex 219.054 1.39124 7.58671
      vertex 218.541 1.4588 7.84776
      vertex 218.861 1.13908 7.58671
    endloop
  endfacet
  facet normal 0.12621 -0.9582 0.256757
    outer loop
      vertex 218.478 0.215202 6.76537
      vertex 218 0.152242 6.76537
      vertex 218.513 0.0846758 6.26105
    endloop
  endfacet
  facet normal 1 -0 0
    outer loop
      vertex 219.983 2 6.26105
      vertex 219.983 108 1.73895
      vertex 219.983 108 6.26105
    endloop
  endfacet
  facet normal 1 0 0
    outer loop
      vertex 219.983 108 1.73895
      vertex 219.983 2 6.26105
      vertex 219.983 2 1.73895
    endloop
  endfacet
  facet normal 0.0342551 0.258817 0.965319
    outer loop
      vertex 218 108.765 7.84776
      vertex 218 108.261 7.98289
      vertex 218.068 108.252 7.98289
    endloop
  endfacet
  facet normal -0.465129 0.192236 0.864118
    outer loop
      vertex 1.33717 108.383 7.84776
      vertex 0.945595 108.609 7.58671
      vertex 1.26071 108.198 7.84776
    endloop
  endfacet
  facet normal 0.126201 -0.958203 -0.256748
    outer loop
      vertex 218.513 0.0846758 1.73895
      vertex 218 0.0171108 1.73895
      vertex 218 0.152242 1.23463
    endloop
  endfacet
  facet normal 0.370009 -0.892842 0.256761
    outer loop
      vertex 218.991 0.282767 6.26105
      vertex 218.478 0.215202 6.76537
      vertex 218.513 0.0846758 6.26105
    endloop
  endfacet
  facet normal 0.801475 -0.333005 -0.496735
    outer loop
      vertex 219.6 1.07612 1.23463
      vertex 219.374 1.20665 0.782477
      vertex 219.533 1.58933 0.782477
    endloop
  endfacet
  facet normal -0.0340369 -0.258665 0.965367
    outer loop
      vertex 2 1.73895 7.98289
      vertex 1.93244 1.74784 7.98289
      vertex 2 1.23463 7.84776
    endloop
  endfacet
  facet normal 0.860478 0.11341 0.496704
    outer loop
      vertex 219.785 108.478 6.76537
      vertex 219.587 108 7.21752
      vertex 219.848 108 6.76537
    endloop
  endfacet
  facet normal 0.382693 0.923875 -0
    outer loop
      vertex 218.991 109.717 1.73895
      vertex 218.513 109.915 6.26105
      vertex 218.991 109.717 6.26105
    endloop
  endfacet
  facet normal 0.382693 0.923875 0
    outer loop
      vertex 218.513 109.915 6.26105
      vertex 218.991 109.717 1.73895
      vertex 218.513 109.915 1.73895
    endloop
  endfacet
  facet normal 0 0.866066 0.49993
    outer loop
      vertex 218 109.848 6.76537
      vertex 2 109.587 7.21752
      vertex 218 109.587 7.21752
    endloop
  endfacet
  facet normal 0 0.866066 0.49993
    outer loop
      vertex 2 109.587 7.21752
      vertex 218 109.848 6.76537
      vertex 2 109.848 6.76537
    endloop
  endfacet
  facet normal 0.127008 0.958166 0.256489
    outer loop
      vertex 218 109.983 6.26105
      vertex 218 109.848 6.76537
      vertex 218.513 109.915 6.26105
    endloop
  endfacet
  facet normal -0 0.707289 0.706925
    outer loop
      vertex 2 109.587 7.21752
      vertex 218 109.218 7.58671
      vertex 218 109.587 7.21752
    endloop
  endfacet
  facet normal 0 0.707289 0.706925
    outer loop
      vertex 218 109.218 7.58671
      vertex 2 109.587 7.21752
      vertex 2 109.218 7.58671
    endloop
  endfacet
  facet normal -0.563548 0.432691 -0.703699
    outer loop
      vertex 0.945595 108.609 0.413294
      vertex 0.625873 108.793 0.782477
      vertex 1.13908 108.861 0.413294
    endloop
  endfacet
  facet normal -0.76712 0.588145 -0.256147
    outer loop
      vertex 0.399795 108.924 1.23463
      vertex 0.282767 108.991 1.73895
      vertex 0.693438 109.307 1.23463
    endloop
  endfacet
  facet normal 0.305808 0.399293 -0.864319
    outer loop
      vertex 218.861 108.861 0.413294
      vertex 218.541 108.541 0.152242
      vertex 218.609 109.054 0.413294
    endloop
  endfacet
  facet normal 0.370343 0.892827 -0.256333
    outer loop
      vertex 218.924 109.6 1.23463
      vertex 218.478 109.785 1.23463
      vertex 218.991 109.717 1.73895
    endloop
  endfacet
  facet normal 0.655514 0.272845 -0.704171
    outer loop
      vertex 219.533 108.411 0.782477
      vertex 219.054 108.609 0.413294
      vertex 219.374 108.793 0.782477
    endloop
  endfacet
  facet normal 0.587334 0.767744 -0.256142
    outer loop
      vertex 219.307 109.307 1.23463
      vertex 218.924 109.6 1.23463
      vertex 218.991 109.717 1.73895
    endloop
  endfacet
  facet normal 0.241132 0.0995149 -0.965377
    outer loop
      vertex 218.252 108.068 0.0171108
      vertex 218.226 108.131 0.0171108
      vertex 218.663 108.383 0.152242
    endloop
  endfacet
  facet normal 0.191458 0.46605 -0.863794
    outer loop
      vertex 218.383 108.663 0.152242
      vertex 218.198 108.739 0.152242
      vertex 218.609 109.054 0.413294
    endloop
  endfacet
  facet normal 0.113081 0.860675 -0.496439
    outer loop
      vertex 218.411 109.533 0.782477
      vertex 218 109.587 0.782477
      vertex 218.478 109.785 1.23463
    endloop
  endfacet
  facet normal 0.333446 0.80111 -0.497027
    outer loop
      vertex 218.793 109.374 0.782477
      vertex 218.411 109.533 0.782477
      vertex 218.924 109.6 1.23463
    endloop
  endfacet
  facet normal -0.307197 0.399154 -0.86389
    outer loop
      vertex 1.4588 108.541 0.152242
      vertex 1.39124 109.054 0.413294
      vertex 1.61732 108.663 0.152242
    endloop
  endfacet
  facet normal -0.241187 0.0996821 -0.965346
    outer loop
      vertex 1.74784 108.068 0.0171108
      vertex 1.26071 108.198 0.152242
      vertex 1.33717 108.383 0.152242
    endloop
  endfacet
  facet normal -0.258699 0.0340751 -0.965357
    outer loop
      vertex 1.74784 108.068 0.0171108
      vertex 1.23463 108 0.152242
      vertex 1.26071 108.198 0.152242
    endloop
  endfacet
  facet normal -0.0998338 -0.241048 -0.965365
    outer loop
      vertex 1.93244 1.74784 0.0171108
      vertex 1.61732 1.33717 0.152242
      vertex 1.86947 1.77392 0.0171108
    endloop
  endfacet
  facet normal 0.0996821 -0.241187 -0.965346
    outer loop
      vertex 218.198 1.26071 0.152242
      vertex 218.068 1.74784 0.0171108
      vertex 218.383 1.33717 0.152242
    endloop
  endfacet
  facet normal -0.587545 0.767382 0.256738
    outer loop
      vertex 1.00856 109.717 6.26105
      vertex 0.693438 109.307 6.76537
      vertex 1.07612 109.6 6.76537
    endloop
  endfacet
  facet normal -0.76712 0.588145 0.256147
    outer loop
      vertex 0.693438 109.307 6.76537
      vertex 0.282767 108.991 6.26105
      vertex 0.399795 108.924 6.76537
    endloop
  endfacet
  facet normal -0.563395 -0.432299 -0.704062
    outer loop
      vertex 1.13908 1.13908 0.413294
      vertex 0.625873 1.20665 0.782477
      vertex 0.945595 1.39124 0.413294
    endloop
  endfacet
  facet normal -0.892911 -0.369853 -0.256747
    outer loop
      vertex 0.282767 1.00856 1.73895
      vertex 0.215202 1.52177 1.23463
      vertex 0.399795 1.07612 1.23463
    endloop
  endfacet
  facet normal -0.272359 0.655511 -0.704362
    outer loop
      vertex 1.39124 109.054 0.413294
      vertex 1.20665 109.374 0.782477
      vertex 1.58933 109.533 0.782477
    endloop
  endfacet
  facet normal -0.0653946 0.498232 -0.864574
    outer loop
      vertex 2 108.765 0.152242
      vertex 1.80191 108.739 0.152242
      vertex 2 109.218 0.413294
    endloop
  endfacet
  facet normal 0.09272 -0.703999 -0.704122
    outer loop
      vertex 218.411 0.46736 0.782477
      vertex 218 0.782477 0.413294
      vertex 218.315 0.823964 0.413294
    endloop
  endfacet
  facet normal -0.25867 -0.0340557 -0.965365
    outer loop
      vertex 1.26071 1.80191 0.152242
      vertex 1.23463 2 0.152242
      vertex 1.74784 1.93244 0.0171108
    endloop
  endfacet
  facet normal -0.58834 0.767034 -0.255959
    outer loop
      vertex 0.693438 109.307 1.23463
      vertex 0.597886 109.402 1.73895
      vertex 1.00856 109.717 1.73895
    endloop
  endfacet
  facet normal -0.3698 0.89318 0.255887
    outer loop
      vertex 1.48679 109.915 6.26105
      vertex 1.00856 109.717 6.26105
      vertex 1.52177 109.785 6.76537
    endloop
  endfacet
  facet normal -0.382536 0.923941 0
    outer loop
      vertex 1.48679 109.915 1.73895
      vertex 1.00856 109.717 6.26105
      vertex 1.48679 109.915 6.26105
    endloop
  endfacet
  facet normal -0.382536 0.923941 0
    outer loop
      vertex 1.00856 109.717 6.26105
      vertex 1.48679 109.915 1.73895
      vertex 1.00856 109.717 1.73895
    endloop
  endfacet
  facet normal -0.113356 0.860484 0.496707
    outer loop
      vertex 2 109.848 6.76537
      vertex 1.52177 109.785 6.76537
      vertex 2 109.587 7.21752
    endloop
  endfacet
  facet normal -0.370551 0.892628 0.256726
    outer loop
      vertex 1.52177 109.785 6.76537
      vertex 1.00856 109.717 6.26105
      vertex 1.07612 109.6 6.76537
    endloop
  endfacet
  facet normal -0.704074 0.0926191 0.704061
    outer loop
      vertex 0.46736 108.411 7.21752
      vertex 0.413294 108 7.21752
      vertex 0.782477 108 7.58671
    endloop
  endfacet
  facet normal -0.563684 0.432027 0.703998
    outer loop
      vertex 0.87803 109.122 7.21752
      vertex 0.625873 108.793 7.21752
      vertex 1.13908 108.861 7.58671
    endloop
  endfacet
  facet normal -0.688676 0.527825 0.497118
    outer loop
      vertex 0.693438 109.307 6.76537
      vertex 0.625873 108.793 7.21752
      vertex 0.87803 109.122 7.21752
    endloop
  endfacet
  facet normal -0.499999 0 0.866026
    outer loop
      vertex 0.782477 108 7.58671
      vertex 1.23463 2 7.84776
      vertex 1.23463 108 7.84776
    endloop
  endfacet
  facet normal -0.499999 0 0.866026
    outer loop
      vertex 1.23463 2 7.84776
      vertex 0.782477 108 7.58671
      vertex 0.782477 2 7.58671
    endloop
  endfacet
  facet normal -0 0.258969 0.965886
    outer loop
      vertex 2 108.765 7.84776
      vertex 218 108.261 7.98289
      vertex 218 108.765 7.84776
    endloop
  endfacet
  facet normal 0 0.258969 0.965886
    outer loop
      vertex 218 108.261 7.98289
      vertex 2 108.765 7.84776
      vertex 2 108.261 7.98289
    endloop
  endfacet
  facet normal -0.158849 -0.206974 0.965365
    outer loop
      vertex 1.81541 1.81541 7.98289
      vertex 1.61732 1.33717 7.84776
      vertex 1.86947 1.77392 7.98289
    endloop
  endfacet
  facet normal -0.034478 0.258815 0.965311
    outer loop
      vertex 2 108.765 7.84776
      vertex 1.93244 108.252 7.98289
      vertex 2 108.261 7.98289
    endloop
  endfacet
  facet normal -0.241046 -0.099833 0.965365
    outer loop
      vertex 1.74784 1.93244 7.98289
      vertex 1.33717 1.61732 7.84776
      vertex 1.77392 1.86947 7.98289
    endloop
  endfacet
  facet normal -0.432299 -0.563395 -0.704062
    outer loop
      vertex 1.20665 0.625873 0.782477
      vertex 1.13908 1.13908 0.413294
      vertex 1.39124 0.945595 0.413294
    endloop
  endfacet
  facet normal 0.24139 0.0991658 -0.965348
    outer loop
      vertex 218.739 108.198 0.152242
      vertex 218.252 108.068 0.0171108
      vertex 218.663 108.383 0.152242
    endloop
  endfacet
  facet normal -0.892907 -0.369858 -0.256752
    outer loop
      vertex 0.282767 1.00856 1.73895
      vertex 0.0846758 1.48679 1.73895
      vertex 0.215202 1.52177 1.23463
    endloop
  endfacet
  facet normal -0.860444 0.113334 -0.49678
    outer loop
      vertex 0.413294 108 0.782477
      vertex 0.152242 108 1.23463
      vertex 0.215202 108.478 1.23463
    endloop
  endfacet
  facet normal 0.258817 -0.0344782 -0.965311
    outer loop
      vertex 218.765 2 0.152242
      vertex 218.252 1.93244 0.0171108
      vertex 218.261 2 0.0171108
    endloop
  endfacet
  facet normal 0.159647 0.206756 -0.96528
    outer loop
      vertex 218.541 108.541 0.152242
      vertex 218.185 108.185 0.0171108
      vertex 218.383 108.663 0.152242
    endloop
  endfacet
  facet normal -0.33212 -0.801813 -0.496782
    outer loop
      vertex 1.52177 0.215202 1.23463
      vertex 1.07612 0.399795 1.23463
      vertex 1.58933 0.46736 0.782477
    endloop
  endfacet
  facet normal -0.332124 -0.801809 -0.496786
    outer loop
      vertex 1.58933 0.46736 0.782477
      vertex 1.07612 0.399795 1.23463
      vertex 1.20665 0.625873 0.782477
    endloop
  endfacet
  facet normal -0.688529 -0.528328 -0.496787
    outer loop
      vertex 0.693438 0.693438 1.23463
      vertex 0.399795 1.07612 1.23463
      vertex 0.625873 1.20665 0.782477
    endloop
  endfacet
  facet normal -0.588356 -0.766759 -0.256745
    outer loop
      vertex 1.00856 0.282767 1.73895
      vertex 0.693438 0.693438 1.23463
      vertex 1.07612 0.399795 1.23463
    endloop
  endfacet
  facet normal -0.0656853 -0.498922 -0.864154
    outer loop
      vertex 2 0.782477 0.413294
      vertex 1.68488 0.823964 0.413294
      vertex 1.80191 1.26071 0.152242
    endloop
  endfacet
  facet normal -0.271761 -0.656081 -0.704062
    outer loop
      vertex 1.58933 0.46736 0.782477
      vertex 1.39124 0.945595 0.413294
      vertex 1.68488 0.823964 0.413294
    endloop
  endfacet
  facet normal -0.95821 -0.12615 -0.25675
    outer loop
      vertex 0.0846758 1.48679 1.73895
      vertex 0.0171108 2 1.73895
      vertex 0.152242 2 1.23463
    endloop
  endfacet
  facet normal -0.965926 0 -0.258817
    outer loop
      vertex 0.152242 2 1.23463
      vertex 0.0171108 108 1.73895
      vertex 0.152242 108 1.23463
    endloop
  endfacet
  facet normal -0.965926 -0 -0.258817
    outer loop
      vertex 0.0171108 108 1.73895
      vertex 0.152242 2 1.23463
      vertex 0.0171108 2 1.73895
    endloop
  endfacet
  facet normal -0.965926 0 0.258817
    outer loop
      vertex 0.0171108 2 6.26105
      vertex 0.152242 108 6.76537
      vertex 0.0171108 108 6.26105
    endloop
  endfacet
  facet normal -0.965926 0 0.258817
    outer loop
      vertex 0.152242 108 6.76537
      vertex 0.0171108 2 6.26105
      vertex 0.152242 2 6.76537
    endloop
  endfacet
  facet normal 0.206754 0.159646 0.96528
    outer loop
      vertex 218.541 108.541 7.84776
      vertex 218.185 108.185 7.98289
      vertex 218.663 108.383 7.84776
    endloop
  endfacet
  facet normal -0.498918 0.0657161 0.864154
    outer loop
      vertex 1.26071 108.198 7.84776
      vertex 0.782477 108 7.58671
      vertex 1.23463 108 7.84776
    endloop
  endfacet
  facet normal -0.432303 -0.5634 0.704056
    outer loop
      vertex 1.39124 0.945595 7.58671
      vertex 1.13908 1.13908 7.58671
      vertex 1.20665 0.625873 7.21752
    endloop
  endfacet
  facet normal -0.271763 -0.656087 0.704056
    outer loop
      vertex 1.68488 0.823964 7.58671
      vertex 1.39124 0.945595 7.58671
      vertex 1.58933 0.46736 7.21752
    endloop
  endfacet
  facet normal -0.0340555 -0.258667 0.965366
    outer loop
      vertex 1.93244 1.74784 7.98289
      vertex 1.80191 1.26071 7.84776
      vertex 2 1.23463 7.84776
    endloop
  endfacet
  facet normal -0.306332 -0.399241 0.864157
    outer loop
      vertex 1.4588 1.4588 7.84776
      vertex 1.39124 0.945595 7.58671
      vertex 1.61732 1.33717 7.84776
    endloop
  endfacet
  facet normal 0.860485 -0.113357 -0.496705
    outer loop
      vertex 219.785 1.52177 1.23463
      vertex 219.587 2 0.782477
      vertex 219.848 2 1.23463
    endloop
  endfacet
  facet normal 0.860675 0.113081 -0.496439
    outer loop
      vertex 219.587 108 0.782477
      vertex 219.533 108.411 0.782477
      vertex 219.785 108.478 1.23463
    endloop
  endfacet
  facet normal 0.332564 -0.801446 -0.497078
    outer loop
      vertex 218.924 0.399795 1.23463
      vertex 218.411 0.46736 0.782477
      vertex 218.793 0.625873 0.782477
    endloop
  endfacet
  facet normal 0.12621 -0.9582 -0.256757
    outer loop
      vertex 218.513 0.0846758 1.73895
      vertex 218 0.152242 1.23463
      vertex 218.478 0.215202 1.23463
    endloop
  endfacet
  facet normal 0.06571 -0.498919 -0.864154
    outer loop
      vertex 218.315 0.823964 0.413294
      vertex 218 0.782477 0.413294
      vertex 218.198 1.26071 0.152242
    endloop
  endfacet
  facet normal 0.271406 -0.656027 -0.704249
    outer loop
      vertex 218.411 0.46736 0.782477
      vertex 218.315 0.823964 0.413294
      vertex 218.609 0.945595 0.413294
    endloop
  endfacet
  facet normal 0.331961 -0.80206 0.496489
    outer loop
      vertex 218.924 0.399795 6.76537
      vertex 218.411 0.46736 7.21752
      vertex 218.478 0.215202 6.76537
    endloop
  endfacet
  facet normal 0.498229 -0.0653942 0.864576
    outer loop
      vertex 218.765 2 7.84776
      vertex 218.739 1.80191 7.84776
      vertex 219.218 2 7.58671
    endloop
  endfacet
  facet normal 0 -0.866023 0.500004
    outer loop
      vertex 2 0.152242 6.76537
      vertex 218 0.413294 7.21752
      vertex 2 0.413294 7.21752
    endloop
  endfacet
  facet normal 0 -0.866023 0.500004
    outer loop
      vertex 218 0.413294 7.21752
      vertex 2 0.152242 6.76537
      vertex 218 0.152242 6.76537
    endloop
  endfacet
  facet normal -0.12615 -0.95821 0.25675
    outer loop
      vertex 1.52177 0.215202 6.76537
      vertex 1.48679 0.0846758 6.26105
      vertex 2 0.152242 6.76537
    endloop
  endfacet
  facet normal 0.958444 -0.126261 0.255818
    outer loop
      vertex 219.848 2 6.76537
      vertex 219.785 1.52177 6.76537
      vertex 219.915 1.48679 6.26105
    endloop
  endfacet
  facet normal 0.271408 -0.656033 0.704243
    outer loop
      vertex 218.609 0.945595 7.58671
      vertex 218.315 0.823964 7.58671
      vertex 218.411 0.46736 7.21752
    endloop
  endfacet
  facet normal -0.369858 -0.892907 0.256752
    outer loop
      vertex 1.52177 0.215202 6.76537
      vertex 1.00856 0.282767 6.26105
      vertex 1.48679 0.0846758 6.26105
    endloop
  endfacet
  facet normal 0.258785 0.0339819 0.965337
    outer loop
      vertex 218.739 108.198 7.84776
      vertex 218.252 108.068 7.98289
      vertex 218.765 108 7.84776
    endloop
  endfacet
  facet normal 0.0991649 0.241388 0.965349
    outer loop
      vertex 218.198 108.739 7.84776
      vertex 218.068 108.252 7.98289
      vertex 218.383 108.663 7.84776
    endloop
  endfacet
  facet normal 0.099514 0.24113 0.965377
    outer loop
      vertex 218.383 108.663 7.84776
      vertex 218.068 108.252 7.98289
      vertex 218.131 108.226 7.98289
    endloop
  endfacet
  facet normal 0.498526 -0.0664448 0.864325
    outer loop
      vertex 219.218 2 7.58671
      vertex 218.739 1.80191 7.84776
      vertex 219.176 1.68488 7.58671
    endloop
  endfacet
  facet normal 0 -1 0
    outer loop
      vertex 2 0.0171108 1.73895
      vertex 218 0.0171108 6.26105
      vertex 2 0.0171108 6.26105
    endloop
  endfacet
  facet normal 0 -1 -0
    outer loop
      vertex 218 0.0171108 6.26105
      vertex 2 0.0171108 1.73895
      vertex 218 0.0171108 1.73895
    endloop
  endfacet
  facet normal 0 -0.965926 -0.258817
    outer loop
      vertex 2 0.152242 1.23463
      vertex 218 0.0171108 1.73895
      vertex 2 0.0171108 1.73895
    endloop
  endfacet
  facet normal 0 -0.965926 -0.258817
    outer loop
      vertex 218 0.0171108 1.73895
      vertex 2 0.152242 1.23463
      vertex 218 0.152242 1.23463
    endloop
  endfacet
  facet normal 0.608455 -0.793589 0
    outer loop
      vertex 218.991 0.282767 1.73895
      vertex 219.402 0.597886 6.26105
      vertex 218.991 0.282767 6.26105
    endloop
  endfacet
  facet normal 0.608455 -0.793589 0
    outer loop
      vertex 219.402 0.597886 6.26105
      vertex 218.991 0.282767 1.73895
      vertex 219.402 0.597886 1.73895
    endloop
  endfacet
  facet normal 0.892628 -0.370551 0.256726
    outer loop
      vertex 219.785 1.52177 6.76537
      vertex 219.6 1.07612 6.76537
      vertex 219.717 1.00856 6.26105
    endloop
  endfacet
  facet normal 0.588145 -0.76712 0.256147
    outer loop
      vertex 219.307 0.693438 6.76537
      vertex 218.924 0.399795 6.76537
      vertex 218.991 0.282767 6.26105
    endloop
  endfacet
  facet normal 0.498228 0.0654238 0.864574
    outer loop
      vertex 219.218 108 7.58671
      vertex 218.739 108.198 7.84776
      vertex 218.765 108 7.84776
    endloop
  endfacet
  facet normal 0.965989 -0 0.258583
    outer loop
      vertex 219.848 2 6.76537
      vertex 219.983 108 6.26105
      vertex 219.848 108 6.76537
    endloop
  endfacet
  facet normal 0.965989 0 0.258583
    outer loop
      vertex 219.983 108 6.26105
      vertex 219.848 2 6.76537
      vertex 219.983 2 6.26105
    endloop
  endfacet
  facet normal 0.60831 0.7937 -0
    outer loop
      vertex 219.402 109.402 1.73895
      vertex 218.991 109.717 6.26105
      vertex 219.402 109.402 6.26105
    endloop
  endfacet
  facet normal 0.60831 0.7937 0
    outer loop
      vertex 218.991 109.717 6.26105
      vertex 219.402 109.402 1.73895
      vertex 218.991 109.717 1.73895
    endloop
  endfacet
  facet normal 0 0.965989 -0.258583
    outer loop
      vertex 218 109.848 1.23463
      vertex 2 109.983 1.73895
      vertex 218 109.983 1.73895
    endloop
  endfacet
  facet normal 0 0.965989 -0.258583
    outer loop
      vertex 2 109.983 1.73895
      vertex 218 109.848 1.23463
      vertex 2 109.848 1.23463
    endloop
  endfacet
  facet normal 0 0.866067 -0.499927
    outer loop
      vertex 218 109.587 0.782477
      vertex 2 109.848 1.23463
      vertex 218 109.848 1.23463
    endloop
  endfacet
  facet normal 0 0.866067 -0.499927
    outer loop
      vertex 2 109.848 1.23463
      vertex 218 109.587 0.782477
      vertex 2 109.587 0.782477
    endloop
  endfacet
  facet normal -0.126957 0.958172 -0.25649
    outer loop
      vertex 2 109.848 1.23463
      vertex 1.48679 109.915 1.73895
      vertex 2 109.983 1.73895
    endloop
  endfacet
  facet normal 0.0654242 0.498231 -0.864573
    outer loop
      vertex 218.198 108.739 0.152242
      vertex 218 108.765 0.152242
      vertex 218 109.218 0.413294
    endloop
  endfacet
  facet normal -0.113162 0.8606 -0.49655
    outer loop
      vertex 1.58933 109.533 0.782477
      vertex 1.52177 109.785 1.23463
      vertex 2 109.587 0.782477
    endloop
  endfacet
  facet normal 0.527185 0.689119 -0.497182
    outer loop
      vertex 219.307 109.307 1.23463
      vertex 218.793 109.374 0.782477
      vertex 218.924 109.6 1.23463
    endloop
  endfacet
  facet normal 0.801934 0.332641 0.496238
    outer loop
      vertex 219.6 108.924 6.76537
      vertex 219.533 108.411 7.21752
      vertex 219.785 108.478 6.76537
    endloop
  endfacet
  facet normal 0.46605 0.191458 -0.863794
    outer loop
      vertex 218.739 108.198 0.152242
      vertex 218.663 108.383 0.152242
      vertex 219.054 108.609 0.413294
    endloop
  endfacet
  facet normal 0.498231 0.0654242 -0.864573
    outer loop
      vertex 218.765 108 0.152242
      vertex 218.739 108.198 0.152242
      vertex 219.218 108 0.413294
    endloop
  endfacet
  facet normal 0.866067 0 -0.499927
    outer loop
      vertex 219.848 2 1.23463
      vertex 219.587 108 0.782477
      vertex 219.848 108 1.23463
    endloop
  endfacet
  facet normal 0.866067 0 -0.499927
    outer loop
      vertex 219.587 108 0.782477
      vertex 219.848 2 1.23463
      vertex 219.587 2 0.782477
    endloop
  endfacet
  facet normal 0.0340751 -0.258699 -0.965357
    outer loop
      vertex 218.198 1.26071 0.152242
      vertex 218 1.23463 0.152242
      vertex 218.068 1.74784 0.0171108
    endloop
  endfacet
  facet normal -0.157495 0.207663 -0.965439
    outer loop
      vertex 1.81541 108.185 0.0171108
      vertex 1.61732 108.663 0.152242
      vertex 1.86947 108.226 0.0171108
    endloop
  endfacet
  facet normal 0.157642 0.207627 -0.965422
    outer loop
      vertex 218.185 108.185 0.0171108
      vertex 218.131 108.226 0.0171108
      vertex 218.383 108.663 0.152242
    endloop
  endfacet
  facet normal 0.099806 -0.241096 -0.965356
    outer loop
      vertex 218.383 1.33717 0.152242
      vertex 218.068 1.74784 0.0171108
      vertex 218.131 1.77392 0.0171108
    endloop
  endfacet
  facet normal -0.0926026 0.704243 -0.703894
    outer loop
      vertex 2 109.218 0.413294
      vertex 1.58933 109.533 0.782477
      vertex 2 109.587 0.782477
    endloop
  endfacet
  facet normal 0.0342554 0.258819 -0.965318
    outer loop
      vertex 218.068 108.252 0.0171108
      vertex 218 108.261 0.0171108
      vertex 218 108.765 0.152242
    endloop
  endfacet
  facet normal -0.0995427 0.241085 -0.965386
    outer loop
      vertex 1.86947 108.226 0.0171108
      vertex 1.61732 108.663 0.152242
      vertex 1.93244 108.252 0.0171108
    endloop
  endfacet
  facet normal -0.398851 0.30704 -0.864086
    outer loop
      vertex 1.33717 108.383 0.152242
      vertex 0.945595 108.609 0.413294
      vertex 1.4588 108.541 0.152242
    endloop
  endfacet
  facet normal -0.703999 0.09272 -0.704122
    outer loop
      vertex 0.782477 108 0.413294
      vertex 0.46736 108.411 0.782477
      vertex 0.823964 108.315 0.413294
    endloop
  endfacet
  facet normal -0.656084 0.272246 -0.703872
    outer loop
      vertex 0.945595 108.609 0.413294
      vertex 0.46736 108.411 0.782477
      vertex 0.625873 108.793 0.782477
    endloop
  endfacet
  facet normal -0.498921 0.0657165 -0.864152
    outer loop
      vertex 1.23463 108 0.152242
      vertex 0.782477 108 0.413294
      vertex 1.26071 108.198 0.152242
    endloop
  endfacet
  facet normal -0.892842 0.370009 -0.256761
    outer loop
      vertex 0.215202 108.478 1.23463
      vertex 0.0846758 108.513 1.73895
      vertex 0.282767 108.991 1.73895
    endloop
  endfacet
  facet normal -0.958203 0.126201 0.256748
    outer loop
      vertex 0.0846758 108.513 6.26105
      vertex 0.0171108 108 6.26105
      vertex 0.152242 108 6.76537
    endloop
  endfacet
  facet normal -0.802062 0.331962 -0.496486
    outer loop
      vertex 0.46736 108.411 0.782477
      vertex 0.215202 108.478 1.23463
      vertex 0.399795 108.924 1.23463
    endloop
  endfacet
  facet normal -0.801446 0.332564 -0.497078
    outer loop
      vertex 0.46736 108.411 0.782477
      vertex 0.399795 108.924 1.23463
      vertex 0.625873 108.793 0.782477
    endloop
  endfacet
  facet normal -0.370551 0.892628 -0.256726
    outer loop
      vertex 1.07612 109.6 1.23463
      vertex 1.00856 109.717 1.73895
      vertex 1.52177 109.785 1.23463
    endloop
  endfacet
  facet normal -0.332799 0.801686 -0.496533
    outer loop
      vertex 1.58933 109.533 0.782477
      vertex 1.07612 109.6 1.23463
      vertex 1.52177 109.785 1.23463
    endloop
  endfacet
  facet normal 0 0.4993 -0.866429
    outer loop
      vertex 2 108.765 0.152242
      vertex 218 109.218 0.413294
      vertex 218 108.765 0.152242
    endloop
  endfacet
  facet normal 0 0.4993 -0.866429
    outer loop
      vertex 218 109.218 0.413294
      vertex 2 108.765 0.152242
      vertex 2 109.218 0.413294
    endloop
  endfacet
  facet normal -0.431453 0.563705 -0.704333
    outer loop
      vertex 1.39124 109.054 0.413294
      vertex 1.13908 108.861 0.413294
      vertex 1.20665 109.374 0.782477
    endloop
  endfacet
  facet normal 0.0657165 -0.498921 -0.864152
    outer loop
      vertex 218.198 1.26071 0.152242
      vertex 218 0.782477 0.413294
      vertex 218 1.23463 0.152242
    endloop
  endfacet
  facet normal -0.258667 -0.0340372 -0.965367
    outer loop
      vertex 1.74784 1.93244 0.0171108
      vertex 1.23463 2 0.152242
      vertex 1.73895 2 0.0171108
    endloop
  endfacet
  facet normal 0.46584 -0.191797 -0.863832
    outer loop
      vertex 219.054 1.39124 0.413294
      vertex 218.663 1.61732 0.152242
      vertex 218.739 1.80191 0.152242
    endloop
  endfacet
  facet normal 0.527826 -0.688677 -0.497115
    outer loop
      vertex 219.307 0.693438 1.23463
      vertex 218.793 0.625873 0.782477
      vertex 219.122 0.87803 0.782477
    endloop
  endfacet
  facet normal -0.767115 0.588157 -0.256136
    outer loop
      vertex 0.693438 109.307 1.23463
      vertex 0.282767 108.991 1.73895
      vertex 0.597886 109.402 1.73895
    endloop
  endfacet
  facet normal -0.332798 0.801685 0.496535
    outer loop
      vertex 1.52177 109.785 6.76537
      vertex 1.07612 109.6 6.76537
      vertex 1.58933 109.533 7.21752
    endloop
  endfacet
  facet normal -0.527611 0.689104 0.496752
    outer loop
      vertex 1.07612 109.6 6.76537
      vertex 0.693438 109.307 6.76537
      vertex 1.20665 109.374 7.21752
    endloop
  endfacet
  facet normal -0.80206 0.331961 0.496489
    outer loop
      vertex 0.399795 108.924 6.76537
      vertex 0.215202 108.478 6.76537
      vertex 0.46736 108.411 7.21752
    endloop
  endfacet
  facet normal -0.793589 0.608455 0
    outer loop
      vertex 0.282767 108.991 1.73895
      vertex 0.597886 109.402 6.26105
      vertex 0.597886 109.402 1.73895
    endloop
  endfacet
  facet normal -0.793589 0.608455 0
    outer loop
      vertex 0.597886 109.402 6.26105
      vertex 0.282767 108.991 1.73895
      vertex 0.282767 108.991 6.26105
    endloop
  endfacet
  facet normal -0.0926035 0.70425 0.703887
    outer loop
      vertex 2 109.587 7.21752
      vertex 1.58933 109.533 7.21752
      vertex 2 109.218 7.58671
    endloop
  endfacet
  facet normal 0.158997 -0.206938 0.965348
    outer loop
      vertex 218.185 1.81541 7.98289
      vertex 218.131 1.77392 7.98289
      vertex 218.383 1.33717 7.84776
    endloop
  endfacet
  facet normal 0.369951 0.893115 0.255895
    outer loop
      vertex 218.513 109.915 6.26105
      vertex 218.478 109.785 6.76537
      vertex 218.991 109.717 6.26105
    endloop
  endfacet
  facet normal 0.801109 0.333446 0.49703
    outer loop
      vertex 219.6 108.924 6.76537
      vertex 219.374 108.793 7.21752
      vertex 219.533 108.411 7.21752
    endloop
  endfacet
  facet normal -0.206987 -0.158818 0.965367
    outer loop
      vertex 1.81541 1.81541 7.98289
      vertex 1.33717 1.61732 7.84776
      vertex 1.4588 1.4588 7.84776
    endloop
  endfacet
  facet normal -0.464917 -0.192577 0.864156
    outer loop
      vertex 1.26071 1.80191 7.84776
      vertex 0.823964 1.68488 7.58671
      vertex 0.945595 1.39124 7.58671
    endloop
  endfacet
  facet normal -0.130525 -0.991445 0
    outer loop
      vertex 1.48679 0.0846758 1.73895
      vertex 2 0.0171108 6.26105
      vertex 1.48679 0.0846758 6.26105
    endloop
  endfacet
  facet normal -0.130525 -0.991445 -0
    outer loop
      vertex 2 0.0171108 6.26105
      vertex 1.48679 0.0846758 1.73895
      vertex 2 0.0171108 1.73895
    endloop
  endfacet
  facet normal -0.192577 -0.464921 -0.864154
    outer loop
      vertex 1.80191 1.26071 0.152242
      vertex 1.39124 0.945595 0.413294
      vertex 1.61732 1.33717 0.152242
    endloop
  endfacet
  facet normal -0.271761 -0.656081 -0.704062
    outer loop
      vertex 1.58933 0.46736 0.782477
      vertex 1.20665 0.625873 0.782477
      vertex 1.39124 0.945595 0.413294
    endloop
  endfacet
  facet normal -0.801809 -0.332124 -0.496786
    outer loop
      vertex 0.625873 1.20665 0.782477
      vertex 0.399795 1.07612 1.23463
      vertex 0.46736 1.58933 0.782477
    endloop
  endfacet
  facet normal -0.399241 -0.306342 -0.864153
    outer loop
      vertex 1.13908 1.13908 0.413294
      vertex 0.945595 1.39124 0.413294
      vertex 1.4588 1.4588 0.152242
    endloop
  endfacet
  facet normal 0.158999 -0.20694 -0.965347
    outer loop
      vertex 218.383 1.33717 0.152242
      vertex 218.131 1.77392 0.0171108
      vertex 218.185 1.81541 0.0171108
    endloop
  endfacet
  facet normal -0.206976 -0.15885 -0.965364
    outer loop
      vertex 1.81541 1.81541 0.0171108
      vertex 1.33717 1.61732 0.152242
      vertex 1.77392 1.86947 0.0171108
    endloop
  endfacet
  facet normal -0.528328 -0.688529 -0.496787
    outer loop
      vertex 1.07612 0.399795 1.23463
      vertex 0.693438 0.693438 1.23463
      vertex 1.20665 0.625873 0.782477
    endloop
  endfacet
  facet normal -0.306342 -0.399241 -0.864153
    outer loop
      vertex 1.39124 0.945595 0.413294
      vertex 1.13908 1.13908 0.413294
      vertex 1.4588 1.4588 0.152242
    endloop
  endfacet
  facet normal -0.0926921 -0.704063 -0.704063
    outer loop
      vertex 2 0.413294 0.782477
      vertex 1.58933 0.46736 0.782477
      vertex 2 0.782477 0.413294
    endloop
  endfacet
  facet normal -0.113281 -0.860449 -0.496784
    outer loop
      vertex 2 0.413294 0.782477
      vertex 1.52177 0.215202 1.23463
      vertex 1.58933 0.46736 0.782477
    endloop
  endfacet
  facet normal -0.0340557 -0.25867 -0.965365
    outer loop
      vertex 2 1.23463 0.152242
      vertex 1.80191 1.26071 0.152242
      vertex 1.93244 1.74784 0.0171108
    endloop
  endfacet
  facet normal -0.0656867 -0.498922 -0.864154
    outer loop
      vertex 2 0.782477 0.413294
      vertex 1.80191 1.26071 0.152242
      vertex 2 1.23463 0.152242
    endloop
  endfacet
  facet normal -0.86045 -0.11328 -0.496783
    outer loop
      vertex 0.215202 1.52177 1.23463
      vertex 0.152242 2 1.23463
      vertex 0.413294 2 0.782477
    endloop
  endfacet
  facet normal -0.801813 -0.33212 -0.496782
    outer loop
      vertex 0.399795 1.07612 1.23463
      vertex 0.215202 1.52177 1.23463
      vertex 0.46736 1.58933 0.782477
    endloop
  endfacet
  facet normal -0.866023 0 0.500004
    outer loop
      vertex 0.152242 2 6.76537
      vertex 0.413294 108 7.21752
      vertex 0.152242 108 6.76537
    endloop
  endfacet
  facet normal -0.866023 0 0.500004
    outer loop
      vertex 0.413294 108 7.21752
      vertex 0.152242 2 6.76537
      vertex 0.413294 2 7.21752
    endloop
  endfacet
  facet normal -0.398849 0.307038 0.864087
    outer loop
      vertex 1.4588 108.541 7.84776
      vertex 0.945595 108.609 7.58671
      vertex 1.33717 108.383 7.84776
    endloop
  endfacet
  facet normal -0.206838 0.159226 0.965331
    outer loop
      vertex 1.4588 108.541 7.84776
      vertex 1.33717 108.383 7.84776
      vertex 1.81541 108.185 7.98289
    endloop
  endfacet
  facet normal -0.241185 0.0996813 0.965346
    outer loop
      vertex 1.33717 108.383 7.84776
      vertex 1.26071 108.198 7.84776
      vertex 1.74784 108.068 7.98289
    endloop
  endfacet
  facet normal -0.39902 0.306366 0.864247
    outer loop
      vertex 1.13908 108.861 7.58671
      vertex 0.945595 108.609 7.58671
      vertex 1.4588 108.541 7.84776
    endloop
  endfacet
  facet normal -0.258665 -0.0340369 0.965367
    outer loop
      vertex 1.73895 2 7.98289
      vertex 1.23463 2 7.84776
      vertex 1.74784 1.93244 7.98289
    endloop
  endfacet
  facet normal -0.498919 -0.0656864 0.864156
    outer loop
      vertex 1.23463 2 7.84776
      vertex 0.782477 2 7.58671
      vertex 1.26071 1.80191 7.84776
    endloop
  endfacet
  facet normal -0.688528 -0.528327 0.49679
    outer loop
      vertex 0.625873 1.20665 7.21752
      vertex 0.399795 1.07612 6.76537
      vertex 0.693438 0.693438 6.76537
    endloop
  endfacet
  facet normal -0.498919 -0.065685 0.864156
    outer loop
      vertex 1.26071 1.80191 7.84776
      vertex 0.782477 2 7.58671
      vertex 0.823964 1.68488 7.58671
    endloop
  endfacet
  facet normal -0.860448 -0.113281 0.496787
    outer loop
      vertex 0.413294 2 7.21752
      vertex 0.215202 1.52177 6.76537
      vertex 0.46736 1.58933 7.21752
    endloop
  endfacet
  facet normal 0.89318 -0.3698 -0.255887
    outer loop
      vertex 219.915 1.48679 1.73895
      vertex 219.717 1.00856 1.73895
      vertex 219.785 1.52177 1.23463
    endloop
  endfacet
  facet normal 0.331962 -0.802062 -0.496486
    outer loop
      vertex 218.478 0.215202 1.23463
      vertex 218.411 0.46736 0.782477
      vertex 218.924 0.399795 1.23463
    endloop
  endfacet
  facet normal 0.306368 -0.399022 -0.864245
    outer loop
      vertex 218.609 0.945595 0.413294
      vertex 218.541 1.4588 0.152242
      vertex 218.861 1.13908 0.413294
    endloop
  endfacet
  facet normal 0.258758 -0.0339629 -0.965345
    outer loop
      vertex 218.739 1.80191 0.152242
      vertex 218.252 1.93244 0.0171108
      vertex 218.765 2 0.152242
    endloop
  endfacet
  facet normal 0.958172 -0.126957 -0.25649
    outer loop
      vertex 219.915 1.48679 1.73895
      vertex 219.848 2 1.23463
      vertex 219.983 2 1.73895
    endloop
  endfacet
  facet normal 0.958444 -0.126261 -0.255818
    outer loop
      vertex 219.915 1.48679 1.73895
      vertex 219.785 1.52177 1.23463
      vertex 219.848 2 1.23463
    endloop
  endfacet
  facet normal 0.272246 -0.656084 -0.703872
    outer loop
      vertex 218.793 0.625873 0.782477
      vertex 218.411 0.46736 0.782477
      vertex 218.609 0.945595 0.413294
    endloop
  endfacet
  facet normal 0.527901 -0.688544 -0.49722
    outer loop
      vertex 218.924 0.399795 1.23463
      vertex 218.793 0.625873 0.782477
      vertex 219.307 0.693438 1.23463
    endloop
  endfacet
  facet normal 0.192371 -0.46499 0.864163
    outer loop
      vertex 218.609 0.945595 7.58671
      vertex 218.198 1.26071 7.84776
      vertex 218.315 0.823964 7.58671
    endloop
  endfacet
  facet normal 0.0340748 -0.258697 0.965357
    outer loop
      vertex 218.068 1.74784 7.98289
      vertex 218 1.23463 7.84776
      vertex 218.198 1.26071 7.84776
    endloop
  endfacet
  facet normal 0.157641 0.207625 0.965423
    outer loop
      vertex 218.383 108.663 7.84776
      vertex 218.131 108.226 7.98289
      vertex 218.185 108.185 7.98289
    endloop
  endfacet
  facet normal 0.432027 -0.563684 0.703998
    outer loop
      vertex 218.861 1.13908 7.58671
      vertex 218.793 0.625873 7.21752
      vertex 219.122 0.87803 7.21752
    endloop
  endfacet
  facet normal 0.563711 -0.431457 0.704326
    outer loop
      vertex 219.054 1.39124 7.58671
      vertex 218.861 1.13908 7.58671
      vertex 219.374 1.20665 7.21752
    endloop
  endfacet
  facet normal 0.1132 -0.860522 0.496676
    outer loop
      vertex 218.411 0.46736 7.21752
      vertex 218 0.413294 7.21752
      vertex 218.478 0.215202 6.76537
    endloop
  endfacet
  facet normal 0.113334 -0.860443 0.496783
    outer loop
      vertex 218 0.413294 7.21752
      vertex 218 0.152242 6.76537
      vertex 218.478 0.215202 6.76537
    endloop
  endfacet
  facet normal -0.528327 -0.688528 0.49679
    outer loop
      vertex 1.20665 0.625873 7.21752
      vertex 0.693438 0.693438 6.76537
      vertex 1.07612 0.399795 6.76537
    endloop
  endfacet
  facet normal -0.11328 -0.860448 0.496786
    outer loop
      vertex 2 0.413294 7.21752
      vertex 1.52177 0.215202 6.76537
      vertex 2 0.152242 6.76537
    endloop
  endfacet
  facet normal 0.499297 0 0.866431
    outer loop
      vertex 218.765 108 7.84776
      vertex 219.218 2 7.58671
      vertex 219.218 108 7.58671
    endloop
  endfacet
  facet normal 0.499297 0 0.866431
    outer loop
      vertex 219.218 2 7.58671
      vertex 218.765 108 7.84776
      vertex 218.765 2 7.84776
    endloop
  endfacet
  facet normal 0.991336 -0.131351 0
    outer loop
      vertex 219.915 1.48679 6.26105
      vertex 219.983 2 1.73895
      vertex 219.983 2 6.26105
    endloop
  endfacet
  facet normal 0.991336 -0.131351 0
    outer loop
      vertex 219.983 2 1.73895
      vertex 219.915 1.48679 6.26105
      vertex 219.915 1.48679 1.73895
    endloop
  endfacet
  facet normal 0.958166 0.127008 0.256489
    outer loop
      vertex 219.915 108.513 6.26105
      vertex 219.848 108 6.76537
      vertex 219.983 108 6.26105
    endloop
  endfacet
  facet normal 0.688629 0.52746 0.49757
    outer loop
      vertex 219.307 109.307 6.76537
      vertex 219.122 109.122 7.21752
      vertex 219.374 108.793 7.21752
    endloop
  endfacet
  facet normal 0.89318 -0.3698 0.255887
    outer loop
      vertex 219.785 1.52177 6.76537
      vertex 219.717 1.00856 6.26105
      vertex 219.915 1.48679 6.26105
    endloop
  endfacet
  facet normal 0.958172 -0.126957 0.25649
    outer loop
      vertex 219.983 2 6.26105
      vertex 219.848 2 6.76537
      vertex 219.915 1.48679 6.26105
    endloop
  endfacet
  facet normal 0.126321 0.958434 0.255825
    outer loop
      vertex 218.513 109.915 6.26105
      vertex 218 109.848 6.76537
      vertex 218.478 109.785 6.76537
    endloop
  endfacet
  facet normal 0.126321 0.958434 -0.255825
    outer loop
      vertex 218.478 109.785 1.23463
      vertex 218 109.848 1.23463
      vertex 218.513 109.915 1.73895
    endloop
  endfacet
  facet normal 0.369951 0.893115 -0.255895
    outer loop
      vertex 218.991 109.717 1.73895
      vertex 218.478 109.785 1.23463
      vertex 218.513 109.915 1.73895
    endloop
  endfacet
  facet normal -0.113357 0.860485 -0.496705
    outer loop
      vertex 2 109.587 0.782477
      vertex 1.52177 109.785 1.23463
      vertex 2 109.848 1.23463
    endloop
  endfacet
  facet normal -0.126261 0.958444 -0.255818
    outer loop
      vertex 1.52177 109.785 1.23463
      vertex 1.48679 109.915 1.73895
      vertex 2 109.848 1.23463
    endloop
  endfacet
  facet normal 0.767388 0.588144 -0.255345
    outer loop
      vertex 219.717 108.991 1.73895
      vertex 219.307 109.307 1.23463
      vertex 219.402 109.402 1.73895
    endloop
  endfacet
  facet normal 0.588144 0.767388 -0.255345
    outer loop
      vertex 219.307 109.307 1.23463
      vertex 218.991 109.717 1.73895
      vertex 219.402 109.402 1.73895
    endloop
  endfacet
  facet normal 0.86048 0.113411 -0.496702
    outer loop
      vertex 219.848 108 1.23463
      vertex 219.587 108 0.782477
      vertex 219.785 108.478 1.23463
    endloop
  endfacet
  facet normal 0.958434 0.126321 -0.255825
    outer loop
      vertex 219.848 108 1.23463
      vertex 219.785 108.478 1.23463
      vertex 219.915 108.513 1.73895
    endloop
  endfacet
  facet normal 0.431885 0.56385 -0.703952
    outer loop
      vertex 218.861 108.861 0.413294
      vertex 218.793 109.374 0.782477
      vertex 219.122 109.122 0.782477
    endloop
  endfacet
  facet normal 0.767744 0.587334 -0.256142
    outer loop
      vertex 219.6 108.924 1.23463
      vertex 219.307 109.307 1.23463
      vertex 219.717 108.991 1.73895
    endloop
  endfacet
  facet normal 0.704248 0.0925289 -0.703899
    outer loop
      vertex 219.587 108 0.782477
      vertex 219.218 108 0.413294
      vertex 219.533 108.411 0.782477
    endloop
  endfacet
  facet normal 0.498526 0.0664702 -0.864322
    outer loop
      vertex 219.218 108 0.413294
      vertex 218.739 108.198 0.152242
      vertex 219.176 108.315 0.413294
    endloop
  endfacet
  facet normal 0.703402 0.0937869 -0.704578
    outer loop
      vertex 219.218 108 0.413294
      vertex 219.176 108.315 0.413294
      vertex 219.533 108.411 0.782477
    endloop
  endfacet
  facet normal 0.207627 0.157642 -0.965422
    outer loop
      vertex 218.226 108.131 0.0171108
      vertex 218.185 108.185 0.0171108
      vertex 218.663 108.383 0.152242
    endloop
  endfacet
  facet normal 0.0338172 -0.258669 -0.965374
    outer loop
      vertex 218.068 1.74784 0.0171108
      vertex 218 1.23463 0.152242
      vertex 218 1.73895 0.0171108
    endloop
  endfacet
  facet normal 0.206756 0.159647 -0.96528
    outer loop
      vertex 218.663 108.383 0.152242
      vertex 218.185 108.185 0.0171108
      vertex 218.541 108.541 0.152242
    endloop
  endfacet
  facet normal 0.0664702 0.498526 -0.864322
    outer loop
      vertex 218.198 108.739 0.152242
      vertex 218 109.218 0.413294
      vertex 218.315 109.176 0.413294
    endloop
  endfacet
  facet normal 0.0925289 0.704248 -0.703899
    outer loop
      vertex 218.411 109.533 0.782477
      vertex 218 109.218 0.413294
      vertex 218 109.587 0.782477
    endloop
  endfacet
  facet normal 0.56385 0.431885 -0.703952
    outer loop
      vertex 219.374 108.793 0.782477
      vertex 218.861 108.861 0.413294
      vertex 219.122 109.122 0.782477
    endloop
  endfacet
  facet normal 0.307904 0.398761 -0.86382
    outer loop
      vertex 218.541 108.541 0.152242
      vertex 218.383 108.663 0.152242
      vertex 218.609 109.054 0.413294
    endloop
  endfacet
  facet normal 0.258971 0 -0.965885
    outer loop
      vertex 218.261 2 0.0171108
      vertex 218.765 108 0.152242
      vertex 218.765 2 0.152242
    endloop
  endfacet
  facet normal 0.258971 0 -0.965885
    outer loop
      vertex 218.765 108 0.152242
      vertex 218.261 2 0.0171108
      vertex 218.261 108 0.0171108
    endloop
  endfacet
  facet normal 0.0995149 0.241132 -0.965377
    outer loop
      vertex 218.131 108.226 0.0171108
      vertex 218.068 108.252 0.0171108
      vertex 218.383 108.663 0.152242
    endloop
  endfacet
  facet normal -0.0339629 0.258758 -0.965345
    outer loop
      vertex 1.93244 108.252 0.0171108
      vertex 1.80191 108.739 0.152242
      vertex 2 108.765 0.152242
    endloop
  endfacet
  facet normal -0.0993262 0.241245 -0.965368
    outer loop
      vertex 1.93244 108.252 0.0171108
      vertex 1.61732 108.663 0.152242
      vertex 1.80191 108.739 0.152242
    endloop
  endfacet
  facet normal -0.272348 0.655511 -0.704367
    outer loop
      vertex 1.68488 109.176 0.413294
      vertex 1.39124 109.054 0.413294
      vertex 1.58933 109.533 0.782477
    endloop
  endfacet
  facet normal -0.399022 0.306368 -0.864245
    outer loop
      vertex 1.4588 108.541 0.152242
      vertex 0.945595 108.609 0.413294
      vertex 1.13908 108.861 0.413294
    endloop
  endfacet
  facet normal -0.707107 0 -0.707107
    outer loop
      vertex 0.782477 2 0.413294
      vertex 0.413294 108 0.782477
      vertex 0.782477 108 0.413294
    endloop
  endfacet
  facet normal -0.707107 -0 -0.707107
    outer loop
      vertex 0.413294 108 0.782477
      vertex 0.782477 2 0.413294
      vertex 0.413294 2 0.782477
    endloop
  endfacet
  facet normal -0.608614 0.793466 0
    outer loop
      vertex 1.00856 109.717 1.73895
      vertex 0.597886 109.402 6.26105
      vertex 1.00856 109.717 6.26105
    endloop
  endfacet
  facet normal -0.608614 0.793466 0
    outer loop
      vertex 0.597886 109.402 6.26105
      vertex 1.00856 109.717 1.73895
      vertex 0.597886 109.402 1.73895
    endloop
  endfacet
  facet normal -0.991438 0.130578 0
    outer loop
      vertex 0.0171108 108 1.73895
      vertex 0.0846758 108.513 6.26105
      vertex 0.0846758 108.513 1.73895
    endloop
  endfacet
  facet normal -0.991438 0.130578 0
    outer loop
      vertex 0.0846758 108.513 6.26105
      vertex 0.0171108 108 1.73895
      vertex 0.0171108 108 6.26105
    endloop
  endfacet
  facet normal -0.801444 0.332564 0.49708
    outer loop
      vertex 0.625873 108.793 7.21752
      vertex 0.399795 108.924 6.76537
      vertex 0.46736 108.411 7.21752
    endloop
  endfacet
  facet normal -0.43217 0.563571 0.704001
    outer loop
      vertex 1.20665 109.374 7.21752
      vertex 0.87803 109.122 7.21752
      vertex 1.13908 108.861 7.58671
    endloop
  endfacet
  facet normal -0.704067 0.0926183 -0.704067
    outer loop
      vertex 0.782477 108 0.413294
      vertex 0.413294 108 0.782477
      vertex 0.46736 108.411 0.782477
    endloop
  endfacet
  facet normal -0.860524 0.1132 -0.496673
    outer loop
      vertex 0.413294 108 0.782477
      vertex 0.215202 108.478 1.23463
      vertex 0.46736 108.411 0.782477
    endloop
  endfacet
  facet normal -0.206989 -0.15882 -0.965366
    outer loop
      vertex 1.4588 1.4588 0.152242
      vertex 1.33717 1.61732 0.152242
      vertex 1.81541 1.81541 0.0171108
    endloop
  endfacet
  facet normal 0.704243 -0.0926026 -0.703894
    outer loop
      vertex 219.533 1.58933 0.782477
      vertex 219.218 2 0.413294
      vertex 219.587 2 0.782477
    endloop
  endfacet
  facet normal 0.8606 -0.113162 -0.49655
    outer loop
      vertex 219.785 1.52177 1.23463
      vertex 219.533 1.58933 0.782477
      vertex 219.587 2 0.782477
    endloop
  endfacet
  facet normal 0.192372 -0.464992 -0.864161
    outer loop
      vertex 218.315 0.823964 0.413294
      vertex 218.198 1.26071 0.152242
      vertex 218.609 0.945595 0.413294
    endloop
  endfacet
  facet normal 0.192237 -0.465131 -0.864117
    outer loop
      vertex 218.609 0.945595 0.413294
      vertex 218.198 1.26071 0.152242
      vertex 218.383 1.33717 0.152242
    endloop
  endfacet
  facet normal -0.767115 0.588157 0.256136
    outer loop
      vertex 0.597886 109.402 6.26105
      vertex 0.282767 108.991 6.26105
      vertex 0.693438 109.307 6.76537
    endloop
  endfacet
  facet normal 0.271995 0.655463 0.704547
    outer loop
      vertex 218.411 109.533 7.21752
      vertex 218.315 109.176 7.58671
      vertex 218.609 109.054 7.58671
    endloop
  endfacet
  facet normal -0.113162 0.860599 0.496552
    outer loop
      vertex 2 109.587 7.21752
      vertex 1.52177 109.785 6.76537
      vertex 1.58933 109.533 7.21752
    endloop
  endfacet
  facet normal -0.498916 0.0657097 0.864155
    outer loop
      vertex 0.823964 108.315 7.58671
      vertex 0.782477 108 7.58671
      vertex 1.26071 108.198 7.84776
    endloop
  endfacet
  facet normal -0.19302 0.464578 0.86424
    outer loop
      vertex 1.68488 109.176 7.58671
      vertex 1.39124 109.054 7.58671
      vertex 1.80191 108.739 7.84776
    endloop
  endfacet
  facet normal 0.892827 0.370343 0.256333
    outer loop
      vertex 219.717 108.991 6.26105
      vertex 219.6 108.924 6.76537
      vertex 219.785 108.478 6.76537
    endloop
  endfacet
  facet normal 0.923875 0.382693 0
    outer loop
      vertex 219.915 108.513 6.26105
      vertex 219.717 108.991 1.73895
      vertex 219.717 108.991 6.26105
    endloop
  endfacet
  facet normal 0.923875 0.382693 0
    outer loop
      vertex 219.717 108.991 1.73895
      vertex 219.915 108.513 6.26105
      vertex 219.915 108.513 1.73895
    endloop
  endfacet
  facet normal -0 0.499297 0.866431
    outer loop
      vertex 2 109.218 7.58671
      vertex 218 108.765 7.84776
      vertex 218 109.218 7.58671
    endloop
  endfacet
  facet normal 0 0.499297 0.866431
    outer loop
      vertex 218 108.765 7.84776
      vertex 2 109.218 7.58671
      vertex 2 108.765 7.84776
    endloop
  endfacet
  facet normal -0.12615 -0.95821 0.25675
    outer loop
      vertex 2 0.152242 6.76537
      vertex 1.48679 0.0846758 6.26105
      vertex 2 0.0171108 6.26105
    endloop
  endfacet
  facet normal 0 -0.965926 0.258817
    outer loop
      vertex 2 0.0171108 6.26105
      vertex 218 0.152242 6.76537
      vertex 2 0.152242 6.76537
    endloop
  endfacet
  facet normal 0 -0.965926 0.258817
    outer loop
      vertex 218 0.152242 6.76537
      vertex 2 0.0171108 6.26105
      vertex 218 0.0171108 6.26105
    endloop
  endfacet
  facet normal -0.656081 -0.271761 -0.704062
    outer loop
      vertex 0.945595 1.39124 0.413294
      vertex 0.46736 1.58933 0.782477
      vertex 0.823964 1.68488 0.413294
    endloop
  endfacet
  facet normal -0.656081 -0.271761 -0.704062
    outer loop
      vertex 0.625873 1.20665 0.782477
      vertex 0.46736 1.58933 0.782477
      vertex 0.945595 1.39124 0.413294
    endloop
  endfacet
  facet normal -0.432304 -0.563394 -0.70406
    outer loop
      vertex 1.20665 0.625873 0.782477
      vertex 0.87803 0.87803 0.782477
      vertex 1.13908 1.13908 0.413294
    endloop
  endfacet
  facet normal -0.528326 -0.688533 -0.496784
    outer loop
      vertex 1.20665 0.625873 0.782477
      vertex 0.693438 0.693438 1.23463
      vertex 0.87803 0.87803 0.782477
    endloop
  endfacet
  facet normal 0 -0.866024 -0.500002
    outer loop
      vertex 2 0.413294 0.782477
      vertex 218 0.152242 1.23463
      vertex 2 0.152242 1.23463
    endloop
  endfacet
  facet normal 0 -0.866024 -0.500002
    outer loop
      vertex 218 0.152242 1.23463
      vertex 2 0.413294 0.782477
      vertex 218 0.413294 0.782477
    endloop
  endfacet
  facet normal -0.15885 -0.206976 -0.965364
    outer loop
      vertex 1.86947 1.77392 0.0171108
      vertex 1.61732 1.33717 0.152242
      vertex 1.81541 1.81541 0.0171108
    endloop
  endfacet
  facet normal -0.192578 -0.46492 -0.864155
    outer loop
      vertex 1.68488 0.823964 0.413294
      vertex 1.39124 0.945595 0.413294
      vertex 1.80191 1.26071 0.152242
    endloop
  endfacet
  facet normal -0.923878 -0.382686 0
    outer loop
      vertex 0.282767 1.00856 1.73895
      vertex 0.0846758 1.48679 6.26105
      vertex 0.0846758 1.48679 1.73895
    endloop
  endfacet
  facet normal -0.923878 -0.382686 0
    outer loop
      vertex 0.0846758 1.48679 6.26105
      vertex 0.282767 1.00856 1.73895
      vertex 0.282767 1.00856 6.26105
    endloop
  endfacet
  facet normal -0.432308 -0.563399 0.704053
    outer loop
      vertex 1.13908 1.13908 7.58671
      vertex 0.87803 0.87803 7.21752
      vertex 1.20665 0.625873 7.21752
    endloop
  endfacet
  facet normal -0.158818 -0.206987 0.965367
    outer loop
      vertex 1.81541 1.81541 7.98289
      vertex 1.4588 1.4588 7.84776
      vertex 1.61732 1.33717 7.84776
    endloop
  endfacet
  facet normal -0.0995419 0.241083 0.965386
    outer loop
      vertex 1.93244 108.252 7.98289
      vertex 1.61732 108.663 7.84776
      vertex 1.86947 108.226 7.98289
    endloop
  endfacet
  facet normal -0.0339626 0.258756 0.965346
    outer loop
      vertex 2 108.765 7.84776
      vertex 1.80191 108.739 7.84776
      vertex 1.93244 108.252 7.98289
    endloop
  endfacet
  facet normal -0.464918 -0.192576 0.864156
    outer loop
      vertex 1.26071 1.80191 7.84776
      vertex 0.945595 1.39124 7.58671
      vertex 1.33717 1.61732 7.84776
    endloop
  endfacet
  facet normal -0.241039 -0.0998422 0.965366
    outer loop
      vertex 1.74784 1.93244 7.98289
      vertex 1.26071 1.80191 7.84776
      vertex 1.33717 1.61732 7.84776
    endloop
  endfacet
  facet normal 0.767034 -0.58834 -0.255959
    outer loop
      vertex 219.402 0.597886 1.73895
      vertex 219.307 0.693438 1.23463
      vertex 219.717 1.00856 1.73895
    endloop
  endfacet
  facet normal 0.892628 -0.370551 -0.256726
    outer loop
      vertex 219.717 1.00856 1.73895
      vertex 219.6 1.07612 1.23463
      vertex 219.785 1.52177 1.23463
    endloop
  endfacet
  facet normal 0.370009 -0.892842 -0.256761
    outer loop
      vertex 218.513 0.0846758 1.73895
      vertex 218.478 0.215202 1.23463
      vertex 218.991 0.282767 1.73895
    endloop
  endfacet
  facet normal 0.399512 -0.305781 -0.864227
    outer loop
      vertex 218.861 1.13908 0.413294
      vertex 218.541 1.4588 0.152242
      vertex 219.054 1.39124 0.413294
    endloop
  endfacet
  facet normal 0.432691 -0.563548 -0.703699
    outer loop
      vertex 218.793 0.625873 0.782477
      vertex 218.609 0.945595 0.413294
      vertex 218.861 1.13908 0.413294
    endloop
  endfacet
  facet normal -0.241094 0.0998052 0.965356
    outer loop
      vertex 1.77392 108.131 7.98289
      vertex 1.33717 108.383 7.84776
      vertex 1.74784 108.068 7.98289
    endloop
  endfacet
  facet normal 0.465838 -0.191796 0.863834
    outer loop
      vertex 218.739 1.80191 7.84776
      vertex 218.663 1.61732 7.84776
      vertex 219.054 1.39124 7.58671
    endloop
  endfacet
  facet normal 0.464578 -0.19302 0.86424
    outer loop
      vertex 219.176 1.68488 7.58671
      vertex 218.739 1.80191 7.84776
      vertex 219.054 1.39124 7.58671
    endloop
  endfacet
  facet normal 0.0657097 -0.498916 0.864155
    outer loop
      vertex 218.198 1.26071 7.84776
      vertex 218 0.782477 7.58671
      vertex 218.315 0.823964 7.58671
    endloop
  endfacet
  facet normal 0.0927209 -0.704006 0.704116
    outer loop
      vertex 218.315 0.823964 7.58671
      vertex 218 0.782477 7.58671
      vertex 218.411 0.46736 7.21752
    endloop
  endfacet
  facet normal 0.432695 -0.563553 0.703692
    outer loop
      vertex 218.861 1.13908 7.58671
      vertex 218.609 0.945595 7.58671
      vertex 218.793 0.625873 7.21752
    endloop
  endfacet
  facet normal 0.272248 -0.65609 0.703866
    outer loop
      vertex 218.609 0.945595 7.58671
      vertex 218.411 0.46736 7.21752
      vertex 218.793 0.625873 7.21752
    endloop
  endfacet
  facet normal 0.793466 -0.608614 0
    outer loop
      vertex 219.402 0.597886 6.26105
      vertex 219.717 1.00856 1.73895
      vertex 219.717 1.00856 6.26105
    endloop
  endfacet
  facet normal 0.793466 -0.608614 0
    outer loop
      vertex 219.717 1.00856 1.73895
      vertex 219.402 0.597886 6.26105
      vertex 219.402 0.597886 1.73895
    endloop
  endfacet
  facet normal 0.369645 -0.893109 0.256355
    outer loop
      vertex 218.924 0.399795 6.76537
      vertex 218.478 0.215202 6.76537
      vertex 218.991 0.282767 6.26105
    endloop
  endfacet
  facet normal -0.688532 -0.528325 0.496786
    outer loop
      vertex 0.87803 0.87803 7.21752
      vertex 0.625873 1.20665 7.21752
      vertex 0.693438 0.693438 6.76537
    endloop
  endfacet
  facet normal -0.766759 -0.588356 0.256745
    outer loop
      vertex 0.399795 1.07612 6.76537
      vertex 0.282767 1.00856 6.26105
      vertex 0.693438 0.693438 6.76537
    endloop
  endfacet
  facet normal -0.271763 -0.656087 0.704056
    outer loop
      vertex 1.39124 0.945595 7.58671
      vertex 1.20665 0.625873 7.21752
      vertex 1.58933 0.46736 7.21752
    endloop
  endfacet
  facet normal -0.065685 -0.498919 0.864156
    outer loop
      vertex 1.80191 1.26071 7.84776
      vertex 1.68488 0.823964 7.58671
      vertex 2 0.782477 7.58671
    endloop
  endfacet
  facet normal -0.30634 -0.399239 0.864155
    outer loop
      vertex 1.4588 1.4588 7.84776
      vertex 1.13908 1.13908 7.58671
      vertex 1.39124 0.945595 7.58671
    endloop
  endfacet
  facet normal -0.528325 -0.688532 0.496786
    outer loop
      vertex 0.87803 0.87803 7.21752
      vertex 0.693438 0.693438 6.76537
      vertex 1.20665 0.625873 7.21752
    endloop
  endfacet
  facet normal 0.399291 0.305806 0.86432
    outer loop
      vertex 218.861 108.861 7.58671
      vertex 218.541 108.541 7.84776
      vertex 219.054 108.609 7.58671
    endloop
  endfacet
  facet normal 0.307902 0.398759 0.863822
    outer loop
      vertex 218.609 109.054 7.58671
      vertex 218.383 108.663 7.84776
      vertex 218.541 108.541 7.84776
    endloop
  endfacet
  facet normal 0.707289 -0 0.706925
    outer loop
      vertex 219.218 2 7.58671
      vertex 219.587 108 7.21752
      vertex 219.218 108 7.58671
    endloop
  endfacet
  facet normal 0.707289 0 0.706925
    outer loop
      vertex 219.587 108 7.21752
      vertex 219.218 2 7.58671
      vertex 219.587 2 7.21752
    endloop
  endfacet
  facet normal 0.860673 0.113081 0.496442
    outer loop
      vertex 219.785 108.478 6.76537
      vertex 219.533 108.411 7.21752
      vertex 219.587 108 7.21752
    endloop
  endfacet
  facet normal 0.860484 -0.113356 0.496707
    outer loop
      vertex 219.848 2 6.76537
      vertex 219.587 2 7.21752
      vertex 219.785 1.52177 6.76537
    endloop
  endfacet
  facet normal 0.655517 -0.272351 0.70436
    outer loop
      vertex 219.176 1.68488 7.58671
      vertex 219.054 1.39124 7.58671
      vertex 219.533 1.58933 7.21752
    endloop
  endfacet
  facet normal 0.370343 0.892827 0.256333
    outer loop
      vertex 218.991 109.717 6.26105
      vertex 218.478 109.785 6.76537
      vertex 218.924 109.6 6.76537
    endloop
  endfacet
  facet normal 0.272847 0.65552 0.704164
    outer loop
      vertex 218.793 109.374 7.21752
      vertex 218.411 109.533 7.21752
      vertex 218.609 109.054 7.58671
    endloop
  endfacet
  facet normal 0.801935 0.332641 -0.496236
    outer loop
      vertex 219.785 108.478 1.23463
      vertex 219.533 108.411 0.782477
      vertex 219.6 108.924 1.23463
    endloop
  endfacet
  facet normal 0.892827 0.370343 -0.256333
    outer loop
      vertex 219.785 108.478 1.23463
      vertex 219.6 108.924 1.23463
      vertex 219.717 108.991 1.73895
    endloop
  endfacet
  facet normal 0 0 -1
    outer loop
      vertex 218 1.73895 0.0171108
      vertex 218.261 2 0.0171108
      vertex 218.252 1.93244 0.0171108
    endloop
  endfacet
  facet normal -0 0 -1
    outer loop
      vertex 218.261 2 0.0171108
      vertex 218 1.73895 0.0171108
      vertex 218.261 108 0.0171108
    endloop
  endfacet
  facet normal 0 0 -1
    outer loop
      vertex 218 1.73895 0.0171108
      vertex 218.252 1.93244 0.0171108
      vertex 218.226 1.86947 0.0171108
    endloop
  endfacet
  facet normal 0 0 -1
    outer loop
      vertex 218 108.261 0.0171108
      vertex 218.261 108 0.0171108
      vertex 218 1.73895 0.0171108
    endloop
  endfacet
  facet normal 0 0 -1
    outer loop
      vertex 218 1.73895 0.0171108
      vertex 218.226 1.86947 0.0171108
      vertex 218.185 1.81541 0.0171108
    endloop
  endfacet
  facet normal 0 0 -1
    outer loop
      vertex 218.261 108 0.0171108
      vertex 218 108.261 0.0171108
      vertex 218.252 108.068 0.0171108
    endloop
  endfacet
  facet normal 0 0 -1
    outer loop
      vertex 218 1.73895 0.0171108
      vertex 218.185 1.81541 0.0171108
      vertex 218.131 1.77392 0.0171108
    endloop
  endfacet
  facet normal 0 0 -1
    outer loop
      vertex 218.252 108.068 0.0171108
      vertex 218 108.261 0.0171108
      vertex 218.226 108.131 0.0171108
    endloop
  endfacet
  facet normal 0 0 -1
    outer loop
      vertex 218 1.73895 0.0171108
      vertex 218.131 1.77392 0.0171108
      vertex 218.068 1.74784 0.0171108
    endloop
  endfacet
  facet normal 0 0 -1
    outer loop
      vertex 218.226 108.131 0.0171108
      vertex 218 108.261 0.0171108
      vertex 218.185 108.185 0.0171108
    endloop
  endfacet
  facet normal 0 0 -1
    outer loop
      vertex 218.185 108.185 0.0171108
      vertex 218 108.261 0.0171108
      vertex 218.131 108.226 0.0171108
    endloop
  endfacet
  facet normal 0 0 -1
    outer loop
      vertex 218.131 108.226 0.0171108
      vertex 218 108.261 0.0171108
      vertex 218.068 108.252 0.0171108
    endloop
  endfacet
  facet normal 0 0 -1
    outer loop
      vertex 2 1.73895 0.0171108
      vertex 218 108.261 0.0171108
      vertex 218 1.73895 0.0171108
    endloop
  endfacet
  facet normal 0 0 -1
    outer loop
      vertex 2 1.73895 0.0171108
      vertex 2 108.261 0.0171108
      vertex 218 108.261 0.0171108
    endloop
  endfacet
  facet normal 0 0 -1
    outer loop
      vertex 1.73895 2 0.0171108
      vertex 2 1.73895 0.0171108
      vertex 1.93244 1.74784 0.0171108
    endloop
  endfacet
  facet normal 0 0 -1
    outer loop
      vertex 2 1.73895 0.0171108
      vertex 1.73895 2 0.0171108
      vertex 2 108.261 0.0171108
    endloop
  endfacet
  facet normal 0 0 -1
    outer loop
      vertex 1.73895 2 0.0171108
      vertex 1.93244 1.74784 0.0171108
      vertex 1.86947 1.77392 0.0171108
    endloop
  endfacet
  facet normal 0 0 -1
    outer loop
      vertex 1.73895 108 0.0171108
      vertex 2 108.261 0.0171108
      vertex 1.73895 2 0.0171108
    endloop
  endfacet
  facet normal 0 0 -1
    outer loop
      vertex 1.73895 2 0.0171108
      vertex 1.86947 1.77392 0.0171108
      vertex 1.81541 1.81541 0.0171108
    endloop
  endfacet
  facet normal 0 0 -1
    outer loop
      vertex 2 108.261 0.0171108
      vertex 1.73895 108 0.0171108
      vertex 1.93244 108.252 0.0171108
    endloop
  endfacet
  facet normal 0 0 -1
    outer loop
      vertex 1.73895 2 0.0171108
      vertex 1.81541 1.81541 0.0171108
      vertex 1.77392 1.86947 0.0171108
    endloop
  endfacet
  facet normal 0 0 -1
    outer loop
      vertex 1.93244 108.252 0.0171108
      vertex 1.73895 108 0.0171108
      vertex 1.86947 108.226 0.0171108
    endloop
  endfacet
  facet normal 0 0 -1
    outer loop
      vertex 1.73895 2 0.0171108
      vertex 1.77392 1.86947 0.0171108
      vertex 1.74784 1.93244 0.0171108
    endloop
  endfacet
  facet normal 0 0 -1
    outer loop
      vertex 1.86947 108.226 0.0171108
      vertex 1.73895 108 0.0171108
      vertex 1.81541 108.185 0.0171108
    endloop
  endfacet
  facet normal 0 0 -1
    outer loop
      vertex 1.81541 108.185 0.0171108
      vertex 1.73895 108 0.0171108
      vertex 1.77392 108.131 0.0171108
    endloop
  endfacet
  facet normal 0 0 -1
    outer loop
      vertex 1.77392 108.131 0.0171108
      vertex 1.73895 108 0.0171108
      vertex 1.74784 108.068 0.0171108
    endloop
  endfacet
  facet normal 0.4993 0 -0.866429
    outer loop
      vertex 218.765 2 0.152242
      vertex 219.218 108 0.413294
      vertex 219.218 2 0.413294
    endloop
  endfacet
  facet normal 0.4993 0 -0.866429
    outer loop
      vertex 219.218 108 0.413294
      vertex 218.765 2 0.152242
      vertex 218.765 108 0.152242
    endloop
  endfacet
  facet normal 0.703466 -0.0937597 -0.704518
    outer loop
      vertex 219.533 1.58933 0.782477
      vertex 219.176 1.68488 0.413294
      vertex 219.218 2 0.413294
    endloop
  endfacet
  facet normal 0.655511 -0.272348 -0.704367
    outer loop
      vertex 219.533 1.58933 0.782477
      vertex 219.054 1.39124 0.413294
      vertex 219.176 1.68488 0.413294
    endloop
  endfacet
  facet normal 0.399154 -0.307197 -0.86389
    outer loop
      vertex 219.054 1.39124 0.413294
      vertex 218.541 1.4588 0.152242
      vertex 218.663 1.61732 0.152242
    endloop
  endfacet
  facet normal 0.206905 -0.159238 -0.965315
    outer loop
      vertex 218.541 1.4588 0.152242
      vertex 218.185 1.81541 0.0171108
      vertex 218.663 1.61732 0.152242
    endloop
  endfacet
  facet normal 0.271992 0.655457 -0.704554
    outer loop
      vertex 218.609 109.054 0.413294
      vertex 218.315 109.176 0.413294
      vertex 218.411 109.533 0.782477
    endloop
  endfacet
  facet normal 0.0937869 0.703402 -0.704578
    outer loop
      vertex 218.315 109.176 0.413294
      vertex 218 109.218 0.413294
      vertex 218.411 109.533 0.782477
    endloop
  endfacet
  facet normal 0.68863 0.527461 -0.497568
    outer loop
      vertex 219.374 108.793 0.782477
      vertex 219.122 109.122 0.782477
      vertex 219.307 109.307 1.23463
    endloop
  endfacet
  facet normal 0.527461 0.68863 -0.497568
    outer loop
      vertex 219.122 109.122 0.782477
      vertex 218.793 109.374 0.782477
      vertex 219.307 109.307 1.23463
    endloop
  endfacet
  facet normal -0.0937597 0.703466 -0.704518
    outer loop
      vertex 1.68488 109.176 0.413294
      vertex 1.58933 109.533 0.782477
      vertex 2 109.218 0.413294
    endloop
  endfacet
  facet normal -0.305781 0.399512 -0.864227
    outer loop
      vertex 1.4588 108.541 0.152242
      vertex 1.13908 108.861 0.413294
      vertex 1.39124 109.054 0.413294
    endloop
  endfacet
  facet normal -0.688677 0.527826 -0.497115
    outer loop
      vertex 0.87803 109.122 0.782477
      vertex 0.625873 108.793 0.782477
      vertex 0.693438 109.307 1.23463
    endloop
  endfacet
  facet normal -0.527961 0.688486 -0.497237
    outer loop
      vertex 0.87803 109.122 0.782477
      vertex 0.693438 109.307 1.23463
      vertex 1.20665 109.374 0.782477
    endloop
  endfacet
  facet normal -0.9582 0.12621 0.256757
    outer loop
      vertex 0.215202 108.478 6.76537
      vertex 0.0846758 108.513 6.26105
      vertex 0.152242 108 6.76537
    endloop
  endfacet
  facet normal -0.860443 0.113334 0.496783
    outer loop
      vertex 0.215202 108.478 6.76537
      vertex 0.152242 108 6.76537
      vertex 0.413294 108 7.21752
    endloop
  endfacet
  facet normal -0.892842 0.370009 0.256761
    outer loop
      vertex 0.282767 108.991 6.26105
      vertex 0.0846758 108.513 6.26105
      vertex 0.215202 108.478 6.76537
    endloop
  endfacet
  facet normal -0.893109 0.369645 0.256355
    outer loop
      vertex 0.282767 108.991 6.26105
      vertex 0.215202 108.478 6.76537
      vertex 0.399795 108.924 6.76537
    endloop
  endfacet
  facet normal -0.866024 0 -0.500002
    outer loop
      vertex 0.413294 2 0.782477
      vertex 0.152242 108 1.23463
      vertex 0.413294 108 0.782477
    endloop
  endfacet
  facet normal -0.866024 -0 -0.500002
    outer loop
      vertex 0.152242 108 1.23463
      vertex 0.413294 2 0.782477
      vertex 0.152242 2 1.23463
    endloop
  endfacet
  facet normal -0.656027 0.271406 -0.704249
    outer loop
      vertex 0.823964 108.315 0.413294
      vertex 0.46736 108.411 0.782477
      vertex 0.945595 108.609 0.413294
    endloop
  endfacet
  facet normal -0.464992 0.192372 -0.864161
    outer loop
      vertex 1.26071 108.198 0.152242
      vertex 0.823964 108.315 0.413294
      vertex 0.945595 108.609 0.413294
    endloop
  endfacet
  facet normal 0.0925298 0.704254 0.703892
    outer loop
      vertex 218 109.587 7.21752
      vertex 218 109.218 7.58671
      vertex 218.411 109.533 7.21752
    endloop
  endfacet
  facet normal -0.307195 0.399152 0.863892
    outer loop
      vertex 1.61732 108.663 7.84776
      vertex 1.39124 109.054 7.58671
      vertex 1.4588 108.541 7.84776
    endloop
  endfacet
  facet normal -0.333005 0.801473 0.496738
    outer loop
      vertex 1.58933 109.533 7.21752
      vertex 1.07612 109.6 6.76537
      vertex 1.20665 109.374 7.21752
    endloop
  endfacet
  facet normal -0.65609 0.272248 0.703866
    outer loop
      vertex 0.625873 108.793 7.21752
      vertex 0.46736 108.411 7.21752
      vertex 0.945595 108.609 7.58671
    endloop
  endfacet
  facet normal -0.563553 0.432695 0.703692
    outer loop
      vertex 1.13908 108.861 7.58671
      vertex 0.625873 108.793 7.21752
      vertex 0.945595 108.609 7.58671
    endloop
  endfacet
  facet normal -0.46499 0.192371 0.864163
    outer loop
      vertex 0.945595 108.609 7.58671
      vertex 0.823964 108.315 7.58671
      vertex 1.26071 108.198 7.84776
    endloop
  endfacet
  facet normal -0.656033 0.271408 0.704243
    outer loop
      vertex 0.945595 108.609 7.58671
      vertex 0.46736 108.411 7.21752
      vertex 0.823964 108.315 7.58671
    endloop
  endfacet
  facet normal 0.893115 0.369951 0.255895
    outer loop
      vertex 219.915 108.513 6.26105
      vertex 219.717 108.991 6.26105
      vertex 219.785 108.478 6.76537
    endloop
  endfacet
  facet normal 0.767744 0.587334 0.256142
    outer loop
      vertex 219.717 108.991 6.26105
      vertex 219.307 109.307 6.76537
      vertex 219.6 108.924 6.76537
    endloop
  endfacet
  facet normal -0.241041 -0.099843 -0.965365
    outer loop
      vertex 1.33717 1.61732 0.152242
      vertex 1.26071 1.80191 0.152242
      vertex 1.74784 1.93244 0.0171108
    endloop
  endfacet
  facet normal -0.704063 -0.0926921 -0.704063
    outer loop
      vertex 0.46736 1.58933 0.782477
      vertex 0.413294 2 0.782477
      vertex 0.782477 2 0.413294
    endloop
  endfacet
  facet normal -0.704062 -0.092693 -0.704063
    outer loop
      vertex 0.823964 1.68488 0.413294
      vertex 0.46736 1.58933 0.782477
      vertex 0.782477 2 0.413294
    endloop
  endfacet
  facet normal -0.563394 -0.432304 -0.70406
    outer loop
      vertex 0.87803 0.87803 0.782477
      vertex 0.625873 1.20665 0.782477
      vertex 1.13908 1.13908 0.413294
    endloop
  endfacet
  facet normal -0.688533 -0.528326 -0.496784
    outer loop
      vertex 0.693438 0.693438 1.23463
      vertex 0.625873 1.20665 0.782477
      vertex 0.87803 0.87803 0.782477
    endloop
  endfacet
  facet normal -0.306333 -0.399243 -0.864155
    outer loop
      vertex 1.61732 1.33717 0.152242
      vertex 1.39124 0.945595 0.413294
      vertex 1.4588 1.4588 0.152242
    endloop
  endfacet
  facet normal -0.15882 -0.206989 -0.965366
    outer loop
      vertex 1.61732 1.33717 0.152242
      vertex 1.4588 1.4588 0.152242
      vertex 1.81541 1.81541 0.0171108
    endloop
  endfacet
  facet normal -0.860448 -0.11328 0.496786
    outer loop
      vertex 0.413294 2 7.21752
      vertex 0.152242 2 6.76537
      vertex 0.215202 1.52177 6.76537
    endloop
  endfacet
  facet normal -0.95821 -0.12615 0.25675
    outer loop
      vertex 0.152242 2 6.76537
      vertex 0.0846758 1.48679 6.26105
      vertex 0.215202 1.52177 6.76537
    endloop
  endfacet
  facet normal -0.0998422 -0.241039 0.965366
    outer loop
      vertex 1.93244 1.74784 7.98289
      vertex 1.61732 1.33717 7.84776
      vertex 1.80191 1.26071 7.84776
    endloop
  endfacet
  facet normal -0.099833 -0.241046 0.965365
    outer loop
      vertex 1.86947 1.77392 7.98289
      vertex 1.61732 1.33717 7.84776
      vertex 1.93244 1.74784 7.98289
    endloop
  endfacet
  facet normal 0.241243 -0.0993253 0.965368
    outer loop
      vertex 218.739 1.80191 7.84776
      vertex 218.252 1.93244 7.98289
      vertex 218.663 1.61732 7.84776
    endloop
  endfacet
  facet normal 0.0998052 -0.241094 0.965356
    outer loop
      vertex 218.131 1.77392 7.98289
      vertex 218.068 1.74784 7.98289
      vertex 218.383 1.33717 7.84776
    endloop
  endfacet
  facet normal -0.0664448 0.498526 0.864325
    outer loop
      vertex 2 109.218 7.58671
      vertex 1.68488 109.176 7.58671
      vertex 1.80191 108.739 7.84776
    endloop
  endfacet
  facet normal -0.0653942 0.498229 0.864576
    outer loop
      vertex 2 109.218 7.58671
      vertex 1.80191 108.739 7.84776
      vertex 2 108.765 7.84776
    endloop
  endfacet
  facet normal 0.655511 -0.272359 -0.704362
    outer loop
      vertex 219.374 1.20665 0.782477
      vertex 219.054 1.39124 0.413294
      vertex 219.533 1.58933 0.782477
    endloop
  endfacet
  facet normal 0.801686 -0.332799 -0.496533
    outer loop
      vertex 219.6 1.07612 1.23463
      vertex 219.533 1.58933 0.782477
      vertex 219.785 1.52177 1.23463
    endloop
  endfacet
  facet normal 0.588145 -0.76712 -0.256147
    outer loop
      vertex 218.991 0.282767 1.73895
      vertex 218.924 0.399795 1.23463
      vertex 219.307 0.693438 1.23463
    endloop
  endfacet
  facet normal 0.369645 -0.893109 -0.256355
    outer loop
      vertex 218.991 0.282767 1.73895
      vertex 218.478 0.215202 1.23463
      vertex 218.924 0.399795 1.23463
    endloop
  endfacet
  facet normal 0.689105 -0.527612 -0.49675
    outer loop
      vertex 219.6 1.07612 1.23463
      vertex 219.307 0.693438 1.23463
      vertex 219.374 1.20665 0.782477
    endloop
  endfacet
  facet normal 0.688486 -0.527961 -0.497237
    outer loop
      vertex 219.307 0.693438 1.23463
      vertex 219.122 0.87803 0.782477
      vertex 219.374 1.20665 0.782477
    endloop
  endfacet
  facet normal -0.159237 0.206904 0.965316
    outer loop
      vertex 1.61732 108.663 7.84776
      vertex 1.4588 108.541 7.84776
      vertex 1.81541 108.185 7.98289
    endloop
  endfacet
  facet normal 0.399152 -0.307195 0.863892
    outer loop
      vertex 218.663 1.61732 7.84776
      vertex 218.541 1.4588 7.84776
      vertex 219.054 1.39124 7.58671
    endloop
  endfacet
  facet normal 0.306366 -0.39902 0.864247
    outer loop
      vertex 218.861 1.13908 7.58671
      vertex 218.541 1.4588 7.84776
      vertex 218.609 0.945595 7.58671
    endloop
  endfacet
  facet normal 0.689104 -0.527611 0.496752
    outer loop
      vertex 219.374 1.20665 7.21752
      vertex 219.307 0.693438 6.76537
      vertex 219.6 1.07612 6.76537
    endloop
  endfacet
  facet normal 0.767382 -0.587545 0.256738
    outer loop
      vertex 219.6 1.07612 6.76537
      vertex 219.307 0.693438 6.76537
      vertex 219.717 1.00856 6.26105
    endloop
  endfacet
  facet normal -0.0926939 -0.704069 0.704056
    outer loop
      vertex 1.68488 0.823964 7.58671
      vertex 1.58933 0.46736 7.21752
      vertex 2 0.782477 7.58671
    endloop
  endfacet
  facet normal -0.369853 -0.892911 0.256747
    outer loop
      vertex 1.07612 0.399795 6.76537
      vertex 1.00856 0.282767 6.26105
      vertex 1.52177 0.215202 6.76537
    endloop
  endfacet
  facet normal -0.766761 -0.588352 0.256749
    outer loop
      vertex 0.693438 0.693438 6.76537
      vertex 0.282767 1.00856 6.26105
      vertex 0.597886 0.597886 6.26105
    endloop
  endfacet
  facet normal -0.588352 -0.766761 0.256749
    outer loop
      vertex 0.693438 0.693438 6.76537
      vertex 0.597886 0.597886 6.26105
      vertex 1.00856 0.282767 6.26105
    endloop
  endfacet
  facet normal 0.192814 0.464651 0.864247
    outer loop
      vertex 218.315 109.176 7.58671
      vertex 218.198 108.739 7.84776
      vertex 218.609 109.054 7.58671
    endloop
  endfacet
  facet normal 0.0654238 0.498228 0.864574
    outer loop
      vertex 218 109.218 7.58671
      vertex 218 108.765 7.84776
      vertex 218.198 108.739 7.84776
    endloop
  endfacet
  facet normal 0.113081 0.860673 0.496442
    outer loop
      vertex 218.478 109.785 6.76537
      vertex 218 109.587 7.21752
      vertex 218.411 109.533 7.21752
    endloop
  endfacet
  facet normal 0.191457 0.466048 0.863796
    outer loop
      vertex 218.609 109.054 7.58671
      vertex 218.198 108.739 7.84776
      vertex 218.383 108.663 7.84776
    endloop
  endfacet
  facet normal 0.866066 -0 0.49993
    outer loop
      vertex 219.587 2 7.21752
      vertex 219.848 108 6.76537
      vertex 219.587 108 7.21752
    endloop
  endfacet
  facet normal 0.866066 0 0.49993
    outer loop
      vertex 219.848 108 6.76537
      vertex 219.587 2 7.21752
      vertex 219.848 2 6.76537
    endloop
  endfacet
  facet normal 0.70425 -0.0926035 0.703887
    outer loop
      vertex 219.587 2 7.21752
      vertex 219.218 2 7.58671
      vertex 219.533 1.58933 7.21752
    endloop
  endfacet
  facet normal 0.703472 -0.0937606 0.704511
    outer loop
      vertex 219.218 2 7.58671
      vertex 219.176 1.68488 7.58671
      vertex 219.533 1.58933 7.21752
    endloop
  endfacet
  facet normal 0.11341 0.860478 0.496704
    outer loop
      vertex 218 109.848 6.76537
      vertex 218 109.587 7.21752
      vertex 218.478 109.785 6.76537
    endloop
  endfacet
  facet normal 0.527185 0.689118 0.497184
    outer loop
      vertex 218.924 109.6 6.76537
      vertex 218.793 109.374 7.21752
      vertex 219.307 109.307 6.76537
    endloop
  endfacet
  facet normal 0.587334 0.767744 0.256142
    outer loop
      vertex 218.991 109.717 6.26105
      vertex 218.924 109.6 6.76537
      vertex 219.307 109.307 6.76537
    endloop
  endfacet
  facet normal 0.464653 0.192815 -0.864245
    outer loop
      vertex 219.176 108.315 0.413294
      vertex 218.739 108.198 0.152242
      vertex 219.054 108.609 0.413294
    endloop
  endfacet
  facet normal 0.655457 0.271992 -0.704554
    outer loop
      vertex 219.176 108.315 0.413294
      vertex 219.054 108.609 0.413294
      vertex 219.533 108.411 0.782477
    endloop
  endfacet
  facet normal 0.432023 -0.563679 -0.704004
    outer loop
      vertex 219.122 0.87803 0.782477
      vertex 218.793 0.625873 0.782477
      vertex 218.861 1.13908 0.413294
    endloop
  endfacet
  facet normal 0.30704 -0.398851 -0.864086
    outer loop
      vertex 218.609 0.945595 0.413294
      vertex 218.383 1.33717 0.152242
      vertex 218.541 1.4588 0.152242
    endloop
  endfacet
  facet normal 0.207663 -0.157495 -0.965439
    outer loop
      vertex 218.663 1.61732 0.152242
      vertex 218.185 1.81541 0.0171108
      vertex 218.226 1.86947 0.0171108
    endloop
  endfacet
  facet normal 0.689119 0.527185 -0.497182
    outer loop
      vertex 219.374 108.793 0.782477
      vertex 219.307 109.307 1.23463
      vertex 219.6 108.924 1.23463
    endloop
  endfacet
  facet normal 0.80111 0.333446 -0.497027
    outer loop
      vertex 219.533 108.411 0.782477
      vertex 219.374 108.793 0.782477
      vertex 219.6 108.924 1.23463
    endloop
  endfacet
  facet normal 0.563858 0.431844 -0.703971
    outer loop
      vertex 219.054 108.609 0.413294
      vertex 218.861 108.861 0.413294
      vertex 219.374 108.793 0.782477
    endloop
  endfacet
  facet normal 0.399293 0.305808 -0.864319
    outer loop
      vertex 219.054 108.609 0.413294
      vertex 218.541 108.541 0.152242
      vertex 218.861 108.861 0.413294
    endloop
  endfacet
  facet normal 0.431844 0.563858 -0.703971
    outer loop
      vertex 218.861 108.861 0.413294
      vertex 218.609 109.054 0.413294
      vertex 218.793 109.374 0.782477
    endloop
  endfacet
  facet normal 0.272845 0.655514 -0.704171
    outer loop
      vertex 218.609 109.054 0.413294
      vertex 218.411 109.533 0.782477
      vertex 218.793 109.374 0.782477
    endloop
  endfacet
  facet normal -0.193022 0.464581 -0.864238
    outer loop
      vertex 1.80191 108.739 0.152242
      vertex 1.39124 109.054 0.413294
      vertex 1.68488 109.176 0.413294
    endloop
  endfacet
  facet normal -0.191797 0.46584 -0.863832
    outer loop
      vertex 1.61732 108.663 0.152242
      vertex 1.39124 109.054 0.413294
      vertex 1.80191 108.739 0.152242
    endloop
  endfacet
  facet normal 0 0.707282 -0.706931
    outer loop
      vertex 2 109.218 0.413294
      vertex 218 109.587 0.782477
      vertex 218 109.218 0.413294
    endloop
  endfacet
  facet normal 0 0.707282 -0.706931
    outer loop
      vertex 218 109.587 0.782477
      vertex 2 109.218 0.413294
      vertex 2 109.587 0.782477
    endloop
  endfacet
  facet normal -0.58834 0.767034 0.255959
    outer loop
      vertex 1.00856 109.717 6.26105
      vertex 0.597886 109.402 6.26105
      vertex 0.693438 109.307 6.76537
    endloop
  endfacet
  facet normal -0.272361 0.655518 0.704355
    outer loop
      vertex 1.58933 109.533 7.21752
      vertex 1.20665 109.374 7.21752
      vertex 1.39124 109.054 7.58671
    endloop
  endfacet
  facet normal -0.431457 0.563711 0.704326
    outer loop
      vertex 1.20665 109.374 7.21752
      vertex 1.13908 108.861 7.58671
      vertex 1.39124 109.054 7.58671
    endloop
  endfacet
  facet normal 0.767388 0.588144 0.255345
    outer loop
      vertex 219.402 109.402 6.26105
      vertex 219.307 109.307 6.76537
      vertex 219.717 108.991 6.26105
    endloop
  endfacet
  facet normal 0.588144 0.767388 0.255345
    outer loop
      vertex 219.402 109.402 6.26105
      vertex 218.991 109.717 6.26105
      vertex 219.307 109.307 6.76537
    endloop
  endfacet
  facet normal -0.656087 -0.271763 0.704056
    outer loop
      vertex 0.945595 1.39124 7.58671
      vertex 0.46736 1.58933 7.21752
      vertex 0.625873 1.20665 7.21752
    endloop
  endfacet
  facet normal -0.332123 -0.801807 0.496789
    outer loop
      vertex 1.20665 0.625873 7.21752
      vertex 1.07612 0.399795 6.76537
      vertex 1.58933 0.46736 7.21752
    endloop
  endfacet
  facet normal -0.192577 -0.464917 0.864156
    outer loop
      vertex 1.80191 1.26071 7.84776
      vertex 1.39124 0.945595 7.58671
      vertex 1.68488 0.823964 7.58671
    endloop
  endfacet
  facet normal 0 0 1
    outer loop
      vertex 218 108.261 7.98289
      vertex 218.261 108 7.98289
      vertex 218.252 108.068 7.98289
    endloop
  endfacet
  facet normal 0 0 1
    outer loop
      vertex 218.261 108 7.98289
      vertex 218 108.261 7.98289
      vertex 218.261 2 7.98289
    endloop
  endfacet
  facet normal 0 0 1
    outer loop
      vertex 218 108.261 7.98289
      vertex 218.252 108.068 7.98289
      vertex 218.226 108.131 7.98289
    endloop
  endfacet
  facet normal 0 0 1
    outer loop
      vertex 218 1.73895 7.98289
      vertex 218.261 2 7.98289
      vertex 218 108.261 7.98289
    endloop
  endfacet
  facet normal 0 0 1
    outer loop
      vertex 218 108.261 7.98289
      vertex 218.226 108.131 7.98289
      vertex 218.185 108.185 7.98289
    endloop
  endfacet
  facet normal 0 0 1
    outer loop
      vertex 218.261 2 7.98289
      vertex 218 1.73895 7.98289
      vertex 218.252 1.93244 7.98289
    endloop
  endfacet
  facet normal 0 0 1
    outer loop
      vertex 218 108.261 7.98289
      vertex 218.185 108.185 7.98289
      vertex 218.131 108.226 7.98289
    endloop
  endfacet
  facet normal 0 0 1
    outer loop
      vertex 218.252 1.93244 7.98289
      vertex 218 1.73895 7.98289
      vertex 218.226 1.86947 7.98289
    endloop
  endfacet
  facet normal 0 0 1
    outer loop
      vertex 218 108.261 7.98289
      vertex 218.131 108.226 7.98289
      vertex 218.068 108.252 7.98289
    endloop
  endfacet
  facet normal 0 0 1
    outer loop
      vertex 218.226 1.86947 7.98289
      vertex 218 1.73895 7.98289
      vertex 218.185 1.81541 7.98289
    endloop
  endfacet
  facet normal 0 0 1
    outer loop
      vertex 218.185 1.81541 7.98289
      vertex 218 1.73895 7.98289
      vertex 218.131 1.77392 7.98289
    endloop
  endfacet
  facet normal 0 0 1
    outer loop
      vertex 218.131 1.77392 7.98289
      vertex 218 1.73895 7.98289
      vertex 218.068 1.74784 7.98289
    endloop
  endfacet
  facet normal -0 0 1
    outer loop
      vertex 2 108.261 7.98289
      vertex 218 1.73895 7.98289
      vertex 218 108.261 7.98289
    endloop
  endfacet
  facet normal 0 0 1
    outer loop
      vertex 2 108.261 7.98289
      vertex 2 1.73895 7.98289
      vertex 218 1.73895 7.98289
    endloop
  endfacet
  facet normal 0 0 1
    outer loop
      vertex 1.73895 108 7.98289
      vertex 2 108.261 7.98289
      vertex 1.93244 108.252 7.98289
    endloop
  endfacet
  facet normal 0 0 1
    outer loop
      vertex 2 108.261 7.98289
      vertex 1.73895 108 7.98289
      vertex 2 1.73895 7.98289
    endloop
  endfacet
  facet normal 0 0 1
    outer loop
      vertex 1.73895 108 7.98289
      vertex 1.93244 108.252 7.98289
      vertex 1.86947 108.226 7.98289
    endloop
  endfacet
  facet normal -0 0 1
    outer loop
      vertex 1.73895 2 7.98289
      vertex 2 1.73895 7.98289
      vertex 1.73895 108 7.98289
    endloop
  endfacet
  facet normal 0 0 1
    outer loop
      vertex 1.73895 108 7.98289
      vertex 1.86947 108.226 7.98289
      vertex 1.81541 108.185 7.98289
    endloop
  endfacet
  facet normal 0 0 1
    outer loop
      vertex 2 1.73895 7.98289
      vertex 1.73895 2 7.98289
      vertex 1.93244 1.74784 7.98289
    endloop
  endfacet
  facet normal 0 0 1
    outer loop
      vertex 1.73895 108 7.98289
      vertex 1.81541 108.185 7.98289
      vertex 1.77392 108.131 7.98289
    endloop
  endfacet
  facet normal 0 0 1
    outer loop
      vertex 1.93244 1.74784 7.98289
      vertex 1.73895 2 7.98289
      vertex 1.86947 1.77392 7.98289
    endloop
  endfacet
  facet normal 0 0 1
    outer loop
      vertex 1.73895 108 7.98289
      vertex 1.77392 108.131 7.98289
      vertex 1.74784 108.068 7.98289
    endloop
  endfacet
  facet normal 0 0 1
    outer loop
      vertex 1.86947 1.77392 7.98289
      vertex 1.73895 2 7.98289
      vertex 1.81541 1.81541 7.98289
    endloop
  endfacet
  facet normal 0 0 1
    outer loop
      vertex 1.81541 1.81541 7.98289
      vertex 1.73895 2 7.98289
      vertex 1.77392 1.86947 7.98289
    endloop
  endfacet
  facet normal 0 0 1
    outer loop
      vertex 1.77392 1.86947 7.98289
      vertex 1.73895 2 7.98289
      vertex 1.74784 1.93244 7.98289
    endloop
  endfacet
  facet normal 0.258756 -0.0339626 0.965346
    outer loop
      vertex 218.765 2 7.84776
      vertex 218.252 1.93244 7.98289
      vertex 218.739 1.80191 7.84776
    endloop
  endfacet
  facet normal -0.191796 0.465838 0.863834
    outer loop
      vertex 1.80191 108.739 7.84776
      vertex 1.39124 109.054 7.58671
      vertex 1.61732 108.663 7.84776
    endloop
  endfacet
  facet normal -0.0993253 0.241243 0.965368
    outer loop
      vertex 1.80191 108.739 7.84776
      vertex 1.61732 108.663 7.84776
      vertex 1.93244 108.252 7.98289
    endloop
  endfacet
  facet normal 0.241083 -0.0995419 0.965386
    outer loop
      vertex 218.252 1.93244 7.98289
      vertex 218.226 1.86947 7.98289
      vertex 218.663 1.61732 7.84776
    endloop
  endfacet
  facet normal 0.207661 -0.157493 0.965439
    outer loop
      vertex 218.226 1.86947 7.98289
      vertex 218.185 1.81541 7.98289
      vertex 218.663 1.61732 7.84776
    endloop
  endfacet
  facet normal 0.206904 -0.159237 0.965316
    outer loop
      vertex 218.663 1.61732 7.84776
      vertex 218.185 1.81541 7.98289
      vertex 218.541 1.4588 7.84776
    endloop
  endfacet
  facet normal 0.159226 -0.206838 0.965331
    outer loop
      vertex 218.541 1.4588 7.84776
      vertex 218.185 1.81541 7.98289
      vertex 218.383 1.33717 7.84776
    endloop
  endfacet
  facet normal 0.241388 0.0991649 0.965349
    outer loop
      vertex 218.663 108.383 7.84776
      vertex 218.252 108.068 7.98289
      vertex 218.739 108.198 7.84776
    endloop
  endfacet
  facet normal 0.527825 -0.688676 0.497118
    outer loop
      vertex 219.122 0.87803 7.21752
      vertex 218.793 0.625873 7.21752
      vertex 219.307 0.693438 6.76537
    endloop
  endfacet
  facet normal 0.688485 -0.52796 0.49724
    outer loop
      vertex 219.374 1.20665 7.21752
      vertex 219.122 0.87803 7.21752
      vertex 219.307 0.693438 6.76537
    endloop
  endfacet
  facet normal 0.5279 -0.688543 0.497223
    outer loop
      vertex 219.307 0.693438 6.76537
      vertex 218.793 0.625873 7.21752
      vertex 218.924 0.399795 6.76537
    endloop
  endfacet
  facet normal 0.332564 -0.801444 0.49708
    outer loop
      vertex 218.793 0.625873 7.21752
      vertex 218.411 0.46736 7.21752
      vertex 218.924 0.399795 6.76537
    endloop
  endfacet
  facet normal 0.588157 -0.767115 0.256136
    outer loop
      vertex 219.307 0.693438 6.76537
      vertex 218.991 0.282767 6.26105
      vertex 219.402 0.597886 6.26105
    endloop
  endfacet
  facet normal 0.801685 -0.332798 0.496535
    outer loop
      vertex 219.785 1.52177 6.76537
      vertex 219.533 1.58933 7.21752
      vertex 219.6 1.07612 6.76537
    endloop
  endfacet
  facet normal 0.801473 -0.333005 0.496738
    outer loop
      vertex 219.533 1.58933 7.21752
      vertex 219.374 1.20665 7.21752
      vertex 219.6 1.07612 6.76537
    endloop
  endfacet
  facet normal -0.332119 -0.801812 0.496785
    outer loop
      vertex 1.58933 0.46736 7.21752
      vertex 1.07612 0.399795 6.76537
      vertex 1.52177 0.215202 6.76537
    endloop
  endfacet
  facet normal -0.113281 -0.860448 0.496787
    outer loop
      vertex 1.58933 0.46736 7.21752
      vertex 1.52177 0.215202 6.76537
      vertex 2 0.413294 7.21752
    endloop
  endfacet
  facet normal -0.704069 -0.0926939 0.704056
    outer loop
      vertex 0.782477 2 7.58671
      vertex 0.46736 1.58933 7.21752
      vertex 0.823964 1.68488 7.58671
    endloop
  endfacet
  facet normal -0.892911 -0.369853 0.256747
    outer loop
      vertex 0.399795 1.07612 6.76537
      vertex 0.215202 1.52177 6.76537
      vertex 0.282767 1.00856 6.26105
    endloop
  endfacet
  facet normal 0.24113 0.099514 0.965377
    outer loop
      vertex 218.663 108.383 7.84776
      vertex 218.226 108.131 7.98289
      vertex 218.252 108.068 7.98289
    endloop
  endfacet
  facet normal 0.159646 0.206754 0.96528
    outer loop
      vertex 218.383 108.663 7.84776
      vertex 218.185 108.185 7.98289
      vertex 218.541 108.541 7.84776
    endloop
  endfacet
  facet normal -0.258697 0.0340748 0.965357
    outer loop
      vertex 1.26071 108.198 7.84776
      vertex 1.23463 108 7.84776
      vertex 1.74784 108.068 7.98289
    endloop
  endfacet
  facet normal -0.258667 0.0338169 0.965374
    outer loop
      vertex 1.74784 108.068 7.98289
      vertex 1.23463 108 7.84776
      vertex 1.73895 108 7.98289
    endloop
  endfacet
  facet normal 0.563864 0.431848 0.703964
    outer loop
      vertex 219.374 108.793 7.21752
      vertex 218.861 108.861 7.58671
      vertex 219.054 108.609 7.58671
    endloop
  endfacet
  facet normal 0.431889 0.563856 0.703945
    outer loop
      vertex 219.122 109.122 7.21752
      vertex 218.793 109.374 7.21752
      vertex 218.861 108.861 7.58671
    endloop
  endfacet
  facet normal 0.0937878 0.703409 0.704571
    outer loop
      vertex 218.411 109.533 7.21752
      vertex 218 109.218 7.58671
      vertex 218.315 109.176 7.58671
    endloop
  endfacet
  facet normal 0.0664698 0.498524 0.864324
    outer loop
      vertex 218.315 109.176 7.58671
      vertex 218 109.218 7.58671
      vertex 218.198 108.739 7.84776
    endloop
  endfacet
  facet normal 0.65552 0.272847 0.704164
    outer loop
      vertex 219.374 108.793 7.21752
      vertex 219.054 108.609 7.58671
      vertex 219.533 108.411 7.21752
    endloop
  endfacet
  facet normal 0.703409 0.0937878 0.704571
    outer loop
      vertex 219.533 108.411 7.21752
      vertex 219.176 108.315 7.58671
      vertex 219.218 108 7.58671
    endloop
  endfacet
  facet normal 0.563705 -0.431453 -0.704333
    outer loop
      vertex 219.374 1.20665 0.782477
      vertex 218.861 1.13908 0.413294
      vertex 219.054 1.39124 0.413294
    endloop
  endfacet
  facet normal 0.563565 -0.432166 -0.704007
    outer loop
      vertex 219.122 0.87803 0.782477
      vertex 218.861 1.13908 0.413294
      vertex 219.374 1.20665 0.782477
    endloop
  endfacet
  facet normal 0.498232 -0.0653946 -0.864574
    outer loop
      vertex 219.218 2 0.413294
      vertex 218.739 1.80191 0.152242
      vertex 218.765 2 0.152242
    endloop
  endfacet
  facet normal 0.498529 -0.0664452 -0.864323
    outer loop
      vertex 219.176 1.68488 0.413294
      vertex 218.739 1.80191 0.152242
      vertex 219.218 2 0.413294
    endloop
  endfacet
  facet normal -0.563679 0.432023 -0.704004
    outer loop
      vertex 1.13908 108.861 0.413294
      vertex 0.625873 108.793 0.782477
      vertex 0.87803 109.122 0.782477
    endloop
  endfacet
  facet normal -0.432166 0.563565 -0.704007
    outer loop
      vertex 1.13908 108.861 0.413294
      vertex 0.87803 109.122 0.782477
      vertex 1.20665 109.374 0.782477
    endloop
  endfacet
  facet normal 0.7937 0.60831 0
    outer loop
      vertex 219.717 108.991 6.26105
      vertex 219.402 109.402 1.73895
      vertex 219.402 109.402 6.26105
    endloop
  endfacet
  facet normal 0.7937 0.60831 0
    outer loop
      vertex 219.402 109.402 1.73895
      vertex 219.717 108.991 6.26105
      vertex 219.717 108.991 1.73895
    endloop
  endfacet
  facet normal -0.707113 0 0.7071
    outer loop
      vertex 0.413294 2 7.21752
      vertex 0.782477 108 7.58671
      vertex 0.413294 108 7.21752
    endloop
  endfacet
  facet normal -0.707113 0 0.7071
    outer loop
      vertex 0.782477 108 7.58671
      vertex 0.413294 2 7.21752
      vertex 0.782477 2 7.58671
    endloop
  endfacet
  facet normal -0.399239 -0.30634 0.864155
    outer loop
      vertex 1.4588 1.4588 7.84776
      vertex 0.945595 1.39124 7.58671
      vertex 1.13908 1.13908 7.58671
    endloop
  endfacet
  facet normal -0.5634 -0.432303 0.704056
    outer loop
      vertex 0.945595 1.39124 7.58671
      vertex 0.625873 1.20665 7.21752
      vertex 1.13908 1.13908 7.58671
    endloop
  endfacet
  facet normal 0.207625 0.157641 0.965423
    outer loop
      vertex 218.663 108.383 7.84776
      vertex 218.185 108.185 7.98289
      vertex 218.226 108.131 7.98289
    endloop
  endfacet
  facet normal -0.0937606 0.703472 0.704511
    outer loop
      vertex 2 109.218 7.58671
      vertex 1.58933 109.533 7.21752
      vertex 1.68488 109.176 7.58671
    endloop
  endfacet
  facet normal -0.272351 0.655517 0.70436
    outer loop
      vertex 1.58933 109.533 7.21752
      vertex 1.39124 109.054 7.58671
      vertex 1.68488 109.176 7.58671
    endloop
  endfacet
  facet normal -0.206938 0.158997 0.965348
    outer loop
      vertex 1.81541 108.185 7.98289
      vertex 1.33717 108.383 7.84776
      vertex 1.77392 108.131 7.98289
    endloop
  endfacet
  facet normal 0.466048 0.191457 0.863796
    outer loop
      vertex 219.054 108.609 7.58671
      vertex 218.663 108.383 7.84776
      vertex 218.739 108.198 7.84776
    endloop
  endfacet
  facet normal 0.398759 0.307902 0.863822
    outer loop
      vertex 219.054 108.609 7.58671
      vertex 218.541 108.541 7.84776
      vertex 218.663 108.383 7.84776
    endloop
  endfacet
  facet normal 0.52746 0.688629 0.49757
    outer loop
      vertex 219.307 109.307 6.76537
      vertex 218.793 109.374 7.21752
      vertex 219.122 109.122 7.21752
    endloop
  endfacet
  facet normal 0.563856 0.431889 0.703945
    outer loop
      vertex 219.122 109.122 7.21752
      vertex 218.861 108.861 7.58671
      vertex 219.374 108.793 7.21752
    endloop
  endfacet
  facet normal 0.333446 0.801109 0.49703
    outer loop
      vertex 218.924 109.6 6.76537
      vertex 218.411 109.533 7.21752
      vertex 218.793 109.374 7.21752
    endloop
  endfacet
  facet normal 0.332641 0.801934 0.496238
    outer loop
      vertex 218.478 109.785 6.76537
      vertex 218.411 109.533 7.21752
      vertex 218.924 109.6 6.76537
    endloop
  endfacet
  facet normal 0.464651 0.192814 0.864247
    outer loop
      vertex 219.054 108.609 7.58671
      vertex 218.739 108.198 7.84776
      vertex 219.176 108.315 7.58671
    endloop
  endfacet
  facet normal 0.498524 0.0664698 0.864324
    outer loop
      vertex 219.176 108.315 7.58671
      vertex 218.739 108.198 7.84776
      vertex 219.218 108 7.58671
    endloop
  endfacet
  facet normal -0.801812 -0.332119 0.496785
    outer loop
      vertex 0.46736 1.58933 7.21752
      vertex 0.215202 1.52177 6.76537
      vertex 0.399795 1.07612 6.76537
    endloop
  endfacet
  facet normal -0.801807 -0.332123 0.496789
    outer loop
      vertex 0.46736 1.58933 7.21752
      vertex 0.399795 1.07612 6.76537
      vertex 0.625873 1.20665 7.21752
    endloop
  endfacet
  facet normal 0.431848 0.563864 0.703964
    outer loop
      vertex 218.793 109.374 7.21752
      vertex 218.609 109.054 7.58671
      vertex 218.861 108.861 7.58671
    endloop
  endfacet
  facet normal 0.305806 0.399291 0.86432
    outer loop
      vertex 218.609 109.054 7.58671
      vertex 218.541 108.541 7.84776
      vertex 218.861 108.861 7.58671
    endloop
  endfacet
endsolid OpenSCAD_Model
