solid OpenSCAD_Model
  facet normal 0.706834 0.027774 -0.706834
    outer loop
      vertex 20.5 0 0
      vertex 20.4368 1.60841 0
      vertex 22 0 1.5
    endloop
  endfacet
  facet normal -0.706834 -0.027774 -0.706834
    outer loop
      vertex -20.4368 -1.60841 0
      vertex -22 0 1.5
      vertex -20.5 0 0
    endloop
  endfacet
  facet normal -0.480176 0.519466 -0.706814
    outer loop
      vertex -14.4957 14.4957 0
      vertex -15.5563 15.5563 1.5
      vertex -13.3137 15.5883 0
    endloop
  endfacet
  facet normal 0.480176 -0.519466 -0.706814
    outer loop
      vertex 15.5563 -15.5563 1.5
      vertex 13.3137 -15.5883 0
      vertex 14.4957 -14.4957 0
    endloop
  endfacet
  facet normal 0.702483 0.0831466 -0.706826
    outer loop
      vertex 20.4368 1.60841 0
      vertex 20.2476 3.20691 0
      vertex 21.7291 3.44156 1.5
    endloop
  endfacet
  facet normal -0.588148 -0.392992 -0.706852
    outer loop
      vertex -16.5848 -12.0496 0
      vertex -17.7984 -12.9313 1.5
      vertex -17.4791 -10.7112 0
    endloop
  endfacet
  facet normal -0.480176 -0.519466 -0.706814
    outer loop
      vertex -13.3137 -15.5883 0
      vertex -15.5563 -15.5563 1.5
      vertex -14.4957 -14.4957 0
    endloop
  endfacet
  facet normal 0.706829 0.0277637 -0.70684
    outer loop
      vertex 22 0 1.5
      vertex 20.4368 1.60841 0
      vertex 21.9322 1.7261 1.5
    endloop
  endfacet
  facet normal -0.706834 0.027774 -0.706834
    outer loop
      vertex -20.5 0 0
      vertex -22 0 1.5
      vertex -20.4368 1.60841 0
    endloop
  endfacet
  facet normal 0.680832 0.192017 -0.706822
    outer loop
      vertex 21.3921 5.1358 1.5
      vertex 19.9336 4.78563 0
      vertex 20.9232 6.79837 1.5
    endloop
  endfacet
  facet normal 0.437943 -0.555506 -0.706837
    outer loop
      vertex 14.2879 -16.7289 1.5
      vertex 12.9313 -17.7984 1.5
      vertex 13.3137 -15.5883 0
    endloop
  endfacet
  facet normal -0.6172 -0.345617 -0.706833
    outer loop
      vertex -18.7581 -11.495 1.5
      vertex -19.6021 -9.98779 1.5
      vertex -18.2656 -9.3068 0
    endloop
  endfacet
  facet normal -0.027774 0.706834 -0.706834
    outer loop
      vertex 0 20.5 0
      vertex -1.60841 20.4368 0
      vertex 0 22 1.5
    endloop
  endfacet
  facet normal 0.6938 -0.138003 -0.706821
    outer loop
      vertex 21.3921 -5.1358 1.5
      vertex 19.9336 -4.78563 0
      vertex 21.7291 -3.44156 1.5
    endloop
  endfacet
  facet normal -0.519466 0.480176 -0.706814
    outer loop
      vertex -14.4957 14.4957 0
      vertex -15.5883 13.3137 0
      vertex -15.5563 15.5563 1.5
    endloop
  endfacet
  facet normal 0.702468 0.0831679 -0.706839
    outer loop
      vertex 21.9322 1.7261 1.5
      vertex 20.4368 1.60841 0
      vertex 21.7291 3.44156 1.5
    endloop
  endfacet
  facet normal 0.555506 0.437943 -0.706837
    outer loop
      vertex 17.7984 12.9313 1.5
      vertex 15.5883 13.3137 0
      vertex 16.7289 14.2879 1.5
    endloop
  endfacet
  facet normal 0.192017 0.680832 -0.706822
    outer loop
      vertex 6.79837 20.9232 1.5
      vertex 4.78563 19.9336 0
      vertex 5.1358 21.3921 1.5
    endloop
  endfacet
  facet normal -0.137993 0.693797 -0.706827
    outer loop
      vertex -3.20691 20.2476 0
      vertex -4.78563 19.9336 0
      vertex -3.44156 21.7291 1.5
    endloop
  endfacet
  facet normal -0.6938 -0.138003 -0.706821
    outer loop
      vertex -21.3921 -5.1358 1.5
      vertex -21.7291 -3.44156 1.5
      vertex -19.9336 -4.78563 0
    endloop
  endfacet
  facet normal 0.642407 -0.29615 -0.706829
    outer loop
      vertex 19.6021 -9.98779 1.5
      vertex 18.9395 -7.84501 0
      vertex 20.3253 -8.41903 1.5
    endloop
  endfacet
  facet normal 0.29615 -0.642407 -0.706829
    outer loop
      vertex 8.41903 -20.3253 1.5
      vertex 7.84501 -18.9395 0
      vertex 9.98779 -19.6021 1.5
    endloop
  endfacet
  facet normal -0.555506 -0.437943 -0.706837
    outer loop
      vertex -16.7289 -14.2879 1.5
      vertex -17.7984 -12.9313 1.5
      vertex -15.5883 -13.3137 0
    endloop
  endfacet
  facet normal -0.555506 0.437943 -0.706837
    outer loop
      vertex -15.5883 13.3137 0
      vertex -17.7984 12.9313 1.5
      vertex -16.7289 14.2879 1.5
    endloop
  endfacet
  facet normal -0.680832 0.192017 -0.706822
    outer loop
      vertex -19.9336 4.78563 0
      vertex -21.3921 5.1358 1.5
      vertex -20.9232 6.79837 1.5
    endloop
  endfacet
  facet normal 0.0831679 -0.702468 -0.706839
    outer loop
      vertex 1.7261 -21.9322 1.5
      vertex 1.60841 -20.4368 0
      vertex 3.44156 -21.7291 1.5
    endloop
  endfacet
  facet normal -0.437943 0.555506 -0.706837
    outer loop
      vertex -13.3137 15.5883 0
      vertex -14.2879 16.7289 1.5
      vertex -12.9313 17.7984 1.5
    endloop
  endfacet
  facet normal 0.663661 0.24484 -0.706829
    outer loop
      vertex 20.9232 6.79837 1.5
      vertex 18.9395 7.84501 0
      vertex 20.3253 8.41903 1.5
    endloop
  endfacet
  facet normal -0.706829 0.0277637 -0.70684
    outer loop
      vertex -20.4368 1.60841 0
      vertex -22 0 1.5
      vertex -21.9322 1.7261 1.5
    endloop
  endfacet
  facet normal -0.24484 -0.663661 -0.706829
    outer loop
      vertex -6.79837 -20.9232 1.5
      vertex -8.41903 -20.3253 1.5
      vertex -7.84501 -18.9395 0
    endloop
  endfacet
  facet normal -0.29615 -0.642407 -0.706829
    outer loop
      vertex -8.41903 -20.3253 1.5
      vertex -9.98779 -19.6021 1.5
      vertex -7.84501 -18.9395 0
    endloop
  endfacet
  facet normal 0.642402 -0.296154 -0.706832
    outer loop
      vertex 19.6021 -9.98779 1.5
      vertex 18.2656 -9.3068 0
      vertex 18.9395 -7.84501 0
    endloop
  endfacet
  facet normal -0.192017 0.680832 -0.706822
    outer loop
      vertex -4.78563 19.9336 0
      vertex -6.79837 20.9232 1.5
      vertex -5.1358 21.3921 1.5
    endloop
  endfacet
  facet normal -0.0277637 0.706829 -0.70684
    outer loop
      vertex -1.60841 20.4368 0
      vertex -1.7261 21.9322 1.5
      vertex 0 22 1.5
    endloop
  endfacet
  facet normal -0.138003 0.6938 -0.706821
    outer loop
      vertex -4.78563 19.9336 0
      vertex -5.1358 21.3921 1.5
      vertex -3.44156 21.7291 1.5
    endloop
  endfacet
  facet normal -0.480191 -0.519422 -0.706836
    outer loop
      vertex -14.2879 -16.7289 1.5
      vertex -15.5563 -15.5563 1.5
      vertex -13.3137 -15.5883 0
    endloop
  endfacet
  facet normal 0.519422 0.480191 -0.706836
    outer loop
      vertex 15.5883 13.3137 0
      vertex 15.5563 15.5563 1.5
      vertex 16.7289 14.2879 1.5
    endloop
  endfacet
  facet normal -0.680832 -0.192017 -0.706822
    outer loop
      vertex -20.9232 -6.79837 1.5
      vertex -21.3921 -5.1358 1.5
      vertex -19.9336 -4.78563 0
    endloop
  endfacet
  facet normal -0.296154 0.642402 -0.706832
    outer loop
      vertex -9.3068 18.2656 0
      vertex -9.98779 19.6021 1.5
      vertex -7.84501 18.9395 0
    endloop
  endfacet
  facet normal 0.392989 -0.588153 -0.706849
    outer loop
      vertex 11.495 -18.7581 1.5
      vertex 10.7112 -17.4791 0
      vertex 12.9313 -17.7984 1.5
    endloop
  endfacet
  facet normal 0.680843 -0.192006 -0.706814
    outer loop
      vertex 20.9232 -6.79837 1.5
      vertex 19.4967 -6.33485 0
      vertex 19.9336 -4.78563 0
    endloop
  endfacet
  facet normal 0.680843 0.192006 -0.706814
    outer loop
      vertex 19.9336 4.78563 0
      vertex 19.4967 6.33485 0
      vertex 20.9232 6.79837 1.5
    endloop
  endfacet
  facet normal 0.392992 -0.588148 -0.706852
    outer loop
      vertex 12.9313 -17.7984 1.5
      vertex 10.7112 -17.4791 0
      vertex 12.0496 -16.5848 0
    endloop
  endfacet
  facet normal -0.192006 -0.680843 -0.706814
    outer loop
      vertex -4.78563 -19.9336 0
      vertex -6.79837 -20.9232 1.5
      vertex -6.33485 -19.4967 0
    endloop
  endfacet
  facet normal -0.192006 0.680843 -0.706814
    outer loop
      vertex -6.33485 19.4967 0
      vertex -6.79837 20.9232 1.5
      vertex -4.78563 19.9336 0
    endloop
  endfacet
  facet normal -0.345633 -0.617174 -0.706848
    outer loop
      vertex -9.3068 -18.2656 0
      vertex -11.495 -18.7581 1.5
      vertex -10.7112 -17.4791 0
    endloop
  endfacet
  facet normal 0.555506 -0.437943 -0.706837
    outer loop
      vertex 16.7289 -14.2879 1.5
      vertex 15.5883 -13.3137 0
      vertex 17.7984 -12.9313 1.5
    endloop
  endfacet
  facet normal 0.0277637 0.706829 -0.70684
    outer loop
      vertex 1.60841 20.4368 0
      vertex 0 22 1.5
      vertex 1.7261 21.9322 1.5
    endloop
  endfacet
  facet normal -0.706829 -0.0277637 -0.70684
    outer loop
      vertex -21.9322 -1.7261 1.5
      vertex -22 0 1.5
      vertex -20.4368 -1.60841 0
    endloop
  endfacet
  facet normal 0.6172 0.345617 -0.706833
    outer loop
      vertex 19.6021 9.98779 1.5
      vertex 18.2656 9.3068 0
      vertex 18.7581 11.495 1.5
    endloop
  endfacet
  facet normal -0.588148 0.392992 -0.706852
    outer loop
      vertex -17.4791 10.7112 0
      vertex -17.7984 12.9313 1.5
      vertex -16.5848 12.0496 0
    endloop
  endfacet
  facet normal 0.480191 -0.519422 -0.706836
    outer loop
      vertex 14.2879 -16.7289 1.5
      vertex 13.3137 -15.5883 0
      vertex 15.5563 -15.5563 1.5
    endloop
  endfacet
  facet normal -0.192017 -0.680832 -0.706822
    outer loop
      vertex -5.1358 -21.3921 1.5
      vertex -6.79837 -20.9232 1.5
      vertex -4.78563 -19.9336 0
    endloop
  endfacet
  facet normal 0.137993 0.693797 -0.706827
    outer loop
      vertex 4.78563 19.9336 0
      vertex 3.20691 20.2476 0
      vertex 3.44156 21.7291 1.5
    endloop
  endfacet
  facet normal 0.437914 -0.555511 -0.706851
    outer loop
      vertex 12.9313 -17.7984 1.5
      vertex 12.0496 -16.5848 0
      vertex 13.3137 -15.5883 0
    endloop
  endfacet
  facet normal 0.138003 -0.6938 -0.706821
    outer loop
      vertex 5.1358 -21.3921 1.5
      vertex 3.44156 -21.7291 1.5
      vertex 4.78563 -19.9336 0
    endloop
  endfacet
  facet normal -0.345633 0.617174 -0.706848
    outer loop
      vertex -10.7112 17.4791 0
      vertex -11.495 18.7581 1.5
      vertex -9.3068 18.2656 0
    endloop
  endfacet
  facet normal -0.345617 0.6172 -0.706833
    outer loop
      vertex -9.3068 18.2656 0
      vertex -11.495 18.7581 1.5
      vertex -9.98779 19.6021 1.5
    endloop
  endfacet
  facet normal 0.663661 -0.24484 -0.706829
    outer loop
      vertex 20.3253 -8.41903 1.5
      vertex 18.9395 -7.84501 0
      vertex 20.9232 -6.79837 1.5
    endloop
  endfacet
  facet normal 0.706834 -0.027774 -0.706834
    outer loop
      vertex 22 0 1.5
      vertex 20.4368 -1.60841 0
      vertex 20.5 0 0
    endloop
  endfacet
  facet normal 0.706829 -0.0277637 -0.70684
    outer loop
      vertex 21.9322 -1.7261 1.5
      vertex 20.4368 -1.60841 0
      vertex 22 0 1.5
    endloop
  endfacet
  facet normal -0.437914 0.555511 -0.706851
    outer loop
      vertex -12.0496 16.5848 0
      vertex -13.3137 15.5883 0
      vertex -12.9313 17.7984 1.5
    endloop
  endfacet
  facet normal 0.027774 -0.706834 -0.706834
    outer loop
      vertex 1.60841 -20.4368 0
      vertex 0 -22 1.5
      vertex 0 -20.5 0
    endloop
  endfacet
  facet normal 0.642407 0.29615 -0.706829
    outer loop
      vertex 20.3253 8.41903 1.5
      vertex 18.9395 7.84501 0
      vertex 19.6021 9.98779 1.5
    endloop
  endfacet
  facet normal 0.345617 0.6172 -0.706833
    outer loop
      vertex 11.495 18.7581 1.5
      vertex 9.3068 18.2656 0
      vertex 9.98779 19.6021 1.5
    endloop
  endfacet
  facet normal 0.244871 0.663665 -0.706814
    outer loop
      vertex 7.84501 18.9395 0
      vertex 6.33485 19.4967 0
      vertex 6.79837 20.9232 1.5
    endloop
  endfacet
  facet normal 0.702468 -0.0831679 -0.706839
    outer loop
      vertex 21.7291 -3.44156 1.5
      vertex 20.4368 -1.60841 0
      vertex 21.9322 -1.7261 1.5
    endloop
  endfacet
  facet normal -0.702468 -0.0831679 -0.706839
    outer loop
      vertex -21.7291 -3.44156 1.5
      vertex -21.9322 -1.7261 1.5
      vertex -20.4368 -1.60841 0
    endloop
  endfacet
  facet normal -0.296154 -0.642402 -0.706832
    outer loop
      vertex -7.84501 -18.9395 0
      vertex -9.98779 -19.6021 1.5
      vertex -9.3068 -18.2656 0
    endloop
  endfacet
  facet normal 0.588153 0.392989 -0.706849
    outer loop
      vertex 18.7581 11.495 1.5
      vertex 17.4791 10.7112 0
      vertex 17.7984 12.9313 1.5
    endloop
  endfacet
  facet normal 0.345633 0.617174 -0.706848
    outer loop
      vertex 10.7112 17.4791 0
      vertex 9.3068 18.2656 0
      vertex 11.495 18.7581 1.5
    endloop
  endfacet
  facet normal -0.617174 0.345633 -0.706848
    outer loop
      vertex -18.2656 9.3068 0
      vertex -18.7581 11.495 1.5
      vertex -17.4791 10.7112 0
    endloop
  endfacet
  facet normal 0.0277637 -0.706829 -0.70684
    outer loop
      vertex 1.7261 -21.9322 1.5
      vertex 0 -22 1.5
      vertex 1.60841 -20.4368 0
    endloop
  endfacet
  facet normal -0.6172 0.345617 -0.706833
    outer loop
      vertex -18.2656 9.3068 0
      vertex -19.6021 9.98779 1.5
      vertex -18.7581 11.495 1.5
    endloop
  endfacet
  facet normal -0.027774 -0.706834 -0.706834
    outer loop
      vertex 0 -22 1.5
      vertex -1.60841 -20.4368 0
      vertex 0 -20.5 0
    endloop
  endfacet
  facet normal 0.345617 -0.6172 -0.706833
    outer loop
      vertex 9.98779 -19.6021 1.5
      vertex 9.3068 -18.2656 0
      vertex 11.495 -18.7581 1.5
    endloop
  endfacet
  facet normal -0.138003 -0.6938 -0.706821
    outer loop
      vertex -3.44156 -21.7291 1.5
      vertex -5.1358 -21.3921 1.5
      vertex -4.78563 -19.9336 0
    endloop
  endfacet
  facet normal -0.555511 -0.437914 -0.706851
    outer loop
      vertex -15.5883 -13.3137 0
      vertex -17.7984 -12.9313 1.5
      vertex -16.5848 -12.0496 0
    endloop
  endfacet
  facet normal -0.29615 0.642407 -0.706829
    outer loop
      vertex -7.84501 18.9395 0
      vertex -9.98779 19.6021 1.5
      vertex -8.41903 20.3253 1.5
    endloop
  endfacet
  facet normal 0.437914 0.555511 -0.706851
    outer loop
      vertex 13.3137 15.5883 0
      vertex 12.0496 16.5848 0
      vertex 12.9313 17.7984 1.5
    endloop
  endfacet
  facet normal 0.345633 -0.617174 -0.706848
    outer loop
      vertex 11.495 -18.7581 1.5
      vertex 9.3068 -18.2656 0
      vertex 10.7112 -17.4791 0
    endloop
  endfacet
  facet normal 0.663665 -0.244871 -0.706814
    outer loop
      vertex 20.9232 -6.79837 1.5
      vertex 18.9395 -7.84501 0
      vertex 19.4967 -6.33485 0
    endloop
  endfacet
  facet normal 0.6172 -0.345617 -0.706833
    outer loop
      vertex 18.7581 -11.495 1.5
      vertex 18.2656 -9.3068 0
      vertex 19.6021 -9.98779 1.5
    endloop
  endfacet
  facet normal -0.642407 0.29615 -0.706829
    outer loop
      vertex -18.9395 7.84501 0
      vertex -20.3253 8.41903 1.5
      vertex -19.6021 9.98779 1.5
    endloop
  endfacet
  facet normal -0.702468 0.0831679 -0.706839
    outer loop
      vertex -20.4368 1.60841 0
      vertex -21.9322 1.7261 1.5
      vertex -21.7291 3.44156 1.5
    endloop
  endfacet
  facet normal -0.693797 -0.137993 -0.706827
    outer loop
      vertex -19.9336 -4.78563 0
      vertex -21.7291 -3.44156 1.5
      vertex -20.2476 -3.20691 0
    endloop
  endfacet
  facet normal -0.137993 -0.693797 -0.706827
    outer loop
      vertex -3.44156 -21.7291 1.5
      vertex -4.78563 -19.9336 0
      vertex -3.20691 -20.2476 0
    endloop
  endfacet
  facet normal -0.392992 -0.588148 -0.706852
    outer loop
      vertex -10.7112 -17.4791 0
      vertex -12.9313 -17.7984 1.5
      vertex -12.0496 -16.5848 0
    endloop
  endfacet
  facet normal -0.663661 0.24484 -0.706829
    outer loop
      vertex -18.9395 7.84501 0
      vertex -20.9232 6.79837 1.5
      vertex -20.3253 8.41903 1.5
    endloop
  endfacet
  facet normal -0.437943 -0.555506 -0.706837
    outer loop
      vertex -12.9313 -17.7984 1.5
      vertex -14.2879 -16.7289 1.5
      vertex -13.3137 -15.5883 0
    endloop
  endfacet
  facet normal 0.680832 -0.192017 -0.706822
    outer loop
      vertex 20.9232 -6.79837 1.5
      vertex 19.9336 -4.78563 0
      vertex 21.3921 -5.1358 1.5
    endloop
  endfacet
  facet normal 0.0831679 0.702468 -0.706839
    outer loop
      vertex 3.44156 21.7291 1.5
      vertex 1.60841 20.4368 0
      vertex 1.7261 21.9322 1.5
    endloop
  endfacet
  facet normal -0.244871 0.663665 -0.706814
    outer loop
      vertex -6.33485 19.4967 0
      vertex -7.84501 18.9395 0
      vertex -6.79837 20.9232 1.5
    endloop
  endfacet
  facet normal -0.24484 0.663661 -0.706829
    outer loop
      vertex -7.84501 18.9395 0
      vertex -8.41903 20.3253 1.5
      vertex -6.79837 20.9232 1.5
    endloop
  endfacet
  facet normal 0.437943 0.555506 -0.706837
    outer loop
      vertex 13.3137 15.5883 0
      vertex 12.9313 17.7984 1.5
      vertex 14.2879 16.7289 1.5
    endloop
  endfacet
  facet normal 0.29615 0.642407 -0.706829
    outer loop
      vertex 9.98779 19.6021 1.5
      vertex 7.84501 18.9395 0
      vertex 8.41903 20.3253 1.5
    endloop
  endfacet
  facet normal -0.0831679 0.702468 -0.706839
    outer loop
      vertex -1.60841 20.4368 0
      vertex -3.44156 21.7291 1.5
      vertex -1.7261 21.9322 1.5
    endloop
  endfacet
  facet normal -0.345617 -0.6172 -0.706833
    outer loop
      vertex -9.98779 -19.6021 1.5
      vertex -11.495 -18.7581 1.5
      vertex -9.3068 -18.2656 0
    endloop
  endfacet
  facet normal 0.027774 0.706834 -0.706834
    outer loop
      vertex 1.60841 20.4368 0
      vertex 0 20.5 0
      vertex 0 22 1.5
    endloop
  endfacet
  facet normal -0.519422 0.480191 -0.706836
    outer loop
      vertex -15.5883 13.3137 0
      vertex -16.7289 14.2879 1.5
      vertex -15.5563 15.5563 1.5
    endloop
  endfacet
  facet normal 0.24484 0.663661 -0.706829
    outer loop
      vertex 7.84501 18.9395 0
      vertex 6.79837 20.9232 1.5
      vertex 8.41903 20.3253 1.5
    endloop
  endfacet
  facet normal 0.702483 -0.0831466 -0.706826
    outer loop
      vertex 21.7291 -3.44156 1.5
      vertex 20.2476 -3.20691 0
      vertex 20.4368 -1.60841 0
    endloop
  endfacet
  facet normal 0.693797 -0.137993 -0.706827
    outer loop
      vertex 21.7291 -3.44156 1.5
      vertex 19.9336 -4.78563 0
      vertex 20.2476 -3.20691 0
    endloop
  endfacet
  facet normal -0.693797 0.137993 -0.706827
    outer loop
      vertex -20.2476 3.20691 0
      vertex -21.7291 3.44156 1.5
      vertex -19.9336 4.78563 0
    endloop
  endfacet
  facet normal -0.702483 0.0831466 -0.706826
    outer loop
      vertex -20.4368 1.60841 0
      vertex -21.7291 3.44156 1.5
      vertex -20.2476 3.20691 0
    endloop
  endfacet
  facet normal 0.192006 0.680843 -0.706814
    outer loop
      vertex 6.33485 19.4967 0
      vertex 4.78563 19.9336 0
      vertex 6.79837 20.9232 1.5
    endloop
  endfacet
  facet normal 0.519466 0.480176 -0.706814
    outer loop
      vertex 15.5883 13.3137 0
      vertex 14.4957 14.4957 0
      vertex 15.5563 15.5563 1.5
    endloop
  endfacet
  facet normal 0.192006 -0.680843 -0.706814
    outer loop
      vertex 6.79837 -20.9232 1.5
      vertex 4.78563 -19.9336 0
      vertex 6.33485 -19.4967 0
    endloop
  endfacet
  facet normal -0.0831466 0.702483 -0.706826
    outer loop
      vertex -3.20691 20.2476 0
      vertex -3.44156 21.7291 1.5
      vertex -1.60841 20.4368 0
    endloop
  endfacet
  facet normal 0.138003 0.6938 -0.706821
    outer loop
      vertex 4.78563 19.9336 0
      vertex 3.44156 21.7291 1.5
      vertex 5.1358 21.3921 1.5
    endloop
  endfacet
  facet normal -0.663665 -0.244871 -0.706814
    outer loop
      vertex -18.9395 -7.84501 0
      vertex -20.9232 -6.79837 1.5
      vertex -19.4967 -6.33485 0
    endloop
  endfacet
  facet normal 0.663665 0.244871 -0.706814
    outer loop
      vertex 19.4967 6.33485 0
      vertex 18.9395 7.84501 0
      vertex 20.9232 6.79837 1.5
    endloop
  endfacet
  facet normal -0.392992 0.588148 -0.706852
    outer loop
      vertex -12.0496 16.5848 0
      vertex -12.9313 17.7984 1.5
      vertex -10.7112 17.4791 0
    endloop
  endfacet
  facet normal -0.617174 -0.345633 -0.706848
    outer loop
      vertex -17.4791 -10.7112 0
      vertex -18.7581 -11.495 1.5
      vertex -18.2656 -9.3068 0
    endloop
  endfacet
  facet normal -0.588153 -0.392989 -0.706849
    outer loop
      vertex -17.7984 -12.9313 1.5
      vertex -18.7581 -11.495 1.5
      vertex -17.4791 -10.7112 0
    endloop
  endfacet
  facet normal 0.137993 -0.693797 -0.706827
    outer loop
      vertex 3.44156 -21.7291 1.5
      vertex 3.20691 -20.2476 0
      vertex 4.78563 -19.9336 0
    endloop
  endfacet
  facet normal 0.0831466 -0.702483 -0.706826
    outer loop
      vertex 3.44156 -21.7291 1.5
      vertex 1.60841 -20.4368 0
      vertex 3.20691 -20.2476 0
    endloop
  endfacet
  facet normal -0.244871 -0.663665 -0.706814
    outer loop
      vertex -6.79837 -20.9232 1.5
      vertex -7.84501 -18.9395 0
      vertex -6.33485 -19.4967 0
    endloop
  endfacet
  facet normal 0.555511 0.437914 -0.706851
    outer loop
      vertex 16.5848 12.0496 0
      vertex 15.5883 13.3137 0
      vertex 17.7984 12.9313 1.5
    endloop
  endfacet
  facet normal -0.6938 0.138003 -0.706821
    outer loop
      vertex -19.9336 4.78563 0
      vertex -21.7291 3.44156 1.5
      vertex -21.3921 5.1358 1.5
    endloop
  endfacet
  facet normal 0.617174 -0.345633 -0.706848
    outer loop
      vertex 18.7581 -11.495 1.5
      vertex 17.4791 -10.7112 0
      vertex 18.2656 -9.3068 0
    endloop
  endfacet
  facet normal 0.296154 -0.642402 -0.706832
    outer loop
      vertex 9.98779 -19.6021 1.5
      vertex 7.84501 -18.9395 0
      vertex 9.3068 -18.2656 0
    endloop
  endfacet
  facet normal 0.519422 -0.480191 -0.706836
    outer loop
      vertex 16.7289 -14.2879 1.5
      vertex 15.5563 -15.5563 1.5
      vertex 15.5883 -13.3137 0
    endloop
  endfacet
  facet normal 0.519466 -0.480176 -0.706814
    outer loop
      vertex 15.5563 -15.5563 1.5
      vertex 14.4957 -14.4957 0
      vertex 15.5883 -13.3137 0
    endloop
  endfacet
  facet normal 0.588153 -0.392989 -0.706849
    outer loop
      vertex 17.7984 -12.9313 1.5
      vertex 17.4791 -10.7112 0
      vertex 18.7581 -11.495 1.5
    endloop
  endfacet
  facet normal 0.480176 0.519466 -0.706814
    outer loop
      vertex 14.4957 14.4957 0
      vertex 13.3137 15.5883 0
      vertex 15.5563 15.5563 1.5
    endloop
  endfacet
  facet normal 0.480191 0.519422 -0.706836
    outer loop
      vertex 15.5563 15.5563 1.5
      vertex 13.3137 15.5883 0
      vertex 14.2879 16.7289 1.5
    endloop
  endfacet
  facet normal -0.642402 0.296154 -0.706832
    outer loop
      vertex -18.9395 7.84501 0
      vertex -19.6021 9.98779 1.5
      vertex -18.2656 9.3068 0
    endloop
  endfacet
  facet normal -0.519466 -0.480176 -0.706814
    outer loop
      vertex -15.5563 -15.5563 1.5
      vertex -15.5883 -13.3137 0
      vertex -14.4957 -14.4957 0
    endloop
  endfacet
  facet normal 0.6938 0.138003 -0.706821
    outer loop
      vertex 21.7291 3.44156 1.5
      vertex 19.9336 4.78563 0
      vertex 21.3921 5.1358 1.5
    endloop
  endfacet
  facet normal 0.693797 0.137993 -0.706827
    outer loop
      vertex 20.2476 3.20691 0
      vertex 19.9336 4.78563 0
      vertex 21.7291 3.44156 1.5
    endloop
  endfacet
  facet normal 0.192017 -0.680832 -0.706822
    outer loop
      vertex 5.1358 -21.3921 1.5
      vertex 4.78563 -19.9336 0
      vertex 6.79837 -20.9232 1.5
    endloop
  endfacet
  facet normal -0.588153 0.392989 -0.706849
    outer loop
      vertex -17.4791 10.7112 0
      vertex -18.7581 11.495 1.5
      vertex -17.7984 12.9313 1.5
    endloop
  endfacet
  facet normal -0.663665 0.244871 -0.706814
    outer loop
      vertex -19.4967 6.33485 0
      vertex -20.9232 6.79837 1.5
      vertex -18.9395 7.84501 0
    endloop
  endfacet
  facet normal -0.680843 0.192006 -0.706814
    outer loop
      vertex -19.9336 4.78563 0
      vertex -20.9232 6.79837 1.5
      vertex -19.4967 6.33485 0
    endloop
  endfacet
  facet normal -0.437914 -0.555511 -0.706851
    outer loop
      vertex -12.9313 -17.7984 1.5
      vertex -13.3137 -15.5883 0
      vertex -12.0496 -16.5848 0
    endloop
  endfacet
  facet normal -0.0831679 -0.702468 -0.706839
    outer loop
      vertex -1.7261 -21.9322 1.5
      vertex -3.44156 -21.7291 1.5
      vertex -1.60841 -20.4368 0
    endloop
  endfacet
  facet normal -0.642402 -0.296154 -0.706832
    outer loop
      vertex -18.2656 -9.3068 0
      vertex -19.6021 -9.98779 1.5
      vertex -18.9395 -7.84501 0
    endloop
  endfacet
  facet normal -0.392989 0.588153 -0.706849
    outer loop
      vertex -10.7112 17.4791 0
      vertex -12.9313 17.7984 1.5
      vertex -11.495 18.7581 1.5
    endloop
  endfacet
  facet normal 0.392989 0.588153 -0.706849
    outer loop
      vertex 12.9313 17.7984 1.5
      vertex 10.7112 17.4791 0
      vertex 11.495 18.7581 1.5
    endloop
  endfacet
  facet normal -0.519422 -0.480191 -0.706836
    outer loop
      vertex -15.5563 -15.5563 1.5
      vertex -16.7289 -14.2879 1.5
      vertex -15.5883 -13.3137 0
    endloop
  endfacet
  facet normal 0.0831466 0.702483 -0.706826
    outer loop
      vertex 3.20691 20.2476 0
      vertex 1.60841 20.4368 0
      vertex 3.44156 21.7291 1.5
    endloop
  endfacet
  facet normal -0.663661 -0.24484 -0.706829
    outer loop
      vertex -20.3253 -8.41903 1.5
      vertex -20.9232 -6.79837 1.5
      vertex -18.9395 -7.84501 0
    endloop
  endfacet
  facet normal -0.480191 0.519422 -0.706836
    outer loop
      vertex -13.3137 15.5883 0
      vertex -15.5563 15.5563 1.5
      vertex -14.2879 16.7289 1.5
    endloop
  endfacet
  facet normal -0.642407 -0.29615 -0.706829
    outer loop
      vertex -19.6021 -9.98779 1.5
      vertex -20.3253 -8.41903 1.5
      vertex -18.9395 -7.84501 0
    endloop
  endfacet
  facet normal 0.296154 0.642402 -0.706832
    outer loop
      vertex 9.3068 18.2656 0
      vertex 7.84501 18.9395 0
      vertex 9.98779 19.6021 1.5
    endloop
  endfacet
  facet normal -0.0277637 -0.706829 -0.70684
    outer loop
      vertex 0 -22 1.5
      vertex -1.7261 -21.9322 1.5
      vertex -1.60841 -20.4368 0
    endloop
  endfacet
  facet normal 0.588148 0.392992 -0.706852
    outer loop
      vertex 17.4791 10.7112 0
      vertex 16.5848 12.0496 0
      vertex 17.7984 12.9313 1.5
    endloop
  endfacet
  facet normal 0.244871 -0.663665 -0.706814
    outer loop
      vertex 6.79837 -20.9232 1.5
      vertex 6.33485 -19.4967 0
      vertex 7.84501 -18.9395 0
    endloop
  endfacet
  facet normal -0.0831466 -0.702483 -0.706826
    outer loop
      vertex -1.60841 -20.4368 0
      vertex -3.44156 -21.7291 1.5
      vertex -3.20691 -20.2476 0
    endloop
  endfacet
  facet normal 0.588148 -0.392992 -0.706852
    outer loop
      vertex 17.7984 -12.9313 1.5
      vertex 16.5848 -12.0496 0
      vertex 17.4791 -10.7112 0
    endloop
  endfacet
  facet normal 0.617174 0.345633 -0.706848
    outer loop
      vertex 18.2656 9.3068 0
      vertex 17.4791 10.7112 0
      vertex 18.7581 11.495 1.5
    endloop
  endfacet
  facet normal 0.642402 0.296154 -0.706832
    outer loop
      vertex 18.9395 7.84501 0
      vertex 18.2656 9.3068 0
      vertex 19.6021 9.98779 1.5
    endloop
  endfacet
  facet normal -0.392989 -0.588153 -0.706849
    outer loop
      vertex -11.495 -18.7581 1.5
      vertex -12.9313 -17.7984 1.5
      vertex -10.7112 -17.4791 0
    endloop
  endfacet
  facet normal 0 0 -1
    outer loop
      vertex 20.4368 -1.60841 0
      vertex 20.4368 1.60841 0
      vertex 20.5 0 0
    endloop
  endfacet
  facet normal 0 0 -1
    outer loop
      vertex 20.2476 -3.20691 0
      vertex 20.4368 1.60841 0
      vertex 20.4368 -1.60841 0
    endloop
  endfacet
  facet normal 0 0 -1
    outer loop
      vertex 20.2476 -3.20691 0
      vertex 20.2476 3.20691 0
      vertex 20.4368 1.60841 0
    endloop
  endfacet
  facet normal 0 0 -1
    outer loop
      vertex 19.9336 -4.78563 0
      vertex 20.2476 3.20691 0
      vertex 20.2476 -3.20691 0
    endloop
  endfacet
  facet normal 0 0 -1
    outer loop
      vertex 19.9336 -4.78563 0
      vertex 19.9336 4.78563 0
      vertex 20.2476 3.20691 0
    endloop
  endfacet
  facet normal 0 0 -1
    outer loop
      vertex 19.4967 -6.33485 0
      vertex 19.9336 4.78563 0
      vertex 19.9336 -4.78563 0
    endloop
  endfacet
  facet normal 0 0 -1
    outer loop
      vertex 19.4967 -6.33485 0
      vertex 19.4967 6.33485 0
      vertex 19.9336 4.78563 0
    endloop
  endfacet
  facet normal 0 0 -1
    outer loop
      vertex 18.9395 -7.84501 0
      vertex 19.4967 6.33485 0
      vertex 19.4967 -6.33485 0
    endloop
  endfacet
  facet normal 0 0 -1
    outer loop
      vertex 18.9395 -7.84501 0
      vertex 18.9395 7.84501 0
      vertex 19.4967 6.33485 0
    endloop
  endfacet
  facet normal 0 0 -1
    outer loop
      vertex 18.2656 -9.3068 0
      vertex 18.9395 7.84501 0
      vertex 18.9395 -7.84501 0
    endloop
  endfacet
  facet normal 0 0 -1
    outer loop
      vertex 18.2656 -9.3068 0
      vertex 18.2656 9.3068 0
      vertex 18.9395 7.84501 0
    endloop
  endfacet
  facet normal 0 0 -1
    outer loop
      vertex 17.4791 -10.7112 0
      vertex 18.2656 9.3068 0
      vertex 18.2656 -9.3068 0
    endloop
  endfacet
  facet normal 0 0 -1
    outer loop
      vertex 17.4791 -10.7112 0
      vertex 17.4791 10.7112 0
      vertex 18.2656 9.3068 0
    endloop
  endfacet
  facet normal 0 0 -1
    outer loop
      vertex 16.5848 -12.0496 0
      vertex 17.4791 10.7112 0
      vertex 17.4791 -10.7112 0
    endloop
  endfacet
  facet normal 0 0 -1
    outer loop
      vertex 16.5848 -12.0496 0
      vertex 16.5848 12.0496 0
      vertex 17.4791 10.7112 0
    endloop
  endfacet
  facet normal 0 0 -1
    outer loop
      vertex 15.5883 -13.3137 0
      vertex 16.5848 12.0496 0
      vertex 16.5848 -12.0496 0
    endloop
  endfacet
  facet normal 0 0 -1
    outer loop
      vertex 15.5883 -13.3137 0
      vertex 15.5883 13.3137 0
      vertex 16.5848 12.0496 0
    endloop
  endfacet
  facet normal 0 0 -1
    outer loop
      vertex 14.4957 -14.4957 0
      vertex 15.5883 13.3137 0
      vertex 15.5883 -13.3137 0
    endloop
  endfacet
  facet normal 0 0 -1
    outer loop
      vertex 14.4957 -14.4957 0
      vertex 14.4957 14.4957 0
      vertex 15.5883 13.3137 0
    endloop
  endfacet
  facet normal 0 0 -1
    outer loop
      vertex 13.3137 -15.5883 0
      vertex 14.4957 14.4957 0
      vertex 14.4957 -14.4957 0
    endloop
  endfacet
  facet normal 0 0 -1
    outer loop
      vertex 13.3137 -15.5883 0
      vertex 13.3137 15.5883 0
      vertex 14.4957 14.4957 0
    endloop
  endfacet
  facet normal 0 0 -1
    outer loop
      vertex 12.0496 -16.5848 0
      vertex 13.3137 15.5883 0
      vertex 13.3137 -15.5883 0
    endloop
  endfacet
  facet normal 0 0 -1
    outer loop
      vertex 12.0496 -16.5848 0
      vertex 12.0496 16.5848 0
      vertex 13.3137 15.5883 0
    endloop
  endfacet
  facet normal 0 0 -1
    outer loop
      vertex 10.7112 -17.4791 0
      vertex 12.0496 16.5848 0
      vertex 12.0496 -16.5848 0
    endloop
  endfacet
  facet normal 0 0 -1
    outer loop
      vertex 10.7112 -17.4791 0
      vertex 10.7112 17.4791 0
      vertex 12.0496 16.5848 0
    endloop
  endfacet
  facet normal 0 0 -1
    outer loop
      vertex 9.3068 -18.2656 0
      vertex 10.7112 17.4791 0
      vertex 10.7112 -17.4791 0
    endloop
  endfacet
  facet normal 0 0 -1
    outer loop
      vertex 9.3068 -18.2656 0
      vertex 9.3068 18.2656 0
      vertex 10.7112 17.4791 0
    endloop
  endfacet
  facet normal 0 0 -1
    outer loop
      vertex 7.84501 -18.9395 0
      vertex 9.3068 18.2656 0
      vertex 9.3068 -18.2656 0
    endloop
  endfacet
  facet normal 0 0 -1
    outer loop
      vertex 7.84501 -18.9395 0
      vertex 7.84501 18.9395 0
      vertex 9.3068 18.2656 0
    endloop
  endfacet
  facet normal 0 0 -1
    outer loop
      vertex 6.33485 -19.4967 0
      vertex 7.84501 18.9395 0
      vertex 7.84501 -18.9395 0
    endloop
  endfacet
  facet normal 0 0 -1
    outer loop
      vertex 6.33485 -19.4967 0
      vertex 6.33485 19.4967 0
      vertex 7.84501 18.9395 0
    endloop
  endfacet
  facet normal 0 0 -1
    outer loop
      vertex 4.78563 -19.9336 0
      vertex 6.33485 19.4967 0
      vertex 6.33485 -19.4967 0
    endloop
  endfacet
  facet normal 0 0 -1
    outer loop
      vertex 4.78563 -19.9336 0
      vertex 4.78563 19.9336 0
      vertex 6.33485 19.4967 0
    endloop
  endfacet
  facet normal 0 0 -1
    outer loop
      vertex 3.20691 -20.2476 0
      vertex 4.78563 19.9336 0
      vertex 4.78563 -19.9336 0
    endloop
  endfacet
  facet normal 0 0 -1
    outer loop
      vertex 3.20691 -20.2476 0
      vertex 3.20691 20.2476 0
      vertex 4.78563 19.9336 0
    endloop
  endfacet
  facet normal 0 0 -1
    outer loop
      vertex 1.60841 -20.4368 0
      vertex 3.20691 20.2476 0
      vertex 3.20691 -20.2476 0
    endloop
  endfacet
  facet normal 0 0 -1
    outer loop
      vertex 1.60841 -20.4368 0
      vertex 1.60841 20.4368 0
      vertex 3.20691 20.2476 0
    endloop
  endfacet
  facet normal 0 0 -1
    outer loop
      vertex 0 -20.5 0
      vertex 1.60841 20.4368 0
      vertex 1.60841 -20.4368 0
    endloop
  endfacet
  facet normal 0 0 -1
    outer loop
      vertex 0 -20.5 0
      vertex 0 20.5 0
      vertex 1.60841 20.4368 0
    endloop
  endfacet
  facet normal 0 0 -1
    outer loop
      vertex -1.60841 -20.4368 0
      vertex 0 20.5 0
      vertex 0 -20.5 0
    endloop
  endfacet
  facet normal 0 0 -1
    outer loop
      vertex -1.60841 -20.4368 0
      vertex -1.60841 20.4368 0
      vertex 0 20.5 0
    endloop
  endfacet
  facet normal 0 0 -1
    outer loop
      vertex -3.20691 -20.2476 0
      vertex -1.60841 20.4368 0
      vertex -1.60841 -20.4368 0
    endloop
  endfacet
  facet normal 0 0 -1
    outer loop
      vertex -3.20691 -20.2476 0
      vertex -3.20691 20.2476 0
      vertex -1.60841 20.4368 0
    endloop
  endfacet
  facet normal 0 0 -1
    outer loop
      vertex -4.78563 -19.9336 0
      vertex -3.20691 20.2476 0
      vertex -3.20691 -20.2476 0
    endloop
  endfacet
  facet normal 0 0 -1
    outer loop
      vertex -4.78563 -19.9336 0
      vertex -4.78563 19.9336 0
      vertex -3.20691 20.2476 0
    endloop
  endfacet
  facet normal 0 0 -1
    outer loop
      vertex -6.33485 -19.4967 0
      vertex -4.78563 19.9336 0
      vertex -4.78563 -19.9336 0
    endloop
  endfacet
  facet normal 0 0 -1
    outer loop
      vertex -6.33485 -19.4967 0
      vertex -6.33485 19.4967 0
      vertex -4.78563 19.9336 0
    endloop
  endfacet
  facet normal 0 0 -1
    outer loop
      vertex -7.84501 -18.9395 0
      vertex -6.33485 19.4967 0
      vertex -6.33485 -19.4967 0
    endloop
  endfacet
  facet normal 0 0 -1
    outer loop
      vertex -7.84501 -18.9395 0
      vertex -7.84501 18.9395 0
      vertex -6.33485 19.4967 0
    endloop
  endfacet
  facet normal 0 0 -1
    outer loop
      vertex -9.3068 -18.2656 0
      vertex -7.84501 18.9395 0
      vertex -7.84501 -18.9395 0
    endloop
  endfacet
  facet normal 0 0 -1
    outer loop
      vertex -9.3068 -18.2656 0
      vertex -9.3068 18.2656 0
      vertex -7.84501 18.9395 0
    endloop
  endfacet
  facet normal 0 0 -1
    outer loop
      vertex -10.7112 -17.4791 0
      vertex -9.3068 18.2656 0
      vertex -9.3068 -18.2656 0
    endloop
  endfacet
  facet normal 0 0 -1
    outer loop
      vertex -10.7112 -17.4791 0
      vertex -10.7112 17.4791 0
      vertex -9.3068 18.2656 0
    endloop
  endfacet
  facet normal 0 0 -1
    outer loop
      vertex -12.0496 -16.5848 0
      vertex -10.7112 17.4791 0
      vertex -10.7112 -17.4791 0
    endloop
  endfacet
  facet normal 0 0 -1
    outer loop
      vertex -12.0496 -16.5848 0
      vertex -12.0496 16.5848 0
      vertex -10.7112 17.4791 0
    endloop
  endfacet
  facet normal 0 0 -1
    outer loop
      vertex -13.3137 -15.5883 0
      vertex -12.0496 16.5848 0
      vertex -12.0496 -16.5848 0
    endloop
  endfacet
  facet normal 0 0 -1
    outer loop
      vertex -13.3137 -15.5883 0
      vertex -13.3137 15.5883 0
      vertex -12.0496 16.5848 0
    endloop
  endfacet
  facet normal 0 0 -1
    outer loop
      vertex -14.4957 -14.4957 0
      vertex -13.3137 15.5883 0
      vertex -13.3137 -15.5883 0
    endloop
  endfacet
  facet normal 0 0 -1
    outer loop
      vertex -14.4957 -14.4957 0
      vertex -14.4957 14.4957 0
      vertex -13.3137 15.5883 0
    endloop
  endfacet
  facet normal 0 0 -1
    outer loop
      vertex -15.5883 -13.3137 0
      vertex -14.4957 14.4957 0
      vertex -14.4957 -14.4957 0
    endloop
  endfacet
  facet normal 0 0 -1
    outer loop
      vertex -15.5883 -13.3137 0
      vertex -15.5883 13.3137 0
      vertex -14.4957 14.4957 0
    endloop
  endfacet
  facet normal 0 0 -1
    outer loop
      vertex -16.5848 -12.0496 0
      vertex -15.5883 13.3137 0
      vertex -15.5883 -13.3137 0
    endloop
  endfacet
  facet normal 0 0 -1
    outer loop
      vertex -16.5848 -12.0496 0
      vertex -16.5848 12.0496 0
      vertex -15.5883 13.3137 0
    endloop
  endfacet
  facet normal 0 0 -1
    outer loop
      vertex -17.4791 -10.7112 0
      vertex -16.5848 12.0496 0
      vertex -16.5848 -12.0496 0
    endloop
  endfacet
  facet normal 0 0 -1
    outer loop
      vertex -17.4791 -10.7112 0
      vertex -17.4791 10.7112 0
      vertex -16.5848 12.0496 0
    endloop
  endfacet
  facet normal 0 0 -1
    outer loop
      vertex -18.2656 -9.3068 0
      vertex -17.4791 10.7112 0
      vertex -17.4791 -10.7112 0
    endloop
  endfacet
  facet normal 0 0 -1
    outer loop
      vertex -18.2656 -9.3068 0
      vertex -18.2656 9.3068 0
      vertex -17.4791 10.7112 0
    endloop
  endfacet
  facet normal 0 0 -1
    outer loop
      vertex -18.9395 -7.84501 0
      vertex -18.2656 9.3068 0
      vertex -18.2656 -9.3068 0
    endloop
  endfacet
  facet normal 0 0 -1
    outer loop
      vertex -18.9395 -7.84501 0
      vertex -18.9395 7.84501 0
      vertex -18.2656 9.3068 0
    endloop
  endfacet
  facet normal 0 0 -1
    outer loop
      vertex -19.4967 -6.33485 0
      vertex -18.9395 7.84501 0
      vertex -18.9395 -7.84501 0
    endloop
  endfacet
  facet normal 0 0 -1
    outer loop
      vertex -19.4967 -6.33485 0
      vertex -19.4967 6.33485 0
      vertex -18.9395 7.84501 0
    endloop
  endfacet
  facet normal 0 0 -1
    outer loop
      vertex -19.9336 -4.78563 0
      vertex -19.4967 6.33485 0
      vertex -19.4967 -6.33485 0
    endloop
  endfacet
  facet normal 0 0 -1
    outer loop
      vertex -19.9336 -4.78563 0
      vertex -19.9336 4.78563 0
      vertex -19.4967 6.33485 0
    endloop
  endfacet
  facet normal 0 0 -1
    outer loop
      vertex -20.2476 -3.20691 0
      vertex -19.9336 4.78563 0
      vertex -19.9336 -4.78563 0
    endloop
  endfacet
  facet normal 0 0 -1
    outer loop
      vertex -20.2476 -3.20691 0
      vertex -20.2476 3.20691 0
      vertex -19.9336 4.78563 0
    endloop
  endfacet
  facet normal 0 0 -1
    outer loop
      vertex -20.4368 -1.60841 0
      vertex -20.2476 3.20691 0
      vertex -20.2476 -3.20691 0
    endloop
  endfacet
  facet normal 0 0 -1
    outer loop
      vertex -20.4368 -1.60841 0
      vertex -20.4368 1.60841 0
      vertex -20.2476 3.20691 0
    endloop
  endfacet
  facet normal 0 -0 -1
    outer loop
      vertex -20.4368 1.60841 0
      vertex -20.4368 -1.60841 0
      vertex -20.5 0 0
    endloop
  endfacet
  facet normal -0.702483 -0.0831466 -0.706826
    outer loop
      vertex -20.2476 -3.20691 0
      vertex -21.7291 -3.44156 1.5
      vertex -20.4368 -1.60841 0
    endloop
  endfacet
  facet normal 0.24484 -0.663661 -0.706829
    outer loop
      vertex 8.41903 -20.3253 1.5
      vertex 6.79837 -20.9232 1.5
      vertex 7.84501 -18.9395 0
    endloop
  endfacet
  facet normal -0.680843 -0.192006 -0.706814
    outer loop
      vertex -19.4967 -6.33485 0
      vertex -20.9232 -6.79837 1.5
      vertex -19.9336 -4.78563 0
    endloop
  endfacet
  facet normal 0.555511 -0.437914 -0.706851
    outer loop
      vertex 17.7984 -12.9313 1.5
      vertex 15.5883 -13.3137 0
      vertex 16.5848 -12.0496 0
    endloop
  endfacet
  facet normal 0.392992 0.588148 -0.706852
    outer loop
      vertex 12.0496 16.5848 0
      vertex 10.7112 17.4791 0
      vertex 12.9313 17.7984 1.5
    endloop
  endfacet
  facet normal -0.555511 0.437914 -0.706851
    outer loop
      vertex -16.5848 12.0496 0
      vertex -17.7984 12.9313 1.5
      vertex -15.5883 13.3137 0
    endloop
  endfacet
  facet normal 0.619109 0.785305 -0
    outer loop
      vertex 14.2879 16.7289 1.5
      vertex 12.9313 17.7984 32.5
      vertex 14.2879 16.7289 32.5
    endloop
  endfacet
  facet normal 0.619109 0.785305 0
    outer loop
      vertex 12.9313 17.7984 32.5
      vertex 14.2879 16.7289 1.5
      vertex 12.9313 17.7984 1.5
    endloop
  endfacet
  facet normal 0.908145 0.418656 0
    outer loop
      vertex 20.3253 8.41903 32.5
      vertex 19.6021 9.98779 1.5
      vertex 19.6021 9.98779 32.5
    endloop
  endfacet
  facet normal 0.908145 0.418656 0
    outer loop
      vertex 19.6021 9.98779 1.5
      vertex 20.3253 8.41903 32.5
      vertex 20.3253 8.41903 1.5
    endloop
  endfacet
  facet normal 0.999229 0.039249 0
    outer loop
      vertex 22 0 32.5
      vertex 21.9322 1.7261 1.5
      vertex 21.9322 1.7261 32.5
    endloop
  endfacet
  facet normal 0.999229 0.039249 0
    outer loop
      vertex 21.9322 1.7261 1.5
      vertex 22 0 32.5
      vertex 22 0 1.5
    endloop
  endfacet
  facet normal 0.271444 0.962454 -0
    outer loop
      vertex 6.79837 20.9232 1.5
      vertex 5.1358 21.3921 32.5
      vertex 6.79837 20.9232 32.5
    endloop
  endfacet
  facet normal 0.271444 0.962454 0
    outer loop
      vertex 5.1358 21.3921 32.5
      vertex 6.79837 20.9232 1.5
      vertex 5.1358 21.3921 1.5
    endloop
  endfacet
  facet normal 0.993064 0.117573 0
    outer loop
      vertex 21.9322 1.7261 32.5
      vertex 21.7291 3.44156 1.5
      vertex 21.7291 3.44156 32.5
    endloop
  endfacet
  facet normal 0.993064 0.117573 0
    outer loop
      vertex 21.7291 3.44156 1.5
      vertex 21.9322 1.7261 32.5
      vertex 21.9322 1.7261 1.5
    endloop
  endfacet
  facet normal 0.418656 0.908145 -0
    outer loop
      vertex 9.98779 19.6021 1.5
      vertex 8.41903 20.3253 32.5
      vertex 9.98779 19.6021 32.5
    endloop
  endfacet
  facet normal 0.418656 0.908145 0
    outer loop
      vertex 8.41903 20.3253 32.5
      vertex 9.98779 19.6021 1.5
      vertex 8.41903 20.3253 1.5
    endloop
  endfacet
  facet normal -0.993064 -0.117573 0
    outer loop
      vertex -21.7291 -3.44156 1.5
      vertex -21.9322 -1.7261 32.5
      vertex -21.9322 -1.7261 1.5
    endloop
  endfacet
  facet normal -0.993064 -0.117573 0
    outer loop
      vertex -21.9322 -1.7261 32.5
      vertex -21.7291 -3.44156 1.5
      vertex -21.7291 -3.44156 32.5
    endloop
  endfacet
  facet normal 0.346121 -0.93819 0
    outer loop
      vertex 6.79837 -20.9232 1.5
      vertex 8.41903 -20.3253 32.5
      vertex 6.79837 -20.9232 32.5
    endloop
  endfacet
  facet normal 0.346121 -0.93819 0
    outer loop
      vertex 8.41903 -20.3253 32.5
      vertex 6.79837 -20.9232 1.5
      vertex 8.41903 -20.3253 1.5
    endloop
  endfacet
  facet normal -0.908145 -0.418656 0
    outer loop
      vertex -19.6021 -9.98779 1.5
      vertex -20.3253 -8.41903 32.5
      vertex -20.3253 -8.41903 1.5
    endloop
  endfacet
  facet normal -0.908145 -0.418656 0
    outer loop
      vertex -20.3253 -8.41903 32.5
      vertex -19.6021 -9.98779 1.5
      vertex -19.6021 -9.98779 32.5
    endloop
  endfacet
  facet normal -0.488587 0.872515 0
    outer loop
      vertex -9.98779 19.6021 1.5
      vertex -11.495 18.7581 32.5
      vertex -9.98779 19.6021 32.5
    endloop
  endfacet
  facet normal -0.488587 0.872515 0
    outer loop
      vertex -11.495 18.7581 32.5
      vertex -9.98779 19.6021 1.5
      vertex -11.495 18.7581 1.5
    endloop
  endfacet
  facet normal -0.555568 0.831471 0
    outer loop
      vertex -11.495 18.7581 1.5
      vertex -12.9313 17.7984 32.5
      vertex -11.495 18.7581 32.5
    endloop
  endfacet
  facet normal -0.555568 0.831471 0
    outer loop
      vertex -12.9313 17.7984 32.5
      vertex -11.495 18.7581 1.5
      vertex -12.9313 17.7984 1.5
    endloop
  endfacet
  facet normal -0.980786 0.195087 0
    outer loop
      vertex -21.7291 3.44156 1.5
      vertex -21.3921 5.1358 32.5
      vertex -21.3921 5.1358 1.5
    endloop
  endfacet
  facet normal -0.980786 0.195087 0
    outer loop
      vertex -21.3921 5.1358 32.5
      vertex -21.7291 3.44156 1.5
      vertex -21.7291 3.44156 32.5
    endloop
  endfacet
  facet normal -0.999229 0.039249 0
    outer loop
      vertex -22 0 1.5
      vertex -21.9322 1.7261 32.5
      vertex -21.9322 1.7261 1.5
    endloop
  endfacet
  facet normal -0.999229 0.039249 0
    outer loop
      vertex -21.9322 1.7261 32.5
      vertex -22 0 1.5
      vertex -22 0 32.5
    endloop
  endfacet
  facet normal -0.039249 0.999229 0
    outer loop
      vertex 0 22 1.5
      vertex -1.7261 21.9322 32.5
      vertex 0 22 32.5
    endloop
  endfacet
  facet normal -0.039249 0.999229 0
    outer loop
      vertex -1.7261 21.9322 32.5
      vertex 0 22 1.5
      vertex -1.7261 21.9322 1.5
    endloop
  endfacet
  facet normal 0.980786 0.195087 0
    outer loop
      vertex 21.7291 3.44156 32.5
      vertex 21.3921 5.1358 1.5
      vertex 21.3921 5.1358 32.5
    endloop
  endfacet
  facet normal 0.980786 0.195087 0
    outer loop
      vertex 21.3921 5.1358 1.5
      vertex 21.7291 3.44156 32.5
      vertex 21.7291 3.44156 1.5
    endloop
  endfacet
  facet normal -0.962454 -0.271444 0
    outer loop
      vertex -20.9232 -6.79837 1.5
      vertex -21.3921 -5.1358 32.5
      vertex -21.3921 -5.1358 1.5
    endloop
  endfacet
  facet normal -0.962454 -0.271444 0
    outer loop
      vertex -21.3921 -5.1358 32.5
      vertex -20.9232 -6.79837 1.5
      vertex -20.9232 -6.79837 32.5
    endloop
  endfacet
  facet normal 0.999229 -0.039249 0
    outer loop
      vertex 21.9322 -1.7261 32.5
      vertex 22 0 1.5
      vertex 22 0 32.5
    endloop
  endfacet
  facet normal 0.999229 -0.039249 0
    outer loop
      vertex 22 0 1.5
      vertex 21.9322 -1.7261 32.5
      vertex 21.9322 -1.7261 1.5
    endloop
  endfacet
  facet normal 0.908145 -0.418656 0
    outer loop
      vertex 19.6021 -9.98779 32.5
      vertex 20.3253 -8.41903 1.5
      vertex 20.3253 -8.41903 32.5
    endloop
  endfacet
  facet normal 0.908145 -0.418656 0
    outer loop
      vertex 20.3253 -8.41903 1.5
      vertex 19.6021 -9.98779 32.5
      vertex 19.6021 -9.98779 1.5
    endloop
  endfacet
  facet normal 0.678833 0.734293 -0
    outer loop
      vertex 15.5563 15.5563 1.5
      vertex 14.2879 16.7289 32.5
      vertex 15.5563 15.5563 32.5
    endloop
  endfacet
  facet normal 0.678833 0.734293 0
    outer loop
      vertex 14.2879 16.7289 32.5
      vertex 15.5563 15.5563 1.5
      vertex 14.2879 16.7289 1.5
    endloop
  endfacet
  facet normal -0.872515 0.488587 0
    outer loop
      vertex -19.6021 9.98779 1.5
      vertex -18.7581 11.495 32.5
      vertex -18.7581 11.495 1.5
    endloop
  endfacet
  facet normal -0.872515 0.488587 0
    outer loop
      vertex -18.7581 11.495 32.5
      vertex -19.6021 9.98779 1.5
      vertex -19.6021 9.98779 32.5
    endloop
  endfacet
  facet normal 0.039249 -0.999229 0
    outer loop
      vertex 0 -22 1.5
      vertex 1.7261 -21.9322 32.5
      vertex 0 -22 32.5
    endloop
  endfacet
  facet normal 0.039249 -0.999229 0
    outer loop
      vertex 1.7261 -21.9322 32.5
      vertex 0 -22 1.5
      vertex 1.7261 -21.9322 1.5
    endloop
  endfacet
  facet normal 0.962454 -0.271444 0
    outer loop
      vertex 20.9232 -6.79837 32.5
      vertex 21.3921 -5.1358 1.5
      vertex 21.3921 -5.1358 32.5
    endloop
  endfacet
  facet normal 0.962454 -0.271444 0
    outer loop
      vertex 21.3921 -5.1358 1.5
      vertex 20.9232 -6.79837 32.5
      vertex 20.9232 -6.79837 1.5
    endloop
  endfacet
  facet normal 0.962454 0.271444 0
    outer loop
      vertex 21.3921 5.1358 32.5
      vertex 20.9232 6.79837 1.5
      vertex 20.9232 6.79837 32.5
    endloop
  endfacet
  facet normal 0.962454 0.271444 0
    outer loop
      vertex 20.9232 6.79837 1.5
      vertex 21.3921 5.1358 32.5
      vertex 21.3921 5.1358 1.5
    endloop
  endfacet
  facet normal 0.872515 0.488587 0
    outer loop
      vertex 19.6021 9.98779 32.5
      vertex 18.7581 11.495 1.5
      vertex 18.7581 11.495 32.5
    endloop
  endfacet
  facet normal 0.872515 0.488587 0
    outer loop
      vertex 18.7581 11.495 1.5
      vertex 19.6021 9.98779 32.5
      vertex 19.6021 9.98779 1.5
    endloop
  endfacet
  facet normal -0.418656 -0.908145 0
    outer loop
      vertex -9.98779 -19.6021 1.5
      vertex -8.41903 -20.3253 32.5
      vertex -9.98779 -19.6021 32.5
    endloop
  endfacet
  facet normal -0.418656 -0.908145 -0
    outer loop
      vertex -8.41903 -20.3253 32.5
      vertex -9.98779 -19.6021 1.5
      vertex -8.41903 -20.3253 1.5
    endloop
  endfacet
  facet normal 0.195087 -0.980786 0
    outer loop
      vertex 3.44156 -21.7291 1.5
      vertex 5.1358 -21.3921 32.5
      vertex 3.44156 -21.7291 32.5
    endloop
  endfacet
  facet normal 0.195087 -0.980786 0
    outer loop
      vertex 5.1358 -21.3921 32.5
      vertex 3.44156 -21.7291 1.5
      vertex 5.1358 -21.3921 1.5
    endloop
  endfacet
  facet normal 0.195087 0.980786 -0
    outer loop
      vertex 5.1358 21.3921 1.5
      vertex 3.44156 21.7291 32.5
      vertex 5.1358 21.3921 32.5
    endloop
  endfacet
  facet normal 0.195087 0.980786 0
    outer loop
      vertex 3.44156 21.7291 32.5
      vertex 5.1358 21.3921 1.5
      vertex 3.44156 21.7291 1.5
    endloop
  endfacet
  facet normal 0.980786 -0.195087 0
    outer loop
      vertex 21.3921 -5.1358 32.5
      vertex 21.7291 -3.44156 1.5
      vertex 21.7291 -3.44156 32.5
    endloop
  endfacet
  facet normal 0.980786 -0.195087 0
    outer loop
      vertex 21.7291 -3.44156 1.5
      vertex 21.3921 -5.1358 32.5
      vertex 21.3921 -5.1358 1.5
    endloop
  endfacet
  facet normal 0.831471 -0.555568 0
    outer loop
      vertex 17.7984 -12.9313 32.5
      vertex 18.7581 -11.495 1.5
      vertex 18.7581 -11.495 32.5
    endloop
  endfacet
  facet normal 0.831471 -0.555568 0
    outer loop
      vertex 18.7581 -11.495 1.5
      vertex 17.7984 -12.9313 32.5
      vertex 17.7984 -12.9313 1.5
    endloop
  endfacet
  facet normal 0.555568 -0.831471 0
    outer loop
      vertex 11.495 -18.7581 1.5
      vertex 12.9313 -17.7984 32.5
      vertex 11.495 -18.7581 32.5
    endloop
  endfacet
  facet normal 0.555568 -0.831471 0
    outer loop
      vertex 12.9313 -17.7984 32.5
      vertex 11.495 -18.7581 1.5
      vertex 12.9313 -17.7984 1.5
    endloop
  endfacet
  facet normal -0.271444 0.962454 0
    outer loop
      vertex -5.1358 21.3921 1.5
      vertex -6.79837 20.9232 32.5
      vertex -5.1358 21.3921 32.5
    endloop
  endfacet
  facet normal -0.271444 0.962454 0
    outer loop
      vertex -6.79837 20.9232 32.5
      vertex -5.1358 21.3921 1.5
      vertex -6.79837 20.9232 1.5
    endloop
  endfacet
  facet normal 0.039249 0.999229 -0
    outer loop
      vertex 1.7261 21.9322 1.5
      vertex 0 22 32.5
      vertex 1.7261 21.9322 32.5
    endloop
  endfacet
  facet normal 0.039249 0.999229 0
    outer loop
      vertex 0 22 32.5
      vertex 1.7261 21.9322 1.5
      vertex 0 22 1.5
    endloop
  endfacet
  facet normal 0.785305 -0.619109 0
    outer loop
      vertex 16.7289 -14.2879 32.5
      vertex 17.7984 -12.9313 1.5
      vertex 17.7984 -12.9313 32.5
    endloop
  endfacet
  facet normal 0.785305 -0.619109 0
    outer loop
      vertex 17.7984 -12.9313 1.5
      vertex 16.7289 -14.2879 32.5
      vertex 16.7289 -14.2879 1.5
    endloop
  endfacet
  facet normal 0.488587 0.872515 -0
    outer loop
      vertex 11.495 18.7581 1.5
      vertex 9.98779 19.6021 32.5
      vertex 11.495 18.7581 32.5
    endloop
  endfacet
  facet normal 0.488587 0.872515 0
    outer loop
      vertex 9.98779 19.6021 32.5
      vertex 11.495 18.7581 1.5
      vertex 9.98779 19.6021 1.5
    endloop
  endfacet
  facet normal -0.872515 -0.488587 0
    outer loop
      vertex -18.7581 -11.495 1.5
      vertex -19.6021 -9.98779 32.5
      vertex -19.6021 -9.98779 1.5
    endloop
  endfacet
  facet normal -0.872515 -0.488587 0
    outer loop
      vertex -19.6021 -9.98779 32.5
      vertex -18.7581 -11.495 1.5
      vertex -18.7581 -11.495 32.5
    endloop
  endfacet
  facet normal -0.734293 -0.678833 0
    outer loop
      vertex -15.5563 -15.5563 1.5
      vertex -16.7289 -14.2879 32.5
      vertex -16.7289 -14.2879 1.5
    endloop
  endfacet
  facet normal -0.734293 -0.678833 0
    outer loop
      vertex -16.7289 -14.2879 32.5
      vertex -15.5563 -15.5563 1.5
      vertex -15.5563 -15.5563 32.5
    endloop
  endfacet
  facet normal 0.555568 0.831471 -0
    outer loop
      vertex 12.9313 17.7984 1.5
      vertex 11.495 18.7581 32.5
      vertex 12.9313 17.7984 32.5
    endloop
  endfacet
  facet normal 0.555568 0.831471 0
    outer loop
      vertex 11.495 18.7581 32.5
      vertex 12.9313 17.7984 1.5
      vertex 11.495 18.7581 1.5
    endloop
  endfacet
  facet normal -0.346121 -0.93819 0
    outer loop
      vertex -8.41903 -20.3253 1.5
      vertex -6.79837 -20.9232 32.5
      vertex -8.41903 -20.3253 32.5
    endloop
  endfacet
  facet normal -0.346121 -0.93819 -0
    outer loop
      vertex -6.79837 -20.9232 32.5
      vertex -8.41903 -20.3253 1.5
      vertex -6.79837 -20.9232 1.5
    endloop
  endfacet
  facet normal -0.93819 0.346121 0
    outer loop
      vertex -20.9232 6.79837 1.5
      vertex -20.3253 8.41903 32.5
      vertex -20.3253 8.41903 1.5
    endloop
  endfacet
  facet normal -0.93819 0.346121 0
    outer loop
      vertex -20.3253 8.41903 32.5
      vertex -20.9232 6.79837 1.5
      vertex -20.9232 6.79837 32.5
    endloop
  endfacet
  facet normal 0.117573 0.993064 -0
    outer loop
      vertex 3.44156 21.7291 1.5
      vertex 1.7261 21.9322 32.5
      vertex 3.44156 21.7291 32.5
    endloop
  endfacet
  facet normal 0.117573 0.993064 0
    outer loop
      vertex 1.7261 21.9322 32.5
      vertex 3.44156 21.7291 1.5
      vertex 1.7261 21.9322 1.5
    endloop
  endfacet
  facet normal 0.831471 0.555568 0
    outer loop
      vertex 18.7581 11.495 32.5
      vertex 17.7984 12.9313 1.5
      vertex 17.7984 12.9313 32.5
    endloop
  endfacet
  facet normal 0.831471 0.555568 0
    outer loop
      vertex 17.7984 12.9313 1.5
      vertex 18.7581 11.495 32.5
      vertex 18.7581 11.495 1.5
    endloop
  endfacet
  facet normal 0.785305 0.619109 0
    outer loop
      vertex 17.7984 12.9313 32.5
      vertex 16.7289 14.2879 1.5
      vertex 16.7289 14.2879 32.5
    endloop
  endfacet
  facet normal 0.785305 0.619109 0
    outer loop
      vertex 16.7289 14.2879 1.5
      vertex 17.7984 12.9313 32.5
      vertex 17.7984 12.9313 1.5
    endloop
  endfacet
  facet normal -0.346121 0.93819 0
    outer loop
      vertex -6.79837 20.9232 1.5
      vertex -8.41903 20.3253 32.5
      vertex -6.79837 20.9232 32.5
    endloop
  endfacet
  facet normal -0.346121 0.93819 0
    outer loop
      vertex -8.41903 20.3253 32.5
      vertex -6.79837 20.9232 1.5
      vertex -8.41903 20.3253 1.5
    endloop
  endfacet
  facet normal 0.734293 -0.678833 0
    outer loop
      vertex 15.5563 -15.5563 32.5
      vertex 16.7289 -14.2879 1.5
      vertex 16.7289 -14.2879 32.5
    endloop
  endfacet
  facet normal 0.734293 -0.678833 0
    outer loop
      vertex 16.7289 -14.2879 1.5
      vertex 15.5563 -15.5563 32.5
      vertex 15.5563 -15.5563 1.5
    endloop
  endfacet
  facet normal 0.734293 0.678833 0
    outer loop
      vertex 16.7289 14.2879 32.5
      vertex 15.5563 15.5563 1.5
      vertex 15.5563 15.5563 32.5
    endloop
  endfacet
  facet normal 0.734293 0.678833 0
    outer loop
      vertex 15.5563 15.5563 1.5
      vertex 16.7289 14.2879 32.5
      vertex 16.7289 14.2879 1.5
    endloop
  endfacet
  facet normal -0.039249 -0.999229 0
    outer loop
      vertex -1.7261 -21.9322 1.5
      vertex 0 -22 32.5
      vertex -1.7261 -21.9322 32.5
    endloop
  endfacet
  facet normal -0.039249 -0.999229 -0
    outer loop
      vertex 0 -22 32.5
      vertex -1.7261 -21.9322 1.5
      vertex 0 -22 1.5
    endloop
  endfacet
  facet normal -0.993064 0.117573 0
    outer loop
      vertex -21.9322 1.7261 1.5
      vertex -21.7291 3.44156 32.5
      vertex -21.7291 3.44156 1.5
    endloop
  endfacet
  facet normal -0.993064 0.117573 0
    outer loop
      vertex -21.7291 3.44156 32.5
      vertex -21.9322 1.7261 1.5
      vertex -21.9322 1.7261 32.5
    endloop
  endfacet
  facet normal -0.785305 0.619109 0
    outer loop
      vertex -17.7984 12.9313 1.5
      vertex -16.7289 14.2879 32.5
      vertex -16.7289 14.2879 1.5
    endloop
  endfacet
  facet normal -0.785305 0.619109 0
    outer loop
      vertex -16.7289 14.2879 32.5
      vertex -17.7984 12.9313 1.5
      vertex -17.7984 12.9313 32.5
    endloop
  endfacet
  facet normal -0.678833 0.734293 0
    outer loop
      vertex -14.2879 16.7289 1.5
      vertex -15.5563 15.5563 32.5
      vertex -14.2879 16.7289 32.5
    endloop
  endfacet
  facet normal -0.678833 0.734293 0
    outer loop
      vertex -15.5563 15.5563 32.5
      vertex -14.2879 16.7289 1.5
      vertex -15.5563 15.5563 1.5
    endloop
  endfacet
  facet normal -0.93819 -0.346121 0
    outer loop
      vertex -20.3253 -8.41903 1.5
      vertex -20.9232 -6.79837 32.5
      vertex -20.9232 -6.79837 1.5
    endloop
  endfacet
  facet normal -0.93819 -0.346121 0
    outer loop
      vertex -20.9232 -6.79837 32.5
      vertex -20.3253 -8.41903 1.5
      vertex -20.3253 -8.41903 32.5
    endloop
  endfacet
  facet normal -0.117573 -0.993064 0
    outer loop
      vertex -3.44156 -21.7291 1.5
      vertex -1.7261 -21.9322 32.5
      vertex -3.44156 -21.7291 32.5
    endloop
  endfacet
  facet normal -0.117573 -0.993064 -0
    outer loop
      vertex -1.7261 -21.9322 32.5
      vertex -3.44156 -21.7291 1.5
      vertex -1.7261 -21.9322 1.5
    endloop
  endfacet
  facet normal -0.962454 0.271444 0
    outer loop
      vertex -21.3921 5.1358 1.5
      vertex -20.9232 6.79837 32.5
      vertex -20.9232 6.79837 1.5
    endloop
  endfacet
  facet normal -0.962454 0.271444 0
    outer loop
      vertex -20.9232 6.79837 32.5
      vertex -21.3921 5.1358 1.5
      vertex -21.3921 5.1358 32.5
    endloop
  endfacet
  facet normal 0.418656 -0.908145 0
    outer loop
      vertex 8.41903 -20.3253 1.5
      vertex 9.98779 -19.6021 32.5
      vertex 8.41903 -20.3253 32.5
    endloop
  endfacet
  facet normal 0.418656 -0.908145 0
    outer loop
      vertex 9.98779 -19.6021 32.5
      vertex 8.41903 -20.3253 1.5
      vertex 9.98779 -19.6021 1.5
    endloop
  endfacet
  facet normal 0.488587 -0.872515 0
    outer loop
      vertex 9.98779 -19.6021 1.5
      vertex 11.495 -18.7581 32.5
      vertex 9.98779 -19.6021 32.5
    endloop
  endfacet
  facet normal 0.488587 -0.872515 0
    outer loop
      vertex 11.495 -18.7581 32.5
      vertex 9.98779 -19.6021 1.5
      vertex 11.495 -18.7581 1.5
    endloop
  endfacet
  facet normal -0.117573 0.993064 0
    outer loop
      vertex -1.7261 21.9322 1.5
      vertex -3.44156 21.7291 32.5
      vertex -1.7261 21.9322 32.5
    endloop
  endfacet
  facet normal -0.117573 0.993064 0
    outer loop
      vertex -3.44156 21.7291 32.5
      vertex -1.7261 21.9322 1.5
      vertex -3.44156 21.7291 1.5
    endloop
  endfacet
  facet normal -0.785305 -0.619109 0
    outer loop
      vertex -16.7289 -14.2879 1.5
      vertex -17.7984 -12.9313 32.5
      vertex -17.7984 -12.9313 1.5
    endloop
  endfacet
  facet normal -0.785305 -0.619109 0
    outer loop
      vertex -17.7984 -12.9313 32.5
      vertex -16.7289 -14.2879 1.5
      vertex -16.7289 -14.2879 32.5
    endloop
  endfacet
  facet normal -0.195087 -0.980786 0
    outer loop
      vertex -5.1358 -21.3921 1.5
      vertex -3.44156 -21.7291 32.5
      vertex -5.1358 -21.3921 32.5
    endloop
  endfacet
  facet normal -0.195087 -0.980786 -0
    outer loop
      vertex -3.44156 -21.7291 32.5
      vertex -5.1358 -21.3921 1.5
      vertex -3.44156 -21.7291 1.5
    endloop
  endfacet
  facet normal -0.195087 0.980786 0
    outer loop
      vertex -3.44156 21.7291 1.5
      vertex -5.1358 21.3921 32.5
      vertex -3.44156 21.7291 32.5
    endloop
  endfacet
  facet normal -0.195087 0.980786 0
    outer loop
      vertex -5.1358 21.3921 32.5
      vertex -3.44156 21.7291 1.5
      vertex -5.1358 21.3921 1.5
    endloop
  endfacet
  facet normal -0.678833 -0.734293 0
    outer loop
      vertex -15.5563 -15.5563 1.5
      vertex -14.2879 -16.7289 32.5
      vertex -15.5563 -15.5563 32.5
    endloop
  endfacet
  facet normal -0.678833 -0.734293 -0
    outer loop
      vertex -14.2879 -16.7289 32.5
      vertex -15.5563 -15.5563 1.5
      vertex -14.2879 -16.7289 1.5
    endloop
  endfacet
  facet normal -0.619109 -0.785305 0
    outer loop
      vertex -14.2879 -16.7289 1.5
      vertex -12.9313 -17.7984 32.5
      vertex -14.2879 -16.7289 32.5
    endloop
  endfacet
  facet normal -0.619109 -0.785305 -0
    outer loop
      vertex -12.9313 -17.7984 32.5
      vertex -14.2879 -16.7289 1.5
      vertex -12.9313 -17.7984 1.5
    endloop
  endfacet
  facet normal -0.271444 -0.962454 0
    outer loop
      vertex -6.79837 -20.9232 1.5
      vertex -5.1358 -21.3921 32.5
      vertex -6.79837 -20.9232 32.5
    endloop
  endfacet
  facet normal -0.271444 -0.962454 -0
    outer loop
      vertex -5.1358 -21.3921 32.5
      vertex -6.79837 -20.9232 1.5
      vertex -5.1358 -21.3921 1.5
    endloop
  endfacet
  facet normal 0.993064 -0.117573 0
    outer loop
      vertex 21.7291 -3.44156 32.5
      vertex 21.9322 -1.7261 1.5
      vertex 21.9322 -1.7261 32.5
    endloop
  endfacet
  facet normal 0.993064 -0.117573 0
    outer loop
      vertex 21.9322 -1.7261 1.5
      vertex 21.7291 -3.44156 32.5
      vertex 21.7291 -3.44156 1.5
    endloop
  endfacet
  facet normal 0.93819 0.346121 0
    outer loop
      vertex 20.9232 6.79837 32.5
      vertex 20.3253 8.41903 1.5
      vertex 20.3253 8.41903 32.5
    endloop
  endfacet
  facet normal 0.93819 0.346121 0
    outer loop
      vertex 20.3253 8.41903 1.5
      vertex 20.9232 6.79837 32.5
      vertex 20.9232 6.79837 1.5
    endloop
  endfacet
  facet normal -0.999229 -0.039249 0
    outer loop
      vertex -21.9322 -1.7261 1.5
      vertex -22 0 32.5
      vertex -22 0 1.5
    endloop
  endfacet
  facet normal -0.999229 -0.039249 0
    outer loop
      vertex -22 0 32.5
      vertex -21.9322 -1.7261 1.5
      vertex -21.9322 -1.7261 32.5
    endloop
  endfacet
  facet normal 0.93819 -0.346121 0
    outer loop
      vertex 20.3253 -8.41903 32.5
      vertex 20.9232 -6.79837 1.5
      vertex 20.9232 -6.79837 32.5
    endloop
  endfacet
  facet normal 0.93819 -0.346121 0
    outer loop
      vertex 20.9232 -6.79837 1.5
      vertex 20.3253 -8.41903 32.5
      vertex 20.3253 -8.41903 1.5
    endloop
  endfacet
  facet normal -0.555568 -0.831471 0
    outer loop
      vertex -12.9313 -17.7984 1.5
      vertex -11.495 -18.7581 32.5
      vertex -12.9313 -17.7984 32.5
    endloop
  endfacet
  facet normal -0.555568 -0.831471 -0
    outer loop
      vertex -11.495 -18.7581 32.5
      vertex -12.9313 -17.7984 1.5
      vertex -11.495 -18.7581 1.5
    endloop
  endfacet
  facet normal 0.271444 -0.962454 0
    outer loop
      vertex 5.1358 -21.3921 1.5
      vertex 6.79837 -20.9232 32.5
      vertex 5.1358 -21.3921 32.5
    endloop
  endfacet
  facet normal 0.271444 -0.962454 0
    outer loop
      vertex 6.79837 -20.9232 32.5
      vertex 5.1358 -21.3921 1.5
      vertex 6.79837 -20.9232 1.5
    endloop
  endfacet
  facet normal 0.872515 -0.488587 0
    outer loop
      vertex 18.7581 -11.495 32.5
      vertex 19.6021 -9.98779 1.5
      vertex 19.6021 -9.98779 32.5
    endloop
  endfacet
  facet normal 0.872515 -0.488587 0
    outer loop
      vertex 19.6021 -9.98779 1.5
      vertex 18.7581 -11.495 32.5
      vertex 18.7581 -11.495 1.5
    endloop
  endfacet
  facet normal 0.117573 -0.993064 0
    outer loop
      vertex 1.7261 -21.9322 1.5
      vertex 3.44156 -21.7291 32.5
      vertex 1.7261 -21.9322 32.5
    endloop
  endfacet
  facet normal 0.117573 -0.993064 0
    outer loop
      vertex 3.44156 -21.7291 32.5
      vertex 1.7261 -21.9322 1.5
      vertex 3.44156 -21.7291 1.5
    endloop
  endfacet
  facet normal -0.418656 0.908145 0
    outer loop
      vertex -8.41903 20.3253 1.5
      vertex -9.98779 19.6021 32.5
      vertex -8.41903 20.3253 32.5
    endloop
  endfacet
  facet normal -0.418656 0.908145 0
    outer loop
      vertex -9.98779 19.6021 32.5
      vertex -8.41903 20.3253 1.5
      vertex -9.98779 19.6021 1.5
    endloop
  endfacet
  facet normal 0.346121 0.93819 -0
    outer loop
      vertex 8.41903 20.3253 1.5
      vertex 6.79837 20.9232 32.5
      vertex 8.41903 20.3253 32.5
    endloop
  endfacet
  facet normal 0.346121 0.93819 0
    outer loop
      vertex 6.79837 20.9232 32.5
      vertex 8.41903 20.3253 1.5
      vertex 6.79837 20.9232 1.5
    endloop
  endfacet
  facet normal -0.831471 0.555568 0
    outer loop
      vertex -18.7581 11.495 1.5
      vertex -17.7984 12.9313 32.5
      vertex -17.7984 12.9313 1.5
    endloop
  endfacet
  facet normal -0.831471 0.555568 0
    outer loop
      vertex -17.7984 12.9313 32.5
      vertex -18.7581 11.495 1.5
      vertex -18.7581 11.495 32.5
    endloop
  endfacet
  facet normal 0.678833 -0.734293 0
    outer loop
      vertex 14.2879 -16.7289 1.5
      vertex 15.5563 -15.5563 32.5
      vertex 14.2879 -16.7289 32.5
    endloop
  endfacet
  facet normal 0.678833 -0.734293 0
    outer loop
      vertex 15.5563 -15.5563 32.5
      vertex 14.2879 -16.7289 1.5
      vertex 15.5563 -15.5563 1.5
    endloop
  endfacet
  facet normal -0.734293 0.678833 0
    outer loop
      vertex -16.7289 14.2879 1.5
      vertex -15.5563 15.5563 32.5
      vertex -15.5563 15.5563 1.5
    endloop
  endfacet
  facet normal -0.734293 0.678833 0
    outer loop
      vertex -15.5563 15.5563 32.5
      vertex -16.7289 14.2879 1.5
      vertex -16.7289 14.2879 32.5
    endloop
  endfacet
  facet normal -0.619109 0.785305 0
    outer loop
      vertex -12.9313 17.7984 1.5
      vertex -14.2879 16.7289 32.5
      vertex -12.9313 17.7984 32.5
    endloop
  endfacet
  facet normal -0.619109 0.785305 0
    outer loop
      vertex -14.2879 16.7289 32.5
      vertex -12.9313 17.7984 1.5
      vertex -14.2879 16.7289 1.5
    endloop
  endfacet
  facet normal -0.980786 -0.195087 0
    outer loop
      vertex -21.3921 -5.1358 1.5
      vertex -21.7291 -3.44156 32.5
      vertex -21.7291 -3.44156 1.5
    endloop
  endfacet
  facet normal -0.980786 -0.195087 0
    outer loop
      vertex -21.7291 -3.44156 32.5
      vertex -21.3921 -5.1358 1.5
      vertex -21.3921 -5.1358 32.5
    endloop
  endfacet
  facet normal -0.831471 -0.555568 0
    outer loop
      vertex -17.7984 -12.9313 1.5
      vertex -18.7581 -11.495 32.5
      vertex -18.7581 -11.495 1.5
    endloop
  endfacet
  facet normal -0.831471 -0.555568 0
    outer loop
      vertex -18.7581 -11.495 32.5
      vertex -17.7984 -12.9313 1.5
      vertex -17.7984 -12.9313 32.5
    endloop
  endfacet
  facet normal -0.908145 0.418656 0
    outer loop
      vertex -20.3253 8.41903 1.5
      vertex -19.6021 9.98779 32.5
      vertex -19.6021 9.98779 1.5
    endloop
  endfacet
  facet normal -0.908145 0.418656 0
    outer loop
      vertex -19.6021 9.98779 32.5
      vertex -20.3253 8.41903 1.5
      vertex -20.3253 8.41903 32.5
    endloop
  endfacet
  facet normal -0.488587 -0.872515 0
    outer loop
      vertex -11.495 -18.7581 1.5
      vertex -9.98779 -19.6021 32.5
      vertex -11.495 -18.7581 32.5
    endloop
  endfacet
  facet normal -0.488587 -0.872515 -0
    outer loop
      vertex -9.98779 -19.6021 32.5
      vertex -11.495 -18.7581 1.5
      vertex -9.98779 -19.6021 1.5
    endloop
  endfacet
  facet normal 0.619109 -0.785305 0
    outer loop
      vertex 12.9313 -17.7984 1.5
      vertex 14.2879 -16.7289 32.5
      vertex 12.9313 -17.7984 32.5
    endloop
  endfacet
  facet normal 0.619109 -0.785305 0
    outer loop
      vertex 14.2879 -16.7289 32.5
      vertex 12.9313 -17.7984 1.5
      vertex 14.2879 -16.7289 1.5
    endloop
  endfacet
  facet normal 0.34534 0.617358 0.70683
    outer loop
      vertex 11.495 18.7581 32.5
      vertex 10.7362 17.7822 33.7231
      vertex 10.8408 17.6906 33.752
    endloop
  endfacet
  facet normal 0.345768 0.617074 0.706869
    outer loop
      vertex 11.495 18.7581 32.5
      vertex 10.5727 17.9044 33.6964
      vertex 10.7362 17.7822 33.7231
    endloop
  endfacet
  facet normal 0.345469 0.617312 0.706808
    outer loop
      vertex 11.495 18.7581 32.5
      vertex 10.4 18.0133 33.6857
      vertex 10.5727 17.9044 33.6964
    endloop
  endfacet
  facet normal 0.34583 0.616972 0.706928
    outer loop
      vertex 11.495 18.7581 32.5
      vertex 10.2193 18.1084 33.6911
      vertex 10.4 18.0133 33.6857
    endloop
  endfacet
  facet normal 0.345613 0.61721 0.706826
    outer loop
      vertex 11.495 18.7581 32.5
      vertex 10.0318 18.189 33.7124
      vertex 10.2193 18.1084 33.6911
    endloop
  endfacet
  facet normal 0.345715 0.617082 0.706888
    outer loop
      vertex 11.495 18.7581 32.5
      vertex 9.83844 18.2546 33.7497
      vertex 10.0318 18.189 33.7124
    endloop
  endfacet
  facet normal 0.345564 0.617297 0.706774
    outer loop
      vertex 11.495 18.7581 32.5
      vertex 9.64057 18.3048 33.8026
      vertex 9.83844 18.2546 33.7497
    endloop
  endfacet
  facet normal 0.345535 0.617343 0.706749
    outer loop
      vertex 9.64057 18.3048 33.8026
      vertex 11.495 18.7581 32.5
      vertex 9.55011 18.3204 33.8332
    endloop
  endfacet
  facet normal -0.480191 0.519422 0.706836
    outer loop
      vertex -14.2879 16.7289 32.5
      vertex -15.5563 15.5563 32.5
      vertex -13.3137 15.5883 34
    endloop
  endfacet
  facet normal 0.6938 -0.138003 0.706821
    outer loop
      vertex 21.7291 -3.44156 32.5
      vertex 19.9336 -4.78563 34
      vertex 21.3921 -5.1358 32.5
    endloop
  endfacet
  facet normal 0.707208 0.0278682 0.706456
    outer loop
      vertex 20.5166 1.18038 33.937
      vertex 20.4368 1.60841 34
      vertex 20.4489 1.30135 34
    endloop
  endfacet
  facet normal 0.706676 0.0276898 0.706995
    outer loop
      vertex 20.6021 0.994976 33.8588
      vertex 20.4368 1.60841 34
      vertex 20.5166 1.18038 33.937
    endloop
  endfacet
  facet normal 0.706789 0.0276451 0.706884
    outer loop
      vertex 22 0 32.5
      vertex 20.6021 0.994976 33.8588
      vertex 20.6727 0.803444 33.7957
    endloop
  endfacet
  facet normal 0.706831 0.0277678 0.706837
    outer loop
      vertex 20.6021 0.994976 33.8588
      vertex 22 0 32.5
      vertex 20.4368 1.60841 34
    endloop
  endfacet
  facet normal 0.706922 0.0281088 0.706733
    outer loop
      vertex 20.7282 0.606957 33.748
      vertex 22 0 32.5
      vertex 20.6727 0.803444 33.7957
    endloop
  endfacet
  facet normal 0.706791 0.0275182 0.706887
    outer loop
      vertex 20.768 0.406729 33.716
      vertex 22 0 32.5
      vertex 20.7282 0.606957 33.748
    endloop
  endfacet
  facet normal 0.706846 0.0278946 0.706817
    outer loop
      vertex 20.792 0.203993 33.7
      vertex 22 0 32.5
      vertex 20.768 0.406729 33.716
    endloop
  endfacet
  facet normal 0.706835 0.02772 0.706835
    outer loop
      vertex 22 0 32.5
      vertex 20.792 0.203993 33.7
      vertex 20.8 0 33.7
    endloop
  endfacet
  facet normal 0.706829 0.0277637 0.70684
    outer loop
      vertex 21.9322 1.7261 32.5
      vertex 20.4368 1.60841 34
      vertex 22 0 32.5
    endloop
  endfacet
  facet normal 0.0277637 -0.706829 0.70684
    outer loop
      vertex 1.60841 -20.4368 34
      vertex 0 -22 32.5
      vertex 1.7261 -21.9322 32.5
    endloop
  endfacet
  facet normal 0.480176 0.519466 0.706814
    outer loop
      vertex 15.5563 15.5563 32.5
      vertex 13.3137 15.5883 34
      vertex 14.4957 14.4957 34
    endloop
  endfacet
  facet normal 0.138003 -0.6938 0.706821
    outer loop
      vertex 4.78563 -19.9336 34
      vertex 3.44156 -21.7291 32.5
      vertex 5.1358 -21.3921 32.5
    endloop
  endfacet
  facet normal -0.437914 -0.555511 0.706851
    outer loop
      vertex -12.0496 -16.5848 34
      vertex -13.3137 -15.5883 34
      vertex -12.9313 -17.7984 32.5
    endloop
  endfacet
  facet normal -0.29615 0.642407 0.706829
    outer loop
      vertex -8.41903 20.3253 32.5
      vertex -9.98779 19.6021 32.5
      vertex -7.84501 18.9395 34
    endloop
  endfacet
  facet normal -0.680832 -0.192017 0.706822
    outer loop
      vertex -19.9336 -4.78563 34
      vertex -21.3921 -5.1358 32.5
      vertex -20.9232 -6.79837 32.5
    endloop
  endfacet
  facet normal -0.706829 -0.0277637 0.70684
    outer loop
      vertex -20.4368 -1.60841 34
      vertex -22 0 32.5
      vertex -21.9322 -1.7261 32.5
    endloop
  endfacet
  facet normal -0.6938 0.138003 0.706821
    outer loop
      vertex -21.3921 5.1358 32.5
      vertex -21.7291 3.44156 32.5
      vertex -19.9336 4.78563 34
    endloop
  endfacet
  facet normal -0.138003 -0.6938 0.706821
    outer loop
      vertex -4.78563 -19.9336 34
      vertex -5.1358 -21.3921 32.5
      vertex -3.44156 -21.7291 32.5
    endloop
  endfacet
  facet normal 0.34534 -0.617358 0.70683
    outer loop
      vertex 10.7362 -17.7822 33.7231
      vertex 11.495 -18.7581 32.5
      vertex 10.8408 -17.6906 33.752
    endloop
  endfacet
  facet normal 0.345768 -0.617074 0.706869
    outer loop
      vertex 10.5727 -17.9044 33.6964
      vertex 11.495 -18.7581 32.5
      vertex 10.7362 -17.7822 33.7231
    endloop
  endfacet
  facet normal 0.345469 -0.617312 0.706808
    outer loop
      vertex 10.4 -18.0133 33.6857
      vertex 11.495 -18.7581 32.5
      vertex 10.5727 -17.9044 33.6964
    endloop
  endfacet
  facet normal 0.34583 -0.616972 0.706928
    outer loop
      vertex 10.2193 -18.1084 33.6911
      vertex 11.495 -18.7581 32.5
      vertex 10.4 -18.0133 33.6857
    endloop
  endfacet
  facet normal 0.345613 -0.61721 0.706826
    outer loop
      vertex 10.0318 -18.189 33.7124
      vertex 11.495 -18.7581 32.5
      vertex 10.2193 -18.1084 33.6911
    endloop
  endfacet
  facet normal 0.345715 -0.617082 0.706888
    outer loop
      vertex 9.83844 -18.2546 33.7497
      vertex 11.495 -18.7581 32.5
      vertex 10.0318 -18.189 33.7124
    endloop
  endfacet
  facet normal 0.345564 -0.617297 0.706774
    outer loop
      vertex 9.64057 -18.3048 33.8026
      vertex 11.495 -18.7581 32.5
      vertex 9.83844 -18.2546 33.7497
    endloop
  endfacet
  facet normal 0.345535 -0.617343 0.706749
    outer loop
      vertex 11.495 -18.7581 32.5
      vertex 9.64057 -18.3048 33.8026
      vertex 9.55011 -18.3204 33.8332
    endloop
  endfacet
  facet normal -0.138003 0.6938 0.706821
    outer loop
      vertex -3.44156 21.7291 32.5
      vertex -5.1358 21.3921 32.5
      vertex -4.78563 19.9336 34
    endloop
  endfacet
  facet normal -0.0831679 0.702468 0.706839
    outer loop
      vertex -1.7261 21.9322 32.5
      vertex -3.44156 21.7291 32.5
      vertex -1.60841 20.4368 34
    endloop
  endfacet
  facet normal 0.680832 0.192017 0.706822
    outer loop
      vertex 20.9232 6.79837 32.5
      vertex 19.9336 4.78563 34
      vertex 21.3921 5.1358 32.5
    endloop
  endfacet
  facet normal 0.680843 0.192006 0.706814
    outer loop
      vertex 20.9232 6.79837 32.5
      vertex 19.4967 6.33485 34
      vertex 19.9336 4.78563 34
    endloop
  endfacet
  facet normal 0.29615 0.642407 0.706829
    outer loop
      vertex 8.41903 20.3253 32.5
      vertex 7.84501 18.9395 34
      vertex 9.98779 19.6021 32.5
    endloop
  endfacet
  facet normal -0.693797 -0.137993 0.706827
    outer loop
      vertex -20.2476 -3.20691 34
      vertex -21.7291 -3.44156 32.5
      vertex -19.9336 -4.78563 34
    endloop
  endfacet
  facet normal 0.519422 0.480191 0.706836
    outer loop
      vertex 16.7289 14.2879 32.5
      vertex 15.5563 15.5563 32.5
      vertex 15.5883 13.3137 34
    endloop
  endfacet
  facet normal 0.6938 0.138003 0.706821
    outer loop
      vertex 21.3921 5.1358 32.5
      vertex 19.9336 4.78563 34
      vertex 21.7291 3.44156 32.5
    endloop
  endfacet
  facet normal -0.702483 -0.0831466 0.706826
    outer loop
      vertex -20.4368 -1.60841 34
      vertex -21.7291 -3.44156 32.5
      vertex -20.2476 -3.20691 34
    endloop
  endfacet
  facet normal -0.702483 0.0831466 0.706826
    outer loop
      vertex -20.2476 3.20691 34
      vertex -21.7291 3.44156 32.5
      vertex -20.4368 1.60841 34
    endloop
  endfacet
  facet normal -0.437943 -0.555506 0.706837
    outer loop
      vertex -13.3137 -15.5883 34
      vertex -14.2879 -16.7289 32.5
      vertex -12.9313 -17.7984 32.5
    endloop
  endfacet
  facet normal -0.027774 -0.706834 0.706834
    outer loop
      vertex 0 -20.5 34
      vertex -1.60841 -20.4368 34
      vertex 0 -22 32.5
    endloop
  endfacet
  facet normal -0.0277637 0.706829 0.70684
    outer loop
      vertex 0 22 32.5
      vertex -1.7261 21.9322 32.5
      vertex -1.60841 20.4368 34
    endloop
  endfacet
  facet normal 0.2961 -0.64244 0.706821
    outer loop
      vertex 9.23607 -18.3581 33.9456
      vertex 9.98779 -19.6021 32.5
      vertex 9.34865 -18.3478 33.9078
    endloop
  endfacet
  facet normal 0.295912 -0.64254 0.706809
    outer loop
      vertex 9.10244 -18.3598 34
      vertex 9.98779 -19.6021 32.5
      vertex 9.23607 -18.3581 33.9456
    endloop
  endfacet
  facet normal 0.296158 -0.642397 0.706836
    outer loop
      vertex 9.98779 -19.6021 32.5
      vertex 9.10244 -18.3598 34
      vertex 7.84501 -18.9395 34
    endloop
  endfacet
  facet normal 0.702468 -0.0831679 0.706839
    outer loop
      vertex 21.9322 -1.7261 32.5
      vertex 20.4368 -1.60841 34
      vertex 21.7291 -3.44156 32.5
    endloop
  endfacet
  facet normal 0.588153 -0.392989 0.706849
    outer loop
      vertex 18.7581 -11.495 32.5
      vertex 17.4791 -10.7112 34
      vertex 17.7984 -12.9313 32.5
    endloop
  endfacet
  facet normal 0.192017 0.680832 0.706822
    outer loop
      vertex 5.1358 21.3921 32.5
      vertex 4.78563 19.9336 34
      vertex 6.79837 20.9232 32.5
    endloop
  endfacet
  facet normal 0.519466 0.480176 0.706814
    outer loop
      vertex 15.5563 15.5563 32.5
      vertex 14.4957 14.4957 34
      vertex 15.5883 13.3137 34
    endloop
  endfacet
  facet normal -0.707208 0.0278682 0.706456
    outer loop
      vertex -20.4368 1.60841 34
      vertex -20.5166 1.18038 33.937
      vertex -20.4489 1.30135 34
    endloop
  endfacet
  facet normal -0.706676 0.0276898 0.706995
    outer loop
      vertex -20.4368 1.60841 34
      vertex -20.6021 0.994976 33.8588
      vertex -20.5166 1.18038 33.937
    endloop
  endfacet
  facet normal -0.706831 0.0277678 0.706837
    outer loop
      vertex -22 0 32.5
      vertex -20.6021 0.994976 33.8588
      vertex -20.4368 1.60841 34
    endloop
  endfacet
  facet normal -0.706789 0.0276451 0.706884
    outer loop
      vertex -20.6021 0.994976 33.8588
      vertex -22 0 32.5
      vertex -20.6727 0.803444 33.7957
    endloop
  endfacet
  facet normal -0.706922 0.0281088 0.706733
    outer loop
      vertex -22 0 32.5
      vertex -20.7282 0.606957 33.748
      vertex -20.6727 0.803444 33.7957
    endloop
  endfacet
  facet normal -0.706791 0.0275182 0.706887
    outer loop
      vertex -22 0 32.5
      vertex -20.768 0.406729 33.716
      vertex -20.7282 0.606957 33.748
    endloop
  endfacet
  facet normal -0.706846 0.0278946 0.706817
    outer loop
      vertex -22 0 32.5
      vertex -20.792 0.203993 33.7
      vertex -20.768 0.406729 33.716
    endloop
  endfacet
  facet normal -0.706835 0.02772 0.706835
    outer loop
      vertex -20.792 0.203993 33.7
      vertex -22 0 32.5
      vertex -20.8 0 33.7
    endloop
  endfacet
  facet normal 0.702483 0.0831466 0.706826
    outer loop
      vertex 21.7291 3.44156 32.5
      vertex 20.2476 3.20691 34
      vertex 20.4368 1.60841 34
    endloop
  endfacet
  facet normal 0.617174 0.345633 0.706848
    outer loop
      vertex 18.7581 11.495 32.5
      vertex 17.4791 10.7112 34
      vertex 18.2656 9.3068 34
    endloop
  endfacet
  facet normal 0.0277637 0.706829 0.70684
    outer loop
      vertex 1.7261 21.9322 32.5
      vertex 0 22 32.5
      vertex 1.60841 20.4368 34
    endloop
  endfacet
  facet normal -0.345535 -0.617343 0.706749
    outer loop
      vertex -9.64057 -18.3048 33.8026
      vertex -11.495 -18.7581 32.5
      vertex -9.55011 -18.3204 33.8332
    endloop
  endfacet
  facet normal -0.345564 -0.617297 0.706774
    outer loop
      vertex -9.83844 -18.2546 33.7497
      vertex -11.495 -18.7581 32.5
      vertex -9.64057 -18.3048 33.8026
    endloop
  endfacet
  facet normal -0.345715 -0.617082 0.706888
    outer loop
      vertex -10.0318 -18.189 33.7124
      vertex -11.495 -18.7581 32.5
      vertex -9.83844 -18.2546 33.7497
    endloop
  endfacet
  facet normal -0.345613 -0.61721 0.706826
    outer loop
      vertex -10.2193 -18.1084 33.6911
      vertex -11.495 -18.7581 32.5
      vertex -10.0318 -18.189 33.7124
    endloop
  endfacet
  facet normal -0.34583 -0.616972 0.706928
    outer loop
      vertex -10.4 -18.0133 33.6857
      vertex -11.495 -18.7581 32.5
      vertex -10.2193 -18.1084 33.6911
    endloop
  endfacet
  facet normal -0.345469 -0.617312 0.706808
    outer loop
      vertex -10.5727 -17.9044 33.6964
      vertex -11.495 -18.7581 32.5
      vertex -10.4 -18.0133 33.6857
    endloop
  endfacet
  facet normal -0.345768 -0.617074 0.706869
    outer loop
      vertex -10.7362 -17.7822 33.7231
      vertex -11.495 -18.7581 32.5
      vertex -10.5727 -17.9044 33.6964
    endloop
  endfacet
  facet normal -0.34534 -0.617358 0.70683
    outer loop
      vertex -11.495 -18.7581 32.5
      vertex -10.7362 -17.7822 33.7231
      vertex -10.8408 -17.6906 33.752
    endloop
  endfacet
  facet normal -0.693797 0.137993 0.706827
    outer loop
      vertex -19.9336 4.78563 34
      vertex -21.7291 3.44156 32.5
      vertex -20.2476 3.20691 34
    endloop
  endfacet
  facet normal 0.588153 0.392989 0.706849
    outer loop
      vertex 17.7984 12.9313 32.5
      vertex 17.4791 10.7112 34
      vertex 18.7581 11.495 32.5
    endloop
  endfacet
  facet normal 0.6172 -0.345617 0.706833
    outer loop
      vertex 19.6021 -9.98779 32.5
      vertex 18.2656 -9.3068 34
      vertex 18.7581 -11.495 32.5
    endloop
  endfacet
  facet normal -0.519422 -0.480191 0.706836
    outer loop
      vertex -15.5883 -13.3137 34
      vertex -16.7289 -14.2879 32.5
      vertex -15.5563 -15.5563 32.5
    endloop
  endfacet
  facet normal -0.137993 -0.693797 0.706827
    outer loop
      vertex -3.20691 -20.2476 34
      vertex -4.78563 -19.9336 34
      vertex -3.44156 -21.7291 32.5
    endloop
  endfacet
  facet normal -0.680843 -0.192006 0.706814
    outer loop
      vertex -19.9336 -4.78563 34
      vertex -20.9232 -6.79837 32.5
      vertex -19.4967 -6.33485 34
    endloop
  endfacet
  facet normal 0.642402 -0.296154 0.706832
    outer loop
      vertex 18.9395 -7.84501 34
      vertex 18.2656 -9.3068 34
      vertex 19.6021 -9.98779 32.5
    endloop
  endfacet
  facet normal -0.680832 0.192017 0.706822
    outer loop
      vertex -20.9232 6.79837 32.5
      vertex -21.3921 5.1358 32.5
      vertex -19.9336 4.78563 34
    endloop
  endfacet
  facet normal 0.6172 0.345617 0.706833
    outer loop
      vertex 18.7581 11.495 32.5
      vertex 18.2656 9.3068 34
      vertex 19.6021 9.98779 32.5
    endloop
  endfacet
  facet normal 0.702468 0.0831679 0.706839
    outer loop
      vertex 21.7291 3.44156 32.5
      vertex 20.4368 1.60841 34
      vertex 21.9322 1.7261 32.5
    endloop
  endfacet
  facet normal -0.706835 -0.02772 0.706835
    outer loop
      vertex -22 0 32.5
      vertex -20.792 -0.203993 33.7
      vertex -20.8 0 33.7
    endloop
  endfacet
  facet normal -0.706846 -0.0278946 0.706817
    outer loop
      vertex -22 0 32.5
      vertex -20.768 -0.406729 33.716
      vertex -20.792 -0.203993 33.7
    endloop
  endfacet
  facet normal -0.706791 -0.0275182 0.706887
    outer loop
      vertex -22 0 32.5
      vertex -20.7282 -0.606957 33.748
      vertex -20.768 -0.406729 33.716
    endloop
  endfacet
  facet normal -0.706922 -0.0281088 0.706733
    outer loop
      vertex -22 0 32.5
      vertex -20.6727 -0.803444 33.7957
      vertex -20.7282 -0.606957 33.748
    endloop
  endfacet
  facet normal -0.706789 -0.0276451 0.706884
    outer loop
      vertex -22 0 32.5
      vertex -20.6021 -0.994976 33.8588
      vertex -20.6727 -0.803444 33.7957
    endloop
  endfacet
  facet normal -0.706831 -0.0277678 0.706837
    outer loop
      vertex -20.4368 -1.60841 34
      vertex -20.6021 -0.994976 33.8588
      vertex -22 0 32.5
    endloop
  endfacet
  facet normal -0.706676 -0.0276898 0.706995
    outer loop
      vertex -20.6021 -0.994976 33.8588
      vertex -20.4368 -1.60841 34
      vertex -20.5166 -1.18038 33.937
    endloop
  endfacet
  facet normal -0.707208 -0.0278682 0.706456
    outer loop
      vertex -20.5166 -1.18038 33.937
      vertex -20.4368 -1.60841 34
      vertex -20.4489 -1.30135 34
    endloop
  endfacet
  facet normal -0.393853 0.587613 0.706817
    outer loop
      vertex -11.495 18.7581 32.5
      vertex -10.8897 17.6476 33.7605
      vertex -10.8408 17.6906 33.752
    endloop
  endfacet
  facet normal -0.392885 0.588199 0.706869
    outer loop
      vertex -11.495 18.7581 32.5
      vertex -11.0118 17.5223 33.7969
      vertex -10.8897 17.6476 33.7605
    endloop
  endfacet
  facet normal -0.392985 0.588147 0.706856
    outer loop
      vertex -11.0118 17.5223 33.7969
      vertex -11.495 18.7581 32.5
      vertex -12.9313 17.7984 32.5
    endloop
  endfacet
  facet normal 0.555511 -0.437914 0.706851
    outer loop
      vertex 16.5848 -12.0496 34
      vertex 15.5883 -13.3137 34
      vertex 17.7984 -12.9313 32.5
    endloop
  endfacet
  facet normal 0.24484 0.663661 0.706829
    outer loop
      vertex 8.41903 20.3253 32.5
      vertex 6.79837 20.9232 32.5
      vertex 7.84501 18.9395 34
    endloop
  endfacet
  facet normal -0.192006 -0.680843 0.706814
    outer loop
      vertex -6.33485 -19.4967 34
      vertex -6.79837 -20.9232 32.5
      vertex -4.78563 -19.9336 34
    endloop
  endfacet
  facet normal -0.702468 -0.0831679 0.706839
    outer loop
      vertex -20.4368 -1.60841 34
      vertex -21.9322 -1.7261 32.5
      vertex -21.7291 -3.44156 32.5
    endloop
  endfacet
  facet normal 0.392985 -0.588147 0.706856
    outer loop
      vertex 11.0118 -17.5223 33.7969
      vertex 11.495 -18.7581 32.5
      vertex 12.9313 -17.7984 32.5
    endloop
  endfacet
  facet normal 0.392885 -0.588199 0.706869
    outer loop
      vertex 10.8897 -17.6476 33.7605
      vertex 11.495 -18.7581 32.5
      vertex 11.0118 -17.5223 33.7969
    endloop
  endfacet
  facet normal 0.393853 -0.587613 0.706817
    outer loop
      vertex 11.495 -18.7581 32.5
      vertex 10.8897 -17.6476 33.7605
      vertex 10.8408 -17.6906 33.752
    endloop
  endfacet
  facet normal -0.642402 0.296154 0.706832
    outer loop
      vertex -18.2656 9.3068 34
      vertex -19.6021 9.98779 32.5
      vertex -18.9395 7.84501 34
    endloop
  endfacet
  facet normal -0.244871 -0.663665 0.706814
    outer loop
      vertex -6.33485 -19.4967 34
      vertex -7.84501 -18.9395 34
      vertex -6.79837 -20.9232 32.5
    endloop
  endfacet
  facet normal -0.137993 0.693797 0.706827
    outer loop
      vertex -3.44156 21.7291 32.5
      vertex -4.78563 19.9336 34
      vertex -3.20691 20.2476 34
    endloop
  endfacet
  facet normal 0.480191 -0.519422 0.706836
    outer loop
      vertex 15.5563 -15.5563 32.5
      vertex 13.3137 -15.5883 34
      vertex 14.2879 -16.7289 32.5
    endloop
  endfacet
  facet normal -0.555506 0.437943 0.706837
    outer loop
      vertex -16.7289 14.2879 32.5
      vertex -17.7984 12.9313 32.5
      vertex -15.5883 13.3137 34
    endloop
  endfacet
  facet normal 0.345619 0.617205 0.706828
    outer loop
      vertex 9.98779 19.6021 32.5
      vertex 9.55011 18.3204 33.8332
      vertex 11.495 18.7581 32.5
    endloop
  endfacet
  facet normal 0.345861 0.617097 0.706803
    outer loop
      vertex 9.98779 19.6021 32.5
      vertex 9.43937 18.3394 33.8708
      vertex 9.55011 18.3204 33.8332
    endloop
  endfacet
  facet normal 0.345436 0.617308 0.706827
    outer loop
      vertex 9.43937 18.3394 33.8708
      vertex 9.98779 19.6021 32.5
      vertex 9.34865 18.3478 33.9078
    endloop
  endfacet
  facet normal -0.555506 -0.437943 0.706837
    outer loop
      vertex -15.5883 -13.3137 34
      vertex -17.7984 -12.9313 32.5
      vertex -16.7289 -14.2879 32.5
    endloop
  endfacet
  facet normal 0.693797 0.137993 0.706827
    outer loop
      vertex 21.7291 3.44156 32.5
      vertex 19.9336 4.78563 34
      vertex 20.2476 3.20691 34
    endloop
  endfacet
  facet normal 0.480191 0.519422 0.706836
    outer loop
      vertex 14.2879 16.7289 32.5
      vertex 13.3137 15.5883 34
      vertex 15.5563 15.5563 32.5
    endloop
  endfacet
  facet normal 0.519466 -0.480176 0.706814
    outer loop
      vertex 15.5883 -13.3137 34
      vertex 14.4957 -14.4957 34
      vertex 15.5563 -15.5563 32.5
    endloop
  endfacet
  facet normal 0.29615 -0.642407 0.706829
    outer loop
      vertex 9.98779 -19.6021 32.5
      vertex 7.84501 -18.9395 34
      vertex 8.41903 -20.3253 32.5
    endloop
  endfacet
  facet normal 0.2961 0.64244 0.706821
    outer loop
      vertex 9.98779 19.6021 32.5
      vertex 9.23607 18.3581 33.9456
      vertex 9.34865 18.3478 33.9078
    endloop
  endfacet
  facet normal 0.295912 0.64254 0.706809
    outer loop
      vertex 9.98779 19.6021 32.5
      vertex 9.10244 18.3598 34
      vertex 9.23607 18.3581 33.9456
    endloop
  endfacet
  facet normal 0.296158 0.642397 0.706836
    outer loop
      vertex 9.10244 18.3598 34
      vertex 9.98779 19.6021 32.5
      vertex 7.84501 18.9395 34
    endloop
  endfacet
  facet normal 0.138003 0.6938 0.706821
    outer loop
      vertex 5.1358 21.3921 32.5
      vertex 3.44156 21.7291 32.5
      vertex 4.78563 19.9336 34
    endloop
  endfacet
  facet normal -0.680843 0.192006 0.706814
    outer loop
      vertex -19.4967 6.33485 34
      vertex -20.9232 6.79837 32.5
      vertex -19.9336 4.78563 34
    endloop
  endfacet
  facet normal 0.0831679 0.702468 0.706839
    outer loop
      vertex 1.7261 21.9322 32.5
      vertex 1.60841 20.4368 34
      vertex 3.44156 21.7291 32.5
    endloop
  endfacet
  facet normal 0.617174 -0.345633 0.706848
    outer loop
      vertex 18.2656 -9.3068 34
      vertex 17.4791 -10.7112 34
      vertex 18.7581 -11.495 32.5
    endloop
  endfacet
  facet normal 0.680843 -0.192006 0.706814
    outer loop
      vertex 19.9336 -4.78563 34
      vertex 19.4967 -6.33485 34
      vertex 20.9232 -6.79837 32.5
    endloop
  endfacet
  facet normal -0.519466 -0.480176 0.706814
    outer loop
      vertex -14.4957 -14.4957 34
      vertex -15.5883 -13.3137 34
      vertex -15.5563 -15.5563 32.5
    endloop
  endfacet
  facet normal -0.192017 0.680832 0.706822
    outer loop
      vertex -5.1358 21.3921 32.5
      vertex -6.79837 20.9232 32.5
      vertex -4.78563 19.9336 34
    endloop
  endfacet
  facet normal 0.706829 -0.0277637 0.70684
    outer loop
      vertex 22 0 32.5
      vertex 20.4368 -1.60841 34
      vertex 21.9322 -1.7261 32.5
    endloop
  endfacet
  facet normal 0.706835 -0.02772 0.706835
    outer loop
      vertex 20.792 -0.203993 33.7
      vertex 22 0 32.5
      vertex 20.8 0 33.7
    endloop
  endfacet
  facet normal 0.706846 -0.0278946 0.706817
    outer loop
      vertex 20.768 -0.406729 33.716
      vertex 22 0 32.5
      vertex 20.792 -0.203993 33.7
    endloop
  endfacet
  facet normal 0.706791 -0.0275182 0.706887
    outer loop
      vertex 20.7282 -0.606957 33.748
      vertex 22 0 32.5
      vertex 20.768 -0.406729 33.716
    endloop
  endfacet
  facet normal 0.706922 -0.0281088 0.706733
    outer loop
      vertex 20.6727 -0.803444 33.7957
      vertex 22 0 32.5
      vertex 20.7282 -0.606957 33.748
    endloop
  endfacet
  facet normal 0.706789 -0.0276451 0.706884
    outer loop
      vertex 20.6021 -0.994976 33.8588
      vertex 22 0 32.5
      vertex 20.6727 -0.803444 33.7957
    endloop
  endfacet
  facet normal 0.706676 -0.0276898 0.706995
    outer loop
      vertex 20.4368 -1.60841 34
      vertex 20.6021 -0.994976 33.8588
      vertex 20.5166 -1.18038 33.937
    endloop
  endfacet
  facet normal 0.707208 -0.0278682 0.706456
    outer loop
      vertex 20.4368 -1.60841 34
      vertex 20.5166 -1.18038 33.937
      vertex 20.4489 -1.30135 34
    endloop
  endfacet
  facet normal 0.706831 -0.0277678 0.706837
    outer loop
      vertex 20.6021 -0.994976 33.8588
      vertex 20.4368 -1.60841 34
      vertex 22 0 32.5
    endloop
  endfacet
  facet normal -0.296158 0.642397 0.706836
    outer loop
      vertex -9.98779 19.6021 32.5
      vertex -9.10244 18.3598 34
      vertex -7.84501 18.9395 34
    endloop
  endfacet
  facet normal -0.295912 0.64254 0.706809
    outer loop
      vertex -9.10244 18.3598 34
      vertex -9.98779 19.6021 32.5
      vertex -9.23607 18.3581 33.9456
    endloop
  endfacet
  facet normal -0.2961 0.64244 0.706821
    outer loop
      vertex -9.23607 18.3581 33.9456
      vertex -9.98779 19.6021 32.5
      vertex -9.34865 18.3478 33.9078
    endloop
  endfacet
  facet normal 0.24484 -0.663661 0.706829
    outer loop
      vertex 7.84501 -18.9395 34
      vertex 6.79837 -20.9232 32.5
      vertex 8.41903 -20.3253 32.5
    endloop
  endfacet
  facet normal 0.244871 0.663665 0.706814
    outer loop
      vertex 6.79837 20.9232 32.5
      vertex 6.33485 19.4967 34
      vertex 7.84501 18.9395 34
    endloop
  endfacet
  facet normal 0.137993 -0.693797 0.706827
    outer loop
      vertex 4.78563 -19.9336 34
      vertex 3.20691 -20.2476 34
      vertex 3.44156 -21.7291 32.5
    endloop
  endfacet
  facet normal 0.345619 -0.617205 0.706828
    outer loop
      vertex 9.55011 -18.3204 33.8332
      vertex 9.98779 -19.6021 32.5
      vertex 11.495 -18.7581 32.5
    endloop
  endfacet
  facet normal 0.345861 -0.617097 0.706803
    outer loop
      vertex 9.43937 -18.3394 33.8708
      vertex 9.98779 -19.6021 32.5
      vertex 9.55011 -18.3204 33.8332
    endloop
  endfacet
  facet normal 0.345436 -0.617308 0.706827
    outer loop
      vertex 9.98779 -19.6021 32.5
      vertex 9.43937 -18.3394 33.8708
      vertex 9.34865 -18.3478 33.9078
    endloop
  endfacet
  facet normal -0.617174 -0.345633 0.706848
    outer loop
      vertex -18.2656 -9.3068 34
      vertex -18.7581 -11.495 32.5
      vertex -17.4791 -10.7112 34
    endloop
  endfacet
  facet normal 0.0831679 -0.702468 0.706839
    outer loop
      vertex 3.44156 -21.7291 32.5
      vertex 1.60841 -20.4368 34
      vertex 1.7261 -21.9322 32.5
    endloop
  endfacet
  facet normal 0.027774 -0.706834 0.706834
    outer loop
      vertex 0 -20.5 34
      vertex 0 -22 32.5
      vertex 1.60841 -20.4368 34
    endloop
  endfacet
  facet normal -0.6172 -0.345617 0.706833
    outer loop
      vertex -18.2656 -9.3068 34
      vertex -19.6021 -9.98779 32.5
      vertex -18.7581 -11.495 32.5
    endloop
  endfacet
  facet normal -0.345436 -0.617308 0.706827
    outer loop
      vertex -9.43937 -18.3394 33.8708
      vertex -9.98779 -19.6021 32.5
      vertex -9.34865 -18.3478 33.9078
    endloop
  endfacet
  facet normal -0.345861 -0.617097 0.706803
    outer loop
      vertex -9.55011 -18.3204 33.8332
      vertex -9.98779 -19.6021 32.5
      vertex -9.43937 -18.3394 33.8708
    endloop
  endfacet
  facet normal -0.345619 -0.617205 0.706828
    outer loop
      vertex -9.98779 -19.6021 32.5
      vertex -9.55011 -18.3204 33.8332
      vertex -11.495 -18.7581 32.5
    endloop
  endfacet
  facet normal -0.663661 -0.24484 0.706829
    outer loop
      vertex -18.9395 -7.84501 34
      vertex -20.9232 -6.79837 32.5
      vertex -20.3253 -8.41903 32.5
    endloop
  endfacet
  facet normal -0.663665 0.244871 0.706814
    outer loop
      vertex -18.9395 7.84501 34
      vertex -20.9232 6.79837 32.5
      vertex -19.4967 6.33485 34
    endloop
  endfacet
  facet normal -0.642407 -0.29615 0.706829
    outer loop
      vertex -18.9395 -7.84501 34
      vertex -20.3253 -8.41903 32.5
      vertex -19.6021 -9.98779 32.5
    endloop
  endfacet
  facet normal 0.437943 0.555506 0.706837
    outer loop
      vertex 14.2879 16.7289 32.5
      vertex 12.9313 17.7984 32.5
      vertex 13.3137 15.5883 34
    endloop
  endfacet
  facet normal 0.663665 0.244871 0.706814
    outer loop
      vertex 20.9232 6.79837 32.5
      vertex 18.9395 7.84501 34
      vertex 19.4967 6.33485 34
    endloop
  endfacet
  facet normal 0.437914 -0.555511 0.706851
    outer loop
      vertex 13.3137 -15.5883 34
      vertex 12.0496 -16.5848 34
      vertex 12.9313 -17.7984 32.5
    endloop
  endfacet
  facet normal -0.642402 -0.296154 0.706832
    outer loop
      vertex -18.9395 -7.84501 34
      vertex -19.6021 -9.98779 32.5
      vertex -18.2656 -9.3068 34
    endloop
  endfacet
  facet normal -0.663665 -0.244871 0.706814
    outer loop
      vertex -19.4967 -6.33485 34
      vertex -20.9232 -6.79837 32.5
      vertex -18.9395 -7.84501 34
    endloop
  endfacet
  facet normal -0.0831679 -0.702468 0.706839
    outer loop
      vertex -1.60841 -20.4368 34
      vertex -3.44156 -21.7291 32.5
      vertex -1.7261 -21.9322 32.5
    endloop
  endfacet
  facet normal -0.0277637 -0.706829 0.70684
    outer loop
      vertex -1.60841 -20.4368 34
      vertex -1.7261 -21.9322 32.5
      vertex 0 -22 32.5
    endloop
  endfacet
  facet normal -0.24484 -0.663661 0.706829
    outer loop
      vertex -7.84501 -18.9395 34
      vertex -8.41903 -20.3253 32.5
      vertex -6.79837 -20.9232 32.5
    endloop
  endfacet
  facet normal 0.642407 0.29615 0.706829
    outer loop
      vertex 19.6021 9.98779 32.5
      vertex 18.9395 7.84501 34
      vertex 20.3253 8.41903 32.5
    endloop
  endfacet
  facet normal 0.392985 0.588147 0.706856
    outer loop
      vertex 11.495 18.7581 32.5
      vertex 11.0118 17.5223 33.7969
      vertex 12.9313 17.7984 32.5
    endloop
  endfacet
  facet normal 0.392885 0.588199 0.706869
    outer loop
      vertex 11.495 18.7581 32.5
      vertex 10.8897 17.6476 33.7605
      vertex 11.0118 17.5223 33.7969
    endloop
  endfacet
  facet normal 0.393853 0.587613 0.706817
    outer loop
      vertex 10.8897 17.6476 33.7605
      vertex 11.495 18.7581 32.5
      vertex 10.8408 17.6906 33.752
    endloop
  endfacet
  facet normal -0.192017 -0.680832 0.706822
    outer loop
      vertex -4.78563 -19.9336 34
      vertex -6.79837 -20.9232 32.5
      vertex -5.1358 -21.3921 32.5
    endloop
  endfacet
  facet normal -0.555511 0.437914 0.706851
    outer loop
      vertex -15.5883 13.3137 34
      vertex -17.7984 12.9313 32.5
      vertex -16.5848 12.0496 34
    endloop
  endfacet
  facet normal 0.437914 0.555511 0.706851
    outer loop
      vertex 12.9313 17.7984 32.5
      vertex 12.0496 16.5848 34
      vertex 13.3137 15.5883 34
    endloop
  endfacet
  facet normal 0.693797 -0.137993 0.706827
    outer loop
      vertex 20.2476 -3.20691 34
      vertex 19.9336 -4.78563 34
      vertex 21.7291 -3.44156 32.5
    endloop
  endfacet
  facet normal 0.680832 -0.192017 0.706822
    outer loop
      vertex 21.3921 -5.1358 32.5
      vertex 19.9336 -4.78563 34
      vertex 20.9232 -6.79837 32.5
    endloop
  endfacet
  facet normal -0.617174 0.345633 0.706848
    outer loop
      vertex -17.4791 10.7112 34
      vertex -18.7581 11.495 32.5
      vertex -18.2656 9.3068 34
    endloop
  endfacet
  facet normal -0.027774 0.706834 0.706834
    outer loop
      vertex 0 22 32.5
      vertex -1.60841 20.4368 34
      vertex 0 20.5 34
    endloop
  endfacet
  facet normal -0.24484 0.663661 0.706829
    outer loop
      vertex -6.79837 20.9232 32.5
      vertex -8.41903 20.3253 32.5
      vertex -7.84501 18.9395 34
    endloop
  endfacet
  facet normal 0.137993 0.693797 0.706827
    outer loop
      vertex 3.44156 21.7291 32.5
      vertex 3.20691 20.2476 34
      vertex 4.78563 19.9336 34
    endloop
  endfacet
  facet normal 0.0831466 0.702483 0.706826
    outer loop
      vertex 3.44156 21.7291 32.5
      vertex 1.60841 20.4368 34
      vertex 3.20691 20.2476 34
    endloop
  endfacet
  facet normal 0.588148 -0.392992 0.706852
    outer loop
      vertex 17.4791 -10.7112 34
      vertex 16.5848 -12.0496 34
      vertex 17.7984 -12.9313 32.5
    endloop
  endfacet
  facet normal 0.588148 0.392992 0.706852
    outer loop
      vertex 17.7984 12.9313 32.5
      vertex 16.5848 12.0496 34
      vertex 17.4791 10.7112 34
    endloop
  endfacet
  facet normal 0.663661 -0.24484 0.706829
    outer loop
      vertex 20.9232 -6.79837 32.5
      vertex 18.9395 -7.84501 34
      vertex 20.3253 -8.41903 32.5
    endloop
  endfacet
  facet normal 0.642407 -0.29615 0.706829
    outer loop
      vertex 20.3253 -8.41903 32.5
      vertex 18.9395 -7.84501 34
      vertex 19.6021 -9.98779 32.5
    endloop
  endfacet
  facet normal 0.393041 0.588114 0.706853
    outer loop
      vertex 12.9313 17.7984 32.5
      vertex 11.3586 17.0466 34
      vertex 12.0496 16.5848 34
    endloop
  endfacet
  facet normal 0.392909 0.588273 0.706794
    outer loop
      vertex 12.9313 17.7984 32.5
      vertex 11.2805 17.1777 33.9343
      vertex 11.3586 17.0466 34
    endloop
  endfacet
  facet normal 0.392837 0.58837 0.706753
    outer loop
      vertex 12.9313 17.7984 32.5
      vertex 11.1627 17.3444 33.861
      vertex 11.2805 17.1777 33.9343
    endloop
  endfacet
  facet normal 0.393113 0.587931 0.706965
    outer loop
      vertex 12.9313 17.7984 32.5
      vertex 11.0322 17.5014 33.803
      vertex 11.1627 17.3444 33.861
    endloop
  endfacet
  facet normal 0.392446 0.589197 0.706282
    outer loop
      vertex 11.0322 17.5014 33.803
      vertex 12.9313 17.7984 32.5
      vertex 11.0118 17.5223 33.7969
    endloop
  endfacet
  facet normal 0.192017 -0.680832 0.706822
    outer loop
      vertex 6.79837 -20.9232 32.5
      vertex 4.78563 -19.9336 34
      vertex 5.1358 -21.3921 32.5
    endloop
  endfacet
  facet normal 0.555506 0.437943 0.706837
    outer loop
      vertex 16.7289 14.2879 32.5
      vertex 15.5883 13.3137 34
      vertex 17.7984 12.9313 32.5
    endloop
  endfacet
  facet normal 0.702483 -0.0831466 0.706826
    outer loop
      vertex 20.4368 -1.60841 34
      vertex 20.2476 -3.20691 34
      vertex 21.7291 -3.44156 32.5
    endloop
  endfacet
  facet normal 0.027774 0.706834 0.706834
    outer loop
      vertex 0 22 32.5
      vertex 0 20.5 34
      vertex 1.60841 20.4368 34
    endloop
  endfacet
  facet normal -0.437943 0.555506 0.706837
    outer loop
      vertex -12.9313 17.7984 32.5
      vertex -14.2879 16.7289 32.5
      vertex -13.3137 15.5883 34
    endloop
  endfacet
  facet normal -0.29615 -0.642407 0.706829
    outer loop
      vertex -7.84501 -18.9395 34
      vertex -9.98779 -19.6021 32.5
      vertex -8.41903 -20.3253 32.5
    endloop
  endfacet
  facet normal -0.393041 -0.588114 0.706853
    outer loop
      vertex -12.9313 -17.7984 32.5
      vertex -11.3586 -17.0466 34
      vertex -12.0496 -16.5848 34
    endloop
  endfacet
  facet normal -0.392909 -0.588273 0.706794
    outer loop
      vertex -11.3586 -17.0466 34
      vertex -12.9313 -17.7984 32.5
      vertex -11.2805 -17.1777 33.9343
    endloop
  endfacet
  facet normal -0.392837 -0.58837 0.706753
    outer loop
      vertex -11.2805 -17.1777 33.9343
      vertex -12.9313 -17.7984 32.5
      vertex -11.1627 -17.3444 33.861
    endloop
  endfacet
  facet normal -0.393113 -0.587931 0.706965
    outer loop
      vertex -11.1627 -17.3444 33.861
      vertex -12.9313 -17.7984 32.5
      vertex -11.0322 -17.5014 33.803
    endloop
  endfacet
  facet normal -0.392446 -0.589197 0.706282
    outer loop
      vertex -11.0322 -17.5014 33.803
      vertex -12.9313 -17.7984 32.5
      vertex -11.0118 -17.5223 33.7969
    endloop
  endfacet
  facet normal -0.519422 0.480191 0.706836
    outer loop
      vertex -15.5563 15.5563 32.5
      vertex -16.7289 14.2879 32.5
      vertex -15.5883 13.3137 34
    endloop
  endfacet
  facet normal -0.392909 0.588273 0.706794
    outer loop
      vertex -12.9313 17.7984 32.5
      vertex -11.3586 17.0466 34
      vertex -11.2805 17.1777 33.9343
    endloop
  endfacet
  facet normal -0.392837 0.58837 0.706753
    outer loop
      vertex -12.9313 17.7984 32.5
      vertex -11.2805 17.1777 33.9343
      vertex -11.1627 17.3444 33.861
    endloop
  endfacet
  facet normal -0.393113 0.587931 0.706965
    outer loop
      vertex -12.9313 17.7984 32.5
      vertex -11.1627 17.3444 33.861
      vertex -11.0322 17.5014 33.803
    endloop
  endfacet
  facet normal -0.392446 0.589197 0.706282
    outer loop
      vertex -12.9313 17.7984 32.5
      vertex -11.0322 17.5014 33.803
      vertex -11.0118 17.5223 33.7969
    endloop
  endfacet
  facet normal -0.393041 0.588114 0.706853
    outer loop
      vertex -11.3586 17.0466 34
      vertex -12.9313 17.7984 32.5
      vertex -12.0496 16.5848 34
    endloop
  endfacet
  facet normal -0.437914 0.555511 0.706851
    outer loop
      vertex -12.9313 17.7984 32.5
      vertex -13.3137 15.5883 34
      vertex -12.0496 16.5848 34
    endloop
  endfacet
  facet normal -0.480176 -0.519466 0.706814
    outer loop
      vertex -14.4957 -14.4957 34
      vertex -15.5563 -15.5563 32.5
      vertex -13.3137 -15.5883 34
    endloop
  endfacet
  facet normal -0.0831466 -0.702483 0.706826
    outer loop
      vertex -3.20691 -20.2476 34
      vertex -3.44156 -21.7291 32.5
      vertex -1.60841 -20.4368 34
    endloop
  endfacet
  facet normal 0.519422 -0.480191 0.706836
    outer loop
      vertex 15.5883 -13.3137 34
      vertex 15.5563 -15.5563 32.5
      vertex 16.7289 -14.2879 32.5
    endloop
  endfacet
  facet normal -0.588153 -0.392989 0.706849
    outer loop
      vertex -17.4791 -10.7112 34
      vertex -18.7581 -11.495 32.5
      vertex -17.7984 -12.9313 32.5
    endloop
  endfacet
  facet normal -0.480191 -0.519422 0.706836
    outer loop
      vertex -13.3137 -15.5883 34
      vertex -15.5563 -15.5563 32.5
      vertex -14.2879 -16.7289 32.5
    endloop
  endfacet
  facet normal -0.642407 0.29615 0.706829
    outer loop
      vertex -19.6021 9.98779 32.5
      vertex -20.3253 8.41903 32.5
      vertex -18.9395 7.84501 34
    endloop
  endfacet
  facet normal -0.34534 0.617358 0.70683
    outer loop
      vertex -10.7362 17.7822 33.7231
      vertex -11.495 18.7581 32.5
      vertex -10.8408 17.6906 33.752
    endloop
  endfacet
  facet normal -0.345768 0.617074 0.706869
    outer loop
      vertex -10.5727 17.9044 33.6964
      vertex -11.495 18.7581 32.5
      vertex -10.7362 17.7822 33.7231
    endloop
  endfacet
  facet normal -0.345469 0.617312 0.706808
    outer loop
      vertex -10.4 18.0133 33.6857
      vertex -11.495 18.7581 32.5
      vertex -10.5727 17.9044 33.6964
    endloop
  endfacet
  facet normal -0.34583 0.616972 0.706928
    outer loop
      vertex -10.2193 18.1084 33.6911
      vertex -11.495 18.7581 32.5
      vertex -10.4 18.0133 33.6857
    endloop
  endfacet
  facet normal -0.345613 0.61721 0.706826
    outer loop
      vertex -10.0318 18.189 33.7124
      vertex -11.495 18.7581 32.5
      vertex -10.2193 18.1084 33.6911
    endloop
  endfacet
  facet normal -0.345715 0.617082 0.706888
    outer loop
      vertex -9.83844 18.2546 33.7497
      vertex -11.495 18.7581 32.5
      vertex -10.0318 18.189 33.7124
    endloop
  endfacet
  facet normal -0.345564 0.617297 0.706774
    outer loop
      vertex -9.64057 18.3048 33.8026
      vertex -11.495 18.7581 32.5
      vertex -9.83844 18.2546 33.7497
    endloop
  endfacet
  facet normal -0.345535 0.617343 0.706749
    outer loop
      vertex -11.495 18.7581 32.5
      vertex -9.64057 18.3048 33.8026
      vertex -9.55011 18.3204 33.8332
    endloop
  endfacet
  facet normal -0.663661 0.24484 0.706829
    outer loop
      vertex -20.3253 8.41903 32.5
      vertex -20.9232 6.79837 32.5
      vertex -18.9395 7.84501 34
    endloop
  endfacet
  facet normal -0.706829 0.0277637 0.70684
    outer loop
      vertex -21.9322 1.7261 32.5
      vertex -22 0 32.5
      vertex -20.4368 1.60841 34
    endloop
  endfacet
  facet normal -0.588148 0.392992 0.706852
    outer loop
      vertex -16.5848 12.0496 34
      vertex -17.7984 12.9313 32.5
      vertex -17.4791 10.7112 34
    endloop
  endfacet
  facet normal 0.0831466 -0.702483 0.706826
    outer loop
      vertex 3.20691 -20.2476 34
      vertex 1.60841 -20.4368 34
      vertex 3.44156 -21.7291 32.5
    endloop
  endfacet
  facet normal 0.663665 -0.244871 0.706814
    outer loop
      vertex 19.4967 -6.33485 34
      vertex 18.9395 -7.84501 34
      vertex 20.9232 -6.79837 32.5
    endloop
  endfacet
  facet normal 0.437943 -0.555506 0.706837
    outer loop
      vertex 13.3137 -15.5883 34
      vertex 12.9313 -17.7984 32.5
      vertex 14.2879 -16.7289 32.5
    endloop
  endfacet
  facet normal -0.6938 -0.138003 0.706821
    outer loop
      vertex -19.9336 -4.78563 34
      vertex -21.7291 -3.44156 32.5
      vertex -21.3921 -5.1358 32.5
    endloop
  endfacet
  facet normal -0.295912 -0.64254 0.706809
    outer loop
      vertex -9.98779 -19.6021 32.5
      vertex -9.10244 -18.3598 34
      vertex -9.23607 -18.3581 33.9456
    endloop
  endfacet
  facet normal -0.2961 -0.64244 0.706821
    outer loop
      vertex -9.98779 -19.6021 32.5
      vertex -9.23607 -18.3581 33.9456
      vertex -9.34865 -18.3478 33.9078
    endloop
  endfacet
  facet normal -0.296158 -0.642397 0.706836
    outer loop
      vertex -9.10244 -18.3598 34
      vertex -9.98779 -19.6021 32.5
      vertex -7.84501 -18.9395 34
    endloop
  endfacet
  facet normal -0.393853 -0.587613 0.706817
    outer loop
      vertex -10.8897 -17.6476 33.7605
      vertex -11.495 -18.7581 32.5
      vertex -10.8408 -17.6906 33.752
    endloop
  endfacet
  facet normal -0.392885 -0.588199 0.706869
    outer loop
      vertex -11.0118 -17.5223 33.7969
      vertex -11.495 -18.7581 32.5
      vertex -10.8897 -17.6476 33.7605
    endloop
  endfacet
  facet normal -0.392985 -0.588147 0.706856
    outer loop
      vertex -11.495 -18.7581 32.5
      vertex -11.0118 -17.5223 33.7969
      vertex -12.9313 -17.7984 32.5
    endloop
  endfacet
  facet normal -0.0831466 0.702483 0.706826
    outer loop
      vertex -1.60841 20.4368 34
      vertex -3.44156 21.7291 32.5
      vertex -3.20691 20.2476 34
    endloop
  endfacet
  facet normal -0.244871 0.663665 0.706814
    outer loop
      vertex -6.79837 20.9232 32.5
      vertex -7.84501 18.9395 34
      vertex -6.33485 19.4967 34
    endloop
  endfacet
  facet normal 0.480176 -0.519466 0.706814
    outer loop
      vertex 14.4957 -14.4957 34
      vertex 13.3137 -15.5883 34
      vertex 15.5563 -15.5563 32.5
    endloop
  endfacet
  facet normal 0.192006 -0.680843 0.706814
    outer loop
      vertex 6.33485 -19.4967 34
      vertex 4.78563 -19.9336 34
      vertex 6.79837 -20.9232 32.5
    endloop
  endfacet
  facet normal 0.244871 -0.663665 0.706814
    outer loop
      vertex 7.84501 -18.9395 34
      vertex 6.33485 -19.4967 34
      vertex 6.79837 -20.9232 32.5
    endloop
  endfacet
  facet normal -0.480176 0.519466 0.706814
    outer loop
      vertex -13.3137 15.5883 34
      vertex -15.5563 15.5563 32.5
      vertex -14.4957 14.4957 34
    endloop
  endfacet
  facet normal 0.192006 0.680843 0.706814
    outer loop
      vertex 6.79837 20.9232 32.5
      vertex 4.78563 19.9336 34
      vertex 6.33485 19.4967 34
    endloop
  endfacet
  facet normal -0.345436 0.617308 0.706827
    outer loop
      vertex -9.98779 19.6021 32.5
      vertex -9.43937 18.3394 33.8708
      vertex -9.34865 18.3478 33.9078
    endloop
  endfacet
  facet normal -0.345861 0.617097 0.706803
    outer loop
      vertex -9.98779 19.6021 32.5
      vertex -9.55011 18.3204 33.8332
      vertex -9.43937 18.3394 33.8708
    endloop
  endfacet
  facet normal -0.345619 0.617205 0.706828
    outer loop
      vertex -9.55011 18.3204 33.8332
      vertex -9.98779 19.6021 32.5
      vertex -11.495 18.7581 32.5
    endloop
  endfacet
  facet normal -0.588153 0.392989 0.706849
    outer loop
      vertex -17.7984 12.9313 32.5
      vertex -18.7581 11.495 32.5
      vertex -17.4791 10.7112 34
    endloop
  endfacet
  facet normal 0.555506 -0.437943 0.706837
    outer loop
      vertex 17.7984 -12.9313 32.5
      vertex 15.5883 -13.3137 34
      vertex 16.7289 -14.2879 32.5
    endloop
  endfacet
  facet normal 0.663661 0.24484 0.706829
    outer loop
      vertex 20.3253 8.41903 32.5
      vertex 18.9395 7.84501 34
      vertex 20.9232 6.79837 32.5
    endloop
  endfacet
  facet normal 0.642402 0.296154 0.706832
    outer loop
      vertex 19.6021 9.98779 32.5
      vertex 18.2656 9.3068 34
      vertex 18.9395 7.84501 34
    endloop
  endfacet
  facet normal 0.555511 0.437914 0.706851
    outer loop
      vertex 17.7984 12.9313 32.5
      vertex 15.5883 13.3137 34
      vertex 16.5848 12.0496 34
    endloop
  endfacet
  facet normal -0.192006 0.680843 0.706814
    outer loop
      vertex -4.78563 19.9336 34
      vertex -6.79837 20.9232 32.5
      vertex -6.33485 19.4967 34
    endloop
  endfacet
  facet normal -0.6172 0.345617 0.706833
    outer loop
      vertex -18.7581 11.495 32.5
      vertex -19.6021 9.98779 32.5
      vertex -18.2656 9.3068 34
    endloop
  endfacet
  facet normal 0 0 1
    outer loop
      vertex -12.0496 16.5848 34
      vertex -11.3849 17.0023 34
      vertex -11.3586 17.0466 34
    endloop
  endfacet
  facet normal 0 0 1
    outer loop
      vertex -12.0496 16.5848 34
      vertex -11.4752 16.8192 34
      vertex -11.3849 17.0023 34
    endloop
  endfacet
  facet normal 0 0 1
    outer loop
      vertex -12.0496 16.5848 34
      vertex -11.5509 16.6296 34
      vertex -11.4752 16.8192 34
    endloop
  endfacet
  facet normal -0 0 1
    outer loop
      vertex -12.0496 16.5848 34
      vertex -11.6114 16.4346 34
      vertex -11.5509 16.6296 34
    endloop
  endfacet
  facet normal 0 0 1
    outer loop
      vertex -12.0496 16.5848 34
      vertex -11.6565 16.2355 34
      vertex -11.6114 16.4346 34
    endloop
  endfacet
  facet normal 0 0 1
    outer loop
      vertex -12.0496 16.5848 34
      vertex -11.6858 16.0334 34
      vertex -11.6565 16.2355 34
    endloop
  endfacet
  facet normal 0 0 1
    outer loop
      vertex -12.0496 16.5848 34
      vertex -11.6991 15.8297 34
      vertex -11.6858 16.0334 34
    endloop
  endfacet
  facet normal 0 0 1
    outer loop
      vertex -11.6778 15.4223 34
      vertex -13.3137 15.5883 34
      vertex -11.6432 15.2211 34
    endloop
  endfacet
  facet normal 0 0 1
    outer loop
      vertex -14.4957 14.4957 34
      vertex -11.6432 15.2211 34
      vertex -13.3137 15.5883 34
    endloop
  endfacet
  facet normal 0 0 1
    outer loop
      vertex -15.5883 13.3137 34
      vertex -11.6432 15.2211 34
      vertex -14.4957 14.4957 34
    endloop
  endfacet
  facet normal 0 0 1
    outer loop
      vertex -11.6432 15.2211 34
      vertex -15.5883 13.3137 34
      vertex -11.8719 4.91748 34
    endloop
  endfacet
  facet normal -0 0 1
    outer loop
      vertex -16.5848 12.0496 34
      vertex -11.8719 4.91748 34
      vertex -15.5883 13.3137 34
    endloop
  endfacet
  facet normal -0 0 1
    outer loop
      vertex -18.2656 9.3068 34
      vertex -11.8719 4.91748 34
      vertex -17.4791 10.7112 34
    endloop
  endfacet
  facet normal -0 0 1
    outer loop
      vertex -17.4791 10.7112 34
      vertex -11.8719 4.91748 34
      vertex -16.5848 12.0496 34
    endloop
  endfacet
  facet normal 0 0 1
    outer loop
      vertex -2.01018 12.6918 34
      vertex -6.50356 15.8977 34
      vertex -6.50089 15.6936 34
    endloop
  endfacet
  facet normal 0 0 1
    outer loop
      vertex -4.78563 19.9336 34
      vertex -6.52224 16.101 34
      vertex -6.50356 15.8977 34
    endloop
  endfacet
  facet normal 0 0 1
    outer loop
      vertex -4.78563 19.9336 34
      vertex -6.55682 16.3022 34
      vertex -6.52224 16.101 34
    endloop
  endfacet
  facet normal 0 0 1
    outer loop
      vertex -4.78563 19.9336 34
      vertex -6.60707 16.5001 34
      vertex -6.55682 16.3022 34
    endloop
  endfacet
  facet normal 0 0 1
    outer loop
      vertex -4.78563 19.9336 34
      vertex -6.67269 16.6934 34
      vertex -6.60707 16.5001 34
    endloop
  endfacet
  facet normal 0 0 1
    outer loop
      vertex -4.78563 19.9336 34
      vertex -6.75328 16.881 34
      vertex -6.67269 16.6934 34
    endloop
  endfacet
  facet normal 0 0 1
    outer loop
      vertex -4.78563 19.9336 34
      vertex -6.84833 17.0617 34
      vertex -6.75328 16.881 34
    endloop
  endfacet
  facet normal 0 0 1
    outer loop
      vertex -6.33485 19.4967 34
      vertex -6.95727 17.2343 34
      vertex -6.84833 17.0617 34
    endloop
  endfacet
  facet normal 0 0 1
    outer loop
      vertex -6.33485 19.4967 34
      vertex -7.07942 17.3979 34
      vertex -6.95727 17.2343 34
    endloop
  endfacet
  facet normal 0 0 1
    outer loop
      vertex -6.33485 19.4967 34
      vertex -7.21403 17.5514 34
      vertex -7.07942 17.3979 34
    endloop
  endfacet
  facet normal 0 0 1
    outer loop
      vertex -6.33485 19.4967 34
      vertex -7.36026 17.6938 34
      vertex -7.21403 17.5514 34
    endloop
  endfacet
  facet normal 0 0 1
    outer loop
      vertex -6.33485 19.4967 34
      vertex -7.51722 17.8244 34
      vertex -7.36026 17.6938 34
    endloop
  endfacet
  facet normal -0 0 1
    outer loop
      vertex -7.84501 18.9395 34
      vertex -7.51722 17.8244 34
      vertex -6.33485 19.4967 34
    endloop
  endfacet
  facet normal 0 0 1
    outer loop
      vertex -7.51722 17.8244 34
      vertex -7.84501 18.9395 34
      vertex -7.68394 17.9422 34
    endloop
  endfacet
  facet normal 0 0 1
    outer loop
      vertex -7.84501 18.9395 34
      vertex -7.85939 18.0466 34
      vertex -7.68394 17.9422 34
    endloop
  endfacet
  facet normal 0 0 1
    outer loop
      vertex -7.84501 18.9395 34
      vertex -8.04248 18.1369 34
      vertex -7.85939 18.0466 34
    endloop
  endfacet
  facet normal 0 0 1
    outer loop
      vertex -7.84501 18.9395 34
      vertex -8.2321 18.2125 34
      vertex -8.04248 18.1369 34
    endloop
  endfacet
  facet normal 0 0 1
    outer loop
      vertex -7.84501 18.9395 34
      vertex -8.42707 18.2731 34
      vertex -8.2321 18.2125 34
    endloop
  endfacet
  facet normal 0 0 1
    outer loop
      vertex -7.84501 18.9395 34
      vertex -8.62619 18.3181 34
      vertex -8.42707 18.2731 34
    endloop
  endfacet
  facet normal 0 0 1
    outer loop
      vertex -7.84501 18.9395 34
      vertex -8.82823 18.3474 34
      vertex -8.62619 18.3181 34
    endloop
  endfacet
  facet normal 0 0 1
    outer loop
      vertex -7.84501 18.9395 34
      vertex -9.03194 18.3608 34
      vertex -8.82823 18.3474 34
    endloop
  endfacet
  facet normal 0 -0 1
    outer loop
      vertex -9.03194 18.3608 34
      vertex -7.84501 18.9395 34
      vertex -9.10244 18.3598 34
    endloop
  endfacet
  facet normal -0 0 1
    outer loop
      vertex 9.03194 -18.3608 34
      vertex 7.84501 -18.9395 34
      vertex 9.10244 -18.3598 34
    endloop
  endfacet
  facet normal 0 0 1
    outer loop
      vertex 8.82823 -18.3474 34
      vertex 7.84501 -18.9395 34
      vertex 9.03194 -18.3608 34
    endloop
  endfacet
  facet normal 0 0 1
    outer loop
      vertex 8.62619 -18.3181 34
      vertex 7.84501 -18.9395 34
      vertex 8.82823 -18.3474 34
    endloop
  endfacet
  facet normal 0 0 1
    outer loop
      vertex 8.42707 -18.2731 34
      vertex 7.84501 -18.9395 34
      vertex 8.62619 -18.3181 34
    endloop
  endfacet
  facet normal 0 0 1
    outer loop
      vertex 8.2321 -18.2125 34
      vertex 7.84501 -18.9395 34
      vertex 8.42707 -18.2731 34
    endloop
  endfacet
  facet normal 0 0 1
    outer loop
      vertex 8.04248 -18.1369 34
      vertex 7.84501 -18.9395 34
      vertex 8.2321 -18.2125 34
    endloop
  endfacet
  facet normal 0 0 1
    outer loop
      vertex 7.85939 -18.0466 34
      vertex 7.84501 -18.9395 34
      vertex 8.04248 -18.1369 34
    endloop
  endfacet
  facet normal 0 0 1
    outer loop
      vertex 7.68394 -17.9422 34
      vertex 7.84501 -18.9395 34
      vertex 7.85939 -18.0466 34
    endloop
  endfacet
  facet normal 0 0 1
    outer loop
      vertex 7.51722 -17.8244 34
      vertex 7.84501 -18.9395 34
      vertex 7.68394 -17.9422 34
    endloop
  endfacet
  facet normal 0 0 1
    outer loop
      vertex 6.33485 -19.4967 34
      vertex 7.51722 -17.8244 34
      vertex 7.36026 -17.6938 34
    endloop
  endfacet
  facet normal 0 0 1
    outer loop
      vertex 6.33485 -19.4967 34
      vertex 7.36026 -17.6938 34
      vertex 7.21403 -17.5514 34
    endloop
  endfacet
  facet normal 0 0 1
    outer loop
      vertex 6.33485 -19.4967 34
      vertex 7.21403 -17.5514 34
      vertex 7.07942 -17.3979 34
    endloop
  endfacet
  facet normal 0 0 1
    outer loop
      vertex 6.33485 -19.4967 34
      vertex 7.07942 -17.3979 34
      vertex 6.95727 -17.2343 34
    endloop
  endfacet
  facet normal 0 0 1
    outer loop
      vertex 6.33485 -19.4967 34
      vertex 6.95727 -17.2343 34
      vertex 6.84833 -17.0617 34
    endloop
  endfacet
  facet normal 0 0 1
    outer loop
      vertex 7.51722 -17.8244 34
      vertex 6.33485 -19.4967 34
      vertex 7.84501 -18.9395 34
    endloop
  endfacet
  facet normal 0 0 1
    outer loop
      vertex 4.78563 -19.9336 34
      vertex 6.84833 -17.0617 34
      vertex 6.75328 -16.881 34
    endloop
  endfacet
  facet normal 0 0 1
    outer loop
      vertex 4.78563 -19.9336 34
      vertex 6.75328 -16.881 34
      vertex 6.67269 -16.6934 34
    endloop
  endfacet
  facet normal 0 0 1
    outer loop
      vertex 4.78563 -19.9336 34
      vertex 6.67269 -16.6934 34
      vertex 6.60707 -16.5001 34
    endloop
  endfacet
  facet normal 0 0 1
    outer loop
      vertex 4.78563 -19.9336 34
      vertex 6.60707 -16.5001 34
      vertex 6.55682 -16.3022 34
    endloop
  endfacet
  facet normal 0 0 1
    outer loop
      vertex 3.20691 -20.2476 34
      vertex 6.55682 -16.3022 34
      vertex 6.52224 -16.101 34
    endloop
  endfacet
  facet normal 0 0 1
    outer loop
      vertex 2.01018 -12.6918 34
      vertex 6.52224 -16.101 34
      vertex 6.50356 -15.8977 34
    endloop
  endfacet
  facet normal 0 0 1
    outer loop
      vertex 2.01018 -12.6918 34
      vertex 6.50356 -15.8977 34
      vertex 6.50089 -15.6936 34
    endloop
  endfacet
  facet normal -0 0 1
    outer loop
      vertex -6.55682 -16.3022 34
      vertex -3.20691 -20.2476 34
      vertex -6.52224 -16.101 34
    endloop
  endfacet
  facet normal 0 0 1
    outer loop
      vertex -3.20691 -20.2476 34
      vertex -6.55682 -16.3022 34
      vertex -4.78563 -19.9336 34
    endloop
  endfacet
  facet normal -0 0 1
    outer loop
      vertex -6.60707 -16.5001 34
      vertex -4.78563 -19.9336 34
      vertex -6.55682 -16.3022 34
    endloop
  endfacet
  facet normal -0 0 1
    outer loop
      vertex -6.67269 -16.6934 34
      vertex -4.78563 -19.9336 34
      vertex -6.60707 -16.5001 34
    endloop
  endfacet
  facet normal -0 0 1
    outer loop
      vertex -6.75328 -16.881 34
      vertex -4.78563 -19.9336 34
      vertex -6.67269 -16.6934 34
    endloop
  endfacet
  facet normal -0 0 1
    outer loop
      vertex -6.84833 -17.0617 34
      vertex -4.78563 -19.9336 34
      vertex -6.75328 -16.881 34
    endloop
  endfacet
  facet normal 0 0 1
    outer loop
      vertex -4.78563 -19.9336 34
      vertex -6.84833 -17.0617 34
      vertex -6.33485 -19.4967 34
    endloop
  endfacet
  facet normal -0 0 1
    outer loop
      vertex -6.95727 -17.2343 34
      vertex -6.33485 -19.4967 34
      vertex -6.84833 -17.0617 34
    endloop
  endfacet
  facet normal -0 0 1
    outer loop
      vertex -7.07942 -17.3979 34
      vertex -6.33485 -19.4967 34
      vertex -6.95727 -17.2343 34
    endloop
  endfacet
  facet normal -0 0 1
    outer loop
      vertex -7.21403 -17.5514 34
      vertex -6.33485 -19.4967 34
      vertex -7.07942 -17.3979 34
    endloop
  endfacet
  facet normal -0 0 1
    outer loop
      vertex -7.36026 -17.6938 34
      vertex -6.33485 -19.4967 34
      vertex -7.21403 -17.5514 34
    endloop
  endfacet
  facet normal -0 0 1
    outer loop
      vertex -7.51722 -17.8244 34
      vertex -6.33485 -19.4967 34
      vertex -7.36026 -17.6938 34
    endloop
  endfacet
  facet normal 0 0 1
    outer loop
      vertex -7.84501 -18.9395 34
      vertex -7.51722 -17.8244 34
      vertex -7.68394 -17.9422 34
    endloop
  endfacet
  facet normal 0 0 1
    outer loop
      vertex -7.51722 -17.8244 34
      vertex -7.84501 -18.9395 34
      vertex -6.33485 -19.4967 34
    endloop
  endfacet
  facet normal -0 0 1
    outer loop
      vertex -7.85939 -18.0466 34
      vertex -7.84501 -18.9395 34
      vertex -7.68394 -17.9422 34
    endloop
  endfacet
  facet normal -0 0 1
    outer loop
      vertex -8.04248 -18.1369 34
      vertex -7.84501 -18.9395 34
      vertex -7.85939 -18.0466 34
    endloop
  endfacet
  facet normal -0 0 1
    outer loop
      vertex -8.2321 -18.2125 34
      vertex -7.84501 -18.9395 34
      vertex -8.04248 -18.1369 34
    endloop
  endfacet
  facet normal -0 0 1
    outer loop
      vertex -8.42707 -18.2731 34
      vertex -7.84501 -18.9395 34
      vertex -8.2321 -18.2125 34
    endloop
  endfacet
  facet normal -0 0 1
    outer loop
      vertex -8.62619 -18.3181 34
      vertex -7.84501 -18.9395 34
      vertex -8.42707 -18.2731 34
    endloop
  endfacet
  facet normal -0 0 1
    outer loop
      vertex -8.82823 -18.3474 34
      vertex -7.84501 -18.9395 34
      vertex -8.62619 -18.3181 34
    endloop
  endfacet
  facet normal -0 0 1
    outer loop
      vertex -9.03194 -18.3608 34
      vertex -7.84501 -18.9395 34
      vertex -8.82823 -18.3474 34
    endloop
  endfacet
  facet normal 0 0 1
    outer loop
      vertex -7.84501 -18.9395 34
      vertex -9.03194 -18.3608 34
      vertex -9.10244 -18.3598 34
    endloop
  endfacet
  facet normal 0 0 1
    outer loop
      vertex 7.84501 18.9395 34
      vertex 9.03194 18.3608 34
      vertex 9.10244 18.3598 34
    endloop
  endfacet
  facet normal 0 0 1
    outer loop
      vertex 7.84501 18.9395 34
      vertex 8.82823 18.3474 34
      vertex 9.03194 18.3608 34
    endloop
  endfacet
  facet normal 0 0 1
    outer loop
      vertex 7.84501 18.9395 34
      vertex 8.62619 18.3181 34
      vertex 8.82823 18.3474 34
    endloop
  endfacet
  facet normal 0 0 1
    outer loop
      vertex 7.84501 18.9395 34
      vertex 8.42707 18.2731 34
      vertex 8.62619 18.3181 34
    endloop
  endfacet
  facet normal 0 0 1
    outer loop
      vertex 7.84501 18.9395 34
      vertex 8.2321 18.2125 34
      vertex 8.42707 18.2731 34
    endloop
  endfacet
  facet normal 0 0 1
    outer loop
      vertex 7.84501 18.9395 34
      vertex 8.04248 18.1369 34
      vertex 8.2321 18.2125 34
    endloop
  endfacet
  facet normal 0 0 1
    outer loop
      vertex 7.84501 18.9395 34
      vertex 7.85939 18.0466 34
      vertex 8.04248 18.1369 34
    endloop
  endfacet
  facet normal 0 0 1
    outer loop
      vertex 7.84501 18.9395 34
      vertex 7.68394 17.9422 34
      vertex 7.85939 18.0466 34
    endloop
  endfacet
  facet normal 0 0 1
    outer loop
      vertex 7.84501 18.9395 34
      vertex 7.51722 17.8244 34
      vertex 7.68394 17.9422 34
    endloop
  endfacet
  facet normal 0 0 1
    outer loop
      vertex 6.33485 19.4967 34
      vertex 7.51722 17.8244 34
      vertex 7.84501 18.9395 34
    endloop
  endfacet
  facet normal 0 0 1
    outer loop
      vertex 7.51722 17.8244 34
      vertex 6.33485 19.4967 34
      vertex 7.36026 17.6938 34
    endloop
  endfacet
  facet normal 0 0 1
    outer loop
      vertex 7.36026 17.6938 34
      vertex 6.33485 19.4967 34
      vertex 7.21403 17.5514 34
    endloop
  endfacet
  facet normal 0 0 1
    outer loop
      vertex 7.21403 17.5514 34
      vertex 6.33485 19.4967 34
      vertex 7.07942 17.3979 34
    endloop
  endfacet
  facet normal 0 0 1
    outer loop
      vertex 7.07942 17.3979 34
      vertex 6.33485 19.4967 34
      vertex 6.95727 17.2343 34
    endloop
  endfacet
  facet normal 0 0 1
    outer loop
      vertex 6.55682 16.3022 34
      vertex 3.20691 20.2476 34
      vertex 6.52224 16.101 34
    endloop
  endfacet
  facet normal 0 0 1
    outer loop
      vertex 3.20691 20.2476 34
      vertex 6.55682 16.3022 34
      vertex 4.78563 19.9336 34
    endloop
  endfacet
  facet normal 0 0 1
    outer loop
      vertex 6.60707 16.5001 34
      vertex 4.78563 19.9336 34
      vertex 6.55682 16.3022 34
    endloop
  endfacet
  facet normal 0 0 1
    outer loop
      vertex 6.67269 16.6934 34
      vertex 4.78563 19.9336 34
      vertex 6.60707 16.5001 34
    endloop
  endfacet
  facet normal 0 0 1
    outer loop
      vertex 6.75328 16.881 34
      vertex 4.78563 19.9336 34
      vertex 6.67269 16.6934 34
    endloop
  endfacet
  facet normal 0 0 1
    outer loop
      vertex 6.84833 17.0617 34
      vertex 4.78563 19.9336 34
      vertex 6.75328 16.881 34
    endloop
  endfacet
  facet normal 0 0 1
    outer loop
      vertex 4.78563 19.9336 34
      vertex 6.84833 17.0617 34
      vertex 6.33485 19.4967 34
    endloop
  endfacet
  facet normal 0 0 1
    outer loop
      vertex 6.95727 17.2343 34
      vertex 6.33485 19.4967 34
      vertex 6.84833 17.0617 34
    endloop
  endfacet
  facet normal 0 0 1
    outer loop
      vertex 20.4368 1.60841 34
      vertex 20.4169 1.3585 34
      vertex 20.4489 1.30135 34
    endloop
  endfacet
  facet normal 0 0 1
    outer loop
      vertex 20.4368 1.60841 34
      vertex 20.3034 1.52824 34
      vertex 20.4169 1.3585 34
    endloop
  endfacet
  facet normal -0 0 1
    outer loop
      vertex 20.0385 1.83848 34
      vertex 20.4368 1.60841 34
      vertex 20.2476 3.20691 34
    endloop
  endfacet
  facet normal 0 0 1
    outer loop
      vertex 20.4368 1.60841 34
      vertex 20.1771 1.68856 34
      vertex 20.3034 1.52824 34
    endloop
  endfacet
  facet normal 0 0 1
    outer loop
      vertex 20.4368 1.60841 34
      vertex 20.0385 1.83848 34
      vertex 20.1771 1.68856 34
    endloop
  endfacet
  facet normal 0 0 1
    outer loop
      vertex 18.807 2.52816 34
      vertex 20.2476 3.20691 34
      vertex 19.9336 4.78563 34
    endloop
  endfacet
  facet normal 0 0 1
    outer loop
      vertex 20.2476 3.20691 34
      vertex 19.8886 1.97705 34
      vertex 20.0385 1.83848 34
    endloop
  endfacet
  facet normal 0 0 1
    outer loop
      vertex 20.2476 3.20691 34
      vertex 19.7282 2.10344 34
      vertex 19.8886 1.97705 34
    endloop
  endfacet
  facet normal 0 0 1
    outer loop
      vertex 20.2476 3.20691 34
      vertex 19.5585 2.21686 34
      vertex 19.7282 2.10344 34
    endloop
  endfacet
  facet normal 0 0 1
    outer loop
      vertex 17.7933 2.56799 34
      vertex 19.9336 4.78563 34
      vertex 19.4967 6.33485 34
    endloop
  endfacet
  facet normal 0 0 1
    outer loop
      vertex 20.2476 3.20691 34
      vertex 19.3804 2.31662 34
      vertex 19.5585 2.21686 34
    endloop
  endfacet
  facet normal 0 0 1
    outer loop
      vertex 20.2476 3.20691 34
      vertex 19.195 2.40209 34
      vertex 19.3804 2.31662 34
    endloop
  endfacet
  facet normal 0 0 1
    outer loop
      vertex 20.2476 3.20691 34
      vertex 19.0034 2.47275 34
      vertex 19.195 2.40209 34
    endloop
  endfacet
  facet normal 0 0 1
    outer loop
      vertex 17.205 2.40209 34
      vertex 19.4967 6.33485 34
      vertex 18.9395 7.84501 34
    endloop
  endfacet
  facet normal 0 0 1
    outer loop
      vertex 20.2476 3.20691 34
      vertex 18.807 2.52816 34
      vertex 19.0034 2.47275 34
    endloop
  endfacet
  facet normal 0 0 1
    outer loop
      vertex 19.9336 4.78563 34
      vertex 18.6067 2.56799 34
      vertex 18.807 2.52816 34
    endloop
  endfacet
  facet normal 0 0 1
    outer loop
      vertex 19.9336 4.78563 34
      vertex 18.404 2.59198 34
      vertex 18.6067 2.56799 34
    endloop
  endfacet
  facet normal 0 0 1
    outer loop
      vertex 12.2211 3.97087 34
      vertex 18.9395 7.84501 34
      vertex 18.2656 9.3068 34
    endloop
  endfacet
  facet normal 0 0 1
    outer loop
      vertex 19.9336 4.78563 34
      vertex 18.2 2.6 34
      vertex 18.404 2.59198 34
    endloop
  endfacet
  facet normal 0 0 1
    outer loop
      vertex 19.9336 4.78563 34
      vertex 17.996 2.59198 34
      vertex 18.2 2.6 34
    endloop
  endfacet
  facet normal 0 0 1
    outer loop
      vertex 19.9336 4.78563 34
      vertex 17.7933 2.56799 34
      vertex 17.996 2.59198 34
    endloop
  endfacet
  facet normal 0 0 1
    outer loop
      vertex 19.4967 6.33485 34
      vertex 17.593 2.52816 34
      vertex 17.7933 2.56799 34
    endloop
  endfacet
  facet normal 0 0 1
    outer loop
      vertex 12.2211 3.97087 34
      vertex 18.2656 9.3068 34
      vertex 17.4791 10.7112 34
    endloop
  endfacet
  facet normal 0 0 1
    outer loop
      vertex 19.4967 6.33485 34
      vertex 17.3966 2.47275 34
      vertex 17.593 2.52816 34
    endloop
  endfacet
  facet normal 0 0 1
    outer loop
      vertex 19.4967 6.33485 34
      vertex 17.205 2.40209 34
      vertex 17.3966 2.47275 34
    endloop
  endfacet
  facet normal 0 0 1
    outer loop
      vertex 18.9395 7.84501 34
      vertex 12.2211 3.97087 34
      vertex 17.205 2.40209 34
    endloop
  endfacet
  facet normal 0 0 1
    outer loop
      vertex 17.205 2.40209 34
      vertex 12.2211 3.97087 34
      vertex 17.0196 2.31662 34
    endloop
  endfacet
  facet normal 0 0 1
    outer loop
      vertex 17.0196 2.31662 34
      vertex 12.2211 3.97087 34
      vertex 16.8415 2.21686 34
    endloop
  endfacet
  facet normal 0 0 1
    outer loop
      vertex 12.2211 3.97087 34
      vertex 17.4791 10.7112 34
      vertex 16.5848 12.0496 34
    endloop
  endfacet
  facet normal 0 0 1
    outer loop
      vertex 16.8415 2.21686 34
      vertex 12.2211 3.97087 34
      vertex 16.6718 2.10344 34
    endloop
  endfacet
  facet normal -0 -0 1
    outer loop
      vertex 12.495 2.99977 34
      vertex 16.6718 2.10344 34
      vertex 12.2211 3.97087 34
    endloop
  endfacet
  facet normal 0 0 1
    outer loop
      vertex 16.6718 2.10344 34
      vertex 12.495 2.99977 34
      vertex 16.5114 1.97705 34
    endloop
  endfacet
  facet normal 0 0 1
    outer loop
      vertex 16.5114 1.97705 34
      vertex 12.495 2.99977 34
      vertex 16.3615 1.83848 34
    endloop
  endfacet
  facet normal 0 0 1
    outer loop
      vertex 16.3615 1.83848 34
      vertex 12.495 2.99977 34
      vertex 16.2229 1.68856 34
    endloop
  endfacet
  facet normal 0 0 1
    outer loop
      vertex 16.2229 1.68856 34
      vertex 12.495 2.99977 34
      vertex 16.0966 1.52824 34
    endloop
  endfacet
  facet normal -0 -0 1
    outer loop
      vertex 12.6918 2.01018 34
      vertex 16.0966 1.52824 34
      vertex 12.495 2.99977 34
    endloop
  endfacet
  facet normal 0 0 1
    outer loop
      vertex 16.0966 1.52824 34
      vertex 12.6918 2.01018 34
      vertex 15.9831 1.3585 34
    endloop
  endfacet
  facet normal 0 0 1
    outer loop
      vertex 15.9831 1.3585 34
      vertex 12.6918 2.01018 34
      vertex 15.8834 1.18038 34
    endloop
  endfacet
  facet normal 0 0 1
    outer loop
      vertex 15.8834 1.18038 34
      vertex 12.6918 2.01018 34
      vertex 15.7979 0.994976 34
    endloop
  endfacet
  facet normal -0 -0 1
    outer loop
      vertex 12.8104 1.0082 34
      vertex 15.7979 0.994976 34
      vertex 12.6918 2.01018 34
    endloop
  endfacet
  facet normal 0 0 1
    outer loop
      vertex 15.7979 0.994976 34
      vertex 12.8104 1.0082 34
      vertex 15.7273 0.803444 34
    endloop
  endfacet
  facet normal 0 0 1
    outer loop
      vertex 12.2211 3.97087 34
      vertex 16.5848 12.0496 34
      vertex 15.5883 13.3137 34
    endloop
  endfacet
  facet normal -0 0 1
    outer loop
      vertex 20.4169 -1.3585 34
      vertex 20.4368 -1.60841 34
      vertex 20.4489 -1.30135 34
    endloop
  endfacet
  facet normal -0 0 1
    outer loop
      vertex 20.3034 -1.52824 34
      vertex 20.4368 -1.60841 34
      vertex 20.4169 -1.3585 34
    endloop
  endfacet
  facet normal 0 0 1
    outer loop
      vertex 20.1771 -1.68856 34
      vertex 20.4368 -1.60841 34
      vertex 20.3034 -1.52824 34
    endloop
  endfacet
  facet normal 0 0 1
    outer loop
      vertex 20.0385 -1.83848 34
      vertex 20.4368 -1.60841 34
      vertex 20.1771 -1.68856 34
    endloop
  endfacet
  facet normal 0 0 1
    outer loop
      vertex 20.4368 -1.60841 34
      vertex 20.0385 -1.83848 34
      vertex 20.2476 -3.20691 34
    endloop
  endfacet
  facet normal -0 0 1
    outer loop
      vertex 19.8886 -1.97705 34
      vertex 20.2476 -3.20691 34
      vertex 20.0385 -1.83848 34
    endloop
  endfacet
  facet normal -0 0 1
    outer loop
      vertex 19.7282 -2.10344 34
      vertex 20.2476 -3.20691 34
      vertex 19.8886 -1.97705 34
    endloop
  endfacet
  facet normal -0 0 1
    outer loop
      vertex 19.5585 -2.21686 34
      vertex 20.2476 -3.20691 34
      vertex 19.7282 -2.10344 34
    endloop
  endfacet
  facet normal -0 0 1
    outer loop
      vertex 19.3804 -2.31662 34
      vertex 20.2476 -3.20691 34
      vertex 19.5585 -2.21686 34
    endloop
  endfacet
  facet normal -0 0 1
    outer loop
      vertex 19.195 -2.40209 34
      vertex 20.2476 -3.20691 34
      vertex 19.3804 -2.31662 34
    endloop
  endfacet
  facet normal -0 0 1
    outer loop
      vertex 19.0034 -2.47275 34
      vertex 20.2476 -3.20691 34
      vertex 19.195 -2.40209 34
    endloop
  endfacet
  facet normal -0 0 1
    outer loop
      vertex 18.807 -2.52816 34
      vertex 20.2476 -3.20691 34
      vertex 19.0034 -2.47275 34
    endloop
  endfacet
  facet normal 0 0 1
    outer loop
      vertex 20.2476 -3.20691 34
      vertex 18.807 -2.52816 34
      vertex 19.9336 -4.78563 34
    endloop
  endfacet
  facet normal -0 0 1
    outer loop
      vertex 18.6067 -2.56799 34
      vertex 19.9336 -4.78563 34
      vertex 18.807 -2.52816 34
    endloop
  endfacet
  facet normal -0 0 1
    outer loop
      vertex 18.404 -2.59198 34
      vertex 19.9336 -4.78563 34
      vertex 18.6067 -2.56799 34
    endloop
  endfacet
  facet normal -0 0 1
    outer loop
      vertex 18.2 -2.6 34
      vertex 19.9336 -4.78563 34
      vertex 18.404 -2.59198 34
    endloop
  endfacet
  facet normal 0 0 1
    outer loop
      vertex 17.996 -2.59198 34
      vertex 19.9336 -4.78563 34
      vertex 18.2 -2.6 34
    endloop
  endfacet
  facet normal 0 0 1
    outer loop
      vertex 17.7933 -2.56799 34
      vertex 19.9336 -4.78563 34
      vertex 17.996 -2.59198 34
    endloop
  endfacet
  facet normal 0 0 1
    outer loop
      vertex 19.9336 -4.78563 34
      vertex 17.7933 -2.56799 34
      vertex 19.4967 -6.33485 34
    endloop
  endfacet
  facet normal 0 0 1
    outer loop
      vertex 17.593 -2.52816 34
      vertex 19.4967 -6.33485 34
      vertex 17.7933 -2.56799 34
    endloop
  endfacet
  facet normal 0 0 1
    outer loop
      vertex 17.3966 -2.47275 34
      vertex 19.4967 -6.33485 34
      vertex 17.593 -2.52816 34
    endloop
  endfacet
  facet normal 0 0 1
    outer loop
      vertex 17.205 -2.40209 34
      vertex 19.4967 -6.33485 34
      vertex 17.3966 -2.47275 34
    endloop
  endfacet
  facet normal 0 0 1
    outer loop
      vertex 19.4967 -6.33485 34
      vertex 17.205 -2.40209 34
      vertex 18.9395 -7.84501 34
    endloop
  endfacet
  facet normal -0 0 1
    outer loop
      vertex 11.8719 -4.91748 34
      vertex 18.9395 -7.84501 34
      vertex 17.205 -2.40209 34
    endloop
  endfacet
  facet normal 0 0 1
    outer loop
      vertex 18.9395 -7.84501 34
      vertex 11.8719 -4.91748 34
      vertex 18.2656 -9.3068 34
    endloop
  endfacet
  facet normal 0 0 1
    outer loop
      vertex 11.8719 -4.91748 34
      vertex 17.205 -2.40209 34
      vertex 17.0196 -2.31662 34
    endloop
  endfacet
  facet normal 0 0 1
    outer loop
      vertex 12.2211 -3.97087 34
      vertex 17.0196 -2.31662 34
      vertex 16.8415 -2.21686 34
    endloop
  endfacet
  facet normal 0 0 1
    outer loop
      vertex 12.2211 -3.97087 34
      vertex 16.8415 -2.21686 34
      vertex 16.6718 -2.10344 34
    endloop
  endfacet
  facet normal -0 0 1
    outer loop
      vertex 11.4494 -5.83378 34
      vertex 18.2656 -9.3068 34
      vertex 11.8719 -4.91748 34
    endloop
  endfacet
  facet normal 0 0 1
    outer loop
      vertex 12.495 -2.99977 34
      vertex 16.6718 -2.10344 34
      vertex 16.5114 -1.97705 34
    endloop
  endfacet
  facet normal 0 0 1
    outer loop
      vertex 12.495 -2.99977 34
      vertex 16.5114 -1.97705 34
      vertex 16.3615 -1.83848 34
    endloop
  endfacet
  facet normal 0 0 1
    outer loop
      vertex 12.495 -2.99977 34
      vertex 16.3615 -1.83848 34
      vertex 16.2229 -1.68856 34
    endloop
  endfacet
  facet normal 0 0 1
    outer loop
      vertex 12.495 -2.99977 34
      vertex 16.2229 -1.68856 34
      vertex 16.0966 -1.52824 34
    endloop
  endfacet
  facet normal 0 0 1
    outer loop
      vertex 12.6918 -2.01018 34
      vertex 16.0966 -1.52824 34
      vertex 15.9831 -1.3585 34
    endloop
  endfacet
  facet normal 0 0 1
    outer loop
      vertex 12.6918 -2.01018 34
      vertex 15.9831 -1.3585 34
      vertex 15.8834 -1.18038 34
    endloop
  endfacet
  facet normal 0 0 1
    outer loop
      vertex 12.6918 -2.01018 34
      vertex 15.8834 -1.18038 34
      vertex 15.7979 -0.994976 34
    endloop
  endfacet
  facet normal 0 0 1
    outer loop
      vertex 12.8104 -1.0082 34
      vertex 15.7979 -0.994976 34
      vertex 15.7273 -0.803444 34
    endloop
  endfacet
  facet normal 0 0 1
    outer loop
      vertex 12.8104 -1.0082 34
      vertex 15.7273 -0.803444 34
      vertex 15.6718 -0.606957 34
    endloop
  endfacet
  facet normal 0 0 1
    outer loop
      vertex 12.8104 -1.0082 34
      vertex 15.6718 -0.606957 34
      vertex 15.632 -0.406729 34
    endloop
  endfacet
  facet normal 0 0 1
    outer loop
      vertex 12.85 0 34
      vertex 15.632 -0.406729 34
      vertex 15.608 -0.203993 34
    endloop
  endfacet
  facet normal 0 0 1
    outer loop
      vertex 17.0196 -2.31662 34
      vertex 12.2211 -3.97087 34
      vertex 11.8719 -4.91748 34
    endloop
  endfacet
  facet normal -0 0 1
    outer loop
      vertex 12.85 0 34
      vertex 15.608 -0.203993 34
      vertex 15.6 0 34
    endloop
  endfacet
  facet normal 0 0 1
    outer loop
      vertex 15.7273 0.803444 34
      vertex 12.8104 1.0082 34
      vertex 15.6718 0.606957 34
    endloop
  endfacet
  facet normal -0 0 1
    outer loop
      vertex 10.986 13.9719 34
      vertex 15.5883 13.3137 34
      vertex 14.4957 14.4957 34
    endloop
  endfacet
  facet normal 0 0 1
    outer loop
      vertex 15.632 -0.406729 34
      vertex 12.85 0 34
      vertex 12.8104 -1.0082 34
    endloop
  endfacet
  facet normal -0 0 1
    outer loop
      vertex 11.4467 14.6423 34
      vertex 14.4957 14.4957 34
      vertex 13.3137 15.5883 34
    endloop
  endfacet
  facet normal 0 0 1
    outer loop
      vertex 15.7979 -0.994976 34
      vertex 12.8104 -1.0082 34
      vertex 12.6918 -2.01018 34
    endloop
  endfacet
  facet normal 0 0 1
    outer loop
      vertex 16.0966 -1.52824 34
      vertex 12.6918 -2.01018 34
      vertex 12.495 -2.99977 34
    endloop
  endfacet
  facet normal 0 0 1
    outer loop
      vertex 15.608 0.203993 34
      vertex 12.85 0 34
      vertex 15.6 0 34
    endloop
  endfacet
  facet normal 0 0 1
    outer loop
      vertex 15.632 0.406729 34
      vertex 12.85 0 34
      vertex 15.608 0.203993 34
    endloop
  endfacet
  facet normal 0 -0 1
    outer loop
      vertex 12.85 0 34
      vertex 15.632 0.406729 34
      vertex 12.8104 1.0082 34
    endloop
  endfacet
  facet normal 0 0 1
    outer loop
      vertex 15.6718 0.606957 34
      vertex 12.8104 1.0082 34
      vertex 15.632 0.406729 34
    endloop
  endfacet
  facet normal -0 0 1
    outer loop
      vertex 11.6991 15.8297 34
      vertex 13.3137 15.5883 34
      vertex 12.0496 16.5848 34
    endloop
  endfacet
  facet normal 0 0 1
    outer loop
      vertex 11.5929 15.0232 34
      vertex 13.3137 15.5883 34
      vertex 11.6432 15.2211 34
    endloop
  endfacet
  facet normal 0 0 1
    outer loop
      vertex 13.3137 15.5883 34
      vertex 11.6991 15.8297 34
      vertex 11.6964 15.6256 34
    endloop
  endfacet
  facet normal 0 0 1
    outer loop
      vertex 12.0496 16.5848 34
      vertex 11.6858 16.0334 34
      vertex 11.6991 15.8297 34
    endloop
  endfacet
  facet normal 0 0 1
    outer loop
      vertex 12.0496 16.5848 34
      vertex 11.6565 16.2355 34
      vertex 11.6858 16.0334 34
    endloop
  endfacet
  facet normal 0 0 1
    outer loop
      vertex 12.0496 16.5848 34
      vertex 11.6114 16.4346 34
      vertex 11.6565 16.2355 34
    endloop
  endfacet
  facet normal 0 0 1
    outer loop
      vertex 12.0496 16.5848 34
      vertex 11.5509 16.6296 34
      vertex 11.6114 16.4346 34
    endloop
  endfacet
  facet normal 0 0 1
    outer loop
      vertex 12.0496 16.5848 34
      vertex 11.4752 16.8192 34
      vertex 11.5509 16.6296 34
    endloop
  endfacet
  facet normal 0 0 1
    outer loop
      vertex 12.0496 16.5848 34
      vertex 11.3849 17.0023 34
      vertex 11.4752 16.8192 34
    endloop
  endfacet
  facet normal -0 -0 1
    outer loop
      vertex 11.3849 17.0023 34
      vertex 12.0496 16.5848 34
      vertex 11.3586 17.0466 34
    endloop
  endfacet
  facet normal 0 0 1
    outer loop
      vertex 13.3137 -15.5883 34
      vertex 11.6964 -15.6256 34
      vertex 11.6991 -15.8297 34
    endloop
  endfacet
  facet normal 0 0 1
    outer loop
      vertex 13.3137 -15.5883 34
      vertex 11.6778 -15.4223 34
      vertex 11.6964 -15.6256 34
    endloop
  endfacet
  facet normal 0 0 1
    outer loop
      vertex 13.3137 -15.5883 34
      vertex 11.6432 -15.2211 34
      vertex 11.6778 -15.4223 34
    endloop
  endfacet
  facet normal 0 0 1
    outer loop
      vertex 13.3137 -15.5883 34
      vertex 11.5929 -15.0232 34
      vertex 11.6432 -15.2211 34
    endloop
  endfacet
  facet normal 0 0 1
    outer loop
      vertex 13.3137 -15.5883 34
      vertex 11.5273 -14.8299 34
      vertex 11.5929 -15.0232 34
    endloop
  endfacet
  facet normal -0 0 1
    outer loop
      vertex 9.77122 -8.34541 34
      vertex 15.5883 -13.3137 34
      vertex 10.3959 -7.55304 34
    endloop
  endfacet
  facet normal 0 0 1
    outer loop
      vertex 13.3137 -15.5883 34
      vertex 11.4467 -14.6423 34
      vertex 11.5273 -14.8299 34
    endloop
  endfacet
  facet normal 0 0 1
    outer loop
      vertex 14.4957 -14.4957 34
      vertex 11.4467 -14.6423 34
      vertex 13.3137 -15.5883 34
    endloop
  endfacet
  facet normal 0 -0 1
    outer loop
      vertex 10.8397 -13.8295 34
      vertex 15.5883 -13.3137 34
      vertex 10.6828 -13.6989 34
    endloop
  endfacet
  facet normal 0 -0 1
    outer loop
      vertex 11.4467 -14.6423 34
      vertex 14.4957 -14.4957 34
      vertex 11.3517 -14.4617 34
    endloop
  endfacet
  facet normal -0 -0 1
    outer loop
      vertex 11.3517 -14.4617 34
      vertex 14.4957 -14.4957 34
      vertex 11.2427 -14.289 34
    endloop
  endfacet
  facet normal -0 -0 1
    outer loop
      vertex 11.2427 -14.289 34
      vertex 14.4957 -14.4957 34
      vertex 11.1206 -14.1254 34
    endloop
  endfacet
  facet normal 0 0 1
    outer loop
      vertex 14.4957 -14.4957 34
      vertex 10.986 -13.9719 34
      vertex 11.1206 -14.1254 34
    endloop
  endfacet
  facet normal 0 0 1
    outer loop
      vertex 15.5883 -13.3137 34
      vertex 10.986 -13.9719 34
      vertex 14.4957 -14.4957 34
    endloop
  endfacet
  facet normal 0 -0 1
    outer loop
      vertex 10.986 -13.9719 34
      vertex 15.5883 -13.3137 34
      vertex 10.8397 -13.8295 34
    endloop
  endfacet
  facet normal 0 0 1
    outer loop
      vertex 15.5883 -13.3137 34
      vertex 9.77122 -8.34541 34
      vertex 10.6828 -13.6989 34
    endloop
  endfacet
  facet normal 0 0 1
    outer loop
      vertex 10.6828 -13.6989 34
      vertex 9.77122 -8.34541 34
      vertex 10.5161 -13.5811 34
    endloop
  endfacet
  facet normal 0 0 1
    outer loop
      vertex 10.5161 -13.5811 34
      vertex 9.77122 -8.34541 34
      vertex 10.3406 -13.4767 34
    endloop
  endfacet
  facet normal -0 0 1
    outer loop
      vertex 9.08632 -9.08632 34
      vertex 10.3406 -13.4767 34
      vertex 9.77122 -8.34541 34
    endloop
  endfacet
  facet normal 0 0 1
    outer loop
      vertex 10.3406 -13.4767 34
      vertex 9.08632 -9.08632 34
      vertex 10.1575 -13.3864 34
    endloop
  endfacet
  facet normal 0 0 1
    outer loop
      vertex 10.1575 -13.3864 34
      vertex 9.08632 -9.08632 34
      vertex 9.9679 -13.3108 34
    endloop
  endfacet
  facet normal 0 0 1
    outer loop
      vertex 9.9679 -13.3108 34
      vertex 9.08632 -9.08632 34
      vertex 9.77293 -13.2503 34
    endloop
  endfacet
  facet normal -0 0 1
    outer loop
      vertex 8.34541 -9.77122 34
      vertex 9.77293 -13.2503 34
      vertex 9.08632 -9.08632 34
    endloop
  endfacet
  facet normal 0 0 1
    outer loop
      vertex 9.77293 -13.2503 34
      vertex 8.34541 -9.77122 34
      vertex 9.57381 -13.2052 34
    endloop
  endfacet
  facet normal 0 0 1
    outer loop
      vertex 9.57381 -13.2052 34
      vertex 8.34541 -9.77122 34
      vertex 9.37177 -13.1759 34
    endloop
  endfacet
  facet normal 0 0 1
    outer loop
      vertex 9.37177 -13.1759 34
      vertex 8.34541 -9.77122 34
      vertex 9.16806 -13.1626 34
    endloop
  endfacet
  facet normal 0 0 1
    outer loop
      vertex 9.16806 -13.1626 34
      vertex 8.34541 -9.77122 34
      vertex 8.96393 -13.1652 34
    endloop
  endfacet
  facet normal -0 0 1
    outer loop
      vertex 7.55304 -10.3959 34
      vertex 8.96393 -13.1652 34
      vertex 8.34541 -9.77122 34
    endloop
  endfacet
  facet normal 0 0 1
    outer loop
      vertex 8.96393 -13.1652 34
      vertex 7.55304 -10.3959 34
      vertex 8.76063 -13.1839 34
    endloop
  endfacet
  facet normal 0 0 1
    outer loop
      vertex 8.76063 -13.1839 34
      vertex 7.55304 -10.3959 34
      vertex 8.55943 -13.2185 34
    endloop
  endfacet
  facet normal 0 0 1
    outer loop
      vertex 8.55943 -13.2185 34
      vertex 7.55304 -10.3959 34
      vertex 8.36156 -13.2687 34
    endloop
  endfacet
  facet normal -0 0 1
    outer loop
      vertex 6.71411 -10.9564 34
      vertex 8.36156 -13.2687 34
      vertex 7.55304 -10.3959 34
    endloop
  endfacet
  facet normal 0 0 1
    outer loop
      vertex 8.36156 -13.2687 34
      vertex 6.71411 -10.9564 34
      vertex 8.16824 -13.3344 34
    endloop
  endfacet
  facet normal 0 0 1
    outer loop
      vertex 8.16824 -13.3344 34
      vertex 6.71411 -10.9564 34
      vertex 7.98067 -13.4149 34
    endloop
  endfacet
  facet normal 0 0 1
    outer loop
      vertex 7.98067 -13.4149 34
      vertex 6.71411 -10.9564 34
      vertex 7.8 -13.51 34
    endloop
  endfacet
  facet normal 0 0 1
    outer loop
      vertex 7.8 -13.51 34
      vertex 6.71411 -10.9564 34
      vertex 7.62734 -13.6189 34
    endloop
  endfacet
  facet normal -0 0 1
    outer loop
      vertex 5.83378 -11.4494 34
      vertex 7.62734 -13.6189 34
      vertex 6.71411 -10.9564 34
    endloop
  endfacet
  facet normal 0 0 1
    outer loop
      vertex 7.62734 -13.6189 34
      vertex 5.83378 -11.4494 34
      vertex 7.46377 -13.7411 34
    endloop
  endfacet
  facet normal 0 0 1
    outer loop
      vertex 7.46377 -13.7411 34
      vertex 5.83378 -11.4494 34
      vertex 7.31028 -13.8757 34
    endloop
  endfacet
  facet normal 0 0 1
    outer loop
      vertex 7.31028 -13.8757 34
      vertex 5.83378 -11.4494 34
      vertex 7.16782 -14.0219 34
    endloop
  endfacet
  facet normal -0 0 1
    outer loop
      vertex 4.91748 -11.8719 34
      vertex 7.16782 -14.0219 34
      vertex 5.83378 -11.4494 34
    endloop
  endfacet
  facet normal 0 0 1
    outer loop
      vertex 7.16782 -14.0219 34
      vertex 4.91748 -11.8719 34
      vertex 7.03728 -14.1789 34
    endloop
  endfacet
  facet normal 0 0 1
    outer loop
      vertex 7.03728 -14.1789 34
      vertex 4.91748 -11.8719 34
      vertex 6.91946 -14.3456 34
    endloop
  endfacet
  facet normal 0 0 1
    outer loop
      vertex 6.91946 -14.3456 34
      vertex 4.91748 -11.8719 34
      vertex 6.81507 -14.521 34
    endloop
  endfacet
  facet normal 0 0 1
    outer loop
      vertex 6.81507 -14.521 34
      vertex 4.91748 -11.8719 34
      vertex 6.72478 -14.7041 34
    endloop
  endfacet
  facet normal -0 0 1
    outer loop
      vertex 3.97087 -12.2211 34
      vertex 6.72478 -14.7041 34
      vertex 4.91748 -11.8719 34
    endloop
  endfacet
  facet normal 0 0 1
    outer loop
      vertex 6.72478 -14.7041 34
      vertex 3.97087 -12.2211 34
      vertex 6.64913 -14.8938 34
    endloop
  endfacet
  facet normal 0 0 1
    outer loop
      vertex 6.64913 -14.8938 34
      vertex 3.97087 -12.2211 34
      vertex 6.58859 -15.0887 34
    endloop
  endfacet
  facet normal 0 0 1
    outer loop
      vertex 6.58859 -15.0887 34
      vertex 3.97087 -12.2211 34
      vertex 6.54354 -15.2878 34
    endloop
  endfacet
  facet normal -0 0 1
    outer loop
      vertex 2.99977 -12.495 34
      vertex 6.54354 -15.2878 34
      vertex 3.97087 -12.2211 34
    endloop
  endfacet
  facet normal 0 0 1
    outer loop
      vertex 6.54354 -15.2878 34
      vertex 2.99977 -12.495 34
      vertex 6.51424 -15.4899 34
    endloop
  endfacet
  facet normal 0 0 1
    outer loop
      vertex 6.51424 -15.4899 34
      vertex 2.99977 -12.495 34
      vertex 6.50089 -15.6936 34
    endloop
  endfacet
  facet normal 0 0 1
    outer loop
      vertex 6.84833 -17.0617 34
      vertex 4.78563 -19.9336 34
      vertex 6.33485 -19.4967 34
    endloop
  endfacet
  facet normal -0 0 1
    outer loop
      vertex 2.01018 -12.6918 34
      vertex 6.50089 -15.6936 34
      vertex 2.99977 -12.495 34
    endloop
  endfacet
  facet normal 0 0 1
    outer loop
      vertex 6.55682 -16.3022 34
      vertex 3.20691 -20.2476 34
      vertex 4.78563 -19.9336 34
    endloop
  endfacet
  facet normal 0 0 1
    outer loop
      vertex 6.52224 -16.101 34
      vertex 2.01018 -12.6918 34
      vertex 3.20691 -20.2476 34
    endloop
  endfacet
  facet normal 0 0 1
    outer loop
      vertex 2.01018 -12.6918 34
      vertex 1.60841 -20.4368 34
      vertex 3.20691 -20.2476 34
    endloop
  endfacet
  facet normal -0 0 1
    outer loop
      vertex 1.0082 -12.8104 34
      vertex 1.60841 -20.4368 34
      vertex 2.01018 -12.6918 34
    endloop
  endfacet
  facet normal -0 0 1
    outer loop
      vertex 0 -12.85 34
      vertex 1.60841 -20.4368 34
      vertex 1.0082 -12.8104 34
    endloop
  endfacet
  facet normal 0 0 1
    outer loop
      vertex 0 -12.85 34
      vertex 0 -20.5 34
      vertex 1.60841 -20.4368 34
    endloop
  endfacet
  facet normal 0 0 1
    outer loop
      vertex -1.0082 -12.8104 34
      vertex 0 -20.5 34
      vertex 0 -12.85 34
    endloop
  endfacet
  facet normal 0 0 1
    outer loop
      vertex -1.0082 -12.8104 34
      vertex -1.60841 -20.4368 34
      vertex 0 -20.5 34
    endloop
  endfacet
  facet normal 0 0 1
    outer loop
      vertex -2.01018 -12.6918 34
      vertex -1.60841 -20.4368 34
      vertex -1.0082 -12.8104 34
    endloop
  endfacet
  facet normal 0 0 1
    outer loop
      vertex -6.50089 -15.6936 34
      vertex -2.01018 -12.6918 34
      vertex -2.99977 -12.495 34
    endloop
  endfacet
  facet normal 0 0 1
    outer loop
      vertex -2.01018 -12.6918 34
      vertex -3.20691 -20.2476 34
      vertex -1.60841 -20.4368 34
    endloop
  endfacet
  facet normal 0 0 1
    outer loop
      vertex -6.54354 -15.2878 34
      vertex -2.99977 -12.495 34
      vertex -3.97087 -12.2211 34
    endloop
  endfacet
  facet normal 0 0 1
    outer loop
      vertex -6.50356 -15.8977 34
      vertex -2.01018 -12.6918 34
      vertex -6.50089 -15.6936 34
    endloop
  endfacet
  facet normal 0 0 1
    outer loop
      vertex -6.72478 -14.7041 34
      vertex -3.97087 -12.2211 34
      vertex -4.91748 -11.8719 34
    endloop
  endfacet
  facet normal 0 0 1
    outer loop
      vertex -7.16782 -14.0219 34
      vertex -4.91748 -11.8719 34
      vertex -5.83378 -11.4494 34
    endloop
  endfacet
  facet normal 0 0 1
    outer loop
      vertex -2.99977 -12.495 34
      vertex -6.51424 -15.4899 34
      vertex -6.50089 -15.6936 34
    endloop
  endfacet
  facet normal 0 0 1
    outer loop
      vertex -2.01018 -12.6918 34
      vertex -6.52224 -16.101 34
      vertex -3.20691 -20.2476 34
    endloop
  endfacet
  facet normal 0 0 1
    outer loop
      vertex -6.52224 -16.101 34
      vertex -2.01018 -12.6918 34
      vertex -6.50356 -15.8977 34
    endloop
  endfacet
  facet normal 0 0 1
    outer loop
      vertex -2.99977 -12.495 34
      vertex -6.54354 -15.2878 34
      vertex -6.51424 -15.4899 34
    endloop
  endfacet
  facet normal 0 0 1
    outer loop
      vertex -3.97087 -12.2211 34
      vertex -6.58859 -15.0887 34
      vertex -6.54354 -15.2878 34
    endloop
  endfacet
  facet normal 0 0 1
    outer loop
      vertex -3.97087 -12.2211 34
      vertex -6.64913 -14.8938 34
      vertex -6.58859 -15.0887 34
    endloop
  endfacet
  facet normal 0 0 1
    outer loop
      vertex -7.62734 -13.6189 34
      vertex -5.83378 -11.4494 34
      vertex -6.71411 -10.9564 34
    endloop
  endfacet
  facet normal 0 0 1
    outer loop
      vertex -3.97087 -12.2211 34
      vertex -6.72478 -14.7041 34
      vertex -6.64913 -14.8938 34
    endloop
  endfacet
  facet normal 0 0 1
    outer loop
      vertex -4.91748 -11.8719 34
      vertex -6.81507 -14.521 34
      vertex -6.72478 -14.7041 34
    endloop
  endfacet
  facet normal 0 0 1
    outer loop
      vertex -4.91748 -11.8719 34
      vertex -6.91946 -14.3456 34
      vertex -6.81507 -14.521 34
    endloop
  endfacet
  facet normal 0 0 1
    outer loop
      vertex -4.91748 -11.8719 34
      vertex -7.03728 -14.1789 34
      vertex -6.91946 -14.3456 34
    endloop
  endfacet
  facet normal 0 0 1
    outer loop
      vertex -4.91748 -11.8719 34
      vertex -7.16782 -14.0219 34
      vertex -7.03728 -14.1789 34
    endloop
  endfacet
  facet normal 0 0 1
    outer loop
      vertex -5.83378 -11.4494 34
      vertex -7.31028 -13.8757 34
      vertex -7.16782 -14.0219 34
    endloop
  endfacet
  facet normal 0 0 1
    outer loop
      vertex -5.83378 -11.4494 34
      vertex -7.46377 -13.7411 34
      vertex -7.31028 -13.8757 34
    endloop
  endfacet
  facet normal 0 0 1
    outer loop
      vertex -8.36156 -13.2687 34
      vertex -6.71411 -10.9564 34
      vertex -7.55304 -10.3959 34
    endloop
  endfacet
  facet normal 0 0 1
    outer loop
      vertex -5.83378 -11.4494 34
      vertex -7.62734 -13.6189 34
      vertex -7.46377 -13.7411 34
    endloop
  endfacet
  facet normal 0 0 1
    outer loop
      vertex -6.71411 -10.9564 34
      vertex -7.8 -13.51 34
      vertex -7.62734 -13.6189 34
    endloop
  endfacet
  facet normal 0 0 1
    outer loop
      vertex -6.71411 -10.9564 34
      vertex -7.98067 -13.4149 34
      vertex -7.8 -13.51 34
    endloop
  endfacet
  facet normal 0 0 1
    outer loop
      vertex -6.71411 -10.9564 34
      vertex -8.16824 -13.3344 34
      vertex -7.98067 -13.4149 34
    endloop
  endfacet
  facet normal 0 0 1
    outer loop
      vertex -8.96393 -13.1652 34
      vertex -7.55304 -10.3959 34
      vertex -8.34541 -9.77122 34
    endloop
  endfacet
  facet normal 0 0 1
    outer loop
      vertex -6.71411 -10.9564 34
      vertex -8.36156 -13.2687 34
      vertex -8.16824 -13.3344 34
    endloop
  endfacet
  facet normal 0 0 1
    outer loop
      vertex -7.55304 -10.3959 34
      vertex -8.55943 -13.2185 34
      vertex -8.36156 -13.2687 34
    endloop
  endfacet
  facet normal 0 0 1
    outer loop
      vertex -7.55304 -10.3959 34
      vertex -8.76063 -13.1839 34
      vertex -8.55943 -13.2185 34
    endloop
  endfacet
  facet normal 0 0 1
    outer loop
      vertex -7.55304 -10.3959 34
      vertex -8.96393 -13.1652 34
      vertex -8.76063 -13.1839 34
    endloop
  endfacet
  facet normal 0 0 1
    outer loop
      vertex -9.77293 -13.2503 34
      vertex -8.34541 -9.77122 34
      vertex -9.08632 -9.08632 34
    endloop
  endfacet
  facet normal 0 0 1
    outer loop
      vertex -8.34541 -9.77122 34
      vertex -9.16806 -13.1626 34
      vertex -8.96393 -13.1652 34
    endloop
  endfacet
  facet normal 0 0 1
    outer loop
      vertex -8.34541 -9.77122 34
      vertex -9.37177 -13.1759 34
      vertex -9.16806 -13.1626 34
    endloop
  endfacet
  facet normal 0 0 1
    outer loop
      vertex -8.34541 -9.77122 34
      vertex -9.57381 -13.2052 34
      vertex -9.37177 -13.1759 34
    endloop
  endfacet
  facet normal 0 0 1
    outer loop
      vertex -10.3406 -13.4767 34
      vertex -9.08632 -9.08632 34
      vertex -9.77122 -8.34541 34
    endloop
  endfacet
  facet normal 0 0 1
    outer loop
      vertex -8.34541 -9.77122 34
      vertex -9.77293 -13.2503 34
      vertex -9.57381 -13.2052 34
    endloop
  endfacet
  facet normal 0 0 1
    outer loop
      vertex -9.08632 -9.08632 34
      vertex -9.9679 -13.3108 34
      vertex -9.77293 -13.2503 34
    endloop
  endfacet
  facet normal 0 0 1
    outer loop
      vertex -9.08632 -9.08632 34
      vertex -10.1575 -13.3864 34
      vertex -9.9679 -13.3108 34
    endloop
  endfacet
  facet normal 0 0 1
    outer loop
      vertex -9.08632 -9.08632 34
      vertex -10.3406 -13.4767 34
      vertex -10.1575 -13.3864 34
    endloop
  endfacet
  facet normal 0 0 1
    outer loop
      vertex -10.6828 -13.6989 34
      vertex -9.77122 -8.34541 34
      vertex -10.3959 -7.55304 34
    endloop
  endfacet
  facet normal 0 0 1
    outer loop
      vertex -9.77122 -8.34541 34
      vertex -10.5161 -13.5811 34
      vertex -10.3406 -13.4767 34
    endloop
  endfacet
  facet normal 0 0 1
    outer loop
      vertex -9.77122 -8.34541 34
      vertex -10.6828 -13.6989 34
      vertex -10.5161 -13.5811 34
    endloop
  endfacet
  facet normal 0 0 1
    outer loop
      vertex -14.4957 -14.4957 34
      vertex -10.6828 -13.6989 34
      vertex -10.3959 -7.55304 34
    endloop
  endfacet
  facet normal 0 0 1
    outer loop
      vertex -14.4957 -14.4957 34
      vertex -10.3959 -7.55304 34
      vertex -10.9564 -6.71411 34
    endloop
  endfacet
  facet normal 0 0 1
    outer loop
      vertex -10.6828 -13.6989 34
      vertex -14.4957 -14.4957 34
      vertex -10.8397 -13.8295 34
    endloop
  endfacet
  facet normal 0 0 1
    outer loop
      vertex -10.8397 -13.8295 34
      vertex -14.4957 -14.4957 34
      vertex -10.986 -13.9719 34
    endloop
  endfacet
  facet normal 0 0 1
    outer loop
      vertex -10.986 -13.9719 34
      vertex -14.4957 -14.4957 34
      vertex -11.1206 -14.1254 34
    endloop
  endfacet
  facet normal 0 0 1
    outer loop
      vertex -11.1206 -14.1254 34
      vertex -14.4957 -14.4957 34
      vertex -11.2427 -14.289 34
    endloop
  endfacet
  facet normal 0 0 1
    outer loop
      vertex -11.2427 -14.289 34
      vertex -14.4957 -14.4957 34
      vertex -11.3517 -14.4617 34
    endloop
  endfacet
  facet normal 0 0 1
    outer loop
      vertex -14.4957 -14.4957 34
      vertex -10.9564 -6.71411 34
      vertex -11.4494 -5.83378 34
    endloop
  endfacet
  facet normal 0 0 1
    outer loop
      vertex -11.3517 -14.4617 34
      vertex -14.4957 -14.4957 34
      vertex -11.4467 -14.6423 34
    endloop
  endfacet
  facet normal 0 -0 1
    outer loop
      vertex -13.3137 -15.5883 34
      vertex -11.4467 -14.6423 34
      vertex -14.4957 -14.4957 34
    endloop
  endfacet
  facet normal 0 0 1
    outer loop
      vertex -11.4467 -14.6423 34
      vertex -13.3137 -15.5883 34
      vertex -11.5273 -14.8299 34
    endloop
  endfacet
  facet normal 0 0 1
    outer loop
      vertex -11.5273 -14.8299 34
      vertex -13.3137 -15.5883 34
      vertex -11.5929 -15.0232 34
    endloop
  endfacet
  facet normal 0 0 1
    outer loop
      vertex -11.5929 -15.0232 34
      vertex -13.3137 -15.5883 34
      vertex -11.6432 -15.2211 34
    endloop
  endfacet
  facet normal 0 0 1
    outer loop
      vertex -11.6432 -15.2211 34
      vertex -13.3137 -15.5883 34
      vertex -11.6778 -15.4223 34
    endloop
  endfacet
  facet normal 0 0 1
    outer loop
      vertex -14.4957 -14.4957 34
      vertex -11.4494 -5.83378 34
      vertex -11.8719 -4.91748 34
    endloop
  endfacet
  facet normal 0 0 1
    outer loop
      vertex 16.6718 -2.10344 34
      vertex 12.495 -2.99977 34
      vertex 12.2211 -3.97087 34
    endloop
  endfacet
  facet normal 0 0 1
    outer loop
      vertex 18.2656 -9.3068 34
      vertex 11.4494 -5.83378 34
      vertex 17.4791 -10.7112 34
    endloop
  endfacet
  facet normal -0 0 1
    outer loop
      vertex 10.9564 -6.71411 34
      vertex 17.4791 -10.7112 34
      vertex 11.4494 -5.83378 34
    endloop
  endfacet
  facet normal 0 0 1
    outer loop
      vertex 17.4791 -10.7112 34
      vertex 10.9564 -6.71411 34
      vertex 16.5848 -12.0496 34
    endloop
  endfacet
  facet normal -0 0 1
    outer loop
      vertex 10.3959 -7.55304 34
      vertex 16.5848 -12.0496 34
      vertex 10.9564 -6.71411 34
    endloop
  endfacet
  facet normal 0 0 1
    outer loop
      vertex 16.5848 -12.0496 34
      vertex 10.3959 -7.55304 34
      vertex 15.5883 -13.3137 34
    endloop
  endfacet
  facet normal 0 0 1
    outer loop
      vertex 13.3137 -15.5883 34
      vertex 11.6991 -15.8297 34
      vertex 12.0496 -16.5848 34
    endloop
  endfacet
  facet normal -0 0 1
    outer loop
      vertex 11.6858 -16.0334 34
      vertex 12.0496 -16.5848 34
      vertex 11.6991 -15.8297 34
    endloop
  endfacet
  facet normal -0 0 1
    outer loop
      vertex 11.6565 -16.2355 34
      vertex 12.0496 -16.5848 34
      vertex 11.6858 -16.0334 34
    endloop
  endfacet
  facet normal -0 0 1
    outer loop
      vertex 11.6114 -16.4346 34
      vertex 12.0496 -16.5848 34
      vertex 11.6565 -16.2355 34
    endloop
  endfacet
  facet normal 0 0 1
    outer loop
      vertex 11.5509 -16.6296 34
      vertex 12.0496 -16.5848 34
      vertex 11.6114 -16.4346 34
    endloop
  endfacet
  facet normal 0 0 1
    outer loop
      vertex 11.4752 -16.8192 34
      vertex 12.0496 -16.5848 34
      vertex 11.5509 -16.6296 34
    endloop
  endfacet
  facet normal 0 0 1
    outer loop
      vertex 11.3849 -17.0023 34
      vertex 12.0496 -16.5848 34
      vertex 11.4752 -16.8192 34
    endloop
  endfacet
  facet normal 0 0 1
    outer loop
      vertex 12.0496 -16.5848 34
      vertex 11.3849 -17.0023 34
      vertex 11.3586 -17.0466 34
    endloop
  endfacet
  facet normal 0 0 1
    outer loop
      vertex 13.3137 15.5883 34
      vertex 11.6964 15.6256 34
      vertex 11.6778 15.4223 34
    endloop
  endfacet
  facet normal 0 0 1
    outer loop
      vertex 13.3137 15.5883 34
      vertex 11.6778 15.4223 34
      vertex 11.6432 15.2211 34
    endloop
  endfacet
  facet normal 0 0 1
    outer loop
      vertex 11.5273 14.8299 34
      vertex 13.3137 15.5883 34
      vertex 11.5929 15.0232 34
    endloop
  endfacet
  facet normal 0 0 1
    outer loop
      vertex 15.5883 13.3137 34
      vertex 11.8719 4.91748 34
      vertex 12.2211 3.97087 34
    endloop
  endfacet
  facet normal 0 0 1
    outer loop
      vertex 11.4467 14.6423 34
      vertex 13.3137 15.5883 34
      vertex 11.5273 14.8299 34
    endloop
  endfacet
  facet normal 0 0 1
    outer loop
      vertex 15.5883 13.3137 34
      vertex 11.4494 5.83378 34
      vertex 11.8719 4.91748 34
    endloop
  endfacet
  facet normal 0 0 1
    outer loop
      vertex 14.4957 14.4957 34
      vertex 11.4467 14.6423 34
      vertex 11.3517 14.4617 34
    endloop
  endfacet
  facet normal 0 0 1
    outer loop
      vertex 14.4957 14.4957 34
      vertex 11.3517 14.4617 34
      vertex 11.2427 14.289 34
    endloop
  endfacet
  facet normal 0 0 1
    outer loop
      vertex 14.4957 14.4957 34
      vertex 11.2427 14.289 34
      vertex 11.1206 14.1254 34
    endloop
  endfacet
  facet normal 0 0 1
    outer loop
      vertex 10.986 13.9719 34
      vertex 14.4957 14.4957 34
      vertex 11.1206 14.1254 34
    endloop
  endfacet
  facet normal 0 0 1
    outer loop
      vertex 15.5883 13.3137 34
      vertex 10.986 13.9719 34
      vertex 10.8397 13.8295 34
    endloop
  endfacet
  facet normal 0 0 1
    outer loop
      vertex 15.5883 13.3137 34
      vertex 10.9564 6.71411 34
      vertex 11.4494 5.83378 34
    endloop
  endfacet
  facet normal 0 0 1
    outer loop
      vertex 15.5883 13.3137 34
      vertex 10.8397 13.8295 34
      vertex 10.6828 13.6989 34
    endloop
  endfacet
  facet normal 0 0 1
    outer loop
      vertex 9.77122 8.34541 34
      vertex 15.5883 13.3137 34
      vertex 10.6828 13.6989 34
    endloop
  endfacet
  facet normal 0 0 1
    outer loop
      vertex 9.77122 8.34541 34
      vertex 10.6828 13.6989 34
      vertex 10.5161 13.5811 34
    endloop
  endfacet
  facet normal 0 0 1
    outer loop
      vertex 15.5883 13.3137 34
      vertex 10.3959 7.55304 34
      vertex 10.9564 6.71411 34
    endloop
  endfacet
  facet normal 0 0 1
    outer loop
      vertex 9.77122 8.34541 34
      vertex 10.5161 13.5811 34
      vertex 10.3406 13.4767 34
    endloop
  endfacet
  facet normal 0 0 1
    outer loop
      vertex 9.08632 9.08632 34
      vertex 10.3406 13.4767 34
      vertex 10.1575 13.3864 34
    endloop
  endfacet
  facet normal 0 0 1
    outer loop
      vertex 9.08632 9.08632 34
      vertex 10.1575 13.3864 34
      vertex 9.9679 13.3108 34
    endloop
  endfacet
  facet normal 0 0 1
    outer loop
      vertex 9.08632 9.08632 34
      vertex 9.9679 13.3108 34
      vertex 9.77293 13.2503 34
    endloop
  endfacet
  facet normal 0 0 1
    outer loop
      vertex 15.5883 13.3137 34
      vertex 9.77122 8.34541 34
      vertex 10.3959 7.55304 34
    endloop
  endfacet
  facet normal 0 0 1
    outer loop
      vertex 8.34541 9.77122 34
      vertex 9.77293 13.2503 34
      vertex 9.57381 13.2052 34
    endloop
  endfacet
  facet normal 0 0 1
    outer loop
      vertex 8.34541 9.77122 34
      vertex 9.57381 13.2052 34
      vertex 9.37177 13.1759 34
    endloop
  endfacet
  facet normal 0 0 1
    outer loop
      vertex 8.34541 9.77122 34
      vertex 9.37177 13.1759 34
      vertex 9.16806 13.1626 34
    endloop
  endfacet
  facet normal 0 0 1
    outer loop
      vertex 10.3406 13.4767 34
      vertex 9.08632 9.08632 34
      vertex 9.77122 8.34541 34
    endloop
  endfacet
  facet normal 0 0 1
    outer loop
      vertex 8.34541 9.77122 34
      vertex 9.16806 13.1626 34
      vertex 8.96393 13.1652 34
    endloop
  endfacet
  facet normal 0 0 1
    outer loop
      vertex 7.55304 10.3959 34
      vertex 8.96393 13.1652 34
      vertex 8.76063 13.1839 34
    endloop
  endfacet
  facet normal 0 0 1
    outer loop
      vertex 7.55304 10.3959 34
      vertex 8.76063 13.1839 34
      vertex 8.55943 13.2185 34
    endloop
  endfacet
  facet normal 0 0 1
    outer loop
      vertex 7.55304 10.3959 34
      vertex 8.55943 13.2185 34
      vertex 8.36156 13.2687 34
    endloop
  endfacet
  facet normal 0 0 1
    outer loop
      vertex 9.77293 13.2503 34
      vertex 8.34541 9.77122 34
      vertex 9.08632 9.08632 34
    endloop
  endfacet
  facet normal 0 0 1
    outer loop
      vertex 6.71411 10.9564 34
      vertex 8.36156 13.2687 34
      vertex 8.16824 13.3344 34
    endloop
  endfacet
  facet normal 0 0 1
    outer loop
      vertex 6.71411 10.9564 34
      vertex 8.16824 13.3344 34
      vertex 7.98067 13.4149 34
    endloop
  endfacet
  facet normal 0 0 1
    outer loop
      vertex 6.71411 10.9564 34
      vertex 7.98067 13.4149 34
      vertex 7.8 13.51 34
    endloop
  endfacet
  facet normal 0 0 1
    outer loop
      vertex 6.71411 10.9564 34
      vertex 7.8 13.51 34
      vertex 7.62734 13.6189 34
    endloop
  endfacet
  facet normal 0 0 1
    outer loop
      vertex 8.96393 13.1652 34
      vertex 7.55304 10.3959 34
      vertex 8.34541 9.77122 34
    endloop
  endfacet
  facet normal 0 0 1
    outer loop
      vertex 5.83378 11.4494 34
      vertex 7.62734 13.6189 34
      vertex 7.46377 13.7411 34
    endloop
  endfacet
  facet normal 0 0 1
    outer loop
      vertex 5.83378 11.4494 34
      vertex 7.46377 13.7411 34
      vertex 7.31028 13.8757 34
    endloop
  endfacet
  facet normal 0 0 1
    outer loop
      vertex 5.83378 11.4494 34
      vertex 7.31028 13.8757 34
      vertex 7.16782 14.0219 34
    endloop
  endfacet
  facet normal 0 0 1
    outer loop
      vertex 4.91748 11.8719 34
      vertex 7.16782 14.0219 34
      vertex 7.03728 14.1789 34
    endloop
  endfacet
  facet normal 0 0 1
    outer loop
      vertex 4.91748 11.8719 34
      vertex 7.03728 14.1789 34
      vertex 6.91946 14.3456 34
    endloop
  endfacet
  facet normal 0 0 1
    outer loop
      vertex 4.91748 11.8719 34
      vertex 6.91946 14.3456 34
      vertex 6.81507 14.521 34
    endloop
  endfacet
  facet normal 0 0 1
    outer loop
      vertex 4.91748 11.8719 34
      vertex 6.81507 14.521 34
      vertex 6.72478 14.7041 34
    endloop
  endfacet
  facet normal 0 0 1
    outer loop
      vertex 8.36156 13.2687 34
      vertex 6.71411 10.9564 34
      vertex 7.55304 10.3959 34
    endloop
  endfacet
  facet normal 0 0 1
    outer loop
      vertex 3.97087 12.2211 34
      vertex 6.72478 14.7041 34
      vertex 6.64913 14.8938 34
    endloop
  endfacet
  facet normal 0 0 1
    outer loop
      vertex 3.97087 12.2211 34
      vertex 6.64913 14.8938 34
      vertex 6.58859 15.0887 34
    endloop
  endfacet
  facet normal 0 0 1
    outer loop
      vertex 3.97087 12.2211 34
      vertex 6.58859 15.0887 34
      vertex 6.54354 15.2878 34
    endloop
  endfacet
  facet normal 0 0 1
    outer loop
      vertex 2.99977 12.495 34
      vertex 6.54354 15.2878 34
      vertex 6.51424 15.4899 34
    endloop
  endfacet
  facet normal 0 0 1
    outer loop
      vertex 2.99977 12.495 34
      vertex 6.51424 15.4899 34
      vertex 6.50089 15.6936 34
    endloop
  endfacet
  facet normal 0 0 1
    outer loop
      vertex 7.62734 13.6189 34
      vertex 5.83378 11.4494 34
      vertex 6.71411 10.9564 34
    endloop
  endfacet
  facet normal 0 0 1
    outer loop
      vertex 2.01018 12.6918 34
      vertex 6.52224 16.101 34
      vertex 3.20691 20.2476 34
    endloop
  endfacet
  facet normal 0 0 1
    outer loop
      vertex 7.16782 14.0219 34
      vertex 4.91748 11.8719 34
      vertex 5.83378 11.4494 34
    endloop
  endfacet
  facet normal 0 0 1
    outer loop
      vertex 6.52224 16.101 34
      vertex 2.01018 12.6918 34
      vertex 6.50356 15.8977 34
    endloop
  endfacet
  facet normal 0 0 1
    outer loop
      vertex 6.72478 14.7041 34
      vertex 3.97087 12.2211 34
      vertex 4.91748 11.8719 34
    endloop
  endfacet
  facet normal 0 0 1
    outer loop
      vertex 6.50356 15.8977 34
      vertex 2.01018 12.6918 34
      vertex 6.50089 15.6936 34
    endloop
  endfacet
  facet normal 0 0 1
    outer loop
      vertex 6.54354 15.2878 34
      vertex 2.99977 12.495 34
      vertex 3.97087 12.2211 34
    endloop
  endfacet
  facet normal 0 0 1
    outer loop
      vertex 6.50089 15.6936 34
      vertex 2.01018 12.6918 34
      vertex 2.99977 12.495 34
    endloop
  endfacet
  facet normal 0 0 1
    outer loop
      vertex 1.60841 20.4368 34
      vertex 2.01018 12.6918 34
      vertex 3.20691 20.2476 34
    endloop
  endfacet
  facet normal 0 0 1
    outer loop
      vertex 1.60841 20.4368 34
      vertex 1.0082 12.8104 34
      vertex 2.01018 12.6918 34
    endloop
  endfacet
  facet normal 0 0 1
    outer loop
      vertex 0 20.5 34
      vertex 1.0082 12.8104 34
      vertex 1.60841 20.4368 34
    endloop
  endfacet
  facet normal 0 0 1
    outer loop
      vertex 0 20.5 34
      vertex 0 12.85 34
      vertex 1.0082 12.8104 34
    endloop
  endfacet
  facet normal 0 0 1
    outer loop
      vertex 0 20.5 34
      vertex -1.0082 12.8104 34
      vertex 0 12.85 34
    endloop
  endfacet
  facet normal -0 0 1
    outer loop
      vertex -1.60841 20.4368 34
      vertex -1.0082 12.8104 34
      vertex 0 20.5 34
    endloop
  endfacet
  facet normal 0 0 1
    outer loop
      vertex -1.60841 20.4368 34
      vertex -2.01018 12.6918 34
      vertex -1.0082 12.8104 34
    endloop
  endfacet
  facet normal -0 0 1
    outer loop
      vertex -3.20691 20.2476 34
      vertex -2.01018 12.6918 34
      vertex -1.60841 20.4368 34
    endloop
  endfacet
  facet normal -0 0 1
    outer loop
      vertex -6.50356 15.8977 34
      vertex -2.01018 12.6918 34
      vertex -3.20691 20.2476 34
    endloop
  endfacet
  facet normal 0 0 1
    outer loop
      vertex -2.01018 12.6918 34
      vertex -6.50089 15.6936 34
      vertex -2.99977 12.495 34
    endloop
  endfacet
  facet normal 0 0 1
    outer loop
      vertex -6.50356 15.8977 34
      vertex -3.20691 20.2476 34
      vertex -4.78563 19.9336 34
    endloop
  endfacet
  facet normal -0 0 1
    outer loop
      vertex -6.51424 15.4899 34
      vertex -2.99977 12.495 34
      vertex -6.50089 15.6936 34
    endloop
  endfacet
  facet normal -0 0 1
    outer loop
      vertex -6.54354 15.2878 34
      vertex -2.99977 12.495 34
      vertex -6.51424 15.4899 34
    endloop
  endfacet
  facet normal 0 0 1
    outer loop
      vertex -6.84833 17.0617 34
      vertex -4.78563 19.9336 34
      vertex -6.33485 19.4967 34
    endloop
  endfacet
  facet normal 0 0 1
    outer loop
      vertex -2.99977 12.495 34
      vertex -6.54354 15.2878 34
      vertex -3.97087 12.2211 34
    endloop
  endfacet
  facet normal -0 0 1
    outer loop
      vertex -6.58859 15.0887 34
      vertex -3.97087 12.2211 34
      vertex -6.54354 15.2878 34
    endloop
  endfacet
  facet normal -0 0 1
    outer loop
      vertex -6.64913 14.8938 34
      vertex -3.97087 12.2211 34
      vertex -6.58859 15.0887 34
    endloop
  endfacet
  facet normal -0 0 1
    outer loop
      vertex -6.72478 14.7041 34
      vertex -3.97087 12.2211 34
      vertex -6.64913 14.8938 34
    endloop
  endfacet
  facet normal 0 0 1
    outer loop
      vertex -3.97087 12.2211 34
      vertex -6.72478 14.7041 34
      vertex -4.91748 11.8719 34
    endloop
  endfacet
  facet normal -0 0 1
    outer loop
      vertex -6.81507 14.521 34
      vertex -4.91748 11.8719 34
      vertex -6.72478 14.7041 34
    endloop
  endfacet
  facet normal -0 0 1
    outer loop
      vertex -6.91946 14.3456 34
      vertex -4.91748 11.8719 34
      vertex -6.81507 14.521 34
    endloop
  endfacet
  facet normal -0 0 1
    outer loop
      vertex -7.03728 14.1789 34
      vertex -4.91748 11.8719 34
      vertex -6.91946 14.3456 34
    endloop
  endfacet
  facet normal -0 0 1
    outer loop
      vertex -7.16782 14.0219 34
      vertex -4.91748 11.8719 34
      vertex -7.03728 14.1789 34
    endloop
  endfacet
  facet normal 0 0 1
    outer loop
      vertex -4.91748 11.8719 34
      vertex -7.16782 14.0219 34
      vertex -5.83378 11.4494 34
    endloop
  endfacet
  facet normal -0 0 1
    outer loop
      vertex -7.31028 13.8757 34
      vertex -5.83378 11.4494 34
      vertex -7.16782 14.0219 34
    endloop
  endfacet
  facet normal -0 0 1
    outer loop
      vertex -7.46377 13.7411 34
      vertex -5.83378 11.4494 34
      vertex -7.31028 13.8757 34
    endloop
  endfacet
  facet normal -0 0 1
    outer loop
      vertex -7.62734 13.6189 34
      vertex -5.83378 11.4494 34
      vertex -7.46377 13.7411 34
    endloop
  endfacet
  facet normal 0 0 1
    outer loop
      vertex -5.83378 11.4494 34
      vertex -7.62734 13.6189 34
      vertex -6.71411 10.9564 34
    endloop
  endfacet
  facet normal -0 0 1
    outer loop
      vertex -7.8 13.51 34
      vertex -6.71411 10.9564 34
      vertex -7.62734 13.6189 34
    endloop
  endfacet
  facet normal -0 0 1
    outer loop
      vertex -7.98067 13.4149 34
      vertex -6.71411 10.9564 34
      vertex -7.8 13.51 34
    endloop
  endfacet
  facet normal -0 0 1
    outer loop
      vertex -8.16824 13.3344 34
      vertex -6.71411 10.9564 34
      vertex -7.98067 13.4149 34
    endloop
  endfacet
  facet normal -0 0 1
    outer loop
      vertex -8.36156 13.2687 34
      vertex -6.71411 10.9564 34
      vertex -8.16824 13.3344 34
    endloop
  endfacet
  facet normal 0 0 1
    outer loop
      vertex -6.71411 10.9564 34
      vertex -8.36156 13.2687 34
      vertex -7.55304 10.3959 34
    endloop
  endfacet
  facet normal -0 0 1
    outer loop
      vertex -8.55943 13.2185 34
      vertex -7.55304 10.3959 34
      vertex -8.36156 13.2687 34
    endloop
  endfacet
  facet normal -0 0 1
    outer loop
      vertex -8.76063 13.1839 34
      vertex -7.55304 10.3959 34
      vertex -8.55943 13.2185 34
    endloop
  endfacet
  facet normal -0 0 1
    outer loop
      vertex -8.96393 13.1652 34
      vertex -7.55304 10.3959 34
      vertex -8.76063 13.1839 34
    endloop
  endfacet
  facet normal 0 0 1
    outer loop
      vertex -7.55304 10.3959 34
      vertex -8.96393 13.1652 34
      vertex -8.34541 9.77122 34
    endloop
  endfacet
  facet normal -0 0 1
    outer loop
      vertex -9.16806 13.1626 34
      vertex -8.34541 9.77122 34
      vertex -8.96393 13.1652 34
    endloop
  endfacet
  facet normal 0 0 1
    outer loop
      vertex -9.37177 13.1759 34
      vertex -8.34541 9.77122 34
      vertex -9.16806 13.1626 34
    endloop
  endfacet
  facet normal 0 0 1
    outer loop
      vertex -9.57381 13.2052 34
      vertex -8.34541 9.77122 34
      vertex -9.37177 13.1759 34
    endloop
  endfacet
  facet normal 0 0 1
    outer loop
      vertex -9.77293 13.2503 34
      vertex -8.34541 9.77122 34
      vertex -9.57381 13.2052 34
    endloop
  endfacet
  facet normal 0 0 1
    outer loop
      vertex -8.34541 9.77122 34
      vertex -9.77293 13.2503 34
      vertex -9.08632 9.08632 34
    endloop
  endfacet
  facet normal 0 0 1
    outer loop
      vertex -9.9679 13.3108 34
      vertex -9.08632 9.08632 34
      vertex -9.77293 13.2503 34
    endloop
  endfacet
  facet normal 0 0 1
    outer loop
      vertex -10.1575 13.3864 34
      vertex -9.08632 9.08632 34
      vertex -9.9679 13.3108 34
    endloop
  endfacet
  facet normal 0 0 1
    outer loop
      vertex -10.3406 13.4767 34
      vertex -9.08632 9.08632 34
      vertex -10.1575 13.3864 34
    endloop
  endfacet
  facet normal 0 0 1
    outer loop
      vertex -9.08632 9.08632 34
      vertex -10.3406 13.4767 34
      vertex -9.77122 8.34541 34
    endloop
  endfacet
  facet normal 0 0 1
    outer loop
      vertex -10.5161 13.5811 34
      vertex -9.77122 8.34541 34
      vertex -10.3406 13.4767 34
    endloop
  endfacet
  facet normal 0 0 1
    outer loop
      vertex -10.6828 13.6989 34
      vertex -9.77122 8.34541 34
      vertex -10.5161 13.5811 34
    endloop
  endfacet
  facet normal 0 0 1
    outer loop
      vertex -9.77122 8.34541 34
      vertex -10.6828 13.6989 34
      vertex -10.3959 7.55304 34
    endloop
  endfacet
  facet normal 0 0 1
    outer loop
      vertex -10.8397 13.8295 34
      vertex -10.3959 7.55304 34
      vertex -10.6828 13.6989 34
    endloop
  endfacet
  facet normal 0 0 1
    outer loop
      vertex -10.986 13.9719 34
      vertex -10.3959 7.55304 34
      vertex -10.8397 13.8295 34
    endloop
  endfacet
  facet normal 0 0 1
    outer loop
      vertex -11.1206 14.1254 34
      vertex -10.3959 7.55304 34
      vertex -10.986 13.9719 34
    endloop
  endfacet
  facet normal 0 0 1
    outer loop
      vertex -10.3959 7.55304 34
      vertex -11.1206 14.1254 34
      vertex -10.9564 6.71411 34
    endloop
  endfacet
  facet normal 0 0 1
    outer loop
      vertex -11.2427 14.289 34
      vertex -10.9564 6.71411 34
      vertex -11.1206 14.1254 34
    endloop
  endfacet
  facet normal 0 0 1
    outer loop
      vertex -11.3517 14.4617 34
      vertex -10.9564 6.71411 34
      vertex -11.2427 14.289 34
    endloop
  endfacet
  facet normal 0 0 1
    outer loop
      vertex -11.4494 5.83378 34
      vertex -11.3517 14.4617 34
      vertex -11.4467 14.6423 34
    endloop
  endfacet
  facet normal 0 0 1
    outer loop
      vertex -11.3517 14.4617 34
      vertex -11.4494 5.83378 34
      vertex -10.9564 6.71411 34
    endloop
  endfacet
  facet normal 0 0 1
    outer loop
      vertex -11.5273 14.8299 34
      vertex -11.4494 5.83378 34
      vertex -11.4467 14.6423 34
    endloop
  endfacet
  facet normal 0 0 1
    outer loop
      vertex -11.8719 4.91748 34
      vertex -11.5273 14.8299 34
      vertex -11.5929 15.0232 34
    endloop
  endfacet
  facet normal 0 0 1
    outer loop
      vertex -11.8719 4.91748 34
      vertex -11.5929 15.0232 34
      vertex -11.6432 15.2211 34
    endloop
  endfacet
  facet normal 0 0 1
    outer loop
      vertex -11.6964 15.6256 34
      vertex -13.3137 15.5883 34
      vertex -11.6778 15.4223 34
    endloop
  endfacet
  facet normal 0 0 1
    outer loop
      vertex -11.6991 15.8297 34
      vertex -13.3137 15.5883 34
      vertex -11.6964 15.6256 34
    endloop
  endfacet
  facet normal 0 0 1
    outer loop
      vertex -11.5273 14.8299 34
      vertex -11.8719 4.91748 34
      vertex -11.4494 5.83378 34
    endloop
  endfacet
  facet normal 0 0 1
    outer loop
      vertex -13.3137 15.5883 34
      vertex -11.6991 15.8297 34
      vertex -12.0496 16.5848 34
    endloop
  endfacet
  facet normal 0 0 1
    outer loop
      vertex -11.3849 -17.0023 34
      vertex -12.0496 -16.5848 34
      vertex -11.3586 -17.0466 34
    endloop
  endfacet
  facet normal 0 0 1
    outer loop
      vertex -11.4752 -16.8192 34
      vertex -12.0496 -16.5848 34
      vertex -11.3849 -17.0023 34
    endloop
  endfacet
  facet normal 0 0 1
    outer loop
      vertex -11.5509 -16.6296 34
      vertex -12.0496 -16.5848 34
      vertex -11.4752 -16.8192 34
    endloop
  endfacet
  facet normal 0 0 1
    outer loop
      vertex -11.6114 -16.4346 34
      vertex -12.0496 -16.5848 34
      vertex -11.5509 -16.6296 34
    endloop
  endfacet
  facet normal 0 0 1
    outer loop
      vertex -11.6565 -16.2355 34
      vertex -12.0496 -16.5848 34
      vertex -11.6114 -16.4346 34
    endloop
  endfacet
  facet normal 0 0 1
    outer loop
      vertex -11.6858 -16.0334 34
      vertex -12.0496 -16.5848 34
      vertex -11.6565 -16.2355 34
    endloop
  endfacet
  facet normal 0 0 1
    outer loop
      vertex -11.6991 -15.8297 34
      vertex -12.0496 -16.5848 34
      vertex -11.6858 -16.0334 34
    endloop
  endfacet
  facet normal 0 0 1
    outer loop
      vertex -11.6778 -15.4223 34
      vertex -13.3137 -15.5883 34
      vertex -11.6964 -15.6256 34
    endloop
  endfacet
  facet normal 0 0 1
    outer loop
      vertex -17.0196 -2.31662 34
      vertex -11.8719 -4.91748 34
      vertex -12.2211 -3.97087 34
    endloop
  endfacet
  facet normal 0 0 1
    outer loop
      vertex -16.6718 -2.10344 34
      vertex -12.2211 -3.97087 34
      vertex -12.495 -2.99977 34
    endloop
  endfacet
  facet normal 0 0 1
    outer loop
      vertex -16.2229 -1.68856 34
      vertex -12.495 -2.99977 34
      vertex -12.6918 -2.01018 34
    endloop
  endfacet
  facet normal 0 0 1
    outer loop
      vertex -15.7979 -0.994976 34
      vertex -12.6918 -2.01018 34
      vertex -12.8104 -1.0082 34
    endloop
  endfacet
  facet normal 0 0 1
    outer loop
      vertex -11.6991 -15.8297 34
      vertex -13.3137 -15.5883 34
      vertex -12.0496 -16.5848 34
    endloop
  endfacet
  facet normal -0 0 1
    outer loop
      vertex -15.632 -0.406729 34
      vertex -12.8104 -1.0082 34
      vertex -12.85 0 34
    endloop
  endfacet
  facet normal -0 0 1
    outer loop
      vertex -18.9395 7.84501 34
      vertex -11.8719 4.91748 34
      vertex -18.2656 9.3068 34
    endloop
  endfacet
  facet normal 0 -0 1
    outer loop
      vertex -17.205 2.40209 34
      vertex -11.8719 4.91748 34
      vertex -18.9395 7.84501 34
    endloop
  endfacet
  facet normal 0 0 1
    outer loop
      vertex -15.608 -0.203993 34
      vertex -12.85 0 34
      vertex -15.6 0 34
    endloop
  endfacet
  facet normal 0 -0 1
    outer loop
      vertex -17.0196 2.31662 34
      vertex -11.8719 4.91748 34
      vertex -17.205 2.40209 34
    endloop
  endfacet
  facet normal 0 0 1
    outer loop
      vertex -15.632 -0.406729 34
      vertex -12.85 0 34
      vertex -15.608 -0.203993 34
    endloop
  endfacet
  facet normal 0 0 1
    outer loop
      vertex -12.8104 -1.0082 34
      vertex -15.632 -0.406729 34
      vertex -15.6718 -0.606957 34
    endloop
  endfacet
  facet normal 0 0 1
    outer loop
      vertex -12.85 0 34
      vertex -15.608 0.203993 34
      vertex -15.6 0 34
    endloop
  endfacet
  facet normal 0 0 1
    outer loop
      vertex -12.85 0 34
      vertex -15.632 0.406729 34
      vertex -15.608 0.203993 34
    endloop
  endfacet
  facet normal 0 0 1
    outer loop
      vertex -12.8104 1.0082 34
      vertex -15.632 0.406729 34
      vertex -12.85 0 34
    endloop
  endfacet
  facet normal 0 -0 1
    outer loop
      vertex -15.632 0.406729 34
      vertex -12.8104 1.0082 34
      vertex -15.6718 0.606957 34
    endloop
  endfacet
  facet normal 0 -0 1
    outer loop
      vertex -15.6718 0.606957 34
      vertex -12.8104 1.0082 34
      vertex -15.7273 0.803444 34
    endloop
  endfacet
  facet normal 0 -0 1
    outer loop
      vertex -15.7273 0.803444 34
      vertex -12.8104 1.0082 34
      vertex -15.7979 0.994976 34
    endloop
  endfacet
  facet normal 0 0 1
    outer loop
      vertex -12.6918 2.01018 34
      vertex -15.7979 0.994976 34
      vertex -12.8104 1.0082 34
    endloop
  endfacet
  facet normal 0 -0 1
    outer loop
      vertex -15.7979 0.994976 34
      vertex -12.6918 2.01018 34
      vertex -15.8834 1.18038 34
    endloop
  endfacet
  facet normal 0 -0 1
    outer loop
      vertex -15.8834 1.18038 34
      vertex -12.6918 2.01018 34
      vertex -15.9831 1.3585 34
    endloop
  endfacet
  facet normal 0 -0 1
    outer loop
      vertex -16.8415 2.21686 34
      vertex -12.2211 3.97087 34
      vertex -17.0196 2.31662 34
    endloop
  endfacet
  facet normal 0 -0 1
    outer loop
      vertex -15.9831 1.3585 34
      vertex -12.6918 2.01018 34
      vertex -16.0966 1.52824 34
    endloop
  endfacet
  facet normal 0 -0 1
    outer loop
      vertex -16.0966 1.52824 34
      vertex -12.6918 2.01018 34
      vertex -16.2229 1.68856 34
    endloop
  endfacet
  facet normal 0 0 1
    outer loop
      vertex -12.495 2.99977 34
      vertex -16.2229 1.68856 34
      vertex -12.6918 2.01018 34
    endloop
  endfacet
  facet normal 0 -0 1
    outer loop
      vertex -16.3615 1.83848 34
      vertex -12.495 2.99977 34
      vertex -16.5114 1.97705 34
    endloop
  endfacet
  facet normal 0 -0 1
    outer loop
      vertex -16.2229 1.68856 34
      vertex -12.495 2.99977 34
      vertex -16.3615 1.83848 34
    endloop
  endfacet
  facet normal 0 -0 1
    outer loop
      vertex -16.5114 1.97705 34
      vertex -12.495 2.99977 34
      vertex -16.6718 2.10344 34
    endloop
  endfacet
  facet normal 0 0 1
    outer loop
      vertex -12.2211 3.97087 34
      vertex -16.6718 2.10344 34
      vertex -12.495 2.99977 34
    endloop
  endfacet
  facet normal 0 -0 1
    outer loop
      vertex -16.6718 2.10344 34
      vertex -12.2211 3.97087 34
      vertex -16.8415 2.21686 34
    endloop
  endfacet
  facet normal 0 0 1
    outer loop
      vertex -11.8719 4.91748 34
      vertex -17.0196 2.31662 34
      vertex -12.2211 3.97087 34
    endloop
  endfacet
  facet normal -0 0 1
    outer loop
      vertex -19.4967 6.33485 34
      vertex -17.205 2.40209 34
      vertex -18.9395 7.84501 34
    endloop
  endfacet
  facet normal 0 0 1
    outer loop
      vertex -17.205 2.40209 34
      vertex -19.4967 6.33485 34
      vertex -17.3966 2.47275 34
    endloop
  endfacet
  facet normal 0 0 1
    outer loop
      vertex -17.3966 2.47275 34
      vertex -19.4967 6.33485 34
      vertex -17.593 2.52816 34
    endloop
  endfacet
  facet normal 0 0 1
    outer loop
      vertex -17.593 2.52816 34
      vertex -19.4967 6.33485 34
      vertex -17.7933 2.56799 34
    endloop
  endfacet
  facet normal -0 0 1
    outer loop
      vertex -19.9336 4.78563 34
      vertex -17.7933 2.56799 34
      vertex -19.4967 6.33485 34
    endloop
  endfacet
  facet normal 0 0 1
    outer loop
      vertex -17.7933 2.56799 34
      vertex -19.9336 4.78563 34
      vertex -17.996 2.59198 34
    endloop
  endfacet
  facet normal 0 0 1
    outer loop
      vertex -17.996 2.59198 34
      vertex -19.9336 4.78563 34
      vertex -18.2 2.6 34
    endloop
  endfacet
  facet normal 0 0 1
    outer loop
      vertex -18.2 2.6 34
      vertex -19.9336 4.78563 34
      vertex -18.404 2.59198 34
    endloop
  endfacet
  facet normal 0 0 1
    outer loop
      vertex -18.404 2.59198 34
      vertex -19.9336 4.78563 34
      vertex -18.6067 2.56799 34
    endloop
  endfacet
  facet normal 0 0 1
    outer loop
      vertex -18.6067 2.56799 34
      vertex -19.9336 4.78563 34
      vertex -18.807 2.52816 34
    endloop
  endfacet
  facet normal -0 0 1
    outer loop
      vertex -20.2476 3.20691 34
      vertex -18.807 2.52816 34
      vertex -19.9336 4.78563 34
    endloop
  endfacet
  facet normal 0 0 1
    outer loop
      vertex -18.807 2.52816 34
      vertex -20.2476 3.20691 34
      vertex -19.0034 2.47275 34
    endloop
  endfacet
  facet normal 0 0 1
    outer loop
      vertex -19.0034 2.47275 34
      vertex -20.2476 3.20691 34
      vertex -19.195 2.40209 34
    endloop
  endfacet
  facet normal 0 0 1
    outer loop
      vertex -19.195 2.40209 34
      vertex -20.2476 3.20691 34
      vertex -19.3804 2.31662 34
    endloop
  endfacet
  facet normal 0 0 1
    outer loop
      vertex -19.3804 2.31662 34
      vertex -20.2476 3.20691 34
      vertex -19.5585 2.21686 34
    endloop
  endfacet
  facet normal 0 0 1
    outer loop
      vertex -19.5585 2.21686 34
      vertex -20.2476 3.20691 34
      vertex -19.7282 2.10344 34
    endloop
  endfacet
  facet normal 0 0 1
    outer loop
      vertex -19.7282 2.10344 34
      vertex -20.2476 3.20691 34
      vertex -19.8886 1.97705 34
    endloop
  endfacet
  facet normal 0 0 1
    outer loop
      vertex -19.8886 1.97705 34
      vertex -20.2476 3.20691 34
      vertex -20.0385 1.83848 34
    endloop
  endfacet
  facet normal 0 0 1
    outer loop
      vertex -20.4368 1.60841 34
      vertex -20.0385 1.83848 34
      vertex -20.2476 3.20691 34
    endloop
  endfacet
  facet normal 0 0 1
    outer loop
      vertex -20.0385 1.83848 34
      vertex -20.4368 1.60841 34
      vertex -20.1771 1.68856 34
    endloop
  endfacet
  facet normal 0 0 1
    outer loop
      vertex -20.1771 1.68856 34
      vertex -20.4368 1.60841 34
      vertex -20.3034 1.52824 34
    endloop
  endfacet
  facet normal 0 0 1
    outer loop
      vertex -20.3034 1.52824 34
      vertex -20.4368 1.60841 34
      vertex -20.4169 1.3585 34
    endloop
  endfacet
  facet normal 0 0 1
    outer loop
      vertex -20.4169 1.3585 34
      vertex -20.4368 1.60841 34
      vertex -20.4489 1.30135 34
    endloop
  endfacet
  facet normal 0 0 1
    outer loop
      vertex -12.8104 -1.0082 34
      vertex -15.6718 -0.606957 34
      vertex -15.7273 -0.803444 34
    endloop
  endfacet
  facet normal 0 0 1
    outer loop
      vertex -12.8104 -1.0082 34
      vertex -15.7273 -0.803444 34
      vertex -15.7979 -0.994976 34
    endloop
  endfacet
  facet normal 0 0 1
    outer loop
      vertex -12.6918 -2.01018 34
      vertex -15.7979 -0.994976 34
      vertex -15.8834 -1.18038 34
    endloop
  endfacet
  facet normal 0 0 1
    outer loop
      vertex -12.6918 -2.01018 34
      vertex -15.8834 -1.18038 34
      vertex -15.9831 -1.3585 34
    endloop
  endfacet
  facet normal 0 0 1
    outer loop
      vertex -12.6918 -2.01018 34
      vertex -15.9831 -1.3585 34
      vertex -16.0966 -1.52824 34
    endloop
  endfacet
  facet normal 0 0 1
    outer loop
      vertex -11.6964 -15.6256 34
      vertex -13.3137 -15.5883 34
      vertex -11.6991 -15.8297 34
    endloop
  endfacet
  facet normal 0 0 1
    outer loop
      vertex -11.8719 -4.91748 34
      vertex -15.5883 -13.3137 34
      vertex -14.4957 -14.4957 34
    endloop
  endfacet
  facet normal 0 0 1
    outer loop
      vertex -12.6918 -2.01018 34
      vertex -16.0966 -1.52824 34
      vertex -16.2229 -1.68856 34
    endloop
  endfacet
  facet normal 0 0 1
    outer loop
      vertex -12.495 -2.99977 34
      vertex -16.2229 -1.68856 34
      vertex -16.3615 -1.83848 34
    endloop
  endfacet
  facet normal 0 0 1
    outer loop
      vertex -12.495 -2.99977 34
      vertex -16.3615 -1.83848 34
      vertex -16.5114 -1.97705 34
    endloop
  endfacet
  facet normal 0 0 1
    outer loop
      vertex -12.495 -2.99977 34
      vertex -16.5114 -1.97705 34
      vertex -16.6718 -2.10344 34
    endloop
  endfacet
  facet normal 0 0 1
    outer loop
      vertex -11.8719 -4.91748 34
      vertex -16.5848 -12.0496 34
      vertex -15.5883 -13.3137 34
    endloop
  endfacet
  facet normal 0 0 1
    outer loop
      vertex -12.2211 -3.97087 34
      vertex -16.6718 -2.10344 34
      vertex -16.8415 -2.21686 34
    endloop
  endfacet
  facet normal 0 0 1
    outer loop
      vertex -12.2211 -3.97087 34
      vertex -16.8415 -2.21686 34
      vertex -17.0196 -2.31662 34
    endloop
  endfacet
  facet normal 0 0 1
    outer loop
      vertex -11.8719 -4.91748 34
      vertex -17.0196 -2.31662 34
      vertex -17.205 -2.40209 34
    endloop
  endfacet
  facet normal 0 0 1
    outer loop
      vertex -11.8719 -4.91748 34
      vertex -17.205 -2.40209 34
      vertex -18.9395 -7.84501 34
    endloop
  endfacet
  facet normal 0 0 1
    outer loop
      vertex -19.4967 -6.33485 34
      vertex -17.205 -2.40209 34
      vertex -17.3966 -2.47275 34
    endloop
  endfacet
  facet normal 0 0 1
    outer loop
      vertex -11.8719 -4.91748 34
      vertex -17.4791 -10.7112 34
      vertex -16.5848 -12.0496 34
    endloop
  endfacet
  facet normal 0 0 1
    outer loop
      vertex -19.4967 -6.33485 34
      vertex -17.3966 -2.47275 34
      vertex -17.593 -2.52816 34
    endloop
  endfacet
  facet normal 0 0 1
    outer loop
      vertex -19.4967 -6.33485 34
      vertex -17.593 -2.52816 34
      vertex -17.7933 -2.56799 34
    endloop
  endfacet
  facet normal 0 0 1
    outer loop
      vertex -19.9336 -4.78563 34
      vertex -17.7933 -2.56799 34
      vertex -17.996 -2.59198 34
    endloop
  endfacet
  facet normal 0 0 1
    outer loop
      vertex -19.9336 -4.78563 34
      vertex -17.996 -2.59198 34
      vertex -18.2 -2.6 34
    endloop
  endfacet
  facet normal 0 0 1
    outer loop
      vertex -11.8719 -4.91748 34
      vertex -18.2656 -9.3068 34
      vertex -17.4791 -10.7112 34
    endloop
  endfacet
  facet normal 0 0 1
    outer loop
      vertex -19.9336 -4.78563 34
      vertex -18.2 -2.6 34
      vertex -18.404 -2.59198 34
    endloop
  endfacet
  facet normal 0 0 1
    outer loop
      vertex -19.9336 -4.78563 34
      vertex -18.404 -2.59198 34
      vertex -18.6067 -2.56799 34
    endloop
  endfacet
  facet normal 0 0 1
    outer loop
      vertex -19.9336 -4.78563 34
      vertex -18.6067 -2.56799 34
      vertex -18.807 -2.52816 34
    endloop
  endfacet
  facet normal 0 0 1
    outer loop
      vertex -11.8719 -4.91748 34
      vertex -18.9395 -7.84501 34
      vertex -18.2656 -9.3068 34
    endloop
  endfacet
  facet normal 0 0 1
    outer loop
      vertex -20.2476 -3.20691 34
      vertex -18.807 -2.52816 34
      vertex -19.0034 -2.47275 34
    endloop
  endfacet
  facet normal 0 0 1
    outer loop
      vertex -20.2476 -3.20691 34
      vertex -19.0034 -2.47275 34
      vertex -19.195 -2.40209 34
    endloop
  endfacet
  facet normal 0 0 1
    outer loop
      vertex -20.2476 -3.20691 34
      vertex -19.195 -2.40209 34
      vertex -19.3804 -2.31662 34
    endloop
  endfacet
  facet normal 0 0 1
    outer loop
      vertex -17.205 -2.40209 34
      vertex -19.4967 -6.33485 34
      vertex -18.9395 -7.84501 34
    endloop
  endfacet
  facet normal 0 0 1
    outer loop
      vertex -20.2476 -3.20691 34
      vertex -19.3804 -2.31662 34
      vertex -19.5585 -2.21686 34
    endloop
  endfacet
  facet normal 0 0 1
    outer loop
      vertex -20.2476 -3.20691 34
      vertex -19.5585 -2.21686 34
      vertex -19.7282 -2.10344 34
    endloop
  endfacet
  facet normal 0 0 1
    outer loop
      vertex -20.2476 -3.20691 34
      vertex -19.7282 -2.10344 34
      vertex -19.8886 -1.97705 34
    endloop
  endfacet
  facet normal 0 0 1
    outer loop
      vertex -17.7933 -2.56799 34
      vertex -19.9336 -4.78563 34
      vertex -19.4967 -6.33485 34
    endloop
  endfacet
  facet normal 0 0 1
    outer loop
      vertex -20.2476 -3.20691 34
      vertex -19.8886 -1.97705 34
      vertex -20.0385 -1.83848 34
    endloop
  endfacet
  facet normal 0 0 1
    outer loop
      vertex -20.4368 -1.60841 34
      vertex -20.0385 -1.83848 34
      vertex -20.1771 -1.68856 34
    endloop
  endfacet
  facet normal 0 0 1
    outer loop
      vertex -18.807 -2.52816 34
      vertex -20.2476 -3.20691 34
      vertex -19.9336 -4.78563 34
    endloop
  endfacet
  facet normal -0 0 1
    outer loop
      vertex -20.4368 -1.60841 34
      vertex -20.1771 -1.68856 34
      vertex -20.3034 -1.52824 34
    endloop
  endfacet
  facet normal 0 0 1
    outer loop
      vertex -20.4368 -1.60841 34
      vertex -20.3034 -1.52824 34
      vertex -20.4169 -1.3585 34
    endloop
  endfacet
  facet normal 0 0 1
    outer loop
      vertex -20.0385 -1.83848 34
      vertex -20.4368 -1.60841 34
      vertex -20.2476 -3.20691 34
    endloop
  endfacet
  facet normal 0 -0 1
    outer loop
      vertex -20.4368 -1.60841 34
      vertex -20.4169 -1.3585 34
      vertex -20.4489 -1.30135 34
    endloop
  endfacet
  facet normal -0.702468 0.0831679 0.706839
    outer loop
      vertex -21.7291 3.44156 32.5
      vertex -21.9322 1.7261 32.5
      vertex -20.4368 1.60841 34
    endloop
  endfacet
  facet normal -0.588148 -0.392992 0.706852
    outer loop
      vertex -17.4791 -10.7112 34
      vertex -17.7984 -12.9313 32.5
      vertex -16.5848 -12.0496 34
    endloop
  endfacet
  facet normal -0.519466 0.480176 0.706814
    outer loop
      vertex -15.5563 15.5563 32.5
      vertex -15.5883 13.3137 34
      vertex -14.4957 14.4957 34
    endloop
  endfacet
  facet normal -0.555511 -0.437914 0.706851
    outer loop
      vertex -16.5848 -12.0496 34
      vertex -17.7984 -12.9313 32.5
      vertex -15.5883 -13.3137 34
    endloop
  endfacet
  facet normal 0.393041 -0.588114 0.706853
    outer loop
      vertex 11.3586 -17.0466 34
      vertex 12.9313 -17.7984 32.5
      vertex 12.0496 -16.5848 34
    endloop
  endfacet
  facet normal 0.392909 -0.588273 0.706794
    outer loop
      vertex 11.2805 -17.1777 33.9343
      vertex 12.9313 -17.7984 32.5
      vertex 11.3586 -17.0466 34
    endloop
  endfacet
  facet normal 0.392837 -0.58837 0.706753
    outer loop
      vertex 11.1627 -17.3444 33.861
      vertex 12.9313 -17.7984 32.5
      vertex 11.2805 -17.1777 33.9343
    endloop
  endfacet
  facet normal 0.393113 -0.587931 0.706965
    outer loop
      vertex 11.0322 -17.5014 33.803
      vertex 12.9313 -17.7984 32.5
      vertex 11.1627 -17.3444 33.861
    endloop
  endfacet
  facet normal 0.392446 -0.589197 0.706282
    outer loop
      vertex 12.9313 -17.7984 32.5
      vertex 11.0322 -17.5014 33.803
      vertex 11.0118 -17.5223 33.7969
    endloop
  endfacet
  facet normal -0.993066 -0.11756 -0
    outer loop
      vertex 20.792 0.203993 33.7
      vertex 20.768 0.406729 6
      vertex 20.792 0.203993 6
    endloop
  endfacet
  facet normal -0.993066 -0.11756 0
    outer loop
      vertex 20.768 0.406729 6
      vertex 20.792 0.203993 33.7
      vertex 20.768 0.406729 33.716
    endloop
  endfacet
  facet normal -0.999232 -0.0391869 0
    outer loop
      vertex 20.8 0 6
      vertex 20.792 0.203993 33.7
      vertex 20.792 0.203993 6
    endloop
  endfacet
  facet normal -0.999232 -0.0391869 0
    outer loop
      vertex 20.792 0.203993 33.7
      vertex 20.8 0 6
      vertex 20.8 0 33.7
    endloop
  endfacet
  facet normal -0.734285 0.678841 0
    outer loop
      vertex 20.0385 -1.83848 6
      vertex 20.1771 -1.68856 34
      vertex 20.1771 -1.68856 6
    endloop
  endfacet
  facet normal -0.734285 0.678841 0
    outer loop
      vertex 20.1771 -1.68856 34
      vertex 20.0385 -1.83848 6
      vertex 20.0385 -1.83848 34
    endloop
  endfacet
  facet normal -0.117532 -0.993069 0
    outer loop
      vertex 18.404 2.59198 6
      vertex 18.6067 2.56799 34
      vertex 18.404 2.59198 34
    endloop
  endfacet
  facet normal -0.117532 -0.993069 -0
    outer loop
      vertex 18.6067 2.56799 34
      vertex 18.404 2.59198 6
      vertex 18.6067 2.56799 6
    endloop
  endfacet
  facet normal -0.831281 0.555852 0
    outer loop
      vertex 20.3034 -1.52824 6
      vertex 20.4169 -1.3585 34
      vertex 20.4169 -1.3585 6
    endloop
  endfacet
  facet normal -0.831281 0.555852 0
    outer loop
      vertex 20.4169 -1.3585 34
      vertex 20.3034 -1.52824 6
      vertex 20.3034 -1.52824 34
    endloop
  endfacet
  facet normal 0.938287 -0.345859 0
    outer loop
      vertex 15.7273 0.803444 34
      vertex 15.7979 0.994976 6
      vertex 15.7979 0.994976 34
    endloop
  endfacet
  facet normal 0.938287 -0.345859 0
    outer loop
      vertex 15.7979 0.994976 6
      vertex 15.7273 0.803444 34
      vertex 15.7273 0.803444 6
    endloop
  endfacet
  facet normal 0.734285 0.678841 0
    outer loop
      vertex 16.3615 -1.83848 34
      vertex 16.2229 -1.68856 6
      vertex 16.2229 -1.68856 34
    endloop
  endfacet
  facet normal 0.734285 0.678841 0
    outer loop
      vertex 16.2229 -1.68856 6
      vertex 16.3615 -1.83848 34
      vertex 16.3615 -1.83848 6
    endloop
  endfacet
  facet normal 0.618915 -0.785458 0
    outer loop
      vertex 16.5114 1.97705 6
      vertex 16.6718 2.10344 34
      vertex 16.5114 1.97705 34
    endloop
  endfacet
  facet normal 0.618915 -0.785458 0
    outer loop
      vertex 16.6718 2.10344 34
      vertex 16.5114 1.97705 6
      vertex 16.6718 2.10344 6
    endloop
  endfacet
  facet normal 0.346009 0.938231 -0
    outer loop
      vertex 17.3966 -2.47275 6
      vertex 17.205 -2.40209 34
      vertex 17.3966 -2.47275 34
    endloop
  endfacet
  facet normal 0.346009 0.938231 0
    outer loop
      vertex 17.205 -2.40209 34
      vertex 17.3966 -2.47275 6
      vertex 17.205 -2.40209 6
    endloop
  endfacet
  facet normal -0.618915 0.785458 0
    outer loop
      vertex 19.8886 -1.97705 6
      vertex 19.7282 -2.10344 34
      vertex 19.8886 -1.97705 34
    endloop
  endfacet
  facet normal -0.618915 0.785458 0
    outer loop
      vertex 19.7282 -2.10344 34
      vertex 19.8886 -1.97705 6
      vertex 19.7282 -2.10344 6
    endloop
  endfacet
  facet normal 0.999232 0.0391869 0
    outer loop
      vertex 15.608 -0.203993 34
      vertex 15.6 0 6
      vertex 15.6 0 34
    endloop
  endfacet
  facet normal 0.999232 0.0391869 0
    outer loop
      vertex 15.6 0 6
      vertex 15.608 -0.203993 34
      vertex 15.608 -0.203993 6
    endloop
  endfacet
  facet normal -0.488693 0.872456 0
    outer loop
      vertex 19.5585 -2.21686 6
      vertex 19.3804 -2.31662 34
      vertex 19.5585 -2.21686 34
    endloop
  endfacet
  facet normal -0.488693 0.872456 0
    outer loop
      vertex 19.3804 -2.31662 34
      vertex 19.5585 -2.21686 6
      vertex 19.3804 -2.31662 6
    endloop
  endfacet
  facet normal -0.0392834 -0.999228 0
    outer loop
      vertex 18.2 2.6 6
      vertex 18.404 2.59198 34
      vertex 18.2 2.6 34
    endloop
  endfacet
  facet normal -0.0392834 -0.999228 -0
    outer loop
      vertex 18.404 2.59198 34
      vertex 18.2 2.6 6
      vertex 18.404 2.59198 6
    endloop
  endfacet
  facet normal 0.908092 -0.418771 0
    outer loop
      vertex 15.7979 0.994976 34
      vertex 15.8834 1.18038 6
      vertex 15.8834 1.18038 34
    endloop
  endfacet
  facet normal 0.908092 -0.418771 0
    outer loop
      vertex 15.8834 1.18038 6
      vertex 15.7979 0.994976 34
      vertex 15.7979 0.994976 6
    endloop
  endfacet
  facet normal 0.555672 0.831402 -0
    outer loop
      vertex 16.8415 -2.21686 6
      vertex 16.6718 -2.10344 34
      vertex 16.8415 -2.21686 34
    endloop
  endfacet
  facet normal 0.555672 0.831402 0
    outer loop
      vertex 16.6718 -2.10344 34
      vertex 16.8415 -2.21686 6
      vertex 16.6718 -2.10344 6
    endloop
  endfacet
  facet normal -0.908092 -0.418771 -0
    outer loop
      vertex 20.6021 0.994976 33.8588
      vertex 20.5166 1.18038 6
      vertex 20.6021 0.994976 6
    endloop
  endfacet
  facet normal -0.908092 -0.418771 0
    outer loop
      vertex 20.5166 1.18038 6
      vertex 20.6021 0.994976 33.8588
      vertex 20.5166 1.18038 33.937
    endloop
  endfacet
  facet normal 0.831281 0.555852 0
    outer loop
      vertex 16.0966 -1.52824 34
      vertex 15.9831 -1.3585 6
      vertex 15.9831 -1.3585 34
    endloop
  endfacet
  facet normal 0.831281 0.555852 0
    outer loop
      vertex 15.9831 -1.3585 6
      vertex 16.0966 -1.52824 34
      vertex 16.0966 -1.52824 6
    endloop
  endfacet
  facet normal -0.962346 -0.271826 -0
    outer loop
      vertex 20.7282 0.606957 33.748
      vertex 20.6727 0.803444 6
      vertex 20.7282 0.606957 6
    endloop
  endfacet
  facet normal -0.962346 -0.271826 0
    outer loop
      vertex 20.6727 0.803444 6
      vertex 20.7282 0.606957 33.748
      vertex 20.6727 0.803444 33.7957
    endloop
  endfacet
  facet normal 0.418657 -0.908144 0
    outer loop
      vertex 17.0196 2.31662 6
      vertex 17.205 2.40209 34
      vertex 17.0196 2.31662 34
    endloop
  endfacet
  facet normal 0.418657 -0.908144 0
    outer loop
      vertex 17.205 2.40209 34
      vertex 17.0196 2.31662 6
      vertex 17.205 2.40209 6
    endloop
  endfacet
  facet normal 0.785522 0.618834 0
    outer loop
      vertex 16.2229 -1.68856 34
      vertex 16.0966 -1.52824 6
      vertex 16.0966 -1.52824 34
    endloop
  endfacet
  facet normal 0.785522 0.618834 0
    outer loop
      vertex 16.0966 -1.52824 6
      vertex 16.2229 -1.68856 34
      vertex 16.2229 -1.68856 6
    endloop
  endfacet
  facet normal 0.962346 -0.271826 0
    outer loop
      vertex 15.6718 0.606957 34
      vertex 15.7273 0.803444 6
      vertex 15.7273 0.803444 34
    endloop
  endfacet
  facet normal 0.962346 -0.271826 0
    outer loop
      vertex 15.7273 0.803444 6
      vertex 15.6718 0.606957 34
      vertex 15.6718 0.606957 6
    endloop
  endfacet
  facet normal 0.0392834 -0.999228 0
    outer loop
      vertex 17.996 2.59198 6
      vertex 18.2 2.6 34
      vertex 17.996 2.59198 34
    endloop
  endfacet
  facet normal 0.0392834 -0.999228 0
    outer loop
      vertex 18.2 2.6 34
      vertex 17.996 2.59198 6
      vertex 18.2 2.6 6
    endloop
  endfacet
  facet normal 0.993066 -0.11756 0
    outer loop
      vertex 15.608 0.203993 34
      vertex 15.632 0.406729 6
      vertex 15.632 0.406729 34
    endloop
  endfacet
  facet normal 0.993066 -0.11756 0
    outer loop
      vertex 15.632 0.406729 6
      vertex 15.608 0.203993 34
      vertex 15.608 0.203993 6
    endloop
  endfacet
  facet normal 0.999232 -0.0391869 0
    outer loop
      vertex 15.6 0 34
      vertex 15.608 0.203993 6
      vertex 15.608 0.203993 34
    endloop
  endfacet
  facet normal 0.999232 -0.0391869 0
    outer loop
      vertex 15.608 0.203993 6
      vertex 15.6 0 34
      vertex 15.6 0 6
    endloop
  endfacet
  facet normal -0.555672 0.831402 0
    outer loop
      vertex 19.7282 -2.10344 6
      vertex 19.5585 -2.21686 34
      vertex 19.7282 -2.10344 34
    endloop
  endfacet
  facet normal -0.555672 0.831402 0
    outer loop
      vertex 19.5585 -2.21686 34
      vertex 19.7282 -2.10344 6
      vertex 19.5585 -2.21686 6
    endloop
  endfacet
  facet normal -0.0392834 0.999228 0
    outer loop
      vertex 18.404 -2.59198 6
      vertex 18.2 -2.6 34
      vertex 18.404 -2.59198 34
    endloop
  endfacet
  facet normal -0.0392834 0.999228 0
    outer loop
      vertex 18.2 -2.6 34
      vertex 18.404 -2.59198 6
      vertex 18.2 -2.6 6
    endloop
  endfacet
  facet normal 0.678811 0.734313 -0
    outer loop
      vertex 16.5114 -1.97705 6
      vertex 16.3615 -1.83848 34
      vertex 16.5114 -1.97705 34
    endloop
  endfacet
  facet normal 0.678811 0.734313 0
    outer loop
      vertex 16.3615 -1.83848 34
      vertex 16.5114 -1.97705 6
      vertex 16.3615 -1.83848 6
    endloop
  endfacet
  facet normal -0.418657 0.908144 0
    outer loop
      vertex 19.3804 -2.31662 6
      vertex 19.195 -2.40209 34
      vertex 19.3804 -2.31662 34
    endloop
  endfacet
  facet normal -0.418657 0.908144 0
    outer loop
      vertex 19.195 -2.40209 34
      vertex 19.3804 -2.31662 6
      vertex 19.195 -2.40209 6
    endloop
  endfacet
  facet normal 0.346009 -0.938231 0
    outer loop
      vertex 17.205 2.40209 6
      vertex 17.3966 2.47275 34
      vertex 17.205 2.40209 34
    endloop
  endfacet
  facet normal 0.346009 -0.938231 0
    outer loop
      vertex 17.3966 2.47275 34
      vertex 17.205 2.40209 6
      vertex 17.3966 2.47275 6
    endloop
  endfacet
  facet normal 0.962346 0.271826 0
    outer loop
      vertex 15.7273 -0.803444 34
      vertex 15.6718 -0.606957 6
      vertex 15.6718 -0.606957 34
    endloop
  endfacet
  facet normal 0.962346 0.271826 0
    outer loop
      vertex 15.6718 -0.606957 6
      vertex 15.7273 -0.803444 34
      vertex 15.7273 -0.803444 6
    endloop
  endfacet
  facet normal -0.618915 -0.785458 0
    outer loop
      vertex 19.7282 2.10344 6
      vertex 19.8886 1.97705 34
      vertex 19.7282 2.10344 34
    endloop
  endfacet
  facet normal -0.618915 -0.785458 -0
    outer loop
      vertex 19.8886 1.97705 34
      vertex 19.7282 2.10344 6
      vertex 19.8886 1.97705 6
    endloop
  endfacet
  facet normal -0.785522 -0.618834 0
    outer loop
      vertex 20.3034 1.52824 6
      vertex 20.1771 1.68856 34
      vertex 20.1771 1.68856 6
    endloop
  endfacet
  facet normal -0.785522 -0.618834 0
    outer loop
      vertex 20.1771 1.68856 34
      vertex 20.3034 1.52824 6
      vertex 20.3034 1.52824 34
    endloop
  endfacet
  facet normal 0.678811 -0.734313 0
    outer loop
      vertex 16.3615 1.83848 6
      vertex 16.5114 1.97705 34
      vertex 16.3615 1.83848 34
    endloop
  endfacet
  facet normal 0.678811 -0.734313 0
    outer loop
      vertex 16.5114 1.97705 34
      vertex 16.3615 1.83848 6
      vertex 16.5114 1.97705 6
    endloop
  endfacet
  facet normal -0.117532 0.993069 0
    outer loop
      vertex 18.6067 -2.56799 6
      vertex 18.404 -2.59198 34
      vertex 18.6067 -2.56799 34
    endloop
  endfacet
  facet normal -0.117532 0.993069 0
    outer loop
      vertex 18.404 -2.59198 34
      vertex 18.6067 -2.56799 6
      vertex 18.404 -2.59198 6
    endloop
  endfacet
  facet normal -0.993066 0.11756 0
    outer loop
      vertex 20.768 -0.406729 6
      vertex 20.792 -0.203993 33.7
      vertex 20.792 -0.203993 6
    endloop
  endfacet
  facet normal -0.993066 0.11756 0
    outer loop
      vertex 20.792 -0.203993 33.7
      vertex 20.768 -0.406729 6
      vertex 20.768 -0.406729 33.716
    endloop
  endfacet
  facet normal -0.999232 0.0391869 0
    outer loop
      vertex 20.792 -0.203993 6
      vertex 20.8 0 33.7
      vertex 20.8 0 6
    endloop
  endfacet
  facet normal -0.999232 0.0391869 0
    outer loop
      vertex 20.8 0 33.7
      vertex 20.792 -0.203993 6
      vertex 20.792 -0.203993 33.7
    endloop
  endfacet
  facet normal -0.938287 -0.345859 -0
    outer loop
      vertex 20.6727 0.803444 33.7957
      vertex 20.6021 0.994976 6
      vertex 20.6727 0.803444 6
    endloop
  endfacet
  facet normal -0.938287 -0.345859 0
    outer loop
      vertex 20.6021 0.994976 6
      vertex 20.6727 0.803444 33.7957
      vertex 20.6021 0.994976 33.8588
    endloop
  endfacet
  facet normal -0.195033 0.980797 0
    outer loop
      vertex 18.807 -2.52816 6
      vertex 18.6067 -2.56799 34
      vertex 18.807 -2.52816 34
    endloop
  endfacet
  facet normal -0.195033 0.980797 0
    outer loop
      vertex 18.6067 -2.56799 34
      vertex 18.807 -2.52816 6
      vertex 18.6067 -2.56799 6
    endloop
  endfacet
  facet normal 0.872605 -0.488427 0
    outer loop
      vertex 15.8834 1.18038 34
      vertex 15.9831 1.3585 6
      vertex 15.9831 1.3585 34
    endloop
  endfacet
  facet normal 0.872605 -0.488427 0
    outer loop
      vertex 15.9831 1.3585 6
      vertex 15.8834 1.18038 34
      vertex 15.8834 1.18038 6
    endloop
  endfacet
  facet normal 0.555672 -0.831402 0
    outer loop
      vertex 16.6718 2.10344 6
      vertex 16.8415 2.21686 34
      vertex 16.6718 2.10344 34
    endloop
  endfacet
  facet normal 0.555672 -0.831402 0
    outer loop
      vertex 16.8415 2.21686 34
      vertex 16.6718 2.10344 6
      vertex 16.8415 2.21686 6
    endloop
  endfacet
  facet normal 0 0 1
    outer loop
      vertex 20.792 0.203993 6
      vertex 20.792 -0.203993 6
      vertex 20.8 0 6
    endloop
  endfacet
  facet normal 0 0 1
    outer loop
      vertex 20.768 0.406729 6
      vertex 20.792 -0.203993 6
      vertex 20.792 0.203993 6
    endloop
  endfacet
  facet normal 0 0 1
    outer loop
      vertex 20.768 0.406729 6
      vertex 20.768 -0.406729 6
      vertex 20.792 -0.203993 6
    endloop
  endfacet
  facet normal 0 0 1
    outer loop
      vertex 20.7282 0.606957 6
      vertex 20.768 -0.406729 6
      vertex 20.768 0.406729 6
    endloop
  endfacet
  facet normal 0 0 1
    outer loop
      vertex 20.7282 0.606957 6
      vertex 20.7282 -0.606957 6
      vertex 20.768 -0.406729 6
    endloop
  endfacet
  facet normal 0 0 1
    outer loop
      vertex 20.6727 0.803444 6
      vertex 20.7282 -0.606957 6
      vertex 20.7282 0.606957 6
    endloop
  endfacet
  facet normal 0 0 1
    outer loop
      vertex 20.6727 0.803444 6
      vertex 20.6727 -0.803444 6
      vertex 20.7282 -0.606957 6
    endloop
  endfacet
  facet normal 0 0 1
    outer loop
      vertex 20.6021 0.994976 6
      vertex 20.6727 -0.803444 6
      vertex 20.6727 0.803444 6
    endloop
  endfacet
  facet normal 0 0 1
    outer loop
      vertex 20.6021 0.994976 6
      vertex 20.6021 -0.994976 6
      vertex 20.6727 -0.803444 6
    endloop
  endfacet
  facet normal 0 0 1
    outer loop
      vertex 20.5166 1.18038 6
      vertex 20.6021 -0.994976 6
      vertex 20.6021 0.994976 6
    endloop
  endfacet
  facet normal 0 0 1
    outer loop
      vertex 20.5166 1.18038 6
      vertex 20.5166 -1.18038 6
      vertex 20.6021 -0.994976 6
    endloop
  endfacet
  facet normal 0 0 1
    outer loop
      vertex 20.4169 1.3585 6
      vertex 20.5166 -1.18038 6
      vertex 20.5166 1.18038 6
    endloop
  endfacet
  facet normal 0 0 1
    outer loop
      vertex 20.4169 1.3585 6
      vertex 20.4169 -1.3585 6
      vertex 20.5166 -1.18038 6
    endloop
  endfacet
  facet normal 0 0 1
    outer loop
      vertex 20.3034 1.52824 6
      vertex 20.4169 -1.3585 6
      vertex 20.4169 1.3585 6
    endloop
  endfacet
  facet normal 0 0 1
    outer loop
      vertex 20.3034 1.52824 6
      vertex 20.3034 -1.52824 6
      vertex 20.4169 -1.3585 6
    endloop
  endfacet
  facet normal 0 0 1
    outer loop
      vertex 20.1771 1.68856 6
      vertex 20.3034 -1.52824 6
      vertex 20.3034 1.52824 6
    endloop
  endfacet
  facet normal 0 0 1
    outer loop
      vertex 20.1771 1.68856 6
      vertex 20.1771 -1.68856 6
      vertex 20.3034 -1.52824 6
    endloop
  endfacet
  facet normal 0 0 1
    outer loop
      vertex 20.0385 1.83848 6
      vertex 20.1771 -1.68856 6
      vertex 20.1771 1.68856 6
    endloop
  endfacet
  facet normal 0 0 1
    outer loop
      vertex 20.0385 1.83848 6
      vertex 20.0385 -1.83848 6
      vertex 20.1771 -1.68856 6
    endloop
  endfacet
  facet normal 0 0 1
    outer loop
      vertex 19.8886 1.97705 6
      vertex 20.0385 -1.83848 6
      vertex 20.0385 1.83848 6
    endloop
  endfacet
  facet normal 0 0 1
    outer loop
      vertex 19.8886 1.97705 6
      vertex 19.8886 -1.97705 6
      vertex 20.0385 -1.83848 6
    endloop
  endfacet
  facet normal 0 0 1
    outer loop
      vertex 19.7282 2.10344 6
      vertex 19.8886 -1.97705 6
      vertex 19.8886 1.97705 6
    endloop
  endfacet
  facet normal 0 0 1
    outer loop
      vertex 19.7282 2.10344 6
      vertex 19.7282 -2.10344 6
      vertex 19.8886 -1.97705 6
    endloop
  endfacet
  facet normal 0 0 1
    outer loop
      vertex 19.5585 2.21686 6
      vertex 19.7282 -2.10344 6
      vertex 19.7282 2.10344 6
    endloop
  endfacet
  facet normal 0 0 1
    outer loop
      vertex 19.5585 2.21686 6
      vertex 19.5585 -2.21686 6
      vertex 19.7282 -2.10344 6
    endloop
  endfacet
  facet normal 0 0 1
    outer loop
      vertex 19.3804 2.31662 6
      vertex 19.5585 -2.21686 6
      vertex 19.5585 2.21686 6
    endloop
  endfacet
  facet normal 0 0 1
    outer loop
      vertex 19.3804 2.31662 6
      vertex 19.3804 -2.31662 6
      vertex 19.5585 -2.21686 6
    endloop
  endfacet
  facet normal 0 0 1
    outer loop
      vertex 19.195 2.40209 6
      vertex 19.3804 -2.31662 6
      vertex 19.3804 2.31662 6
    endloop
  endfacet
  facet normal 0 0 1
    outer loop
      vertex 19.195 2.40209 6
      vertex 19.195 -2.40209 6
      vertex 19.3804 -2.31662 6
    endloop
  endfacet
  facet normal 0 0 1
    outer loop
      vertex 19.0034 2.47275 6
      vertex 19.195 -2.40209 6
      vertex 19.195 2.40209 6
    endloop
  endfacet
  facet normal 0 0 1
    outer loop
      vertex 19.0034 2.47275 6
      vertex 19.0034 -2.47275 6
      vertex 19.195 -2.40209 6
    endloop
  endfacet
  facet normal 0 0 1
    outer loop
      vertex 18.807 2.52816 6
      vertex 19.0034 -2.47275 6
      vertex 19.0034 2.47275 6
    endloop
  endfacet
  facet normal 0 0 1
    outer loop
      vertex 18.807 2.52816 6
      vertex 18.807 -2.52816 6
      vertex 19.0034 -2.47275 6
    endloop
  endfacet
  facet normal 0 0 1
    outer loop
      vertex 18.6067 2.56799 6
      vertex 18.807 -2.52816 6
      vertex 18.807 2.52816 6
    endloop
  endfacet
  facet normal 0 0 1
    outer loop
      vertex 18.6067 2.56799 6
      vertex 18.6067 -2.56799 6
      vertex 18.807 -2.52816 6
    endloop
  endfacet
  facet normal 0 0 1
    outer loop
      vertex 18.404 2.59198 6
      vertex 18.6067 -2.56799 6
      vertex 18.6067 2.56799 6
    endloop
  endfacet
  facet normal 0 0 1
    outer loop
      vertex 18.404 2.59198 6
      vertex 18.404 -2.59198 6
      vertex 18.6067 -2.56799 6
    endloop
  endfacet
  facet normal 0 0 1
    outer loop
      vertex 18.2 2.6 6
      vertex 18.404 -2.59198 6
      vertex 18.404 2.59198 6
    endloop
  endfacet
  facet normal 0 0 1
    outer loop
      vertex 18.2 2.6 6
      vertex 18.2 -2.6 6
      vertex 18.404 -2.59198 6
    endloop
  endfacet
  facet normal -0 0 1
    outer loop
      vertex 17.996 2.59198 6
      vertex 18.2 -2.6 6
      vertex 18.2 2.6 6
    endloop
  endfacet
  facet normal 0 0 1
    outer loop
      vertex 17.996 2.59198 6
      vertex 17.996 -2.59198 6
      vertex 18.2 -2.6 6
    endloop
  endfacet
  facet normal -0 0 1
    outer loop
      vertex 17.7933 2.56799 6
      vertex 17.996 -2.59198 6
      vertex 17.996 2.59198 6
    endloop
  endfacet
  facet normal 0 0 1
    outer loop
      vertex 17.7933 2.56799 6
      vertex 17.7933 -2.56799 6
      vertex 17.996 -2.59198 6
    endloop
  endfacet
  facet normal -0 0 1
    outer loop
      vertex 17.593 2.52816 6
      vertex 17.7933 -2.56799 6
      vertex 17.7933 2.56799 6
    endloop
  endfacet
  facet normal 0 0 1
    outer loop
      vertex 17.593 2.52816 6
      vertex 17.593 -2.52816 6
      vertex 17.7933 -2.56799 6
    endloop
  endfacet
  facet normal -0 0 1
    outer loop
      vertex 17.3966 2.47275 6
      vertex 17.593 -2.52816 6
      vertex 17.593 2.52816 6
    endloop
  endfacet
  facet normal 0 0 1
    outer loop
      vertex 17.3966 2.47275 6
      vertex 17.3966 -2.47275 6
      vertex 17.593 -2.52816 6
    endloop
  endfacet
  facet normal -0 0 1
    outer loop
      vertex 17.205 2.40209 6
      vertex 17.3966 -2.47275 6
      vertex 17.3966 2.47275 6
    endloop
  endfacet
  facet normal 0 0 1
    outer loop
      vertex 17.205 2.40209 6
      vertex 17.205 -2.40209 6
      vertex 17.3966 -2.47275 6
    endloop
  endfacet
  facet normal -0 0 1
    outer loop
      vertex 17.0196 2.31662 6
      vertex 17.205 -2.40209 6
      vertex 17.205 2.40209 6
    endloop
  endfacet
  facet normal 0 0 1
    outer loop
      vertex 17.0196 2.31662 6
      vertex 17.0196 -2.31662 6
      vertex 17.205 -2.40209 6
    endloop
  endfacet
  facet normal -0 0 1
    outer loop
      vertex 16.8415 2.21686 6
      vertex 17.0196 -2.31662 6
      vertex 17.0196 2.31662 6
    endloop
  endfacet
  facet normal 0 0 1
    outer loop
      vertex 16.8415 2.21686 6
      vertex 16.8415 -2.21686 6
      vertex 17.0196 -2.31662 6
    endloop
  endfacet
  facet normal -0 0 1
    outer loop
      vertex 16.6718 2.10344 6
      vertex 16.8415 -2.21686 6
      vertex 16.8415 2.21686 6
    endloop
  endfacet
  facet normal 0 0 1
    outer loop
      vertex 16.6718 2.10344 6
      vertex 16.6718 -2.10344 6
      vertex 16.8415 -2.21686 6
    endloop
  endfacet
  facet normal -0 0 1
    outer loop
      vertex 16.5114 1.97705 6
      vertex 16.6718 -2.10344 6
      vertex 16.6718 2.10344 6
    endloop
  endfacet
  facet normal 0 0 1
    outer loop
      vertex 16.5114 1.97705 6
      vertex 16.5114 -1.97705 6
      vertex 16.6718 -2.10344 6
    endloop
  endfacet
  facet normal -0 0 1
    outer loop
      vertex 16.3615 1.83848 6
      vertex 16.5114 -1.97705 6
      vertex 16.5114 1.97705 6
    endloop
  endfacet
  facet normal 0 0 1
    outer loop
      vertex 16.3615 1.83848 6
      vertex 16.3615 -1.83848 6
      vertex 16.5114 -1.97705 6
    endloop
  endfacet
  facet normal -0 0 1
    outer loop
      vertex 16.2229 1.68856 6
      vertex 16.3615 -1.83848 6
      vertex 16.3615 1.83848 6
    endloop
  endfacet
  facet normal 0 0 1
    outer loop
      vertex 16.2229 1.68856 6
      vertex 16.2229 -1.68856 6
      vertex 16.3615 -1.83848 6
    endloop
  endfacet
  facet normal -0 0 1
    outer loop
      vertex 16.0966 1.52824 6
      vertex 16.2229 -1.68856 6
      vertex 16.2229 1.68856 6
    endloop
  endfacet
  facet normal 0 0 1
    outer loop
      vertex 16.0966 1.52824 6
      vertex 16.0966 -1.52824 6
      vertex 16.2229 -1.68856 6
    endloop
  endfacet
  facet normal -0 0 1
    outer loop
      vertex 15.9831 1.3585 6
      vertex 16.0966 -1.52824 6
      vertex 16.0966 1.52824 6
    endloop
  endfacet
  facet normal 0 0 1
    outer loop
      vertex 15.9831 1.3585 6
      vertex 15.9831 -1.3585 6
      vertex 16.0966 -1.52824 6
    endloop
  endfacet
  facet normal -0 0 1
    outer loop
      vertex 15.8834 1.18038 6
      vertex 15.9831 -1.3585 6
      vertex 15.9831 1.3585 6
    endloop
  endfacet
  facet normal 0 0 1
    outer loop
      vertex 15.8834 1.18038 6
      vertex 15.8834 -1.18038 6
      vertex 15.9831 -1.3585 6
    endloop
  endfacet
  facet normal -0 0 1
    outer loop
      vertex 15.7979 0.994976 6
      vertex 15.8834 -1.18038 6
      vertex 15.8834 1.18038 6
    endloop
  endfacet
  facet normal 0 0 1
    outer loop
      vertex 15.7979 0.994976 6
      vertex 15.7979 -0.994976 6
      vertex 15.8834 -1.18038 6
    endloop
  endfacet
  facet normal -0 0 1
    outer loop
      vertex 15.7273 0.803444 6
      vertex 15.7979 -0.994976 6
      vertex 15.7979 0.994976 6
    endloop
  endfacet
  facet normal 0 0 1
    outer loop
      vertex 15.7273 0.803444 6
      vertex 15.7273 -0.803444 6
      vertex 15.7979 -0.994976 6
    endloop
  endfacet
  facet normal -0 0 1
    outer loop
      vertex 15.6718 0.606957 6
      vertex 15.7273 -0.803444 6
      vertex 15.7273 0.803444 6
    endloop
  endfacet
  facet normal 0 0 1
    outer loop
      vertex 15.6718 0.606957 6
      vertex 15.6718 -0.606957 6
      vertex 15.7273 -0.803444 6
    endloop
  endfacet
  facet normal -0 0 1
    outer loop
      vertex 15.632 0.406729 6
      vertex 15.6718 -0.606957 6
      vertex 15.6718 0.606957 6
    endloop
  endfacet
  facet normal 0 0 1
    outer loop
      vertex 15.632 0.406729 6
      vertex 15.632 -0.406729 6
      vertex 15.6718 -0.606957 6
    endloop
  endfacet
  facet normal -0 0 1
    outer loop
      vertex 15.608 0.203993 6
      vertex 15.632 -0.406729 6
      vertex 15.632 0.406729 6
    endloop
  endfacet
  facet normal 0 0 1
    outer loop
      vertex 15.608 0.203993 6
      vertex 15.608 -0.203993 6
      vertex 15.632 -0.406729 6
    endloop
  endfacet
  facet normal 0 -0 1
    outer loop
      vertex 15.608 -0.203993 6
      vertex 15.608 0.203993 6
      vertex 15.6 0 6
    endloop
  endfacet
  facet normal 0.872605 0.488427 0
    outer loop
      vertex 15.9831 -1.3585 34
      vertex 15.8834 -1.18038 6
      vertex 15.8834 -1.18038 34
    endloop
  endfacet
  facet normal 0.872605 0.488427 0
    outer loop
      vertex 15.8834 -1.18038 6
      vertex 15.9831 -1.3585 34
      vertex 15.9831 -1.3585 6
    endloop
  endfacet
  facet normal -0.346009 0.938231 0
    outer loop
      vertex 19.195 -2.40209 6
      vertex 19.0034 -2.47275 34
      vertex 19.195 -2.40209 34
    endloop
  endfacet
  facet normal -0.346009 0.938231 0
    outer loop
      vertex 19.0034 -2.47275 34
      vertex 19.195 -2.40209 6
      vertex 19.0034 -2.47275 6
    endloop
  endfacet
  facet normal -0.555672 -0.831402 0
    outer loop
      vertex 19.5585 2.21686 6
      vertex 19.7282 2.10344 34
      vertex 19.5585 2.21686 34
    endloop
  endfacet
  facet normal -0.555672 -0.831402 -0
    outer loop
      vertex 19.7282 2.10344 34
      vertex 19.5585 2.21686 6
      vertex 19.7282 2.10344 6
    endloop
  endfacet
  facet normal 0.618915 0.785458 -0
    outer loop
      vertex 16.6718 -2.10344 6
      vertex 16.5114 -1.97705 34
      vertex 16.6718 -2.10344 34
    endloop
  endfacet
  facet normal 0.618915 0.785458 0
    outer loop
      vertex 16.5114 -1.97705 34
      vertex 16.6718 -2.10344 6
      vertex 16.5114 -1.97705 6
    endloop
  endfacet
  facet normal 0.488693 -0.872456 0
    outer loop
      vertex 16.8415 2.21686 6
      vertex 17.0196 2.31662 34
      vertex 16.8415 2.21686 34
    endloop
  endfacet
  facet normal 0.488693 -0.872456 0
    outer loop
      vertex 17.0196 2.31662 34
      vertex 16.8415 2.21686 6
      vertex 17.0196 2.31662 6
    endloop
  endfacet
  facet normal -0.346009 -0.938231 0
    outer loop
      vertex 19.0034 2.47275 6
      vertex 19.195 2.40209 34
      vertex 19.0034 2.47275 34
    endloop
  endfacet
  facet normal -0.346009 -0.938231 -0
    outer loop
      vertex 19.195 2.40209 34
      vertex 19.0034 2.47275 6
      vertex 19.195 2.40209 6
    endloop
  endfacet
  facet normal -0.271529 0.96243 0
    outer loop
      vertex 19.0034 -2.47275 6
      vertex 18.807 -2.52816 34
      vertex 19.0034 -2.47275 34
    endloop
  endfacet
  facet normal -0.271529 0.96243 0
    outer loop
      vertex 18.807 -2.52816 34
      vertex 19.0034 -2.47275 6
      vertex 18.807 -2.52816 6
    endloop
  endfacet
  facet normal -0.872605 0.488427 0
    outer loop
      vertex 20.4169 -1.3585 6
      vertex 20.5166 -1.18038 33.937
      vertex 20.5166 -1.18038 6
    endloop
  endfacet
  facet normal -0.872605 0.488427 0
    outer loop
      vertex 20.4169 -1.3585 34
      vertex 20.5166 -1.18038 33.937
      vertex 20.4169 -1.3585 6
    endloop
  endfacet
  facet normal -0.872532 0.488557 0.000481044
    outer loop
      vertex 20.5166 -1.18038 33.937
      vertex 20.4169 -1.3585 34
      vertex 20.4489 -1.30135 34
    endloop
  endfacet
  facet normal 0.488693 0.872456 -0
    outer loop
      vertex 17.0196 -2.31662 6
      vertex 16.8415 -2.21686 34
      vertex 17.0196 -2.31662 34
    endloop
  endfacet
  facet normal 0.488693 0.872456 0
    outer loop
      vertex 16.8415 -2.21686 34
      vertex 17.0196 -2.31662 6
      vertex 16.8415 -2.21686 6
    endloop
  endfacet
  facet normal -0.872605 -0.488427 0
    outer loop
      vertex 20.5166 1.18038 33.937
      vertex 20.4169 1.3585 34
      vertex 20.4169 1.3585 6
    endloop
  endfacet
  facet normal -0.872605 -0.488427 -0
    outer loop
      vertex 20.5166 1.18038 33.937
      vertex 20.4169 1.3585 6
      vertex 20.5166 1.18038 6
    endloop
  endfacet
  facet normal -0.872532 -0.488557 0.000481044
    outer loop
      vertex 20.4169 1.3585 34
      vertex 20.5166 1.18038 33.937
      vertex 20.4489 1.30135 34
    endloop
  endfacet
  facet normal 0.195033 -0.980797 0
    outer loop
      vertex 17.593 2.52816 6
      vertex 17.7933 2.56799 34
      vertex 17.593 2.52816 34
    endloop
  endfacet
  facet normal 0.195033 -0.980797 0
    outer loop
      vertex 17.7933 2.56799 34
      vertex 17.593 2.52816 6
      vertex 17.7933 2.56799 6
    endloop
  endfacet
  facet normal 0.117532 -0.993069 0
    outer loop
      vertex 17.7933 2.56799 6
      vertex 17.996 2.59198 34
      vertex 17.7933 2.56799 34
    endloop
  endfacet
  facet normal 0.117532 -0.993069 0
    outer loop
      vertex 17.996 2.59198 34
      vertex 17.7933 2.56799 6
      vertex 17.996 2.59198 6
    endloop
  endfacet
  facet normal 0.271529 -0.96243 0
    outer loop
      vertex 17.3966 2.47275 6
      vertex 17.593 2.52816 34
      vertex 17.3966 2.47275 34
    endloop
  endfacet
  facet normal 0.271529 -0.96243 0
    outer loop
      vertex 17.593 2.52816 34
      vertex 17.3966 2.47275 6
      vertex 17.593 2.52816 6
    endloop
  endfacet
  facet normal 0.980811 -0.194959 0
    outer loop
      vertex 15.632 0.406729 34
      vertex 15.6718 0.606957 6
      vertex 15.6718 0.606957 34
    endloop
  endfacet
  facet normal 0.980811 -0.194959 0
    outer loop
      vertex 15.6718 0.606957 6
      vertex 15.632 0.406729 34
      vertex 15.632 0.406729 6
    endloop
  endfacet
  facet normal 0.0392834 0.999228 -0
    outer loop
      vertex 18.2 -2.6 6
      vertex 17.996 -2.59198 34
      vertex 18.2 -2.6 34
    endloop
  endfacet
  facet normal 0.0392834 0.999228 0
    outer loop
      vertex 17.996 -2.59198 34
      vertex 18.2 -2.6 6
      vertex 17.996 -2.59198 6
    endloop
  endfacet
  facet normal -0.962346 0.271826 0
    outer loop
      vertex 20.6727 -0.803444 6
      vertex 20.7282 -0.606957 33.748
      vertex 20.7282 -0.606957 6
    endloop
  endfacet
  facet normal -0.962346 0.271826 0
    outer loop
      vertex 20.7282 -0.606957 33.748
      vertex 20.6727 -0.803444 6
      vertex 20.6727 -0.803444 33.7957
    endloop
  endfacet
  facet normal 0.785522 -0.618834 0
    outer loop
      vertex 16.0966 1.52824 34
      vertex 16.2229 1.68856 6
      vertex 16.2229 1.68856 34
    endloop
  endfacet
  facet normal 0.785522 -0.618834 0
    outer loop
      vertex 16.2229 1.68856 6
      vertex 16.0966 1.52824 34
      vertex 16.0966 1.52824 6
    endloop
  endfacet
  facet normal -0.271529 -0.96243 0
    outer loop
      vertex 18.807 2.52816 6
      vertex 19.0034 2.47275 34
      vertex 18.807 2.52816 34
    endloop
  endfacet
  facet normal -0.271529 -0.96243 -0
    outer loop
      vertex 19.0034 2.47275 34
      vertex 18.807 2.52816 6
      vertex 19.0034 2.47275 6
    endloop
  endfacet
  facet normal 0.831281 -0.555852 0
    outer loop
      vertex 15.9831 1.3585 34
      vertex 16.0966 1.52824 6
      vertex 16.0966 1.52824 34
    endloop
  endfacet
  facet normal 0.831281 -0.555852 0
    outer loop
      vertex 16.0966 1.52824 6
      vertex 15.9831 1.3585 34
      vertex 15.9831 1.3585 6
    endloop
  endfacet
  facet normal 0.980811 0.194959 0
    outer loop
      vertex 15.6718 -0.606957 34
      vertex 15.632 -0.406729 6
      vertex 15.632 -0.406729 34
    endloop
  endfacet
  facet normal 0.980811 0.194959 0
    outer loop
      vertex 15.632 -0.406729 6
      vertex 15.6718 -0.606957 34
      vertex 15.6718 -0.606957 6
    endloop
  endfacet
  facet normal -0.785522 0.618834 0
    outer loop
      vertex 20.1771 -1.68856 6
      vertex 20.3034 -1.52824 34
      vertex 20.3034 -1.52824 6
    endloop
  endfacet
  facet normal -0.785522 0.618834 0
    outer loop
      vertex 20.3034 -1.52824 34
      vertex 20.1771 -1.68856 6
      vertex 20.1771 -1.68856 34
    endloop
  endfacet
  facet normal -0.678811 -0.734313 0
    outer loop
      vertex 19.8886 1.97705 6
      vertex 20.0385 1.83848 34
      vertex 19.8886 1.97705 34
    endloop
  endfacet
  facet normal -0.678811 -0.734313 -0
    outer loop
      vertex 20.0385 1.83848 34
      vertex 19.8886 1.97705 6
      vertex 20.0385 1.83848 6
    endloop
  endfacet
  facet normal -0.734285 -0.678841 0
    outer loop
      vertex 20.1771 1.68856 6
      vertex 20.0385 1.83848 34
      vertex 20.0385 1.83848 6
    endloop
  endfacet
  facet normal -0.734285 -0.678841 0
    outer loop
      vertex 20.0385 1.83848 34
      vertex 20.1771 1.68856 6
      vertex 20.1771 1.68856 34
    endloop
  endfacet
  facet normal 0.195033 0.980797 -0
    outer loop
      vertex 17.7933 -2.56799 6
      vertex 17.593 -2.52816 34
      vertex 17.7933 -2.56799 34
    endloop
  endfacet
  facet normal 0.195033 0.980797 0
    outer loop
      vertex 17.593 -2.52816 34
      vertex 17.7933 -2.56799 6
      vertex 17.593 -2.52816 6
    endloop
  endfacet
  facet normal 0.993066 0.11756 0
    outer loop
      vertex 15.632 -0.406729 34
      vertex 15.608 -0.203993 6
      vertex 15.608 -0.203993 34
    endloop
  endfacet
  facet normal 0.993066 0.11756 0
    outer loop
      vertex 15.608 -0.203993 6
      vertex 15.632 -0.406729 34
      vertex 15.632 -0.406729 6
    endloop
  endfacet
  facet normal 0.908092 0.418771 0
    outer loop
      vertex 15.8834 -1.18038 34
      vertex 15.7979 -0.994976 6
      vertex 15.7979 -0.994976 34
    endloop
  endfacet
  facet normal 0.908092 0.418771 0
    outer loop
      vertex 15.7979 -0.994976 6
      vertex 15.8834 -1.18038 34
      vertex 15.8834 -1.18038 6
    endloop
  endfacet
  facet normal -0.980811 0.194959 0
    outer loop
      vertex 20.7282 -0.606957 6
      vertex 20.768 -0.406729 33.716
      vertex 20.768 -0.406729 6
    endloop
  endfacet
  facet normal -0.980811 0.194959 0
    outer loop
      vertex 20.768 -0.406729 33.716
      vertex 20.7282 -0.606957 6
      vertex 20.7282 -0.606957 33.748
    endloop
  endfacet
  facet normal 0.938287 0.345859 0
    outer loop
      vertex 15.7979 -0.994976 34
      vertex 15.7273 -0.803444 6
      vertex 15.7273 -0.803444 34
    endloop
  endfacet
  facet normal 0.938287 0.345859 0
    outer loop
      vertex 15.7273 -0.803444 6
      vertex 15.7979 -0.994976 34
      vertex 15.7979 -0.994976 6
    endloop
  endfacet
  facet normal -0.831281 -0.555852 0
    outer loop
      vertex 20.4169 1.3585 6
      vertex 20.3034 1.52824 34
      vertex 20.3034 1.52824 6
    endloop
  endfacet
  facet normal -0.831281 -0.555852 0
    outer loop
      vertex 20.3034 1.52824 34
      vertex 20.4169 1.3585 6
      vertex 20.4169 1.3585 34
    endloop
  endfacet
  facet normal -0.980811 -0.194959 -0
    outer loop
      vertex 20.768 0.406729 33.716
      vertex 20.7282 0.606957 6
      vertex 20.768 0.406729 6
    endloop
  endfacet
  facet normal -0.980811 -0.194959 0
    outer loop
      vertex 20.7282 0.606957 6
      vertex 20.768 0.406729 33.716
      vertex 20.7282 0.606957 33.748
    endloop
  endfacet
  facet normal -0.908092 0.418771 0
    outer loop
      vertex 20.5166 -1.18038 6
      vertex 20.6021 -0.994976 33.8588
      vertex 20.6021 -0.994976 6
    endloop
  endfacet
  facet normal -0.908092 0.418771 0
    outer loop
      vertex 20.6021 -0.994976 33.8588
      vertex 20.5166 -1.18038 6
      vertex 20.5166 -1.18038 33.937
    endloop
  endfacet
  facet normal -0.938287 0.345859 0
    outer loop
      vertex 20.6021 -0.994976 6
      vertex 20.6727 -0.803444 33.7957
      vertex 20.6727 -0.803444 6
    endloop
  endfacet
  facet normal -0.938287 0.345859 0
    outer loop
      vertex 20.6727 -0.803444 33.7957
      vertex 20.6021 -0.994976 6
      vertex 20.6021 -0.994976 33.8588
    endloop
  endfacet
  facet normal -0.195033 -0.980797 0
    outer loop
      vertex 18.6067 2.56799 6
      vertex 18.807 2.52816 34
      vertex 18.6067 2.56799 34
    endloop
  endfacet
  facet normal -0.195033 -0.980797 -0
    outer loop
      vertex 18.807 2.52816 34
      vertex 18.6067 2.56799 6
      vertex 18.807 2.52816 6
    endloop
  endfacet
  facet normal 0.117532 0.993069 -0
    outer loop
      vertex 17.996 -2.59198 6
      vertex 17.7933 -2.56799 34
      vertex 17.996 -2.59198 34
    endloop
  endfacet
  facet normal 0.117532 0.993069 0
    outer loop
      vertex 17.7933 -2.56799 34
      vertex 17.996 -2.59198 6
      vertex 17.7933 -2.56799 6
    endloop
  endfacet
  facet normal -0.418657 -0.908144 0
    outer loop
      vertex 19.195 2.40209 6
      vertex 19.3804 2.31662 34
      vertex 19.195 2.40209 34
    endloop
  endfacet
  facet normal -0.418657 -0.908144 -0
    outer loop
      vertex 19.3804 2.31662 34
      vertex 19.195 2.40209 6
      vertex 19.3804 2.31662 6
    endloop
  endfacet
  facet normal -0.488693 -0.872456 0
    outer loop
      vertex 19.3804 2.31662 6
      vertex 19.5585 2.21686 34
      vertex 19.3804 2.31662 34
    endloop
  endfacet
  facet normal -0.488693 -0.872456 -0
    outer loop
      vertex 19.5585 2.21686 34
      vertex 19.3804 2.31662 6
      vertex 19.5585 2.21686 6
    endloop
  endfacet
  facet normal -0.678811 0.734313 0
    outer loop
      vertex 20.0385 -1.83848 6
      vertex 19.8886 -1.97705 34
      vertex 20.0385 -1.83848 34
    endloop
  endfacet
  facet normal -0.678811 0.734313 0
    outer loop
      vertex 19.8886 -1.97705 34
      vertex 20.0385 -1.83848 6
      vertex 19.8886 -1.97705 6
    endloop
  endfacet
  facet normal 0.418657 0.908144 -0
    outer loop
      vertex 17.205 -2.40209 6
      vertex 17.0196 -2.31662 34
      vertex 17.205 -2.40209 34
    endloop
  endfacet
  facet normal 0.418657 0.908144 0
    outer loop
      vertex 17.0196 -2.31662 34
      vertex 17.205 -2.40209 6
      vertex 17.0196 -2.31662 6
    endloop
  endfacet
  facet normal 0.271529 0.96243 -0
    outer loop
      vertex 17.593 -2.52816 6
      vertex 17.3966 -2.47275 34
      vertex 17.593 -2.52816 34
    endloop
  endfacet
  facet normal 0.271529 0.96243 0
    outer loop
      vertex 17.3966 -2.47275 34
      vertex 17.593 -2.52816 6
      vertex 17.3966 -2.47275 6
    endloop
  endfacet
  facet normal 0.734285 -0.678841 0
    outer loop
      vertex 16.2229 1.68856 34
      vertex 16.3615 1.83848 6
      vertex 16.3615 1.83848 34
    endloop
  endfacet
  facet normal 0.734285 -0.678841 0
    outer loop
      vertex 16.3615 1.83848 6
      vertex 16.2229 1.68856 34
      vertex 16.2229 1.68856 6
    endloop
  endfacet
  facet normal -0.769024 -0.63922 0
    outer loop
      vertex 11.1627 17.3444 6
      vertex 11.0322 17.5014 33.803
      vertex 11.0322 17.5014 6
    endloop
  endfacet
  facet normal -0.769024 -0.63922 0
    outer loop
      vertex 11.0322 17.5014 33.803
      vertex 11.1627 17.3444 6
      vertex 11.1627 17.3444 33.861
    endloop
  endfacet
  facet normal -0.394924 -0.918714 0
    outer loop
      vertex 10.0318 18.189 6
      vertex 10.2193 18.1084 33.6911
      vertex 10.0318 18.189 33.7124
    endloop
  endfacet
  facet normal -0.394924 -0.918714 -0
    outer loop
      vertex 10.2193 18.1084 33.6911
      vertex 10.0318 18.189 6
      vertex 10.2193 18.1084 6
    endloop
  endfacet
  facet normal -0.465726 -0.884929 0
    outer loop
      vertex 10.2193 18.1084 6
      vertex 10.4 18.0133 33.6857
      vertex 10.2193 18.1084 33.6911
    endloop
  endfacet
  facet normal -0.465726 -0.884929 -0
    outer loop
      vertex 10.4 18.0133 33.6857
      vertex 10.2193 18.1084 6
      vertex 10.4 18.0133 6
    endloop
  endfacet
  facet normal 0.511359 -0.859367 0
    outer loop
      vertex 7.68394 17.9422 6
      vertex 7.85939 18.0466 34
      vertex 7.68394 17.9422 34
    endloop
  endfacet
  facet normal 0.511359 -0.859367 0
    outer loop
      vertex 7.85939 18.0466 34
      vertex 7.68394 17.9422 6
      vertex 7.85939 18.0466 6
    endloop
  endfacet
  facet normal 0.768927 0.639336 0
    outer loop
      vertex 7.16782 14.0219 34
      vertex 7.03728 14.1789 6
      vertex 7.03728 14.1789 34
    endloop
  endfacet
  facet normal 0.768927 0.639336 0
    outer loop
      vertex 7.03728 14.1789 6
      vertex 7.16782 14.0219 34
      vertex 7.16782 14.0219 6
    endloop
  endfacet
  facet normal -0.975291 -0.220922 0
    outer loop
      vertex 11.6565 16.2355 6
      vertex 11.6114 16.4346 34
      vertex 11.6114 16.4346 6
    endloop
  endfacet
  facet normal -0.975291 -0.220922 0
    outer loop
      vertex 11.6114 16.4346 34
      vertex 11.6565 16.2355 6
      vertex 11.6565 16.2355 34
    endloop
  endfacet
  facet normal -0.662713 -0.748404 0.0265028
    outer loop
      vertex 10.7362 17.7822 33.7231
      vertex 10.8897 17.6476 33.7605
      vertex 10.8408 17.6906 33.752
    endloop
  endfacet
  facet normal -0.659302 -0.751878 0
    outer loop
      vertex 10.8897 17.6476 6
      vertex 10.7362 17.7822 33.7231
      vertex 10.7362 17.7822 6
    endloop
  endfacet
  facet normal -0.659302 -0.751878 0
    outer loop
      vertex 10.7362 17.7822 33.7231
      vertex 10.8897 17.6476 6
      vertex 10.8897 17.6476 33.7605
    endloop
  endfacet
  facet normal 0.394386 0.918945 -0
    outer loop
      vertex 8.16824 13.3344 6
      vertex 7.98067 13.4149 34
      vertex 8.16824 13.3344 34
    endloop
  endfacet
  facet normal 0.394386 0.918945 0
    outer loop
      vertex 7.98067 13.4149 34
      vertex 8.16824 13.3344 6
      vertex 7.98067 13.4149 6
    endloop
  endfacet
  facet normal -0.71611 -0.697987 0
    outer loop
      vertex 11.0322 17.5014 6
      vertex 10.8897 17.6476 33.7605
      vertex 10.8897 17.6476 6
    endloop
  endfacet
  facet normal -0.716193 -0.697902 -8.69617e-07
    outer loop
      vertex 10.8897 17.6476 33.7605
      vertex 11.0322 17.5014 6
      vertex 11.0118 17.5223 33.7969
    endloop
  endfacet
  facet normal -0.715615 -0.698495 0
    outer loop
      vertex 11.0118 17.5223 33.7969
      vertex 11.0322 17.5014 6
      vertex 11.0322 17.5014 33.803
    endloop
  endfacet
  facet normal -0.370377 0.928882 0
    outer loop
      vertex 10.1575 13.3864 6
      vertex 9.9679 13.3108 34
      vertex 10.1575 13.3864 34
    endloop
  endfacet
  facet normal -0.370377 0.928882 0
    outer loop
      vertex 9.9679 13.3108 34
      vertex 10.1575 13.3864 6
      vertex 9.9679 13.3108 6
    endloop
  endfacet
  facet normal 0.639606 -0.768703 0
    outer loop
      vertex 7.36026 17.6938 6
      vertex 7.51722 17.8244 34
      vertex 7.36026 17.6938 34
    endloop
  endfacet
  facet normal 0.639606 -0.768703 0
    outer loop
      vertex 7.51722 17.8244 34
      vertex 7.36026 17.6938 6
      vertex 7.51722 17.8244 6
    endloop
  endfacet
  facet normal -0.577106 0.816669 0
    outer loop
      vertex 10.6828 13.6989 6
      vertex 10.5161 13.5811 34
      vertex 10.6828 13.6989 34
    endloop
  endfacet
  facet normal -0.577106 0.816669 0
    outer loop
      vertex 10.5161 13.5811 34
      vertex 10.6828 13.6989 6
      vertex 10.5161 13.5811 6
    endloop
  endfacet
  facet normal -0.885025 0.465544 0
    outer loop
      vertex 11.3517 14.4617 6
      vertex 11.4467 14.6423 34
      vertex 11.4467 14.6423 6
    endloop
  endfacet
  facet normal -0.885025 0.465544 0
    outer loop
      vertex 11.4467 14.6423 34
      vertex 11.3517 14.4617 6
      vertex 11.3517 14.4617 34
    endloop
  endfacet
  facet normal -0.086027 -0.996176 0.01523
    outer loop
      vertex 9.23607 18.3581 33.9456
      vertex 9.43937 18.3394 33.8708
      vertex 9.34865 18.3478 33.9078
    endloop
  endfacet
  facet normal -0.0915956 -0.995796 0
    outer loop
      vertex 9.23607 18.3581 6
      vertex 9.43937 18.3394 33.8708
      vertex 9.23607 18.3581 33.9456
    endloop
  endfacet
  facet normal -0.0915956 -0.995796 -0
    outer loop
      vertex 9.43937 18.3394 33.8708
      vertex 9.23607 18.3581 6
      vertex 9.43937 18.3394 6
    endloop
  endfacet
  facet normal 0.697662 -0.716427 0
    outer loop
      vertex 7.21403 17.5514 6
      vertex 7.36026 17.6938 34
      vertex 7.21403 17.5514 34
    endloop
  endfacet
  facet normal 0.697662 -0.716427 0
    outer loop
      vertex 7.36026 17.6938 34
      vertex 7.21403 17.5514 6
      vertex 7.36026 17.6938 6
    endloop
  endfacet
  facet normal -0.955088 -0.296322 0
    outer loop
      vertex 11.6114 16.4346 6
      vertex 11.5509 16.6296 34
      vertex 11.5509 16.6296 6
    endloop
  endfacet
  facet normal -0.955088 -0.296322 0
    outer loop
      vertex 11.5509 16.6296 34
      vertex 11.6114 16.4346 6
      vertex 11.6114 16.4346 34
    endloop
  endfacet
  facet normal 0.928865 0.37042 0
    outer loop
      vertex 6.72478 14.7041 34
      vertex 6.64913 14.8938 6
      vertex 6.64913 14.8938 34
    endloop
  endfacet
  facet normal 0.928865 0.37042 0
    outer loop
      vertex 6.64913 14.8938 6
      vertex 6.72478 14.7041 34
      vertex 6.72478 14.7041 6
    endloop
  endfacet
  facet normal 0.995805 -0.0914985 0
    outer loop
      vertex 6.50356 15.8977 34
      vertex 6.52224 16.101 6
      vertex 6.52224 16.101 34
    endloop
  endfacet
  facet normal 0.995805 -0.0914985 0
    outer loop
      vertex 6.52224 16.101 6
      vertex 6.50356 15.8977 34
      vertex 6.50356 15.8977 6
    endloop
  endfacet
  facet normal 0.999914 -0.0130807 0
    outer loop
      vertex 6.50089 15.6936 34
      vertex 6.50356 15.8977 6
      vertex 6.50356 15.8977 34
    endloop
  endfacet
  facet normal 0.999914 -0.0130807 0
    outer loop
      vertex 6.50356 15.8977 6
      vertex 6.50089 15.6936 34
      vertex 6.50089 15.6936 6
    endloop
  endfacet
  facet normal 0.816623 0.577172 0
    outer loop
      vertex 7.03728 14.1789 34
      vertex 6.91946 14.3456 6
      vertex 6.91946 14.3456 34
    endloop
  endfacet
  facet normal 0.816623 0.577172 0
    outer loop
      vertex 6.91946 14.3456 6
      vertex 7.03728 14.1789 34
      vertex 7.03728 14.1789 6
    endloop
  endfacet
  facet normal -0.245911 -0.969292 0
    outer loop
      vertex 9.64057 18.3048 6
      vertex 9.83844 18.2546 33.7497
      vertex 9.64057 18.3048 33.8026
    endloop
  endfacet
  facet normal -0.245911 -0.969292 -0
    outer loop
      vertex 9.83844 18.2546 33.7497
      vertex 9.64057 18.3048 6
      vertex 9.83844 18.2546 6
    endloop
  endfacet
  facet normal 0.997859 0.0653973 0
    outer loop
      vertex 6.51424 15.4899 34
      vertex 6.50089 15.6936 6
      vertex 6.50089 15.6936 34
    endloop
  endfacet
  facet normal 0.997859 0.0653973 0
    outer loop
      vertex 6.50089 15.6936 6
      vertex 6.51424 15.4899 34
      vertex 6.51424 15.4899 6
    endloop
  endfacet
  facet normal 0.245911 0.969292 -0
    outer loop
      vertex 8.55943 13.2185 6
      vertex 8.36156 13.2687 34
      vertex 8.55943 13.2185 34
    endloop
  endfacet
  facet normal 0.245911 0.969292 0
    outer loop
      vertex 8.36156 13.2687 34
      vertex 8.55943 13.2185 6
      vertex 8.36156 13.2687 6
    endloop
  endfacet
  facet normal -0.999913 0.0132277 0
    outer loop
      vertex 11.6964 15.6256 6
      vertex 11.6991 15.8297 34
      vertex 11.6991 15.8297 6
    endloop
  endfacet
  facet normal -0.999913 0.0132277 0
    outer loop
      vertex 11.6991 15.8297 34
      vertex 11.6964 15.6256 6
      vertex 11.6964 15.6256 34
    endloop
  endfacet
  facet normal 0.31745 0.778369 0.541634
    outer loop
      vertex 9.43937 18.3394 33.8708
      vertex 9.64057 18.3048 33.8026
      vertex 9.55011 18.3204 33.8332
    endloop
  endfacet
  facet normal -0.16948 -0.985534 0
    outer loop
      vertex 9.43937 18.3394 6
      vertex 9.64057 18.3048 33.8026
      vertex 9.43937 18.3394 33.8708
    endloop
  endfacet
  facet normal -0.16948 -0.985534 -0
    outer loop
      vertex 9.64057 18.3048 33.8026
      vertex 9.43937 18.3394 6
      vertex 9.64057 18.3048 6
    endloop
  endfacet
  facet normal 0.442328 -0.896853 0
    outer loop
      vertex 7.85939 18.0466 6
      vertex 8.04248 18.1369 34
      vertex 7.85939 18.0466 34
    endloop
  endfacet
  facet normal 0.442328 -0.896853 0
    outer loop
      vertex 8.04248 18.1369 34
      vertex 7.85939 18.0466 6
      vertex 8.04248 18.1369 6
    endloop
  endfacet
  facet normal -0.533385 -0.845873 0
    outer loop
      vertex 10.5727 17.9044 6
      vertex 10.4 18.0133 33.6857
      vertex 10.4 18.0133 6
    endloop
  endfacet
  facet normal -0.533385 -0.845873 0
    outer loop
      vertex 10.4 18.0133 33.6857
      vertex 10.5727 17.9044 6
      vertex 10.5727 17.9044 33.6964
    endloop
  endfacet
  facet normal 0.969243 -0.246106 0
    outer loop
      vertex 6.55682 16.3022 34
      vertex 6.60707 16.5001 6
      vertex 6.60707 16.5001 34
    endloop
  endfacet
  facet normal 0.969243 -0.246106 0
    outer loop
      vertex 6.60707 16.5001 6
      vertex 6.55682 16.3022 34
      vertex 6.55682 16.3022 6
    endloop
  endfacet
  facet normal 0.989654 0.143478 0
    outer loop
      vertex 6.54354 15.2878 34
      vertex 6.51424 15.4899 6
      vertex 6.51424 15.4899 34
    endloop
  endfacet
  facet normal 0.989654 0.143478 0
    outer loop
      vertex 6.51424 15.4899 6
      vertex 6.54354 15.2878 34
      vertex 6.54354 15.2878 6
    endloop
  endfacet
  facet normal 0.751854 -0.65933 0
    outer loop
      vertex 7.07942 17.3979 34
      vertex 7.21403 17.5514 6
      vertex 7.21403 17.5514 34
    endloop
  endfacet
  facet normal 0.751854 -0.65933 0
    outer loop
      vertex 7.21403 17.5514 6
      vertex 7.07942 17.3979 34
      vertex 7.07942 17.3979 6
    endloop
  endfacet
  facet normal 0.370343 -0.928895 0
    outer loop
      vertex 8.04248 18.1369 6
      vertex 8.2321 18.2125 34
      vertex 8.04248 18.1369 34
    endloop
  endfacet
  facet normal 0.370343 -0.928895 0
    outer loop
      vertex 8.2321 18.2125 34
      vertex 8.04248 18.1369 6
      vertex 8.2321 18.2125 6
    endloop
  endfacet
  facet normal -0.220901 0.975296 0
    outer loop
      vertex 9.77293 13.2503 6
      vertex 9.57381 13.2052 34
      vertex 9.77293 13.2503 34
    endloop
  endfacet
  facet normal -0.220901 0.975296 0
    outer loop
      vertex 9.57381 13.2052 34
      vertex 9.77293 13.2503 6
      vertex 9.57381 13.2052 6
    endloop
  endfacet
  facet normal -0.697491 0.716594 0
    outer loop
      vertex 10.986 13.9719 6
      vertex 10.8397 13.8295 34
      vertex 10.986 13.9719 34
    endloop
  endfacet
  facet normal -0.697491 0.716594 0
    outer loop
      vertex 10.8397 13.8295 34
      vertex 10.986 13.9719 6
      vertex 10.8397 13.8295 6
    endloop
  endfacet
  facet normal 0.946925 -0.321455 0
    outer loop
      vertex 6.60707 16.5001 34
      vertex 6.67269 16.6934 6
      vertex 6.67269 16.6934 34
    endloop
  endfacet
  facet normal 0.946925 -0.321455 0
    outer loop
      vertex 6.67269 16.6934 6
      vertex 6.60707 16.5001 34
      vertex 6.60707 16.5001 6
    endloop
  endfacet
  facet normal -0.946955 0.321367 0
    outer loop
      vertex 11.5273 14.8299 6
      vertex 11.5929 15.0232 34
      vertex 11.5929 15.0232 6
    endloop
  endfacet
  facet normal -0.946955 0.321367 0
    outer loop
      vertex 11.5929 15.0232 34
      vertex 11.5273 14.8299 6
      vertex 11.5273 14.8299 34
    endloop
  endfacet
  facet normal 0.88503 -0.465534 0
    outer loop
      vertex 6.75328 16.881 34
      vertex 6.84833 17.0617 6
      vertex 6.84833 17.0617 34
    endloop
  endfacet
  facet normal 0.88503 -0.465534 0
    outer loop
      vertex 6.84833 17.0617 6
      vertex 6.75328 16.881 34
      vertex 6.75328 16.881 6
    endloop
  endfacet
  facet normal -0.296364 0.955075 0
    outer loop
      vertex 9.9679 13.3108 6
      vertex 9.77293 13.2503 34
      vertex 9.9679 13.3108 34
    endloop
  endfacet
  facet normal -0.296364 0.955075 0
    outer loop
      vertex 9.77293 13.2503 34
      vertex 9.9679 13.3108 6
      vertex 9.77293 13.2503 6
    endloop
  endfacet
  facet normal 0.143519 -0.989647 0
    outer loop
      vertex 8.62619 18.3181 6
      vertex 8.82823 18.3474 34
      vertex 8.62619 18.3181 34
    endloop
  endfacet
  facet normal 0.143519 -0.989647 0
    outer loop
      vertex 8.82823 18.3474 34
      vertex 8.62619 18.3181 6
      vertex 8.82823 18.3474 6
    endloop
  endfacet
  facet normal -0.969184 0.246336 0
    outer loop
      vertex 11.5929 15.0232 6
      vertex 11.6432 15.2211 34
      vertex 11.6432 15.2211 6
    endloop
  endfacet
  facet normal -0.969184 0.246336 0
    outer loop
      vertex 11.6432 15.2211 34
      vertex 11.5929 15.0232 6
      vertex 11.5929 15.0232 34
    endloop
  endfacet
  facet normal 0.0915956 0.995796 -0
    outer loop
      vertex 8.96393 13.1652 6
      vertex 8.76063 13.1839 34
      vertex 8.96393 13.1652 34
    endloop
  endfacet
  facet normal 0.0915956 0.995796 0
    outer loop
      vertex 8.76063 13.1839 34
      vertex 8.96393 13.1652 6
      vertex 8.76063 13.1839 6
    endloop
  endfacet
  facet normal -0.511251 0.859431 0
    outer loop
      vertex 10.5161 13.5811 6
      vertex 10.3406 13.4767 34
      vertex 10.5161 13.5811 34
    endloop
  endfacet
  facet normal -0.511251 0.859431 0
    outer loop
      vertex 10.3406 13.4767 34
      vertex 10.5161 13.5811 6
      vertex 10.3406 13.4767 6
    endloop
  endfacet
  facet normal -0.928713 -0.370799 0
    outer loop
      vertex 11.5509 16.6296 6
      vertex 11.4752 16.8192 34
      vertex 11.4752 16.8192 6
    endloop
  endfacet
  facet normal -0.928713 -0.370799 0
    outer loop
      vertex 11.4752 16.8192 34
      vertex 11.5509 16.6296 6
      vertex 11.5509 16.6296 34
    endloop
  endfacet
  facet normal -0.751878 0.659302 0
    outer loop
      vertex 10.986 13.9719 6
      vertex 11.1206 14.1254 34
      vertex 11.1206 14.1254 6
    endloop
  endfacet
  facet normal -0.751878 0.659302 0
    outer loop
      vertex 11.1206 14.1254 34
      vertex 10.986 13.9719 6
      vertex 10.986 13.9719 34
    endloop
  endfacet
  facet normal -0.442309 0.896863 0
    outer loop
      vertex 10.3406 13.4767 6
      vertex 10.1575 13.3864 34
      vertex 10.3406 13.4767 34
    endloop
  endfacet
  facet normal -0.442309 0.896863 0
    outer loop
      vertex 10.1575 13.3864 34
      vertex 10.3406 13.4767 6
      vertex 10.1575 13.3864 6
    endloop
  endfacet
  facet normal 0.598502 0.801121 -0
    outer loop
      vertex 7.62734 13.6189 6
      vertex 7.46377 13.7411 34
      vertex 7.62734 13.6189 34
    endloop
  endfacet
  facet normal 0.598502 0.801121 0
    outer loop
      vertex 7.46377 13.7411 34
      vertex 7.62734 13.6189 6
      vertex 7.46377 13.7411 6
    endloop
  endfacet
  facet normal 0.954989 0.29664 0
    outer loop
      vertex 6.64913 14.8938 34
      vertex 6.58859 15.0887 6
      vertex 6.58859 15.0887 34
    endloop
  endfacet
  facet normal 0.954989 0.29664 0
    outer loop
      vertex 6.58859 15.0887 6
      vertex 6.64913 14.8938 34
      vertex 6.64913 14.8938 6
    endloop
  endfacet
  facet normal -0.995841 0.0911099 0
    outer loop
      vertex 11.6778 15.4223 6
      vertex 11.6964 15.6256 34
      vertex 11.6964 15.6256 6
    endloop
  endfacet
  facet normal -0.995841 0.0911099 0
    outer loop
      vertex 11.6964 15.6256 34
      vertex 11.6778 15.4223 6
      vertex 11.6778 15.4223 34
    endloop
  endfacet
  facet normal 0.321776 0.946816 -0
    outer loop
      vertex 8.36156 13.2687 6
      vertex 8.16824 13.3344 34
      vertex 8.36156 13.2687 34
    endloop
  endfacet
  facet normal 0.321776 0.946816 0
    outer loop
      vertex 8.16824 13.3344 34
      vertex 8.36156 13.2687 6
      vertex 8.16824 13.3344 6
    endloop
  endfacet
  facet normal -0.816669 -0.577106 0
    outer loop
      vertex 11.2805 17.1777 6
      vertex 11.1627 17.3444 33.861
      vertex 11.1627 17.3444 6
    endloop
  endfacet
  facet normal -0.816669 -0.577106 0
    outer loop
      vertex 11.1627 17.3444 33.861
      vertex 11.2805 17.1777 6
      vertex 11.2805 17.1777 33.9343
    endloop
  endfacet
  facet normal 0.57706 -0.816702 0
    outer loop
      vertex 7.51722 17.8244 6
      vertex 7.68394 17.9422 34
      vertex 7.51722 17.8244 34
    endloop
  endfacet
  facet normal 0.57706 -0.816702 0
    outer loop
      vertex 7.68394 17.9422 34
      vertex 7.51722 17.8244 6
      vertex 7.68394 17.9422 6
    endloop
  endfacet
  facet normal -0.859303 -0.511467 0
    outer loop
      vertex 11.3849 17.0023 6
      vertex 11.2805 17.1777 33.9343
      vertex 11.2805 17.1777 6
    endloop
  endfacet
  facet normal -0.859303 -0.511467 -0
    outer loop
      vertex 11.3849 17.0023 34
      vertex 11.2805 17.1777 33.9343
      vertex 11.3849 17.0023 6
    endloop
  endfacet
  facet normal -0.859876 -0.510491 0.00351572
    outer loop
      vertex 11.2805 17.1777 33.9343
      vertex 11.3849 17.0023 34
      vertex 11.3586 17.0466 34
    endloop
  endfacet
  facet normal -0.91879 0.394747 0
    outer loop
      vertex 11.4467 14.6423 6
      vertex 11.5273 14.8299 34
      vertex 11.5273 14.8299 6
    endloop
  endfacet
  facet normal -0.91879 0.394747 0
    outer loop
      vertex 11.5273 14.8299 34
      vertex 11.4467 14.6423 6
      vertex 11.4467 14.6423 34
    endloop
  endfacet
  facet normal -0.0141829 -0.999893 -0.00359265
    outer loop
      vertex 9.03194 18.3608 34
      vertex 9.23607 18.3581 33.9456
      vertex 9.10244 18.3598 34
    endloop
  endfacet
  facet normal -0.0132257 -0.999913 0
    outer loop
      vertex 9.03194 18.3608 6
      vertex 9.23607 18.3581 33.9456
      vertex 9.03194 18.3608 34
    endloop
  endfacet
  facet normal -0.0132257 -0.999913 -0
    outer loop
      vertex 9.23607 18.3581 33.9456
      vertex 9.03194 18.3608 6
      vertex 9.23607 18.3581 6
    endloop
  endfacet
  facet normal -0.0651502 0.997875 0
    outer loop
      vertex 9.37177 13.1759 6
      vertex 9.16806 13.1626 34
      vertex 9.37177 13.1759 34
    endloop
  endfacet
  facet normal -0.0651502 0.997875 0
    outer loop
      vertex 9.16806 13.1626 34
      vertex 9.37177 13.1759 6
      vertex 9.16806 13.1626 6
    endloop
  endfacet
  facet normal 0.975344 0.220689 0
    outer loop
      vertex 6.58859 15.0887 34
      vertex 6.54354 15.2878 6
      vertex 6.54354 15.2878 34
    endloop
  endfacet
  facet normal 0.975344 0.220689 0
    outer loop
      vertex 6.54354 15.2878 6
      vertex 6.58859 15.0887 34
      vertex 6.58859 15.0887 6
    endloop
  endfacet
  facet normal -0.845652 0.533735 0
    outer loop
      vertex 11.2427 14.289 6
      vertex 11.3517 14.4617 34
      vertex 11.3517 14.4617 6
    endloop
  endfacet
  facet normal -0.845652 0.533735 0
    outer loop
      vertex 11.3517 14.4617 34
      vertex 11.2427 14.289 6
      vertex 11.2427 14.289 34
    endloop
  endfacet
  facet normal 0.801291 -0.598275 0
    outer loop
      vertex 6.95727 17.2343 34
      vertex 7.07942 17.3979 6
      vertex 7.07942 17.3979 34
    endloop
  endfacet
  facet normal 0.801291 -0.598275 0
    outer loop
      vertex 7.07942 17.3979 6
      vertex 6.95727 17.2343 34
      vertex 6.95727 17.2343 6
    endloop
  endfacet
  facet normal -0.985534 0.16948 0
    outer loop
      vertex 11.6432 15.2211 6
      vertex 11.6778 15.4223 34
      vertex 11.6778 15.4223 6
    endloop
  endfacet
  facet normal -0.985534 0.16948 0
    outer loop
      vertex 11.6778 15.4223 34
      vertex 11.6432 15.2211 6
      vertex 11.6432 15.2211 34
    endloop
  endfacet
  facet normal 0.98555 -0.169385 0
    outer loop
      vertex 6.52224 16.101 34
      vertex 6.55682 16.3022 6
      vertex 6.55682 16.3022 34
    endloop
  endfacet
  facet normal 0.98555 -0.169385 0
    outer loop
      vertex 6.55682 16.3022 6
      vertex 6.52224 16.101 34
      vertex 6.52224 16.101 6
    endloop
  endfacet
  facet normal -0.598667 -0.800998 0
    outer loop
      vertex 10.7362 17.7822 6
      vertex 10.5727 17.9044 33.6964
      vertex 10.5727 17.9044 6
    endloop
  endfacet
  facet normal -0.598667 -0.800998 0
    outer loop
      vertex 10.5727 17.9044 33.6964
      vertex 10.7362 17.7822 6
      vertex 10.7362 17.7822 33.7231
    endloop
  endfacet
  facet normal 0.918808 -0.394705 0
    outer loop
      vertex 6.67269 16.6934 34
      vertex 6.75328 16.881 6
      vertex 6.75328 16.881 34
    endloop
  endfacet
  facet normal 0.918808 -0.394705 0
    outer loop
      vertex 6.75328 16.881 6
      vertex 6.67269 16.6934 34
      vertex 6.67269 16.6934 6
    endloop
  endfacet
  facet normal 0.16948 0.985534 -0
    outer loop
      vertex 8.76063 13.1839 6
      vertex 8.55943 13.2185 34
      vertex 8.76063 13.1839 34
    endloop
  endfacet
  facet normal 0.16948 0.985534 0
    outer loop
      vertex 8.55943 13.2185 34
      vertex 8.76063 13.1839 6
      vertex 8.55943 13.2185 6
    endloop
  endfacet
  facet normal 0.220435 -0.975402 0
    outer loop
      vertex 8.42707 18.2731 6
      vertex 8.62619 18.3181 34
      vertex 8.42707 18.2731 34
    endloop
  endfacet
  facet normal 0.220435 -0.975402 0
    outer loop
      vertex 8.62619 18.3181 34
      vertex 8.42707 18.2731 6
      vertex 8.62619 18.3181 6
    endloop
  endfacet
  facet normal -0.143519 0.989647 0
    outer loop
      vertex 9.57381 13.2052 6
      vertex 9.37177 13.1759 34
      vertex 9.57381 13.2052 34
    endloop
  endfacet
  facet normal -0.143519 0.989647 0
    outer loop
      vertex 9.37177 13.1759 34
      vertex 9.57381 13.2052 6
      vertex 9.37177 13.1759 6
    endloop
  endfacet
  facet normal 0.296811 -0.954936 0
    outer loop
      vertex 8.2321 18.2125 6
      vertex 8.42707 18.2731 34
      vertex 8.2321 18.2125 34
    endloop
  endfacet
  facet normal 0.296811 -0.954936 0
    outer loop
      vertex 8.42707 18.2731 34
      vertex 8.2321 18.2125 6
      vertex 8.42707 18.2731 6
    endloop
  endfacet
  facet normal 0.0127359 0.999919 -0
    outer loop
      vertex 9.16806 13.1626 6
      vertex 8.96393 13.1652 34
      vertex 9.16806 13.1626 34
    endloop
  endfacet
  facet normal 0.0127359 0.999919 0
    outer loop
      vertex 8.96393 13.1652 34
      vertex 9.16806 13.1626 6
      vertex 8.96393 13.1652 6
    endloop
  endfacet
  facet normal 0.845645 -0.533746 0
    outer loop
      vertex 6.84833 17.0617 34
      vertex 6.95727 17.2343 6
      vertex 6.95727 17.2343 34
    endloop
  endfacet
  facet normal 0.845645 -0.533746 0
    outer loop
      vertex 6.95727 17.2343 6
      vertex 6.84833 17.0617 34
      vertex 6.84833 17.0617 6
    endloop
  endfacet
  facet normal 0.0656379 -0.997844 0
    outer loop
      vertex 8.82823 18.3474 6
      vertex 9.03194 18.3608 34
      vertex 8.82823 18.3474 34
    endloop
  endfacet
  facet normal 0.0656379 -0.997844 0
    outer loop
      vertex 9.03194 18.3608 34
      vertex 8.82823 18.3474 6
      vertex 9.03194 18.3608 6
    endloop
  endfacet
  facet normal -0.321278 -0.946985 0
    outer loop
      vertex 9.83844 18.2546 6
      vertex 10.0318 18.189 33.7124
      vertex 9.83844 18.2546 33.7497
    endloop
  endfacet
  facet normal -0.321278 -0.946985 -0
    outer loop
      vertex 10.0318 18.189 33.7124
      vertex 9.83844 18.2546 6
      vertex 10.0318 18.189 6
    endloop
  endfacet
  facet normal 0.533473 0.845817 -0
    outer loop
      vertex 7.8 13.51 6
      vertex 7.62734 13.6189 34
      vertex 7.8 13.51 34
    endloop
  endfacet
  facet normal 0.533473 0.845817 0
    outer loop
      vertex 7.62734 13.6189 34
      vertex 7.8 13.51 6
      vertex 7.62734 13.6189 6
    endloop
  endfacet
  facet normal 0.896882 0.442269 0
    outer loop
      vertex 6.81507 14.521 34
      vertex 6.72478 14.7041 6
      vertex 6.72478 14.7041 34
    endloop
  endfacet
  facet normal 0.896882 0.442269 0
    outer loop
      vertex 6.72478 14.7041 6
      vertex 6.81507 14.521 34
      vertex 6.81507 14.521 6
    endloop
  endfacet
  facet normal 0.465787 0.884897 -0
    outer loop
      vertex 7.98067 13.4149 6
      vertex 7.8 13.51 34
      vertex 7.98067 13.4149 34
    endloop
  endfacet
  facet normal 0.465787 0.884897 0
    outer loop
      vertex 7.8 13.51 34
      vertex 7.98067 13.4149 6
      vertex 7.8 13.51 6
    endloop
  endfacet
  facet normal -0.997875 -0.0651534 0
    outer loop
      vertex 11.6991 15.8297 6
      vertex 11.6858 16.0334 34
      vertex 11.6858 16.0334 6
    endloop
  endfacet
  facet normal -0.997875 -0.0651534 0
    outer loop
      vertex 11.6858 16.0334 34
      vertex 11.6991 15.8297 6
      vertex 11.6991 15.8297 34
    endloop
  endfacet
  facet normal -0.801409 0.598117 0
    outer loop
      vertex 11.1206 14.1254 6
      vertex 11.2427 14.289 34
      vertex 11.2427 14.289 6
    endloop
  endfacet
  facet normal -0.801409 0.598117 0
    outer loop
      vertex 11.2427 14.289 34
      vertex 11.1206 14.1254 6
      vertex 11.1206 14.1254 34
    endloop
  endfacet
  facet normal 0.859325 0.51143 0
    outer loop
      vertex 6.91946 14.3456 34
      vertex 6.81507 14.521 6
      vertex 6.81507 14.521 34
    endloop
  endfacet
  facet normal 0.859325 0.51143 0
    outer loop
      vertex 6.81507 14.521 6
      vertex 6.91946 14.3456 34
      vertex 6.91946 14.3456 6
    endloop
  endfacet
  facet normal -0.989654 -0.143478 0
    outer loop
      vertex 11.6858 16.0334 6
      vertex 11.6565 16.2355 34
      vertex 11.6565 16.2355 6
    endloop
  endfacet
  facet normal -0.989654 -0.143478 0
    outer loop
      vertex 11.6565 16.2355 34
      vertex 11.6858 16.0334 6
      vertex 11.6858 16.0334 34
    endloop
  endfacet
  facet normal -0.639751 0.768583 0
    outer loop
      vertex 10.8397 13.8295 6
      vertex 10.6828 13.6989 34
      vertex 10.8397 13.8295 34
    endloop
  endfacet
  facet normal -0.639751 0.768583 0
    outer loop
      vertex 10.6828 13.6989 34
      vertex 10.8397 13.8295 6
      vertex 10.6828 13.6989 6
    endloop
  endfacet
  facet normal -0.896863 -0.442309 0
    outer loop
      vertex 11.4752 16.8192 6
      vertex 11.3849 17.0023 34
      vertex 11.3849 17.0023 6
    endloop
  endfacet
  facet normal -0.896863 -0.442309 0
    outer loop
      vertex 11.3849 17.0023 34
      vertex 11.4752 16.8192 6
      vertex 11.4752 16.8192 34
    endloop
  endfacet
  facet normal 0.659326 0.751857 -0
    outer loop
      vertex 7.46377 13.7411 6
      vertex 7.31028 13.8757 34
      vertex 7.46377 13.7411 34
    endloop
  endfacet
  facet normal 0.659326 0.751857 0
    outer loop
      vertex 7.31028 13.8757 34
      vertex 7.46377 13.7411 6
      vertex 7.31028 13.8757 6
    endloop
  endfacet
  facet normal 0 0 1
    outer loop
      vertex 11.6858 16.0334 6
      vertex 11.6964 15.6256 6
      vertex 11.6991 15.8297 6
    endloop
  endfacet
  facet normal 0 0 1
    outer loop
      vertex 11.6858 16.0334 6
      vertex 11.6778 15.4223 6
      vertex 11.6964 15.6256 6
    endloop
  endfacet
  facet normal 0 0 1
    outer loop
      vertex 11.6565 16.2355 6
      vertex 11.6778 15.4223 6
      vertex 11.6858 16.0334 6
    endloop
  endfacet
  facet normal 0 0 1
    outer loop
      vertex 11.6565 16.2355 6
      vertex 11.6432 15.2211 6
      vertex 11.6778 15.4223 6
    endloop
  endfacet
  facet normal 0 0 1
    outer loop
      vertex 11.6114 16.4346 6
      vertex 11.6432 15.2211 6
      vertex 11.6565 16.2355 6
    endloop
  endfacet
  facet normal 0 0 1
    outer loop
      vertex 11.6114 16.4346 6
      vertex 11.5929 15.0232 6
      vertex 11.6432 15.2211 6
    endloop
  endfacet
  facet normal 0 0 1
    outer loop
      vertex 11.5509 16.6296 6
      vertex 11.5929 15.0232 6
      vertex 11.6114 16.4346 6
    endloop
  endfacet
  facet normal 0 0 1
    outer loop
      vertex 11.5509 16.6296 6
      vertex 11.5273 14.8299 6
      vertex 11.5929 15.0232 6
    endloop
  endfacet
  facet normal 0 0 1
    outer loop
      vertex 11.4752 16.8192 6
      vertex 11.5273 14.8299 6
      vertex 11.5509 16.6296 6
    endloop
  endfacet
  facet normal 0 0 1
    outer loop
      vertex 11.4752 16.8192 6
      vertex 11.4467 14.6423 6
      vertex 11.5273 14.8299 6
    endloop
  endfacet
  facet normal 0 0 1
    outer loop
      vertex 11.3849 17.0023 6
      vertex 11.4467 14.6423 6
      vertex 11.4752 16.8192 6
    endloop
  endfacet
  facet normal 0 0 1
    outer loop
      vertex 11.3849 17.0023 6
      vertex 11.3517 14.4617 6
      vertex 11.4467 14.6423 6
    endloop
  endfacet
  facet normal 0 0 1
    outer loop
      vertex 11.2805 17.1777 6
      vertex 11.3517 14.4617 6
      vertex 11.3849 17.0023 6
    endloop
  endfacet
  facet normal 0 0 1
    outer loop
      vertex 11.2805 17.1777 6
      vertex 11.2427 14.289 6
      vertex 11.3517 14.4617 6
    endloop
  endfacet
  facet normal 0 0 1
    outer loop
      vertex 11.1627 17.3444 6
      vertex 11.2427 14.289 6
      vertex 11.2805 17.1777 6
    endloop
  endfacet
  facet normal 0 0 1
    outer loop
      vertex 11.1627 17.3444 6
      vertex 11.1206 14.1254 6
      vertex 11.2427 14.289 6
    endloop
  endfacet
  facet normal 0 0 1
    outer loop
      vertex 11.0322 17.5014 6
      vertex 11.1206 14.1254 6
      vertex 11.1627 17.3444 6
    endloop
  endfacet
  facet normal 0 0 1
    outer loop
      vertex 11.0322 17.5014 6
      vertex 10.986 13.9719 6
      vertex 11.1206 14.1254 6
    endloop
  endfacet
  facet normal 0 0 1
    outer loop
      vertex 10.8897 17.6476 6
      vertex 10.986 13.9719 6
      vertex 11.0322 17.5014 6
    endloop
  endfacet
  facet normal 0 0 1
    outer loop
      vertex 10.8897 17.6476 6
      vertex 10.8397 13.8295 6
      vertex 10.986 13.9719 6
    endloop
  endfacet
  facet normal 0 0 1
    outer loop
      vertex 10.7362 17.7822 6
      vertex 10.8397 13.8295 6
      vertex 10.8897 17.6476 6
    endloop
  endfacet
  facet normal 0 0 1
    outer loop
      vertex 10.7362 17.7822 6
      vertex 10.6828 13.6989 6
      vertex 10.8397 13.8295 6
    endloop
  endfacet
  facet normal 0 0 1
    outer loop
      vertex 10.5727 17.9044 6
      vertex 10.6828 13.6989 6
      vertex 10.7362 17.7822 6
    endloop
  endfacet
  facet normal 0 0 1
    outer loop
      vertex 10.5727 17.9044 6
      vertex 10.5161 13.5811 6
      vertex 10.6828 13.6989 6
    endloop
  endfacet
  facet normal 0 0 1
    outer loop
      vertex 10.4 18.0133 6
      vertex 10.5161 13.5811 6
      vertex 10.5727 17.9044 6
    endloop
  endfacet
  facet normal 0 0 1
    outer loop
      vertex 10.4 18.0133 6
      vertex 10.3406 13.4767 6
      vertex 10.5161 13.5811 6
    endloop
  endfacet
  facet normal 0 0 1
    outer loop
      vertex 10.2193 18.1084 6
      vertex 10.3406 13.4767 6
      vertex 10.4 18.0133 6
    endloop
  endfacet
  facet normal 0 0 1
    outer loop
      vertex 10.2193 18.1084 6
      vertex 10.1575 13.3864 6
      vertex 10.3406 13.4767 6
    endloop
  endfacet
  facet normal 0 0 1
    outer loop
      vertex 10.0318 18.189 6
      vertex 10.1575 13.3864 6
      vertex 10.2193 18.1084 6
    endloop
  endfacet
  facet normal 0 0 1
    outer loop
      vertex 10.0318 18.189 6
      vertex 9.9679 13.3108 6
      vertex 10.1575 13.3864 6
    endloop
  endfacet
  facet normal 0 0 1
    outer loop
      vertex 9.83844 18.2546 6
      vertex 9.9679 13.3108 6
      vertex 10.0318 18.189 6
    endloop
  endfacet
  facet normal 0 0 1
    outer loop
      vertex 9.83844 18.2546 6
      vertex 9.77293 13.2503 6
      vertex 9.9679 13.3108 6
    endloop
  endfacet
  facet normal 0 0 1
    outer loop
      vertex 9.64057 18.3048 6
      vertex 9.77293 13.2503 6
      vertex 9.83844 18.2546 6
    endloop
  endfacet
  facet normal 0 0 1
    outer loop
      vertex 9.64057 18.3048 6
      vertex 9.57381 13.2052 6
      vertex 9.77293 13.2503 6
    endloop
  endfacet
  facet normal 0 0 1
    outer loop
      vertex 9.43937 18.3394 6
      vertex 9.57381 13.2052 6
      vertex 9.64057 18.3048 6
    endloop
  endfacet
  facet normal 0 0 1
    outer loop
      vertex 9.43937 18.3394 6
      vertex 9.37177 13.1759 6
      vertex 9.57381 13.2052 6
    endloop
  endfacet
  facet normal 0 0 1
    outer loop
      vertex 9.23607 18.3581 6
      vertex 9.37177 13.1759 6
      vertex 9.43937 18.3394 6
    endloop
  endfacet
  facet normal 0 0 1
    outer loop
      vertex 9.23607 18.3581 6
      vertex 9.16806 13.1626 6
      vertex 9.37177 13.1759 6
    endloop
  endfacet
  facet normal 0 0 1
    outer loop
      vertex 9.03194 18.3608 6
      vertex 9.16806 13.1626 6
      vertex 9.23607 18.3581 6
    endloop
  endfacet
  facet normal 0 0 1
    outer loop
      vertex 9.03194 18.3608 6
      vertex 8.96393 13.1652 6
      vertex 9.16806 13.1626 6
    endloop
  endfacet
  facet normal -0 0 1
    outer loop
      vertex 8.82823 18.3474 6
      vertex 8.96393 13.1652 6
      vertex 9.03194 18.3608 6
    endloop
  endfacet
  facet normal 0 0 1
    outer loop
      vertex 8.82823 18.3474 6
      vertex 8.76063 13.1839 6
      vertex 8.96393 13.1652 6
    endloop
  endfacet
  facet normal -0 0 1
    outer loop
      vertex 8.62619 18.3181 6
      vertex 8.76063 13.1839 6
      vertex 8.82823 18.3474 6
    endloop
  endfacet
  facet normal 0 0 1
    outer loop
      vertex 8.62619 18.3181 6
      vertex 8.55943 13.2185 6
      vertex 8.76063 13.1839 6
    endloop
  endfacet
  facet normal -0 0 1
    outer loop
      vertex 8.42707 18.2731 6
      vertex 8.55943 13.2185 6
      vertex 8.62619 18.3181 6
    endloop
  endfacet
  facet normal 0 0 1
    outer loop
      vertex 8.42707 18.2731 6
      vertex 8.36156 13.2687 6
      vertex 8.55943 13.2185 6
    endloop
  endfacet
  facet normal -0 0 1
    outer loop
      vertex 8.2321 18.2125 6
      vertex 8.36156 13.2687 6
      vertex 8.42707 18.2731 6
    endloop
  endfacet
  facet normal 0 0 1
    outer loop
      vertex 8.2321 18.2125 6
      vertex 8.16824 13.3344 6
      vertex 8.36156 13.2687 6
    endloop
  endfacet
  facet normal -0 0 1
    outer loop
      vertex 8.04248 18.1369 6
      vertex 8.16824 13.3344 6
      vertex 8.2321 18.2125 6
    endloop
  endfacet
  facet normal 0 0 1
    outer loop
      vertex 8.04248 18.1369 6
      vertex 7.98067 13.4149 6
      vertex 8.16824 13.3344 6
    endloop
  endfacet
  facet normal -0 0 1
    outer loop
      vertex 7.85939 18.0466 6
      vertex 7.98067 13.4149 6
      vertex 8.04248 18.1369 6
    endloop
  endfacet
  facet normal 0 0 1
    outer loop
      vertex 7.85939 18.0466 6
      vertex 7.8 13.51 6
      vertex 7.98067 13.4149 6
    endloop
  endfacet
  facet normal -0 0 1
    outer loop
      vertex 7.68394 17.9422 6
      vertex 7.8 13.51 6
      vertex 7.85939 18.0466 6
    endloop
  endfacet
  facet normal 0 0 1
    outer loop
      vertex 7.68394 17.9422 6
      vertex 7.62734 13.6189 6
      vertex 7.8 13.51 6
    endloop
  endfacet
  facet normal -0 0 1
    outer loop
      vertex 7.51722 17.8244 6
      vertex 7.62734 13.6189 6
      vertex 7.68394 17.9422 6
    endloop
  endfacet
  facet normal 0 0 1
    outer loop
      vertex 7.51722 17.8244 6
      vertex 7.46377 13.7411 6
      vertex 7.62734 13.6189 6
    endloop
  endfacet
  facet normal -0 0 1
    outer loop
      vertex 7.36026 17.6938 6
      vertex 7.46377 13.7411 6
      vertex 7.51722 17.8244 6
    endloop
  endfacet
  facet normal 0 0 1
    outer loop
      vertex 7.36026 17.6938 6
      vertex 7.31028 13.8757 6
      vertex 7.46377 13.7411 6
    endloop
  endfacet
  facet normal -0 0 1
    outer loop
      vertex 7.21403 17.5514 6
      vertex 7.31028 13.8757 6
      vertex 7.36026 17.6938 6
    endloop
  endfacet
  facet normal 0 0 1
    outer loop
      vertex 7.21403 17.5514 6
      vertex 7.16782 14.0219 6
      vertex 7.31028 13.8757 6
    endloop
  endfacet
  facet normal -0 0 1
    outer loop
      vertex 7.07942 17.3979 6
      vertex 7.16782 14.0219 6
      vertex 7.21403 17.5514 6
    endloop
  endfacet
  facet normal 0 0 1
    outer loop
      vertex 7.07942 17.3979 6
      vertex 7.03728 14.1789 6
      vertex 7.16782 14.0219 6
    endloop
  endfacet
  facet normal -0 0 1
    outer loop
      vertex 6.95727 17.2343 6
      vertex 7.03728 14.1789 6
      vertex 7.07942 17.3979 6
    endloop
  endfacet
  facet normal 0 0 1
    outer loop
      vertex 6.95727 17.2343 6
      vertex 6.91946 14.3456 6
      vertex 7.03728 14.1789 6
    endloop
  endfacet
  facet normal -0 0 1
    outer loop
      vertex 6.84833 17.0617 6
      vertex 6.91946 14.3456 6
      vertex 6.95727 17.2343 6
    endloop
  endfacet
  facet normal 0 0 1
    outer loop
      vertex 6.84833 17.0617 6
      vertex 6.81507 14.521 6
      vertex 6.91946 14.3456 6
    endloop
  endfacet
  facet normal -0 0 1
    outer loop
      vertex 6.75328 16.881 6
      vertex 6.81507 14.521 6
      vertex 6.84833 17.0617 6
    endloop
  endfacet
  facet normal 0 0 1
    outer loop
      vertex 6.75328 16.881 6
      vertex 6.72478 14.7041 6
      vertex 6.81507 14.521 6
    endloop
  endfacet
  facet normal -0 0 1
    outer loop
      vertex 6.67269 16.6934 6
      vertex 6.72478 14.7041 6
      vertex 6.75328 16.881 6
    endloop
  endfacet
  facet normal 0 0 1
    outer loop
      vertex 6.67269 16.6934 6
      vertex 6.64913 14.8938 6
      vertex 6.72478 14.7041 6
    endloop
  endfacet
  facet normal -0 0 1
    outer loop
      vertex 6.60707 16.5001 6
      vertex 6.64913 14.8938 6
      vertex 6.67269 16.6934 6
    endloop
  endfacet
  facet normal 0 0 1
    outer loop
      vertex 6.60707 16.5001 6
      vertex 6.58859 15.0887 6
      vertex 6.64913 14.8938 6
    endloop
  endfacet
  facet normal -0 0 1
    outer loop
      vertex 6.55682 16.3022 6
      vertex 6.58859 15.0887 6
      vertex 6.60707 16.5001 6
    endloop
  endfacet
  facet normal 0 0 1
    outer loop
      vertex 6.55682 16.3022 6
      vertex 6.54354 15.2878 6
      vertex 6.58859 15.0887 6
    endloop
  endfacet
  facet normal -0 0 1
    outer loop
      vertex 6.52224 16.101 6
      vertex 6.54354 15.2878 6
      vertex 6.55682 16.3022 6
    endloop
  endfacet
  facet normal 0 0 1
    outer loop
      vertex 6.52224 16.101 6
      vertex 6.51424 15.4899 6
      vertex 6.54354 15.2878 6
    endloop
  endfacet
  facet normal -0 0 1
    outer loop
      vertex 6.50356 15.8977 6
      vertex 6.51424 15.4899 6
      vertex 6.52224 16.101 6
    endloop
  endfacet
  facet normal 0 0 1
    outer loop
      vertex 6.51424 15.4899 6
      vertex 6.50356 15.8977 6
      vertex 6.50089 15.6936 6
    endloop
  endfacet
  facet normal 0.716208 0.697887 0
    outer loop
      vertex 7.31028 13.8757 34
      vertex 7.16782 14.0219 6
      vertex 7.16782 14.0219 34
    endloop
  endfacet
  facet normal 0.716208 0.697887 0
    outer loop
      vertex 7.16782 14.0219 6
      vertex 7.31028 13.8757 34
      vertex 7.31028 13.8757 6
    endloop
  endfacet
  facet normal 0.598667 -0.800998 0
    outer loop
      vertex -10.7362 17.7822 6
      vertex -10.5727 17.9044 33.6964
      vertex -10.7362 17.7822 33.7231
    endloop
  endfacet
  facet normal 0.598667 -0.800998 0
    outer loop
      vertex -10.5727 17.9044 33.6964
      vertex -10.7362 17.7822 6
      vertex -10.5727 17.9044 6
    endloop
  endfacet
  facet normal 0.533385 -0.845873 0
    outer loop
      vertex -10.5727 17.9044 6
      vertex -10.4 18.0133 33.6857
      vertex -10.5727 17.9044 33.6964
    endloop
  endfacet
  facet normal 0.533385 -0.845873 0
    outer loop
      vertex -10.4 18.0133 33.6857
      vertex -10.5727 17.9044 6
      vertex -10.4 18.0133 6
    endloop
  endfacet
  facet normal 0.662713 -0.748404 0.0265028
    outer loop
      vertex -10.8897 17.6476 33.7605
      vertex -10.7362 17.7822 33.7231
      vertex -10.8408 17.6906 33.752
    endloop
  endfacet
  facet normal 0.659302 -0.751878 0
    outer loop
      vertex -10.8897 17.6476 6
      vertex -10.7362 17.7822 33.7231
      vertex -10.8897 17.6476 33.7605
    endloop
  endfacet
  facet normal 0.659302 -0.751878 0
    outer loop
      vertex -10.7362 17.7822 33.7231
      vertex -10.8897 17.6476 6
      vertex -10.7362 17.7822 6
    endloop
  endfacet
  facet normal 0.999913 0.0132277 0
    outer loop
      vertex -11.6964 15.6256 34
      vertex -11.6991 15.8297 6
      vertex -11.6991 15.8297 34
    endloop
  endfacet
  facet normal 0.999913 0.0132277 0
    outer loop
      vertex -11.6991 15.8297 6
      vertex -11.6964 15.6256 34
      vertex -11.6964 15.6256 6
    endloop
  endfacet
  facet normal -0.88503 -0.465534 0
    outer loop
      vertex -6.75328 16.881 6
      vertex -6.84833 17.0617 34
      vertex -6.84833 17.0617 6
    endloop
  endfacet
  facet normal -0.88503 -0.465534 0
    outer loop
      vertex -6.84833 17.0617 34
      vertex -6.75328 16.881 6
      vertex -6.75328 16.881 34
    endloop
  endfacet
  facet normal -0.16948 0.985534 0
    outer loop
      vertex -8.55943 13.2185 6
      vertex -8.76063 13.1839 34
      vertex -8.55943 13.2185 34
    endloop
  endfacet
  facet normal -0.16948 0.985534 0
    outer loop
      vertex -8.76063 13.1839 34
      vertex -8.55943 13.2185 6
      vertex -8.76063 13.1839 6
    endloop
  endfacet
  facet normal -0.975344 0.220689 0
    outer loop
      vertex -6.58859 15.0887 6
      vertex -6.54354 15.2878 34
      vertex -6.54354 15.2878 6
    endloop
  endfacet
  facet normal -0.975344 0.220689 0
    outer loop
      vertex -6.54354 15.2878 34
      vertex -6.58859 15.0887 6
      vertex -6.58859 15.0887 34
    endloop
  endfacet
  facet normal -0.31745 0.778369 0.541634
    outer loop
      vertex -9.64057 18.3048 33.8026
      vertex -9.43937 18.3394 33.8708
      vertex -9.55011 18.3204 33.8332
    endloop
  endfacet
  facet normal 0.16948 -0.985534 0
    outer loop
      vertex -9.43937 18.3394 6
      vertex -9.64057 18.3048 33.8026
      vertex -9.64057 18.3048 6
    endloop
  endfacet
  facet normal 0.16948 -0.985534 0
    outer loop
      vertex -9.64057 18.3048 33.8026
      vertex -9.43937 18.3394 6
      vertex -9.43937 18.3394 33.8708
    endloop
  endfacet
  facet normal 0.697491 0.716594 -0
    outer loop
      vertex -10.8397 13.8295 6
      vertex -10.986 13.9719 34
      vertex -10.8397 13.8295 34
    endloop
  endfacet
  facet normal 0.697491 0.716594 0
    outer loop
      vertex -10.986 13.9719 34
      vertex -10.8397 13.8295 6
      vertex -10.986 13.9719 6
    endloop
  endfacet
  facet normal -0.321776 0.946816 0
    outer loop
      vertex -8.16824 13.3344 6
      vertex -8.36156 13.2687 34
      vertex -8.16824 13.3344 34
    endloop
  endfacet
  facet normal -0.321776 0.946816 0
    outer loop
      vertex -8.36156 13.2687 34
      vertex -8.16824 13.3344 6
      vertex -8.36156 13.2687 6
    endloop
  endfacet
  facet normal -0.801291 -0.598275 0
    outer loop
      vertex -6.95727 17.2343 6
      vertex -7.07942 17.3979 34
      vertex -7.07942 17.3979 6
    endloop
  endfacet
  facet normal -0.801291 -0.598275 0
    outer loop
      vertex -7.07942 17.3979 34
      vertex -6.95727 17.2343 6
      vertex -6.95727 17.2343 34
    endloop
  endfacet
  facet normal -0.143519 -0.989647 0
    outer loop
      vertex -8.82823 18.3474 6
      vertex -8.62619 18.3181 34
      vertex -8.82823 18.3474 34
    endloop
  endfacet
  facet normal -0.143519 -0.989647 -0
    outer loop
      vertex -8.62619 18.3181 34
      vertex -8.82823 18.3474 6
      vertex -8.62619 18.3181 6
    endloop
  endfacet
  facet normal 0.296364 0.955075 -0
    outer loop
      vertex -9.77293 13.2503 6
      vertex -9.9679 13.3108 34
      vertex -9.77293 13.2503 34
    endloop
  endfacet
  facet normal 0.296364 0.955075 0
    outer loop
      vertex -9.9679 13.3108 34
      vertex -9.77293 13.2503 6
      vertex -9.9679 13.3108 6
    endloop
  endfacet
  facet normal 0.0651502 0.997875 -0
    outer loop
      vertex -9.16806 13.1626 6
      vertex -9.37177 13.1759 34
      vertex -9.16806 13.1626 34
    endloop
  endfacet
  facet normal 0.0651502 0.997875 0
    outer loop
      vertex -9.37177 13.1759 34
      vertex -9.16806 13.1626 6
      vertex -9.37177 13.1759 6
    endloop
  endfacet
  facet normal 0.639751 0.768583 -0
    outer loop
      vertex -10.6828 13.6989 6
      vertex -10.8397 13.8295 34
      vertex -10.6828 13.6989 34
    endloop
  endfacet
  facet normal 0.639751 0.768583 0
    outer loop
      vertex -10.8397 13.8295 34
      vertex -10.6828 13.6989 6
      vertex -10.8397 13.8295 6
    endloop
  endfacet
  facet normal 0.989654 -0.143478 0
    outer loop
      vertex -11.6858 16.0334 34
      vertex -11.6565 16.2355 6
      vertex -11.6565 16.2355 34
    endloop
  endfacet
  facet normal 0.989654 -0.143478 0
    outer loop
      vertex -11.6565 16.2355 6
      vertex -11.6858 16.0334 34
      vertex -11.6858 16.0334 6
    endloop
  endfacet
  facet normal -0.768927 0.639336 0
    outer loop
      vertex -7.16782 14.0219 6
      vertex -7.03728 14.1789 34
      vertex -7.03728 14.1789 6
    endloop
  endfacet
  facet normal -0.768927 0.639336 0
    outer loop
      vertex -7.03728 14.1789 34
      vertex -7.16782 14.0219 6
      vertex -7.16782 14.0219 34
    endloop
  endfacet
  facet normal 0.896863 -0.442309 0
    outer loop
      vertex -11.4752 16.8192 34
      vertex -11.3849 17.0023 6
      vertex -11.3849 17.0023 34
    endloop
  endfacet
  facet normal 0.896863 -0.442309 0
    outer loop
      vertex -11.3849 17.0023 6
      vertex -11.4752 16.8192 34
      vertex -11.4752 16.8192 6
    endloop
  endfacet
  facet normal 0.955088 -0.296322 0
    outer loop
      vertex -11.6114 16.4346 34
      vertex -11.5509 16.6296 6
      vertex -11.5509 16.6296 34
    endloop
  endfacet
  facet normal 0.955088 -0.296322 0
    outer loop
      vertex -11.5509 16.6296 6
      vertex -11.6114 16.4346 34
      vertex -11.6114 16.4346 6
    endloop
  endfacet
  facet normal -0.442328 -0.896853 0
    outer loop
      vertex -8.04248 18.1369 6
      vertex -7.85939 18.0466 34
      vertex -8.04248 18.1369 34
    endloop
  endfacet
  facet normal -0.442328 -0.896853 -0
    outer loop
      vertex -7.85939 18.0466 34
      vertex -8.04248 18.1369 6
      vertex -7.85939 18.0466 6
    endloop
  endfacet
  facet normal -0.928865 0.37042 0
    outer loop
      vertex -6.72478 14.7041 6
      vertex -6.64913 14.8938 34
      vertex -6.64913 14.8938 6
    endloop
  endfacet
  facet normal -0.928865 0.37042 0
    outer loop
      vertex -6.64913 14.8938 34
      vertex -6.72478 14.7041 6
      vertex -6.72478 14.7041 34
    endloop
  endfacet
  facet normal 0.995841 0.0911099 0
    outer loop
      vertex -11.6778 15.4223 34
      vertex -11.6964 15.6256 6
      vertex -11.6964 15.6256 34
    endloop
  endfacet
  facet normal 0.995841 0.0911099 0
    outer loop
      vertex -11.6964 15.6256 6
      vertex -11.6778 15.4223 34
      vertex -11.6778 15.4223 6
    endloop
  endfacet
  facet normal 0.91879 0.394747 0
    outer loop
      vertex -11.4467 14.6423 34
      vertex -11.5273 14.8299 6
      vertex -11.5273 14.8299 34
    endloop
  endfacet
  facet normal 0.91879 0.394747 0
    outer loop
      vertex -11.5273 14.8299 6
      vertex -11.4467 14.6423 34
      vertex -11.4467 14.6423 6
    endloop
  endfacet
  facet normal -0.245911 0.969292 0
    outer loop
      vertex -8.36156 13.2687 6
      vertex -8.55943 13.2185 34
      vertex -8.36156 13.2687 34
    endloop
  endfacet
  facet normal -0.245911 0.969292 0
    outer loop
      vertex -8.55943 13.2185 34
      vertex -8.36156 13.2687 6
      vertex -8.55943 13.2185 6
    endloop
  endfacet
  facet normal 0.394924 -0.918714 0
    outer loop
      vertex -10.0318 18.189 6
      vertex -10.2193 18.1084 33.6911
      vertex -10.2193 18.1084 6
    endloop
  endfacet
  facet normal 0.394924 -0.918714 0
    outer loop
      vertex -10.2193 18.1084 33.6911
      vertex -10.0318 18.189 6
      vertex -10.0318 18.189 33.7124
    endloop
  endfacet
  facet normal 0.716193 -0.697902 -8.69617e-07
    outer loop
      vertex -11.0322 17.5014 6
      vertex -10.8897 17.6476 33.7605
      vertex -11.0118 17.5223 33.7969
    endloop
  endfacet
  facet normal 0.715615 -0.698495 0
    outer loop
      vertex -11.0322 17.5014 6
      vertex -11.0118 17.5223 33.7969
      vertex -11.0322 17.5014 33.803
    endloop
  endfacet
  facet normal 0.71611 -0.697987 0
    outer loop
      vertex -10.8897 17.6476 33.7605
      vertex -11.0322 17.5014 6
      vertex -10.8897 17.6476 6
    endloop
  endfacet
  facet normal 0.220901 0.975296 -0
    outer loop
      vertex -9.57381 13.2052 6
      vertex -9.77293 13.2503 34
      vertex -9.57381 13.2052 34
    endloop
  endfacet
  facet normal 0.220901 0.975296 0
    outer loop
      vertex -9.77293 13.2503 34
      vertex -9.57381 13.2052 6
      vertex -9.77293 13.2503 6
    endloop
  endfacet
  facet normal 0.885025 0.465544 0
    outer loop
      vertex -11.3517 14.4617 34
      vertex -11.4467 14.6423 6
      vertex -11.4467 14.6423 34
    endloop
  endfacet
  facet normal 0.885025 0.465544 0
    outer loop
      vertex -11.4467 14.6423 6
      vertex -11.3517 14.4617 34
      vertex -11.3517 14.4617 6
    endloop
  endfacet
  facet normal -0.0127359 0.999919 0
    outer loop
      vertex -8.96393 13.1652 6
      vertex -9.16806 13.1626 34
      vertex -8.96393 13.1652 34
    endloop
  endfacet
  facet normal -0.0127359 0.999919 0
    outer loop
      vertex -9.16806 13.1626 34
      vertex -8.96393 13.1652 6
      vertex -9.16806 13.1626 6
    endloop
  endfacet
  facet normal -0.394386 0.918945 0
    outer loop
      vertex -7.98067 13.4149 6
      vertex -8.16824 13.3344 34
      vertex -7.98067 13.4149 34
    endloop
  endfacet
  facet normal -0.394386 0.918945 0
    outer loop
      vertex -8.16824 13.3344 34
      vertex -7.98067 13.4149 6
      vertex -8.16824 13.3344 6
    endloop
  endfacet
  facet normal 0.816669 -0.577106 0
    outer loop
      vertex -11.2805 17.1777 6
      vertex -11.1627 17.3444 33.861
      vertex -11.2805 17.1777 33.9343
    endloop
  endfacet
  facet normal 0.816669 -0.577106 0
    outer loop
      vertex -11.1627 17.3444 33.861
      vertex -11.2805 17.1777 6
      vertex -11.1627 17.3444 6
    endloop
  endfacet
  facet normal -0.997859 0.0653973 0
    outer loop
      vertex -6.51424 15.4899 6
      vertex -6.50089 15.6936 34
      vertex -6.50089 15.6936 6
    endloop
  endfacet
  facet normal -0.997859 0.0653973 0
    outer loop
      vertex -6.50089 15.6936 34
      vertex -6.51424 15.4899 6
      vertex -6.51424 15.4899 34
    endloop
  endfacet
  facet normal 0.946955 0.321367 0
    outer loop
      vertex -11.5273 14.8299 34
      vertex -11.5929 15.0232 6
      vertex -11.5929 15.0232 34
    endloop
  endfacet
  facet normal 0.946955 0.321367 0
    outer loop
      vertex -11.5929 15.0232 6
      vertex -11.5273 14.8299 34
      vertex -11.5273 14.8299 6
    endloop
  endfacet
  facet normal 0.975291 -0.220922 0
    outer loop
      vertex -11.6565 16.2355 34
      vertex -11.6114 16.4346 6
      vertex -11.6114 16.4346 34
    endloop
  endfacet
  facet normal 0.975291 -0.220922 0
    outer loop
      vertex -11.6114 16.4346 6
      vertex -11.6565 16.2355 34
      vertex -11.6565 16.2355 6
    endloop
  endfacet
  facet normal -0.816623 0.577172 0
    outer loop
      vertex -7.03728 14.1789 6
      vertex -6.91946 14.3456 34
      vertex -6.91946 14.3456 6
    endloop
  endfacet
  facet normal -0.816623 0.577172 0
    outer loop
      vertex -6.91946 14.3456 34
      vertex -7.03728 14.1789 6
      vertex -7.03728 14.1789 34
    endloop
  endfacet
  facet normal 0.321278 -0.946985 0
    outer loop
      vertex -9.83844 18.2546 6
      vertex -10.0318 18.189 33.7124
      vertex -10.0318 18.189 6
    endloop
  endfacet
  facet normal 0.321278 -0.946985 0
    outer loop
      vertex -10.0318 18.189 33.7124
      vertex -9.83844 18.2546 6
      vertex -9.83844 18.2546 33.7497
    endloop
  endfacet
  facet normal -0.57706 -0.816702 0
    outer loop
      vertex -7.68394 17.9422 6
      vertex -7.51722 17.8244 34
      vertex -7.68394 17.9422 34
    endloop
  endfacet
  facet normal -0.57706 -0.816702 -0
    outer loop
      vertex -7.51722 17.8244 34
      vertex -7.68394 17.9422 6
      vertex -7.51722 17.8244 6
    endloop
  endfacet
  facet normal 0.985534 0.16948 0
    outer loop
      vertex -11.6432 15.2211 34
      vertex -11.6778 15.4223 6
      vertex -11.6778 15.4223 34
    endloop
  endfacet
  facet normal 0.985534 0.16948 0
    outer loop
      vertex -11.6778 15.4223 6
      vertex -11.6432 15.2211 34
      vertex -11.6432 15.2211 6
    endloop
  endfacet
  facet normal 0.997875 -0.0651534 0
    outer loop
      vertex -11.6991 15.8297 34
      vertex -11.6858 16.0334 6
      vertex -11.6858 16.0334 34
    endloop
  endfacet
  facet normal 0.997875 -0.0651534 0
    outer loop
      vertex -11.6858 16.0334 6
      vertex -11.6991 15.8297 34
      vertex -11.6991 15.8297 6
    endloop
  endfacet
  facet normal -0.845645 -0.533746 0
    outer loop
      vertex -6.84833 17.0617 6
      vertex -6.95727 17.2343 34
      vertex -6.95727 17.2343 6
    endloop
  endfacet
  facet normal -0.845645 -0.533746 0
    outer loop
      vertex -6.95727 17.2343 34
      vertex -6.84833 17.0617 6
      vertex -6.84833 17.0617 34
    endloop
  endfacet
  facet normal 0.245911 -0.969292 0
    outer loop
      vertex -9.64057 18.3048 6
      vertex -9.83844 18.2546 33.7497
      vertex -9.83844 18.2546 6
    endloop
  endfacet
  facet normal 0.245911 -0.969292 0
    outer loop
      vertex -9.83844 18.2546 33.7497
      vertex -9.64057 18.3048 6
      vertex -9.64057 18.3048 33.8026
    endloop
  endfacet
  facet normal -0.220435 -0.975402 0
    outer loop
      vertex -8.62619 18.3181 6
      vertex -8.42707 18.2731 34
      vertex -8.62619 18.3181 34
    endloop
  endfacet
  facet normal -0.220435 -0.975402 -0
    outer loop
      vertex -8.42707 18.2731 34
      vertex -8.62619 18.3181 6
      vertex -8.42707 18.2731 6
    endloop
  endfacet
  facet normal -0.716208 0.697887 0
    outer loop
      vertex -7.31028 13.8757 6
      vertex -7.16782 14.0219 34
      vertex -7.16782 14.0219 6
    endloop
  endfacet
  facet normal -0.716208 0.697887 0
    outer loop
      vertex -7.16782 14.0219 34
      vertex -7.31028 13.8757 6
      vertex -7.31028 13.8757 34
    endloop
  endfacet
  facet normal -0.659326 0.751857 0
    outer loop
      vertex -7.31028 13.8757 6
      vertex -7.46377 13.7411 34
      vertex -7.31028 13.8757 34
    endloop
  endfacet
  facet normal -0.659326 0.751857 0
    outer loop
      vertex -7.46377 13.7411 34
      vertex -7.31028 13.8757 6
      vertex -7.46377 13.7411 6
    endloop
  endfacet
  facet normal 0.577106 0.816669 -0
    outer loop
      vertex -10.5161 13.5811 6
      vertex -10.6828 13.6989 34
      vertex -10.5161 13.5811 34
    endloop
  endfacet
  facet normal 0.577106 0.816669 0
    outer loop
      vertex -10.6828 13.6989 34
      vertex -10.5161 13.5811 6
      vertex -10.6828 13.6989 6
    endloop
  endfacet
  facet normal 0.511251 0.859431 -0
    outer loop
      vertex -10.3406 13.4767 6
      vertex -10.5161 13.5811 34
      vertex -10.3406 13.4767 34
    endloop
  endfacet
  facet normal 0.511251 0.859431 0
    outer loop
      vertex -10.5161 13.5811 34
      vertex -10.3406 13.4767 6
      vertex -10.5161 13.5811 6
    endloop
  endfacet
  facet normal 0.143519 0.989647 -0
    outer loop
      vertex -9.37177 13.1759 6
      vertex -9.57381 13.2052 34
      vertex -9.37177 13.1759 34
    endloop
  endfacet
  facet normal 0.143519 0.989647 0
    outer loop
      vertex -9.57381 13.2052 34
      vertex -9.37177 13.1759 6
      vertex -9.57381 13.2052 6
    endloop
  endfacet
  facet normal 0.859876 -0.510491 0.00351572
    outer loop
      vertex -11.3849 17.0023 34
      vertex -11.2805 17.1777 33.9343
      vertex -11.3586 17.0466 34
    endloop
  endfacet
  facet normal 0.859303 -0.511467 0
    outer loop
      vertex -11.3849 17.0023 6
      vertex -11.2805 17.1777 33.9343
      vertex -11.3849 17.0023 34
    endloop
  endfacet
  facet normal 0.859303 -0.511467 0
    outer loop
      vertex -11.2805 17.1777 33.9343
      vertex -11.3849 17.0023 6
      vertex -11.2805 17.1777 6
    endloop
  endfacet
  facet normal -0.999914 -0.0130807 0
    outer loop
      vertex -6.50089 15.6936 6
      vertex -6.50356 15.8977 34
      vertex -6.50356 15.8977 6
    endloop
  endfacet
  facet normal -0.999914 -0.0130807 0
    outer loop
      vertex -6.50356 15.8977 34
      vertex -6.50089 15.6936 6
      vertex -6.50089 15.6936 34
    endloop
  endfacet
  facet normal 0.370377 0.928882 -0
    outer loop
      vertex -9.9679 13.3108 6
      vertex -10.1575 13.3864 34
      vertex -9.9679 13.3108 34
    endloop
  endfacet
  facet normal 0.370377 0.928882 0
    outer loop
      vertex -10.1575 13.3864 34
      vertex -9.9679 13.3108 6
      vertex -10.1575 13.3864 6
    endloop
  endfacet
  facet normal -0.859325 0.51143 0
    outer loop
      vertex -6.91946 14.3456 6
      vertex -6.81507 14.521 34
      vertex -6.81507 14.521 6
    endloop
  endfacet
  facet normal -0.859325 0.51143 0
    outer loop
      vertex -6.81507 14.521 34
      vertex -6.91946 14.3456 6
      vertex -6.91946 14.3456 34
    endloop
  endfacet
  facet normal 0.751878 0.659302 0
    outer loop
      vertex -10.986 13.9719 34
      vertex -11.1206 14.1254 6
      vertex -11.1206 14.1254 34
    endloop
  endfacet
  facet normal 0.751878 0.659302 0
    outer loop
      vertex -11.1206 14.1254 6
      vertex -10.986 13.9719 34
      vertex -10.986 13.9719 6
    endloop
  endfacet
  facet normal 0.442309 0.896863 -0
    outer loop
      vertex -10.1575 13.3864 6
      vertex -10.3406 13.4767 34
      vertex -10.1575 13.3864 34
    endloop
  endfacet
  facet normal 0.442309 0.896863 0
    outer loop
      vertex -10.3406 13.4767 34
      vertex -10.1575 13.3864 6
      vertex -10.3406 13.4767 6
    endloop
  endfacet
  facet normal -0.533473 0.845817 0
    outer loop
      vertex -7.62734 13.6189 6
      vertex -7.8 13.51 34
      vertex -7.62734 13.6189 34
    endloop
  endfacet
  facet normal -0.533473 0.845817 0
    outer loop
      vertex -7.8 13.51 34
      vertex -7.62734 13.6189 6
      vertex -7.8 13.51 6
    endloop
  endfacet
  facet normal -0.918808 -0.394705 0
    outer loop
      vertex -6.67269 16.6934 6
      vertex -6.75328 16.881 34
      vertex -6.75328 16.881 6
    endloop
  endfacet
  facet normal -0.918808 -0.394705 0
    outer loop
      vertex -6.75328 16.881 34
      vertex -6.67269 16.6934 6
      vertex -6.67269 16.6934 34
    endloop
  endfacet
  facet normal 0.801409 0.598117 0
    outer loop
      vertex -11.1206 14.1254 34
      vertex -11.2427 14.289 6
      vertex -11.2427 14.289 34
    endloop
  endfacet
  facet normal 0.801409 0.598117 0
    outer loop
      vertex -11.2427 14.289 6
      vertex -11.1206 14.1254 34
      vertex -11.1206 14.1254 6
    endloop
  endfacet
  facet normal 0.769024 -0.63922 0
    outer loop
      vertex -11.1627 17.3444 6
      vertex -11.0322 17.5014 33.803
      vertex -11.1627 17.3444 33.861
    endloop
  endfacet
  facet normal 0.769024 -0.63922 0
    outer loop
      vertex -11.0322 17.5014 33.803
      vertex -11.1627 17.3444 6
      vertex -11.0322 17.5014 6
    endloop
  endfacet
  facet normal -0.511359 -0.859367 0
    outer loop
      vertex -7.85939 18.0466 6
      vertex -7.68394 17.9422 34
      vertex -7.85939 18.0466 34
    endloop
  endfacet
  facet normal -0.511359 -0.859367 -0
    outer loop
      vertex -7.68394 17.9422 34
      vertex -7.85939 18.0466 6
      vertex -7.68394 17.9422 6
    endloop
  endfacet
  facet normal -0.751854 -0.65933 0
    outer loop
      vertex -7.07942 17.3979 6
      vertex -7.21403 17.5514 34
      vertex -7.21403 17.5514 6
    endloop
  endfacet
  facet normal -0.751854 -0.65933 0
    outer loop
      vertex -7.21403 17.5514 34
      vertex -7.07942 17.3979 6
      vertex -7.07942 17.3979 34
    endloop
  endfacet
  facet normal -0.954989 0.29664 0
    outer loop
      vertex -6.64913 14.8938 6
      vertex -6.58859 15.0887 34
      vertex -6.58859 15.0887 6
    endloop
  endfacet
  facet normal -0.954989 0.29664 0
    outer loop
      vertex -6.58859 15.0887 34
      vertex -6.64913 14.8938 6
      vertex -6.64913 14.8938 34
    endloop
  endfacet
  facet normal 0.465726 -0.884929 0
    outer loop
      vertex -10.2193 18.1084 6
      vertex -10.4 18.0133 33.6857
      vertex -10.4 18.0133 6
    endloop
  endfacet
  facet normal 0.465726 -0.884929 0
    outer loop
      vertex -10.4 18.0133 33.6857
      vertex -10.2193 18.1084 6
      vertex -10.2193 18.1084 33.6911
    endloop
  endfacet
  facet normal -0.598502 0.801121 0
    outer loop
      vertex -7.46377 13.7411 6
      vertex -7.62734 13.6189 34
      vertex -7.46377 13.7411 34
    endloop
  endfacet
  facet normal -0.598502 0.801121 0
    outer loop
      vertex -7.62734 13.6189 34
      vertex -7.46377 13.7411 6
      vertex -7.62734 13.6189 6
    endloop
  endfacet
  facet normal 0.845652 0.533735 0
    outer loop
      vertex -11.2427 14.289 34
      vertex -11.3517 14.4617 6
      vertex -11.3517 14.4617 34
    endloop
  endfacet
  facet normal 0.845652 0.533735 0
    outer loop
      vertex -11.3517 14.4617 6
      vertex -11.2427 14.289 34
      vertex -11.2427 14.289 6
    endloop
  endfacet
  facet normal 0.0141829 -0.999893 -0.00359265
    outer loop
      vertex -9.23607 18.3581 33.9456
      vertex -9.03194 18.3608 34
      vertex -9.10244 18.3598 34
    endloop
  endfacet
  facet normal 0.0132257 -0.999913 0
    outer loop
      vertex -9.03194 18.3608 6
      vertex -9.23607 18.3581 33.9456
      vertex -9.23607 18.3581 6
    endloop
  endfacet
  facet normal 0.0132257 -0.999913 0
    outer loop
      vertex -9.23607 18.3581 33.9456
      vertex -9.03194 18.3608 6
      vertex -9.03194 18.3608 34
    endloop
  endfacet
  facet normal -0.989654 0.143478 0
    outer loop
      vertex -6.54354 15.2878 6
      vertex -6.51424 15.4899 34
      vertex -6.51424 15.4899 6
    endloop
  endfacet
  facet normal -0.989654 0.143478 0
    outer loop
      vertex -6.51424 15.4899 34
      vertex -6.54354 15.2878 6
      vertex -6.54354 15.2878 34
    endloop
  endfacet
  facet normal -0.0656379 -0.997844 0
    outer loop
      vertex -9.03194 18.3608 6
      vertex -8.82823 18.3474 34
      vertex -9.03194 18.3608 34
    endloop
  endfacet
  facet normal -0.0656379 -0.997844 -0
    outer loop
      vertex -8.82823 18.3474 34
      vertex -9.03194 18.3608 6
      vertex -8.82823 18.3474 6
    endloop
  endfacet
  facet normal -0.969243 -0.246106 0
    outer loop
      vertex -6.55682 16.3022 6
      vertex -6.60707 16.5001 34
      vertex -6.60707 16.5001 6
    endloop
  endfacet
  facet normal -0.969243 -0.246106 0
    outer loop
      vertex -6.60707 16.5001 34
      vertex -6.55682 16.3022 6
      vertex -6.55682 16.3022 34
    endloop
  endfacet
  facet normal 0.928713 -0.370799 0
    outer loop
      vertex -11.5509 16.6296 34
      vertex -11.4752 16.8192 6
      vertex -11.4752 16.8192 34
    endloop
  endfacet
  facet normal 0.928713 -0.370799 0
    outer loop
      vertex -11.4752 16.8192 6
      vertex -11.5509 16.6296 34
      vertex -11.5509 16.6296 6
    endloop
  endfacet
  facet normal 0 0 1
    outer loop
      vertex -6.50356 15.8977 6
      vertex -6.51424 15.4899 6
      vertex -6.50089 15.6936 6
    endloop
  endfacet
  facet normal 0 0 1
    outer loop
      vertex -6.52224 16.101 6
      vertex -6.51424 15.4899 6
      vertex -6.50356 15.8977 6
    endloop
  endfacet
  facet normal 0 0 1
    outer loop
      vertex -6.52224 16.101 6
      vertex -6.54354 15.2878 6
      vertex -6.51424 15.4899 6
    endloop
  endfacet
  facet normal 0 0 1
    outer loop
      vertex -6.55682 16.3022 6
      vertex -6.54354 15.2878 6
      vertex -6.52224 16.101 6
    endloop
  endfacet
  facet normal 0 0 1
    outer loop
      vertex -6.55682 16.3022 6
      vertex -6.58859 15.0887 6
      vertex -6.54354 15.2878 6
    endloop
  endfacet
  facet normal 0 0 1
    outer loop
      vertex -6.60707 16.5001 6
      vertex -6.58859 15.0887 6
      vertex -6.55682 16.3022 6
    endloop
  endfacet
  facet normal 0 0 1
    outer loop
      vertex -6.60707 16.5001 6
      vertex -6.64913 14.8938 6
      vertex -6.58859 15.0887 6
    endloop
  endfacet
  facet normal 0 0 1
    outer loop
      vertex -6.67269 16.6934 6
      vertex -6.64913 14.8938 6
      vertex -6.60707 16.5001 6
    endloop
  endfacet
  facet normal 0 0 1
    outer loop
      vertex -6.67269 16.6934 6
      vertex -6.72478 14.7041 6
      vertex -6.64913 14.8938 6
    endloop
  endfacet
  facet normal 0 0 1
    outer loop
      vertex -6.75328 16.881 6
      vertex -6.72478 14.7041 6
      vertex -6.67269 16.6934 6
    endloop
  endfacet
  facet normal 0 0 1
    outer loop
      vertex -6.75328 16.881 6
      vertex -6.81507 14.521 6
      vertex -6.72478 14.7041 6
    endloop
  endfacet
  facet normal 0 0 1
    outer loop
      vertex -6.84833 17.0617 6
      vertex -6.81507 14.521 6
      vertex -6.75328 16.881 6
    endloop
  endfacet
  facet normal 0 0 1
    outer loop
      vertex -6.84833 17.0617 6
      vertex -6.91946 14.3456 6
      vertex -6.81507 14.521 6
    endloop
  endfacet
  facet normal 0 0 1
    outer loop
      vertex -6.95727 17.2343 6
      vertex -6.91946 14.3456 6
      vertex -6.84833 17.0617 6
    endloop
  endfacet
  facet normal 0 0 1
    outer loop
      vertex -6.95727 17.2343 6
      vertex -7.03728 14.1789 6
      vertex -6.91946 14.3456 6
    endloop
  endfacet
  facet normal 0 0 1
    outer loop
      vertex -7.07942 17.3979 6
      vertex -7.03728 14.1789 6
      vertex -6.95727 17.2343 6
    endloop
  endfacet
  facet normal 0 0 1
    outer loop
      vertex -7.07942 17.3979 6
      vertex -7.16782 14.0219 6
      vertex -7.03728 14.1789 6
    endloop
  endfacet
  facet normal 0 0 1
    outer loop
      vertex -7.21403 17.5514 6
      vertex -7.16782 14.0219 6
      vertex -7.07942 17.3979 6
    endloop
  endfacet
  facet normal 0 0 1
    outer loop
      vertex -7.21403 17.5514 6
      vertex -7.31028 13.8757 6
      vertex -7.16782 14.0219 6
    endloop
  endfacet
  facet normal 0 0 1
    outer loop
      vertex -7.36026 17.6938 6
      vertex -7.31028 13.8757 6
      vertex -7.21403 17.5514 6
    endloop
  endfacet
  facet normal 0 0 1
    outer loop
      vertex -7.36026 17.6938 6
      vertex -7.46377 13.7411 6
      vertex -7.31028 13.8757 6
    endloop
  endfacet
  facet normal 0 0 1
    outer loop
      vertex -7.51722 17.8244 6
      vertex -7.46377 13.7411 6
      vertex -7.36026 17.6938 6
    endloop
  endfacet
  facet normal 0 0 1
    outer loop
      vertex -7.51722 17.8244 6
      vertex -7.62734 13.6189 6
      vertex -7.46377 13.7411 6
    endloop
  endfacet
  facet normal 0 0 1
    outer loop
      vertex -7.68394 17.9422 6
      vertex -7.62734 13.6189 6
      vertex -7.51722 17.8244 6
    endloop
  endfacet
  facet normal 0 0 1
    outer loop
      vertex -7.68394 17.9422 6
      vertex -7.8 13.51 6
      vertex -7.62734 13.6189 6
    endloop
  endfacet
  facet normal 0 0 1
    outer loop
      vertex -7.85939 18.0466 6
      vertex -7.8 13.51 6
      vertex -7.68394 17.9422 6
    endloop
  endfacet
  facet normal 0 0 1
    outer loop
      vertex -7.85939 18.0466 6
      vertex -7.98067 13.4149 6
      vertex -7.8 13.51 6
    endloop
  endfacet
  facet normal 0 0 1
    outer loop
      vertex -8.04248 18.1369 6
      vertex -7.98067 13.4149 6
      vertex -7.85939 18.0466 6
    endloop
  endfacet
  facet normal 0 0 1
    outer loop
      vertex -8.04248 18.1369 6
      vertex -8.16824 13.3344 6
      vertex -7.98067 13.4149 6
    endloop
  endfacet
  facet normal 0 0 1
    outer loop
      vertex -8.2321 18.2125 6
      vertex -8.16824 13.3344 6
      vertex -8.04248 18.1369 6
    endloop
  endfacet
  facet normal 0 0 1
    outer loop
      vertex -8.2321 18.2125 6
      vertex -8.36156 13.2687 6
      vertex -8.16824 13.3344 6
    endloop
  endfacet
  facet normal 0 0 1
    outer loop
      vertex -8.42707 18.2731 6
      vertex -8.36156 13.2687 6
      vertex -8.2321 18.2125 6
    endloop
  endfacet
  facet normal 0 0 1
    outer loop
      vertex -8.42707 18.2731 6
      vertex -8.55943 13.2185 6
      vertex -8.36156 13.2687 6
    endloop
  endfacet
  facet normal 0 0 1
    outer loop
      vertex -8.62619 18.3181 6
      vertex -8.55943 13.2185 6
      vertex -8.42707 18.2731 6
    endloop
  endfacet
  facet normal 0 0 1
    outer loop
      vertex -8.62619 18.3181 6
      vertex -8.76063 13.1839 6
      vertex -8.55943 13.2185 6
    endloop
  endfacet
  facet normal 0 0 1
    outer loop
      vertex -8.82823 18.3474 6
      vertex -8.76063 13.1839 6
      vertex -8.62619 18.3181 6
    endloop
  endfacet
  facet normal 0 0 1
    outer loop
      vertex -8.82823 18.3474 6
      vertex -8.96393 13.1652 6
      vertex -8.76063 13.1839 6
    endloop
  endfacet
  facet normal 0 0 1
    outer loop
      vertex -9.03194 18.3608 6
      vertex -8.96393 13.1652 6
      vertex -8.82823 18.3474 6
    endloop
  endfacet
  facet normal 0 0 1
    outer loop
      vertex -9.03194 18.3608 6
      vertex -9.16806 13.1626 6
      vertex -8.96393 13.1652 6
    endloop
  endfacet
  facet normal -0 0 1
    outer loop
      vertex -9.23607 18.3581 6
      vertex -9.16806 13.1626 6
      vertex -9.03194 18.3608 6
    endloop
  endfacet
  facet normal 0 0 1
    outer loop
      vertex -9.23607 18.3581 6
      vertex -9.37177 13.1759 6
      vertex -9.16806 13.1626 6
    endloop
  endfacet
  facet normal -0 0 1
    outer loop
      vertex -9.43937 18.3394 6
      vertex -9.37177 13.1759 6
      vertex -9.23607 18.3581 6
    endloop
  endfacet
  facet normal 0 0 1
    outer loop
      vertex -9.43937 18.3394 6
      vertex -9.57381 13.2052 6
      vertex -9.37177 13.1759 6
    endloop
  endfacet
  facet normal -0 0 1
    outer loop
      vertex -9.64057 18.3048 6
      vertex -9.57381 13.2052 6
      vertex -9.43937 18.3394 6
    endloop
  endfacet
  facet normal 0 0 1
    outer loop
      vertex -9.64057 18.3048 6
      vertex -9.77293 13.2503 6
      vertex -9.57381 13.2052 6
    endloop
  endfacet
  facet normal -0 0 1
    outer loop
      vertex -9.83844 18.2546 6
      vertex -9.77293 13.2503 6
      vertex -9.64057 18.3048 6
    endloop
  endfacet
  facet normal 0 0 1
    outer loop
      vertex -9.83844 18.2546 6
      vertex -9.9679 13.3108 6
      vertex -9.77293 13.2503 6
    endloop
  endfacet
  facet normal -0 0 1
    outer loop
      vertex -10.0318 18.189 6
      vertex -9.9679 13.3108 6
      vertex -9.83844 18.2546 6
    endloop
  endfacet
  facet normal 0 0 1
    outer loop
      vertex -10.0318 18.189 6
      vertex -10.1575 13.3864 6
      vertex -9.9679 13.3108 6
    endloop
  endfacet
  facet normal -0 0 1
    outer loop
      vertex -10.2193 18.1084 6
      vertex -10.1575 13.3864 6
      vertex -10.0318 18.189 6
    endloop
  endfacet
  facet normal 0 0 1
    outer loop
      vertex -10.2193 18.1084 6
      vertex -10.3406 13.4767 6
      vertex -10.1575 13.3864 6
    endloop
  endfacet
  facet normal -0 0 1
    outer loop
      vertex -10.4 18.0133 6
      vertex -10.3406 13.4767 6
      vertex -10.2193 18.1084 6
    endloop
  endfacet
  facet normal 0 0 1
    outer loop
      vertex -10.4 18.0133 6
      vertex -10.5161 13.5811 6
      vertex -10.3406 13.4767 6
    endloop
  endfacet
  facet normal -0 0 1
    outer loop
      vertex -10.5727 17.9044 6
      vertex -10.5161 13.5811 6
      vertex -10.4 18.0133 6
    endloop
  endfacet
  facet normal 0 0 1
    outer loop
      vertex -10.5727 17.9044 6
      vertex -10.6828 13.6989 6
      vertex -10.5161 13.5811 6
    endloop
  endfacet
  facet normal -0 0 1
    outer loop
      vertex -10.7362 17.7822 6
      vertex -10.6828 13.6989 6
      vertex -10.5727 17.9044 6
    endloop
  endfacet
  facet normal 0 0 1
    outer loop
      vertex -10.7362 17.7822 6
      vertex -10.8397 13.8295 6
      vertex -10.6828 13.6989 6
    endloop
  endfacet
  facet normal -0 0 1
    outer loop
      vertex -10.8897 17.6476 6
      vertex -10.8397 13.8295 6
      vertex -10.7362 17.7822 6
    endloop
  endfacet
  facet normal 0 0 1
    outer loop
      vertex -10.8897 17.6476 6
      vertex -10.986 13.9719 6
      vertex -10.8397 13.8295 6
    endloop
  endfacet
  facet normal -0 0 1
    outer loop
      vertex -11.0322 17.5014 6
      vertex -10.986 13.9719 6
      vertex -10.8897 17.6476 6
    endloop
  endfacet
  facet normal 0 0 1
    outer loop
      vertex -11.0322 17.5014 6
      vertex -11.1206 14.1254 6
      vertex -10.986 13.9719 6
    endloop
  endfacet
  facet normal -0 0 1
    outer loop
      vertex -11.1627 17.3444 6
      vertex -11.1206 14.1254 6
      vertex -11.0322 17.5014 6
    endloop
  endfacet
  facet normal 0 0 1
    outer loop
      vertex -11.1627 17.3444 6
      vertex -11.2427 14.289 6
      vertex -11.1206 14.1254 6
    endloop
  endfacet
  facet normal -0 0 1
    outer loop
      vertex -11.2805 17.1777 6
      vertex -11.2427 14.289 6
      vertex -11.1627 17.3444 6
    endloop
  endfacet
  facet normal 0 0 1
    outer loop
      vertex -11.2805 17.1777 6
      vertex -11.3517 14.4617 6
      vertex -11.2427 14.289 6
    endloop
  endfacet
  facet normal -0 0 1
    outer loop
      vertex -11.3849 17.0023 6
      vertex -11.3517 14.4617 6
      vertex -11.2805 17.1777 6
    endloop
  endfacet
  facet normal 0 0 1
    outer loop
      vertex -11.3849 17.0023 6
      vertex -11.4467 14.6423 6
      vertex -11.3517 14.4617 6
    endloop
  endfacet
  facet normal -0 0 1
    outer loop
      vertex -11.4752 16.8192 6
      vertex -11.4467 14.6423 6
      vertex -11.3849 17.0023 6
    endloop
  endfacet
  facet normal 0 0 1
    outer loop
      vertex -11.4752 16.8192 6
      vertex -11.5273 14.8299 6
      vertex -11.4467 14.6423 6
    endloop
  endfacet
  facet normal -0 0 1
    outer loop
      vertex -11.5509 16.6296 6
      vertex -11.5273 14.8299 6
      vertex -11.4752 16.8192 6
    endloop
  endfacet
  facet normal 0 0 1
    outer loop
      vertex -11.5509 16.6296 6
      vertex -11.5929 15.0232 6
      vertex -11.5273 14.8299 6
    endloop
  endfacet
  facet normal -0 0 1
    outer loop
      vertex -11.6114 16.4346 6
      vertex -11.5929 15.0232 6
      vertex -11.5509 16.6296 6
    endloop
  endfacet
  facet normal 0 0 1
    outer loop
      vertex -11.6114 16.4346 6
      vertex -11.6432 15.2211 6
      vertex -11.5929 15.0232 6
    endloop
  endfacet
  facet normal -0 0 1
    outer loop
      vertex -11.6565 16.2355 6
      vertex -11.6432 15.2211 6
      vertex -11.6114 16.4346 6
    endloop
  endfacet
  facet normal 0 0 1
    outer loop
      vertex -11.6565 16.2355 6
      vertex -11.6778 15.4223 6
      vertex -11.6432 15.2211 6
    endloop
  endfacet
  facet normal -0 0 1
    outer loop
      vertex -11.6858 16.0334 6
      vertex -11.6778 15.4223 6
      vertex -11.6565 16.2355 6
    endloop
  endfacet
  facet normal 0 0 1
    outer loop
      vertex -11.6858 16.0334 6
      vertex -11.6964 15.6256 6
      vertex -11.6778 15.4223 6
    endloop
  endfacet
  facet normal 0 -0 1
    outer loop
      vertex -11.6964 15.6256 6
      vertex -11.6858 16.0334 6
      vertex -11.6991 15.8297 6
    endloop
  endfacet
  facet normal -0.98555 -0.169385 0
    outer loop
      vertex -6.52224 16.101 6
      vertex -6.55682 16.3022 34
      vertex -6.55682 16.3022 6
    endloop
  endfacet
  facet normal -0.98555 -0.169385 0
    outer loop
      vertex -6.55682 16.3022 34
      vertex -6.52224 16.101 6
      vertex -6.52224 16.101 34
    endloop
  endfacet
  facet normal -0.896882 0.442269 0
    outer loop
      vertex -6.81507 14.521 6
      vertex -6.72478 14.7041 34
      vertex -6.72478 14.7041 6
    endloop
  endfacet
  facet normal -0.896882 0.442269 0
    outer loop
      vertex -6.72478 14.7041 34
      vertex -6.81507 14.521 6
      vertex -6.81507 14.521 34
    endloop
  endfacet
  facet normal -0.296811 -0.954936 0
    outer loop
      vertex -8.42707 18.2731 6
      vertex -8.2321 18.2125 34
      vertex -8.42707 18.2731 34
    endloop
  endfacet
  facet normal -0.296811 -0.954936 -0
    outer loop
      vertex -8.2321 18.2125 34
      vertex -8.42707 18.2731 6
      vertex -8.2321 18.2125 6
    endloop
  endfacet
  facet normal -0.370343 -0.928895 0
    outer loop
      vertex -8.2321 18.2125 6
      vertex -8.04248 18.1369 34
      vertex -8.2321 18.2125 34
    endloop
  endfacet
  facet normal -0.370343 -0.928895 -0
    outer loop
      vertex -8.04248 18.1369 34
      vertex -8.2321 18.2125 6
      vertex -8.04248 18.1369 6
    endloop
  endfacet
  facet normal -0.0915956 0.995796 0
    outer loop
      vertex -8.76063 13.1839 6
      vertex -8.96393 13.1652 34
      vertex -8.76063 13.1839 34
    endloop
  endfacet
  facet normal -0.0915956 0.995796 0
    outer loop
      vertex -8.96393 13.1652 34
      vertex -8.76063 13.1839 6
      vertex -8.96393 13.1652 6
    endloop
  endfacet
  facet normal 0.969184 0.246336 0
    outer loop
      vertex -11.5929 15.0232 34
      vertex -11.6432 15.2211 6
      vertex -11.6432 15.2211 34
    endloop
  endfacet
  facet normal 0.969184 0.246336 0
    outer loop
      vertex -11.6432 15.2211 6
      vertex -11.5929 15.0232 34
      vertex -11.5929 15.0232 6
    endloop
  endfacet
  facet normal 0.086027 -0.996176 0.01523
    outer loop
      vertex -9.43937 18.3394 33.8708
      vertex -9.23607 18.3581 33.9456
      vertex -9.34865 18.3478 33.9078
    endloop
  endfacet
  facet normal 0.0915956 -0.995796 0
    outer loop
      vertex -9.23607 18.3581 6
      vertex -9.43937 18.3394 33.8708
      vertex -9.43937 18.3394 6
    endloop
  endfacet
  facet normal 0.0915956 -0.995796 0
    outer loop
      vertex -9.43937 18.3394 33.8708
      vertex -9.23607 18.3581 6
      vertex -9.23607 18.3581 33.9456
    endloop
  endfacet
  facet normal -0.465787 0.884897 0
    outer loop
      vertex -7.8 13.51 6
      vertex -7.98067 13.4149 34
      vertex -7.8 13.51 34
    endloop
  endfacet
  facet normal -0.465787 0.884897 0
    outer loop
      vertex -7.98067 13.4149 34
      vertex -7.8 13.51 6
      vertex -7.98067 13.4149 6
    endloop
  endfacet
  facet normal -0.946925 -0.321455 0
    outer loop
      vertex -6.60707 16.5001 6
      vertex -6.67269 16.6934 34
      vertex -6.67269 16.6934 6
    endloop
  endfacet
  facet normal -0.946925 -0.321455 0
    outer loop
      vertex -6.67269 16.6934 34
      vertex -6.60707 16.5001 6
      vertex -6.60707 16.5001 34
    endloop
  endfacet
  facet normal -0.995805 -0.0914985 0
    outer loop
      vertex -6.50356 15.8977 6
      vertex -6.52224 16.101 34
      vertex -6.52224 16.101 6
    endloop
  endfacet
  facet normal -0.995805 -0.0914985 0
    outer loop
      vertex -6.52224 16.101 34
      vertex -6.50356 15.8977 6
      vertex -6.50356 15.8977 34
    endloop
  endfacet
  facet normal -0.639606 -0.768703 0
    outer loop
      vertex -7.51722 17.8244 6
      vertex -7.36026 17.6938 34
      vertex -7.51722 17.8244 34
    endloop
  endfacet
  facet normal -0.639606 -0.768703 -0
    outer loop
      vertex -7.36026 17.6938 34
      vertex -7.51722 17.8244 6
      vertex -7.36026 17.6938 6
    endloop
  endfacet
  facet normal -0.697662 -0.716427 0
    outer loop
      vertex -7.36026 17.6938 6
      vertex -7.21403 17.5514 34
      vertex -7.36026 17.6938 34
    endloop
  endfacet
  facet normal -0.697662 -0.716427 -0
    outer loop
      vertex -7.21403 17.5514 34
      vertex -7.36026 17.6938 6
      vertex -7.21403 17.5514 6
    endloop
  endfacet
  facet normal 0.678811 0.734313 -0
    outer loop
      vertex -19.8886 -1.97705 6
      vertex -20.0385 -1.83848 34
      vertex -19.8886 -1.97705 34
    endloop
  endfacet
  facet normal 0.678811 0.734313 0
    outer loop
      vertex -20.0385 -1.83848 34
      vertex -19.8886 -1.97705 6
      vertex -20.0385 -1.83848 6
    endloop
  endfacet
  facet normal -0.785522 -0.618834 0
    outer loop
      vertex -16.0966 1.52824 6
      vertex -16.2229 1.68856 34
      vertex -16.2229 1.68856 6
    endloop
  endfacet
  facet normal -0.785522 -0.618834 0
    outer loop
      vertex -16.2229 1.68856 34
      vertex -16.0966 1.52824 6
      vertex -16.0966 1.52824 34
    endloop
  endfacet
  facet normal -0.271529 0.96243 0
    outer loop
      vertex -17.3966 -2.47275 6
      vertex -17.593 -2.52816 34
      vertex -17.3966 -2.47275 34
    endloop
  endfacet
  facet normal -0.271529 0.96243 0
    outer loop
      vertex -17.593 -2.52816 34
      vertex -17.3966 -2.47275 6
      vertex -17.593 -2.52816 6
    endloop
  endfacet
  facet normal 0.831281 -0.555852 0
    outer loop
      vertex -20.4169 1.3585 34
      vertex -20.3034 1.52824 6
      vertex -20.3034 1.52824 34
    endloop
  endfacet
  facet normal 0.831281 -0.555852 0
    outer loop
      vertex -20.3034 1.52824 6
      vertex -20.4169 1.3585 34
      vertex -20.4169 1.3585 6
    endloop
  endfacet
  facet normal -0.999232 -0.0391869 0
    outer loop
      vertex -15.6 0 6
      vertex -15.608 0.203993 34
      vertex -15.608 0.203993 6
    endloop
  endfacet
  facet normal -0.999232 -0.0391869 0
    outer loop
      vertex -15.608 0.203993 34
      vertex -15.6 0 6
      vertex -15.6 0 34
    endloop
  endfacet
  facet normal -0.488693 -0.872456 0
    outer loop
      vertex -17.0196 2.31662 6
      vertex -16.8415 2.21686 34
      vertex -17.0196 2.31662 34
    endloop
  endfacet
  facet normal -0.488693 -0.872456 -0
    outer loop
      vertex -16.8415 2.21686 34
      vertex -17.0196 2.31662 6
      vertex -16.8415 2.21686 6
    endloop
  endfacet
  facet normal -0.346009 -0.938231 0
    outer loop
      vertex -17.3966 2.47275 6
      vertex -17.205 2.40209 34
      vertex -17.3966 2.47275 34
    endloop
  endfacet
  facet normal -0.346009 -0.938231 -0
    outer loop
      vertex -17.205 2.40209 34
      vertex -17.3966 2.47275 6
      vertex -17.205 2.40209 6
    endloop
  endfacet
  facet normal 0.980811 0.194959 -0
    outer loop
      vertex -20.7282 -0.606957 6
      vertex -20.768 -0.406729 33.716
      vertex -20.7282 -0.606957 33.748
    endloop
  endfacet
  facet normal 0.980811 0.194959 0
    outer loop
      vertex -20.768 -0.406729 33.716
      vertex -20.7282 -0.606957 6
      vertex -20.768 -0.406729 6
    endloop
  endfacet
  facet normal -0.117532 -0.993069 0
    outer loop
      vertex -17.996 2.59198 6
      vertex -17.7933 2.56799 34
      vertex -17.996 2.59198 34
    endloop
  endfacet
  facet normal -0.117532 -0.993069 -0
    outer loop
      vertex -17.7933 2.56799 34
      vertex -17.996 2.59198 6
      vertex -17.7933 2.56799 6
    endloop
  endfacet
  facet normal 0.831281 0.555852 0
    outer loop
      vertex -20.3034 -1.52824 34
      vertex -20.4169 -1.3585 6
      vertex -20.4169 -1.3585 34
    endloop
  endfacet
  facet normal 0.831281 0.555852 0
    outer loop
      vertex -20.4169 -1.3585 6
      vertex -20.3034 -1.52824 34
      vertex -20.3034 -1.52824 6
    endloop
  endfacet
  facet normal 0.346009 -0.938231 0
    outer loop
      vertex -19.195 2.40209 6
      vertex -19.0034 2.47275 34
      vertex -19.195 2.40209 34
    endloop
  endfacet
  facet normal 0.346009 -0.938231 0
    outer loop
      vertex -19.0034 2.47275 34
      vertex -19.195 2.40209 6
      vertex -19.0034 2.47275 6
    endloop
  endfacet
  facet normal 0.785522 0.618834 0
    outer loop
      vertex -20.1771 -1.68856 34
      vertex -20.3034 -1.52824 6
      vertex -20.3034 -1.52824 34
    endloop
  endfacet
  facet normal 0.785522 0.618834 0
    outer loop
      vertex -20.3034 -1.52824 6
      vertex -20.1771 -1.68856 34
      vertex -20.1771 -1.68856 6
    endloop
  endfacet
  facet normal -0.993066 -0.11756 0
    outer loop
      vertex -15.608 0.203993 6
      vertex -15.632 0.406729 34
      vertex -15.632 0.406729 6
    endloop
  endfacet
  facet normal -0.993066 -0.11756 0
    outer loop
      vertex -15.632 0.406729 34
      vertex -15.608 0.203993 6
      vertex -15.608 0.203993 34
    endloop
  endfacet
  facet normal 0.555672 0.831402 -0
    outer loop
      vertex -19.5585 -2.21686 6
      vertex -19.7282 -2.10344 34
      vertex -19.5585 -2.21686 34
    endloop
  endfacet
  facet normal 0.555672 0.831402 0
    outer loop
      vertex -19.7282 -2.10344 34
      vertex -19.5585 -2.21686 6
      vertex -19.7282 -2.10344 6
    endloop
  endfacet
  facet normal 0.999232 0.0391869 0
    outer loop
      vertex -20.792 -0.203993 33.7
      vertex -20.8 0 6
      vertex -20.8 0 33.7
    endloop
  endfacet
  facet normal 0.999232 0.0391869 0
    outer loop
      vertex -20.8 0 6
      vertex -20.792 -0.203993 33.7
      vertex -20.792 -0.203993 6
    endloop
  endfacet
  facet normal 0.346009 0.938231 -0
    outer loop
      vertex -19.0034 -2.47275 6
      vertex -19.195 -2.40209 34
      vertex -19.0034 -2.47275 34
    endloop
  endfacet
  facet normal 0.346009 0.938231 0
    outer loop
      vertex -19.195 -2.40209 34
      vertex -19.0034 -2.47275 6
      vertex -19.195 -2.40209 6
    endloop
  endfacet
  facet normal 0.993066 -0.11756 0
    outer loop
      vertex -20.792 0.203993 33.7
      vertex -20.768 0.406729 6
      vertex -20.768 0.406729 33.716
    endloop
  endfacet
  facet normal 0.993066 -0.11756 0
    outer loop
      vertex -20.768 0.406729 6
      vertex -20.792 0.203993 33.7
      vertex -20.792 0.203993 6
    endloop
  endfacet
  facet normal 0.271529 -0.96243 0
    outer loop
      vertex -19.0034 2.47275 6
      vertex -18.807 2.52816 34
      vertex -19.0034 2.47275 34
    endloop
  endfacet
  facet normal 0.271529 -0.96243 0
    outer loop
      vertex -18.807 2.52816 34
      vertex -19.0034 2.47275 6
      vertex -18.807 2.52816 6
    endloop
  endfacet
  facet normal -0.346009 0.938231 0
    outer loop
      vertex -17.205 -2.40209 6
      vertex -17.3966 -2.47275 34
      vertex -17.205 -2.40209 34
    endloop
  endfacet
  facet normal -0.346009 0.938231 0
    outer loop
      vertex -17.3966 -2.47275 34
      vertex -17.205 -2.40209 6
      vertex -17.3966 -2.47275 6
    endloop
  endfacet
  facet normal 0.993066 0.11756 -0
    outer loop
      vertex -20.768 -0.406729 6
      vertex -20.792 -0.203993 33.7
      vertex -20.768 -0.406729 33.716
    endloop
  endfacet
  facet normal 0.993066 0.11756 0
    outer loop
      vertex -20.792 -0.203993 33.7
      vertex -20.768 -0.406729 6
      vertex -20.792 -0.203993 6
    endloop
  endfacet
  facet normal 0.938287 0.345859 -0
    outer loop
      vertex -20.6021 -0.994976 6
      vertex -20.6727 -0.803444 33.7957
      vertex -20.6021 -0.994976 33.8588
    endloop
  endfacet
  facet normal 0.938287 0.345859 0
    outer loop
      vertex -20.6727 -0.803444 33.7957
      vertex -20.6021 -0.994976 6
      vertex -20.6727 -0.803444 6
    endloop
  endfacet
  facet normal -0.195033 0.980797 0
    outer loop
      vertex -17.593 -2.52816 6
      vertex -17.7933 -2.56799 34
      vertex -17.593 -2.52816 34
    endloop
  endfacet
  facet normal -0.195033 0.980797 0
    outer loop
      vertex -17.7933 -2.56799 34
      vertex -17.593 -2.52816 6
      vertex -17.7933 -2.56799 6
    endloop
  endfacet
  facet normal 0.908092 -0.418771 0
    outer loop
      vertex -20.6021 0.994976 33.8588
      vertex -20.5166 1.18038 6
      vertex -20.5166 1.18038 33.937
    endloop
  endfacet
  facet normal 0.908092 -0.418771 0
    outer loop
      vertex -20.5166 1.18038 6
      vertex -20.6021 0.994976 33.8588
      vertex -20.6021 0.994976 6
    endloop
  endfacet
  facet normal 0.999232 -0.0391869 0
    outer loop
      vertex -20.8 0 33.7
      vertex -20.792 0.203993 6
      vertex -20.792 0.203993 33.7
    endloop
  endfacet
  facet normal 0.999232 -0.0391869 0
    outer loop
      vertex -20.792 0.203993 6
      vertex -20.8 0 33.7
      vertex -20.8 0 6
    endloop
  endfacet
  facet normal -0.0392834 -0.999228 0
    outer loop
      vertex -18.2 2.6 6
      vertex -17.996 2.59198 34
      vertex -18.2 2.6 34
    endloop
  endfacet
  facet normal -0.0392834 -0.999228 -0
    outer loop
      vertex -17.996 2.59198 34
      vertex -18.2 2.6 6
      vertex -17.996 2.59198 6
    endloop
  endfacet
  facet normal -0.117532 0.993069 0
    outer loop
      vertex -17.7933 -2.56799 6
      vertex -17.996 -2.59198 34
      vertex -17.7933 -2.56799 34
    endloop
  endfacet
  facet normal -0.117532 0.993069 0
    outer loop
      vertex -17.996 -2.59198 34
      vertex -17.7933 -2.56799 6
      vertex -17.996 -2.59198 6
    endloop
  endfacet
  facet normal 0.785522 -0.618834 0
    outer loop
      vertex -20.3034 1.52824 34
      vertex -20.1771 1.68856 6
      vertex -20.1771 1.68856 34
    endloop
  endfacet
  facet normal 0.785522 -0.618834 0
    outer loop
      vertex -20.1771 1.68856 6
      vertex -20.3034 1.52824 34
      vertex -20.3034 1.52824 6
    endloop
  endfacet
  facet normal 0.195033 0.980797 -0
    outer loop
      vertex -18.6067 -2.56799 6
      vertex -18.807 -2.52816 34
      vertex -18.6067 -2.56799 34
    endloop
  endfacet
  facet normal 0.195033 0.980797 0
    outer loop
      vertex -18.807 -2.52816 34
      vertex -18.6067 -2.56799 6
      vertex -18.807 -2.52816 6
    endloop
  endfacet
  facet normal -0.962346 0.271826 0
    outer loop
      vertex -15.7273 -0.803444 6
      vertex -15.6718 -0.606957 34
      vertex -15.6718 -0.606957 6
    endloop
  endfacet
  facet normal -0.962346 0.271826 0
    outer loop
      vertex -15.6718 -0.606957 34
      vertex -15.7273 -0.803444 6
      vertex -15.7273 -0.803444 34
    endloop
  endfacet
  facet normal -0.734285 -0.678841 0
    outer loop
      vertex -16.2229 1.68856 6
      vertex -16.3615 1.83848 34
      vertex -16.3615 1.83848 6
    endloop
  endfacet
  facet normal -0.734285 -0.678841 0
    outer loop
      vertex -16.3615 1.83848 34
      vertex -16.2229 1.68856 6
      vertex -16.2229 1.68856 34
    endloop
  endfacet
  facet normal 0.872532 0.488557 0.000481044
    outer loop
      vertex -20.4169 -1.3585 34
      vertex -20.5166 -1.18038 33.937
      vertex -20.4489 -1.30135 34
    endloop
  endfacet
  facet normal 0.872605 0.488427 -0
    outer loop
      vertex -20.4169 -1.3585 6
      vertex -20.5166 -1.18038 33.937
      vertex -20.4169 -1.3585 34
    endloop
  endfacet
  facet normal 0.872605 0.488427 0
    outer loop
      vertex -20.5166 -1.18038 33.937
      vertex -20.4169 -1.3585 6
      vertex -20.5166 -1.18038 6
    endloop
  endfacet
  facet normal -0.678811 -0.734313 0
    outer loop
      vertex -16.5114 1.97705 6
      vertex -16.3615 1.83848 34
      vertex -16.5114 1.97705 34
    endloop
  endfacet
  facet normal -0.678811 -0.734313 -0
    outer loop
      vertex -16.3615 1.83848 34
      vertex -16.5114 1.97705 6
      vertex -16.3615 1.83848 6
    endloop
  endfacet
  facet normal 0.908092 0.418771 -0
    outer loop
      vertex -20.5166 -1.18038 6
      vertex -20.6021 -0.994976 33.8588
      vertex -20.5166 -1.18038 33.937
    endloop
  endfacet
  facet normal 0.908092 0.418771 0
    outer loop
      vertex -20.6021 -0.994976 33.8588
      vertex -20.5166 -1.18038 6
      vertex -20.6021 -0.994976 6
    endloop
  endfacet
  facet normal 0.117532 -0.993069 0
    outer loop
      vertex -18.6067 2.56799 6
      vertex -18.404 2.59198 34
      vertex -18.6067 2.56799 34
    endloop
  endfacet
  facet normal 0.117532 -0.993069 0
    outer loop
      vertex -18.404 2.59198 34
      vertex -18.6067 2.56799 6
      vertex -18.404 2.59198 6
    endloop
  endfacet
  facet normal 0.734285 -0.678841 0
    outer loop
      vertex -20.1771 1.68856 34
      vertex -20.0385 1.83848 6
      vertex -20.0385 1.83848 34
    endloop
  endfacet
  facet normal 0.734285 -0.678841 0
    outer loop
      vertex -20.0385 1.83848 6
      vertex -20.1771 1.68856 34
      vertex -20.1771 1.68856 6
    endloop
  endfacet
  facet normal 0.488693 0.872456 -0
    outer loop
      vertex -19.3804 -2.31662 6
      vertex -19.5585 -2.21686 34
      vertex -19.3804 -2.31662 34
    endloop
  endfacet
  facet normal 0.488693 0.872456 0
    outer loop
      vertex -19.5585 -2.21686 34
      vertex -19.3804 -2.31662 6
      vertex -19.5585 -2.21686 6
    endloop
  endfacet
  facet normal -0.618915 -0.785458 0
    outer loop
      vertex -16.6718 2.10344 6
      vertex -16.5114 1.97705 34
      vertex -16.6718 2.10344 34
    endloop
  endfacet
  facet normal -0.618915 -0.785458 -0
    outer loop
      vertex -16.5114 1.97705 34
      vertex -16.6718 2.10344 6
      vertex -16.5114 1.97705 6
    endloop
  endfacet
  facet normal 0.678811 -0.734313 0
    outer loop
      vertex -20.0385 1.83848 6
      vertex -19.8886 1.97705 34
      vertex -20.0385 1.83848 34
    endloop
  endfacet
  facet normal 0.678811 -0.734313 0
    outer loop
      vertex -19.8886 1.97705 34
      vertex -20.0385 1.83848 6
      vertex -19.8886 1.97705 6
    endloop
  endfacet
  facet normal 0.0392834 0.999228 -0
    outer loop
      vertex -18.2 -2.6 6
      vertex -18.404 -2.59198 34
      vertex -18.2 -2.6 34
    endloop
  endfacet
  facet normal 0.0392834 0.999228 0
    outer loop
      vertex -18.404 -2.59198 34
      vertex -18.2 -2.6 6
      vertex -18.404 -2.59198 6
    endloop
  endfacet
  facet normal -0.271529 -0.96243 0
    outer loop
      vertex -17.593 2.52816 6
      vertex -17.3966 2.47275 34
      vertex -17.593 2.52816 34
    endloop
  endfacet
  facet normal -0.271529 -0.96243 -0
    outer loop
      vertex -17.3966 2.47275 34
      vertex -17.593 2.52816 6
      vertex -17.3966 2.47275 6
    endloop
  endfacet
  facet normal 0.618915 0.785458 -0
    outer loop
      vertex -19.7282 -2.10344 6
      vertex -19.8886 -1.97705 34
      vertex -19.7282 -2.10344 34
    endloop
  endfacet
  facet normal 0.618915 0.785458 0
    outer loop
      vertex -19.8886 -1.97705 34
      vertex -19.7282 -2.10344 6
      vertex -19.8886 -1.97705 6
    endloop
  endfacet
  facet normal 0.734285 0.678841 0
    outer loop
      vertex -20.0385 -1.83848 34
      vertex -20.1771 -1.68856 6
      vertex -20.1771 -1.68856 34
    endloop
  endfacet
  facet normal 0.734285 0.678841 0
    outer loop
      vertex -20.1771 -1.68856 6
      vertex -20.0385 -1.83848 34
      vertex -20.0385 -1.83848 6
    endloop
  endfacet
  facet normal 0.0392834 -0.999228 0
    outer loop
      vertex -18.404 2.59198 6
      vertex -18.2 2.6 34
      vertex -18.404 2.59198 34
    endloop
  endfacet
  facet normal 0.0392834 -0.999228 0
    outer loop
      vertex -18.2 2.6 34
      vertex -18.404 2.59198 6
      vertex -18.2 2.6 6
    endloop
  endfacet
  facet normal -0.418657 -0.908144 0
    outer loop
      vertex -17.205 2.40209 6
      vertex -17.0196 2.31662 34
      vertex -17.205 2.40209 34
    endloop
  endfacet
  facet normal -0.418657 -0.908144 -0
    outer loop
      vertex -17.0196 2.31662 34
      vertex -17.205 2.40209 6
      vertex -17.0196 2.31662 6
    endloop
  endfacet
  facet normal -0.993066 0.11756 0
    outer loop
      vertex -15.632 -0.406729 6
      vertex -15.608 -0.203993 34
      vertex -15.608 -0.203993 6
    endloop
  endfacet
  facet normal -0.993066 0.11756 0
    outer loop
      vertex -15.608 -0.203993 34
      vertex -15.632 -0.406729 6
      vertex -15.632 -0.406729 34
    endloop
  endfacet
  facet normal -0.678811 0.734313 0
    outer loop
      vertex -16.3615 -1.83848 6
      vertex -16.5114 -1.97705 34
      vertex -16.3615 -1.83848 34
    endloop
  endfacet
  facet normal -0.678811 0.734313 0
    outer loop
      vertex -16.5114 -1.97705 34
      vertex -16.3615 -1.83848 6
      vertex -16.5114 -1.97705 6
    endloop
  endfacet
  facet normal -0.618915 0.785458 0
    outer loop
      vertex -16.5114 -1.97705 6
      vertex -16.6718 -2.10344 34
      vertex -16.5114 -1.97705 34
    endloop
  endfacet
  facet normal -0.618915 0.785458 0
    outer loop
      vertex -16.6718 -2.10344 34
      vertex -16.5114 -1.97705 6
      vertex -16.6718 -2.10344 6
    endloop
  endfacet
  facet normal -0.980811 0.194959 0
    outer loop
      vertex -15.6718 -0.606957 6
      vertex -15.632 -0.406729 34
      vertex -15.632 -0.406729 6
    endloop
  endfacet
  facet normal -0.980811 0.194959 0
    outer loop
      vertex -15.632 -0.406729 34
      vertex -15.6718 -0.606957 6
      vertex -15.6718 -0.606957 34
    endloop
  endfacet
  facet normal -0.831281 -0.555852 0
    outer loop
      vertex -15.9831 1.3585 6
      vertex -16.0966 1.52824 34
      vertex -16.0966 1.52824 6
    endloop
  endfacet
  facet normal -0.831281 -0.555852 0
    outer loop
      vertex -16.0966 1.52824 34
      vertex -15.9831 1.3585 6
      vertex -15.9831 1.3585 34
    endloop
  endfacet
  facet normal 0.117532 0.993069 -0
    outer loop
      vertex -18.404 -2.59198 6
      vertex -18.6067 -2.56799 34
      vertex -18.404 -2.59198 34
    endloop
  endfacet
  facet normal 0.117532 0.993069 0
    outer loop
      vertex -18.6067 -2.56799 34
      vertex -18.404 -2.59198 6
      vertex -18.6067 -2.56799 6
    endloop
  endfacet
  facet normal 0.555672 -0.831402 0
    outer loop
      vertex -19.7282 2.10344 6
      vertex -19.5585 2.21686 34
      vertex -19.7282 2.10344 34
    endloop
  endfacet
  facet normal 0.555672 -0.831402 0
    outer loop
      vertex -19.5585 2.21686 34
      vertex -19.7282 2.10344 6
      vertex -19.5585 2.21686 6
    endloop
  endfacet
  facet normal 0.271529 0.96243 -0
    outer loop
      vertex -18.807 -2.52816 6
      vertex -19.0034 -2.47275 34
      vertex -18.807 -2.52816 34
    endloop
  endfacet
  facet normal 0.271529 0.96243 0
    outer loop
      vertex -19.0034 -2.47275 34
      vertex -18.807 -2.52816 6
      vertex -19.0034 -2.47275 6
    endloop
  endfacet
  facet normal 0.418657 -0.908144 0
    outer loop
      vertex -19.3804 2.31662 6
      vertex -19.195 2.40209 34
      vertex -19.3804 2.31662 34
    endloop
  endfacet
  facet normal 0.418657 -0.908144 0
    outer loop
      vertex -19.195 2.40209 34
      vertex -19.3804 2.31662 6
      vertex -19.195 2.40209 6
    endloop
  endfacet
  facet normal 0.980811 -0.194959 0
    outer loop
      vertex -20.768 0.406729 33.716
      vertex -20.7282 0.606957 6
      vertex -20.7282 0.606957 33.748
    endloop
  endfacet
  facet normal 0.980811 -0.194959 0
    outer loop
      vertex -20.7282 0.606957 6
      vertex -20.768 0.406729 33.716
      vertex -20.768 0.406729 6
    endloop
  endfacet
  facet normal 0.938287 -0.345859 0
    outer loop
      vertex -20.6727 0.803444 33.7957
      vertex -20.6021 0.994976 6
      vertex -20.6021 0.994976 33.8588
    endloop
  endfacet
  facet normal 0.938287 -0.345859 0
    outer loop
      vertex -20.6021 0.994976 6
      vertex -20.6727 0.803444 33.7957
      vertex -20.6727 0.803444 6
    endloop
  endfacet
  facet normal 0.195033 -0.980797 0
    outer loop
      vertex -18.807 2.52816 6
      vertex -18.6067 2.56799 34
      vertex -18.807 2.52816 34
    endloop
  endfacet
  facet normal 0.195033 -0.980797 0
    outer loop
      vertex -18.6067 2.56799 34
      vertex -18.807 2.52816 6
      vertex -18.6067 2.56799 6
    endloop
  endfacet
  facet normal -0.488693 0.872456 0
    outer loop
      vertex -16.8415 -2.21686 6
      vertex -17.0196 -2.31662 34
      vertex -16.8415 -2.21686 34
    endloop
  endfacet
  facet normal -0.488693 0.872456 0
    outer loop
      vertex -17.0196 -2.31662 34
      vertex -16.8415 -2.21686 6
      vertex -17.0196 -2.31662 6
    endloop
  endfacet
  facet normal -0.418657 0.908144 0
    outer loop
      vertex -17.0196 -2.31662 6
      vertex -17.205 -2.40209 34
      vertex -17.0196 -2.31662 34
    endloop
  endfacet
  facet normal -0.418657 0.908144 0
    outer loop
      vertex -17.205 -2.40209 34
      vertex -17.0196 -2.31662 6
      vertex -17.205 -2.40209 6
    endloop
  endfacet
  facet normal -0.999232 0.0391869 0
    outer loop
      vertex -15.608 -0.203993 6
      vertex -15.6 0 34
      vertex -15.6 0 6
    endloop
  endfacet
  facet normal -0.999232 0.0391869 0
    outer loop
      vertex -15.6 0 34
      vertex -15.608 -0.203993 6
      vertex -15.608 -0.203993 34
    endloop
  endfacet
  facet normal -0.980811 -0.194959 0
    outer loop
      vertex -15.632 0.406729 6
      vertex -15.6718 0.606957 34
      vertex -15.6718 0.606957 6
    endloop
  endfacet
  facet normal -0.980811 -0.194959 0
    outer loop
      vertex -15.6718 0.606957 34
      vertex -15.632 0.406729 6
      vertex -15.632 0.406729 34
    endloop
  endfacet
  facet normal 0.962346 0.271826 -0
    outer loop
      vertex -20.6727 -0.803444 6
      vertex -20.7282 -0.606957 33.748
      vertex -20.6727 -0.803444 33.7957
    endloop
  endfacet
  facet normal 0.962346 0.271826 0
    outer loop
      vertex -20.7282 -0.606957 33.748
      vertex -20.6727 -0.803444 6
      vertex -20.7282 -0.606957 6
    endloop
  endfacet
  facet normal -0.195033 -0.980797 0
    outer loop
      vertex -17.7933 2.56799 6
      vertex -17.593 2.52816 34
      vertex -17.7933 2.56799 34
    endloop
  endfacet
  facet normal -0.195033 -0.980797 -0
    outer loop
      vertex -17.593 2.52816 34
      vertex -17.7933 2.56799 6
      vertex -17.593 2.52816 6
    endloop
  endfacet
  facet normal -0.831281 0.555852 0
    outer loop
      vertex -16.0966 -1.52824 6
      vertex -15.9831 -1.3585 34
      vertex -15.9831 -1.3585 6
    endloop
  endfacet
  facet normal -0.831281 0.555852 0
    outer loop
      vertex -15.9831 -1.3585 34
      vertex -16.0966 -1.52824 6
      vertex -16.0966 -1.52824 34
    endloop
  endfacet
  facet normal -0.0392834 0.999228 0
    outer loop
      vertex -17.996 -2.59198 6
      vertex -18.2 -2.6 34
      vertex -17.996 -2.59198 34
    endloop
  endfacet
  facet normal -0.0392834 0.999228 0
    outer loop
      vertex -18.2 -2.6 34
      vertex -17.996 -2.59198 6
      vertex -18.2 -2.6 6
    endloop
  endfacet
  facet normal -0.785522 0.618834 0
    outer loop
      vertex -16.2229 -1.68856 6
      vertex -16.0966 -1.52824 34
      vertex -16.0966 -1.52824 6
    endloop
  endfacet
  facet normal -0.785522 0.618834 0
    outer loop
      vertex -16.0966 -1.52824 34
      vertex -16.2229 -1.68856 6
      vertex -16.2229 -1.68856 34
    endloop
  endfacet
  facet normal 0.488693 -0.872456 0
    outer loop
      vertex -19.5585 2.21686 6
      vertex -19.3804 2.31662 34
      vertex -19.5585 2.21686 34
    endloop
  endfacet
  facet normal 0.488693 -0.872456 0
    outer loop
      vertex -19.3804 2.31662 34
      vertex -19.5585 2.21686 6
      vertex -19.3804 2.31662 6
    endloop
  endfacet
  facet normal -0.872605 0.488427 0
    outer loop
      vertex -15.9831 -1.3585 6
      vertex -15.8834 -1.18038 34
      vertex -15.8834 -1.18038 6
    endloop
  endfacet
  facet normal -0.872605 0.488427 0
    outer loop
      vertex -15.8834 -1.18038 34
      vertex -15.9831 -1.3585 6
      vertex -15.9831 -1.3585 34
    endloop
  endfacet
  facet normal 0.872532 -0.488557 0.000481044
    outer loop
      vertex -20.5166 1.18038 33.937
      vertex -20.4169 1.3585 34
      vertex -20.4489 1.30135 34
    endloop
  endfacet
  facet normal 0.872605 -0.488427 0
    outer loop
      vertex -20.4169 1.3585 34
      vertex -20.5166 1.18038 33.937
      vertex -20.4169 1.3585 6
    endloop
  endfacet
  facet normal 0.872605 -0.488427 0
    outer loop
      vertex -20.4169 1.3585 6
      vertex -20.5166 1.18038 33.937
      vertex -20.5166 1.18038 6
    endloop
  endfacet
  facet normal -0.734285 0.678841 0
    outer loop
      vertex -16.3615 -1.83848 6
      vertex -16.2229 -1.68856 34
      vertex -16.2229 -1.68856 6
    endloop
  endfacet
  facet normal -0.734285 0.678841 0
    outer loop
      vertex -16.2229 -1.68856 34
      vertex -16.3615 -1.83848 6
      vertex -16.3615 -1.83848 34
    endloop
  endfacet
  facet normal -0.555672 0.831402 0
    outer loop
      vertex -16.6718 -2.10344 6
      vertex -16.8415 -2.21686 34
      vertex -16.6718 -2.10344 34
    endloop
  endfacet
  facet normal -0.555672 0.831402 0
    outer loop
      vertex -16.8415 -2.21686 34
      vertex -16.6718 -2.10344 6
      vertex -16.8415 -2.21686 6
    endloop
  endfacet
  facet normal -0.938287 0.345859 0
    outer loop
      vertex -15.7979 -0.994976 6
      vertex -15.7273 -0.803444 34
      vertex -15.7273 -0.803444 6
    endloop
  endfacet
  facet normal -0.938287 0.345859 0
    outer loop
      vertex -15.7273 -0.803444 34
      vertex -15.7979 -0.994976 6
      vertex -15.7979 -0.994976 34
    endloop
  endfacet
  facet normal -0.938287 -0.345859 0
    outer loop
      vertex -15.7273 0.803444 6
      vertex -15.7979 0.994976 34
      vertex -15.7979 0.994976 6
    endloop
  endfacet
  facet normal -0.938287 -0.345859 0
    outer loop
      vertex -15.7979 0.994976 34
      vertex -15.7273 0.803444 6
      vertex -15.7273 0.803444 34
    endloop
  endfacet
  facet normal 0.418657 0.908144 -0
    outer loop
      vertex -19.195 -2.40209 6
      vertex -19.3804 -2.31662 34
      vertex -19.195 -2.40209 34
    endloop
  endfacet
  facet normal 0.418657 0.908144 0
    outer loop
      vertex -19.3804 -2.31662 34
      vertex -19.195 -2.40209 6
      vertex -19.3804 -2.31662 6
    endloop
  endfacet
  facet normal 0.962346 -0.271826 0
    outer loop
      vertex -20.7282 0.606957 33.748
      vertex -20.6727 0.803444 6
      vertex -20.6727 0.803444 33.7957
    endloop
  endfacet
  facet normal 0.962346 -0.271826 0
    outer loop
      vertex -20.6727 0.803444 6
      vertex -20.7282 0.606957 33.748
      vertex -20.7282 0.606957 6
    endloop
  endfacet
  facet normal -0.908092 -0.418771 0
    outer loop
      vertex -15.7979 0.994976 6
      vertex -15.8834 1.18038 34
      vertex -15.8834 1.18038 6
    endloop
  endfacet
  facet normal -0.908092 -0.418771 0
    outer loop
      vertex -15.8834 1.18038 34
      vertex -15.7979 0.994976 6
      vertex -15.7979 0.994976 34
    endloop
  endfacet
  facet normal -0.872605 -0.488427 0
    outer loop
      vertex -15.8834 1.18038 6
      vertex -15.9831 1.3585 34
      vertex -15.9831 1.3585 6
    endloop
  endfacet
  facet normal -0.872605 -0.488427 0
    outer loop
      vertex -15.9831 1.3585 34
      vertex -15.8834 1.18038 6
      vertex -15.8834 1.18038 34
    endloop
  endfacet
  facet normal -0.908092 0.418771 0
    outer loop
      vertex -15.8834 -1.18038 6
      vertex -15.7979 -0.994976 34
      vertex -15.7979 -0.994976 6
    endloop
  endfacet
  facet normal -0.908092 0.418771 0
    outer loop
      vertex -15.7979 -0.994976 34
      vertex -15.8834 -1.18038 6
      vertex -15.8834 -1.18038 34
    endloop
  endfacet
  facet normal -0.962346 -0.271826 0
    outer loop
      vertex -15.6718 0.606957 6
      vertex -15.7273 0.803444 34
      vertex -15.7273 0.803444 6
    endloop
  endfacet
  facet normal -0.962346 -0.271826 0
    outer loop
      vertex -15.7273 0.803444 34
      vertex -15.6718 0.606957 6
      vertex -15.6718 0.606957 34
    endloop
  endfacet
  facet normal 0 0 1
    outer loop
      vertex -15.608 0.203993 6
      vertex -15.608 -0.203993 6
      vertex -15.6 0 6
    endloop
  endfacet
  facet normal 0 0 1
    outer loop
      vertex -15.632 0.406729 6
      vertex -15.608 -0.203993 6
      vertex -15.608 0.203993 6
    endloop
  endfacet
  facet normal 0 0 1
    outer loop
      vertex -15.632 0.406729 6
      vertex -15.632 -0.406729 6
      vertex -15.608 -0.203993 6
    endloop
  endfacet
  facet normal 0 0 1
    outer loop
      vertex -15.6718 0.606957 6
      vertex -15.632 -0.406729 6
      vertex -15.632 0.406729 6
    endloop
  endfacet
  facet normal 0 0 1
    outer loop
      vertex -15.6718 0.606957 6
      vertex -15.6718 -0.606957 6
      vertex -15.632 -0.406729 6
    endloop
  endfacet
  facet normal 0 0 1
    outer loop
      vertex -15.7273 0.803444 6
      vertex -15.6718 -0.606957 6
      vertex -15.6718 0.606957 6
    endloop
  endfacet
  facet normal 0 0 1
    outer loop
      vertex -15.7273 0.803444 6
      vertex -15.7273 -0.803444 6
      vertex -15.6718 -0.606957 6
    endloop
  endfacet
  facet normal 0 0 1
    outer loop
      vertex -15.7979 0.994976 6
      vertex -15.7273 -0.803444 6
      vertex -15.7273 0.803444 6
    endloop
  endfacet
  facet normal 0 0 1
    outer loop
      vertex -15.7979 0.994976 6
      vertex -15.7979 -0.994976 6
      vertex -15.7273 -0.803444 6
    endloop
  endfacet
  facet normal 0 0 1
    outer loop
      vertex -15.8834 1.18038 6
      vertex -15.7979 -0.994976 6
      vertex -15.7979 0.994976 6
    endloop
  endfacet
  facet normal 0 0 1
    outer loop
      vertex -15.8834 1.18038 6
      vertex -15.8834 -1.18038 6
      vertex -15.7979 -0.994976 6
    endloop
  endfacet
  facet normal 0 0 1
    outer loop
      vertex -15.9831 1.3585 6
      vertex -15.8834 -1.18038 6
      vertex -15.8834 1.18038 6
    endloop
  endfacet
  facet normal 0 0 1
    outer loop
      vertex -15.9831 1.3585 6
      vertex -15.9831 -1.3585 6
      vertex -15.8834 -1.18038 6
    endloop
  endfacet
  facet normal 0 0 1
    outer loop
      vertex -16.0966 1.52824 6
      vertex -15.9831 -1.3585 6
      vertex -15.9831 1.3585 6
    endloop
  endfacet
  facet normal 0 0 1
    outer loop
      vertex -16.0966 1.52824 6
      vertex -16.0966 -1.52824 6
      vertex -15.9831 -1.3585 6
    endloop
  endfacet
  facet normal 0 0 1
    outer loop
      vertex -16.2229 1.68856 6
      vertex -16.0966 -1.52824 6
      vertex -16.0966 1.52824 6
    endloop
  endfacet
  facet normal 0 0 1
    outer loop
      vertex -16.2229 1.68856 6
      vertex -16.2229 -1.68856 6
      vertex -16.0966 -1.52824 6
    endloop
  endfacet
  facet normal 0 0 1
    outer loop
      vertex -16.3615 1.83848 6
      vertex -16.2229 -1.68856 6
      vertex -16.2229 1.68856 6
    endloop
  endfacet
  facet normal 0 0 1
    outer loop
      vertex -16.3615 1.83848 6
      vertex -16.3615 -1.83848 6
      vertex -16.2229 -1.68856 6
    endloop
  endfacet
  facet normal 0 0 1
    outer loop
      vertex -16.5114 1.97705 6
      vertex -16.3615 -1.83848 6
      vertex -16.3615 1.83848 6
    endloop
  endfacet
  facet normal 0 0 1
    outer loop
      vertex -16.5114 1.97705 6
      vertex -16.5114 -1.97705 6
      vertex -16.3615 -1.83848 6
    endloop
  endfacet
  facet normal 0 0 1
    outer loop
      vertex -16.6718 2.10344 6
      vertex -16.5114 -1.97705 6
      vertex -16.5114 1.97705 6
    endloop
  endfacet
  facet normal 0 0 1
    outer loop
      vertex -16.6718 2.10344 6
      vertex -16.6718 -2.10344 6
      vertex -16.5114 -1.97705 6
    endloop
  endfacet
  facet normal 0 0 1
    outer loop
      vertex -16.8415 2.21686 6
      vertex -16.6718 -2.10344 6
      vertex -16.6718 2.10344 6
    endloop
  endfacet
  facet normal 0 0 1
    outer loop
      vertex -16.8415 2.21686 6
      vertex -16.8415 -2.21686 6
      vertex -16.6718 -2.10344 6
    endloop
  endfacet
  facet normal 0 0 1
    outer loop
      vertex -17.0196 2.31662 6
      vertex -16.8415 -2.21686 6
      vertex -16.8415 2.21686 6
    endloop
  endfacet
  facet normal 0 0 1
    outer loop
      vertex -17.0196 2.31662 6
      vertex -17.0196 -2.31662 6
      vertex -16.8415 -2.21686 6
    endloop
  endfacet
  facet normal 0 0 1
    outer loop
      vertex -17.205 2.40209 6
      vertex -17.0196 -2.31662 6
      vertex -17.0196 2.31662 6
    endloop
  endfacet
  facet normal 0 0 1
    outer loop
      vertex -17.205 2.40209 6
      vertex -17.205 -2.40209 6
      vertex -17.0196 -2.31662 6
    endloop
  endfacet
  facet normal 0 0 1
    outer loop
      vertex -17.3966 2.47275 6
      vertex -17.205 -2.40209 6
      vertex -17.205 2.40209 6
    endloop
  endfacet
  facet normal 0 0 1
    outer loop
      vertex -17.3966 2.47275 6
      vertex -17.3966 -2.47275 6
      vertex -17.205 -2.40209 6
    endloop
  endfacet
  facet normal 0 0 1
    outer loop
      vertex -17.593 2.52816 6
      vertex -17.3966 -2.47275 6
      vertex -17.3966 2.47275 6
    endloop
  endfacet
  facet normal 0 0 1
    outer loop
      vertex -17.593 2.52816 6
      vertex -17.593 -2.52816 6
      vertex -17.3966 -2.47275 6
    endloop
  endfacet
  facet normal 0 0 1
    outer loop
      vertex -17.7933 2.56799 6
      vertex -17.593 -2.52816 6
      vertex -17.593 2.52816 6
    endloop
  endfacet
  facet normal 0 0 1
    outer loop
      vertex -17.7933 2.56799 6
      vertex -17.7933 -2.56799 6
      vertex -17.593 -2.52816 6
    endloop
  endfacet
  facet normal 0 0 1
    outer loop
      vertex -17.996 2.59198 6
      vertex -17.7933 -2.56799 6
      vertex -17.7933 2.56799 6
    endloop
  endfacet
  facet normal 0 0 1
    outer loop
      vertex -17.996 2.59198 6
      vertex -17.996 -2.59198 6
      vertex -17.7933 -2.56799 6
    endloop
  endfacet
  facet normal 0 0 1
    outer loop
      vertex -18.2 2.6 6
      vertex -17.996 -2.59198 6
      vertex -17.996 2.59198 6
    endloop
  endfacet
  facet normal 0 0 1
    outer loop
      vertex -18.2 2.6 6
      vertex -18.2 -2.6 6
      vertex -17.996 -2.59198 6
    endloop
  endfacet
  facet normal -0 0 1
    outer loop
      vertex -18.404 2.59198 6
      vertex -18.2 -2.6 6
      vertex -18.2 2.6 6
    endloop
  endfacet
  facet normal 0 0 1
    outer loop
      vertex -18.404 2.59198 6
      vertex -18.404 -2.59198 6
      vertex -18.2 -2.6 6
    endloop
  endfacet
  facet normal -0 0 1
    outer loop
      vertex -18.6067 2.56799 6
      vertex -18.404 -2.59198 6
      vertex -18.404 2.59198 6
    endloop
  endfacet
  facet normal 0 0 1
    outer loop
      vertex -18.6067 2.56799 6
      vertex -18.6067 -2.56799 6
      vertex -18.404 -2.59198 6
    endloop
  endfacet
  facet normal -0 0 1
    outer loop
      vertex -18.807 2.52816 6
      vertex -18.6067 -2.56799 6
      vertex -18.6067 2.56799 6
    endloop
  endfacet
  facet normal 0 0 1
    outer loop
      vertex -18.807 2.52816 6
      vertex -18.807 -2.52816 6
      vertex -18.6067 -2.56799 6
    endloop
  endfacet
  facet normal -0 0 1
    outer loop
      vertex -19.0034 2.47275 6
      vertex -18.807 -2.52816 6
      vertex -18.807 2.52816 6
    endloop
  endfacet
  facet normal 0 0 1
    outer loop
      vertex -19.0034 2.47275 6
      vertex -19.0034 -2.47275 6
      vertex -18.807 -2.52816 6
    endloop
  endfacet
  facet normal -0 0 1
    outer loop
      vertex -19.195 2.40209 6
      vertex -19.0034 -2.47275 6
      vertex -19.0034 2.47275 6
    endloop
  endfacet
  facet normal 0 0 1
    outer loop
      vertex -19.195 2.40209 6
      vertex -19.195 -2.40209 6
      vertex -19.0034 -2.47275 6
    endloop
  endfacet
  facet normal -0 0 1
    outer loop
      vertex -19.3804 2.31662 6
      vertex -19.195 -2.40209 6
      vertex -19.195 2.40209 6
    endloop
  endfacet
  facet normal 0 0 1
    outer loop
      vertex -19.3804 2.31662 6
      vertex -19.3804 -2.31662 6
      vertex -19.195 -2.40209 6
    endloop
  endfacet
  facet normal -0 0 1
    outer loop
      vertex -19.5585 2.21686 6
      vertex -19.3804 -2.31662 6
      vertex -19.3804 2.31662 6
    endloop
  endfacet
  facet normal 0 0 1
    outer loop
      vertex -19.5585 2.21686 6
      vertex -19.5585 -2.21686 6
      vertex -19.3804 -2.31662 6
    endloop
  endfacet
  facet normal -0 0 1
    outer loop
      vertex -19.7282 2.10344 6
      vertex -19.5585 -2.21686 6
      vertex -19.5585 2.21686 6
    endloop
  endfacet
  facet normal 0 0 1
    outer loop
      vertex -19.7282 2.10344 6
      vertex -19.7282 -2.10344 6
      vertex -19.5585 -2.21686 6
    endloop
  endfacet
  facet normal -0 0 1
    outer loop
      vertex -19.8886 1.97705 6
      vertex -19.7282 -2.10344 6
      vertex -19.7282 2.10344 6
    endloop
  endfacet
  facet normal 0 0 1
    outer loop
      vertex -19.8886 1.97705 6
      vertex -19.8886 -1.97705 6
      vertex -19.7282 -2.10344 6
    endloop
  endfacet
  facet normal -0 0 1
    outer loop
      vertex -20.0385 1.83848 6
      vertex -19.8886 -1.97705 6
      vertex -19.8886 1.97705 6
    endloop
  endfacet
  facet normal 0 0 1
    outer loop
      vertex -20.0385 1.83848 6
      vertex -20.0385 -1.83848 6
      vertex -19.8886 -1.97705 6
    endloop
  endfacet
  facet normal -0 0 1
    outer loop
      vertex -20.1771 1.68856 6
      vertex -20.0385 -1.83848 6
      vertex -20.0385 1.83848 6
    endloop
  endfacet
  facet normal 0 0 1
    outer loop
      vertex -20.1771 1.68856 6
      vertex -20.1771 -1.68856 6
      vertex -20.0385 -1.83848 6
    endloop
  endfacet
  facet normal -0 0 1
    outer loop
      vertex -20.3034 1.52824 6
      vertex -20.1771 -1.68856 6
      vertex -20.1771 1.68856 6
    endloop
  endfacet
  facet normal 0 0 1
    outer loop
      vertex -20.3034 1.52824 6
      vertex -20.3034 -1.52824 6
      vertex -20.1771 -1.68856 6
    endloop
  endfacet
  facet normal -0 0 1
    outer loop
      vertex -20.4169 1.3585 6
      vertex -20.3034 -1.52824 6
      vertex -20.3034 1.52824 6
    endloop
  endfacet
  facet normal 0 0 1
    outer loop
      vertex -20.4169 1.3585 6
      vertex -20.4169 -1.3585 6
      vertex -20.3034 -1.52824 6
    endloop
  endfacet
  facet normal -0 0 1
    outer loop
      vertex -20.5166 1.18038 6
      vertex -20.4169 -1.3585 6
      vertex -20.4169 1.3585 6
    endloop
  endfacet
  facet normal 0 0 1
    outer loop
      vertex -20.5166 1.18038 6
      vertex -20.5166 -1.18038 6
      vertex -20.4169 -1.3585 6
    endloop
  endfacet
  facet normal -0 0 1
    outer loop
      vertex -20.6021 0.994976 6
      vertex -20.5166 -1.18038 6
      vertex -20.5166 1.18038 6
    endloop
  endfacet
  facet normal 0 0 1
    outer loop
      vertex -20.6021 0.994976 6
      vertex -20.6021 -0.994976 6
      vertex -20.5166 -1.18038 6
    endloop
  endfacet
  facet normal -0 0 1
    outer loop
      vertex -20.6727 0.803444 6
      vertex -20.6021 -0.994976 6
      vertex -20.6021 0.994976 6
    endloop
  endfacet
  facet normal 0 0 1
    outer loop
      vertex -20.6727 0.803444 6
      vertex -20.6727 -0.803444 6
      vertex -20.6021 -0.994976 6
    endloop
  endfacet
  facet normal -0 0 1
    outer loop
      vertex -20.7282 0.606957 6
      vertex -20.6727 -0.803444 6
      vertex -20.6727 0.803444 6
    endloop
  endfacet
  facet normal 0 0 1
    outer loop
      vertex -20.7282 0.606957 6
      vertex -20.7282 -0.606957 6
      vertex -20.6727 -0.803444 6
    endloop
  endfacet
  facet normal -0 0 1
    outer loop
      vertex -20.768 0.406729 6
      vertex -20.7282 -0.606957 6
      vertex -20.7282 0.606957 6
    endloop
  endfacet
  facet normal 0 0 1
    outer loop
      vertex -20.768 0.406729 6
      vertex -20.768 -0.406729 6
      vertex -20.7282 -0.606957 6
    endloop
  endfacet
  facet normal -0 0 1
    outer loop
      vertex -20.792 0.203993 6
      vertex -20.768 -0.406729 6
      vertex -20.768 0.406729 6
    endloop
  endfacet
  facet normal 0 0 1
    outer loop
      vertex -20.792 0.203993 6
      vertex -20.792 -0.203993 6
      vertex -20.768 -0.406729 6
    endloop
  endfacet
  facet normal 0 -0 1
    outer loop
      vertex -20.792 -0.203993 6
      vertex -20.792 0.203993 6
      vertex -20.8 0 6
    endloop
  endfacet
  facet normal -0.555672 -0.831402 0
    outer loop
      vertex -16.8415 2.21686 6
      vertex -16.6718 2.10344 34
      vertex -16.8415 2.21686 34
    endloop
  endfacet
  facet normal -0.555672 -0.831402 -0
    outer loop
      vertex -16.6718 2.10344 34
      vertex -16.8415 2.21686 6
      vertex -16.6718 2.10344 6
    endloop
  endfacet
  facet normal 0.618915 -0.785458 0
    outer loop
      vertex -19.8886 1.97705 6
      vertex -19.7282 2.10344 34
      vertex -19.8886 1.97705 34
    endloop
  endfacet
  facet normal 0.618915 -0.785458 0
    outer loop
      vertex -19.7282 2.10344 34
      vertex -19.8886 1.97705 6
      vertex -19.7282 2.10344 6
    endloop
  endfacet
  facet normal -0.370343 0.928895 0
    outer loop
      vertex -8.04248 -18.1369 6
      vertex -8.2321 -18.2125 34
      vertex -8.04248 -18.1369 34
    endloop
  endfacet
  facet normal -0.370343 0.928895 0
    outer loop
      vertex -8.2321 -18.2125 34
      vertex -8.04248 -18.1369 6
      vertex -8.2321 -18.2125 6
    endloop
  endfacet
  facet normal -0.533473 -0.845817 0
    outer loop
      vertex -7.8 -13.51 6
      vertex -7.62734 -13.6189 34
      vertex -7.8 -13.51 34
    endloop
  endfacet
  facet normal -0.533473 -0.845817 -0
    outer loop
      vertex -7.62734 -13.6189 34
      vertex -7.8 -13.51 6
      vertex -7.62734 -13.6189 6
    endloop
  endfacet
  facet normal -0.896882 -0.442269 0
    outer loop
      vertex -6.72478 -14.7041 6
      vertex -6.81507 -14.521 34
      vertex -6.81507 -14.521 6
    endloop
  endfacet
  facet normal -0.896882 -0.442269 0
    outer loop
      vertex -6.81507 -14.521 34
      vertex -6.72478 -14.7041 6
      vertex -6.72478 -14.7041 34
    endloop
  endfacet
  facet normal -0.57706 0.816702 0
    outer loop
      vertex -7.51722 -17.8244 6
      vertex -7.68394 -17.9422 34
      vertex -7.51722 -17.8244 34
    endloop
  endfacet
  facet normal -0.57706 0.816702 0
    outer loop
      vertex -7.68394 -17.9422 34
      vertex -7.51722 -17.8244 6
      vertex -7.68394 -17.9422 6
    endloop
  endfacet
  facet normal -0.220435 0.975402 0
    outer loop
      vertex -8.42707 -18.2731 6
      vertex -8.62619 -18.3181 34
      vertex -8.42707 -18.2731 34
    endloop
  endfacet
  facet normal -0.220435 0.975402 0
    outer loop
      vertex -8.62619 -18.3181 34
      vertex -8.42707 -18.2731 6
      vertex -8.62619 -18.3181 6
    endloop
  endfacet
  facet normal 0.697491 -0.716594 0
    outer loop
      vertex -10.986 -13.9719 6
      vertex -10.8397 -13.8295 34
      vertex -10.986 -13.9719 34
    endloop
  endfacet
  facet normal 0.697491 -0.716594 0
    outer loop
      vertex -10.8397 -13.8295 34
      vertex -10.986 -13.9719 6
      vertex -10.8397 -13.8295 6
    endloop
  endfacet
  facet normal -0.245911 -0.969292 0
    outer loop
      vertex -8.55943 -13.2185 6
      vertex -8.36156 -13.2687 34
      vertex -8.55943 -13.2185 34
    endloop
  endfacet
  facet normal -0.245911 -0.969292 -0
    outer loop
      vertex -8.36156 -13.2687 34
      vertex -8.55943 -13.2185 6
      vertex -8.36156 -13.2687 6
    endloop
  endfacet
  facet normal 0.985534 -0.16948 0
    outer loop
      vertex -11.6778 -15.4223 34
      vertex -11.6432 -15.2211 6
      vertex -11.6432 -15.2211 34
    endloop
  endfacet
  facet normal 0.985534 -0.16948 0
    outer loop
      vertex -11.6432 -15.2211 6
      vertex -11.6778 -15.4223 34
      vertex -11.6778 -15.4223 6
    endloop
  endfacet
  facet normal 0.220901 -0.975296 0
    outer loop
      vertex -9.77293 -13.2503 6
      vertex -9.57381 -13.2052 34
      vertex -9.77293 -13.2503 34
    endloop
  endfacet
  facet normal 0.220901 -0.975296 0
    outer loop
      vertex -9.57381 -13.2052 34
      vertex -9.77293 -13.2503 6
      vertex -9.57381 -13.2052 6
    endloop
  endfacet
  facet normal -0.997859 -0.0653973 0
    outer loop
      vertex -6.50089 -15.6936 6
      vertex -6.51424 -15.4899 34
      vertex -6.51424 -15.4899 6
    endloop
  endfacet
  facet normal -0.997859 -0.0653973 0
    outer loop
      vertex -6.51424 -15.4899 34
      vertex -6.50089 -15.6936 6
      vertex -6.50089 -15.6936 34
    endloop
  endfacet
  facet normal 0.715615 0.698495 0
    outer loop
      vertex -11.0118 -17.5223 33.7969
      vertex -11.0322 -17.5014 6
      vertex -11.0322 -17.5014 33.803
    endloop
  endfacet
  facet normal 0.716193 0.697902 -8.69617e-07
    outer loop
      vertex -10.8897 -17.6476 33.7605
      vertex -11.0322 -17.5014 6
      vertex -11.0118 -17.5223 33.7969
    endloop
  endfacet
  facet normal 0.71611 0.697987 0
    outer loop
      vertex -11.0322 -17.5014 6
      vertex -10.8897 -17.6476 33.7605
      vertex -10.8897 -17.6476 6
    endloop
  endfacet
  facet normal 0.086027 0.996176 0.01523
    outer loop
      vertex -9.23607 -18.3581 33.9456
      vertex -9.43937 -18.3394 33.8708
      vertex -9.34865 -18.3478 33.9078
    endloop
  endfacet
  facet normal 0.0915956 0.995796 -0
    outer loop
      vertex -9.23607 -18.3581 6
      vertex -9.43937 -18.3394 33.8708
      vertex -9.23607 -18.3581 33.9456
    endloop
  endfacet
  facet normal 0.0915956 0.995796 0
    outer loop
      vertex -9.43937 -18.3394 33.8708
      vertex -9.23607 -18.3581 6
      vertex -9.43937 -18.3394 6
    endloop
  endfacet
  facet normal 0.946955 -0.321367 0
    outer loop
      vertex -11.5929 -15.0232 34
      vertex -11.5273 -14.8299 6
      vertex -11.5273 -14.8299 34
    endloop
  endfacet
  facet normal 0.946955 -0.321367 0
    outer loop
      vertex -11.5273 -14.8299 6
      vertex -11.5929 -15.0232 34
      vertex -11.5929 -15.0232 6
    endloop
  endfacet
  facet normal 0.533385 0.845873 0
    outer loop
      vertex -10.5727 -17.9044 6
      vertex -10.4 -18.0133 33.6857
      vertex -10.4 -18.0133 6
    endloop
  endfacet
  facet normal 0.533385 0.845873 0
    outer loop
      vertex -10.4 -18.0133 33.6857
      vertex -10.5727 -17.9044 6
      vertex -10.5727 -17.9044 33.6964
    endloop
  endfacet
  facet normal -0.918808 0.394705 0
    outer loop
      vertex -6.75328 -16.881 6
      vertex -6.67269 -16.6934 34
      vertex -6.67269 -16.6934 6
    endloop
  endfacet
  facet normal -0.918808 0.394705 0
    outer loop
      vertex -6.67269 -16.6934 34
      vertex -6.75328 -16.881 6
      vertex -6.75328 -16.881 34
    endloop
  endfacet
  facet normal -0.969243 0.246106 0
    outer loop
      vertex -6.60707 -16.5001 6
      vertex -6.55682 -16.3022 34
      vertex -6.55682 -16.3022 6
    endloop
  endfacet
  facet normal -0.969243 0.246106 0
    outer loop
      vertex -6.55682 -16.3022 34
      vertex -6.60707 -16.5001 6
      vertex -6.60707 -16.5001 34
    endloop
  endfacet
  facet normal 0.955088 0.296322 0
    outer loop
      vertex -11.5509 -16.6296 34
      vertex -11.6114 -16.4346 6
      vertex -11.6114 -16.4346 34
    endloop
  endfacet
  facet normal 0.955088 0.296322 0
    outer loop
      vertex -11.6114 -16.4346 6
      vertex -11.5509 -16.6296 34
      vertex -11.5509 -16.6296 6
    endloop
  endfacet
  facet normal 0.969184 -0.246336 0
    outer loop
      vertex -11.6432 -15.2211 34
      vertex -11.5929 -15.0232 6
      vertex -11.5929 -15.0232 34
    endloop
  endfacet
  facet normal 0.969184 -0.246336 0
    outer loop
      vertex -11.5929 -15.0232 6
      vertex -11.6432 -15.2211 34
      vertex -11.6432 -15.2211 6
    endloop
  endfacet
  facet normal 0.0651502 -0.997875 0
    outer loop
      vertex -9.37177 -13.1759 6
      vertex -9.16806 -13.1626 34
      vertex -9.37177 -13.1759 34
    endloop
  endfacet
  facet normal 0.0651502 -0.997875 0
    outer loop
      vertex -9.16806 -13.1626 34
      vertex -9.37177 -13.1759 6
      vertex -9.16806 -13.1626 6
    endloop
  endfacet
  facet normal 0.896863 0.442309 0
    outer loop
      vertex -11.3849 -17.0023 34
      vertex -11.4752 -16.8192 6
      vertex -11.4752 -16.8192 34
    endloop
  endfacet
  facet normal 0.896863 0.442309 0
    outer loop
      vertex -11.4752 -16.8192 6
      vertex -11.3849 -17.0023 34
      vertex -11.3849 -17.0023 6
    endloop
  endfacet
  facet normal -0.954989 -0.29664 0
    outer loop
      vertex -6.58859 -15.0887 6
      vertex -6.64913 -14.8938 34
      vertex -6.64913 -14.8938 6
    endloop
  endfacet
  facet normal -0.954989 -0.29664 0
    outer loop
      vertex -6.64913 -14.8938 34
      vertex -6.58859 -15.0887 6
      vertex -6.58859 -15.0887 34
    endloop
  endfacet
  facet normal 0.465726 0.884929 -0
    outer loop
      vertex -10.2193 -18.1084 6
      vertex -10.4 -18.0133 33.6857
      vertex -10.2193 -18.1084 33.6911
    endloop
  endfacet
  facet normal 0.465726 0.884929 0
    outer loop
      vertex -10.4 -18.0133 33.6857
      vertex -10.2193 -18.1084 6
      vertex -10.4 -18.0133 6
    endloop
  endfacet
  facet normal -0.659326 -0.751857 0
    outer loop
      vertex -7.46377 -13.7411 6
      vertex -7.31028 -13.8757 34
      vertex -7.46377 -13.7411 34
    endloop
  endfacet
  facet normal -0.659326 -0.751857 -0
    outer loop
      vertex -7.31028 -13.8757 34
      vertex -7.46377 -13.7411 6
      vertex -7.31028 -13.8757 6
    endloop
  endfacet
  facet normal -0.639606 0.768703 0
    outer loop
      vertex -7.36026 -17.6938 6
      vertex -7.51722 -17.8244 34
      vertex -7.36026 -17.6938 34
    endloop
  endfacet
  facet normal -0.639606 0.768703 0
    outer loop
      vertex -7.51722 -17.8244 34
      vertex -7.36026 -17.6938 6
      vertex -7.51722 -17.8244 6
    endloop
  endfacet
  facet normal -0.716208 -0.697887 0
    outer loop
      vertex -7.16782 -14.0219 6
      vertex -7.31028 -13.8757 34
      vertex -7.31028 -13.8757 6
    endloop
  endfacet
  facet normal -0.716208 -0.697887 0
    outer loop
      vertex -7.31028 -13.8757 34
      vertex -7.16782 -14.0219 6
      vertex -7.16782 -14.0219 34
    endloop
  endfacet
  facet normal -0.816623 -0.577172 0
    outer loop
      vertex -6.91946 -14.3456 6
      vertex -7.03728 -14.1789 34
      vertex -7.03728 -14.1789 6
    endloop
  endfacet
  facet normal -0.816623 -0.577172 0
    outer loop
      vertex -7.03728 -14.1789 34
      vertex -6.91946 -14.3456 6
      vertex -6.91946 -14.3456 34
    endloop
  endfacet
  facet normal 0.442309 -0.896863 0
    outer loop
      vertex -10.3406 -13.4767 6
      vertex -10.1575 -13.3864 34
      vertex -10.3406 -13.4767 34
    endloop
  endfacet
  facet normal 0.442309 -0.896863 0
    outer loop
      vertex -10.1575 -13.3864 34
      vertex -10.3406 -13.4767 6
      vertex -10.1575 -13.3864 6
    endloop
  endfacet
  facet normal 0.975291 0.220922 0
    outer loop
      vertex -11.6114 -16.4346 34
      vertex -11.6565 -16.2355 6
      vertex -11.6565 -16.2355 34
    endloop
  endfacet
  facet normal 0.975291 0.220922 0
    outer loop
      vertex -11.6565 -16.2355 6
      vertex -11.6114 -16.4346 34
      vertex -11.6114 -16.4346 6
    endloop
  endfacet
  facet normal 0.751878 -0.659302 0
    outer loop
      vertex -11.1206 -14.1254 34
      vertex -10.986 -13.9719 6
      vertex -10.986 -13.9719 34
    endloop
  endfacet
  facet normal 0.751878 -0.659302 0
    outer loop
      vertex -10.986 -13.9719 6
      vertex -11.1206 -14.1254 34
      vertex -11.1206 -14.1254 6
    endloop
  endfacet
  facet normal -0.143519 0.989647 0
    outer loop
      vertex -8.62619 -18.3181 6
      vertex -8.82823 -18.3474 34
      vertex -8.62619 -18.3181 34
    endloop
  endfacet
  facet normal -0.143519 0.989647 0
    outer loop
      vertex -8.82823 -18.3474 34
      vertex -8.62619 -18.3181 6
      vertex -8.82823 -18.3474 6
    endloop
  endfacet
  facet normal 0.394924 0.918714 -0
    outer loop
      vertex -10.0318 -18.189 6
      vertex -10.2193 -18.1084 33.6911
      vertex -10.0318 -18.189 33.7124
    endloop
  endfacet
  facet normal 0.394924 0.918714 0
    outer loop
      vertex -10.2193 -18.1084 33.6911
      vertex -10.0318 -18.189 6
      vertex -10.2193 -18.1084 6
    endloop
  endfacet
  facet normal 0.928713 0.370799 0
    outer loop
      vertex -11.4752 -16.8192 34
      vertex -11.5509 -16.6296 6
      vertex -11.5509 -16.6296 34
    endloop
  endfacet
  facet normal 0.928713 0.370799 0
    outer loop
      vertex -11.5509 -16.6296 6
      vertex -11.4752 -16.8192 34
      vertex -11.4752 -16.8192 6
    endloop
  endfacet
  facet normal 0.995841 -0.0911099 0
    outer loop
      vertex -11.6964 -15.6256 34
      vertex -11.6778 -15.4223 6
      vertex -11.6778 -15.4223 34
    endloop
  endfacet
  facet normal 0.995841 -0.0911099 0
    outer loop
      vertex -11.6778 -15.4223 6
      vertex -11.6964 -15.6256 34
      vertex -11.6964 -15.6256 6
    endloop
  endfacet
  facet normal -0.31745 -0.778369 0.541634
    outer loop
      vertex -9.43937 -18.3394 33.8708
      vertex -9.64057 -18.3048 33.8026
      vertex -9.55011 -18.3204 33.8332
    endloop
  endfacet
  facet normal 0.16948 0.985534 -0
    outer loop
      vertex -9.43937 -18.3394 6
      vertex -9.64057 -18.3048 33.8026
      vertex -9.43937 -18.3394 33.8708
    endloop
  endfacet
  facet normal 0.16948 0.985534 0
    outer loop
      vertex -9.64057 -18.3048 33.8026
      vertex -9.43937 -18.3394 6
      vertex -9.64057 -18.3048 6
    endloop
  endfacet
  facet normal 0.662713 0.748404 0.0265028
    outer loop
      vertex -10.7362 -17.7822 33.7231
      vertex -10.8897 -17.6476 33.7605
      vertex -10.8408 -17.6906 33.752
    endloop
  endfacet
  facet normal 0.659302 0.751878 0
    outer loop
      vertex -10.8897 -17.6476 6
      vertex -10.7362 -17.7822 33.7231
      vertex -10.7362 -17.7822 6
    endloop
  endfacet
  facet normal 0.659302 0.751878 0
    outer loop
      vertex -10.7362 -17.7822 33.7231
      vertex -10.8897 -17.6476 6
      vertex -10.8897 -17.6476 33.7605
    endloop
  endfacet
  facet normal -0.442328 0.896853 0
    outer loop
      vertex -7.85939 -18.0466 6
      vertex -8.04248 -18.1369 34
      vertex -7.85939 -18.0466 34
    endloop
  endfacet
  facet normal -0.442328 0.896853 0
    outer loop
      vertex -8.04248 -18.1369 34
      vertex -7.85939 -18.0466 6
      vertex -8.04248 -18.1369 6
    endloop
  endfacet
  facet normal -0.88503 0.465534 0
    outer loop
      vertex -6.84833 -17.0617 6
      vertex -6.75328 -16.881 34
      vertex -6.75328 -16.881 6
    endloop
  endfacet
  facet normal -0.88503 0.465534 0
    outer loop
      vertex -6.75328 -16.881 34
      vertex -6.84833 -17.0617 6
      vertex -6.84833 -17.0617 34
    endloop
  endfacet
  facet normal 0.598667 0.800998 0
    outer loop
      vertex -10.7362 -17.7822 6
      vertex -10.5727 -17.9044 33.6964
      vertex -10.5727 -17.9044 6
    endloop
  endfacet
  facet normal 0.598667 0.800998 0
    outer loop
      vertex -10.5727 -17.9044 33.6964
      vertex -10.7362 -17.7822 6
      vertex -10.7362 -17.7822 33.7231
    endloop
  endfacet
  facet normal -0.697662 0.716427 0
    outer loop
      vertex -7.21403 -17.5514 6
      vertex -7.36026 -17.6938 34
      vertex -7.21403 -17.5514 34
    endloop
  endfacet
  facet normal -0.697662 0.716427 0
    outer loop
      vertex -7.36026 -17.6938 34
      vertex -7.21403 -17.5514 6
      vertex -7.36026 -17.6938 6
    endloop
  endfacet
  facet normal -0.0915956 -0.995796 0
    outer loop
      vertex -8.96393 -13.1652 6
      vertex -8.76063 -13.1839 34
      vertex -8.96393 -13.1652 34
    endloop
  endfacet
  facet normal -0.0915956 -0.995796 -0
    outer loop
      vertex -8.76063 -13.1839 34
      vertex -8.96393 -13.1652 6
      vertex -8.76063 -13.1839 6
    endloop
  endfacet
  facet normal -0.465787 -0.884897 0
    outer loop
      vertex -7.98067 -13.4149 6
      vertex -7.8 -13.51 34
      vertex -7.98067 -13.4149 34
    endloop
  endfacet
  facet normal -0.465787 -0.884897 -0
    outer loop
      vertex -7.8 -13.51 34
      vertex -7.98067 -13.4149 6
      vertex -7.8 -13.51 6
    endloop
  endfacet
  facet normal -0.0656379 0.997844 0
    outer loop
      vertex -8.82823 -18.3474 6
      vertex -9.03194 -18.3608 34
      vertex -8.82823 -18.3474 34
    endloop
  endfacet
  facet normal -0.0656379 0.997844 0
    outer loop
      vertex -9.03194 -18.3608 34
      vertex -8.82823 -18.3474 6
      vertex -9.03194 -18.3608 6
    endloop
  endfacet
  facet normal 0.321278 0.946985 -0
    outer loop
      vertex -9.83844 -18.2546 6
      vertex -10.0318 -18.189 33.7124
      vertex -9.83844 -18.2546 33.7497
    endloop
  endfacet
  facet normal 0.321278 0.946985 0
    outer loop
      vertex -10.0318 -18.189 33.7124
      vertex -9.83844 -18.2546 6
      vertex -10.0318 -18.189 6
    endloop
  endfacet
  facet normal -0.296811 0.954936 0
    outer loop
      vertex -8.2321 -18.2125 6
      vertex -8.42707 -18.2731 34
      vertex -8.2321 -18.2125 34
    endloop
  endfacet
  facet normal -0.296811 0.954936 0
    outer loop
      vertex -8.42707 -18.2731 34
      vertex -8.2321 -18.2125 6
      vertex -8.42707 -18.2731 6
    endloop
  endfacet
  facet normal -0.98555 0.169385 0
    outer loop
      vertex -6.55682 -16.3022 6
      vertex -6.52224 -16.101 34
      vertex -6.52224 -16.101 6
    endloop
  endfacet
  facet normal -0.98555 0.169385 0
    outer loop
      vertex -6.52224 -16.101 34
      vertex -6.55682 -16.3022 6
      vertex -6.55682 -16.3022 34
    endloop
  endfacet
  facet normal 0.0141829 0.999893 -0.00359265
    outer loop
      vertex -9.03194 -18.3608 34
      vertex -9.23607 -18.3581 33.9456
      vertex -9.10244 -18.3598 34
    endloop
  endfacet
  facet normal 0.0132257 0.999913 -0
    outer loop
      vertex -9.03194 -18.3608 6
      vertex -9.23607 -18.3581 33.9456
      vertex -9.03194 -18.3608 34
    endloop
  endfacet
  facet normal 0.0132257 0.999913 0
    outer loop
      vertex -9.23607 -18.3581 33.9456
      vertex -9.03194 -18.3608 6
      vertex -9.23607 -18.3581 6
    endloop
  endfacet
  facet normal 0.859876 0.510491 0.00351572
    outer loop
      vertex -11.2805 -17.1777 33.9343
      vertex -11.3849 -17.0023 34
      vertex -11.3586 -17.0466 34
    endloop
  endfacet
  facet normal 0.859303 0.511467 0
    outer loop
      vertex -11.3849 -17.0023 34
      vertex -11.2805 -17.1777 33.9343
      vertex -11.3849 -17.0023 6
    endloop
  endfacet
  facet normal 0.859303 0.511467 0
    outer loop
      vertex -11.3849 -17.0023 6
      vertex -11.2805 -17.1777 33.9343
      vertex -11.2805 -17.1777 6
    endloop
  endfacet
  facet normal -0.801291 0.598275 0
    outer loop
      vertex -7.07942 -17.3979 6
      vertex -6.95727 -17.2343 34
      vertex -6.95727 -17.2343 6
    endloop
  endfacet
  facet normal -0.801291 0.598275 0
    outer loop
      vertex -6.95727 -17.2343 34
      vertex -7.07942 -17.3979 6
      vertex -7.07942 -17.3979 34
    endloop
  endfacet
  facet normal 0.245911 0.969292 -0
    outer loop
      vertex -9.64057 -18.3048 6
      vertex -9.83844 -18.2546 33.7497
      vertex -9.64057 -18.3048 33.8026
    endloop
  endfacet
  facet normal 0.245911 0.969292 0
    outer loop
      vertex -9.83844 -18.2546 33.7497
      vertex -9.64057 -18.3048 6
      vertex -9.83844 -18.2546 6
    endloop
  endfacet
  facet normal -0.946925 0.321455 0
    outer loop
      vertex -6.67269 -16.6934 6
      vertex -6.60707 -16.5001 34
      vertex -6.60707 -16.5001 6
    endloop
  endfacet
  facet normal -0.946925 0.321455 0
    outer loop
      vertex -6.60707 -16.5001 34
      vertex -6.67269 -16.6934 6
      vertex -6.67269 -16.6934 34
    endloop
  endfacet
  facet normal 0.511251 -0.859431 0
    outer loop
      vertex -10.5161 -13.5811 6
      vertex -10.3406 -13.4767 34
      vertex -10.5161 -13.5811 34
    endloop
  endfacet
  facet normal 0.511251 -0.859431 0
    outer loop
      vertex -10.3406 -13.4767 34
      vertex -10.5161 -13.5811 6
      vertex -10.3406 -13.4767 6
    endloop
  endfacet
  facet normal 0.769024 0.63922 0
    outer loop
      vertex -11.0322 -17.5014 33.803
      vertex -11.1627 -17.3444 6
      vertex -11.1627 -17.3444 33.861
    endloop
  endfacet
  facet normal 0.769024 0.63922 0
    outer loop
      vertex -11.1627 -17.3444 6
      vertex -11.0322 -17.5014 33.803
      vertex -11.0322 -17.5014 6
    endloop
  endfacet
  facet normal -0.989654 -0.143478 0
    outer loop
      vertex -6.51424 -15.4899 6
      vertex -6.54354 -15.2878 34
      vertex -6.54354 -15.2878 6
    endloop
  endfacet
  facet normal -0.989654 -0.143478 0
    outer loop
      vertex -6.54354 -15.2878 34
      vertex -6.51424 -15.4899 6
      vertex -6.51424 -15.4899 34
    endloop
  endfacet
  facet normal -0.975344 -0.220689 0
    outer loop
      vertex -6.54354 -15.2878 6
      vertex -6.58859 -15.0887 34
      vertex -6.58859 -15.0887 6
    endloop
  endfacet
  facet normal -0.975344 -0.220689 0
    outer loop
      vertex -6.58859 -15.0887 34
      vertex -6.54354 -15.2878 6
      vertex -6.54354 -15.2878 34
    endloop
  endfacet
  facet normal -0.394386 -0.918945 0
    outer loop
      vertex -8.16824 -13.3344 6
      vertex -7.98067 -13.4149 34
      vertex -8.16824 -13.3344 34
    endloop
  endfacet
  facet normal -0.394386 -0.918945 -0
    outer loop
      vertex -7.98067 -13.4149 34
      vertex -8.16824 -13.3344 6
      vertex -7.98067 -13.4149 6
    endloop
  endfacet
  facet normal 0.816669 0.577106 0
    outer loop
      vertex -11.1627 -17.3444 33.861
      vertex -11.2805 -17.1777 6
      vertex -11.2805 -17.1777 33.9343
    endloop
  endfacet
  facet normal 0.816669 0.577106 0
    outer loop
      vertex -11.2805 -17.1777 6
      vertex -11.1627 -17.3444 33.861
      vertex -11.1627 -17.3444 6
    endloop
  endfacet
  facet normal -0.511359 0.859367 0
    outer loop
      vertex -7.68394 -17.9422 6
      vertex -7.85939 -18.0466 34
      vertex -7.68394 -17.9422 34
    endloop
  endfacet
  facet normal -0.511359 0.859367 0
    outer loop
      vertex -7.85939 -18.0466 34
      vertex -7.68394 -17.9422 6
      vertex -7.85939 -18.0466 6
    endloop
  endfacet
  facet normal -0.999914 0.0130807 0
    outer loop
      vertex -6.50356 -15.8977 6
      vertex -6.50089 -15.6936 34
      vertex -6.50089 -15.6936 6
    endloop
  endfacet
  facet normal -0.999914 0.0130807 0
    outer loop
      vertex -6.50089 -15.6936 34
      vertex -6.50356 -15.8977 6
      vertex -6.50356 -15.8977 34
    endloop
  endfacet
  facet normal -0.768927 -0.639336 0
    outer loop
      vertex -7.03728 -14.1789 6
      vertex -7.16782 -14.0219 34
      vertex -7.16782 -14.0219 6
    endloop
  endfacet
  facet normal -0.768927 -0.639336 0
    outer loop
      vertex -7.16782 -14.0219 34
      vertex -7.03728 -14.1789 6
      vertex -7.03728 -14.1789 34
    endloop
  endfacet
  facet normal 0.989654 0.143478 0
    outer loop
      vertex -11.6565 -16.2355 34
      vertex -11.6858 -16.0334 6
      vertex -11.6858 -16.0334 34
    endloop
  endfacet
  facet normal 0.989654 0.143478 0
    outer loop
      vertex -11.6858 -16.0334 6
      vertex -11.6565 -16.2355 34
      vertex -11.6565 -16.2355 6
    endloop
  endfacet
  facet normal 0.999913 -0.0132277 0
    outer loop
      vertex -11.6991 -15.8297 34
      vertex -11.6964 -15.6256 6
      vertex -11.6964 -15.6256 34
    endloop
  endfacet
  facet normal 0.999913 -0.0132277 0
    outer loop
      vertex -11.6964 -15.6256 6
      vertex -11.6991 -15.8297 34
      vertex -11.6991 -15.8297 6
    endloop
  endfacet
  facet normal -0.845645 0.533746 0
    outer loop
      vertex -6.95727 -17.2343 6
      vertex -6.84833 -17.0617 34
      vertex -6.84833 -17.0617 6
    endloop
  endfacet
  facet normal -0.845645 0.533746 0
    outer loop
      vertex -6.84833 -17.0617 34
      vertex -6.95727 -17.2343 6
      vertex -6.95727 -17.2343 34
    endloop
  endfacet
  facet normal -0.16948 -0.985534 0
    outer loop
      vertex -8.76063 -13.1839 6
      vertex -8.55943 -13.2185 34
      vertex -8.76063 -13.1839 34
    endloop
  endfacet
  facet normal -0.16948 -0.985534 -0
    outer loop
      vertex -8.55943 -13.2185 34
      vertex -8.76063 -13.1839 6
      vertex -8.55943 -13.2185 6
    endloop
  endfacet
  facet normal -0.995805 0.0914985 0
    outer loop
      vertex -6.52224 -16.101 6
      vertex -6.50356 -15.8977 34
      vertex -6.50356 -15.8977 6
    endloop
  endfacet
  facet normal -0.995805 0.0914985 0
    outer loop
      vertex -6.50356 -15.8977 34
      vertex -6.52224 -16.101 6
      vertex -6.52224 -16.101 34
    endloop
  endfacet
  facet normal 0.885025 -0.465544 0
    outer loop
      vertex -11.4467 -14.6423 34
      vertex -11.3517 -14.4617 6
      vertex -11.3517 -14.4617 34
    endloop
  endfacet
  facet normal 0.885025 -0.465544 0
    outer loop
      vertex -11.3517 -14.4617 6
      vertex -11.4467 -14.6423 34
      vertex -11.4467 -14.6423 6
    endloop
  endfacet
  facet normal -0.598502 -0.801121 0
    outer loop
      vertex -7.62734 -13.6189 6
      vertex -7.46377 -13.7411 34
      vertex -7.62734 -13.6189 34
    endloop
  endfacet
  facet normal -0.598502 -0.801121 -0
    outer loop
      vertex -7.46377 -13.7411 34
      vertex -7.62734 -13.6189 6
      vertex -7.46377 -13.7411 6
    endloop
  endfacet
  facet normal 0.91879 -0.394747 0
    outer loop
      vertex -11.5273 -14.8299 34
      vertex -11.4467 -14.6423 6
      vertex -11.4467 -14.6423 34
    endloop
  endfacet
  facet normal 0.91879 -0.394747 0
    outer loop
      vertex -11.4467 -14.6423 6
      vertex -11.5273 -14.8299 34
      vertex -11.5273 -14.8299 6
    endloop
  endfacet
  facet normal 0.370377 -0.928882 0
    outer loop
      vertex -10.1575 -13.3864 6
      vertex -9.9679 -13.3108 34
      vertex -10.1575 -13.3864 34
    endloop
  endfacet
  facet normal 0.370377 -0.928882 0
    outer loop
      vertex -9.9679 -13.3108 34
      vertex -10.1575 -13.3864 6
      vertex -9.9679 -13.3108 6
    endloop
  endfacet
  facet normal -0.928865 -0.37042 0
    outer loop
      vertex -6.64913 -14.8938 6
      vertex -6.72478 -14.7041 34
      vertex -6.72478 -14.7041 6
    endloop
  endfacet
  facet normal -0.928865 -0.37042 0
    outer loop
      vertex -6.72478 -14.7041 34
      vertex -6.64913 -14.8938 6
      vertex -6.64913 -14.8938 34
    endloop
  endfacet
  facet normal 0.639751 -0.768583 0
    outer loop
      vertex -10.8397 -13.8295 6
      vertex -10.6828 -13.6989 34
      vertex -10.8397 -13.8295 34
    endloop
  endfacet
  facet normal 0.639751 -0.768583 0
    outer loop
      vertex -10.6828 -13.6989 34
      vertex -10.8397 -13.8295 6
      vertex -10.6828 -13.6989 6
    endloop
  endfacet
  facet normal 0.296364 -0.955075 0
    outer loop
      vertex -9.9679 -13.3108 6
      vertex -9.77293 -13.2503 34
      vertex -9.9679 -13.3108 34
    endloop
  endfacet
  facet normal 0.296364 -0.955075 0
    outer loop
      vertex -9.77293 -13.2503 34
      vertex -9.9679 -13.3108 6
      vertex -9.77293 -13.2503 6
    endloop
  endfacet
  facet normal -0.321776 -0.946816 0
    outer loop
      vertex -8.36156 -13.2687 6
      vertex -8.16824 -13.3344 34
      vertex -8.36156 -13.2687 34
    endloop
  endfacet
  facet normal -0.321776 -0.946816 -0
    outer loop
      vertex -8.16824 -13.3344 34
      vertex -8.36156 -13.2687 6
      vertex -8.16824 -13.3344 6
    endloop
  endfacet
  facet normal 0 0 1
    outer loop
      vertex -6.51424 -15.4899 6
      vertex -6.50356 -15.8977 6
      vertex -6.50089 -15.6936 6
    endloop
  endfacet
  facet normal 0 0 1
    outer loop
      vertex -6.51424 -15.4899 6
      vertex -6.52224 -16.101 6
      vertex -6.50356 -15.8977 6
    endloop
  endfacet
  facet normal 0 0 1
    outer loop
      vertex -6.54354 -15.2878 6
      vertex -6.52224 -16.101 6
      vertex -6.51424 -15.4899 6
    endloop
  endfacet
  facet normal 0 0 1
    outer loop
      vertex -6.54354 -15.2878 6
      vertex -6.55682 -16.3022 6
      vertex -6.52224 -16.101 6
    endloop
  endfacet
  facet normal 0 0 1
    outer loop
      vertex -6.58859 -15.0887 6
      vertex -6.55682 -16.3022 6
      vertex -6.54354 -15.2878 6
    endloop
  endfacet
  facet normal 0 0 1
    outer loop
      vertex -6.58859 -15.0887 6
      vertex -6.60707 -16.5001 6
      vertex -6.55682 -16.3022 6
    endloop
  endfacet
  facet normal 0 0 1
    outer loop
      vertex -6.64913 -14.8938 6
      vertex -6.60707 -16.5001 6
      vertex -6.58859 -15.0887 6
    endloop
  endfacet
  facet normal 0 0 1
    outer loop
      vertex -6.64913 -14.8938 6
      vertex -6.67269 -16.6934 6
      vertex -6.60707 -16.5001 6
    endloop
  endfacet
  facet normal 0 0 1
    outer loop
      vertex -6.72478 -14.7041 6
      vertex -6.67269 -16.6934 6
      vertex -6.64913 -14.8938 6
    endloop
  endfacet
  facet normal 0 0 1
    outer loop
      vertex -6.72478 -14.7041 6
      vertex -6.75328 -16.881 6
      vertex -6.67269 -16.6934 6
    endloop
  endfacet
  facet normal 0 0 1
    outer loop
      vertex -6.81507 -14.521 6
      vertex -6.75328 -16.881 6
      vertex -6.72478 -14.7041 6
    endloop
  endfacet
  facet normal 0 0 1
    outer loop
      vertex -6.81507 -14.521 6
      vertex -6.84833 -17.0617 6
      vertex -6.75328 -16.881 6
    endloop
  endfacet
  facet normal 0 0 1
    outer loop
      vertex -6.91946 -14.3456 6
      vertex -6.84833 -17.0617 6
      vertex -6.81507 -14.521 6
    endloop
  endfacet
  facet normal 0 0 1
    outer loop
      vertex -6.91946 -14.3456 6
      vertex -6.95727 -17.2343 6
      vertex -6.84833 -17.0617 6
    endloop
  endfacet
  facet normal 0 0 1
    outer loop
      vertex -7.03728 -14.1789 6
      vertex -6.95727 -17.2343 6
      vertex -6.91946 -14.3456 6
    endloop
  endfacet
  facet normal 0 0 1
    outer loop
      vertex -7.03728 -14.1789 6
      vertex -7.07942 -17.3979 6
      vertex -6.95727 -17.2343 6
    endloop
  endfacet
  facet normal 0 0 1
    outer loop
      vertex -7.16782 -14.0219 6
      vertex -7.07942 -17.3979 6
      vertex -7.03728 -14.1789 6
    endloop
  endfacet
  facet normal 0 0 1
    outer loop
      vertex -7.16782 -14.0219 6
      vertex -7.21403 -17.5514 6
      vertex -7.07942 -17.3979 6
    endloop
  endfacet
  facet normal 0 0 1
    outer loop
      vertex -7.31028 -13.8757 6
      vertex -7.21403 -17.5514 6
      vertex -7.16782 -14.0219 6
    endloop
  endfacet
  facet normal 0 0 1
    outer loop
      vertex -7.31028 -13.8757 6
      vertex -7.36026 -17.6938 6
      vertex -7.21403 -17.5514 6
    endloop
  endfacet
  facet normal 0 0 1
    outer loop
      vertex -7.46377 -13.7411 6
      vertex -7.36026 -17.6938 6
      vertex -7.31028 -13.8757 6
    endloop
  endfacet
  facet normal 0 0 1
    outer loop
      vertex -7.46377 -13.7411 6
      vertex -7.51722 -17.8244 6
      vertex -7.36026 -17.6938 6
    endloop
  endfacet
  facet normal 0 0 1
    outer loop
      vertex -7.62734 -13.6189 6
      vertex -7.51722 -17.8244 6
      vertex -7.46377 -13.7411 6
    endloop
  endfacet
  facet normal 0 0 1
    outer loop
      vertex -7.62734 -13.6189 6
      vertex -7.68394 -17.9422 6
      vertex -7.51722 -17.8244 6
    endloop
  endfacet
  facet normal 0 0 1
    outer loop
      vertex -7.8 -13.51 6
      vertex -7.68394 -17.9422 6
      vertex -7.62734 -13.6189 6
    endloop
  endfacet
  facet normal 0 0 1
    outer loop
      vertex -7.8 -13.51 6
      vertex -7.85939 -18.0466 6
      vertex -7.68394 -17.9422 6
    endloop
  endfacet
  facet normal 0 0 1
    outer loop
      vertex -7.98067 -13.4149 6
      vertex -7.85939 -18.0466 6
      vertex -7.8 -13.51 6
    endloop
  endfacet
  facet normal 0 0 1
    outer loop
      vertex -7.98067 -13.4149 6
      vertex -8.04248 -18.1369 6
      vertex -7.85939 -18.0466 6
    endloop
  endfacet
  facet normal 0 0 1
    outer loop
      vertex -8.16824 -13.3344 6
      vertex -8.04248 -18.1369 6
      vertex -7.98067 -13.4149 6
    endloop
  endfacet
  facet normal 0 0 1
    outer loop
      vertex -8.16824 -13.3344 6
      vertex -8.2321 -18.2125 6
      vertex -8.04248 -18.1369 6
    endloop
  endfacet
  facet normal 0 0 1
    outer loop
      vertex -8.36156 -13.2687 6
      vertex -8.2321 -18.2125 6
      vertex -8.16824 -13.3344 6
    endloop
  endfacet
  facet normal 0 0 1
    outer loop
      vertex -8.36156 -13.2687 6
      vertex -8.42707 -18.2731 6
      vertex -8.2321 -18.2125 6
    endloop
  endfacet
  facet normal 0 0 1
    outer loop
      vertex -8.55943 -13.2185 6
      vertex -8.42707 -18.2731 6
      vertex -8.36156 -13.2687 6
    endloop
  endfacet
  facet normal 0 0 1
    outer loop
      vertex -8.55943 -13.2185 6
      vertex -8.62619 -18.3181 6
      vertex -8.42707 -18.2731 6
    endloop
  endfacet
  facet normal 0 0 1
    outer loop
      vertex -8.76063 -13.1839 6
      vertex -8.62619 -18.3181 6
      vertex -8.55943 -13.2185 6
    endloop
  endfacet
  facet normal 0 0 1
    outer loop
      vertex -8.76063 -13.1839 6
      vertex -8.82823 -18.3474 6
      vertex -8.62619 -18.3181 6
    endloop
  endfacet
  facet normal 0 0 1
    outer loop
      vertex -8.96393 -13.1652 6
      vertex -8.82823 -18.3474 6
      vertex -8.76063 -13.1839 6
    endloop
  endfacet
  facet normal 0 0 1
    outer loop
      vertex -8.96393 -13.1652 6
      vertex -9.03194 -18.3608 6
      vertex -8.82823 -18.3474 6
    endloop
  endfacet
  facet normal 0 0 1
    outer loop
      vertex -9.16806 -13.1626 6
      vertex -9.03194 -18.3608 6
      vertex -8.96393 -13.1652 6
    endloop
  endfacet
  facet normal 0 0 1
    outer loop
      vertex -9.16806 -13.1626 6
      vertex -9.23607 -18.3581 6
      vertex -9.03194 -18.3608 6
    endloop
  endfacet
  facet normal -0 0 1
    outer loop
      vertex -9.37177 -13.1759 6
      vertex -9.23607 -18.3581 6
      vertex -9.16806 -13.1626 6
    endloop
  endfacet
  facet normal 0 0 1
    outer loop
      vertex -9.37177 -13.1759 6
      vertex -9.43937 -18.3394 6
      vertex -9.23607 -18.3581 6
    endloop
  endfacet
  facet normal -0 0 1
    outer loop
      vertex -9.57381 -13.2052 6
      vertex -9.43937 -18.3394 6
      vertex -9.37177 -13.1759 6
    endloop
  endfacet
  facet normal 0 0 1
    outer loop
      vertex -9.57381 -13.2052 6
      vertex -9.64057 -18.3048 6
      vertex -9.43937 -18.3394 6
    endloop
  endfacet
  facet normal -0 0 1
    outer loop
      vertex -9.77293 -13.2503 6
      vertex -9.64057 -18.3048 6
      vertex -9.57381 -13.2052 6
    endloop
  endfacet
  facet normal 0 0 1
    outer loop
      vertex -9.77293 -13.2503 6
      vertex -9.83844 -18.2546 6
      vertex -9.64057 -18.3048 6
    endloop
  endfacet
  facet normal -0 0 1
    outer loop
      vertex -9.9679 -13.3108 6
      vertex -9.83844 -18.2546 6
      vertex -9.77293 -13.2503 6
    endloop
  endfacet
  facet normal 0 0 1
    outer loop
      vertex -9.9679 -13.3108 6
      vertex -10.0318 -18.189 6
      vertex -9.83844 -18.2546 6
    endloop
  endfacet
  facet normal -0 0 1
    outer loop
      vertex -10.1575 -13.3864 6
      vertex -10.0318 -18.189 6
      vertex -9.9679 -13.3108 6
    endloop
  endfacet
  facet normal 0 0 1
    outer loop
      vertex -10.1575 -13.3864 6
      vertex -10.2193 -18.1084 6
      vertex -10.0318 -18.189 6
    endloop
  endfacet
  facet normal -0 0 1
    outer loop
      vertex -10.3406 -13.4767 6
      vertex -10.2193 -18.1084 6
      vertex -10.1575 -13.3864 6
    endloop
  endfacet
  facet normal 0 0 1
    outer loop
      vertex -10.3406 -13.4767 6
      vertex -10.4 -18.0133 6
      vertex -10.2193 -18.1084 6
    endloop
  endfacet
  facet normal -0 0 1
    outer loop
      vertex -10.5161 -13.5811 6
      vertex -10.4 -18.0133 6
      vertex -10.3406 -13.4767 6
    endloop
  endfacet
  facet normal 0 0 1
    outer loop
      vertex -10.5161 -13.5811 6
      vertex -10.5727 -17.9044 6
      vertex -10.4 -18.0133 6
    endloop
  endfacet
  facet normal -0 0 1
    outer loop
      vertex -10.6828 -13.6989 6
      vertex -10.5727 -17.9044 6
      vertex -10.5161 -13.5811 6
    endloop
  endfacet
  facet normal 0 0 1
    outer loop
      vertex -10.6828 -13.6989 6
      vertex -10.7362 -17.7822 6
      vertex -10.5727 -17.9044 6
    endloop
  endfacet
  facet normal -0 0 1
    outer loop
      vertex -10.8397 -13.8295 6
      vertex -10.7362 -17.7822 6
      vertex -10.6828 -13.6989 6
    endloop
  endfacet
  facet normal 0 0 1
    outer loop
      vertex -10.8397 -13.8295 6
      vertex -10.8897 -17.6476 6
      vertex -10.7362 -17.7822 6
    endloop
  endfacet
  facet normal -0 0 1
    outer loop
      vertex -10.986 -13.9719 6
      vertex -10.8897 -17.6476 6
      vertex -10.8397 -13.8295 6
    endloop
  endfacet
  facet normal 0 0 1
    outer loop
      vertex -10.986 -13.9719 6
      vertex -11.0322 -17.5014 6
      vertex -10.8897 -17.6476 6
    endloop
  endfacet
  facet normal -0 0 1
    outer loop
      vertex -11.1206 -14.1254 6
      vertex -11.0322 -17.5014 6
      vertex -10.986 -13.9719 6
    endloop
  endfacet
  facet normal 0 0 1
    outer loop
      vertex -11.1206 -14.1254 6
      vertex -11.1627 -17.3444 6
      vertex -11.0322 -17.5014 6
    endloop
  endfacet
  facet normal -0 0 1
    outer loop
      vertex -11.2427 -14.289 6
      vertex -11.1627 -17.3444 6
      vertex -11.1206 -14.1254 6
    endloop
  endfacet
  facet normal 0 0 1
    outer loop
      vertex -11.2427 -14.289 6
      vertex -11.2805 -17.1777 6
      vertex -11.1627 -17.3444 6
    endloop
  endfacet
  facet normal -0 0 1
    outer loop
      vertex -11.3517 -14.4617 6
      vertex -11.2805 -17.1777 6
      vertex -11.2427 -14.289 6
    endloop
  endfacet
  facet normal 0 0 1
    outer loop
      vertex -11.3517 -14.4617 6
      vertex -11.3849 -17.0023 6
      vertex -11.2805 -17.1777 6
    endloop
  endfacet
  facet normal -0 0 1
    outer loop
      vertex -11.4467 -14.6423 6
      vertex -11.3849 -17.0023 6
      vertex -11.3517 -14.4617 6
    endloop
  endfacet
  facet normal 0 0 1
    outer loop
      vertex -11.4467 -14.6423 6
      vertex -11.4752 -16.8192 6
      vertex -11.3849 -17.0023 6
    endloop
  endfacet
  facet normal -0 0 1
    outer loop
      vertex -11.5273 -14.8299 6
      vertex -11.4752 -16.8192 6
      vertex -11.4467 -14.6423 6
    endloop
  endfacet
  facet normal 0 0 1
    outer loop
      vertex -11.5273 -14.8299 6
      vertex -11.5509 -16.6296 6
      vertex -11.4752 -16.8192 6
    endloop
  endfacet
  facet normal -0 0 1
    outer loop
      vertex -11.5929 -15.0232 6
      vertex -11.5509 -16.6296 6
      vertex -11.5273 -14.8299 6
    endloop
  endfacet
  facet normal 0 0 1
    outer loop
      vertex -11.5929 -15.0232 6
      vertex -11.6114 -16.4346 6
      vertex -11.5509 -16.6296 6
    endloop
  endfacet
  facet normal -0 0 1
    outer loop
      vertex -11.6432 -15.2211 6
      vertex -11.6114 -16.4346 6
      vertex -11.5929 -15.0232 6
    endloop
  endfacet
  facet normal 0 0 1
    outer loop
      vertex -11.6432 -15.2211 6
      vertex -11.6565 -16.2355 6
      vertex -11.6114 -16.4346 6
    endloop
  endfacet
  facet normal -0 0 1
    outer loop
      vertex -11.6778 -15.4223 6
      vertex -11.6565 -16.2355 6
      vertex -11.6432 -15.2211 6
    endloop
  endfacet
  facet normal 0 0 1
    outer loop
      vertex -11.6778 -15.4223 6
      vertex -11.6858 -16.0334 6
      vertex -11.6565 -16.2355 6
    endloop
  endfacet
  facet normal -0 0 1
    outer loop
      vertex -11.6964 -15.6256 6
      vertex -11.6858 -16.0334 6
      vertex -11.6778 -15.4223 6
    endloop
  endfacet
  facet normal 0 0 1
    outer loop
      vertex -11.6858 -16.0334 6
      vertex -11.6964 -15.6256 6
      vertex -11.6991 -15.8297 6
    endloop
  endfacet
  facet normal -0.0127359 -0.999919 0
    outer loop
      vertex -9.16806 -13.1626 6
      vertex -8.96393 -13.1652 34
      vertex -9.16806 -13.1626 34
    endloop
  endfacet
  facet normal -0.0127359 -0.999919 -0
    outer loop
      vertex -8.96393 -13.1652 34
      vertex -9.16806 -13.1626 6
      vertex -8.96393 -13.1652 6
    endloop
  endfacet
  facet normal -0.751854 0.65933 0
    outer loop
      vertex -7.21403 -17.5514 6
      vertex -7.07942 -17.3979 34
      vertex -7.07942 -17.3979 6
    endloop
  endfacet
  facet normal -0.751854 0.65933 0
    outer loop
      vertex -7.07942 -17.3979 34
      vertex -7.21403 -17.5514 6
      vertex -7.21403 -17.5514 34
    endloop
  endfacet
  facet normal 0.143519 -0.989647 0
    outer loop
      vertex -9.57381 -13.2052 6
      vertex -9.37177 -13.1759 34
      vertex -9.57381 -13.2052 34
    endloop
  endfacet
  facet normal 0.143519 -0.989647 0
    outer loop
      vertex -9.37177 -13.1759 34
      vertex -9.57381 -13.2052 6
      vertex -9.37177 -13.1759 6
    endloop
  endfacet
  facet normal 0.845652 -0.533735 0
    outer loop
      vertex -11.3517 -14.4617 34
      vertex -11.2427 -14.289 6
      vertex -11.2427 -14.289 34
    endloop
  endfacet
  facet normal 0.845652 -0.533735 0
    outer loop
      vertex -11.2427 -14.289 6
      vertex -11.3517 -14.4617 34
      vertex -11.3517 -14.4617 6
    endloop
  endfacet
  facet normal 0.997875 0.0651534 0
    outer loop
      vertex -11.6858 -16.0334 34
      vertex -11.6991 -15.8297 6
      vertex -11.6991 -15.8297 34
    endloop
  endfacet
  facet normal 0.997875 0.0651534 0
    outer loop
      vertex -11.6991 -15.8297 6
      vertex -11.6858 -16.0334 34
      vertex -11.6858 -16.0334 6
    endloop
  endfacet
  facet normal 0.801409 -0.598117 0
    outer loop
      vertex -11.2427 -14.289 34
      vertex -11.1206 -14.1254 6
      vertex -11.1206 -14.1254 34
    endloop
  endfacet
  facet normal 0.801409 -0.598117 0
    outer loop
      vertex -11.1206 -14.1254 6
      vertex -11.2427 -14.289 34
      vertex -11.2427 -14.289 6
    endloop
  endfacet
  facet normal 0.577106 -0.816669 0
    outer loop
      vertex -10.6828 -13.6989 6
      vertex -10.5161 -13.5811 34
      vertex -10.6828 -13.6989 34
    endloop
  endfacet
  facet normal 0.577106 -0.816669 0
    outer loop
      vertex -10.5161 -13.5811 34
      vertex -10.6828 -13.6989 6
      vertex -10.5161 -13.5811 6
    endloop
  endfacet
  facet normal -0.859325 -0.51143 0
    outer loop
      vertex -6.81507 -14.521 6
      vertex -6.91946 -14.3456 34
      vertex -6.91946 -14.3456 6
    endloop
  endfacet
  facet normal -0.859325 -0.51143 0
    outer loop
      vertex -6.91946 -14.3456 34
      vertex -6.81507 -14.521 6
      vertex -6.81507 -14.521 34
    endloop
  endfacet
  facet normal -0.662713 0.748404 0.0265028
    outer loop
      vertex 10.8897 -17.6476 33.7605
      vertex 10.7362 -17.7822 33.7231
      vertex 10.8408 -17.6906 33.752
    endloop
  endfacet
  facet normal -0.659302 0.751878 0
    outer loop
      vertex 10.8897 -17.6476 6
      vertex 10.7362 -17.7822 33.7231
      vertex 10.8897 -17.6476 33.7605
    endloop
  endfacet
  facet normal -0.659302 0.751878 0
    outer loop
      vertex 10.7362 -17.7822 33.7231
      vertex 10.8897 -17.6476 6
      vertex 10.7362 -17.7822 6
    endloop
  endfacet
  facet normal -0.296364 -0.955075 0
    outer loop
      vertex 9.77293 -13.2503 6
      vertex 9.9679 -13.3108 34
      vertex 9.77293 -13.2503 34
    endloop
  endfacet
  facet normal -0.296364 -0.955075 -0
    outer loop
      vertex 9.9679 -13.3108 34
      vertex 9.77293 -13.2503 6
      vertex 9.9679 -13.3108 6
    endloop
  endfacet
  facet normal -0.533385 0.845873 0
    outer loop
      vertex 10.5727 -17.9044 6
      vertex 10.4 -18.0133 33.6857
      vertex 10.5727 -17.9044 33.6964
    endloop
  endfacet
  facet normal -0.533385 0.845873 0
    outer loop
      vertex 10.4 -18.0133 33.6857
      vertex 10.5727 -17.9044 6
      vertex 10.4 -18.0133 6
    endloop
  endfacet
  facet normal -0.91879 -0.394747 0
    outer loop
      vertex 11.5273 -14.8299 6
      vertex 11.4467 -14.6423 34
      vertex 11.4467 -14.6423 6
    endloop
  endfacet
  facet normal -0.91879 -0.394747 0
    outer loop
      vertex 11.4467 -14.6423 34
      vertex 11.5273 -14.8299 6
      vertex 11.5273 -14.8299 34
    endloop
  endfacet
  facet normal -0.845652 -0.533735 0
    outer loop
      vertex 11.3517 -14.4617 6
      vertex 11.2427 -14.289 34
      vertex 11.2427 -14.289 6
    endloop
  endfacet
  facet normal -0.845652 -0.533735 0
    outer loop
      vertex 11.2427 -14.289 34
      vertex 11.3517 -14.4617 6
      vertex 11.3517 -14.4617 34
    endloop
  endfacet
  facet normal 0.954989 -0.29664 0
    outer loop
      vertex 6.58859 -15.0887 34
      vertex 6.64913 -14.8938 6
      vertex 6.64913 -14.8938 34
    endloop
  endfacet
  facet normal 0.954989 -0.29664 0
    outer loop
      vertex 6.64913 -14.8938 6
      vertex 6.58859 -15.0887 34
      vertex 6.58859 -15.0887 6
    endloop
  endfacet
  facet normal -0.955088 0.296322 0
    outer loop
      vertex 11.5509 -16.6296 6
      vertex 11.6114 -16.4346 34
      vertex 11.6114 -16.4346 6
    endloop
  endfacet
  facet normal -0.955088 0.296322 0
    outer loop
      vertex 11.6114 -16.4346 34
      vertex 11.5509 -16.6296 6
      vertex 11.5509 -16.6296 34
    endloop
  endfacet
  facet normal 0.88503 0.465534 0
    outer loop
      vertex 6.84833 -17.0617 34
      vertex 6.75328 -16.881 6
      vertex 6.75328 -16.881 34
    endloop
  endfacet
  facet normal 0.88503 0.465534 0
    outer loop
      vertex 6.75328 -16.881 6
      vertex 6.84833 -17.0617 34
      vertex 6.84833 -17.0617 6
    endloop
  endfacet
  facet normal 0.768927 -0.639336 0
    outer loop
      vertex 7.03728 -14.1789 34
      vertex 7.16782 -14.0219 6
      vertex 7.16782 -14.0219 34
    endloop
  endfacet
  facet normal 0.768927 -0.639336 0
    outer loop
      vertex 7.16782 -14.0219 6
      vertex 7.03728 -14.1789 34
      vertex 7.03728 -14.1789 6
    endloop
  endfacet
  facet normal 0.801291 0.598275 0
    outer loop
      vertex 7.07942 -17.3979 34
      vertex 6.95727 -17.2343 6
      vertex 6.95727 -17.2343 34
    endloop
  endfacet
  facet normal 0.801291 0.598275 0
    outer loop
      vertex 6.95727 -17.2343 6
      vertex 7.07942 -17.3979 34
      vertex 7.07942 -17.3979 6
    endloop
  endfacet
  facet normal -0.801409 -0.598117 0
    outer loop
      vertex 11.2427 -14.289 6
      vertex 11.1206 -14.1254 34
      vertex 11.1206 -14.1254 6
    endloop
  endfacet
  facet normal -0.801409 -0.598117 0
    outer loop
      vertex 11.1206 -14.1254 34
      vertex 11.2427 -14.289 6
      vertex 11.2427 -14.289 34
    endloop
  endfacet
  facet normal -0.639751 -0.768583 0
    outer loop
      vertex 10.6828 -13.6989 6
      vertex 10.8397 -13.8295 34
      vertex 10.6828 -13.6989 34
    endloop
  endfacet
  facet normal -0.639751 -0.768583 -0
    outer loop
      vertex 10.8397 -13.8295 34
      vertex 10.6828 -13.6989 6
      vertex 10.8397 -13.8295 6
    endloop
  endfacet
  facet normal -0.999913 -0.0132277 0
    outer loop
      vertex 11.6991 -15.8297 6
      vertex 11.6964 -15.6256 34
      vertex 11.6964 -15.6256 6
    endloop
  endfacet
  facet normal -0.999913 -0.0132277 0
    outer loop
      vertex 11.6964 -15.6256 34
      vertex 11.6991 -15.8297 6
      vertex 11.6991 -15.8297 34
    endloop
  endfacet
  facet normal -0.989654 0.143478 0
    outer loop
      vertex 11.6565 -16.2355 6
      vertex 11.6858 -16.0334 34
      vertex 11.6858 -16.0334 6
    endloop
  endfacet
  facet normal -0.989654 0.143478 0
    outer loop
      vertex 11.6858 -16.0334 34
      vertex 11.6565 -16.2355 6
      vertex 11.6565 -16.2355 34
    endloop
  endfacet
  facet normal 0.296811 0.954936 -0
    outer loop
      vertex 8.42707 -18.2731 6
      vertex 8.2321 -18.2125 34
      vertex 8.42707 -18.2731 34
    endloop
  endfacet
  facet normal 0.296811 0.954936 0
    outer loop
      vertex 8.2321 -18.2125 34
      vertex 8.42707 -18.2731 6
      vertex 8.2321 -18.2125 6
    endloop
  endfacet
  facet normal 0.220435 0.975402 -0
    outer loop
      vertex 8.62619 -18.3181 6
      vertex 8.42707 -18.2731 34
      vertex 8.62619 -18.3181 34
    endloop
  endfacet
  facet normal 0.220435 0.975402 0
    outer loop
      vertex 8.42707 -18.2731 34
      vertex 8.62619 -18.3181 6
      vertex 8.42707 -18.2731 6
    endloop
  endfacet
  facet normal 0.598502 -0.801121 0
    outer loop
      vertex 7.46377 -13.7411 6
      vertex 7.62734 -13.6189 34
      vertex 7.46377 -13.7411 34
    endloop
  endfacet
  facet normal 0.598502 -0.801121 0
    outer loop
      vertex 7.62734 -13.6189 34
      vertex 7.46377 -13.7411 6
      vertex 7.62734 -13.6189 6
    endloop
  endfacet
  facet normal -0.321278 0.946985 0
    outer loop
      vertex 9.83844 -18.2546 6
      vertex 10.0318 -18.189 33.7124
      vertex 10.0318 -18.189 6
    endloop
  endfacet
  facet normal -0.321278 0.946985 0
    outer loop
      vertex 10.0318 -18.189 33.7124
      vertex 9.83844 -18.2546 6
      vertex 9.83844 -18.2546 33.7497
    endloop
  endfacet
  facet normal -0.995841 -0.0911099 0
    outer loop
      vertex 11.6964 -15.6256 6
      vertex 11.6778 -15.4223 34
      vertex 11.6778 -15.4223 6
    endloop
  endfacet
  facet normal -0.995841 -0.0911099 0
    outer loop
      vertex 11.6778 -15.4223 34
      vertex 11.6964 -15.6256 6
      vertex 11.6964 -15.6256 34
    endloop
  endfacet
  facet normal 0.659326 -0.751857 0
    outer loop
      vertex 7.31028 -13.8757 6
      vertex 7.46377 -13.7411 34
      vertex 7.31028 -13.8757 34
    endloop
  endfacet
  facet normal 0.659326 -0.751857 0
    outer loop
      vertex 7.46377 -13.7411 34
      vertex 7.31028 -13.8757 6
      vertex 7.46377 -13.7411 6
    endloop
  endfacet
  facet normal 0.442328 0.896853 -0
    outer loop
      vertex 8.04248 -18.1369 6
      vertex 7.85939 -18.0466 34
      vertex 8.04248 -18.1369 34
    endloop
  endfacet
  facet normal 0.442328 0.896853 0
    outer loop
      vertex 7.85939 -18.0466 34
      vertex 8.04248 -18.1369 6
      vertex 7.85939 -18.0466 6
    endloop
  endfacet
  facet normal -0.715615 0.698495 0
    outer loop
      vertex 11.0322 -17.5014 6
      vertex 11.0118 -17.5223 33.7969
      vertex 11.0322 -17.5014 33.803
    endloop
  endfacet
  facet normal -0.71611 0.697987 0
    outer loop
      vertex 10.8897 -17.6476 33.7605
      vertex 11.0322 -17.5014 6
      vertex 10.8897 -17.6476 6
    endloop
  endfacet
  facet normal -0.716193 0.697902 -8.69617e-07
    outer loop
      vertex 11.0322 -17.5014 6
      vertex 10.8897 -17.6476 33.7605
      vertex 11.0118 -17.5223 33.7969
    endloop
  endfacet
  facet normal -0.370377 -0.928882 0
    outer loop
      vertex 9.9679 -13.3108 6
      vertex 10.1575 -13.3864 34
      vertex 9.9679 -13.3108 34
    endloop
  endfacet
  facet normal -0.370377 -0.928882 -0
    outer loop
      vertex 10.1575 -13.3864 34
      vertex 9.9679 -13.3108 6
      vertex 10.1575 -13.3864 6
    endloop
  endfacet
  facet normal -0.697491 -0.716594 0
    outer loop
      vertex 10.8397 -13.8295 6
      vertex 10.986 -13.9719 34
      vertex 10.8397 -13.8295 34
    endloop
  endfacet
  facet normal -0.697491 -0.716594 -0
    outer loop
      vertex 10.986 -13.9719 34
      vertex 10.8397 -13.8295 6
      vertex 10.986 -13.9719 6
    endloop
  endfacet
  facet normal -0.896863 0.442309 0
    outer loop
      vertex 11.3849 -17.0023 6
      vertex 11.4752 -16.8192 34
      vertex 11.4752 -16.8192 6
    endloop
  endfacet
  facet normal -0.896863 0.442309 0
    outer loop
      vertex 11.4752 -16.8192 34
      vertex 11.3849 -17.0023 6
      vertex 11.3849 -17.0023 34
    endloop
  endfacet
  facet normal 0.859325 -0.51143 0
    outer loop
      vertex 6.81507 -14.521 34
      vertex 6.91946 -14.3456 6
      vertex 6.91946 -14.3456 34
    endloop
  endfacet
  facet normal 0.859325 -0.51143 0
    outer loop
      vertex 6.91946 -14.3456 6
      vertex 6.81507 -14.521 34
      vertex 6.81507 -14.521 6
    endloop
  endfacet
  facet normal -0.985534 -0.16948 0
    outer loop
      vertex 11.6778 -15.4223 6
      vertex 11.6432 -15.2211 34
      vertex 11.6432 -15.2211 6
    endloop
  endfacet
  facet normal -0.985534 -0.16948 0
    outer loop
      vertex 11.6432 -15.2211 34
      vertex 11.6778 -15.4223 6
      vertex 11.6778 -15.4223 34
    endloop
  endfacet
  facet normal 0.975344 -0.220689 0
    outer loop
      vertex 6.54354 -15.2878 34
      vertex 6.58859 -15.0887 6
      vertex 6.58859 -15.0887 34
    endloop
  endfacet
  facet normal 0.975344 -0.220689 0
    outer loop
      vertex 6.58859 -15.0887 6
      vertex 6.54354 -15.2878 34
      vertex 6.54354 -15.2878 6
    endloop
  endfacet
  facet normal -0.598667 0.800998 0
    outer loop
      vertex 10.7362 -17.7822 6
      vertex 10.5727 -17.9044 33.6964
      vertex 10.7362 -17.7822 33.7231
    endloop
  endfacet
  facet normal -0.598667 0.800998 0
    outer loop
      vertex 10.5727 -17.9044 33.6964
      vertex 10.7362 -17.7822 6
      vertex 10.5727 -17.9044 6
    endloop
  endfacet
  facet normal -0.928713 0.370799 0
    outer loop
      vertex 11.4752 -16.8192 6
      vertex 11.5509 -16.6296 34
      vertex 11.5509 -16.6296 6
    endloop
  endfacet
  facet normal -0.928713 0.370799 0
    outer loop
      vertex 11.5509 -16.6296 34
      vertex 11.4752 -16.8192 6
      vertex 11.4752 -16.8192 34
    endloop
  endfacet
  facet normal 0.816623 -0.577172 0
    outer loop
      vertex 6.91946 -14.3456 34
      vertex 7.03728 -14.1789 6
      vertex 7.03728 -14.1789 34
    endloop
  endfacet
  facet normal 0.816623 -0.577172 0
    outer loop
      vertex 7.03728 -14.1789 6
      vertex 6.91946 -14.3456 34
      vertex 6.91946 -14.3456 6
    endloop
  endfacet
  facet normal 0.511359 0.859367 -0
    outer loop
      vertex 7.85939 -18.0466 6
      vertex 7.68394 -17.9422 34
      vertex 7.85939 -18.0466 34
    endloop
  endfacet
  facet normal 0.511359 0.859367 0
    outer loop
      vertex 7.68394 -17.9422 34
      vertex 7.85939 -18.0466 6
      vertex 7.68394 -17.9422 6
    endloop
  endfacet
  facet normal -0.769024 0.63922 0
    outer loop
      vertex 11.0322 -17.5014 33.803
      vertex 11.1627 -17.3444 6
      vertex 11.0322 -17.5014 6
    endloop
  endfacet
  facet normal -0.769024 0.63922 0
    outer loop
      vertex 11.1627 -17.3444 6
      vertex 11.0322 -17.5014 33.803
      vertex 11.1627 -17.3444 33.861
    endloop
  endfacet
  facet normal -0.751878 -0.659302 0
    outer loop
      vertex 11.1206 -14.1254 6
      vertex 10.986 -13.9719 34
      vertex 10.986 -13.9719 6
    endloop
  endfacet
  facet normal -0.751878 -0.659302 0
    outer loop
      vertex 10.986 -13.9719 34
      vertex 11.1206 -14.1254 6
      vertex 11.1206 -14.1254 34
    endloop
  endfacet
  facet normal 0.31745 -0.778369 0.541634
    outer loop
      vertex 9.64057 -18.3048 33.8026
      vertex 9.43937 -18.3394 33.8708
      vertex 9.55011 -18.3204 33.8332
    endloop
  endfacet
  facet normal -0.16948 0.985534 0
    outer loop
      vertex 9.43937 -18.3394 6
      vertex 9.64057 -18.3048 33.8026
      vertex 9.64057 -18.3048 6
    endloop
  endfacet
  facet normal -0.16948 0.985534 0
    outer loop
      vertex 9.64057 -18.3048 33.8026
      vertex 9.43937 -18.3394 6
      vertex 9.43937 -18.3394 33.8708
    endloop
  endfacet
  facet normal 0.845645 0.533746 0
    outer loop
      vertex 6.95727 -17.2343 34
      vertex 6.84833 -17.0617 6
      vertex 6.84833 -17.0617 34
    endloop
  endfacet
  facet normal 0.845645 0.533746 0
    outer loop
      vertex 6.84833 -17.0617 6
      vertex 6.95727 -17.2343 34
      vertex 6.95727 -17.2343 6
    endloop
  endfacet
  facet normal -0.245911 0.969292 0
    outer loop
      vertex 9.64057 -18.3048 6
      vertex 9.83844 -18.2546 33.7497
      vertex 9.83844 -18.2546 6
    endloop
  endfacet
  facet normal -0.245911 0.969292 0
    outer loop
      vertex 9.83844 -18.2546 33.7497
      vertex 9.64057 -18.3048 6
      vertex 9.64057 -18.3048 33.8026
    endloop
  endfacet
  facet normal -0.465726 0.884929 0
    outer loop
      vertex 10.2193 -18.1084 6
      vertex 10.4 -18.0133 33.6857
      vertex 10.4 -18.0133 6
    endloop
  endfacet
  facet normal -0.465726 0.884929 0
    outer loop
      vertex 10.4 -18.0133 33.6857
      vertex 10.2193 -18.1084 6
      vertex 10.2193 -18.1084 33.6911
    endloop
  endfacet
  facet normal 0.896882 -0.442269 0
    outer loop
      vertex 6.72478 -14.7041 34
      vertex 6.81507 -14.521 6
      vertex 6.81507 -14.521 34
    endloop
  endfacet
  facet normal 0.896882 -0.442269 0
    outer loop
      vertex 6.81507 -14.521 6
      vertex 6.72478 -14.7041 34
      vertex 6.72478 -14.7041 6
    endloop
  endfacet
  facet normal -0.969184 -0.246336 0
    outer loop
      vertex 11.6432 -15.2211 6
      vertex 11.5929 -15.0232 34
      vertex 11.5929 -15.0232 6
    endloop
  endfacet
  facet normal -0.969184 -0.246336 0
    outer loop
      vertex 11.5929 -15.0232 34
      vertex 11.6432 -15.2211 6
      vertex 11.6432 -15.2211 34
    endloop
  endfacet
  facet normal 0.465787 -0.884897 0
    outer loop
      vertex 7.8 -13.51 6
      vertex 7.98067 -13.4149 34
      vertex 7.8 -13.51 34
    endloop
  endfacet
  facet normal 0.465787 -0.884897 0
    outer loop
      vertex 7.98067 -13.4149 34
      vertex 7.8 -13.51 6
      vertex 7.98067 -13.4149 6
    endloop
  endfacet
  facet normal -0.946955 -0.321367 0
    outer loop
      vertex 11.5929 -15.0232 6
      vertex 11.5273 -14.8299 34
      vertex 11.5273 -14.8299 6
    endloop
  endfacet
  facet normal -0.946955 -0.321367 0
    outer loop
      vertex 11.5273 -14.8299 34
      vertex 11.5929 -15.0232 6
      vertex 11.5929 -15.0232 34
    endloop
  endfacet
  facet normal 0.98555 0.169385 0
    outer loop
      vertex 6.55682 -16.3022 34
      vertex 6.52224 -16.101 6
      vertex 6.52224 -16.101 34
    endloop
  endfacet
  facet normal 0.98555 0.169385 0
    outer loop
      vertex 6.52224 -16.101 6
      vertex 6.55682 -16.3022 34
      vertex 6.55682 -16.3022 6
    endloop
  endfacet
  facet normal 0.999914 0.0130807 0
    outer loop
      vertex 6.50356 -15.8977 34
      vertex 6.50089 -15.6936 6
      vertex 6.50089 -15.6936 34
    endloop
  endfacet
  facet normal 0.999914 0.0130807 0
    outer loop
      vertex 6.50089 -15.6936 6
      vertex 6.50356 -15.8977 34
      vertex 6.50356 -15.8977 6
    endloop
  endfacet
  facet normal -0.859303 0.511467 0
    outer loop
      vertex 11.2805 -17.1777 33.9343
      vertex 11.3849 -17.0023 34
      vertex 11.3849 -17.0023 6
    endloop
  endfacet
  facet normal -0.859303 0.511467 0
    outer loop
      vertex 11.2805 -17.1777 33.9343
      vertex 11.3849 -17.0023 6
      vertex 11.2805 -17.1777 6
    endloop
  endfacet
  facet normal -0.859876 0.510491 0.00351572
    outer loop
      vertex 11.3849 -17.0023 34
      vertex 11.2805 -17.1777 33.9343
      vertex 11.3586 -17.0466 34
    endloop
  endfacet
  facet normal -0.511251 -0.859431 0
    outer loop
      vertex 10.3406 -13.4767 6
      vertex 10.5161 -13.5811 34
      vertex 10.3406 -13.4767 34
    endloop
  endfacet
  facet normal -0.511251 -0.859431 -0
    outer loop
      vertex 10.5161 -13.5811 34
      vertex 10.3406 -13.4767 6
      vertex 10.5161 -13.5811 6
    endloop
  endfacet
  facet normal 0.245911 -0.969292 0
    outer loop
      vertex 8.36156 -13.2687 6
      vertex 8.55943 -13.2185 34
      vertex 8.36156 -13.2687 34
    endloop
  endfacet
  facet normal 0.245911 -0.969292 0
    outer loop
      vertex 8.55943 -13.2185 34
      vertex 8.36156 -13.2687 6
      vertex 8.55943 -13.2185 6
    endloop
  endfacet
  facet normal 0.533473 -0.845817 0
    outer loop
      vertex 7.62734 -13.6189 6
      vertex 7.8 -13.51 34
      vertex 7.62734 -13.6189 34
    endloop
  endfacet
  facet normal 0.533473 -0.845817 0
    outer loop
      vertex 7.8 -13.51 34
      vertex 7.62734 -13.6189 6
      vertex 7.8 -13.51 6
    endloop
  endfacet
  facet normal 0.143519 0.989647 -0
    outer loop
      vertex 8.82823 -18.3474 6
      vertex 8.62619 -18.3181 34
      vertex 8.82823 -18.3474 34
    endloop
  endfacet
  facet normal 0.143519 0.989647 0
    outer loop
      vertex 8.62619 -18.3181 34
      vertex 8.82823 -18.3474 6
      vertex 8.62619 -18.3181 6
    endloop
  endfacet
  facet normal 0.928865 -0.37042 0
    outer loop
      vertex 6.64913 -14.8938 34
      vertex 6.72478 -14.7041 6
      vertex 6.72478 -14.7041 34
    endloop
  endfacet
  facet normal 0.928865 -0.37042 0
    outer loop
      vertex 6.72478 -14.7041 6
      vertex 6.64913 -14.8938 34
      vertex 6.64913 -14.8938 6
    endloop
  endfacet
  facet normal 0.639606 0.768703 -0
    outer loop
      vertex 7.51722 -17.8244 6
      vertex 7.36026 -17.6938 34
      vertex 7.51722 -17.8244 34
    endloop
  endfacet
  facet normal 0.639606 0.768703 0
    outer loop
      vertex 7.36026 -17.6938 34
      vertex 7.51722 -17.8244 6
      vertex 7.36026 -17.6938 6
    endloop
  endfacet
  facet normal 0.57706 0.816702 -0
    outer loop
      vertex 7.68394 -17.9422 6
      vertex 7.51722 -17.8244 34
      vertex 7.68394 -17.9422 34
    endloop
  endfacet
  facet normal 0.57706 0.816702 0
    outer loop
      vertex 7.51722 -17.8244 34
      vertex 7.68394 -17.9422 6
      vertex 7.51722 -17.8244 6
    endloop
  endfacet
  facet normal 0.995805 0.0914985 0
    outer loop
      vertex 6.52224 -16.101 34
      vertex 6.50356 -15.8977 6
      vertex 6.50356 -15.8977 34
    endloop
  endfacet
  facet normal 0.995805 0.0914985 0
    outer loop
      vertex 6.50356 -15.8977 6
      vertex 6.52224 -16.101 34
      vertex 6.52224 -16.101 6
    endloop
  endfacet
  facet normal -0.885025 -0.465544 0
    outer loop
      vertex 11.4467 -14.6423 6
      vertex 11.3517 -14.4617 34
      vertex 11.3517 -14.4617 6
    endloop
  endfacet
  facet normal -0.885025 -0.465544 0
    outer loop
      vertex 11.3517 -14.4617 34
      vertex 11.4467 -14.6423 6
      vertex 11.4467 -14.6423 34
    endloop
  endfacet
  facet normal 0.716208 -0.697887 0
    outer loop
      vertex 7.16782 -14.0219 34
      vertex 7.31028 -13.8757 6
      vertex 7.31028 -13.8757 34
    endloop
  endfacet
  facet normal 0.716208 -0.697887 0
    outer loop
      vertex 7.31028 -13.8757 6
      vertex 7.16782 -14.0219 34
      vertex 7.16782 -14.0219 6
    endloop
  endfacet
  facet normal 0.751854 0.65933 0
    outer loop
      vertex 7.21403 -17.5514 34
      vertex 7.07942 -17.3979 6
      vertex 7.07942 -17.3979 34
    endloop
  endfacet
  facet normal 0.751854 0.65933 0
    outer loop
      vertex 7.07942 -17.3979 6
      vertex 7.21403 -17.5514 34
      vertex 7.21403 -17.5514 6
    endloop
  endfacet
  facet normal 0.969243 0.246106 0
    outer loop
      vertex 6.60707 -16.5001 34
      vertex 6.55682 -16.3022 6
      vertex 6.55682 -16.3022 34
    endloop
  endfacet
  facet normal 0.969243 0.246106 0
    outer loop
      vertex 6.55682 -16.3022 6
      vertex 6.60707 -16.5001 34
      vertex 6.60707 -16.5001 6
    endloop
  endfacet
  facet normal -0.997875 0.0651534 0
    outer loop
      vertex 11.6858 -16.0334 6
      vertex 11.6991 -15.8297 34
      vertex 11.6991 -15.8297 6
    endloop
  endfacet
  facet normal -0.997875 0.0651534 0
    outer loop
      vertex 11.6991 -15.8297 34
      vertex 11.6858 -16.0334 6
      vertex 11.6858 -16.0334 34
    endloop
  endfacet
  facet normal -0.0141829 0.999893 -0.00359265
    outer loop
      vertex 9.23607 -18.3581 33.9456
      vertex 9.03194 -18.3608 34
      vertex 9.10244 -18.3598 34
    endloop
  endfacet
  facet normal -0.0132257 0.999913 0
    outer loop
      vertex 9.03194 -18.3608 6
      vertex 9.23607 -18.3581 33.9456
      vertex 9.23607 -18.3581 6
    endloop
  endfacet
  facet normal -0.0132257 0.999913 0
    outer loop
      vertex 9.23607 -18.3581 33.9456
      vertex 9.03194 -18.3608 6
      vertex 9.03194 -18.3608 34
    endloop
  endfacet
  facet normal -0.220901 -0.975296 0
    outer loop
      vertex 9.57381 -13.2052 6
      vertex 9.77293 -13.2503 34
      vertex 9.57381 -13.2052 34
    endloop
  endfacet
  facet normal -0.220901 -0.975296 -0
    outer loop
      vertex 9.77293 -13.2503 34
      vertex 9.57381 -13.2052 6
      vertex 9.77293 -13.2503 6
    endloop
  endfacet
  facet normal -0.577106 -0.816669 0
    outer loop
      vertex 10.5161 -13.5811 6
      vertex 10.6828 -13.6989 34
      vertex 10.5161 -13.5811 34
    endloop
  endfacet
  facet normal -0.577106 -0.816669 -0
    outer loop
      vertex 10.6828 -13.6989 34
      vertex 10.5161 -13.5811 6
      vertex 10.6828 -13.6989 6
    endloop
  endfacet
  facet normal -0.394924 0.918714 0
    outer loop
      vertex 10.0318 -18.189 6
      vertex 10.2193 -18.1084 33.6911
      vertex 10.2193 -18.1084 6
    endloop
  endfacet
  facet normal -0.394924 0.918714 0
    outer loop
      vertex 10.2193 -18.1084 33.6911
      vertex 10.0318 -18.189 6
      vertex 10.0318 -18.189 33.7124
    endloop
  endfacet
  facet normal 0.370343 0.928895 -0
    outer loop
      vertex 8.2321 -18.2125 6
      vertex 8.04248 -18.1369 34
      vertex 8.2321 -18.2125 34
    endloop
  endfacet
  facet normal 0.370343 0.928895 0
    outer loop
      vertex 8.04248 -18.1369 34
      vertex 8.2321 -18.2125 6
      vertex 8.04248 -18.1369 6
    endloop
  endfacet
  facet normal 0.0656379 0.997844 -0
    outer loop
      vertex 9.03194 -18.3608 6
      vertex 8.82823 -18.3474 34
      vertex 9.03194 -18.3608 34
    endloop
  endfacet
  facet normal 0.0656379 0.997844 0
    outer loop
      vertex 8.82823 -18.3474 34
      vertex 9.03194 -18.3608 6
      vertex 8.82823 -18.3474 6
    endloop
  endfacet
  facet normal 0.946925 0.321455 0
    outer loop
      vertex 6.67269 -16.6934 34
      vertex 6.60707 -16.5001 6
      vertex 6.60707 -16.5001 34
    endloop
  endfacet
  facet normal 0.946925 0.321455 0
    outer loop
      vertex 6.60707 -16.5001 6
      vertex 6.67269 -16.6934 34
      vertex 6.67269 -16.6934 6
    endloop
  endfacet
  facet normal 0.321776 -0.946816 0
    outer loop
      vertex 8.16824 -13.3344 6
      vertex 8.36156 -13.2687 34
      vertex 8.16824 -13.3344 34
    endloop
  endfacet
  facet normal 0.321776 -0.946816 0
    outer loop
      vertex 8.36156 -13.2687 34
      vertex 8.16824 -13.3344 6
      vertex 8.36156 -13.2687 6
    endloop
  endfacet
  facet normal 0.16948 -0.985534 0
    outer loop
      vertex 8.55943 -13.2185 6
      vertex 8.76063 -13.1839 34
      vertex 8.55943 -13.2185 34
    endloop
  endfacet
  facet normal 0.16948 -0.985534 0
    outer loop
      vertex 8.76063 -13.1839 34
      vertex 8.55943 -13.2185 6
      vertex 8.76063 -13.1839 6
    endloop
  endfacet
  facet normal 0.997859 -0.0653973 0
    outer loop
      vertex 6.50089 -15.6936 34
      vertex 6.51424 -15.4899 6
      vertex 6.51424 -15.4899 34
    endloop
  endfacet
  facet normal 0.997859 -0.0653973 0
    outer loop
      vertex 6.51424 -15.4899 6
      vertex 6.50089 -15.6936 34
      vertex 6.50089 -15.6936 6
    endloop
  endfacet
  facet normal 0 0 1
    outer loop
      vertex 11.6964 -15.6256 6
      vertex 11.6858 -16.0334 6
      vertex 11.6991 -15.8297 6
    endloop
  endfacet
  facet normal 0 0 1
    outer loop
      vertex 11.6778 -15.4223 6
      vertex 11.6858 -16.0334 6
      vertex 11.6964 -15.6256 6
    endloop
  endfacet
  facet normal 0 0 1
    outer loop
      vertex 11.6778 -15.4223 6
      vertex 11.6565 -16.2355 6
      vertex 11.6858 -16.0334 6
    endloop
  endfacet
  facet normal 0 0 1
    outer loop
      vertex 11.6432 -15.2211 6
      vertex 11.6565 -16.2355 6
      vertex 11.6778 -15.4223 6
    endloop
  endfacet
  facet normal 0 0 1
    outer loop
      vertex 11.6432 -15.2211 6
      vertex 11.6114 -16.4346 6
      vertex 11.6565 -16.2355 6
    endloop
  endfacet
  facet normal 0 0 1
    outer loop
      vertex 11.5929 -15.0232 6
      vertex 11.6114 -16.4346 6
      vertex 11.6432 -15.2211 6
    endloop
  endfacet
  facet normal 0 0 1
    outer loop
      vertex 11.5929 -15.0232 6
      vertex 11.5509 -16.6296 6
      vertex 11.6114 -16.4346 6
    endloop
  endfacet
  facet normal 0 0 1
    outer loop
      vertex 11.5273 -14.8299 6
      vertex 11.5509 -16.6296 6
      vertex 11.5929 -15.0232 6
    endloop
  endfacet
  facet normal 0 0 1
    outer loop
      vertex 11.5273 -14.8299 6
      vertex 11.4752 -16.8192 6
      vertex 11.5509 -16.6296 6
    endloop
  endfacet
  facet normal 0 0 1
    outer loop
      vertex 11.4467 -14.6423 6
      vertex 11.4752 -16.8192 6
      vertex 11.5273 -14.8299 6
    endloop
  endfacet
  facet normal 0 0 1
    outer loop
      vertex 11.4467 -14.6423 6
      vertex 11.3849 -17.0023 6
      vertex 11.4752 -16.8192 6
    endloop
  endfacet
  facet normal 0 0 1
    outer loop
      vertex 11.3517 -14.4617 6
      vertex 11.3849 -17.0023 6
      vertex 11.4467 -14.6423 6
    endloop
  endfacet
  facet normal 0 0 1
    outer loop
      vertex 11.3517 -14.4617 6
      vertex 11.2805 -17.1777 6
      vertex 11.3849 -17.0023 6
    endloop
  endfacet
  facet normal 0 0 1
    outer loop
      vertex 11.2427 -14.289 6
      vertex 11.2805 -17.1777 6
      vertex 11.3517 -14.4617 6
    endloop
  endfacet
  facet normal 0 0 1
    outer loop
      vertex 11.2427 -14.289 6
      vertex 11.1627 -17.3444 6
      vertex 11.2805 -17.1777 6
    endloop
  endfacet
  facet normal 0 0 1
    outer loop
      vertex 11.1206 -14.1254 6
      vertex 11.1627 -17.3444 6
      vertex 11.2427 -14.289 6
    endloop
  endfacet
  facet normal 0 0 1
    outer loop
      vertex 11.1206 -14.1254 6
      vertex 11.0322 -17.5014 6
      vertex 11.1627 -17.3444 6
    endloop
  endfacet
  facet normal 0 0 1
    outer loop
      vertex 10.986 -13.9719 6
      vertex 11.0322 -17.5014 6
      vertex 11.1206 -14.1254 6
    endloop
  endfacet
  facet normal 0 0 1
    outer loop
      vertex 10.986 -13.9719 6
      vertex 10.8897 -17.6476 6
      vertex 11.0322 -17.5014 6
    endloop
  endfacet
  facet normal 0 0 1
    outer loop
      vertex 10.8397 -13.8295 6
      vertex 10.8897 -17.6476 6
      vertex 10.986 -13.9719 6
    endloop
  endfacet
  facet normal 0 0 1
    outer loop
      vertex 10.8397 -13.8295 6
      vertex 10.7362 -17.7822 6
      vertex 10.8897 -17.6476 6
    endloop
  endfacet
  facet normal 0 0 1
    outer loop
      vertex 10.6828 -13.6989 6
      vertex 10.7362 -17.7822 6
      vertex 10.8397 -13.8295 6
    endloop
  endfacet
  facet normal 0 0 1
    outer loop
      vertex 10.6828 -13.6989 6
      vertex 10.5727 -17.9044 6
      vertex 10.7362 -17.7822 6
    endloop
  endfacet
  facet normal 0 0 1
    outer loop
      vertex 10.5161 -13.5811 6
      vertex 10.5727 -17.9044 6
      vertex 10.6828 -13.6989 6
    endloop
  endfacet
  facet normal 0 0 1
    outer loop
      vertex 10.5161 -13.5811 6
      vertex 10.4 -18.0133 6
      vertex 10.5727 -17.9044 6
    endloop
  endfacet
  facet normal 0 0 1
    outer loop
      vertex 10.3406 -13.4767 6
      vertex 10.4 -18.0133 6
      vertex 10.5161 -13.5811 6
    endloop
  endfacet
  facet normal 0 0 1
    outer loop
      vertex 10.3406 -13.4767 6
      vertex 10.2193 -18.1084 6
      vertex 10.4 -18.0133 6
    endloop
  endfacet
  facet normal 0 0 1
    outer loop
      vertex 10.1575 -13.3864 6
      vertex 10.2193 -18.1084 6
      vertex 10.3406 -13.4767 6
    endloop
  endfacet
  facet normal 0 0 1
    outer loop
      vertex 10.1575 -13.3864 6
      vertex 10.0318 -18.189 6
      vertex 10.2193 -18.1084 6
    endloop
  endfacet
  facet normal 0 0 1
    outer loop
      vertex 9.9679 -13.3108 6
      vertex 10.0318 -18.189 6
      vertex 10.1575 -13.3864 6
    endloop
  endfacet
  facet normal 0 0 1
    outer loop
      vertex 9.9679 -13.3108 6
      vertex 9.83844 -18.2546 6
      vertex 10.0318 -18.189 6
    endloop
  endfacet
  facet normal 0 0 1
    outer loop
      vertex 9.77293 -13.2503 6
      vertex 9.83844 -18.2546 6
      vertex 9.9679 -13.3108 6
    endloop
  endfacet
  facet normal 0 0 1
    outer loop
      vertex 9.77293 -13.2503 6
      vertex 9.64057 -18.3048 6
      vertex 9.83844 -18.2546 6
    endloop
  endfacet
  facet normal 0 0 1
    outer loop
      vertex 9.57381 -13.2052 6
      vertex 9.64057 -18.3048 6
      vertex 9.77293 -13.2503 6
    endloop
  endfacet
  facet normal 0 0 1
    outer loop
      vertex 9.57381 -13.2052 6
      vertex 9.43937 -18.3394 6
      vertex 9.64057 -18.3048 6
    endloop
  endfacet
  facet normal 0 0 1
    outer loop
      vertex 9.37177 -13.1759 6
      vertex 9.43937 -18.3394 6
      vertex 9.57381 -13.2052 6
    endloop
  endfacet
  facet normal 0 0 1
    outer loop
      vertex 9.37177 -13.1759 6
      vertex 9.23607 -18.3581 6
      vertex 9.43937 -18.3394 6
    endloop
  endfacet
  facet normal 0 0 1
    outer loop
      vertex 9.16806 -13.1626 6
      vertex 9.23607 -18.3581 6
      vertex 9.37177 -13.1759 6
    endloop
  endfacet
  facet normal 0 0 1
    outer loop
      vertex 9.16806 -13.1626 6
      vertex 9.03194 -18.3608 6
      vertex 9.23607 -18.3581 6
    endloop
  endfacet
  facet normal -0 0 1
    outer loop
      vertex 8.96393 -13.1652 6
      vertex 9.03194 -18.3608 6
      vertex 9.16806 -13.1626 6
    endloop
  endfacet
  facet normal 0 0 1
    outer loop
      vertex 8.96393 -13.1652 6
      vertex 8.82823 -18.3474 6
      vertex 9.03194 -18.3608 6
    endloop
  endfacet
  facet normal -0 0 1
    outer loop
      vertex 8.76063 -13.1839 6
      vertex 8.82823 -18.3474 6
      vertex 8.96393 -13.1652 6
    endloop
  endfacet
  facet normal 0 0 1
    outer loop
      vertex 8.76063 -13.1839 6
      vertex 8.62619 -18.3181 6
      vertex 8.82823 -18.3474 6
    endloop
  endfacet
  facet normal -0 0 1
    outer loop
      vertex 8.55943 -13.2185 6
      vertex 8.62619 -18.3181 6
      vertex 8.76063 -13.1839 6
    endloop
  endfacet
  facet normal 0 0 1
    outer loop
      vertex 8.55943 -13.2185 6
      vertex 8.42707 -18.2731 6
      vertex 8.62619 -18.3181 6
    endloop
  endfacet
  facet normal -0 0 1
    outer loop
      vertex 8.36156 -13.2687 6
      vertex 8.42707 -18.2731 6
      vertex 8.55943 -13.2185 6
    endloop
  endfacet
  facet normal 0 0 1
    outer loop
      vertex 8.36156 -13.2687 6
      vertex 8.2321 -18.2125 6
      vertex 8.42707 -18.2731 6
    endloop
  endfacet
  facet normal -0 0 1
    outer loop
      vertex 8.16824 -13.3344 6
      vertex 8.2321 -18.2125 6
      vertex 8.36156 -13.2687 6
    endloop
  endfacet
  facet normal 0 0 1
    outer loop
      vertex 8.16824 -13.3344 6
      vertex 8.04248 -18.1369 6
      vertex 8.2321 -18.2125 6
    endloop
  endfacet
  facet normal -0 0 1
    outer loop
      vertex 7.98067 -13.4149 6
      vertex 8.04248 -18.1369 6
      vertex 8.16824 -13.3344 6
    endloop
  endfacet
  facet normal 0 0 1
    outer loop
      vertex 7.98067 -13.4149 6
      vertex 7.85939 -18.0466 6
      vertex 8.04248 -18.1369 6
    endloop
  endfacet
  facet normal -0 0 1
    outer loop
      vertex 7.8 -13.51 6
      vertex 7.85939 -18.0466 6
      vertex 7.98067 -13.4149 6
    endloop
  endfacet
  facet normal 0 0 1
    outer loop
      vertex 7.8 -13.51 6
      vertex 7.68394 -17.9422 6
      vertex 7.85939 -18.0466 6
    endloop
  endfacet
  facet normal -0 0 1
    outer loop
      vertex 7.62734 -13.6189 6
      vertex 7.68394 -17.9422 6
      vertex 7.8 -13.51 6
    endloop
  endfacet
  facet normal 0 0 1
    outer loop
      vertex 7.62734 -13.6189 6
      vertex 7.51722 -17.8244 6
      vertex 7.68394 -17.9422 6
    endloop
  endfacet
  facet normal -0 0 1
    outer loop
      vertex 7.46377 -13.7411 6
      vertex 7.51722 -17.8244 6
      vertex 7.62734 -13.6189 6
    endloop
  endfacet
  facet normal 0 0 1
    outer loop
      vertex 7.46377 -13.7411 6
      vertex 7.36026 -17.6938 6
      vertex 7.51722 -17.8244 6
    endloop
  endfacet
  facet normal -0 0 1
    outer loop
      vertex 7.31028 -13.8757 6
      vertex 7.36026 -17.6938 6
      vertex 7.46377 -13.7411 6
    endloop
  endfacet
  facet normal 0 0 1
    outer loop
      vertex 7.31028 -13.8757 6
      vertex 7.21403 -17.5514 6
      vertex 7.36026 -17.6938 6
    endloop
  endfacet
  facet normal -0 0 1
    outer loop
      vertex 7.16782 -14.0219 6
      vertex 7.21403 -17.5514 6
      vertex 7.31028 -13.8757 6
    endloop
  endfacet
  facet normal 0 0 1
    outer loop
      vertex 7.16782 -14.0219 6
      vertex 7.07942 -17.3979 6
      vertex 7.21403 -17.5514 6
    endloop
  endfacet
  facet normal -0 0 1
    outer loop
      vertex 7.03728 -14.1789 6
      vertex 7.07942 -17.3979 6
      vertex 7.16782 -14.0219 6
    endloop
  endfacet
  facet normal 0 0 1
    outer loop
      vertex 7.03728 -14.1789 6
      vertex 6.95727 -17.2343 6
      vertex 7.07942 -17.3979 6
    endloop
  endfacet
  facet normal -0 0 1
    outer loop
      vertex 6.91946 -14.3456 6
      vertex 6.95727 -17.2343 6
      vertex 7.03728 -14.1789 6
    endloop
  endfacet
  facet normal 0 0 1
    outer loop
      vertex 6.91946 -14.3456 6
      vertex 6.84833 -17.0617 6
      vertex 6.95727 -17.2343 6
    endloop
  endfacet
  facet normal -0 0 1
    outer loop
      vertex 6.81507 -14.521 6
      vertex 6.84833 -17.0617 6
      vertex 6.91946 -14.3456 6
    endloop
  endfacet
  facet normal 0 0 1
    outer loop
      vertex 6.81507 -14.521 6
      vertex 6.75328 -16.881 6
      vertex 6.84833 -17.0617 6
    endloop
  endfacet
  facet normal -0 0 1
    outer loop
      vertex 6.72478 -14.7041 6
      vertex 6.75328 -16.881 6
      vertex 6.81507 -14.521 6
    endloop
  endfacet
  facet normal 0 0 1
    outer loop
      vertex 6.72478 -14.7041 6
      vertex 6.67269 -16.6934 6
      vertex 6.75328 -16.881 6
    endloop
  endfacet
  facet normal -0 0 1
    outer loop
      vertex 6.64913 -14.8938 6
      vertex 6.67269 -16.6934 6
      vertex 6.72478 -14.7041 6
    endloop
  endfacet
  facet normal 0 0 1
    outer loop
      vertex 6.64913 -14.8938 6
      vertex 6.60707 -16.5001 6
      vertex 6.67269 -16.6934 6
    endloop
  endfacet
  facet normal -0 0 1
    outer loop
      vertex 6.58859 -15.0887 6
      vertex 6.60707 -16.5001 6
      vertex 6.64913 -14.8938 6
    endloop
  endfacet
  facet normal 0 0 1
    outer loop
      vertex 6.58859 -15.0887 6
      vertex 6.55682 -16.3022 6
      vertex 6.60707 -16.5001 6
    endloop
  endfacet
  facet normal -0 0 1
    outer loop
      vertex 6.54354 -15.2878 6
      vertex 6.55682 -16.3022 6
      vertex 6.58859 -15.0887 6
    endloop
  endfacet
  facet normal 0 0 1
    outer loop
      vertex 6.54354 -15.2878 6
      vertex 6.52224 -16.101 6
      vertex 6.55682 -16.3022 6
    endloop
  endfacet
  facet normal -0 0 1
    outer loop
      vertex 6.51424 -15.4899 6
      vertex 6.52224 -16.101 6
      vertex 6.54354 -15.2878 6
    endloop
  endfacet
  facet normal 0 0 1
    outer loop
      vertex 6.51424 -15.4899 6
      vertex 6.50356 -15.8977 6
      vertex 6.52224 -16.101 6
    endloop
  endfacet
  facet normal 0 -0 1
    outer loop
      vertex 6.50356 -15.8977 6
      vertex 6.51424 -15.4899 6
      vertex 6.50089 -15.6936 6
    endloop
  endfacet
  facet normal 0.0127359 -0.999919 0
    outer loop
      vertex 8.96393 -13.1652 6
      vertex 9.16806 -13.1626 34
      vertex 8.96393 -13.1652 34
    endloop
  endfacet
  facet normal 0.0127359 -0.999919 0
    outer loop
      vertex 9.16806 -13.1626 34
      vertex 8.96393 -13.1652 6
      vertex 9.16806 -13.1626 6
    endloop
  endfacet
  facet normal -0.816669 0.577106 0
    outer loop
      vertex 11.1627 -17.3444 33.861
      vertex 11.2805 -17.1777 6
      vertex 11.1627 -17.3444 6
    endloop
  endfacet
  facet normal -0.816669 0.577106 0
    outer loop
      vertex 11.2805 -17.1777 6
      vertex 11.1627 -17.3444 33.861
      vertex 11.2805 -17.1777 33.9343
    endloop
  endfacet
  facet normal -0.975291 0.220922 0
    outer loop
      vertex 11.6114 -16.4346 6
      vertex 11.6565 -16.2355 34
      vertex 11.6565 -16.2355 6
    endloop
  endfacet
  facet normal -0.975291 0.220922 0
    outer loop
      vertex 11.6565 -16.2355 34
      vertex 11.6114 -16.4346 6
      vertex 11.6114 -16.4346 34
    endloop
  endfacet
  facet normal -0.442309 -0.896863 0
    outer loop
      vertex 10.1575 -13.3864 6
      vertex 10.3406 -13.4767 34
      vertex 10.1575 -13.3864 34
    endloop
  endfacet
  facet normal -0.442309 -0.896863 -0
    outer loop
      vertex 10.3406 -13.4767 34
      vertex 10.1575 -13.3864 6
      vertex 10.3406 -13.4767 6
    endloop
  endfacet
  facet normal 0.989654 -0.143478 0
    outer loop
      vertex 6.51424 -15.4899 34
      vertex 6.54354 -15.2878 6
      vertex 6.54354 -15.2878 34
    endloop
  endfacet
  facet normal 0.989654 -0.143478 0
    outer loop
      vertex 6.54354 -15.2878 6
      vertex 6.51424 -15.4899 34
      vertex 6.51424 -15.4899 6
    endloop
  endfacet
  facet normal 0.394386 -0.918945 0
    outer loop
      vertex 7.98067 -13.4149 6
      vertex 8.16824 -13.3344 34
      vertex 7.98067 -13.4149 34
    endloop
  endfacet
  facet normal 0.394386 -0.918945 0
    outer loop
      vertex 8.16824 -13.3344 34
      vertex 7.98067 -13.4149 6
      vertex 8.16824 -13.3344 6
    endloop
  endfacet
  facet normal 0.697662 0.716427 -0
    outer loop
      vertex 7.36026 -17.6938 6
      vertex 7.21403 -17.5514 34
      vertex 7.36026 -17.6938 34
    endloop
  endfacet
  facet normal 0.697662 0.716427 0
    outer loop
      vertex 7.21403 -17.5514 34
      vertex 7.36026 -17.6938 6
      vertex 7.21403 -17.5514 6
    endloop
  endfacet
  facet normal 0.0915956 -0.995796 0
    outer loop
      vertex 8.76063 -13.1839 6
      vertex 8.96393 -13.1652 34
      vertex 8.76063 -13.1839 34
    endloop
  endfacet
  facet normal 0.0915956 -0.995796 0
    outer loop
      vertex 8.96393 -13.1652 34
      vertex 8.76063 -13.1839 6
      vertex 8.96393 -13.1652 6
    endloop
  endfacet
  facet normal 0.918808 0.394705 0
    outer loop
      vertex 6.75328 -16.881 34
      vertex 6.67269 -16.6934 6
      vertex 6.67269 -16.6934 34
    endloop
  endfacet
  facet normal 0.918808 0.394705 0
    outer loop
      vertex 6.67269 -16.6934 6
      vertex 6.75328 -16.881 34
      vertex 6.75328 -16.881 6
    endloop
  endfacet
  facet normal -0.143519 -0.989647 0
    outer loop
      vertex 9.37177 -13.1759 6
      vertex 9.57381 -13.2052 34
      vertex 9.37177 -13.1759 34
    endloop
  endfacet
  facet normal -0.143519 -0.989647 -0
    outer loop
      vertex 9.57381 -13.2052 34
      vertex 9.37177 -13.1759 6
      vertex 9.57381 -13.2052 6
    endloop
  endfacet
  facet normal -0.086027 0.996176 0.01523
    outer loop
      vertex 9.43937 -18.3394 33.8708
      vertex 9.23607 -18.3581 33.9456
      vertex 9.34865 -18.3478 33.9078
    endloop
  endfacet
  facet normal -0.0915956 0.995796 0
    outer loop
      vertex 9.23607 -18.3581 6
      vertex 9.43937 -18.3394 33.8708
      vertex 9.43937 -18.3394 6
    endloop
  endfacet
  facet normal -0.0915956 0.995796 0
    outer loop
      vertex 9.43937 -18.3394 33.8708
      vertex 9.23607 -18.3581 6
      vertex 9.23607 -18.3581 33.9456
    endloop
  endfacet
  facet normal -0.0651502 -0.997875 0
    outer loop
      vertex 9.16806 -13.1626 6
      vertex 9.37177 -13.1759 34
      vertex 9.16806 -13.1626 34
    endloop
  endfacet
  facet normal -0.0651502 -0.997875 -0
    outer loop
      vertex 9.37177 -13.1759 34
      vertex 9.16806 -13.1626 6
      vertex 9.37177 -13.1759 6
    endloop
  endfacet
  facet normal 0.938199 0.346097 0
    outer loop
      vertex -11.8719 -4.91748 34
      vertex -12.2211 -3.97087 8
      vertex -12.2211 -3.97087 34
    endloop
  endfacet
  facet normal 0.938199 0.346097 0
    outer loop
      vertex -12.2211 -3.97087 8
      vertex -11.8719 -4.91748 34
      vertex -11.8719 -4.91748 8
    endloop
  endfacet
  facet normal -0.488615 -0.8725 0
    outer loop
      vertex 5.83378 11.4494 8
      vertex 6.71411 10.9564 34
      vertex 5.83378 11.4494 34
    endloop
  endfacet
  facet normal -0.488615 -0.8725 -0
    outer loop
      vertex 6.71411 10.9564 34
      vertex 5.83378 11.4494 8
      vertex 6.71411 10.9564 8
    endloop
  endfacet
  facet normal -0.346097 -0.938199 0
    outer loop
      vertex 3.97087 12.2211 8
      vertex 4.91748 11.8719 34
      vertex 3.97087 12.2211 34
    endloop
  endfacet
  facet normal -0.346097 -0.938199 -0
    outer loop
      vertex 4.91748 11.8719 34
      vertex 3.97087 12.2211 8
      vertex 4.91748 11.8719 8
    endloop
  endfacet
  facet normal 0.678806 -0.734318 0
    outer loop
      vertex -9.08632 9.08632 8
      vertex -8.34541 9.77122 34
      vertex -9.08632 9.08632 34
    endloop
  endfacet
  facet normal 0.678806 -0.734318 0
    outer loop
      vertex -8.34541 9.77122 34
      vertex -9.08632 9.08632 8
      vertex -8.34541 9.77122 8
    endloop
  endfacet
  facet normal 0.346097 0.938199 -0
    outer loop
      vertex -3.97087 -12.2211 8
      vertex -4.91748 -11.8719 34
      vertex -3.97087 -12.2211 34
    endloop
  endfacet
  facet normal 0.346097 0.938199 0
    outer loop
      vertex -4.91748 -11.8719 34
      vertex -3.97087 -12.2211 8
      vertex -4.91748 -11.8719 8
    endloop
  endfacet
  facet normal -0.785304 0.61911 0
    outer loop
      vertex 9.77122 -8.34541 8
      vertex 10.3959 -7.55304 34
      vertex 10.3959 -7.55304 8
    endloop
  endfacet
  facet normal -0.785304 0.61911 0
    outer loop
      vertex 10.3959 -7.55304 34
      vertex 9.77122 -8.34541 8
      vertex 9.77122 -8.34541 34
    endloop
  endfacet
  facet normal 0.8725 -0.488615 0
    outer loop
      vertex -11.4494 5.83378 34
      vertex -10.9564 6.71411 8
      vertex -10.9564 6.71411 34
    endloop
  endfacet
  facet normal 0.8725 -0.488615 0
    outer loop
      vertex -10.9564 6.71411 8
      vertex -11.4494 5.83378 34
      vertex -11.4494 5.83378 8
    endloop
  endfacet
  facet normal 0.993068 0.117545 0
    outer loop
      vertex -12.6918 -2.01018 34
      vertex -12.8104 -1.0082 8
      vertex -12.8104 -1.0082 34
    endloop
  endfacet
  facet normal 0.993068 0.117545 0
    outer loop
      vertex -12.8104 -1.0082 8
      vertex -12.6918 -2.01018 34
      vertex -12.6918 -2.01018 8
    endloop
  endfacet
  facet normal 0.0392477 -0.99923 0
    outer loop
      vertex -1.0082 12.8104 8
      vertex 0 12.85 34
      vertex -1.0082 12.8104 34
    endloop
  endfacet
  facet normal 0.0392477 -0.99923 0
    outer loop
      vertex 0 12.85 34
      vertex -1.0082 12.8104 8
      vertex 0 12.85 8
    endloop
  endfacet
  facet normal 0.8725 0.488615 0
    outer loop
      vertex -10.9564 -6.71411 34
      vertex -11.4494 -5.83378 8
      vertex -11.4494 -5.83378 34
    endloop
  endfacet
  facet normal 0.8725 0.488615 0
    outer loop
      vertex -11.4494 -5.83378 8
      vertex -10.9564 -6.71411 34
      vertex -10.9564 -6.71411 8
    endloop
  endfacet
  facet normal 0.938199 -0.346097 0
    outer loop
      vertex -12.2211 3.97087 34
      vertex -11.8719 4.91748 8
      vertex -11.8719 4.91748 34
    endloop
  endfacet
  facet normal 0.938199 -0.346097 0
    outer loop
      vertex -11.8719 4.91748 8
      vertex -12.2211 3.97087 34
      vertex -12.2211 3.97087 8
    endloop
  endfacet
  facet normal 0.195051 -0.980793 0
    outer loop
      vertex -2.99977 12.495 8
      vertex -2.01018 12.6918 34
      vertex -2.99977 12.495 34
    endloop
  endfacet
  facet normal 0.195051 -0.980793 0
    outer loop
      vertex -2.01018 12.6918 34
      vertex -2.99977 12.495 8
      vertex -2.01018 12.6918 8
    endloop
  endfacet
  facet normal 0.980793 0.195051 0
    outer loop
      vertex -12.495 -2.99977 34
      vertex -12.6918 -2.01018 8
      vertex -12.6918 -2.01018 34
    endloop
  endfacet
  facet normal 0.980793 0.195051 0
    outer loop
      vertex -12.6918 -2.01018 8
      vertex -12.495 -2.99977 34
      vertex -12.495 -2.99977 8
    endloop
  endfacet
  facet normal -0.61911 -0.785304 0
    outer loop
      vertex 7.55304 10.3959 8
      vertex 8.34541 9.77122 34
      vertex 7.55304 10.3959 34
    endloop
  endfacet
  facet normal -0.61911 -0.785304 -0
    outer loop
      vertex 8.34541 9.77122 34
      vertex 7.55304 10.3959 8
      vertex 8.34541 9.77122 8
    endloop
  endfacet
  facet normal 0.96245 -0.27146 0
    outer loop
      vertex -12.495 2.99977 34
      vertex -12.2211 3.97087 8
      vertex -12.2211 3.97087 34
    endloop
  endfacet
  facet normal 0.96245 -0.27146 0
    outer loop
      vertex -12.2211 3.97087 8
      vertex -12.495 2.99977 34
      vertex -12.495 2.99977 8
    endloop
  endfacet
  facet normal -0.831495 0.555532 0
    outer loop
      vertex 10.3959 -7.55304 8
      vertex 10.9564 -6.71411 34
      vertex 10.9564 -6.71411 8
    endloop
  endfacet
  facet normal -0.831495 0.555532 0
    outer loop
      vertex 10.9564 -6.71411 34
      vertex 10.3959 -7.55304 8
      vertex 10.3959 -7.55304 34
    endloop
  endfacet
  facet normal -0.555532 -0.831495 0
    outer loop
      vertex 6.71411 10.9564 8
      vertex 7.55304 10.3959 34
      vertex 6.71411 10.9564 34
    endloop
  endfacet
  facet normal -0.555532 -0.831495 -0
    outer loop
      vertex 7.55304 10.3959 34
      vertex 6.71411 10.9564 8
      vertex 7.55304 10.3959 8
    endloop
  endfacet
  facet normal 0.908113 0.418725 0
    outer loop
      vertex -11.4494 -5.83378 34
      vertex -11.8719 -4.91748 8
      vertex -11.8719 -4.91748 34
    endloop
  endfacet
  facet normal 0.908113 0.418725 0
    outer loop
      vertex -11.8719 -4.91748 8
      vertex -11.4494 -5.83378 34
      vertex -11.4494 -5.83378 8
    endloop
  endfacet
  facet normal -0.908113 0.418725 0
    outer loop
      vertex 11.4494 -5.83378 8
      vertex 11.8719 -4.91748 34
      vertex 11.8719 -4.91748 8
    endloop
  endfacet
  facet normal -0.908113 0.418725 0
    outer loop
      vertex 11.8719 -4.91748 34
      vertex 11.4494 -5.83378 8
      vertex 11.4494 -5.83378 34
    endloop
  endfacet
  facet normal 0.99923 0.0392477 0
    outer loop
      vertex -12.8104 -1.0082 34
      vertex -12.85 0 8
      vertex -12.85 0 34
    endloop
  endfacet
  facet normal 0.99923 0.0392477 0
    outer loop
      vertex -12.85 0 8
      vertex -12.8104 -1.0082 34
      vertex -12.8104 -1.0082 8
    endloop
  endfacet
  facet normal -0.99923 -0.0392477 0
    outer loop
      vertex 12.85 0 8
      vertex 12.8104 1.0082 34
      vertex 12.8104 1.0082 8
    endloop
  endfacet
  facet normal -0.99923 -0.0392477 0
    outer loop
      vertex 12.8104 1.0082 34
      vertex 12.85 0 8
      vertex 12.85 0 34
    endloop
  endfacet
  facet normal 0.61911 0.785304 -0
    outer loop
      vertex -7.55304 -10.3959 8
      vertex -8.34541 -9.77122 34
      vertex -7.55304 -10.3959 34
    endloop
  endfacet
  facet normal 0.61911 0.785304 0
    outer loop
      vertex -8.34541 -9.77122 34
      vertex -7.55304 -10.3959 8
      vertex -8.34541 -9.77122 8
    endloop
  endfacet
  facet normal 0.117545 -0.993068 0
    outer loop
      vertex -2.01018 12.6918 8
      vertex -1.0082 12.8104 34
      vertex -2.01018 12.6918 34
    endloop
  endfacet
  facet normal 0.117545 -0.993068 0
    outer loop
      vertex -1.0082 12.8104 34
      vertex -2.01018 12.6918 8
      vertex -1.0082 12.8104 8
    endloop
  endfacet
  facet normal -0.96245 0.27146 0
    outer loop
      vertex 12.2211 -3.97087 8
      vertex 12.495 -2.99977 34
      vertex 12.495 -2.99977 8
    endloop
  endfacet
  facet normal -0.96245 0.27146 0
    outer loop
      vertex 12.495 -2.99977 34
      vertex 12.2211 -3.97087 8
      vertex 12.2211 -3.97087 34
    endloop
  endfacet
  facet normal -0.99923 0.0392477 0
    outer loop
      vertex 12.8104 -1.0082 8
      vertex 12.85 0 34
      vertex 12.85 0 8
    endloop
  endfacet
  facet normal -0.99923 0.0392477 0
    outer loop
      vertex 12.85 0 34
      vertex 12.8104 -1.0082 8
      vertex 12.8104 -1.0082 34
    endloop
  endfacet
  facet normal -0.96245 -0.27146 0
    outer loop
      vertex 12.495 2.99977 8
      vertex 12.2211 3.97087 34
      vertex 12.2211 3.97087 8
    endloop
  endfacet
  facet normal -0.96245 -0.27146 0
    outer loop
      vertex 12.2211 3.97087 34
      vertex 12.495 2.99977 8
      vertex 12.495 2.99977 34
    endloop
  endfacet
  facet normal 0.785304 0.61911 0
    outer loop
      vertex -9.77122 -8.34541 34
      vertex -10.3959 -7.55304 8
      vertex -10.3959 -7.55304 34
    endloop
  endfacet
  facet normal 0.785304 0.61911 0
    outer loop
      vertex -10.3959 -7.55304 8
      vertex -9.77122 -8.34541 34
      vertex -9.77122 -8.34541 8
    endloop
  endfacet
  facet normal 0.61911 -0.785304 0
    outer loop
      vertex -8.34541 9.77122 8
      vertex -7.55304 10.3959 34
      vertex -8.34541 9.77122 34
    endloop
  endfacet
  facet normal 0.61911 -0.785304 0
    outer loop
      vertex -7.55304 10.3959 34
      vertex -8.34541 9.77122 8
      vertex -7.55304 10.3959 8
    endloop
  endfacet
  facet normal 0.27146 -0.96245 0
    outer loop
      vertex -3.97087 12.2211 8
      vertex -2.99977 12.495 34
      vertex -3.97087 12.2211 34
    endloop
  endfacet
  facet normal 0.27146 -0.96245 0
    outer loop
      vertex -2.99977 12.495 34
      vertex -3.97087 12.2211 8
      vertex -2.99977 12.495 8
    endloop
  endfacet
  facet normal -0.993068 -0.117545 0
    outer loop
      vertex 12.8104 1.0082 8
      vertex 12.6918 2.01018 34
      vertex 12.6918 2.01018 8
    endloop
  endfacet
  facet normal -0.993068 -0.117545 0
    outer loop
      vertex 12.6918 2.01018 34
      vertex 12.8104 1.0082 8
      vertex 12.8104 1.0082 34
    endloop
  endfacet
  facet normal -0.785304 -0.61911 0
    outer loop
      vertex 10.3959 7.55304 8
      vertex 9.77122 8.34541 34
      vertex 9.77122 8.34541 8
    endloop
  endfacet
  facet normal -0.785304 -0.61911 0
    outer loop
      vertex 9.77122 8.34541 34
      vertex 10.3959 7.55304 8
      vertex 10.3959 7.55304 34
    endloop
  endfacet
  facet normal 0.734318 0.678806 0
    outer loop
      vertex -9.08632 -9.08632 34
      vertex -9.77122 -8.34541 8
      vertex -9.77122 -8.34541 34
    endloop
  endfacet
  facet normal 0.734318 0.678806 0
    outer loop
      vertex -9.77122 -8.34541 8
      vertex -9.08632 -9.08632 34
      vertex -9.08632 -9.08632 8
    endloop
  endfacet
  facet normal -0.0392477 0.99923 0
    outer loop
      vertex 1.0082 -12.8104 8
      vertex 0 -12.85 34
      vertex 1.0082 -12.8104 34
    endloop
  endfacet
  facet normal -0.0392477 0.99923 0
    outer loop
      vertex 0 -12.85 34
      vertex 1.0082 -12.8104 8
      vertex 0 -12.85 8
    endloop
  endfacet
  facet normal 0.0392477 0.99923 -0
    outer loop
      vertex 0 -12.85 8
      vertex -1.0082 -12.8104 34
      vertex 0 -12.85 34
    endloop
  endfacet
  facet normal 0.0392477 0.99923 0
    outer loop
      vertex -1.0082 -12.8104 34
      vertex 0 -12.85 8
      vertex -1.0082 -12.8104 8
    endloop
  endfacet
  facet normal -0.908113 -0.418725 0
    outer loop
      vertex 11.8719 4.91748 8
      vertex 11.4494 5.83378 34
      vertex 11.4494 5.83378 8
    endloop
  endfacet
  facet normal -0.908113 -0.418725 0
    outer loop
      vertex 11.4494 5.83378 34
      vertex 11.8719 4.91748 8
      vertex 11.8719 4.91748 34
    endloop
  endfacet
  facet normal 0.678806 0.734318 -0
    outer loop
      vertex -8.34541 -9.77122 8
      vertex -9.08632 -9.08632 34
      vertex -8.34541 -9.77122 34
    endloop
  endfacet
  facet normal 0.678806 0.734318 0
    outer loop
      vertex -9.08632 -9.08632 34
      vertex -8.34541 -9.77122 8
      vertex -9.08632 -9.08632 8
    endloop
  endfacet
  facet normal -0.418725 -0.908113 0
    outer loop
      vertex 4.91748 11.8719 8
      vertex 5.83378 11.4494 34
      vertex 4.91748 11.8719 34
    endloop
  endfacet
  facet normal -0.418725 -0.908113 -0
    outer loop
      vertex 5.83378 11.4494 34
      vertex 4.91748 11.8719 8
      vertex 5.83378 11.4494 8
    endloop
  endfacet
  facet normal 0.99923 -0.0392477 0
    outer loop
      vertex -12.85 0 34
      vertex -12.8104 1.0082 8
      vertex -12.8104 1.0082 34
    endloop
  endfacet
  facet normal 0.99923 -0.0392477 0
    outer loop
      vertex -12.8104 1.0082 8
      vertex -12.85 0 34
      vertex -12.85 0 8
    endloop
  endfacet
  facet normal -0.678806 -0.734318 0
    outer loop
      vertex 8.34541 9.77122 8
      vertex 9.08632 9.08632 34
      vertex 8.34541 9.77122 34
    endloop
  endfacet
  facet normal -0.678806 -0.734318 -0
    outer loop
      vertex 9.08632 9.08632 34
      vertex 8.34541 9.77122 8
      vertex 9.08632 9.08632 8
    endloop
  endfacet
  facet normal -0.938199 0.346097 0
    outer loop
      vertex 11.8719 -4.91748 8
      vertex 12.2211 -3.97087 34
      vertex 12.2211 -3.97087 8
    endloop
  endfacet
  facet normal -0.938199 0.346097 0
    outer loop
      vertex 12.2211 -3.97087 34
      vertex 11.8719 -4.91748 8
      vertex 11.8719 -4.91748 34
    endloop
  endfacet
  facet normal -0.980793 -0.195051 0
    outer loop
      vertex 12.6918 2.01018 8
      vertex 12.495 2.99977 34
      vertex 12.495 2.99977 8
    endloop
  endfacet
  facet normal -0.980793 -0.195051 0
    outer loop
      vertex 12.495 2.99977 34
      vertex 12.6918 2.01018 8
      vertex 12.6918 2.01018 34
    endloop
  endfacet
  facet normal 0.418725 -0.908113 0
    outer loop
      vertex -5.83378 11.4494 8
      vertex -4.91748 11.8719 34
      vertex -5.83378 11.4494 34
    endloop
  endfacet
  facet normal 0.418725 -0.908113 0
    outer loop
      vertex -4.91748 11.8719 34
      vertex -5.83378 11.4494 8
      vertex -4.91748 11.8719 8
    endloop
  endfacet
  facet normal 0.195051 0.980793 -0
    outer loop
      vertex -2.01018 -12.6918 8
      vertex -2.99977 -12.495 34
      vertex -2.01018 -12.6918 34
    endloop
  endfacet
  facet normal 0.195051 0.980793 0
    outer loop
      vertex -2.99977 -12.495 34
      vertex -2.01018 -12.6918 8
      vertex -2.99977 -12.495 8
    endloop
  endfacet
  facet normal -0.8725 -0.488615 0
    outer loop
      vertex 11.4494 5.83378 8
      vertex 10.9564 6.71411 34
      vertex 10.9564 6.71411 8
    endloop
  endfacet
  facet normal -0.8725 -0.488615 0
    outer loop
      vertex 10.9564 6.71411 34
      vertex 11.4494 5.83378 8
      vertex 11.4494 5.83378 34
    endloop
  endfacet
  facet normal -0.418725 0.908113 0
    outer loop
      vertex 5.83378 -11.4494 8
      vertex 4.91748 -11.8719 34
      vertex 5.83378 -11.4494 34
    endloop
  endfacet
  facet normal -0.418725 0.908113 0
    outer loop
      vertex 4.91748 -11.8719 34
      vertex 5.83378 -11.4494 8
      vertex 4.91748 -11.8719 8
    endloop
  endfacet
  facet normal -0.938199 -0.346097 0
    outer loop
      vertex 12.2211 3.97087 8
      vertex 11.8719 4.91748 34
      vertex 11.8719 4.91748 8
    endloop
  endfacet
  facet normal -0.938199 -0.346097 0
    outer loop
      vertex 11.8719 4.91748 34
      vertex 12.2211 3.97087 8
      vertex 12.2211 3.97087 34
    endloop
  endfacet
  facet normal -0.831495 -0.555532 0
    outer loop
      vertex 10.9564 6.71411 8
      vertex 10.3959 7.55304 34
      vertex 10.3959 7.55304 8
    endloop
  endfacet
  facet normal -0.831495 -0.555532 0
    outer loop
      vertex 10.3959 7.55304 34
      vertex 10.9564 6.71411 8
      vertex 10.9564 6.71411 34
    endloop
  endfacet
  facet normal 0.785304 -0.61911 0
    outer loop
      vertex -10.3959 7.55304 34
      vertex -9.77122 8.34541 8
      vertex -9.77122 8.34541 34
    endloop
  endfacet
  facet normal 0.785304 -0.61911 0
    outer loop
      vertex -9.77122 8.34541 8
      vertex -10.3959 7.55304 34
      vertex -10.3959 7.55304 8
    endloop
  endfacet
  facet normal -0.488615 0.8725 0
    outer loop
      vertex 6.71411 -10.9564 8
      vertex 5.83378 -11.4494 34
      vertex 6.71411 -10.9564 34
    endloop
  endfacet
  facet normal -0.488615 0.8725 0
    outer loop
      vertex 5.83378 -11.4494 34
      vertex 6.71411 -10.9564 8
      vertex 5.83378 -11.4494 8
    endloop
  endfacet
  facet normal -0.734318 -0.678806 0
    outer loop
      vertex 9.77122 8.34541 8
      vertex 9.08632 9.08632 34
      vertex 9.08632 9.08632 8
    endloop
  endfacet
  facet normal -0.734318 -0.678806 0
    outer loop
      vertex 9.08632 9.08632 34
      vertex 9.77122 8.34541 8
      vertex 9.77122 8.34541 34
    endloop
  endfacet
  facet normal 0.346097 -0.938199 0
    outer loop
      vertex -4.91748 11.8719 8
      vertex -3.97087 12.2211 34
      vertex -4.91748 11.8719 34
    endloop
  endfacet
  facet normal 0.346097 -0.938199 0
    outer loop
      vertex -3.97087 12.2211 34
      vertex -4.91748 11.8719 8
      vertex -3.97087 12.2211 8
    endloop
  endfacet
  facet normal -0.195051 0.980793 0
    outer loop
      vertex 2.99977 -12.495 8
      vertex 2.01018 -12.6918 34
      vertex 2.99977 -12.495 34
    endloop
  endfacet
  facet normal -0.195051 0.980793 0
    outer loop
      vertex 2.01018 -12.6918 34
      vertex 2.99977 -12.495 8
      vertex 2.01018 -12.6918 8
    endloop
  endfacet
  facet normal -0.117545 0.993068 0
    outer loop
      vertex 2.01018 -12.6918 8
      vertex 1.0082 -12.8104 34
      vertex 2.01018 -12.6918 34
    endloop
  endfacet
  facet normal -0.117545 0.993068 0
    outer loop
      vertex 1.0082 -12.8104 34
      vertex 2.01018 -12.6918 8
      vertex 1.0082 -12.8104 8
    endloop
  endfacet
  facet normal 0.831495 0.555532 0
    outer loop
      vertex -10.3959 -7.55304 34
      vertex -10.9564 -6.71411 8
      vertex -10.9564 -6.71411 34
    endloop
  endfacet
  facet normal 0.831495 0.555532 0
    outer loop
      vertex -10.9564 -6.71411 8
      vertex -10.3959 -7.55304 34
      vertex -10.3959 -7.55304 8
    endloop
  endfacet
  facet normal 0.488615 0.8725 -0
    outer loop
      vertex -5.83378 -11.4494 8
      vertex -6.71411 -10.9564 34
      vertex -5.83378 -11.4494 34
    endloop
  endfacet
  facet normal 0.488615 0.8725 0
    outer loop
      vertex -6.71411 -10.9564 34
      vertex -5.83378 -11.4494 8
      vertex -6.71411 -10.9564 8
    endloop
  endfacet
  facet normal -0.8725 0.488615 0
    outer loop
      vertex 10.9564 -6.71411 8
      vertex 11.4494 -5.83378 34
      vertex 11.4494 -5.83378 8
    endloop
  endfacet
  facet normal -0.8725 0.488615 0
    outer loop
      vertex 11.4494 -5.83378 34
      vertex 10.9564 -6.71411 8
      vertex 10.9564 -6.71411 34
    endloop
  endfacet
  facet normal 0.418725 0.908113 -0
    outer loop
      vertex -4.91748 -11.8719 8
      vertex -5.83378 -11.4494 34
      vertex -4.91748 -11.8719 34
    endloop
  endfacet
  facet normal 0.418725 0.908113 0
    outer loop
      vertex -5.83378 -11.4494 34
      vertex -4.91748 -11.8719 8
      vertex -5.83378 -11.4494 8
    endloop
  endfacet
  facet normal -0.0392477 -0.99923 0
    outer loop
      vertex 0 12.85 8
      vertex 1.0082 12.8104 34
      vertex 0 12.85 34
    endloop
  endfacet
  facet normal -0.0392477 -0.99923 -0
    outer loop
      vertex 1.0082 12.8104 34
      vertex 0 12.85 8
      vertex 1.0082 12.8104 8
    endloop
  endfacet
  facet normal -0.678806 0.734318 0
    outer loop
      vertex 9.08632 -9.08632 8
      vertex 8.34541 -9.77122 34
      vertex 9.08632 -9.08632 34
    endloop
  endfacet
  facet normal -0.678806 0.734318 0
    outer loop
      vertex 8.34541 -9.77122 34
      vertex 9.08632 -9.08632 8
      vertex 8.34541 -9.77122 8
    endloop
  endfacet
  facet normal 0.96245 0.27146 0
    outer loop
      vertex -12.2211 -3.97087 34
      vertex -12.495 -2.99977 8
      vertex -12.495 -2.99977 34
    endloop
  endfacet
  facet normal 0.96245 0.27146 0
    outer loop
      vertex -12.495 -2.99977 8
      vertex -12.2211 -3.97087 34
      vertex -12.2211 -3.97087 8
    endloop
  endfacet
  facet normal 0.831495 -0.555532 0
    outer loop
      vertex -10.9564 6.71411 34
      vertex -10.3959 7.55304 8
      vertex -10.3959 7.55304 34
    endloop
  endfacet
  facet normal 0.831495 -0.555532 0
    outer loop
      vertex -10.3959 7.55304 8
      vertex -10.9564 6.71411 34
      vertex -10.9564 6.71411 8
    endloop
  endfacet
  facet normal 0.993068 -0.117545 0
    outer loop
      vertex -12.8104 1.0082 34
      vertex -12.6918 2.01018 8
      vertex -12.6918 2.01018 34
    endloop
  endfacet
  facet normal 0.993068 -0.117545 0
    outer loop
      vertex -12.6918 2.01018 8
      vertex -12.8104 1.0082 34
      vertex -12.8104 1.0082 8
    endloop
  endfacet
  facet normal -0.993068 0.117545 0
    outer loop
      vertex 12.6918 -2.01018 8
      vertex 12.8104 -1.0082 34
      vertex 12.8104 -1.0082 8
    endloop
  endfacet
  facet normal -0.993068 0.117545 0
    outer loop
      vertex 12.8104 -1.0082 34
      vertex 12.6918 -2.01018 8
      vertex 12.6918 -2.01018 34
    endloop
  endfacet
  facet normal -0.61911 0.785304 0
    outer loop
      vertex 8.34541 -9.77122 8
      vertex 7.55304 -10.3959 34
      vertex 8.34541 -9.77122 34
    endloop
  endfacet
  facet normal -0.61911 0.785304 0
    outer loop
      vertex 7.55304 -10.3959 34
      vertex 8.34541 -9.77122 8
      vertex 7.55304 -10.3959 8
    endloop
  endfacet
  facet normal -0.555532 0.831495 0
    outer loop
      vertex 7.55304 -10.3959 8
      vertex 6.71411 -10.9564 34
      vertex 7.55304 -10.3959 34
    endloop
  endfacet
  facet normal -0.555532 0.831495 0
    outer loop
      vertex 6.71411 -10.9564 34
      vertex 7.55304 -10.3959 8
      vertex 6.71411 -10.9564 8
    endloop
  endfacet
  facet normal 0.117545 0.993068 -0
    outer loop
      vertex -1.0082 -12.8104 8
      vertex -2.01018 -12.6918 34
      vertex -1.0082 -12.8104 34
    endloop
  endfacet
  facet normal 0.117545 0.993068 0
    outer loop
      vertex -2.01018 -12.6918 34
      vertex -1.0082 -12.8104 8
      vertex -2.01018 -12.6918 8
    endloop
  endfacet
  facet normal 0.27146 0.96245 -0
    outer loop
      vertex -2.99977 -12.495 8
      vertex -3.97087 -12.2211 34
      vertex -2.99977 -12.495 34
    endloop
  endfacet
  facet normal 0.27146 0.96245 0
    outer loop
      vertex -3.97087 -12.2211 34
      vertex -2.99977 -12.495 8
      vertex -3.97087 -12.2211 8
    endloop
  endfacet
  facet normal 0.908113 -0.418725 0
    outer loop
      vertex -11.8719 4.91748 34
      vertex -11.4494 5.83378 8
      vertex -11.4494 5.83378 34
    endloop
  endfacet
  facet normal 0.908113 -0.418725 0
    outer loop
      vertex -11.4494 5.83378 8
      vertex -11.8719 4.91748 34
      vertex -11.8719 4.91748 8
    endloop
  endfacet
  facet normal -0.734318 0.678806 0
    outer loop
      vertex 9.08632 -9.08632 8
      vertex 9.77122 -8.34541 34
      vertex 9.77122 -8.34541 8
    endloop
  endfacet
  facet normal -0.734318 0.678806 0
    outer loop
      vertex 9.77122 -8.34541 34
      vertex 9.08632 -9.08632 8
      vertex 9.08632 -9.08632 34
    endloop
  endfacet
  facet normal -0.980793 0.195051 0
    outer loop
      vertex 12.495 -2.99977 8
      vertex 12.6918 -2.01018 34
      vertex 12.6918 -2.01018 8
    endloop
  endfacet
  facet normal -0.980793 0.195051 0
    outer loop
      vertex 12.6918 -2.01018 34
      vertex 12.495 -2.99977 8
      vertex 12.495 -2.99977 34
    endloop
  endfacet
  facet normal -0.27146 -0.96245 0
    outer loop
      vertex 2.99977 12.495 8
      vertex 3.97087 12.2211 34
      vertex 2.99977 12.495 34
    endloop
  endfacet
  facet normal -0.27146 -0.96245 -0
    outer loop
      vertex 3.97087 12.2211 34
      vertex 2.99977 12.495 8
      vertex 3.97087 12.2211 8
    endloop
  endfacet
  facet normal 0.555532 0.831495 -0
    outer loop
      vertex -6.71411 -10.9564 8
      vertex -7.55304 -10.3959 34
      vertex -6.71411 -10.9564 34
    endloop
  endfacet
  facet normal 0.555532 0.831495 0
    outer loop
      vertex -7.55304 -10.3959 34
      vertex -6.71411 -10.9564 8
      vertex -7.55304 -10.3959 8
    endloop
  endfacet
  facet normal -0.346097 0.938199 0
    outer loop
      vertex 4.91748 -11.8719 8
      vertex 3.97087 -12.2211 34
      vertex 4.91748 -11.8719 34
    endloop
  endfacet
  facet normal -0.346097 0.938199 0
    outer loop
      vertex 3.97087 -12.2211 34
      vertex 4.91748 -11.8719 8
      vertex 3.97087 -12.2211 8
    endloop
  endfacet
  facet normal 0.555532 -0.831495 0
    outer loop
      vertex -7.55304 10.3959 8
      vertex -6.71411 10.9564 34
      vertex -7.55304 10.3959 34
    endloop
  endfacet
  facet normal 0.555532 -0.831495 0
    outer loop
      vertex -6.71411 10.9564 34
      vertex -7.55304 10.3959 8
      vertex -6.71411 10.9564 8
    endloop
  endfacet
  facet normal -0.27146 0.96245 0
    outer loop
      vertex 3.97087 -12.2211 8
      vertex 2.99977 -12.495 34
      vertex 3.97087 -12.2211 34
    endloop
  endfacet
  facet normal -0.27146 0.96245 0
    outer loop
      vertex 2.99977 -12.495 34
      vertex 3.97087 -12.2211 8
      vertex 2.99977 -12.495 8
    endloop
  endfacet
  facet normal -0.117545 -0.993068 0
    outer loop
      vertex 1.0082 12.8104 8
      vertex 2.01018 12.6918 34
      vertex 1.0082 12.8104 34
    endloop
  endfacet
  facet normal -0.117545 -0.993068 -0
    outer loop
      vertex 2.01018 12.6918 34
      vertex 1.0082 12.8104 8
      vertex 2.01018 12.6918 8
    endloop
  endfacet
  facet normal 0.980793 -0.195051 0
    outer loop
      vertex -12.6918 2.01018 34
      vertex -12.495 2.99977 8
      vertex -12.495 2.99977 34
    endloop
  endfacet
  facet normal 0.980793 -0.195051 0
    outer loop
      vertex -12.495 2.99977 8
      vertex -12.6918 2.01018 34
      vertex -12.6918 2.01018 8
    endloop
  endfacet
  facet normal 0.734318 -0.678806 0
    outer loop
      vertex -9.77122 8.34541 34
      vertex -9.08632 9.08632 8
      vertex -9.08632 9.08632 34
    endloop
  endfacet
  facet normal 0.734318 -0.678806 0
    outer loop
      vertex -9.08632 9.08632 8
      vertex -9.77122 8.34541 34
      vertex -9.77122 8.34541 8
    endloop
  endfacet
  facet normal 0.488615 -0.8725 0
    outer loop
      vertex -6.71411 10.9564 8
      vertex -5.83378 11.4494 34
      vertex -6.71411 10.9564 34
    endloop
  endfacet
  facet normal 0.488615 -0.8725 0
    outer loop
      vertex -5.83378 11.4494 34
      vertex -6.71411 10.9564 8
      vertex -5.83378 11.4494 8
    endloop
  endfacet
  facet normal -0.195051 -0.980793 0
    outer loop
      vertex 2.01018 12.6918 8
      vertex 2.99977 12.495 34
      vertex 2.01018 12.6918 34
    endloop
  endfacet
  facet normal -0.195051 -0.980793 -0
    outer loop
      vertex 2.99977 12.495 34
      vertex 2.01018 12.6918 8
      vertex 2.99977 12.495 8
    endloop
  endfacet
  facet normal 0 0 1
    outer loop
      vertex 11.2 0 8
      vertex 12.85 0 8
      vertex 12.8104 1.0082 8
    endloop
  endfacet
  facet normal 0 0 1
    outer loop
      vertex 11.1655 0.878741 8
      vertex 12.8104 1.0082 8
      vertex 12.6918 2.01018 8
    endloop
  endfacet
  facet normal 0 0 1
    outer loop
      vertex 12.85 0 8
      vertex 11.2 0 8
      vertex 12.8104 -1.0082 8
    endloop
  endfacet
  facet normal 0 0 1
    outer loop
      vertex 11.0621 1.75207 8
      vertex 12.6918 2.01018 8
      vertex 12.495 2.99977 8
    endloop
  endfacet
  facet normal -0 0 1
    outer loop
      vertex 11.1655 -0.878741 8
      vertex 12.8104 -1.0082 8
      vertex 11.2 0 8
    endloop
  endfacet
  facet normal 0 0 1
    outer loop
      vertex 10.8905 2.61459 8
      vertex 12.495 2.99977 8
      vertex 12.2211 3.97087 8
    endloop
  endfacet
  facet normal 0 0 1
    outer loop
      vertex 12.8104 -1.0082 8
      vertex 11.1655 -0.878741 8
      vertex 12.6918 -2.01018 8
    endloop
  endfacet
  facet normal 0 0 1
    outer loop
      vertex 10.6518 3.46099 8
      vertex 12.2211 3.97087 8
      vertex 11.8719 4.91748 8
    endloop
  endfacet
  facet normal -0 0 1
    outer loop
      vertex 11.0621 -1.75207 8
      vertex 12.6918 -2.01018 8
      vertex 11.1655 -0.878741 8
    endloop
  endfacet
  facet normal 0 0 1
    outer loop
      vertex 10.3475 4.28605 8
      vertex 11.8719 4.91748 8
      vertex 11.4494 5.83378 8
    endloop
  endfacet
  facet normal 0 0 1
    outer loop
      vertex 12.6918 -2.01018 8
      vertex 11.0621 -1.75207 8
      vertex 12.495 -2.99977 8
    endloop
  endfacet
  facet normal -0 0 1
    outer loop
      vertex 10.8905 -2.61459 8
      vertex 12.495 -2.99977 8
      vertex 11.0621 -1.75207 8
    endloop
  endfacet
  facet normal 0 0 1
    outer loop
      vertex 12.8104 1.0082 8
      vertex 11.1655 0.878741 8
      vertex 11.2 0 8
    endloop
  endfacet
  facet normal 0 0 1
    outer loop
      vertex 12.6918 2.01018 8
      vertex 11.0621 1.75207 8
      vertex 11.1655 0.878741 8
    endloop
  endfacet
  facet normal 0 0 1
    outer loop
      vertex 9.97927 5.08469 8
      vertex 11.4494 5.83378 8
      vertex 10.9564 6.71411 8
    endloop
  endfacet
  facet normal 0 0 1
    outer loop
      vertex 12.495 2.99977 8
      vertex 10.8905 2.61459 8
      vertex 11.0621 1.75207 8
    endloop
  endfacet
  facet normal 0 0 1
    outer loop
      vertex 12.2211 3.97087 8
      vertex 10.6518 3.46099 8
      vertex 10.8905 2.61459 8
    endloop
  endfacet
  facet normal 0 0 1
    outer loop
      vertex 9.54957 5.85198 8
      vertex 10.9564 6.71411 8
      vertex 10.3959 7.55304 8
    endloop
  endfacet
  facet normal 0 0 1
    outer loop
      vertex 11.8719 4.91748 8
      vertex 10.3475 4.28605 8
      vertex 10.6518 3.46099 8
    endloop
  endfacet
  facet normal 0 0 1
    outer loop
      vertex 11.4494 5.83378 8
      vertex 9.97927 5.08469 8
      vertex 10.3475 4.28605 8
    endloop
  endfacet
  facet normal 0 0 1
    outer loop
      vertex 9.06099 6.58319 8
      vertex 10.3959 7.55304 8
      vertex 9.77122 8.34541 8
    endloop
  endfacet
  facet normal 0 0 1
    outer loop
      vertex 10.9564 6.71411 8
      vertex 9.54957 5.85198 8
      vertex 9.97927 5.08469 8
    endloop
  endfacet
  facet normal 0 0 1
    outer loop
      vertex 8.51655 7.27382 8
      vertex 9.77122 8.34541 8
      vertex 9.08632 9.08632 8
    endloop
  endfacet
  facet normal 0 0 1
    outer loop
      vertex 10.3959 7.55304 8
      vertex 9.06099 6.58319 8
      vertex 9.54957 5.85198 8
    endloop
  endfacet
  facet normal 0 0 1
    outer loop
      vertex 9.77122 8.34541 8
      vertex 8.51655 7.27382 8
      vertex 9.06099 6.58319 8
    endloop
  endfacet
  facet normal 0 0 1
    outer loop
      vertex 7.9196 7.9196 8
      vertex 9.08632 9.08632 8
      vertex 8.34541 9.77122 8
    endloop
  endfacet
  facet normal 0 0 1
    outer loop
      vertex 9.08632 9.08632 8
      vertex 7.9196 7.9196 8
      vertex 8.51655 7.27382 8
    endloop
  endfacet
  facet normal 0 0 1
    outer loop
      vertex 7.27382 8.51655 8
      vertex 8.34541 9.77122 8
      vertex 7.55304 10.3959 8
    endloop
  endfacet
  facet normal 0 0 1
    outer loop
      vertex 8.34541 9.77122 8
      vertex 7.27382 8.51655 8
      vertex 7.9196 7.9196 8
    endloop
  endfacet
  facet normal 0 0 1
    outer loop
      vertex 6.58319 9.06099 8
      vertex 7.55304 10.3959 8
      vertex 6.71411 10.9564 8
    endloop
  endfacet
  facet normal 0 0 1
    outer loop
      vertex 7.55304 10.3959 8
      vertex 6.58319 9.06099 8
      vertex 7.27382 8.51655 8
    endloop
  endfacet
  facet normal 0 0 1
    outer loop
      vertex 6.71411 10.9564 8
      vertex 5.85198 9.54957 8
      vertex 6.58319 9.06099 8
    endloop
  endfacet
  facet normal 0 0 1
    outer loop
      vertex 5.83378 11.4494 8
      vertex 5.85198 9.54957 8
      vertex 6.71411 10.9564 8
    endloop
  endfacet
  facet normal 0 0 1
    outer loop
      vertex 5.83378 11.4494 8
      vertex 5.08469 9.97927 8
      vertex 5.85198 9.54957 8
    endloop
  endfacet
  facet normal 0 0 1
    outer loop
      vertex 4.91748 11.8719 8
      vertex 5.08469 9.97927 8
      vertex 5.83378 11.4494 8
    endloop
  endfacet
  facet normal 0 0 1
    outer loop
      vertex 4.91748 11.8719 8
      vertex 4.28605 10.3475 8
      vertex 5.08469 9.97927 8
    endloop
  endfacet
  facet normal 0 0 1
    outer loop
      vertex 3.97087 12.2211 8
      vertex 4.28605 10.3475 8
      vertex 4.91748 11.8719 8
    endloop
  endfacet
  facet normal 0 0 1
    outer loop
      vertex 3.97087 12.2211 8
      vertex 3.46099 10.6518 8
      vertex 4.28605 10.3475 8
    endloop
  endfacet
  facet normal 0 0 1
    outer loop
      vertex 2.99977 12.495 8
      vertex 3.46099 10.6518 8
      vertex 3.97087 12.2211 8
    endloop
  endfacet
  facet normal 0 0 1
    outer loop
      vertex 2.99977 12.495 8
      vertex 2.61459 10.8905 8
      vertex 3.46099 10.6518 8
    endloop
  endfacet
  facet normal 0 0 1
    outer loop
      vertex 2.01018 12.6918 8
      vertex 2.61459 10.8905 8
      vertex 2.99977 12.495 8
    endloop
  endfacet
  facet normal 0 0 1
    outer loop
      vertex 2.01018 12.6918 8
      vertex 1.75207 11.0621 8
      vertex 2.61459 10.8905 8
    endloop
  endfacet
  facet normal 0 0 1
    outer loop
      vertex 1.0082 12.8104 8
      vertex 1.75207 11.0621 8
      vertex 2.01018 12.6918 8
    endloop
  endfacet
  facet normal 0 0 1
    outer loop
      vertex 1.0082 12.8104 8
      vertex 0.878741 11.1655 8
      vertex 1.75207 11.0621 8
    endloop
  endfacet
  facet normal 0 0 1
    outer loop
      vertex 0 12.85 8
      vertex 0.878741 11.1655 8
      vertex 1.0082 12.8104 8
    endloop
  endfacet
  facet normal 0 0 1
    outer loop
      vertex 0 12.85 8
      vertex 0 11.2 8
      vertex 0.878741 11.1655 8
    endloop
  endfacet
  facet normal 0 0 1
    outer loop
      vertex 0 12.85 8
      vertex -0.878741 11.1655 8
      vertex 0 11.2 8
    endloop
  endfacet
  facet normal -0 0 1
    outer loop
      vertex -1.0082 12.8104 8
      vertex -0.878741 11.1655 8
      vertex 0 12.85 8
    endloop
  endfacet
  facet normal 0 0 1
    outer loop
      vertex -1.0082 12.8104 8
      vertex -1.75207 11.0621 8
      vertex -0.878741 11.1655 8
    endloop
  endfacet
  facet normal -0 0 1
    outer loop
      vertex -2.01018 12.6918 8
      vertex -1.75207 11.0621 8
      vertex -1.0082 12.8104 8
    endloop
  endfacet
  facet normal 0 0 1
    outer loop
      vertex -2.01018 12.6918 8
      vertex -2.61459 10.8905 8
      vertex -1.75207 11.0621 8
    endloop
  endfacet
  facet normal -0 0 1
    outer loop
      vertex -2.99977 12.495 8
      vertex -2.61459 10.8905 8
      vertex -2.01018 12.6918 8
    endloop
  endfacet
  facet normal 0 0 1
    outer loop
      vertex -2.99977 12.495 8
      vertex -3.46099 10.6518 8
      vertex -2.61459 10.8905 8
    endloop
  endfacet
  facet normal -0 0 1
    outer loop
      vertex -3.97087 12.2211 8
      vertex -3.46099 10.6518 8
      vertex -2.99977 12.495 8
    endloop
  endfacet
  facet normal 0 0 1
    outer loop
      vertex -3.97087 12.2211 8
      vertex -4.28605 10.3475 8
      vertex -3.46099 10.6518 8
    endloop
  endfacet
  facet normal -0 0 1
    outer loop
      vertex -4.91748 11.8719 8
      vertex -4.28605 10.3475 8
      vertex -3.97087 12.2211 8
    endloop
  endfacet
  facet normal 0 0 1
    outer loop
      vertex -4.91748 11.8719 8
      vertex -5.08469 9.97927 8
      vertex -4.28605 10.3475 8
    endloop
  endfacet
  facet normal -0 0 1
    outer loop
      vertex -5.83378 11.4494 8
      vertex -5.08469 9.97927 8
      vertex -4.91748 11.8719 8
    endloop
  endfacet
  facet normal 0 0 1
    outer loop
      vertex -5.83378 11.4494 8
      vertex -5.85198 9.54957 8
      vertex -5.08469 9.97927 8
    endloop
  endfacet
  facet normal -0 0 1
    outer loop
      vertex -6.71411 10.9564 8
      vertex -5.85198 9.54957 8
      vertex -5.83378 11.4494 8
    endloop
  endfacet
  facet normal 0 0 1
    outer loop
      vertex -5.85198 9.54957 8
      vertex -6.71411 10.9564 8
      vertex -6.58319 9.06099 8
    endloop
  endfacet
  facet normal -0 0 1
    outer loop
      vertex -7.55304 10.3959 8
      vertex -6.58319 9.06099 8
      vertex -6.71411 10.9564 8
    endloop
  endfacet
  facet normal 0 0 1
    outer loop
      vertex -6.58319 9.06099 8
      vertex -7.55304 10.3959 8
      vertex -7.27382 8.51655 8
    endloop
  endfacet
  facet normal -0 0 1
    outer loop
      vertex -8.34541 9.77122 8
      vertex -7.27382 8.51655 8
      vertex -7.55304 10.3959 8
    endloop
  endfacet
  facet normal 0 0 1
    outer loop
      vertex -7.27382 8.51655 8
      vertex -8.34541 9.77122 8
      vertex -7.9196 7.9196 8
    endloop
  endfacet
  facet normal -0 0 1
    outer loop
      vertex -9.08632 9.08632 8
      vertex -7.9196 7.9196 8
      vertex -8.34541 9.77122 8
    endloop
  endfacet
  facet normal 0 0 1
    outer loop
      vertex -7.9196 7.9196 8
      vertex -9.08632 9.08632 8
      vertex -8.51655 7.27382 8
    endloop
  endfacet
  facet normal -0 0 1
    outer loop
      vertex -9.77122 8.34541 8
      vertex -8.51655 7.27382 8
      vertex -9.08632 9.08632 8
    endloop
  endfacet
  facet normal 0 0 1
    outer loop
      vertex -8.51655 7.27382 8
      vertex -9.77122 8.34541 8
      vertex -9.06099 6.58319 8
    endloop
  endfacet
  facet normal -0 0 1
    outer loop
      vertex -10.3959 7.55304 8
      vertex -9.06099 6.58319 8
      vertex -9.77122 8.34541 8
    endloop
  endfacet
  facet normal 0 0 1
    outer loop
      vertex -9.06099 6.58319 8
      vertex -10.3959 7.55304 8
      vertex -9.54957 5.85198 8
    endloop
  endfacet
  facet normal -0 0 1
    outer loop
      vertex -10.9564 6.71411 8
      vertex -9.54957 5.85198 8
      vertex -10.3959 7.55304 8
    endloop
  endfacet
  facet normal 0 0 1
    outer loop
      vertex -9.54957 5.85198 8
      vertex -10.9564 6.71411 8
      vertex -9.97927 5.08469 8
    endloop
  endfacet
  facet normal -0 0 1
    outer loop
      vertex -11.4494 5.83378 8
      vertex -9.97927 5.08469 8
      vertex -10.9564 6.71411 8
    endloop
  endfacet
  facet normal 0 0 1
    outer loop
      vertex -9.97927 5.08469 8
      vertex -11.4494 5.83378 8
      vertex -10.3475 4.28605 8
    endloop
  endfacet
  facet normal -0 0 1
    outer loop
      vertex -11.8719 4.91748 8
      vertex -10.3475 4.28605 8
      vertex -11.4494 5.83378 8
    endloop
  endfacet
  facet normal 0 0 1
    outer loop
      vertex -10.3475 4.28605 8
      vertex -11.8719 4.91748 8
      vertex -10.6518 3.46099 8
    endloop
  endfacet
  facet normal -0 0 1
    outer loop
      vertex -12.2211 3.97087 8
      vertex -10.6518 3.46099 8
      vertex -11.8719 4.91748 8
    endloop
  endfacet
  facet normal 0 0 1
    outer loop
      vertex -10.6518 3.46099 8
      vertex -12.2211 3.97087 8
      vertex -10.8905 2.61459 8
    endloop
  endfacet
  facet normal -0 0 1
    outer loop
      vertex -12.495 2.99977 8
      vertex -10.8905 2.61459 8
      vertex -12.2211 3.97087 8
    endloop
  endfacet
  facet normal 0 0 1
    outer loop
      vertex 12.495 -2.99977 8
      vertex 10.8905 -2.61459 8
      vertex 12.2211 -3.97087 8
    endloop
  endfacet
  facet normal -0 0 1
    outer loop
      vertex 10.6518 -3.46099 8
      vertex 12.2211 -3.97087 8
      vertex 10.8905 -2.61459 8
    endloop
  endfacet
  facet normal 0 0 1
    outer loop
      vertex 12.2211 -3.97087 8
      vertex 10.6518 -3.46099 8
      vertex 11.8719 -4.91748 8
    endloop
  endfacet
  facet normal -0 0 1
    outer loop
      vertex 10.3475 -4.28605 8
      vertex 11.8719 -4.91748 8
      vertex 10.6518 -3.46099 8
    endloop
  endfacet
  facet normal 0 0 1
    outer loop
      vertex 11.8719 -4.91748 8
      vertex 10.3475 -4.28605 8
      vertex 11.4494 -5.83378 8
    endloop
  endfacet
  facet normal -0 0 1
    outer loop
      vertex 9.97927 -5.08469 8
      vertex 11.4494 -5.83378 8
      vertex 10.3475 -4.28605 8
    endloop
  endfacet
  facet normal 0 0 1
    outer loop
      vertex 11.4494 -5.83378 8
      vertex 9.97927 -5.08469 8
      vertex 10.9564 -6.71411 8
    endloop
  endfacet
  facet normal -0 0 1
    outer loop
      vertex 9.54957 -5.85198 8
      vertex 10.9564 -6.71411 8
      vertex 9.97927 -5.08469 8
    endloop
  endfacet
  facet normal 0 0 1
    outer loop
      vertex 10.9564 -6.71411 8
      vertex 9.54957 -5.85198 8
      vertex 10.3959 -7.55304 8
    endloop
  endfacet
  facet normal -0 0 1
    outer loop
      vertex 9.06099 -6.58319 8
      vertex 10.3959 -7.55304 8
      vertex 9.54957 -5.85198 8
    endloop
  endfacet
  facet normal 0 0 1
    outer loop
      vertex 10.3959 -7.55304 8
      vertex 9.06099 -6.58319 8
      vertex 9.77122 -8.34541 8
    endloop
  endfacet
  facet normal -0 0 1
    outer loop
      vertex 8.51655 -7.27382 8
      vertex 9.77122 -8.34541 8
      vertex 9.06099 -6.58319 8
    endloop
  endfacet
  facet normal 0 0 1
    outer loop
      vertex 9.77122 -8.34541 8
      vertex 8.51655 -7.27382 8
      vertex 9.08632 -9.08632 8
    endloop
  endfacet
  facet normal -0 0 1
    outer loop
      vertex 7.9196 -7.9196 8
      vertex 9.08632 -9.08632 8
      vertex 8.51655 -7.27382 8
    endloop
  endfacet
  facet normal 0 0 1
    outer loop
      vertex 9.08632 -9.08632 8
      vertex 7.9196 -7.9196 8
      vertex 8.34541 -9.77122 8
    endloop
  endfacet
  facet normal -0 0 1
    outer loop
      vertex 7.27382 -8.51655 8
      vertex 8.34541 -9.77122 8
      vertex 7.9196 -7.9196 8
    endloop
  endfacet
  facet normal 0 0 1
    outer loop
      vertex 8.34541 -9.77122 8
      vertex 7.27382 -8.51655 8
      vertex 7.55304 -10.3959 8
    endloop
  endfacet
  facet normal -0 0 1
    outer loop
      vertex 6.58319 -9.06099 8
      vertex 7.55304 -10.3959 8
      vertex 7.27382 -8.51655 8
    endloop
  endfacet
  facet normal 0 0 1
    outer loop
      vertex 7.55304 -10.3959 8
      vertex 6.58319 -9.06099 8
      vertex 6.71411 -10.9564 8
    endloop
  endfacet
  facet normal -0 0 1
    outer loop
      vertex 5.85198 -9.54957 8
      vertex 6.71411 -10.9564 8
      vertex 6.58319 -9.06099 8
    endloop
  endfacet
  facet normal 0 0 1
    outer loop
      vertex 5.85198 -9.54957 8
      vertex 5.83378 -11.4494 8
      vertex 6.71411 -10.9564 8
    endloop
  endfacet
  facet normal -0 0 1
    outer loop
      vertex 5.08469 -9.97927 8
      vertex 5.83378 -11.4494 8
      vertex 5.85198 -9.54957 8
    endloop
  endfacet
  facet normal 0 0 1
    outer loop
      vertex 5.08469 -9.97927 8
      vertex 4.91748 -11.8719 8
      vertex 5.83378 -11.4494 8
    endloop
  endfacet
  facet normal -0 0 1
    outer loop
      vertex 4.28605 -10.3475 8
      vertex 4.91748 -11.8719 8
      vertex 5.08469 -9.97927 8
    endloop
  endfacet
  facet normal 0 0 1
    outer loop
      vertex 4.28605 -10.3475 8
      vertex 3.97087 -12.2211 8
      vertex 4.91748 -11.8719 8
    endloop
  endfacet
  facet normal -0 0 1
    outer loop
      vertex 3.46099 -10.6518 8
      vertex 3.97087 -12.2211 8
      vertex 4.28605 -10.3475 8
    endloop
  endfacet
  facet normal 0 0 1
    outer loop
      vertex 3.46099 -10.6518 8
      vertex 2.99977 -12.495 8
      vertex 3.97087 -12.2211 8
    endloop
  endfacet
  facet normal -0 0 1
    outer loop
      vertex 2.61459 -10.8905 8
      vertex 2.99977 -12.495 8
      vertex 3.46099 -10.6518 8
    endloop
  endfacet
  facet normal 0 0 1
    outer loop
      vertex 2.61459 -10.8905 8
      vertex 2.01018 -12.6918 8
      vertex 2.99977 -12.495 8
    endloop
  endfacet
  facet normal -0 0 1
    outer loop
      vertex 1.75207 -11.0621 8
      vertex 2.01018 -12.6918 8
      vertex 2.61459 -10.8905 8
    endloop
  endfacet
  facet normal 0 0 1
    outer loop
      vertex 1.75207 -11.0621 8
      vertex 1.0082 -12.8104 8
      vertex 2.01018 -12.6918 8
    endloop
  endfacet
  facet normal -0 0 1
    outer loop
      vertex 0.878741 -11.1655 8
      vertex 1.0082 -12.8104 8
      vertex 1.75207 -11.0621 8
    endloop
  endfacet
  facet normal -0 0 1
    outer loop
      vertex 0 -11.2 8
      vertex 1.0082 -12.8104 8
      vertex 0.878741 -11.1655 8
    endloop
  endfacet
  facet normal 0 0 1
    outer loop
      vertex 0 -11.2 8
      vertex 0 -12.85 8
      vertex 1.0082 -12.8104 8
    endloop
  endfacet
  facet normal 0 0 1
    outer loop
      vertex -0.878741 -11.1655 8
      vertex 0 -12.85 8
      vertex 0 -11.2 8
    endloop
  endfacet
  facet normal 0 0 1
    outer loop
      vertex -0.878741 -11.1655 8
      vertex -1.0082 -12.8104 8
      vertex 0 -12.85 8
    endloop
  endfacet
  facet normal 0 0 1
    outer loop
      vertex -1.75207 -11.0621 8
      vertex -1.0082 -12.8104 8
      vertex -0.878741 -11.1655 8
    endloop
  endfacet
  facet normal 0 0 1
    outer loop
      vertex -1.75207 -11.0621 8
      vertex -2.01018 -12.6918 8
      vertex -1.0082 -12.8104 8
    endloop
  endfacet
  facet normal 0 0 1
    outer loop
      vertex -2.61459 -10.8905 8
      vertex -2.01018 -12.6918 8
      vertex -1.75207 -11.0621 8
    endloop
  endfacet
  facet normal 0 0 1
    outer loop
      vertex -2.61459 -10.8905 8
      vertex -2.99977 -12.495 8
      vertex -2.01018 -12.6918 8
    endloop
  endfacet
  facet normal 0 0 1
    outer loop
      vertex -3.46099 -10.6518 8
      vertex -2.99977 -12.495 8
      vertex -2.61459 -10.8905 8
    endloop
  endfacet
  facet normal 0 0 1
    outer loop
      vertex -3.46099 -10.6518 8
      vertex -3.97087 -12.2211 8
      vertex -2.99977 -12.495 8
    endloop
  endfacet
  facet normal 0 0 1
    outer loop
      vertex -4.28605 -10.3475 8
      vertex -3.97087 -12.2211 8
      vertex -3.46099 -10.6518 8
    endloop
  endfacet
  facet normal 0 0 1
    outer loop
      vertex -4.28605 -10.3475 8
      vertex -4.91748 -11.8719 8
      vertex -3.97087 -12.2211 8
    endloop
  endfacet
  facet normal 0 0 1
    outer loop
      vertex -5.08469 -9.97927 8
      vertex -4.91748 -11.8719 8
      vertex -4.28605 -10.3475 8
    endloop
  endfacet
  facet normal 0 0 1
    outer loop
      vertex -5.08469 -9.97927 8
      vertex -5.83378 -11.4494 8
      vertex -4.91748 -11.8719 8
    endloop
  endfacet
  facet normal 0 0 1
    outer loop
      vertex -5.85198 -9.54957 8
      vertex -5.83378 -11.4494 8
      vertex -5.08469 -9.97927 8
    endloop
  endfacet
  facet normal 0 0 1
    outer loop
      vertex -6.71411 -10.9564 8
      vertex -5.85198 -9.54957 8
      vertex -6.58319 -9.06099 8
    endloop
  endfacet
  facet normal 0 0 1
    outer loop
      vertex -5.85198 -9.54957 8
      vertex -6.71411 -10.9564 8
      vertex -5.83378 -11.4494 8
    endloop
  endfacet
  facet normal 0 0 1
    outer loop
      vertex -7.55304 -10.3959 8
      vertex -6.58319 -9.06099 8
      vertex -7.27382 -8.51655 8
    endloop
  endfacet
  facet normal 0 0 1
    outer loop
      vertex -6.58319 -9.06099 8
      vertex -7.55304 -10.3959 8
      vertex -6.71411 -10.9564 8
    endloop
  endfacet
  facet normal 0 0 1
    outer loop
      vertex -8.34541 -9.77122 8
      vertex -7.27382 -8.51655 8
      vertex -7.9196 -7.9196 8
    endloop
  endfacet
  facet normal 0 0 1
    outer loop
      vertex -7.27382 -8.51655 8
      vertex -8.34541 -9.77122 8
      vertex -7.55304 -10.3959 8
    endloop
  endfacet
  facet normal 0 0 1
    outer loop
      vertex -9.08632 -9.08632 8
      vertex -7.9196 -7.9196 8
      vertex -8.51655 -7.27382 8
    endloop
  endfacet
  facet normal 0 0 1
    outer loop
      vertex -9.77122 -8.34541 8
      vertex -8.51655 -7.27382 8
      vertex -9.06099 -6.58319 8
    endloop
  endfacet
  facet normal 0 0 1
    outer loop
      vertex -7.9196 -7.9196 8
      vertex -9.08632 -9.08632 8
      vertex -8.34541 -9.77122 8
    endloop
  endfacet
  facet normal 0 0 1
    outer loop
      vertex -10.3959 -7.55304 8
      vertex -9.06099 -6.58319 8
      vertex -9.54957 -5.85198 8
    endloop
  endfacet
  facet normal 0 0 1
    outer loop
      vertex -8.51655 -7.27382 8
      vertex -9.77122 -8.34541 8
      vertex -9.08632 -9.08632 8
    endloop
  endfacet
  facet normal 0 0 1
    outer loop
      vertex -10.9564 -6.71411 8
      vertex -9.54957 -5.85198 8
      vertex -9.97927 -5.08469 8
    endloop
  endfacet
  facet normal 0 0 1
    outer loop
      vertex -11.4494 -5.83378 8
      vertex -9.97927 -5.08469 8
      vertex -10.3475 -4.28605 8
    endloop
  endfacet
  facet normal 0 0 1
    outer loop
      vertex -9.06099 -6.58319 8
      vertex -10.3959 -7.55304 8
      vertex -9.77122 -8.34541 8
    endloop
  endfacet
  facet normal 0 0 1
    outer loop
      vertex -11.8719 -4.91748 8
      vertex -10.3475 -4.28605 8
      vertex -10.6518 -3.46099 8
    endloop
  endfacet
  facet normal 0 0 1
    outer loop
      vertex -12.2211 -3.97087 8
      vertex -10.6518 -3.46099 8
      vertex -10.8905 -2.61459 8
    endloop
  endfacet
  facet normal 0 0 1
    outer loop
      vertex -9.54957 -5.85198 8
      vertex -10.9564 -6.71411 8
      vertex -10.3959 -7.55304 8
    endloop
  endfacet
  facet normal 0 0 1
    outer loop
      vertex -12.495 -2.99977 8
      vertex -10.8905 -2.61459 8
      vertex -11.0621 -1.75207 8
    endloop
  endfacet
  facet normal 0 0 1
    outer loop
      vertex -12.6918 -2.01018 8
      vertex -11.0621 -1.75207 8
      vertex -11.1655 -0.878741 8
    endloop
  endfacet
  facet normal 0 0 1
    outer loop
      vertex -12.8104 -1.0082 8
      vertex -11.1655 -0.878741 8
      vertex -11.2 0 8
    endloop
  endfacet
  facet normal 0 0 1
    outer loop
      vertex -10.8905 2.61459 8
      vertex -12.495 2.99977 8
      vertex -11.0621 1.75207 8
    endloop
  endfacet
  facet normal 0 0 1
    outer loop
      vertex -9.97927 -5.08469 8
      vertex -11.4494 -5.83378 8
      vertex -10.9564 -6.71411 8
    endloop
  endfacet
  facet normal -0 0 1
    outer loop
      vertex -12.6918 2.01018 8
      vertex -11.0621 1.75207 8
      vertex -12.495 2.99977 8
    endloop
  endfacet
  facet normal 0 0 1
    outer loop
      vertex -10.3475 -4.28605 8
      vertex -11.8719 -4.91748 8
      vertex -11.4494 -5.83378 8
    endloop
  endfacet
  facet normal 0 0 1
    outer loop
      vertex -11.0621 1.75207 8
      vertex -12.6918 2.01018 8
      vertex -11.1655 0.878741 8
    endloop
  endfacet
  facet normal 0 0 1
    outer loop
      vertex -10.6518 -3.46099 8
      vertex -12.2211 -3.97087 8
      vertex -11.8719 -4.91748 8
    endloop
  endfacet
  facet normal -0 0 1
    outer loop
      vertex -12.8104 1.0082 8
      vertex -11.1655 0.878741 8
      vertex -12.6918 2.01018 8
    endloop
  endfacet
  facet normal 0 0 1
    outer loop
      vertex -10.8905 -2.61459 8
      vertex -12.495 -2.99977 8
      vertex -12.2211 -3.97087 8
    endloop
  endfacet
  facet normal 0 0 1
    outer loop
      vertex -11.1655 0.878741 8
      vertex -12.8104 1.0082 8
      vertex -11.2 0 8
    endloop
  endfacet
  facet normal 0 0 1
    outer loop
      vertex -11.0621 -1.75207 8
      vertex -12.6918 -2.01018 8
      vertex -12.495 -2.99977 8
    endloop
  endfacet
  facet normal 0 0 1
    outer loop
      vertex -12.85 0 8
      vertex -11.2 0 8
      vertex -12.8104 1.0082 8
    endloop
  endfacet
  facet normal 0 0 1
    outer loop
      vertex -11.1655 -0.878741 8
      vertex -12.8104 -1.0082 8
      vertex -12.6918 -2.01018 8
    endloop
  endfacet
  facet normal 0 0 1
    outer loop
      vertex -11.2 0 8
      vertex -12.85 0 8
      vertex -12.8104 -1.0082 8
    endloop
  endfacet
  facet normal -0.993064 -0.117576 0
    outer loop
      vertex 11.1655 0.878741 5
      vertex 11.0621 1.75207 8
      vertex 11.0621 1.75207 5
    endloop
  endfacet
  facet normal -0.993064 -0.117576 0
    outer loop
      vertex 11.0621 1.75207 8
      vertex 11.1655 0.878741 5
      vertex 11.1655 0.878741 8
    endloop
  endfacet
  facet normal -0.99923 -0.0392305 0
    outer loop
      vertex 11.2 0 5
      vertex 11.1655 0.878741 8
      vertex 11.1655 0.878741 5
    endloop
  endfacet
  facet normal -0.99923 -0.0392305 0
    outer loop
      vertex 11.1655 0.878741 8
      vertex 11.2 0 5
      vertex 11.2 0 8
    endloop
  endfacet
  facet normal -0.980778 -0.195128 0
    outer loop
      vertex 11.0621 1.75207 5
      vertex 10.8905 2.61459 8
      vertex 10.8905 2.61459 5
    endloop
  endfacet
  facet normal -0.980778 -0.195128 0
    outer loop
      vertex 10.8905 2.61459 8
      vertex 11.0621 1.75207 5
      vertex 11.0621 1.75207 8
    endloop
  endfacet
  facet normal 0.980778 0.195128 0
    outer loop
      vertex -10.8905 -2.61459 8
      vertex -11.0621 -1.75207 5
      vertex -11.0621 -1.75207 8
    endloop
  endfacet
  facet normal 0.980778 0.195128 0
    outer loop
      vertex -11.0621 -1.75207 5
      vertex -10.8905 -2.61459 8
      vertex -10.8905 -2.61459 5
    endloop
  endfacet
  facet normal -0.195128 0.980778 0
    outer loop
      vertex 2.61459 -10.8905 5
      vertex 1.75207 -11.0621 8
      vertex 2.61459 -10.8905 8
    endloop
  endfacet
  facet normal -0.195128 0.980778 0
    outer loop
      vertex 1.75207 -11.0621 8
      vertex 2.61459 -10.8905 5
      vertex 1.75207 -11.0621 5
    endloop
  endfacet
  facet normal -0.99923 0.0392305 0
    outer loop
      vertex 11.1655 -0.878741 5
      vertex 11.2 0 8
      vertex 11.2 0 5
    endloop
  endfacet
  facet normal -0.99923 0.0392305 0
    outer loop
      vertex 11.2 0 8
      vertex 11.1655 -0.878741 5
      vertex 11.1655 -0.878741 8
    endloop
  endfacet
  facet normal 0.785322 0.619088 0
    outer loop
      vertex -8.51655 -7.27382 8
      vertex -9.06099 -6.58319 5
      vertex -9.06099 -6.58319 8
    endloop
  endfacet
  facet normal 0.785322 0.619088 0
    outer loop
      vertex -9.06099 -6.58319 5
      vertex -8.51655 -7.27382 8
      vertex -8.51655 -7.27382 5
    endloop
  endfacet
  facet normal 0.872497 -0.488619 0
    outer loop
      vertex -9.97927 5.08469 8
      vertex -9.54957 5.85198 5
      vertex -9.54957 5.85198 8
    endloop
  endfacet
  facet normal 0.872497 -0.488619 0
    outer loop
      vertex -9.54957 5.85198 5
      vertex -9.97927 5.08469 8
      vertex -9.97927 5.08469 5
    endloop
  endfacet
  facet normal -0.0392305 0.99923 0
    outer loop
      vertex 0.878741 -11.1655 5
      vertex 0 -11.2 8
      vertex 0.878741 -11.1655 8
    endloop
  endfacet
  facet normal -0.0392305 0.99923 0
    outer loop
      vertex 0 -11.2 8
      vertex 0.878741 -11.1655 5
      vertex 0 -11.2 5
    endloop
  endfacet
  facet normal 0.938221 0.346036 0
    outer loop
      vertex -10.3475 -4.28605 8
      vertex -10.6518 -3.46099 5
      vertex -10.6518 -3.46099 8
    endloop
  endfacet
  facet normal 0.938221 0.346036 0
    outer loop
      vertex -10.6518 -3.46099 5
      vertex -10.3475 -4.28605 8
      vertex -10.3475 -4.28605 5
    endloop
  endfacet
  facet normal -0.488619 0.872497 0
    outer loop
      vertex 5.85198 -9.54957 5
      vertex 5.08469 -9.97927 8
      vertex 5.85198 -9.54957 8
    endloop
  endfacet
  facet normal -0.488619 0.872497 0
    outer loop
      vertex 5.08469 -9.97927 8
      vertex 5.85198 -9.54957 5
      vertex 5.08469 -9.97927 5
    endloop
  endfacet
  facet normal 0.980778 -0.195128 0
    outer loop
      vertex -11.0621 1.75207 8
      vertex -10.8905 2.61459 5
      vertex -10.8905 2.61459 8
    endloop
  endfacet
  facet normal 0.980778 -0.195128 0
    outer loop
      vertex -10.8905 2.61459 5
      vertex -11.0621 1.75207 8
      vertex -11.0621 1.75207 5
    endloop
  endfacet
  facet normal -0.831469 -0.555571 0
    outer loop
      vertex 9.54957 5.85198 5
      vertex 9.06099 6.58319 8
      vertex 9.06099 6.58319 5
    endloop
  endfacet
  facet normal -0.831469 -0.555571 0
    outer loop
      vertex 9.06099 6.58319 8
      vertex 9.54957 5.85198 5
      vertex 9.54957 5.85198 8
    endloop
  endfacet
  facet normal -0.0392305 -0.99923 0
    outer loop
      vertex 0 11.2 5
      vertex 0.878741 11.1655 8
      vertex 0 11.2 8
    endloop
  endfacet
  facet normal -0.0392305 -0.99923 -0
    outer loop
      vertex 0.878741 11.1655 8
      vertex 0 11.2 5
      vertex 0.878741 11.1655 5
    endloop
  endfacet
  facet normal 0.734324 -0.678799 0
    outer loop
      vertex -8.51655 7.27382 8
      vertex -7.9196 7.9196 5
      vertex -7.9196 7.9196 8
    endloop
  endfacet
  facet normal 0.734324 -0.678799 0
    outer loop
      vertex -7.9196 7.9196 5
      vertex -8.51655 7.27382 8
      vertex -8.51655 7.27382 5
    endloop
  endfacet
  facet normal 0.99923 -0.0392305 0
    outer loop
      vertex -11.2 0 8
      vertex -11.1655 0.878741 5
      vertex -11.1655 0.878741 8
    endloop
  endfacet
  facet normal 0.99923 -0.0392305 0
    outer loop
      vertex -11.1655 0.878741 5
      vertex -11.2 0 8
      vertex -11.2 0 5
    endloop
  endfacet
  facet normal 0.346036 0.938221 -0
    outer loop
      vertex -3.46099 -10.6518 5
      vertex -4.28605 -10.3475 8
      vertex -3.46099 -10.6518 8
    endloop
  endfacet
  facet normal 0.346036 0.938221 0
    outer loop
      vertex -4.28605 -10.3475 8
      vertex -3.46099 -10.6518 5
      vertex -4.28605 -10.3475 5
    endloop
  endfacet
  facet normal 0.619088 -0.785322 0
    outer loop
      vertex -7.27382 8.51655 5
      vertex -6.58319 9.06099 8
      vertex -7.27382 8.51655 8
    endloop
  endfacet
  facet normal 0.619088 -0.785322 0
    outer loop
      vertex -6.58319 9.06099 8
      vertex -7.27382 8.51655 5
      vertex -6.58319 9.06099 5
    endloop
  endfacet
  facet normal -0.872497 0.488619 0
    outer loop
      vertex 9.54957 -5.85198 5
      vertex 9.97927 -5.08469 8
      vertex 9.97927 -5.08469 5
    endloop
  endfacet
  facet normal -0.872497 0.488619 0
    outer loop
      vertex 9.97927 -5.08469 8
      vertex 9.54957 -5.85198 5
      vertex 9.54957 -5.85198 8
    endloop
  endfacet
  facet normal -0.418708 0.908121 0
    outer loop
      vertex 5.08469 -9.97927 5
      vertex 4.28605 -10.3475 8
      vertex 5.08469 -9.97927 8
    endloop
  endfacet
  facet normal -0.418708 0.908121 0
    outer loop
      vertex 4.28605 -10.3475 8
      vertex 5.08469 -9.97927 5
      vertex 4.28605 -10.3475 5
    endloop
  endfacet
  facet normal -0.418708 -0.908121 0
    outer loop
      vertex 4.28605 10.3475 5
      vertex 5.08469 9.97927 8
      vertex 4.28605 10.3475 8
    endloop
  endfacet
  facet normal -0.418708 -0.908121 -0
    outer loop
      vertex 5.08469 9.97927 8
      vertex 4.28605 10.3475 5
      vertex 5.08469 9.97927 5
    endloop
  endfacet
  facet normal 0.962458 -0.27143 0
    outer loop
      vertex -10.8905 2.61459 8
      vertex -10.6518 3.46099 5
      vertex -10.6518 3.46099 8
    endloop
  endfacet
  facet normal 0.962458 -0.27143 0
    outer loop
      vertex -10.6518 3.46099 5
      vertex -10.8905 2.61459 8
      vertex -10.8905 2.61459 5
    endloop
  endfacet
  facet normal 0.488619 -0.872497 0
    outer loop
      vertex -5.85198 9.54957 5
      vertex -5.08469 9.97927 8
      vertex -5.85198 9.54957 8
    endloop
  endfacet
  facet normal 0.488619 -0.872497 0
    outer loop
      vertex -5.08469 9.97927 8
      vertex -5.85198 9.54957 5
      vertex -5.08469 9.97927 5
    endloop
  endfacet
  facet normal 0.962458 0.27143 0
    outer loop
      vertex -10.6518 -3.46099 8
      vertex -10.8905 -2.61459 5
      vertex -10.8905 -2.61459 8
    endloop
  endfacet
  facet normal 0.962458 0.27143 0
    outer loop
      vertex -10.8905 -2.61459 5
      vertex -10.6518 -3.46099 8
      vertex -10.6518 -3.46099 5
    endloop
  endfacet
  facet normal 0.678799 0.734324 -0
    outer loop
      vertex -7.27382 -8.51655 5
      vertex -7.9196 -7.9196 8
      vertex -7.27382 -8.51655 8
    endloop
  endfacet
  facet normal 0.678799 0.734324 0
    outer loop
      vertex -7.9196 -7.9196 8
      vertex -7.27382 -8.51655 5
      vertex -7.9196 -7.9196 5
    endloop
  endfacet
  facet normal -0.993064 0.117576 0
    outer loop
      vertex 11.0621 -1.75207 5
      vertex 11.1655 -0.878741 8
      vertex 11.1655 -0.878741 5
    endloop
  endfacet
  facet normal -0.993064 0.117576 0
    outer loop
      vertex 11.1655 -0.878741 8
      vertex 11.0621 -1.75207 5
      vertex 11.0621 -1.75207 8
    endloop
  endfacet
  facet normal -0.908121 -0.418708 0
    outer loop
      vertex 10.3475 4.28605 5
      vertex 9.97927 5.08469 8
      vertex 9.97927 5.08469 5
    endloop
  endfacet
  facet normal -0.908121 -0.418708 0
    outer loop
      vertex 9.97927 5.08469 8
      vertex 10.3475 4.28605 5
      vertex 10.3475 4.28605 8
    endloop
  endfacet
  facet normal 0.418708 -0.908121 0
    outer loop
      vertex -5.08469 9.97927 5
      vertex -4.28605 10.3475 8
      vertex -5.08469 9.97927 8
    endloop
  endfacet
  facet normal 0.418708 -0.908121 0
    outer loop
      vertex -4.28605 10.3475 8
      vertex -5.08469 9.97927 5
      vertex -4.28605 10.3475 5
    endloop
  endfacet
  facet normal 0.27143 -0.962458 0
    outer loop
      vertex -3.46099 10.6518 5
      vertex -2.61459 10.8905 8
      vertex -3.46099 10.6518 8
    endloop
  endfacet
  facet normal 0.27143 -0.962458 0
    outer loop
      vertex -2.61459 10.8905 8
      vertex -3.46099 10.6518 5
      vertex -2.61459 10.8905 5
    endloop
  endfacet
  facet normal -0.938221 0.346036 0
    outer loop
      vertex 10.3475 -4.28605 5
      vertex 10.6518 -3.46099 8
      vertex 10.6518 -3.46099 5
    endloop
  endfacet
  facet normal -0.938221 0.346036 0
    outer loop
      vertex 10.6518 -3.46099 8
      vertex 10.3475 -4.28605 5
      vertex 10.3475 -4.28605 8
    endloop
  endfacet
  facet normal -0.619088 -0.785322 0
    outer loop
      vertex 6.58319 9.06099 5
      vertex 7.27382 8.51655 8
      vertex 6.58319 9.06099 8
    endloop
  endfacet
  facet normal -0.619088 -0.785322 -0
    outer loop
      vertex 7.27382 8.51655 8
      vertex 6.58319 9.06099 5
      vertex 7.27382 8.51655 5
    endloop
  endfacet
  facet normal -0.980778 0.195128 0
    outer loop
      vertex 10.8905 -2.61459 5
      vertex 11.0621 -1.75207 8
      vertex 11.0621 -1.75207 5
    endloop
  endfacet
  facet normal -0.980778 0.195128 0
    outer loop
      vertex 11.0621 -1.75207 8
      vertex 10.8905 -2.61459 5
      vertex 10.8905 -2.61459 8
    endloop
  endfacet
  facet normal -0.831469 0.555571 0
    outer loop
      vertex 9.06099 -6.58319 5
      vertex 9.54957 -5.85198 8
      vertex 9.54957 -5.85198 5
    endloop
  endfacet
  facet normal -0.831469 0.555571 0
    outer loop
      vertex 9.54957 -5.85198 8
      vertex 9.06099 -6.58319 5
      vertex 9.06099 -6.58319 8
    endloop
  endfacet
  facet normal -0.678799 -0.734324 0
    outer loop
      vertex 7.27382 8.51655 5
      vertex 7.9196 7.9196 8
      vertex 7.27382 8.51655 8
    endloop
  endfacet
  facet normal -0.678799 -0.734324 -0
    outer loop
      vertex 7.9196 7.9196 8
      vertex 7.27382 8.51655 5
      vertex 7.9196 7.9196 5
    endloop
  endfacet
  facet normal -0.117576 0.993064 0
    outer loop
      vertex 1.75207 -11.0621 5
      vertex 0.878741 -11.1655 8
      vertex 1.75207 -11.0621 8
    endloop
  endfacet
  facet normal -0.117576 0.993064 0
    outer loop
      vertex 0.878741 -11.1655 8
      vertex 1.75207 -11.0621 5
      vertex 0.878741 -11.1655 5
    endloop
  endfacet
  facet normal -0.734324 -0.678799 0
    outer loop
      vertex 8.51655 7.27382 5
      vertex 7.9196 7.9196 8
      vertex 7.9196 7.9196 5
    endloop
  endfacet
  facet normal -0.734324 -0.678799 0
    outer loop
      vertex 7.9196 7.9196 8
      vertex 8.51655 7.27382 5
      vertex 8.51655 7.27382 8
    endloop
  endfacet
  facet normal 0.27143 0.962458 -0
    outer loop
      vertex -2.61459 -10.8905 5
      vertex -3.46099 -10.6518 8
      vertex -2.61459 -10.8905 8
    endloop
  endfacet
  facet normal 0.27143 0.962458 0
    outer loop
      vertex -3.46099 -10.6518 8
      vertex -2.61459 -10.8905 5
      vertex -3.46099 -10.6518 5
    endloop
  endfacet
  facet normal -0.962458 -0.27143 0
    outer loop
      vertex 10.8905 2.61459 5
      vertex 10.6518 3.46099 8
      vertex 10.6518 3.46099 5
    endloop
  endfacet
  facet normal -0.962458 -0.27143 0
    outer loop
      vertex 10.6518 3.46099 8
      vertex 10.8905 2.61459 5
      vertex 10.8905 2.61459 8
    endloop
  endfacet
  facet normal -0.872497 -0.488619 0
    outer loop
      vertex 9.97927 5.08469 5
      vertex 9.54957 5.85198 8
      vertex 9.54957 5.85198 5
    endloop
  endfacet
  facet normal -0.872497 -0.488619 0
    outer loop
      vertex 9.54957 5.85198 8
      vertex 9.97927 5.08469 5
      vertex 9.97927 5.08469 8
    endloop
  endfacet
  facet normal -0.734324 0.678799 0
    outer loop
      vertex 7.9196 -7.9196 5
      vertex 8.51655 -7.27382 8
      vertex 8.51655 -7.27382 5
    endloop
  endfacet
  facet normal -0.734324 0.678799 0
    outer loop
      vertex 8.51655 -7.27382 8
      vertex 7.9196 -7.9196 5
      vertex 7.9196 -7.9196 8
    endloop
  endfacet
  facet normal -0.488619 -0.872497 0
    outer loop
      vertex 5.08469 9.97927 5
      vertex 5.85198 9.54957 8
      vertex 5.08469 9.97927 8
    endloop
  endfacet
  facet normal -0.488619 -0.872497 -0
    outer loop
      vertex 5.85198 9.54957 8
      vertex 5.08469 9.97927 5
      vertex 5.85198 9.54957 5
    endloop
  endfacet
  facet normal 0.678799 -0.734324 0
    outer loop
      vertex -7.9196 7.9196 5
      vertex -7.27382 8.51655 8
      vertex -7.9196 7.9196 8
    endloop
  endfacet
  facet normal 0.678799 -0.734324 0
    outer loop
      vertex -7.27382 8.51655 8
      vertex -7.9196 7.9196 5
      vertex -7.27382 8.51655 5
    endloop
  endfacet
  facet normal -0.962458 0.27143 0
    outer loop
      vertex 10.6518 -3.46099 5
      vertex 10.8905 -2.61459 8
      vertex 10.8905 -2.61459 5
    endloop
  endfacet
  facet normal -0.962458 0.27143 0
    outer loop
      vertex 10.8905 -2.61459 8
      vertex 10.6518 -3.46099 5
      vertex 10.6518 -3.46099 8
    endloop
  endfacet
  facet normal 0.346036 -0.938221 0
    outer loop
      vertex -4.28605 10.3475 5
      vertex -3.46099 10.6518 8
      vertex -4.28605 10.3475 8
    endloop
  endfacet
  facet normal 0.346036 -0.938221 0
    outer loop
      vertex -3.46099 10.6518 8
      vertex -4.28605 10.3475 5
      vertex -3.46099 10.6518 5
    endloop
  endfacet
  facet normal 0.99923 0.0392305 0
    outer loop
      vertex -11.1655 -0.878741 8
      vertex -11.2 0 5
      vertex -11.2 0 8
    endloop
  endfacet
  facet normal 0.99923 0.0392305 0
    outer loop
      vertex -11.2 0 5
      vertex -11.1655 -0.878741 8
      vertex -11.1655 -0.878741 5
    endloop
  endfacet
  facet normal 0.117576 0.993064 -0
    outer loop
      vertex -0.878741 -11.1655 5
      vertex -1.75207 -11.0621 8
      vertex -0.878741 -11.1655 8
    endloop
  endfacet
  facet normal 0.117576 0.993064 0
    outer loop
      vertex -1.75207 -11.0621 8
      vertex -0.878741 -11.1655 5
      vertex -1.75207 -11.0621 5
    endloop
  endfacet
  facet normal 0.908121 -0.418708 0
    outer loop
      vertex -10.3475 4.28605 8
      vertex -9.97927 5.08469 5
      vertex -9.97927 5.08469 8
    endloop
  endfacet
  facet normal 0.908121 -0.418708 0
    outer loop
      vertex -9.97927 5.08469 5
      vertex -10.3475 4.28605 8
      vertex -10.3475 4.28605 5
    endloop
  endfacet
  facet normal 0.0392305 -0.99923 0
    outer loop
      vertex -0.878741 11.1655 5
      vertex 0 11.2 8
      vertex -0.878741 11.1655 8
    endloop
  endfacet
  facet normal 0.0392305 -0.99923 0
    outer loop
      vertex 0 11.2 8
      vertex -0.878741 11.1655 5
      vertex 0 11.2 5
    endloop
  endfacet
  facet normal 0.785322 -0.619088 0
    outer loop
      vertex -9.06099 6.58319 8
      vertex -8.51655 7.27382 5
      vertex -8.51655 7.27382 8
    endloop
  endfacet
  facet normal 0.785322 -0.619088 0
    outer loop
      vertex -8.51655 7.27382 5
      vertex -9.06099 6.58319 8
      vertex -9.06099 6.58319 5
    endloop
  endfacet
  facet normal -0.346036 -0.938221 0
    outer loop
      vertex 3.46099 10.6518 5
      vertex 4.28605 10.3475 8
      vertex 3.46099 10.6518 8
    endloop
  endfacet
  facet normal -0.346036 -0.938221 -0
    outer loop
      vertex 4.28605 10.3475 8
      vertex 3.46099 10.6518 5
      vertex 4.28605 10.3475 5
    endloop
  endfacet
  facet normal -0.346036 0.938221 0
    outer loop
      vertex 4.28605 -10.3475 5
      vertex 3.46099 -10.6518 8
      vertex 4.28605 -10.3475 8
    endloop
  endfacet
  facet normal -0.346036 0.938221 0
    outer loop
      vertex 3.46099 -10.6518 8
      vertex 4.28605 -10.3475 5
      vertex 3.46099 -10.6518 5
    endloop
  endfacet
  facet normal -0.27143 0.962458 0
    outer loop
      vertex 3.46099 -10.6518 5
      vertex 2.61459 -10.8905 8
      vertex 3.46099 -10.6518 8
    endloop
  endfacet
  facet normal -0.27143 0.962458 0
    outer loop
      vertex 2.61459 -10.8905 8
      vertex 3.46099 -10.6518 5
      vertex 2.61459 -10.8905 5
    endloop
  endfacet
  facet normal 0.993064 0.117576 0
    outer loop
      vertex -11.0621 -1.75207 8
      vertex -11.1655 -0.878741 5
      vertex -11.1655 -0.878741 8
    endloop
  endfacet
  facet normal 0.993064 0.117576 0
    outer loop
      vertex -11.1655 -0.878741 5
      vertex -11.0621 -1.75207 8
      vertex -11.0621 -1.75207 5
    endloop
  endfacet
  facet normal 0.195128 0.980778 -0
    outer loop
      vertex -1.75207 -11.0621 5
      vertex -2.61459 -10.8905 8
      vertex -1.75207 -11.0621 8
    endloop
  endfacet
  facet normal 0.195128 0.980778 0
    outer loop
      vertex -2.61459 -10.8905 8
      vertex -1.75207 -11.0621 5
      vertex -2.61459 -10.8905 5
    endloop
  endfacet
  facet normal 0.555571 -0.831469 0
    outer loop
      vertex -6.58319 9.06099 5
      vertex -5.85198 9.54957 8
      vertex -6.58319 9.06099 8
    endloop
  endfacet
  facet normal 0.555571 -0.831469 0
    outer loop
      vertex -5.85198 9.54957 8
      vertex -6.58319 9.06099 5
      vertex -5.85198 9.54957 5
    endloop
  endfacet
  facet normal 0.734324 0.678799 0
    outer loop
      vertex -7.9196 -7.9196 8
      vertex -8.51655 -7.27382 5
      vertex -8.51655 -7.27382 8
    endloop
  endfacet
  facet normal 0.734324 0.678799 0
    outer loop
      vertex -8.51655 -7.27382 5
      vertex -7.9196 -7.9196 8
      vertex -7.9196 -7.9196 5
    endloop
  endfacet
  facet normal 0.117576 -0.993064 0
    outer loop
      vertex -1.75207 11.0621 5
      vertex -0.878741 11.1655 8
      vertex -1.75207 11.0621 8
    endloop
  endfacet
  facet normal 0.117576 -0.993064 0
    outer loop
      vertex -0.878741 11.1655 8
      vertex -1.75207 11.0621 5
      vertex -0.878741 11.1655 5
    endloop
  endfacet
  facet normal -0.785322 0.619088 0
    outer loop
      vertex 8.51655 -7.27382 5
      vertex 9.06099 -6.58319 8
      vertex 9.06099 -6.58319 5
    endloop
  endfacet
  facet normal -0.785322 0.619088 0
    outer loop
      vertex 9.06099 -6.58319 8
      vertex 8.51655 -7.27382 5
      vertex 8.51655 -7.27382 8
    endloop
  endfacet
  facet normal -0.908121 0.418708 0
    outer loop
      vertex 9.97927 -5.08469 5
      vertex 10.3475 -4.28605 8
      vertex 10.3475 -4.28605 5
    endloop
  endfacet
  facet normal -0.908121 0.418708 0
    outer loop
      vertex 10.3475 -4.28605 8
      vertex 9.97927 -5.08469 5
      vertex 9.97927 -5.08469 8
    endloop
  endfacet
  facet normal 0.938221 -0.346036 0
    outer loop
      vertex -10.6518 3.46099 8
      vertex -10.3475 4.28605 5
      vertex -10.3475 4.28605 8
    endloop
  endfacet
  facet normal 0.938221 -0.346036 0
    outer loop
      vertex -10.3475 4.28605 5
      vertex -10.6518 3.46099 8
      vertex -10.6518 3.46099 5
    endloop
  endfacet
  facet normal -0.555571 0.831469 0
    outer loop
      vertex 6.58319 -9.06099 5
      vertex 5.85198 -9.54957 8
      vertex 6.58319 -9.06099 8
    endloop
  endfacet
  facet normal -0.555571 0.831469 0
    outer loop
      vertex 5.85198 -9.54957 8
      vertex 6.58319 -9.06099 5
      vertex 5.85198 -9.54957 5
    endloop
  endfacet
  facet normal -0.117576 -0.993064 0
    outer loop
      vertex 0.878741 11.1655 5
      vertex 1.75207 11.0621 8
      vertex 0.878741 11.1655 8
    endloop
  endfacet
  facet normal -0.117576 -0.993064 -0
    outer loop
      vertex 1.75207 11.0621 8
      vertex 0.878741 11.1655 5
      vertex 1.75207 11.0621 5
    endloop
  endfacet
  facet normal 0.831469 0.555571 0
    outer loop
      vertex -9.06099 -6.58319 8
      vertex -9.54957 -5.85198 5
      vertex -9.54957 -5.85198 8
    endloop
  endfacet
  facet normal 0.831469 0.555571 0
    outer loop
      vertex -9.54957 -5.85198 5
      vertex -9.06099 -6.58319 8
      vertex -9.06099 -6.58319 5
    endloop
  endfacet
  facet normal -0.785322 -0.619088 0
    outer loop
      vertex 9.06099 6.58319 5
      vertex 8.51655 7.27382 8
      vertex 8.51655 7.27382 5
    endloop
  endfacet
  facet normal -0.785322 -0.619088 0
    outer loop
      vertex 8.51655 7.27382 8
      vertex 9.06099 6.58319 5
      vertex 9.06099 6.58319 8
    endloop
  endfacet
  facet normal 0.195128 -0.980778 0
    outer loop
      vertex -2.61459 10.8905 5
      vertex -1.75207 11.0621 8
      vertex -2.61459 10.8905 8
    endloop
  endfacet
  facet normal 0.195128 -0.980778 0
    outer loop
      vertex -1.75207 11.0621 8
      vertex -2.61459 10.8905 5
      vertex -1.75207 11.0621 5
    endloop
  endfacet
  facet normal -0.938221 -0.346036 0
    outer loop
      vertex 10.6518 3.46099 5
      vertex 10.3475 4.28605 8
      vertex 10.3475 4.28605 5
    endloop
  endfacet
  facet normal -0.938221 -0.346036 0
    outer loop
      vertex 10.3475 4.28605 8
      vertex 10.6518 3.46099 5
      vertex 10.6518 3.46099 8
    endloop
  endfacet
  facet normal 0.908121 0.418708 0
    outer loop
      vertex -9.97927 -5.08469 8
      vertex -10.3475 -4.28605 5
      vertex -10.3475 -4.28605 8
    endloop
  endfacet
  facet normal 0.908121 0.418708 0
    outer loop
      vertex -10.3475 -4.28605 5
      vertex -9.97927 -5.08469 8
      vertex -9.97927 -5.08469 5
    endloop
  endfacet
  facet normal 0.488619 0.872497 -0
    outer loop
      vertex -5.08469 -9.97927 5
      vertex -5.85198 -9.54957 8
      vertex -5.08469 -9.97927 8
    endloop
  endfacet
  facet normal 0.488619 0.872497 0
    outer loop
      vertex -5.85198 -9.54957 8
      vertex -5.08469 -9.97927 5
      vertex -5.85198 -9.54957 5
    endloop
  endfacet
  facet normal -0.195128 -0.980778 0
    outer loop
      vertex 1.75207 11.0621 5
      vertex 2.61459 10.8905 8
      vertex 1.75207 11.0621 8
    endloop
  endfacet
  facet normal -0.195128 -0.980778 -0
    outer loop
      vertex 2.61459 10.8905 8
      vertex 1.75207 11.0621 5
      vertex 2.61459 10.8905 5
    endloop
  endfacet
  facet normal -0.555571 -0.831469 0
    outer loop
      vertex 5.85198 9.54957 5
      vertex 6.58319 9.06099 8
      vertex 5.85198 9.54957 8
    endloop
  endfacet
  facet normal -0.555571 -0.831469 -0
    outer loop
      vertex 6.58319 9.06099 8
      vertex 5.85198 9.54957 5
      vertex 6.58319 9.06099 5
    endloop
  endfacet
  facet normal -0.27143 -0.962458 0
    outer loop
      vertex 2.61459 10.8905 5
      vertex 3.46099 10.6518 8
      vertex 2.61459 10.8905 8
    endloop
  endfacet
  facet normal -0.27143 -0.962458 -0
    outer loop
      vertex 3.46099 10.6518 8
      vertex 2.61459 10.8905 5
      vertex 3.46099 10.6518 5
    endloop
  endfacet
  facet normal 0.418708 0.908121 -0
    outer loop
      vertex -4.28605 -10.3475 5
      vertex -5.08469 -9.97927 8
      vertex -4.28605 -10.3475 8
    endloop
  endfacet
  facet normal 0.418708 0.908121 0
    outer loop
      vertex -5.08469 -9.97927 8
      vertex -4.28605 -10.3475 5
      vertex -5.08469 -9.97927 5
    endloop
  endfacet
  facet normal 0.619088 0.785322 -0
    outer loop
      vertex -6.58319 -9.06099 5
      vertex -7.27382 -8.51655 8
      vertex -6.58319 -9.06099 8
    endloop
  endfacet
  facet normal 0.619088 0.785322 0
    outer loop
      vertex -7.27382 -8.51655 8
      vertex -6.58319 -9.06099 5
      vertex -7.27382 -8.51655 5
    endloop
  endfacet
  facet normal -0.678799 0.734324 0
    outer loop
      vertex 7.9196 -7.9196 5
      vertex 7.27382 -8.51655 8
      vertex 7.9196 -7.9196 8
    endloop
  endfacet
  facet normal -0.678799 0.734324 0
    outer loop
      vertex 7.27382 -8.51655 8
      vertex 7.9196 -7.9196 5
      vertex 7.27382 -8.51655 5
    endloop
  endfacet
  facet normal 0.831469 -0.555571 0
    outer loop
      vertex -9.54957 5.85198 8
      vertex -9.06099 6.58319 5
      vertex -9.06099 6.58319 8
    endloop
  endfacet
  facet normal 0.831469 -0.555571 0
    outer loop
      vertex -9.06099 6.58319 5
      vertex -9.54957 5.85198 8
      vertex -9.54957 5.85198 5
    endloop
  endfacet
  facet normal 0.0392305 0.99923 -0
    outer loop
      vertex 0 -11.2 5
      vertex -0.878741 -11.1655 8
      vertex 0 -11.2 8
    endloop
  endfacet
  facet normal 0.0392305 0.99923 0
    outer loop
      vertex -0.878741 -11.1655 8
      vertex 0 -11.2 5
      vertex -0.878741 -11.1655 5
    endloop
  endfacet
  facet normal -0.619088 0.785322 0
    outer loop
      vertex 7.27382 -8.51655 5
      vertex 6.58319 -9.06099 8
      vertex 7.27382 -8.51655 8
    endloop
  endfacet
  facet normal -0.619088 0.785322 0
    outer loop
      vertex 6.58319 -9.06099 8
      vertex 7.27382 -8.51655 5
      vertex 6.58319 -9.06099 5
    endloop
  endfacet
  facet normal 0.555571 0.831469 -0
    outer loop
      vertex -5.85198 -9.54957 5
      vertex -6.58319 -9.06099 8
      vertex -5.85198 -9.54957 8
    endloop
  endfacet
  facet normal 0.555571 0.831469 0
    outer loop
      vertex -6.58319 -9.06099 8
      vertex -5.85198 -9.54957 5
      vertex -6.58319 -9.06099 5
    endloop
  endfacet
  facet normal 0.993064 -0.117576 0
    outer loop
      vertex -11.1655 0.878741 8
      vertex -11.0621 1.75207 5
      vertex -11.0621 1.75207 8
    endloop
  endfacet
  facet normal 0.993064 -0.117576 0
    outer loop
      vertex -11.0621 1.75207 5
      vertex -11.1655 0.878741 8
      vertex -11.1655 0.878741 5
    endloop
  endfacet
  facet normal 0.872497 0.488619 0
    outer loop
      vertex -9.54957 -5.85198 8
      vertex -9.97927 -5.08469 5
      vertex -9.97927 -5.08469 8
    endloop
  endfacet
  facet normal 0.872497 0.488619 0
    outer loop
      vertex -9.97927 -5.08469 5
      vertex -9.54957 -5.85198 8
      vertex -9.54957 -5.85198 5
    endloop
  endfacet
  facet normal 0 0 1
    outer loop
      vertex 11.1655 0.878741 5
      vertex 11.1655 -0.878741 5
      vertex 11.2 0 5
    endloop
  endfacet
  facet normal 0 0 1
    outer loop
      vertex 11.0621 1.75207 5
      vertex 11.1655 -0.878741 5
      vertex 11.1655 0.878741 5
    endloop
  endfacet
  facet normal 0 0 1
    outer loop
      vertex 11.0621 1.75207 5
      vertex 11.0621 -1.75207 5
      vertex 11.1655 -0.878741 5
    endloop
  endfacet
  facet normal 0 0 1
    outer loop
      vertex 10.8905 2.61459 5
      vertex 11.0621 -1.75207 5
      vertex 11.0621 1.75207 5
    endloop
  endfacet
  facet normal 0 0 1
    outer loop
      vertex 10.8905 2.61459 5
      vertex 10.8905 -2.61459 5
      vertex 11.0621 -1.75207 5
    endloop
  endfacet
  facet normal 0 0 1
    outer loop
      vertex 10.6518 3.46099 5
      vertex 10.8905 -2.61459 5
      vertex 10.8905 2.61459 5
    endloop
  endfacet
  facet normal 0 0 1
    outer loop
      vertex 10.6518 3.46099 5
      vertex 10.6518 -3.46099 5
      vertex 10.8905 -2.61459 5
    endloop
  endfacet
  facet normal 0 0 1
    outer loop
      vertex 10.3475 4.28605 5
      vertex 10.6518 -3.46099 5
      vertex 10.6518 3.46099 5
    endloop
  endfacet
  facet normal 0 0 1
    outer loop
      vertex 10.3475 4.28605 5
      vertex 10.3475 -4.28605 5
      vertex 10.6518 -3.46099 5
    endloop
  endfacet
  facet normal 0 0 1
    outer loop
      vertex 9.97927 5.08469 5
      vertex 10.3475 -4.28605 5
      vertex 10.3475 4.28605 5
    endloop
  endfacet
  facet normal 0 0 1
    outer loop
      vertex 9.97927 5.08469 5
      vertex 9.97927 -5.08469 5
      vertex 10.3475 -4.28605 5
    endloop
  endfacet
  facet normal 0 0 1
    outer loop
      vertex 9.54957 5.85198 5
      vertex 9.97927 -5.08469 5
      vertex 9.97927 5.08469 5
    endloop
  endfacet
  facet normal 0 0 1
    outer loop
      vertex 9.54957 5.85198 5
      vertex 9.54957 -5.85198 5
      vertex 9.97927 -5.08469 5
    endloop
  endfacet
  facet normal 0 0 1
    outer loop
      vertex 9.06099 6.58319 5
      vertex 9.54957 -5.85198 5
      vertex 9.54957 5.85198 5
    endloop
  endfacet
  facet normal 0 0 1
    outer loop
      vertex 9.06099 6.58319 5
      vertex 9.06099 -6.58319 5
      vertex 9.54957 -5.85198 5
    endloop
  endfacet
  facet normal 0 0 1
    outer loop
      vertex 8.51655 7.27382 5
      vertex 9.06099 -6.58319 5
      vertex 9.06099 6.58319 5
    endloop
  endfacet
  facet normal 0 0 1
    outer loop
      vertex 8.51655 7.27382 5
      vertex 8.51655 -7.27382 5
      vertex 9.06099 -6.58319 5
    endloop
  endfacet
  facet normal 0 0 1
    outer loop
      vertex 7.9196 7.9196 5
      vertex 8.51655 -7.27382 5
      vertex 8.51655 7.27382 5
    endloop
  endfacet
  facet normal 0 0 1
    outer loop
      vertex 7.9196 7.9196 5
      vertex 7.9196 -7.9196 5
      vertex 8.51655 -7.27382 5
    endloop
  endfacet
  facet normal 0 0 1
    outer loop
      vertex 7.27382 8.51655 5
      vertex 7.9196 -7.9196 5
      vertex 7.9196 7.9196 5
    endloop
  endfacet
  facet normal 0 0 1
    outer loop
      vertex 7.27382 8.51655 5
      vertex 7.27382 -8.51655 5
      vertex 7.9196 -7.9196 5
    endloop
  endfacet
  facet normal 0 0 1
    outer loop
      vertex 6.58319 9.06099 5
      vertex 7.27382 -8.51655 5
      vertex 7.27382 8.51655 5
    endloop
  endfacet
  facet normal 0 0 1
    outer loop
      vertex 6.58319 9.06099 5
      vertex 6.58319 -9.06099 5
      vertex 7.27382 -8.51655 5
    endloop
  endfacet
  facet normal 0 0 1
    outer loop
      vertex 5.85198 9.54957 5
      vertex 6.58319 -9.06099 5
      vertex 6.58319 9.06099 5
    endloop
  endfacet
  facet normal 0 0 1
    outer loop
      vertex 5.85198 9.54957 5
      vertex 5.85198 -9.54957 5
      vertex 6.58319 -9.06099 5
    endloop
  endfacet
  facet normal 0 0 1
    outer loop
      vertex 5.08469 9.97927 5
      vertex 5.85198 -9.54957 5
      vertex 5.85198 9.54957 5
    endloop
  endfacet
  facet normal 0 0 1
    outer loop
      vertex 5.08469 9.97927 5
      vertex 5.08469 -9.97927 5
      vertex 5.85198 -9.54957 5
    endloop
  endfacet
  facet normal 0 0 1
    outer loop
      vertex 4.28605 10.3475 5
      vertex 5.08469 -9.97927 5
      vertex 5.08469 9.97927 5
    endloop
  endfacet
  facet normal 0 0 1
    outer loop
      vertex 4.28605 10.3475 5
      vertex 4.28605 -10.3475 5
      vertex 5.08469 -9.97927 5
    endloop
  endfacet
  facet normal 0 0 1
    outer loop
      vertex 3.46099 10.6518 5
      vertex 4.28605 -10.3475 5
      vertex 4.28605 10.3475 5
    endloop
  endfacet
  facet normal 0 0 1
    outer loop
      vertex 3.46099 10.6518 5
      vertex 3.46099 -10.6518 5
      vertex 4.28605 -10.3475 5
    endloop
  endfacet
  facet normal 0 0 1
    outer loop
      vertex 2.61459 10.8905 5
      vertex 3.46099 -10.6518 5
      vertex 3.46099 10.6518 5
    endloop
  endfacet
  facet normal 0 0 1
    outer loop
      vertex 2.61459 10.8905 5
      vertex 2.61459 -10.8905 5
      vertex 3.46099 -10.6518 5
    endloop
  endfacet
  facet normal 0 0 1
    outer loop
      vertex 1.75207 11.0621 5
      vertex 2.61459 -10.8905 5
      vertex 2.61459 10.8905 5
    endloop
  endfacet
  facet normal 0 0 1
    outer loop
      vertex 1.75207 11.0621 5
      vertex 1.75207 -11.0621 5
      vertex 2.61459 -10.8905 5
    endloop
  endfacet
  facet normal 0 0 1
    outer loop
      vertex 0.878741 11.1655 5
      vertex 1.75207 -11.0621 5
      vertex 1.75207 11.0621 5
    endloop
  endfacet
  facet normal 0 0 1
    outer loop
      vertex 0.878741 11.1655 5
      vertex 0.878741 -11.1655 5
      vertex 1.75207 -11.0621 5
    endloop
  endfacet
  facet normal 0 0 1
    outer loop
      vertex 0 11.2 5
      vertex 0.878741 -11.1655 5
      vertex 0.878741 11.1655 5
    endloop
  endfacet
  facet normal 0 0 1
    outer loop
      vertex 0 11.2 5
      vertex 0 -11.2 5
      vertex 0.878741 -11.1655 5
    endloop
  endfacet
  facet normal -0 0 1
    outer loop
      vertex -0.878741 11.1655 5
      vertex 0 -11.2 5
      vertex 0 11.2 5
    endloop
  endfacet
  facet normal 0 0 1
    outer loop
      vertex -0.878741 11.1655 5
      vertex -0.878741 -11.1655 5
      vertex 0 -11.2 5
    endloop
  endfacet
  facet normal -0 0 1
    outer loop
      vertex -1.75207 11.0621 5
      vertex -0.878741 -11.1655 5
      vertex -0.878741 11.1655 5
    endloop
  endfacet
  facet normal 0 0 1
    outer loop
      vertex -1.75207 11.0621 5
      vertex -1.75207 -11.0621 5
      vertex -0.878741 -11.1655 5
    endloop
  endfacet
  facet normal -0 0 1
    outer loop
      vertex -2.61459 10.8905 5
      vertex -1.75207 -11.0621 5
      vertex -1.75207 11.0621 5
    endloop
  endfacet
  facet normal 0 0 1
    outer loop
      vertex -2.61459 10.8905 5
      vertex -2.61459 -10.8905 5
      vertex -1.75207 -11.0621 5
    endloop
  endfacet
  facet normal -0 0 1
    outer loop
      vertex -3.46099 10.6518 5
      vertex -2.61459 -10.8905 5
      vertex -2.61459 10.8905 5
    endloop
  endfacet
  facet normal 0 0 1
    outer loop
      vertex -3.46099 10.6518 5
      vertex -3.46099 -10.6518 5
      vertex -2.61459 -10.8905 5
    endloop
  endfacet
  facet normal -0 0 1
    outer loop
      vertex -4.28605 10.3475 5
      vertex -3.46099 -10.6518 5
      vertex -3.46099 10.6518 5
    endloop
  endfacet
  facet normal 0 0 1
    outer loop
      vertex -4.28605 10.3475 5
      vertex -4.28605 -10.3475 5
      vertex -3.46099 -10.6518 5
    endloop
  endfacet
  facet normal -0 0 1
    outer loop
      vertex -5.08469 9.97927 5
      vertex -4.28605 -10.3475 5
      vertex -4.28605 10.3475 5
    endloop
  endfacet
  facet normal 0 0 1
    outer loop
      vertex -5.08469 9.97927 5
      vertex -5.08469 -9.97927 5
      vertex -4.28605 -10.3475 5
    endloop
  endfacet
  facet normal -0 0 1
    outer loop
      vertex -5.85198 9.54957 5
      vertex -5.08469 -9.97927 5
      vertex -5.08469 9.97927 5
    endloop
  endfacet
  facet normal 0 0 1
    outer loop
      vertex -5.85198 9.54957 5
      vertex -5.85198 -9.54957 5
      vertex -5.08469 -9.97927 5
    endloop
  endfacet
  facet normal -0 0 1
    outer loop
      vertex -6.58319 9.06099 5
      vertex -5.85198 -9.54957 5
      vertex -5.85198 9.54957 5
    endloop
  endfacet
  facet normal 0 0 1
    outer loop
      vertex -6.58319 9.06099 5
      vertex -6.58319 -9.06099 5
      vertex -5.85198 -9.54957 5
    endloop
  endfacet
  facet normal -0 0 1
    outer loop
      vertex -7.27382 8.51655 5
      vertex -6.58319 -9.06099 5
      vertex -6.58319 9.06099 5
    endloop
  endfacet
  facet normal 0 0 1
    outer loop
      vertex -7.27382 8.51655 5
      vertex -7.27382 -8.51655 5
      vertex -6.58319 -9.06099 5
    endloop
  endfacet
  facet normal -0 0 1
    outer loop
      vertex -7.9196 7.9196 5
      vertex -7.27382 -8.51655 5
      vertex -7.27382 8.51655 5
    endloop
  endfacet
  facet normal 0 0 1
    outer loop
      vertex -7.9196 7.9196 5
      vertex -7.9196 -7.9196 5
      vertex -7.27382 -8.51655 5
    endloop
  endfacet
  facet normal -0 0 1
    outer loop
      vertex -8.51655 7.27382 5
      vertex -7.9196 -7.9196 5
      vertex -7.9196 7.9196 5
    endloop
  endfacet
  facet normal 0 0 1
    outer loop
      vertex -8.51655 7.27382 5
      vertex -8.51655 -7.27382 5
      vertex -7.9196 -7.9196 5
    endloop
  endfacet
  facet normal -0 0 1
    outer loop
      vertex -9.06099 6.58319 5
      vertex -8.51655 -7.27382 5
      vertex -8.51655 7.27382 5
    endloop
  endfacet
  facet normal 0 0 1
    outer loop
      vertex -9.06099 6.58319 5
      vertex -9.06099 -6.58319 5
      vertex -8.51655 -7.27382 5
    endloop
  endfacet
  facet normal -0 0 1
    outer loop
      vertex -9.54957 5.85198 5
      vertex -9.06099 -6.58319 5
      vertex -9.06099 6.58319 5
    endloop
  endfacet
  facet normal 0 0 1
    outer loop
      vertex -9.54957 5.85198 5
      vertex -9.54957 -5.85198 5
      vertex -9.06099 -6.58319 5
    endloop
  endfacet
  facet normal -0 0 1
    outer loop
      vertex -9.97927 5.08469 5
      vertex -9.54957 -5.85198 5
      vertex -9.54957 5.85198 5
    endloop
  endfacet
  facet normal 0 0 1
    outer loop
      vertex -9.97927 5.08469 5
      vertex -9.97927 -5.08469 5
      vertex -9.54957 -5.85198 5
    endloop
  endfacet
  facet normal -0 0 1
    outer loop
      vertex -10.3475 4.28605 5
      vertex -9.97927 -5.08469 5
      vertex -9.97927 5.08469 5
    endloop
  endfacet
  facet normal 0 0 1
    outer loop
      vertex -10.3475 4.28605 5
      vertex -10.3475 -4.28605 5
      vertex -9.97927 -5.08469 5
    endloop
  endfacet
  facet normal -0 0 1
    outer loop
      vertex -10.6518 3.46099 5
      vertex -10.3475 -4.28605 5
      vertex -10.3475 4.28605 5
    endloop
  endfacet
  facet normal 0 0 1
    outer loop
      vertex -10.6518 3.46099 5
      vertex -10.6518 -3.46099 5
      vertex -10.3475 -4.28605 5
    endloop
  endfacet
  facet normal -0 0 1
    outer loop
      vertex -10.8905 2.61459 5
      vertex -10.6518 -3.46099 5
      vertex -10.6518 3.46099 5
    endloop
  endfacet
  facet normal 0 0 1
    outer loop
      vertex -10.8905 2.61459 5
      vertex -10.8905 -2.61459 5
      vertex -10.6518 -3.46099 5
    endloop
  endfacet
  facet normal -0 0 1
    outer loop
      vertex -11.0621 1.75207 5
      vertex -10.8905 -2.61459 5
      vertex -10.8905 2.61459 5
    endloop
  endfacet
  facet normal 0 0 1
    outer loop
      vertex -11.0621 1.75207 5
      vertex -11.0621 -1.75207 5
      vertex -10.8905 -2.61459 5
    endloop
  endfacet
  facet normal -0 0 1
    outer loop
      vertex -11.1655 0.878741 5
      vertex -11.0621 -1.75207 5
      vertex -11.0621 1.75207 5
    endloop
  endfacet
  facet normal 0 0 1
    outer loop
      vertex -11.1655 0.878741 5
      vertex -11.1655 -0.878741 5
      vertex -11.0621 -1.75207 5
    endloop
  endfacet
  facet normal 0 -0 1
    outer loop
      vertex -11.1655 -0.878741 5
      vertex -11.1655 0.878741 5
      vertex -11.2 0 5
    endloop
  endfacet
endsolid OpenSCAD_Model
