solid OpenSCAD_Model
  facet normal -0.0191815 -0.19508 0.9806
    outer loop
      vertex 2 1.80397 89.9904
      vertex 1.96176 1.80773 89.9904
      vertex 2 1.41943 89.9139
    endloop
  endfacet
  facet normal 0 -0.555529 0.831497
    outer loop
      vertex 2 1.05721 89.7638
      vertex 3 0.731214 89.546
      vertex 3 1.05721 89.7638
    endloop
  endfacet
  facet normal 0 -0.555529 0.831497
    outer loop
      vertex 3 0.731214 89.546
      vertex 2 1.05721 89.7638
      vertex 2 0.731214 89.546
    endloop
  endfacet
  facet normal -0.758286 0.622337 0.194162
    outer loop
      vertex 0.592597 22.4074 88.196
      vertex 0.345069 22.1058 88.196
      vertex 0.408667 22.0633 88.5806
    endloop
  endfacet
  facet normal 0.920068 0.0906164 0.381135
    outer loop
      vertex 4.91388 21 88.5806
      vertex 4.72995 21.3441 88.9428
      vertex 4.76384 21 88.9428
    endloop
  endfacet
  facet normal -0.831476 0 0.555561
    outer loop
      vertex 0.236158 2 88.9428
      vertex 0.453979 21 89.2688
      vertex 0.236158 21 88.9428
    endloop
  endfacet
  facet normal -0.831476 0 0.555561
    outer loop
      vertex 0.453979 21 89.2688
      vertex 0.236158 2 88.9428
      vertex 0.453979 2 89.2688
    endloop
  endfacet
  facet normal -0.172854 0.0924587 0.980598
    outer loop
      vertex 1.51727 21.3225 89.9139
      vertex 1.46362 21.2222 89.9139
      vertex 1.837 21.1089 89.9904
    endloop
  endfacet
  facet normal 0.533384 -0.161801 0.830254
    outer loop
      vertex 3.92468 1.81607 89.7638
      vertex 3.87103 1.63921 89.7638
      vertex 4.17221 1.51446 89.546
    endloop
  endfacet
  facet normal -1 0 0
    outer loop
      vertex 0.00963116 2 88
      vertex 0.00963116 21 88.196
      vertex 0.00963116 21 88
    endloop
  endfacet
  facet normal -1 -0 0
    outer loop
      vertex 0.00963116 21 88.196
      vertex 0.00963116 2 88
      vertex 0.00963116 2 88.196
    endloop
  endfacet
  facet normal 0.734383 -0.392552 0.553701
    outer loop
      vertex 4.42834 1.40836 89.2688
      vertex 4.28547 1.14108 89.2688
      vertex 4.62958 1.32501 88.9428
    endloop
  endfacet
  facet normal -0.24386 0.297124 0.923173
    outer loop
      vertex 1.67745 21.4827 89.9139
      vertex 1.47621 21.7839 89.7638
      vertex 1.58948 21.4105 89.9139
    endloop
  endfacet
  facet normal -0.586484 0.714681 0.38114
    outer loop
      vertex 0.936706 22.5913 88.5806
      vertex 0.646683 22.3533 88.5806
      vertex 0.752775 22.2472 88.9428
    endloop
  endfacet
  facet normal -0.0192224 -0.195083 0.980598
    outer loop
      vertex 1.96176 1.80773 89.9904
      vertex 1.88674 1.43059 89.9139
      vertex 2 1.41943 89.9139
    endloop
  endfacet
  facet normal 1 -0 0
    outer loop
      vertex 4.99037 2 88.196
      vertex 4.99037 21 88
      vertex 4.99037 21 88.196
    endloop
  endfacet
  facet normal 1 0 0
    outer loop
      vertex 4.99037 21 88
      vertex 4.99037 2 88.196
      vertex 4.99037 2 88
    endloop
  endfacet
  facet normal 0.38255 -0.0376664 0.923167
    outer loop
      vertex 3.94279 2 89.7638
      vertex 3.58057 2 89.9139
      vertex 3.92468 1.81607 89.7638
    endloop
  endfacet
  facet normal -0.5547 -0.0546165 0.830256
    outer loop
      vertex 1.05721 2 89.7638
      vertex 0.731214 2 89.546
      vertex 1.07532 1.81607 89.7638
    endloop
  endfacet
  facet normal 0.622314 -0.758309 0.194146
    outer loop
      vertex 4.35332 0.646683 88.5806
      vertex 4.06329 0.408667 88.5806
      vertex 4.4074 0.592597 88.196
    endloop
  endfacet
  facet normal 0.0694713 -0.705354 0.705443
    outer loop
      vertex 3 0.731214 89.546
      vertex 3 0.453979 89.2688
      vertex 3.30161 0.483685 89.2688
    endloop
  endfacet
  facet normal -0.865139 -0.462428 0.194153
    outer loop
      vertex 0.231805 1.26759 88.5806
      vertex 0.161139 1.23832 88.196
      vertex 0.408667 0.936706 88.5806
    endloop
  endfacet
  facet normal -0.36786 0.111574 0.923163
    outer loop
      vertex 1.46362 21.2222 89.9139
      vertex 1.07532 21.1839 89.7638
      vertex 1.43059 21.1133 89.9139
    endloop
  endfacet
  facet normal -0.554699 0.0546254 0.830256
    outer loop
      vertex 1.07532 21.1839 89.7638
      vertex 0.731214 21 89.546
      vertex 1.05721 21 89.7638
    endloop
  endfacet
  facet normal 0.533382 0.161808 0.830254
    outer loop
      vertex 4.17221 21.4855 89.546
      vertex 3.92468 21.1839 89.7638
      vertex 4.24441 21.2475 89.546
    endloop
  endfacet
  facet normal -0.976247 -0.096152 0.194154
    outer loop
      vertex 0.0861197 2 88.5806
      vertex 0.00963116 2 88.196
      vertex 0.0478754 1.6117 88.196
    endloop
  endfacet
  facet normal 0.205743 -0.678248 0.705443
    outer loop
      vertex 3.48554 0.827794 89.546
      vertex 3.30161 0.483685 89.2688
      vertex 3.59164 0.571664 89.2688
    endloop
  endfacet
  facet normal -0.528261 -0.643699 0.553708
    outer loop
      vertex 0.906798 0.906798 89.2688
      vertex 0.752775 0.752775 88.9428
      vertex 1.14108 0.714531 89.2688
    endloop
  endfacet
  facet normal -0.976247 0.096152 0.194154
    outer loop
      vertex 0.0478754 21.3883 88.196
      vertex 0.00963116 21 88.196
      vertex 0.0861197 21 88.5806
    endloop
  endfacet
  facet normal 0.096152 -0.976247 0.194154
    outer loop
      vertex 3 0.0861197 88.5806
      vertex 3 0.00963116 88.196
      vertex 3.3883 0.0478754 88.196
    endloop
  endfacet
  facet normal 0.828696 -0.081615 0.553716
    outer loop
      vertex 4.76384 2 88.9428
      vertex 4.51631 1.69839 89.2688
      vertex 4.72995 1.65589 88.9428
    endloop
  endfacet
  facet normal 0.284762 -0.938731 0.194153
    outer loop
      vertex 3.73241 0.231805 88.5806
      vertex 3.37338 0.122894 88.5806
      vertex 3.76168 0.161139 88.196
    endloop
  endfacet
  facet normal 0.758283 0.62234 0.194166
    outer loop
      vertex 4.65493 22.1058 88.196
      vertex 4.4074 22.4074 88.196
      vertex 4.59133 22.0633 88.5806
    endloop
  endfacet
  facet normal -0.43591 0.815352 0.38103
    outer loop
      vertex 1.26759 22.7682 88.5806
      vertex 0.936706 22.5913 88.5806
      vertex 1.02006 22.4666 88.9428
    endloop
  endfacet
  facet normal -0.533418 0.161774 0.830238
    outer loop
      vertex 1.12897 21.3608 89.7638
      vertex 0.827794 21.4855 89.546
      vertex 1.07532 21.1839 89.7638
    endloop
  endfacet
  facet normal -0.938738 0.284748 0.194138
    outer loop
      vertex 0.161139 21.7617 88.196
      vertex 0.0478754 21.3883 88.196
      vertex 0.122894 21.3734 88.5806
    endloop
  endfacet
  facet normal -0.0188727 0.195051 0.980611
    outer loop
      vertex 2 21.5806 89.9139
      vertex 1.96176 21.1923 89.9904
      vertex 2 21.196 89.9904
    endloop
  endfacet
  facet normal -0.111585 -0.367846 0.923168
    outer loop
      vertex 1.77783 1.46362 89.9139
      vertex 1.63921 1.12897 89.7638
      vertex 1.81607 1.07532 89.7638
    endloop
  endfacet
  facet normal -0.528265 -0.64369 0.553714
    outer loop
      vertex 1.14108 0.714531 89.2688
      vertex 0.752775 0.752775 88.9428
      vertex 1.02006 0.533419 88.9428
    endloop
  endfacet
  facet normal 0.995183 -0.0980318 0
    outer loop
      vertex 4.95212 1.6117 88.196
      vertex 4.99037 2 88
      vertex 4.99037 2 88.196
    endloop
  endfacet
  facet normal 0.995183 -0.0980318 0
    outer loop
      vertex 4.99037 2 88
      vertex 4.95212 1.6117 88.196
      vertex 4.95212 1.6117 88
    endloop
  endfacet
  facet normal 0.334115 -0.625072 0.705445
    outer loop
      vertex 3.85892 0.714531 89.2688
      vertex 3.48554 0.827794 89.546
      vertex 3.59164 0.571664 89.2688
    endloop
  endfacet
  facet normal 0.205749 -0.678249 0.705441
    outer loop
      vertex 3.48554 0.827794 89.546
      vertex 3.24753 0.755593 89.546
      vertex 3.30161 0.483685 89.2688
    endloop
  endfacet
  facet normal 0.0546165 -0.5547 0.830256
    outer loop
      vertex 3 1.05721 89.7638
      vertex 3 0.731214 89.546
      vertex 3.18393 1.07532 89.7638
    endloop
  endfacet
  facet normal 0.554695 -0.054616 0.830259
    outer loop
      vertex 3.94279 2 89.7638
      vertex 3.92468 1.81607 89.7638
      vertex 4.26879 2 89.546
    endloop
  endfacet
  facet normal -0.0546165 -0.5547 0.830256
    outer loop
      vertex 2 1.05721 89.7638
      vertex 1.81607 1.07532 89.7638
      vertex 2 0.731214 89.546
    endloop
  endfacet
  facet normal -0.0980172 -0.995185 0
    outer loop
      vertex 1.6117 0.0478754 88
      vertex 2 0.00963116 88.196
      vertex 1.6117 0.0478754 88.196
    endloop
  endfacet
  facet normal -0.0980172 -0.995185 -0
    outer loop
      vertex 2 0.00963116 88.196
      vertex 1.6117 0.0478754 88
      vertex 2 0.00963116 88
    endloop
  endfacet
  facet normal -0.0568919 -0.18759 0.980598
    outer loop
      vertex 1.96176 1.80773 89.9904
      vertex 1.77783 1.46362 89.9139
      vertex 1.88674 1.43059 89.9139
    endloop
  endfacet
  facet normal 0.471535 0.881847 -0
    outer loop
      vertex 4.10579 22.6549 88
      vertex 3.76168 22.8389 88.196
      vertex 4.10579 22.6549 88.196
    endloop
  endfacet
  facet normal 0.471535 0.881847 0
    outer loop
      vertex 3.76168 22.8389 88.196
      vertex 4.10579 22.6549 88
      vertex 3.76168 22.8389 88
    endloop
  endfacet
  facet normal -0.0546818 0.554729 0.830232
    outer loop
      vertex 2 22.2688 89.546
      vertex 1.75247 22.2444 89.546
      vertex 1.81607 21.9247 89.7638
    endloop
  endfacet
  facet normal 0.920064 0.090602 0.381147
    outer loop
      vertex 4.87711 21.3734 88.5806
      vertex 4.72995 21.3441 88.9428
      vertex 4.91388 21 88.5806
    endloop
  endfacet
  facet normal -0.995185 0.0980172 0
    outer loop
      vertex 0.00963116 21 88
      vertex 0.0478754 21.3883 88.196
      vertex 0.0478754 21.3883 88
    endloop
  endfacet
  facet normal -0.995185 0.0980172 0
    outer loop
      vertex 0.0478754 21.3883 88.196
      vertex 0.00963116 21 88
      vertex 0.00963116 21 88.196
    endloop
  endfacet
  facet normal -0.36786 0.111564 0.923165
    outer loop
      vertex 1.12897 21.3608 89.7638
      vertex 1.07532 21.1839 89.7638
      vertex 1.46362 21.2222 89.9139
    endloop
  endfacet
  facet normal -0.64369 -0.528265 0.553714
    outer loop
      vertex 0.714531 1.14108 89.2688
      vertex 0.533419 1.02006 88.9428
      vertex 0.752775 0.752775 88.9428
    endloop
  endfacet
  facet normal 0.0923383 0.172892 0.980603
    outer loop
      vertex 3.22217 21.5364 89.9139
      vertex 3.07502 21.1811 89.9904
      vertex 3.10891 21.163 89.9904
    endloop
  endfacet
  facet normal -0.243895 -0.297126 0.923164
    outer loop
      vertex 1.58948 1.58948 89.9139
      vertex 1.47621 1.2161 89.7638
      vertex 1.67745 1.51727 89.9139
    endloop
  endfacet
  facet normal -0.12441 0.151485 0.980599
    outer loop
      vertex 1.89109 21.163 89.9904
      vertex 1.58948 21.4105 89.9139
      vertex 1.86138 21.1386 89.9904
    endloop
  endfacet
  facet normal 0.528271 -0.643686 0.553713
    outer loop
      vertex 4.24722 0.752775 88.9428
      vertex 3.85892 0.714531 89.2688
      vertex 3.97994 0.533419 88.9428
    endloop
  endfacet
  facet normal -0.096152 -0.976247 0.194154
    outer loop
      vertex 2 0.0861197 88.5806
      vertex 1.6117 0.0478754 88.196
      vertex 2 0.00963116 88.196
    endloop
  endfacet
  facet normal 0.0980172 -0.995185 0
    outer loop
      vertex 3 0.00963116 88
      vertex 3.3883 0.0478754 88.196
      vertex 3 0.00963116 88.196
    endloop
  endfacet
  facet normal 0.0980172 -0.995185 0
    outer loop
      vertex 3.3883 0.0478754 88.196
      vertex 3 0.00963116 88
      vertex 3.3883 0.0478754 88
    endloop
  endfacet
  facet normal 0.0923999 -0.172882 0.980599
    outer loop
      vertex 3.32255 1.51727 89.9139
      vertex 3.10891 1.837 89.9904
      vertex 3.22217 1.46362 89.9139
    endloop
  endfacet
  facet normal 0.547892 -0.449638 0.705436
    outer loop
      vertex 4.05496 1.2951 89.546
      vertex 3.89717 1.10283 89.546
      vertex 4.0932 0.906798 89.2688
    endloop
  endfacet
  facet normal 0.734384 -0.392538 0.553709
    outer loop
      vertex 4.62958 1.32501 88.9428
      vertex 4.28547 1.14108 89.2688
      vertex 4.46658 1.02006 88.9428
    endloop
  endfacet
  facet normal 0.0906178 -0.920069 0.381132
    outer loop
      vertex 3.34411 0.27005 88.9428
      vertex 3 0.0861197 88.5806
      vertex 3.37338 0.122894 88.5806
    endloop
  endfacet
  facet normal -0.758301 -0.622321 0.194155
    outer loop
      vertex 0.408667 0.936706 88.5806
      vertex 0.345069 0.894211 88.196
      vertex 0.592597 0.592597 88.196
    endloop
  endfacet
  facet normal 0.290285 -0.95694 0
    outer loop
      vertex 3.3883 0.0478754 88
      vertex 3.76168 0.161139 88.196
      vertex 3.3883 0.0478754 88.196
    endloop
  endfacet
  facet normal 0.290285 -0.95694 0
    outer loop
      vertex 3.76168 0.161139 88.196
      vertex 3.3883 0.0478754 88
      vertex 3.76168 0.161139 88
    endloop
  endfacet
  facet normal 0 -1 0
    outer loop
      vertex 2 0.00963116 88
      vertex 3 0.00963116 88.196
      vertex 2 0.00963116 88.196
    endloop
  endfacet
  facet normal 0 -1 -0
    outer loop
      vertex 3 0.00963116 88.196
      vertex 2 0.00963116 88
      vertex 3 0.00963116 88
    endloop
  endfacet
  facet normal 0.241576 0.796935 0.553657
    outer loop
      vertex 3.34411 22.7299 88.9428
      vertex 3.30161 22.5163 89.2688
      vertex 3.67499 22.6296 88.9428
    endloop
  endfacet
  facet normal 0.0694617 0.705399 0.705399
    outer loop
      vertex 3 22.546 89.2688
      vertex 3 22.2688 89.546
      vertex 3.30161 22.5163 89.2688
    endloop
  endfacet
  facet normal 0.938744 0.284741 0.194118
    outer loop
      vertex 4.95212 21.3883 88.196
      vertex 4.83886 21.7617 88.196
      vertex 4.87711 21.3734 88.5806
    endloop
  endfacet
  facet normal -0.161811 0.533416 0.830231
    outer loop
      vertex 1.75247 22.2444 89.546
      vertex 1.51446 22.1722 89.546
      vertex 1.81607 21.9247 89.7638
    endloop
  endfacet
  facet normal -0.435824 0.815365 0.3811
    outer loop
      vertex 1.26759 22.7682 88.5806
      vertex 1.02006 22.4666 88.9428
      vertex 1.32501 22.6296 88.9428
    endloop
  endfacet
  facet normal 0.172885 0.0923584 0.980602
    outer loop
      vertex 3.53638 21.2222 89.9139
      vertex 3.163 21.1089 89.9904
      vertex 3.18111 21.075 89.9904
    endloop
  endfacet
  facet normal -0.0376474 0.382568 0.92316
    outer loop
      vertex 2 21.9428 89.7638
      vertex 1.81607 21.9247 89.7638
      vertex 2 21.5806 89.9139
    endloop
  endfacet
  facet normal -0.195115 0 0.98078
    outer loop
      vertex 1.41943 21 89.9139
      vertex 1.80397 2 89.9904
      vertex 1.80397 21 89.9904
    endloop
  endfacet
  facet normal -0.195115 0 0.98078
    outer loop
      vertex 1.80397 2 89.9904
      vertex 1.41943 21 89.9139
      vertex 1.41943 2 89.9139
    endloop
  endfacet
  facet normal -0.090635 0.920012 0.381264
    outer loop
      vertex 2 22.9139 88.5806
      vertex 1.65589 22.7299 88.9428
      vertex 2 22.7638 88.9428
    endloop
  endfacet
  facet normal 0.0816433 0.82874 0.553646
    outer loop
      vertex 3.34411 22.7299 88.9428
      vertex 3 22.7638 88.9428
      vertex 3.30161 22.5163 89.2688
    endloop
  endfacet
  facet normal 0.956943 -0.290276 0
    outer loop
      vertex 4.83886 1.23832 88.196
      vertex 4.95212 1.6117 88
      vertex 4.95212 1.6117 88.196
    endloop
  endfacet
  facet normal 0.956943 -0.290276 0
    outer loop
      vertex 4.95212 1.6117 88
      vertex 4.83886 1.23832 88.196
      vertex 4.83886 1.23832 88
    endloop
  endfacet
  facet normal -0.19508 -0.0191815 0.9806
    outer loop
      vertex 1.80397 2 89.9904
      vertex 1.41943 2 89.9139
      vertex 1.80773 1.96176 89.9904
    endloop
  endfacet
  facet normal 0.0545859 0.554696 0.830261
    outer loop
      vertex 3 22.2688 89.546
      vertex 3 21.9428 89.7638
      vertex 3.18393 21.9247 89.7638
    endloop
  endfacet
  facet normal -0.382822 0 0.923822
    outer loop
      vertex 1.05721 21 89.7638
      vertex 1.41943 2 89.9139
      vertex 1.41943 21 89.9139
    endloop
  endfacet
  facet normal -0.382822 0 0.923822
    outer loop
      vertex 1.41943 2 89.9139
      vertex 1.05721 21 89.7638
      vertex 1.05721 2 89.7638
    endloop
  endfacet
  facet normal -0.705354 -0.0694713 0.705443
    outer loop
      vertex 0.731214 2 89.546
      vertex 0.453979 2 89.2688
      vertex 0.483685 1.69839 89.2688
    endloop
  endfacet
  facet normal -0.586607 0.714636 0.381036
    outer loop
      vertex 0.936706 22.5913 88.5806
      vertex 0.752775 22.2472 88.9428
      vertex 1.02006 22.4666 88.9428
    endloop
  endfacet
  facet normal 0.884709 -0.26837 0.38114
    outer loop
      vertex 4.72995 1.65589 88.9428
      vertex 4.62958 1.32501 88.9428
      vertex 4.87711 1.62662 88.5806
    endloop
  endfacet
  facet normal 0.758298 -0.622324 0.194159
    outer loop
      vertex 4.59133 0.936706 88.5806
      vertex 4.4074 0.592597 88.196
      vertex 4.65493 0.894211 88.196
    endloop
  endfacet
  facet normal 0.43087 -0.353602 0.830251
    outer loop
      vertex 4.05496 1.2951 89.546
      vertex 3.66666 1.33334 89.7638
      vertex 3.89717 1.10283 89.546
    endloop
  endfacet
  facet normal 0.70536 0.0694835 0.705436
    outer loop
      vertex 4.51631 21.3016 89.2688
      vertex 4.26879 21 89.546
      vertex 4.54602 21 89.2688
    endloop
  endfacet
  facet normal 0.75831 -0.622314 0.194144
    outer loop
      vertex 4.59133 0.936706 88.5806
      vertex 4.35332 0.646683 88.5806
      vertex 4.4074 0.592597 88.196
    endloop
  endfacet
  facet normal 0.241724 -0.796854 0.553709
    outer loop
      vertex 3.67499 0.370422 88.9428
      vertex 3.30161 0.483685 89.2688
      vertex 3.34411 0.27005 88.9428
    endloop
  endfacet
  facet normal 0 -0.831476 0.555561
    outer loop
      vertex 2 0.236158 88.9428
      vertex 3 0.453979 89.2688
      vertex 2 0.453979 89.2688
    endloop
  endfacet
  facet normal 0 -0.831476 0.555561
    outer loop
      vertex 3 0.453979 89.2688
      vertex 2 0.236158 88.9428
      vertex 3 0.236158 88.9428
    endloop
  endfacet
  facet normal 0.284761 -0.938731 0.194152
    outer loop
      vertex 3.76168 0.161139 88.196
      vertex 3.37338 0.122894 88.5806
      vertex 3.3883 0.0478754 88.196
    endloop
  endfacet
  facet normal 0.0961509 -0.976248 0.194153
    outer loop
      vertex 3.37338 0.122894 88.5806
      vertex 3 0.0861197 88.5806
      vertex 3.3883 0.0478754 88.196
    endloop
  endfacet
  facet normal 0.0376664 -0.38255 0.923167
    outer loop
      vertex 3 1.41943 89.9139
      vertex 3 1.05721 89.7638
      vertex 3.18393 1.07532 89.7638
    endloop
  endfacet
  facet normal 0.124354 -0.15154 0.980598
    outer loop
      vertex 3.13862 1.86138 89.9904
      vertex 3.10891 1.837 89.9904
      vertex 3.41052 1.58948 89.9139
    endloop
  endfacet
  facet normal 0.0546324 -0.554705 0.830252
    outer loop
      vertex 3.18393 1.07532 89.7638
      vertex 3 0.731214 89.546
      vertex 3.24753 0.755593 89.546
    endloop
  endfacet
  facet normal 0.625081 -0.334112 0.705438
    outer loop
      vertex 4.17221 1.51446 89.546
      vertex 4.05496 1.2951 89.546
      vertex 4.28547 1.14108 89.2688
    endloop
  endfacet
  facet normal 0.773008 -0.634396 0
    outer loop
      vertex 4.4074 0.592597 88.196
      vertex 4.65493 0.894211 88
      vertex 4.65493 0.894211 88.196
    endloop
  endfacet
  facet normal 0.773008 -0.634396 0
    outer loop
      vertex 4.65493 0.894211 88
      vertex 4.4074 0.592597 88.196
      vertex 4.4074 0.592597 88
    endloop
  endfacet
  facet normal 0.976245 -0.0961663 0.194158
    outer loop
      vertex 4.99037 2 88.196
      vertex 4.91388 2 88.5806
      vertex 4.95212 1.6117 88.196
    endloop
  endfacet
  facet normal 0.0694697 -0.705355 0.705442
    outer loop
      vertex 3.24753 0.755593 89.546
      vertex 3 0.731214 89.546
      vertex 3.30161 0.483685 89.2688
    endloop
  endfacet
  facet normal 0.462433 -0.865136 0.194153
    outer loop
      vertex 4.06329 0.408667 88.5806
      vertex 3.73241 0.231805 88.5806
      vertex 3.76168 0.161139 88.196
    endloop
  endfacet
  facet normal 0.462425 -0.865139 0.194161
    outer loop
      vertex 4.06329 0.408667 88.5806
      vertex 3.76168 0.161139 88.196
      vertex 4.10579 0.345069 88.196
    endloop
  endfacet
  facet normal 0.268375 -0.884711 0.381132
    outer loop
      vertex 3.67499 0.370422 88.9428
      vertex 3.37338 0.122894 88.5806
      vertex 3.73241 0.231805 88.5806
    endloop
  endfacet
  facet normal -0.392545 -0.734384 0.553704
    outer loop
      vertex 1.40836 0.571664 89.2688
      vertex 1.14108 0.714531 89.2688
      vertex 1.32501 0.370422 88.9428
    endloop
  endfacet
  facet normal -0.367844 -0.111559 0.923171
    outer loop
      vertex 1.43059 1.88674 89.9139
      vertex 1.07532 1.81607 89.7638
      vertex 1.46362 1.77783 89.9139
    endloop
  endfacet
  facet normal -0.828702 -0.08162 0.553707
    outer loop
      vertex 0.453979 2 89.2688
      vertex 0.236158 2 88.9428
      vertex 0.483685 1.69839 89.2688
    endloop
  endfacet
  facet normal -0.0981587 0.995171 0
    outer loop
      vertex 2 22.9904 88
      vertex 1.6117 22.9521 88.196
      vertex 2 22.9904 88.196
    endloop
  endfacet
  facet normal -0.0981587 0.995171 0
    outer loop
      vertex 1.6117 22.9521 88.196
      vertex 2 22.9904 88
      vertex 1.6117 22.9521 88
    endloop
  endfacet
  facet normal 0.19508 -0.0191815 0.9806
    outer loop
      vertex 3.19603 2 89.9904
      vertex 3.19227 1.96176 89.9904
      vertex 3.58057 2 89.9139
    endloop
  endfacet
  facet normal 0.555524 0 0.831501
    outer loop
      vertex 3.94279 21 89.7638
      vertex 4.26879 2 89.546
      vertex 4.26879 21 89.546
    endloop
  endfacet
  facet normal 0.555524 0 0.831501
    outer loop
      vertex 4.26879 2 89.546
      vertex 3.94279 21 89.7638
      vertex 3.94279 2 89.7638
    endloop
  endfacet
  facet normal 0.554695 0.0546249 0.830259
    outer loop
      vertex 4.26879 21 89.546
      vertex 3.92468 21.1839 89.7638
      vertex 3.94279 21 89.7638
    endloop
  endfacet
  facet normal 0.995183 0.0980318 0
    outer loop
      vertex 4.99037 21 88.196
      vertex 4.95212 21.3883 88
      vertex 4.95212 21.3883 88.196
    endloop
  endfacet
  facet normal 0.995183 0.0980318 0
    outer loop
      vertex 4.95212 21.3883 88
      vertex 4.99037 21 88.196
      vertex 4.99037 21 88
    endloop
  endfacet
  facet normal 0.705361 0.0694816 0.705435
    outer loop
      vertex 4.51631 21.3016 89.2688
      vertex 4.24441 21.2475 89.546
      vertex 4.26879 21 89.546
    endloop
  endfacet
  facet normal -0.555529 0 0.831497
    outer loop
      vertex 0.731214 21 89.546
      vertex 1.05721 2 89.7638
      vertex 1.05721 21 89.7638
    endloop
  endfacet
  facet normal -0.555529 0 0.831497
    outer loop
      vertex 1.05721 2 89.7638
      vertex 0.731214 21 89.546
      vertex 0.731214 2 89.546
    endloop
  endfacet
  facet normal 0.284617 0.938783 0.194111
    outer loop
      vertex 3.3883 22.9521 88.196
      vertex 3.37338 22.8771 88.5806
      vertex 3.76168 22.8389 88.196
    endloop
  endfacet
  facet normal -0.268188 0.884725 0.38123
    outer loop
      vertex 1.62662 22.8771 88.5806
      vertex 1.32501 22.6296 88.9428
      vertex 1.65589 22.7299 88.9428
    endloop
  endfacet
  facet normal -0.865133 0.462435 0.194161
    outer loop
      vertex 0.345069 22.1058 88.196
      vertex 0.161139 21.7617 88.196
      vertex 0.408667 22.0633 88.5806
    endloop
  endfacet
  facet normal -0.491594 0.262776 0.830231
    outer loop
      vertex 1.2161 21.5238 89.7638
      vertex 0.827794 21.4855 89.546
      vertex 1.12897 21.3608 89.7638
    endloop
  endfacet
  facet normal 0.161802 -0.533389 0.830251
    outer loop
      vertex 3.36079 1.12897 89.7638
      vertex 3.18393 1.07532 89.7638
      vertex 3.48554 0.827794 89.546
    endloop
  endfacet
  facet normal 0.0191815 -0.19508 0.9806
    outer loop
      vertex 3 1.80397 89.9904
      vertex 3 1.41943 89.9139
      vertex 3.03824 1.80773 89.9904
    endloop
  endfacet
  facet normal -0.0923383 0.172892 0.980603
    outer loop
      vertex 1.92498 21.1811 89.9904
      vertex 1.77783 21.5364 89.9139
      vertex 1.89109 21.163 89.9904
    endloop
  endfacet
  facet normal -0.334009 0.625156 0.70542
    outer loop
      vertex 1.51446 22.1722 89.546
      vertex 1.14108 22.2855 89.2688
      vertex 1.2951 22.055 89.546
    endloop
  endfacet
  facet normal 0.172882 -0.0923999 0.980599
    outer loop
      vertex 3.53638 1.77783 89.9139
      vertex 3.163 1.89109 89.9904
      vertex 3.48273 1.67745 89.9139
    endloop
  endfacet
  facet normal -0.491597 0.262713 0.830249
    outer loop
      vertex 0.945043 21.7049 89.546
      vertex 0.827794 21.4855 89.546
      vertex 1.2161 21.5238 89.7638
    endloop
  endfacet
  facet normal -0.0545859 0.554696 0.830261
    outer loop
      vertex 2 22.2688 89.546
      vertex 1.81607 21.9247 89.7638
      vertex 2 21.9428 89.7638
    endloop
  endfacet
  facet normal 0.796853 0.241705 0.553718
    outer loop
      vertex 4.62958 21.675 88.9428
      vertex 4.51631 21.3016 89.2688
      vertex 4.72995 21.3441 88.9428
    endloop
  endfacet
  facet normal -0.187582 0.0568863 0.9806
    outer loop
      vertex 1.81889 21.075 89.9904
      vertex 1.46362 21.2222 89.9139
      vertex 1.80773 21.0382 89.9904
    endloop
  endfacet
  facet normal -0.0546324 -0.554705 0.830252
    outer loop
      vertex 1.81607 1.07532 89.7638
      vertex 1.75247 0.755593 89.546
      vertex 2 0.731214 89.546
    endloop
  endfacet
  facet normal -0.268375 -0.884711 0.381132
    outer loop
      vertex 1.32501 0.370422 88.9428
      vertex 1.26759 0.231805 88.5806
      vertex 1.62662 0.122894 88.5806
    endloop
  endfacet
  facet normal -0.920069 -0.0906178 0.381132
    outer loop
      vertex 0.27005 1.65589 88.9428
      vertex 0.0861197 2 88.5806
      vertex 0.122894 1.62662 88.5806
    endloop
  endfacet
  facet normal -0.938731 -0.284761 0.194152
    outer loop
      vertex 0.122894 1.62662 88.5806
      vertex 0.0478754 1.6117 88.196
      vertex 0.161139 1.23832 88.196
    endloop
  endfacet
  facet normal -0.920069 0.0906218 0.381131
    outer loop
      vertex 0.27005 21.3441 88.9428
      vertex 0.0861197 21 88.5806
      vertex 0.236158 21 88.9428
    endloop
  endfacet
  facet normal -0.705351 0.0694778 0.705445
    outer loop
      vertex 0.755593 21.2475 89.546
      vertex 0.483685 21.3016 89.2688
      vertex 0.731214 21 89.546
    endloop
  endfacet
  facet normal 0.976245 0.0961663 0.194158
    outer loop
      vertex 4.95212 21.3883 88.196
      vertex 4.91388 21 88.5806
      vertex 4.99037 21 88.196
    endloop
  endfacet
  facet normal 0.980791 -0 0.195062
    outer loop
      vertex 4.91388 2 88.5806
      vertex 4.99037 21 88.196
      vertex 4.91388 21 88.5806
    endloop
  endfacet
  facet normal 0.980791 0 0.195062
    outer loop
      vertex 4.99037 21 88.196
      vertex 4.91388 2 88.5806
      vertex 4.99037 2 88.196
    endloop
  endfacet
  facet normal 0.678248 0.205743 0.705443
    outer loop
      vertex 4.42834 21.5916 89.2688
      vertex 4.17221 21.4855 89.546
      vertex 4.51631 21.3016 89.2688
    endloop
  endfacet
  facet normal 0.796866 -0.2417 0.553702
    outer loop
      vertex 4.51631 1.69839 89.2688
      vertex 4.42834 1.40836 89.2688
      vertex 4.62958 1.32501 88.9428
    endloop
  endfacet
  facet normal 0.625069 -0.33412 0.705444
    outer loop
      vertex 4.42834 1.40836 89.2688
      vertex 4.17221 1.51446 89.546
      vertex 4.28547 1.14108 89.2688
    endloop
  endfacet
  facet normal 0.714661 -0.58652 0.381123
    outer loop
      vertex 4.46658 1.02006 88.9428
      vertex 4.24722 0.752775 88.9428
      vertex 4.59133 0.936706 88.5806
    endloop
  endfacet
  facet normal 0.24384 -0.297146 0.923172
    outer loop
      vertex 3.66666 1.33334 89.7638
      vertex 3.41052 1.58948 89.9139
      vertex 3.52379 1.2161 89.7638
    endloop
  endfacet
  facet normal 0.161804 -0.533387 0.830252
    outer loop
      vertex 3.48554 0.827794 89.546
      vertex 3.18393 1.07532 89.7638
      vertex 3.24753 0.755593 89.546
    endloop
  endfacet
  facet normal 0.678254 -0.205724 0.705442
    outer loop
      vertex 4.51631 1.69839 89.2688
      vertex 4.17221 1.51446 89.546
      vertex 4.42834 1.40836 89.2688
    endloop
  endfacet
  facet normal 0.367846 -0.111585 0.923168
    outer loop
      vertex 3.92468 1.81607 89.7638
      vertex 3.53638 1.77783 89.9139
      vertex 3.87103 1.63921 89.7638
    endloop
  endfacet
  facet normal 0.151518 -0.124373 0.980599
    outer loop
      vertex 3.48273 1.67745 89.9139
      vertex 3.163 1.89109 89.9904
      vertex 3.41052 1.58948 89.9139
    endloop
  endfacet
  facet normal 0.449633 -0.547896 0.705436
    outer loop
      vertex 3.89717 1.10283 89.546
      vertex 3.7049 0.945043 89.546
      vertex 4.0932 0.906798 89.2688
    endloop
  endfacet
  facet normal 0.353598 -0.430874 0.830251
    outer loop
      vertex 3.89717 1.10283 89.546
      vertex 3.66666 1.33334 89.7638
      vertex 3.7049 0.945043 89.546
    endloop
  endfacet
  facet normal 0.634398 -0.773007 0
    outer loop
      vertex 4.10579 0.345069 88
      vertex 4.4074 0.592597 88.196
      vertex 4.10579 0.345069 88.196
    endloop
  endfacet
  facet normal 0.634398 -0.773007 0
    outer loop
      vertex 4.4074 0.592597 88.196
      vertex 4.10579 0.345069 88
      vertex 4.4074 0.592597 88
    endloop
  endfacet
  facet normal 0.796849 -0.241718 0.553718
    outer loop
      vertex 4.72995 1.65589 88.9428
      vertex 4.51631 1.69839 89.2688
      vertex 4.62958 1.32501 88.9428
    endloop
  endfacet
  facet normal 0.435811 -0.815356 0.381133
    outer loop
      vertex 3.97994 0.533419 88.9428
      vertex 3.67499 0.370422 88.9428
      vertex 3.73241 0.231805 88.5806
    endloop
  endfacet
  facet normal 0.643687 -0.528272 0.553711
    outer loop
      vertex 4.28547 1.14108 89.2688
      vertex 4.24722 0.752775 88.9428
      vertex 4.46658 1.02006 88.9428
    endloop
  endfacet
  facet normal 0.622325 -0.758296 0.194163
    outer loop
      vertex 4.4074 0.592597 88.196
      vertex 4.06329 0.408667 88.5806
      vertex 4.10579 0.345069 88.196
    endloop
  endfacet
  facet normal 0.920066 -0.090607 0.38114
    outer loop
      vertex 4.91388 2 88.5806
      vertex 4.72995 1.65589 88.9428
      vertex 4.87711 1.62662 88.5806
    endloop
  endfacet
  facet normal 0.241722 -0.796856 0.553707
    outer loop
      vertex 3.59164 0.571664 89.2688
      vertex 3.30161 0.483685 89.2688
      vertex 3.67499 0.370422 88.9428
    endloop
  endfacet
  facet normal 0.268376 -0.884711 0.381132
    outer loop
      vertex 3.67499 0.370422 88.9428
      vertex 3.34411 0.27005 88.9428
      vertex 3.37338 0.122894 88.5806
    endloop
  endfacet
  facet normal 0.586521 -0.714661 0.381121
    outer loop
      vertex 4.24722 0.752775 88.9428
      vertex 3.97994 0.533419 88.9428
      vertex 4.06329 0.408667 88.5806
    endloop
  endfacet
  facet normal 0.435823 -0.815354 0.381124
    outer loop
      vertex 3.97994 0.533419 88.9428
      vertex 3.73241 0.231805 88.5806
      vertex 4.06329 0.408667 88.5806
    endloop
  endfacet
  facet normal -0.462428 -0.865139 0.194153
    outer loop
      vertex 1.26759 0.231805 88.5806
      vertex 0.936706 0.408667 88.5806
      vertex 1.23832 0.161139 88.196
    endloop
  endfacet
  facet normal -0.462426 -0.865139 0.194155
    outer loop
      vertex 0.936706 0.408667 88.5806
      vertex 0.894211 0.345069 88.196
      vertex 1.23832 0.161139 88.196
    endloop
  endfacet
  facet normal -0.554705 -0.0546324 0.830252
    outer loop
      vertex 1.07532 1.81607 89.7638
      vertex 0.731214 2 89.546
      vertex 0.755593 1.75247 89.546
    endloop
  endfacet
  facet normal -0.533387 -0.161804 0.830252
    outer loop
      vertex 1.07532 1.81607 89.7638
      vertex 0.755593 1.75247 89.546
      vertex 0.827794 1.51446 89.546
    endloop
  endfacet
  facet normal 0 -0.382822 0.923822
    outer loop
      vertex 2 1.41943 89.9139
      vertex 3 1.05721 89.7638
      vertex 3 1.41943 89.9139
    endloop
  endfacet
  facet normal 0 -0.382822 0.923822
    outer loop
      vertex 3 1.05721 89.7638
      vertex 2 1.41943 89.9139
      vertex 2 1.05721 89.7638
    endloop
  endfacet
  facet normal -0.435811 -0.815356 0.381133
    outer loop
      vertex 1.32501 0.370422 88.9428
      vertex 1.02006 0.533419 88.9428
      vertex 1.26759 0.231805 88.5806
    endloop
  endfacet
  facet normal -0.995185 -0.0980172 0
    outer loop
      vertex 0.0478754 1.6117 88
      vertex 0.00963116 2 88.196
      vertex 0.00963116 2 88
    endloop
  endfacet
  facet normal -0.995185 -0.0980172 0
    outer loop
      vertex 0.00963116 2 88.196
      vertex 0.0478754 1.6117 88
      vertex 0.0478754 1.6117 88.196
    endloop
  endfacet
  facet normal -0.284617 0.938783 0.194111
    outer loop
      vertex 1.6117 22.9521 88.196
      vertex 1.23832 22.8389 88.196
      vertex 1.62662 22.8771 88.5806
    endloop
  endfacet
  facet normal -0.0962904 0.976229 0.19418
    outer loop
      vertex 2 22.9904 88.196
      vertex 1.6117 22.9521 88.196
      vertex 2 22.9139 88.5806
    endloop
  endfacet
  facet normal -0.471536 0.881847 0
    outer loop
      vertex 1.23832 22.8389 88
      vertex 0.894211 22.6549 88.196
      vertex 1.23832 22.8389 88.196
    endloop
  endfacet
  facet normal -0.471536 0.881847 0
    outer loop
      vertex 0.894211 22.6549 88.196
      vertex 1.23832 22.8389 88
      vertex 0.894211 22.6549 88
    endloop
  endfacet
  facet normal -0.63435 0.773046 0
    outer loop
      vertex 0.894211 22.6549 88
      vertex 0.592597 22.4074 88.196
      vertex 0.894211 22.6549 88.196
    endloop
  endfacet
  facet normal -0.63435 0.773046 0
    outer loop
      vertex 0.592597 22.4074 88.196
      vertex 0.894211 22.6549 88
      vertex 0.592597 22.4074 88
    endloop
  endfacet
  facet normal 0.382822 0 0.923822
    outer loop
      vertex 3.58057 21 89.9139
      vertex 3.94279 2 89.7638
      vertex 3.94279 21 89.7638
    endloop
  endfacet
  facet normal 0.382822 0 0.923822
    outer loop
      vertex 3.94279 2 89.7638
      vertex 3.58057 21 89.9139
      vertex 3.58057 2 89.9139
    endloop
  endfacet
  facet normal -0.151546 0.124354 0.980597
    outer loop
      vertex 1.58948 21.4105 89.9139
      vertex 1.51727 21.3225 89.9139
      vertex 1.837 21.1089 89.9904
    endloop
  endfacet
  facet normal -0.187578 0.0568936 0.980601
    outer loop
      vertex 1.46362 21.2222 89.9139
      vertex 1.43059 21.1133 89.9139
      vertex 1.80773 21.0382 89.9904
    endloop
  endfacet
  facet normal -0.195081 0.0192154 0.980599
    outer loop
      vertex 1.43059 21.1133 89.9139
      vertex 1.41943 21 89.9139
      vertex 1.80773 21.0382 89.9904
    endloop
  endfacet
  facet normal -0 0.195086 0.980786
    outer loop
      vertex 2 21.5806 89.9139
      vertex 3 21.196 89.9904
      vertex 3 21.5806 89.9139
    endloop
  endfacet
  facet normal 0 0.195086 0.980786
    outer loop
      vertex 3 21.196 89.9904
      vertex 2 21.5806 89.9139
      vertex 2 21.196 89.9904
    endloop
  endfacet
  facet normal 0.0188727 0.195051 0.980611
    outer loop
      vertex 3 21.5806 89.9139
      vertex 3 21.196 89.9904
      vertex 3.03824 21.1923 89.9904
    endloop
  endfacet
  facet normal 0.714642 0.586524 0.381153
    outer loop
      vertex 4.35332 22.3533 88.5806
      vertex 4.24722 22.2472 88.9428
      vertex 4.59133 22.0633 88.5806
    endloop
  endfacet
  facet normal 0.81534 0.435809 0.381171
    outer loop
      vertex 4.59133 22.0633 88.5806
      vertex 4.46658 21.9799 88.9428
      vertex 4.7682 21.7324 88.5806
    endloop
  endfacet
  facet normal -0.884708 0.268359 0.381151
    outer loop
      vertex 0.370422 21.675 88.9428
      vertex 0.122894 21.3734 88.5806
      vertex 0.27005 21.3441 88.9428
    endloop
  endfacet
  facet normal -0.815335 0.435871 0.381111
    outer loop
      vertex 0.533419 21.9799 88.9428
      vertex 0.231805 21.7324 88.5806
      vertex 0.370422 21.675 88.9428
    endloop
  endfacet
  facet normal -0.18118 0.339062 0.923153
    outer loop
      vertex 1.63921 21.871 89.7638
      vertex 1.47621 21.7839 89.7638
      vertex 1.77783 21.5364 89.9139
    endloop
  endfacet
  facet normal -0.297136 0.24382 0.92318
    outer loop
      vertex 1.58948 21.4105 89.9139
      vertex 1.2161 21.5238 89.7638
      vertex 1.51727 21.3225 89.9139
    endloop
  endfacet
  facet normal -0.796857 0.241711 0.55371
    outer loop
      vertex 0.370422 21.675 88.9428
      vertex 0.27005 21.3441 88.9428
      vertex 0.483685 21.3016 89.2688
    endloop
  endfacet
  facet normal -0.284731 0.938724 0.194233
    outer loop
      vertex 1.62662 22.8771 88.5806
      vertex 1.23832 22.8389 88.196
      vertex 1.26759 22.7682 88.5806
    endloop
  endfacet
  facet normal -0.268355 0.884733 0.381096
    outer loop
      vertex 1.62662 22.8771 88.5806
      vertex 1.26759 22.7682 88.5806
      vertex 1.32501 22.6296 88.9428
    endloop
  endfacet
  facet normal -0.0962183 0.97625 0.194109
    outer loop
      vertex 2 22.9139 88.5806
      vertex 1.6117 22.9521 88.196
      vertex 1.62662 22.8771 88.5806
    endloop
  endfacet
  facet normal -0.0816433 0.82874 0.553646
    outer loop
      vertex 2 22.7638 88.9428
      vertex 1.65589 22.7299 88.9428
      vertex 1.69839 22.5163 89.2688
    endloop
  endfacet
  facet normal -0.0923999 -0.172882 0.980599
    outer loop
      vertex 1.89109 1.837 89.9904
      vertex 1.67745 1.51727 89.9139
      vertex 1.77783 1.46362 89.9139
    endloop
  endfacet
  facet normal -0.124369 0.151534 0.980597
    outer loop
      vertex 1.67745 21.4827 89.9139
      vertex 1.58948 21.4105 89.9139
      vertex 1.89109 21.163 89.9904
    endloop
  endfacet
  facet normal -0.195079 0.0192015 0.980599
    outer loop
      vertex 1.80773 21.0382 89.9904
      vertex 1.41943 21 89.9139
      vertex 1.80397 21 89.9904
    endloop
  endfacet
  facet normal -0.24384 -0.297146 0.923172
    outer loop
      vertex 1.58948 1.58948 89.9139
      vertex 1.33334 1.33334 89.7638
      vertex 1.47621 1.2161 89.7638
    endloop
  endfacet
  facet normal 0 -0.195115 0.98078
    outer loop
      vertex 2 1.80397 89.9904
      vertex 3 1.41943 89.9139
      vertex 3 1.80397 89.9904
    endloop
  endfacet
  facet normal 0 -0.195115 0.98078
    outer loop
      vertex 3 1.41943 89.9139
      vertex 2 1.80397 89.9904
      vertex 2 1.41943 89.9139
    endloop
  endfacet
  facet normal -0.124373 -0.151518 0.980599
    outer loop
      vertex 1.89109 1.837 89.9904
      vertex 1.58948 1.58948 89.9139
      vertex 1.67745 1.51727 89.9139
    endloop
  endfacet
  facet normal -0.339005 -0.181212 0.923168
    outer loop
      vertex 1.46362 1.77783 89.9139
      vertex 1.12897 1.63921 89.7638
      vertex 1.2161 1.47621 89.7638
    endloop
  endfacet
  facet normal 0.297146 -0.24384 0.923172
    outer loop
      vertex 3.7839 1.47621 89.7638
      vertex 3.41052 1.58948 89.9139
      vertex 3.66666 1.33334 89.7638
    endloop
  endfacet
  facet normal 0.367844 -0.111559 0.923171
    outer loop
      vertex 3.56941 1.88674 89.9139
      vertex 3.53638 1.77783 89.9139
      vertex 3.92468 1.81607 89.7638
    endloop
  endfacet
  facet normal -0.95694 -0.290285 0
    outer loop
      vertex 0.161139 1.23832 88
      vertex 0.0478754 1.6117 88.196
      vertex 0.0478754 1.6117 88
    endloop
  endfacet
  facet normal -0.95694 -0.290285 0
    outer loop
      vertex 0.0478754 1.6117 88.196
      vertex 0.161139 1.23832 88
      vertex 0.161139 1.23832 88.196
    endloop
  endfacet
  facet normal -0.976248 -0.0961509 0.194153
    outer loop
      vertex 0.0861197 2 88.5806
      vertex 0.0478754 1.6117 88.196
      vertex 0.122894 1.62662 88.5806
    endloop
  endfacet
  facet normal -0.707062 0 0.707151
    outer loop
      vertex 0.453979 2 89.2688
      vertex 0.731214 21 89.546
      vertex 0.453979 21 89.2688
    endloop
  endfacet
  facet normal -0.707062 0 0.707151
    outer loop
      vertex 0.731214 21 89.546
      vertex 0.453979 2 89.2688
      vertex 0.731214 2 89.546
    endloop
  endfacet
  facet normal 0.938723 0.284781 0.194161
    outer loop
      vertex 4.83886 21.7617 88.196
      vertex 4.7682 21.7324 88.5806
      vertex 4.87711 21.3734 88.5806
    endloop
  endfacet
  facet normal 0.923869 -0 0.382709
    outer loop
      vertex 4.76384 2 88.9428
      vertex 4.91388 21 88.5806
      vertex 4.76384 21 88.9428
    endloop
  endfacet
  facet normal 0.923869 0 0.382709
    outer loop
      vertex 4.91388 21 88.5806
      vertex 4.76384 2 88.9428
      vertex 4.91388 2 88.5806
    endloop
  endfacet
  facet normal 0.884706 0.268353 0.38116
    outer loop
      vertex 4.87711 21.3734 88.5806
      vertex 4.62958 21.675 88.9428
      vertex 4.72995 21.3441 88.9428
    endloop
  endfacet
  facet normal 0.758282 0.62234 0.194167
    outer loop
      vertex 4.4074 22.4074 88.196
      vertex 4.35332 22.3533 88.5806
      vertex 4.59133 22.0633 88.5806
    endloop
  endfacet
  facet normal 0.70536 -0.0694812 0.705436
    outer loop
      vertex 4.54602 2 89.2688
      vertex 4.26879 2 89.546
      vertex 4.51631 1.69839 89.2688
    endloop
  endfacet
  facet normal 0.828702 -0.081631 0.553705
    outer loop
      vertex 4.54602 2 89.2688
      vertex 4.51631 1.69839 89.2688
      vertex 4.76384 2 88.9428
    endloop
  endfacet
  facet normal 0.547888 -0.44964 0.705438
    outer loop
      vertex 4.28547 1.14108 89.2688
      vertex 4.05496 1.2951 89.546
      vertex 4.0932 0.906798 89.2688
    endloop
  endfacet
  facet normal 0.449637 -0.547888 0.70544
    outer loop
      vertex 4.0932 0.906798 89.2688
      vertex 3.7049 0.945043 89.546
      vertex 3.85892 0.714531 89.2688
    endloop
  endfacet
  facet normal 0.0376931 -0.382538 0.923171
    outer loop
      vertex 3.11326 1.43059 89.9139
      vertex 3 1.41943 89.9139
      vertex 3.18393 1.07532 89.7638
    endloop
  endfacet
  facet normal 0.181196 -0.339021 0.923164
    outer loop
      vertex 3.32255 1.51727 89.9139
      vertex 3.22217 1.46362 89.9139
      vertex 3.52379 1.2161 89.7638
    endloop
  endfacet
  facet normal 0.678259 -0.205749 0.705431
    outer loop
      vertex 4.24441 1.75247 89.546
      vertex 4.17221 1.51446 89.546
      vertex 4.51631 1.69839 89.2688
    endloop
  endfacet
  facet normal 0.705365 -0.0694735 0.705432
    outer loop
      vertex 4.26879 2 89.546
      vertex 4.24441 1.75247 89.546
      vertex 4.51631 1.69839 89.2688
    endloop
  endfacet
  facet normal 0.0923862 -0.172886 0.980599
    outer loop
      vertex 3.10891 1.837 89.9904
      vertex 3.07502 1.81889 89.9904
      vertex 3.22217 1.46362 89.9139
    endloop
  endfacet
  facet normal 0.491565 -0.262761 0.830253
    outer loop
      vertex 3.87103 1.63921 89.7638
      vertex 3.7839 1.47621 89.7638
      vertex 4.17221 1.51446 89.546
    endloop
  endfacet
  facet normal 0.430876 -0.35358 0.830257
    outer loop
      vertex 3.7839 1.47621 89.7638
      vertex 3.66666 1.33334 89.7638
      vertex 4.05496 1.2951 89.546
    endloop
  endfacet
  facet normal 0.491566 -0.262747 0.830257
    outer loop
      vertex 4.17221 1.51446 89.546
      vertex 3.7839 1.47621 89.7638
      vertex 4.05496 1.2951 89.546
    endloop
  endfacet
  facet normal 0.195115 0 0.98078
    outer loop
      vertex 3.19603 21 89.9904
      vertex 3.58057 2 89.9139
      vertex 3.58057 21 89.9139
    endloop
  endfacet
  facet normal 0.195115 0 0.98078
    outer loop
      vertex 3.58057 2 89.9139
      vertex 3.19603 21 89.9904
      vertex 3.19603 2 89.9904
    endloop
  endfacet
  facet normal 0.884709 -0.268372 0.381138
    outer loop
      vertex 4.87711 1.62662 88.5806
      vertex 4.62958 1.32501 88.9428
      vertex 4.7682 1.26759 88.5806
    endloop
  endfacet
  facet normal 0.920068 -0.0906138 0.381135
    outer loop
      vertex 4.76384 2 88.9428
      vertex 4.72995 1.65589 88.9428
      vertex 4.91388 2 88.5806
    endloop
  endfacet
  facet normal 0.938734 -0.28476 0.194139
    outer loop
      vertex 4.87711 1.62662 88.5806
      vertex 4.7682 1.26759 88.5806
      vertex 4.83886 1.23832 88.196
    endloop
  endfacet
  facet normal 0.815351 -0.435816 0.381139
    outer loop
      vertex 4.62958 1.32501 88.9428
      vertex 4.46658 1.02006 88.9428
      vertex 4.7682 1.26759 88.5806
    endloop
  endfacet
  facet normal 0.714668 -0.586499 0.381141
    outer loop
      vertex 4.59133 0.936706 88.5806
      vertex 4.24722 0.752775 88.9428
      vertex 4.35332 0.646683 88.5806
    endloop
  endfacet
  facet normal 0.08162 -0.828702 0.553707
    outer loop
      vertex 3 0.453979 89.2688
      vertex 3 0.236158 88.9428
      vertex 3.30161 0.483685 89.2688
    endloop
  endfacet
  facet normal 0.0816203 -0.828702 0.553707
    outer loop
      vertex 3.30161 0.483685 89.2688
      vertex 3 0.236158 88.9428
      vertex 3.34411 0.27005 88.9428
    endloop
  endfacet
  facet normal 0.0906192 -0.920069 0.381131
    outer loop
      vertex 3 0.236158 88.9428
      vertex 3 0.0861197 88.5806
      vertex 3.34411 0.27005 88.9428
    endloop
  endfacet
  facet normal -0.268376 -0.884711 0.381132
    outer loop
      vertex 1.65589 0.27005 88.9428
      vertex 1.32501 0.370422 88.9428
      vertex 1.62662 0.122894 88.5806
    endloop
  endfacet
  facet normal -0.0961509 -0.976248 0.194153
    outer loop
      vertex 1.62662 0.122894 88.5806
      vertex 1.6117 0.0478754 88.196
      vertex 2 0.0861197 88.5806
    endloop
  endfacet
  facet normal -0.734385 -0.392532 0.553712
    outer loop
      vertex 0.714531 1.14108 89.2688
      vertex 0.370422 1.32501 88.9428
      vertex 0.533419 1.02006 88.9428
    endloop
  endfacet
  facet normal -0.297126 -0.243895 0.923164
    outer loop
      vertex 1.51727 1.67745 89.9139
      vertex 1.2161 1.47621 89.7638
      vertex 1.58948 1.58948 89.9139
    endloop
  endfacet
  facet normal -0.533389 -0.161802 0.830251
    outer loop
      vertex 1.07532 1.81607 89.7638
      vertex 0.827794 1.51446 89.546
      vertex 1.12897 1.63921 89.7638
    endloop
  endfacet
  facet normal -0.161802 -0.533389 0.830251
    outer loop
      vertex 1.63921 1.12897 89.7638
      vertex 1.51446 0.827794 89.546
      vertex 1.81607 1.07532 89.7638
    endloop
  endfacet
  facet normal -0.0376664 -0.38255 0.923167
    outer loop
      vertex 2 1.41943 89.9139
      vertex 1.81607 1.07532 89.7638
      vertex 2 1.05721 89.7638
    endloop
  endfacet
  facet normal -0.0376931 -0.382538 0.923171
    outer loop
      vertex 1.88674 1.43059 89.9139
      vertex 1.81607 1.07532 89.7638
      vertex 2 1.41943 89.9139
    endloop
  endfacet
  facet normal -0.161804 -0.533387 0.830252
    outer loop
      vertex 1.81607 1.07532 89.7638
      vertex 1.51446 0.827794 89.546
      vertex 1.75247 0.755593 89.546
    endloop
  endfacet
  facet normal -0.865139 -0.462426 0.194155
    outer loop
      vertex 0.408667 0.936706 88.5806
      vertex 0.161139 1.23832 88.196
      vertex 0.345069 0.894211 88.196
    endloop
  endfacet
  facet normal -0.586511 -0.714665 0.381128
    outer loop
      vertex 0.752775 0.752775 88.9428
      vertex 0.646683 0.646683 88.5806
      vertex 0.936706 0.408667 88.5806
    endloop
  endfacet
  facet normal 0.471395 -0.881922 0
    outer loop
      vertex 3.76168 0.161139 88
      vertex 4.10579 0.345069 88.196
      vertex 3.76168 0.161139 88.196
    endloop
  endfacet
  facet normal 0.471395 -0.881922 0
    outer loop
      vertex 4.10579 0.345069 88.196
      vertex 3.76168 0.161139 88
      vertex 4.10579 0.345069 88
    endloop
  endfacet
  facet normal -0.956945 0.29027 0
    outer loop
      vertex 0.0478754 21.3883 88
      vertex 0.161139 21.7617 88.196
      vertex 0.161139 21.7617 88
    endloop
  endfacet
  facet normal -0.956945 0.29027 0
    outer loop
      vertex 0.161139 21.7617 88.196
      vertex 0.0478754 21.3883 88
      vertex 0.0478754 21.3883 88.196
    endloop
  endfacet
  facet normal -0.462499 0.865085 0.194225
    outer loop
      vertex 1.23832 22.8389 88.196
      vertex 0.936706 22.5913 88.5806
      vertex 1.26759 22.7682 88.5806
    endloop
  endfacet
  facet normal -0.462562 0.865065 0.194162
    outer loop
      vertex 1.23832 22.8389 88.196
      vertex 0.894211 22.6549 88.196
      vertex 0.936706 22.5913 88.5806
    endloop
  endfacet
  facet normal -0.290135 0.956986 0
    outer loop
      vertex 1.6117 22.9521 88
      vertex 1.23832 22.8389 88.196
      vertex 1.6117 22.9521 88.196
    endloop
  endfacet
  facet normal -0.290135 0.956986 0
    outer loop
      vertex 1.23832 22.8389 88.196
      vertex 1.6117 22.9521 88
      vertex 1.23832 22.8389 88
    endloop
  endfacet
  facet normal -0.622278 0.758335 0.19416
    outer loop
      vertex 0.894211 22.6549 88.196
      vertex 0.592597 22.4074 88.196
      vertex 0.936706 22.5913 88.5806
    endloop
  endfacet
  facet normal 0 1 -0
    outer loop
      vertex 3 22.9904 88
      vertex 2 22.9904 88.196
      vertex 3 22.9904 88.196
    endloop
  endfacet
  facet normal 0 1 0
    outer loop
      vertex 2 22.9904 88.196
      vertex 3 22.9904 88
      vertex 2 22.9904 88
    endloop
  endfacet
  facet normal 0.187582 0.0568863 0.9806
    outer loop
      vertex 3.53638 21.2222 89.9139
      vertex 3.18111 21.075 89.9904
      vertex 3.19227 21.0382 89.9904
    endloop
  endfacet
  facet normal -0.172885 0.0923584 0.980602
    outer loop
      vertex 1.837 21.1089 89.9904
      vertex 1.46362 21.2222 89.9139
      vertex 1.81889 21.075 89.9904
    endloop
  endfacet
  facet normal 0.0570931 0.18749 0.980606
    outer loop
      vertex 3.22217 21.5364 89.9139
      vertex 3.03824 21.1923 89.9904
      vertex 3.07502 21.1811 89.9904
    endloop
  endfacet
  facet normal 0.12441 0.151485 0.980599
    outer loop
      vertex 3.41052 21.4105 89.9139
      vertex 3.10891 21.163 89.9904
      vertex 3.13862 21.1386 89.9904
    endloop
  endfacet
  facet normal -0.151518 0.124377 0.980598
    outer loop
      vertex 1.86138 21.1386 89.9904
      vertex 1.58948 21.4105 89.9139
      vertex 1.837 21.1089 89.9904
    endloop
  endfacet
  facet normal 0.714656 0.586483 0.381187
    outer loop
      vertex 4.59133 22.0633 88.5806
      vertex 4.24722 22.2472 88.9428
      vertex 4.46658 21.9799 88.9428
    endloop
  endfacet
  facet normal 0.528343 0.643644 0.553693
    outer loop
      vertex 3.97994 22.4666 88.9428
      vertex 3.85892 22.2855 89.2688
      vertex 4.24722 22.2472 88.9428
    endloop
  endfacet
  facet normal 0.0962183 0.97625 0.194109
    outer loop
      vertex 3.3883 22.9521 88.196
      vertex 3 22.9139 88.5806
      vertex 3.37338 22.8771 88.5806
    endloop
  endfacet
  facet normal 0.0962904 0.976229 0.19418
    outer loop
      vertex 3 22.9904 88.196
      vertex 3 22.9139 88.5806
      vertex 3.3883 22.9521 88.196
    endloop
  endfacet
  facet normal 0.49159 0.262774 0.830234
    outer loop
      vertex 4.17221 21.4855 89.546
      vertex 3.7839 21.5238 89.7638
      vertex 3.87103 21.3608 89.7638
    endloop
  endfacet
  facet normal 0.634355 0.773042 -0
    outer loop
      vertex 4.4074 22.4074 88
      vertex 4.10579 22.6549 88.196
      vertex 4.4074 22.4074 88.196
    endloop
  endfacet
  facet normal 0.634355 0.773042 0
    outer loop
      vertex 4.10579 22.6549 88.196
      vertex 4.4074 22.4074 88
      vertex 4.10579 22.6549 88
    endloop
  endfacet
  facet normal 0.284731 0.938724 0.194233
    outer loop
      vertex 3.76168 22.8389 88.196
      vertex 3.37338 22.8771 88.5806
      vertex 3.73241 22.7682 88.5806
    endloop
  endfacet
  facet normal 0.956947 0.290262 0
    outer loop
      vertex 4.95212 21.3883 88.196
      vertex 4.83886 21.7617 88
      vertex 4.83886 21.7617 88.196
    endloop
  endfacet
  facet normal 0.956947 0.290262 0
    outer loop
      vertex 4.83886 21.7617 88
      vertex 4.95212 21.3883 88.196
      vertex 4.95212 21.3883 88
    endloop
  endfacet
  facet normal -0.758273 0.622348 0.194178
    outer loop
      vertex 0.592597 22.4074 88.196
      vertex 0.408667 22.0633 88.5806
      vertex 0.646683 22.3533 88.5806
    endloop
  endfacet
  facet normal -0.528337 0.643649 0.553694
    outer loop
      vertex 1.02006 22.4666 88.9428
      vertex 0.752775 22.2472 88.9428
      vertex 1.14108 22.2855 89.2688
    endloop
  endfacet
  facet normal -0.772996 0.634411 0
    outer loop
      vertex 0.345069 22.1058 88
      vertex 0.592597 22.4074 88.196
      vertex 0.592597 22.4074 88
    endloop
  endfacet
  facet normal -0.772996 0.634411 0
    outer loop
      vertex 0.592597 22.4074 88.196
      vertex 0.345069 22.1058 88
      vertex 0.345069 22.1058 88.196
    endloop
  endfacet
  facet normal -0.881916 0.471406 0
    outer loop
      vertex 0.161139 21.7617 88
      vertex 0.345069 22.1058 88.196
      vertex 0.345069 22.1058 88
    endloop
  endfacet
  facet normal -0.881916 0.471406 0
    outer loop
      vertex 0.345069 22.1058 88.196
      vertex 0.161139 21.7617 88
      vertex 0.161139 21.7617 88.196
    endloop
  endfacet
  facet normal -0.976249 0.0961459 0.194148
    outer loop
      vertex 0.122894 21.3734 88.5806
      vertex 0.0478754 21.3883 88.196
      vertex 0.0861197 21 88.5806
    endloop
  endfacet
  facet normal -0.430909 0.353572 0.830244
    outer loop
      vertex 1.10283 21.8972 89.546
      vertex 0.945043 21.7049 89.546
      vertex 1.33334 21.6667 89.7638
    endloop
  endfacet
  facet normal -0.0570931 0.18749 0.980606
    outer loop
      vertex 1.96176 21.1923 89.9904
      vertex 1.77783 21.5364 89.9139
      vertex 1.92498 21.1811 89.9904
    endloop
  endfacet
  facet normal -0.111456 0.36784 0.923185
    outer loop
      vertex 1.81607 21.9247 89.7638
      vertex 1.77783 21.5364 89.9139
      vertex 1.88674 21.5694 89.9139
    endloop
  endfacet
  facet normal -0.0906766 0.920023 0.38123
    outer loop
      vertex 2 22.9139 88.5806
      vertex 1.62662 22.8771 88.5806
      vertex 1.65589 22.7299 88.9428
    endloop
  endfacet
  facet normal -0.430917 0.353539 0.830253
    outer loop
      vertex 1.33334 21.6667 89.7638
      vertex 0.945043 21.7049 89.546
      vertex 1.2161 21.5238 89.7638
    endloop
  endfacet
  facet normal -0.980792 0 0.195058
    outer loop
      vertex 0.00963116 2 88.196
      vertex 0.0861197 21 88.5806
      vertex 0.00963116 21 88.196
    endloop
  endfacet
  facet normal -0.980792 0 0.195058
    outer loop
      vertex 0.0861197 21 88.5806
      vertex 0.00963116 2 88.196
      vertex 0.0861197 2 88.5806
    endloop
  endfacet
  facet normal 0.0695297 0.705356 0.705435
    outer loop
      vertex 3.30161 22.5163 89.2688
      vertex 3 22.2688 89.546
      vertex 3.24753 22.2444 89.546
    endloop
  endfacet
  facet normal -0.187578 -0.0569159 0.980599
    outer loop
      vertex 1.80773 1.96176 89.9904
      vertex 1.46362 1.77783 89.9139
      vertex 1.81889 1.92498 89.9904
    endloop
  endfacet
  facet normal 0.195083 -0.0192224 0.980598
    outer loop
      vertex 3.58057 2 89.9139
      vertex 3.19227 1.96176 89.9904
      vertex 3.56941 1.88674 89.9139
    endloop
  endfacet
  facet normal 0.18759 -0.0568919 0.980598
    outer loop
      vertex 3.56941 1.88674 89.9139
      vertex 3.19227 1.96176 89.9904
      vertex 3.53638 1.77783 89.9139
    endloop
  endfacet
  facet normal -0.705355 -0.0694697 0.705442
    outer loop
      vertex 0.731214 2 89.546
      vertex 0.483685 1.69839 89.2688
      vertex 0.755593 1.75247 89.546
    endloop
  endfacet
  facet normal -0.884711 -0.268375 0.381132
    outer loop
      vertex 0.370422 1.32501 88.9428
      vertex 0.122894 1.62662 88.5806
      vertex 0.231805 1.26759 88.5806
    endloop
  endfacet
  facet normal -0.828701 0.0816226 0.553707
    outer loop
      vertex 0.27005 21.3441 88.9428
      vertex 0.236158 21 88.9428
      vertex 0.483685 21.3016 89.2688
    endloop
  endfacet
  facet normal -0.920067 0.0906128 0.381138
    outer loop
      vertex 0.122894 21.3734 88.5806
      vertex 0.0861197 21 88.5806
      vertex 0.27005 21.3441 88.9428
    endloop
  endfacet
  facet normal 0.796842 0.241718 0.553729
    outer loop
      vertex 4.62958 21.675 88.9428
      vertex 4.42834 21.5916 89.2688
      vertex 4.51631 21.3016 89.2688
    endloop
  endfacet
  facet normal 0.976254 0.0961352 0.194127
    outer loop
      vertex 4.95212 21.3883 88.196
      vertex 4.87711 21.3734 88.5806
      vertex 4.91388 21 88.5806
    endloop
  endfacet
  facet normal 0.884707 0.268394 0.381126
    outer loop
      vertex 4.7682 21.7324 88.5806
      vertex 4.62958 21.675 88.9428
      vertex 4.87711 21.3734 88.5806
    endloop
  endfacet
  facet normal 0.11169 0.36785 0.923153
    outer loop
      vertex 3.36079 21.871 89.7638
      vertex 3.18393 21.9247 89.7638
      vertex 3.22217 21.5364 89.9139
    endloop
  endfacet
  facet normal 0.828702 0.0816337 0.553705
    outer loop
      vertex 4.76384 21 88.9428
      vertex 4.51631 21.3016 89.2688
      vertex 4.54602 21 89.2688
    endloop
  endfacet
  facet normal 0.528265 -0.643698 0.553705
    outer loop
      vertex 4.0932 0.906798 89.2688
      vertex 3.85892 0.714531 89.2688
      vertex 4.24722 0.752775 88.9428
    endloop
  endfacet
  facet normal 0.643697 -0.528267 0.553704
    outer loop
      vertex 4.28547 1.14108 89.2688
      vertex 4.0932 0.906798 89.2688
      vertex 4.24722 0.752775 88.9428
    endloop
  endfacet
  facet normal 0.334109 -0.625081 0.70544
    outer loop
      vertex 3.7049 0.945043 89.546
      vertex 3.48554 0.827794 89.546
      vertex 3.85892 0.714531 89.2688
    endloop
  endfacet
  facet normal 0.243895 -0.297126 0.923164
    outer loop
      vertex 3.41052 1.58948 89.9139
      vertex 3.32255 1.51727 89.9139
      vertex 3.52379 1.2161 89.7638
    endloop
  endfacet
  facet normal 0.151518 0.124377 0.980598
    outer loop
      vertex 3.41052 21.4105 89.9139
      vertex 3.13862 21.1386 89.9904
      vertex 3.163 21.1089 89.9904
    endloop
  endfacet
  facet normal 0.111559 -0.367844 0.923171
    outer loop
      vertex 3.22217 1.46362 89.9139
      vertex 3.11326 1.43059 89.9139
      vertex 3.18393 1.07532 89.7638
    endloop
  endfacet
  facet normal 0.533384 -0.161801 0.830254
    outer loop
      vertex 4.24441 1.75247 89.546
      vertex 3.92468 1.81607 89.7638
      vertex 4.17221 1.51446 89.546
    endloop
  endfacet
  facet normal 0.554701 -0.0546342 0.830254
    outer loop
      vertex 4.26879 2 89.546
      vertex 3.92468 1.81607 89.7638
      vertex 4.24441 1.75247 89.546
    endloop
  endfacet
  facet normal 0.339005 -0.181212 0.923168
    outer loop
      vertex 3.87103 1.63921 89.7638
      vertex 3.53638 1.77783 89.9139
      vertex 3.7839 1.47621 89.7638
    endloop
  endfacet
  facet normal 0.382538 -0.0376931 0.923171
    outer loop
      vertex 3.58057 2 89.9139
      vertex 3.56941 1.88674 89.9139
      vertex 3.92468 1.81607 89.7638
    endloop
  endfacet
  facet normal 0.0569159 -0.187578 0.980599
    outer loop
      vertex 3.07502 1.81889 89.9904
      vertex 3.03824 1.80773 89.9904
      vertex 3.22217 1.46362 89.9139
    endloop
  endfacet
  facet normal 0.938737 -0.284754 0.194132
    outer loop
      vertex 4.87711 1.62662 88.5806
      vertex 4.83886 1.23832 88.196
      vertex 4.95212 1.6117 88.196
    endloop
  endfacet
  facet normal 0.976253 -0.0961402 0.194132
    outer loop
      vertex 4.91388 2 88.5806
      vertex 4.87711 1.62662 88.5806
      vertex 4.95212 1.6117 88.196
    endloop
  endfacet
  facet normal 0.881921 -0.471397 0
    outer loop
      vertex 4.65493 0.894211 88.196
      vertex 4.83886 1.23832 88
      vertex 4.83886 1.23832 88.196
    endloop
  endfacet
  facet normal 0.881921 -0.471397 0
    outer loop
      vertex 4.83886 1.23832 88
      vertex 4.65493 0.894211 88.196
      vertex 4.65493 0.894211 88
    endloop
  endfacet
  facet normal 0.392532 -0.734385 0.553712
    outer loop
      vertex 3.85892 0.714531 89.2688
      vertex 3.67499 0.370422 88.9428
      vertex 3.97994 0.533419 88.9428
    endloop
  endfacet
  facet normal 0.392545 -0.734384 0.553704
    outer loop
      vertex 3.85892 0.714531 89.2688
      vertex 3.59164 0.571664 89.2688
      vertex 3.67499 0.370422 88.9428
    endloop
  endfacet
  facet normal 0 -0.980792 0.195058
    outer loop
      vertex 2 0.00963116 88.196
      vertex 3 0.0861197 88.5806
      vertex 2 0.0861197 88.5806
    endloop
  endfacet
  facet normal 0 -0.980792 0.195058
    outer loop
      vertex 3 0.0861197 88.5806
      vertex 2 0.00963116 88.196
      vertex 3 0.00963116 88.196
    endloop
  endfacet
  facet normal 0 -0.707062 0.707151
    outer loop
      vertex 2 0.453979 89.2688
      vertex 3 0.731214 89.546
      vertex 2 0.731214 89.546
    endloop
  endfacet
  facet normal 0 -0.707062 0.707151
    outer loop
      vertex 3 0.731214 89.546
      vertex 2 0.453979 89.2688
      vertex 3 0.453979 89.2688
    endloop
  endfacet
  facet normal -0.241724 -0.796854 0.553709
    outer loop
      vertex 1.69839 0.483685 89.2688
      vertex 1.32501 0.370422 88.9428
      vertex 1.65589 0.27005 88.9428
    endloop
  endfacet
  facet normal -0.0906178 -0.920069 0.381132
    outer loop
      vertex 1.65589 0.27005 88.9428
      vertex 1.62662 0.122894 88.5806
      vertex 2 0.0861197 88.5806
    endloop
  endfacet
  facet normal -0.0816203 -0.828702 0.553707
    outer loop
      vertex 1.69839 0.483685 89.2688
      vertex 1.65589 0.27005 88.9428
      vertex 2 0.236158 88.9428
    endloop
  endfacet
  facet normal -0.471397 -0.881921 0
    outer loop
      vertex 0.894211 0.345069 88
      vertex 1.23832 0.161139 88.196
      vertex 0.894211 0.345069 88.196
    endloop
  endfacet
  facet normal -0.471397 -0.881921 -0
    outer loop
      vertex 1.23832 0.161139 88.196
      vertex 0.894211 0.345069 88
      vertex 1.23832 0.161139 88
    endloop
  endfacet
  facet normal -0.435818 -0.815355 0.381128
    outer loop
      vertex 1.02006 0.533419 88.9428
      vertex 0.936706 0.408667 88.5806
      vertex 1.26759 0.231805 88.5806
    endloop
  endfacet
  facet normal -0.290285 -0.95694 0
    outer loop
      vertex 1.23832 0.161139 88
      vertex 1.6117 0.0478754 88.196
      vertex 1.23832 0.161139 88.196
    endloop
  endfacet
  facet normal -0.290285 -0.95694 -0
    outer loop
      vertex 1.6117 0.0478754 88.196
      vertex 1.23832 0.161139 88
      vertex 1.6117 0.0478754 88
    endloop
  endfacet
  facet normal -0.678249 -0.205749 0.705441
    outer loop
      vertex 0.755593 1.75247 89.546
      vertex 0.483685 1.69839 89.2688
      vertex 0.827794 1.51446 89.546
    endloop
  endfacet
  facet normal -0.0569159 -0.187578 0.980599
    outer loop
      vertex 1.92498 1.81889 89.9904
      vertex 1.77783 1.46362 89.9139
      vertex 1.96176 1.80773 89.9904
    endloop
  endfacet
  facet normal -0.172886 -0.0923862 0.980599
    outer loop
      vertex 1.81889 1.92498 89.9904
      vertex 1.46362 1.77783 89.9139
      vertex 1.837 1.89109 89.9904
    endloop
  endfacet
  facet normal -0.367846 -0.111585 0.923168
    outer loop
      vertex 1.46362 1.77783 89.9139
      vertex 1.07532 1.81607 89.7638
      vertex 1.12897 1.63921 89.7638
    endloop
  endfacet
  facet normal 0.195081 0.0192154 0.980599
    outer loop
      vertex 3.56941 21.1133 89.9139
      vertex 3.19227 21.0382 89.9904
      vertex 3.58057 21 89.9139
    endloop
  endfacet
  facet normal 0.0376474 0.382568 0.92316
    outer loop
      vertex 3 21.9428 89.7638
      vertex 3 21.5806 89.9139
      vertex 3.18393 21.9247 89.7638
    endloop
  endfacet
  facet normal 0.187578 -0.0569159 0.980599
    outer loop
      vertex 3.19227 1.96176 89.9904
      vertex 3.18111 1.92498 89.9904
      vertex 3.53638 1.77783 89.9139
    endloop
  endfacet
  facet normal 0.15154 -0.124354 0.980598
    outer loop
      vertex 3.163 1.89109 89.9904
      vertex 3.13862 1.86138 89.9904
      vertex 3.41052 1.58948 89.9139
    endloop
  endfacet
  facet normal -0.195083 -0.0192224 0.980598
    outer loop
      vertex 1.80773 1.96176 89.9904
      vertex 1.41943 2 89.9139
      vertex 1.43059 1.88674 89.9139
    endloop
  endfacet
  facet normal -0.18759 -0.0568919 0.980598
    outer loop
      vertex 1.80773 1.96176 89.9904
      vertex 1.43059 1.88674 89.9139
      vertex 1.46362 1.77783 89.9139
    endloop
  endfacet
  facet normal -0.334109 -0.625081 0.70544
    outer loop
      vertex 1.2951 0.945043 89.546
      vertex 1.14108 0.714531 89.2688
      vertex 1.51446 0.827794 89.546
    endloop
  endfacet
  facet normal -0.151518 -0.124373 0.980599
    outer loop
      vertex 1.837 1.89109 89.9904
      vertex 1.51727 1.67745 89.9139
      vertex 1.58948 1.58948 89.9139
    endloop
  endfacet
  facet normal -0.08162 -0.828702 0.553707
    outer loop
      vertex 2 0.453979 89.2688
      vertex 1.69839 0.483685 89.2688
      vertex 2 0.236158 88.9428
    endloop
  endfacet
  facet normal -0.392532 -0.734385 0.553712
    outer loop
      vertex 1.14108 0.714531 89.2688
      vertex 1.02006 0.533419 88.9428
      vertex 1.32501 0.370422 88.9428
    endloop
  endfacet
  facet normal -0.881921 -0.471397 0
    outer loop
      vertex 0.345069 0.894211 88
      vertex 0.161139 1.23832 88.196
      vertex 0.161139 1.23832 88
    endloop
  endfacet
  facet normal -0.881921 -0.471397 0
    outer loop
      vertex 0.161139 1.23832 88.196
      vertex 0.345069 0.894211 88
      vertex 0.345069 0.894211 88.196
    endloop
  endfacet
  facet normal 0.0981587 0.995171 -0
    outer loop
      vertex 3.3883 22.9521 88
      vertex 3 22.9904 88.196
      vertex 3.3883 22.9521 88.196
    endloop
  endfacet
  facet normal 0.0981587 0.995171 0
    outer loop
      vertex 3 22.9904 88.196
      vertex 3.3883 22.9521 88
      vertex 3 22.9904 88
    endloop
  endfacet
  facet normal 0.195079 0.0192015 0.980599
    outer loop
      vertex 3.58057 21 89.9139
      vertex 3.19227 21.0382 89.9904
      vertex 3.19603 21 89.9904
    endloop
  endfacet
  facet normal 0.124373 -0.151518 0.980599
    outer loop
      vertex 3.41052 1.58948 89.9139
      vertex 3.10891 1.837 89.9904
      vertex 3.32255 1.51727 89.9139
    endloop
  endfacet
  facet normal 0.262763 -0.491569 0.83025
    outer loop
      vertex 3.52379 1.2161 89.7638
      vertex 3.36079 1.12897 89.7638
      vertex 3.48554 0.827794 89.546
    endloop
  endfacet
  facet normal 0.435915 0.815351 0.381026
    outer loop
      vertex 4.06329 22.5913 88.5806
      vertex 3.73241 22.7682 88.5806
      vertex 3.97994 22.4666 88.9428
    endloop
  endfacet
  facet normal 0.772994 0.634414 0
    outer loop
      vertex 4.65493 22.1058 88.196
      vertex 4.4074 22.4074 88
      vertex 4.4074 22.4074 88.196
    endloop
  endfacet
  facet normal 0.772994 0.634414 0
    outer loop
      vertex 4.4074 22.4074 88
      vertex 4.65493 22.1058 88.196
      vertex 4.65493 22.1058 88
    endloop
  endfacet
  facet normal 0.622286 0.758326 0.194172
    outer loop
      vertex 4.4074 22.4074 88.196
      vertex 4.06329 22.5913 88.5806
      vertex 4.35332 22.3533 88.5806
    endloop
  endfacet
  facet normal 0.622282 0.75833 0.194167
    outer loop
      vertex 4.10579 22.6549 88.196
      vertex 4.06329 22.5913 88.5806
      vertex 4.4074 22.4074 88.196
    endloop
  endfacet
  facet normal 0 0.980786 0.195086
    outer loop
      vertex 3 22.9904 88.196
      vertex 2 22.9139 88.5806
      vertex 3 22.9139 88.5806
    endloop
  endfacet
  facet normal 0 0.980786 0.195086
    outer loop
      vertex 2 22.9139 88.5806
      vertex 3 22.9904 88.196
      vertex 2 22.9904 88.196
    endloop
  endfacet
  facet normal 0 0.923815 0.38284
    outer loop
      vertex 3 22.9139 88.5806
      vertex 2 22.7638 88.9428
      vertex 3 22.7638 88.9428
    endloop
  endfacet
  facet normal 0 0.923815 0.38284
    outer loop
      vertex 2 22.7638 88.9428
      vertex 3 22.9139 88.5806
      vertex 2 22.9139 88.5806
    endloop
  endfacet
  facet normal -0 0.555524 0.831501
    outer loop
      vertex 2 22.2688 89.546
      vertex 3 21.9428 89.7638
      vertex 3 22.2688 89.546
    endloop
  endfacet
  facet normal 0 0.555524 0.831501
    outer loop
      vertex 3 21.9428 89.7638
      vertex 2 22.2688 89.546
      vertex 2 21.9428 89.7638
    endloop
  endfacet
  facet normal 0 0.707107 0.707107
    outer loop
      vertex 3 22.546 89.2688
      vertex 2 22.2688 89.546
      vertex 3 22.2688 89.546
    endloop
  endfacet
  facet normal 0 0.707107 0.707107
    outer loop
      vertex 2 22.2688 89.546
      vertex 3 22.546 89.2688
      vertex 2 22.546 89.2688
    endloop
  endfacet
  facet normal 0.881916 0.471406 0
    outer loop
      vertex 4.83886 21.7617 88.196
      vertex 4.65493 22.1058 88
      vertex 4.65493 22.1058 88.196
    endloop
  endfacet
  facet normal 0.881916 0.471406 0
    outer loop
      vertex 4.65493 22.1058 88
      vertex 4.83886 21.7617 88.196
      vertex 4.83886 21.7617 88
    endloop
  endfacet
  facet normal -0.622293 0.758317 0.194182
    outer loop
      vertex 0.936706 22.5913 88.5806
      vertex 0.592597 22.4074 88.196
      vertex 0.646683 22.3533 88.5806
    endloop
  endfacet
  facet normal -0.71466 0.586476 0.381191
    outer loop
      vertex 0.752775 22.2472 88.9428
      vertex 0.408667 22.0633 88.5806
      vertex 0.533419 21.9799 88.9428
    endloop
  endfacet
  facet normal -0.67824 0.205754 0.705448
    outer loop
      vertex 0.827794 21.4855 89.546
      vertex 0.483685 21.3016 89.2688
      vertex 0.755593 21.2475 89.546
    endloop
  endfacet
  facet normal -0.734367 0.392586 0.553698
    outer loop
      vertex 0.533419 21.9799 88.9428
      vertex 0.370422 21.675 88.9428
      vertex 0.714531 21.8589 89.2688
    endloop
  endfacet
  facet normal -0.38255 0.0376725 0.923166
    outer loop
      vertex 1.07532 21.1839 89.7638
      vertex 1.05721 21 89.7638
      vertex 1.41943 21 89.9139
    endloop
  endfacet
  facet normal -0.382546 0.0376806 0.923168
    outer loop
      vertex 1.43059 21.1133 89.9139
      vertex 1.07532 21.1839 89.7638
      vertex 1.41943 21 89.9139
    endloop
  endfacet
  facet normal -0.643716 0.528256 0.553692
    outer loop
      vertex 0.752775 22.2472 88.9428
      vertex 0.533419 21.9799 88.9428
      vertex 0.714531 21.8589 89.2688
    endloop
  endfacet
  facet normal -0.714638 0.586536 0.38114
    outer loop
      vertex 0.646683 22.3533 88.5806
      vertex 0.408667 22.0633 88.5806
      vertex 0.752775 22.2472 88.9428
    endloop
  endfacet
  facet normal -0.11169 0.36785 0.923153
    outer loop
      vertex 1.81607 21.9247 89.7638
      vertex 1.63921 21.871 89.7638
      vertex 1.77783 21.5364 89.9139
    endloop
  endfacet
  facet normal -0.0378231 0.382486 0.923187
    outer loop
      vertex 2 21.5806 89.9139
      vertex 1.81607 21.9247 89.7638
      vertex 1.88674 21.5694 89.9139
    endloop
  endfacet
  facet normal -0.0924697 0.172851 0.980598
    outer loop
      vertex 1.77783 21.5364 89.9139
      vertex 1.67745 21.4827 89.9139
      vertex 1.89109 21.163 89.9904
    endloop
  endfacet
  facet normal -0.18131 0.338919 0.92318
    outer loop
      vertex 1.77783 21.5364 89.9139
      vertex 1.47621 21.7839 89.7638
      vertex 1.67745 21.4827 89.9139
    endloop
  endfacet
  facet normal -0.205749 0.678259 0.705431
    outer loop
      vertex 1.69839 22.5163 89.2688
      vertex 1.51446 22.1722 89.546
      vertex 1.75247 22.2444 89.546
    endloop
  endfacet
  facet normal -0.0695297 0.705356 0.705435
    outer loop
      vertex 2 22.2688 89.546
      vertex 1.69839 22.5163 89.2688
      vertex 1.75247 22.2444 89.546
    endloop
  endfacet
  facet normal -0.622321 -0.758301 0.194155
    outer loop
      vertex 0.936706 0.408667 88.5806
      vertex 0.592597 0.592597 88.196
      vertex 0.894211 0.345069 88.196
    endloop
  endfacet
  facet normal -0.734384 -0.392545 0.553704
    outer loop
      vertex 0.571664 1.40836 89.2688
      vertex 0.370422 1.32501 88.9428
      vertex 0.714531 1.14108 89.2688
    endloop
  endfacet
  facet normal -0.92387 0 0.382706
    outer loop
      vertex 0.0861197 2 88.5806
      vertex 0.236158 21 88.9428
      vertex 0.0861197 21 88.5806
    endloop
  endfacet
  facet normal -0.92387 0 0.382706
    outer loop
      vertex 0.236158 21 88.9428
      vertex 0.0861197 2 88.5806
      vertex 0.236158 2 88.9428
    endloop
  endfacet
  facet normal -0.93872 0.284783 0.194175
    outer loop
      vertex 0.161139 21.7617 88.196
      vertex 0.122894 21.3734 88.5806
      vertex 0.231805 21.7324 88.5806
    endloop
  endfacet
  facet normal -0.884709 0.268397 0.38112
    outer loop
      vertex 0.231805 21.7324 88.5806
      vertex 0.122894 21.3734 88.5806
      vertex 0.370422 21.675 88.9428
    endloop
  endfacet
  facet normal -0.828701 0.0816227 0.553707
    outer loop
      vertex 0.483685 21.3016 89.2688
      vertex 0.236158 21 88.9428
      vertex 0.453979 21 89.2688
    endloop
  endfacet
  facet normal -0.705354 0.0694736 0.705443
    outer loop
      vertex 0.483685 21.3016 89.2688
      vertex 0.453979 21 89.2688
      vertex 0.731214 21 89.546
    endloop
  endfacet
  facet normal 0.67825 0.205755 0.705438
    outer loop
      vertex 4.51631 21.3016 89.2688
      vertex 4.17221 21.4855 89.546
      vertex 4.24441 21.2475 89.546
    endloop
  endfacet
  facet normal 0.5547 0.0546408 0.830254
    outer loop
      vertex 4.24441 21.2475 89.546
      vertex 3.92468 21.1839 89.7638
      vertex 4.26879 21 89.546
    endloop
  endfacet
  facet normal 0.491594 0.262714 0.830251
    outer loop
      vertex 4.05496 21.7049 89.546
      vertex 3.7839 21.5238 89.7638
      vertex 4.17221 21.4855 89.546
    endloop
  endfacet
  facet normal 0.262643 0.491582 0.830281
    outer loop
      vertex 3.7049 22.055 89.546
      vertex 3.48554 22.1722 89.546
      vertex 3.52379 21.7839 89.7638
    endloop
  endfacet
  facet normal 0.81533 0.435876 0.381116
    outer loop
      vertex 4.7682 21.7324 88.5806
      vertex 4.46658 21.9799 88.9428
      vertex 4.62958 21.675 88.9428
    endloop
  endfacet
  facet normal 0.828696 0.0816173 0.553716
    outer loop
      vertex 4.72995 21.3441 88.9428
      vertex 4.51631 21.3016 89.2688
      vertex 4.76384 21 88.9428
    endloop
  endfacet
  facet normal 0.707069 -0 0.707145
    outer loop
      vertex 4.26879 2 89.546
      vertex 4.54602 21 89.2688
      vertex 4.26879 21 89.546
    endloop
  endfacet
  facet normal 0.707069 0 0.707145
    outer loop
      vertex 4.54602 21 89.2688
      vertex 4.26879 2 89.546
      vertex 4.54602 2 89.2688
    endloop
  endfacet
  facet normal 0.831477 -0 0.555559
    outer loop
      vertex 4.54602 2 89.2688
      vertex 4.76384 21 88.9428
      vertex 4.54602 21 89.2688
    endloop
  endfacet
  facet normal 0.831477 0 0.555559
    outer loop
      vertex 4.76384 21 88.9428
      vertex 4.54602 2 89.2688
      vertex 4.76384 2 88.9428
    endloop
  endfacet
  facet normal 0.5865 -0.714669 0.381138
    outer loop
      vertex 4.24722 0.752775 88.9428
      vertex 4.06329 0.408667 88.5806
      vertex 4.35332 0.646683 88.5806
    endloop
  endfacet
  facet normal 0.865138 -0.462426 0.194159
    outer loop
      vertex 4.83886 1.23832 88.196
      vertex 4.59133 0.936706 88.5806
      vertex 4.65493 0.894211 88.196
    endloop
  endfacet
  facet normal 0.262747 -0.49157 0.830255
    outer loop
      vertex 3.52379 1.2161 89.7638
      vertex 3.48554 0.827794 89.546
      vertex 3.7049 0.945043 89.546
    endloop
  endfacet
  facet normal 0.353581 -0.430878 0.830256
    outer loop
      vertex 3.66666 1.33334 89.7638
      vertex 3.52379 1.2161 89.7638
      vertex 3.7049 0.945043 89.546
    endloop
  endfacet
  facet normal 0.0568919 -0.18759 0.980598
    outer loop
      vertex 3.22217 1.46362 89.9139
      vertex 3.03824 1.80773 89.9904
      vertex 3.11326 1.43059 89.9139
    endloop
  endfacet
  facet normal 0.0192224 -0.195083 0.980598
    outer loop
      vertex 3.03824 1.80773 89.9904
      vertex 3 1.41943 89.9139
      vertex 3.11326 1.43059 89.9139
    endloop
  endfacet
  facet normal 0.865132 -0.462446 0.194139
    outer loop
      vertex 4.7682 1.26759 88.5806
      vertex 4.59133 0.936706 88.5806
      vertex 4.83886 1.23832 88.196
    endloop
  endfacet
  facet normal 0.815348 -0.435834 0.381124
    outer loop
      vertex 4.7682 1.26759 88.5806
      vertex 4.46658 1.02006 88.9428
      vertex 4.59133 0.936706 88.5806
    endloop
  endfacet
  facet normal -0.0906192 -0.920069 0.381131
    outer loop
      vertex 2 0.236158 88.9428
      vertex 1.65589 0.27005 88.9428
      vertex 2 0.0861197 88.5806
    endloop
  endfacet
  facet normal 0 -0.92387 0.382706
    outer loop
      vertex 2 0.0861197 88.5806
      vertex 3 0.236158 88.9428
      vertex 2 0.236158 88.9428
    endloop
  endfacet
  facet normal 0 -0.92387 0.382706
    outer loop
      vertex 3 0.236158 88.9428
      vertex 2 0.0861197 88.5806
      vertex 3 0.0861197 88.5806
    endloop
  endfacet
  facet normal -0.0694713 -0.705354 0.705443
    outer loop
      vertex 2 0.731214 89.546
      vertex 1.69839 0.483685 89.2688
      vertex 2 0.453979 89.2688
    endloop
  endfacet
  facet normal -0.0694697 -0.705355 0.705442
    outer loop
      vertex 1.75247 0.755593 89.546
      vertex 1.69839 0.483685 89.2688
      vertex 2 0.731214 89.546
    endloop
  endfacet
  facet normal -0.284762 -0.938731 0.194153
    outer loop
      vertex 1.26759 0.231805 88.5806
      vertex 1.23832 0.161139 88.196
      vertex 1.62662 0.122894 88.5806
    endloop
  endfacet
  facet normal -0.284761 -0.938731 0.194152
    outer loop
      vertex 1.62662 0.122894 88.5806
      vertex 1.23832 0.161139 88.196
      vertex 1.6117 0.0478754 88.196
    endloop
  endfacet
  facet normal -0.382538 -0.0376931 0.923171
    outer loop
      vertex 1.41943 2 89.9139
      vertex 1.07532 1.81607 89.7638
      vertex 1.43059 1.88674 89.9139
    endloop
  endfacet
  facet normal -0.38255 -0.0376664 0.923167
    outer loop
      vertex 1.41943 2 89.9139
      vertex 1.05721 2 89.7638
      vertex 1.07532 1.81607 89.7638
    endloop
  endfacet
  facet normal -0.815355 -0.435818 0.381128
    outer loop
      vertex 0.533419 1.02006 88.9428
      vertex 0.231805 1.26759 88.5806
      vertex 0.408667 0.936706 88.5806
    endloop
  endfacet
  facet normal -0.678248 -0.205743 0.705443
    outer loop
      vertex 0.827794 1.51446 89.546
      vertex 0.483685 1.69839 89.2688
      vertex 0.571664 1.40836 89.2688
    endloop
  endfacet
  facet normal -0.491569 -0.262763 0.83025
    outer loop
      vertex 1.12897 1.63921 89.7638
      vertex 0.827794 1.51446 89.546
      vertex 1.2161 1.47621 89.7638
    endloop
  endfacet
  facet normal -0.49157 -0.262747 0.830255
    outer loop
      vertex 1.2161 1.47621 89.7638
      vertex 0.827794 1.51446 89.546
      vertex 0.945043 1.2951 89.546
    endloop
  endfacet
  facet normal -0.339021 -0.181196 0.923164
    outer loop
      vertex 1.46362 1.77783 89.9139
      vertex 1.2161 1.47621 89.7638
      vertex 1.51727 1.67745 89.9139
    endloop
  endfacet
  facet normal -0.172882 -0.0923999 0.980599
    outer loop
      vertex 1.837 1.89109 89.9904
      vertex 1.46362 1.77783 89.9139
      vertex 1.51727 1.67745 89.9139
    endloop
  endfacet
  facet normal -0.181196 -0.339021 0.923164
    outer loop
      vertex 1.67745 1.51727 89.9139
      vertex 1.47621 1.2161 89.7638
      vertex 1.77783 1.46362 89.9139
    endloop
  endfacet
  facet normal -0.0923862 -0.172886 0.980599
    outer loop
      vertex 1.89109 1.837 89.9904
      vertex 1.77783 1.46362 89.9139
      vertex 1.92498 1.81889 89.9904
    endloop
  endfacet
  facet normal -0.430874 -0.353598 0.830251
    outer loop
      vertex 1.33334 1.33334 89.7638
      vertex 0.945043 1.2951 89.546
      vertex 1.10283 1.10283 89.546
    endloop
  endfacet
  facet normal -0.625081 -0.334109 0.70544
    outer loop
      vertex 0.827794 1.51446 89.546
      vertex 0.714531 1.14108 89.2688
      vertex 0.945043 1.2951 89.546
    endloop
  endfacet
  facet normal 0.172886 -0.0923862 0.980599
    outer loop
      vertex 3.18111 1.92498 89.9904
      vertex 3.163 1.89109 89.9904
      vertex 3.53638 1.77783 89.9139
    endloop
  endfacet
  facet normal 0.297126 -0.243895 0.923164
    outer loop
      vertex 3.48273 1.67745 89.9139
      vertex 3.41052 1.58948 89.9139
      vertex 3.7839 1.47621 89.7638
    endloop
  endfacet
  facet normal 0.339021 -0.181196 0.923164
    outer loop
      vertex 3.53638 1.77783 89.9139
      vertex 3.48273 1.67745 89.9139
      vertex 3.7839 1.47621 89.7638
    endloop
  endfacet
  facet normal 0.382546 0.0376806 0.923168
    outer loop
      vertex 3.92468 21.1839 89.7638
      vertex 3.56941 21.1133 89.9139
      vertex 3.58057 21 89.9139
    endloop
  endfacet
  facet normal 0.36786 0.111564 0.923165
    outer loop
      vertex 3.87103 21.3608 89.7638
      vertex 3.53638 21.2222 89.9139
      vertex 3.92468 21.1839 89.7638
    endloop
  endfacet
  facet normal 0.392371 0.734403 0.553802
    outer loop
      vertex 3.67499 22.6296 88.9428
      vertex 3.59164 22.4283 89.2688
      vertex 3.85892 22.2855 89.2688
    endloop
  endfacet
  facet normal 0.268188 0.884725 0.38123
    outer loop
      vertex 3.37338 22.8771 88.5806
      vertex 3.34411 22.7299 88.9428
      vertex 3.67499 22.6296 88.9428
    endloop
  endfacet
  facet normal 0.462503 0.865082 0.194225
    outer loop
      vertex 3.76168 22.8389 88.196
      vertex 3.73241 22.7682 88.5806
      vertex 4.06329 22.5913 88.5806
    endloop
  endfacet
  facet normal 0.625079 0.3341 0.705446
    outer loop
      vertex 4.28547 21.8589 89.2688
      vertex 4.17221 21.4855 89.546
      vertex 4.42834 21.5916 89.2688
    endloop
  endfacet
  facet normal 0.62512 0.334071 0.705423
    outer loop
      vertex 4.28547 21.8589 89.2688
      vertex 4.05496 21.7049 89.546
      vertex 4.17221 21.4855 89.546
    endloop
  endfacet
  facet normal 0.586615 0.714632 0.38103
    outer loop
      vertex 4.06329 22.5913 88.5806
      vertex 3.97994 22.4666 88.9428
      vertex 4.24722 22.2472 88.9428
    endloop
  endfacet
  facet normal 0.586473 0.714684 0.381151
    outer loop
      vertex 4.35332 22.3533 88.5806
      vertex 4.06329 22.5913 88.5806
      vertex 4.24722 22.2472 88.9428
    endloop
  endfacet
  facet normal 0.0546818 0.554729 0.830232
    outer loop
      vertex 3.24753 22.2444 89.546
      vertex 3 22.2688 89.546
      vertex 3.18393 21.9247 89.7638
    endloop
  endfacet
  facet normal 0 0.831501 0.555524
    outer loop
      vertex 3 22.7638 88.9428
      vertex 2 22.546 89.2688
      vertex 3 22.546 89.2688
    endloop
  endfacet
  facet normal 0 0.831501 0.555524
    outer loop
      vertex 2 22.546 89.2688
      vertex 3 22.7638 88.9428
      vertex 2 22.7638 88.9428
    endloop
  endfacet
  facet normal -0 0.38284 0.923815
    outer loop
      vertex 2 21.9428 89.7638
      vertex 3 21.5806 89.9139
      vertex 3 21.9428 89.7638
    endloop
  endfacet
  facet normal 0 0.38284 0.923815
    outer loop
      vertex 3 21.5806 89.9139
      vertex 2 21.9428 89.7638
      vertex 2 21.5806 89.9139
    endloop
  endfacet
  facet normal -0.533385 0.161811 0.830252
    outer loop
      vertex 0.827794 21.4855 89.546
      vertex 0.755593 21.2475 89.546
      vertex 1.07532 21.1839 89.7638
    endloop
  endfacet
  facet normal -0.554704 0.0546389 0.830252
    outer loop
      vertex 0.755593 21.2475 89.546
      vertex 0.731214 21 89.546
      vertex 1.07532 21.1839 89.7638
    endloop
  endfacet
  facet normal -0.339012 0.181216 0.923164
    outer loop
      vertex 1.2161 21.5238 89.7638
      vertex 1.12897 21.3608 89.7638
      vertex 1.46362 21.2222 89.9139
    endloop
  endfacet
  facet normal -0.338929 0.181292 0.92318
    outer loop
      vertex 1.51727 21.3225 89.9139
      vertex 1.2161 21.5238 89.7638
      vertex 1.46362 21.2222 89.9139
    endloop
  endfacet
  facet normal -0.625082 0.334095 0.705446
    outer loop
      vertex 0.714531 21.8589 89.2688
      vertex 0.571664 21.5916 89.2688
      vertex 0.827794 21.4855 89.546
    endloop
  endfacet
  facet normal -0.734371 0.392508 0.553747
    outer loop
      vertex 0.714531 21.8589 89.2688
      vertex 0.370422 21.675 88.9428
      vertex 0.571664 21.5916 89.2688
    endloop
  endfacet
  facet normal -0.528327 0.643669 0.553679
    outer loop
      vertex 1.14108 22.2855 89.2688
      vertex 0.752775 22.2472 88.9428
      vertex 0.906798 22.0932 89.2688
    endloop
  endfacet
  facet normal -0.262643 0.491582 0.830281
    outer loop
      vertex 1.51446 22.1722 89.546
      vertex 1.2951 22.055 89.546
      vertex 1.47621 21.7839 89.7638
    endloop
  endfacet
  facet normal -0.392371 0.734403 0.553802
    outer loop
      vertex 1.32501 22.6296 88.9428
      vertex 1.14108 22.2855 89.2688
      vertex 1.40836 22.4283 89.2688
    endloop
  endfacet
  facet normal -0.241576 0.796935 0.553657
    outer loop
      vertex 1.65589 22.7299 88.9428
      vertex 1.32501 22.6296 88.9428
      vertex 1.69839 22.5163 89.2688
    endloop
  endfacet
  facet normal -0.161929 0.533311 0.830276
    outer loop
      vertex 1.81607 21.9247 89.7638
      vertex 1.51446 22.1722 89.546
      vertex 1.63921 21.871 89.7638
    endloop
  endfacet
  facet normal -0.262678 0.49158 0.830271
    outer loop
      vertex 1.51446 22.1722 89.546
      vertex 1.47621 21.7839 89.7638
      vertex 1.63921 21.871 89.7638
    endloop
  endfacet
  facet normal -0.0568487 0.187618 0.980596
    outer loop
      vertex 1.88674 21.5694 89.9139
      vertex 1.77783 21.5364 89.9139
      vertex 1.96176 21.1923 89.9904
    endloop
  endfacet
  facet normal -0.0192919 0.19509 0.980596
    outer loop
      vertex 2 21.5806 89.9139
      vertex 1.88674 21.5694 89.9139
      vertex 1.96176 21.1923 89.9904
    endloop
  endfacet
  facet normal -0.0694617 0.705399 0.705399
    outer loop
      vertex 2 22.546 89.2688
      vertex 1.69839 22.5163 89.2688
      vertex 2 22.2688 89.546
    endloop
  endfacet
  facet normal -0.081606 0.828727 0.553671
    outer loop
      vertex 2 22.7638 88.9428
      vertex 1.69839 22.5163 89.2688
      vertex 2 22.546 89.2688
    endloop
  endfacet
  facet normal -0.714665 -0.586513 0.381126
    outer loop
      vertex 0.533419 1.02006 88.9428
      vertex 0.408667 0.936706 88.5806
      vertex 0.752775 0.752775 88.9428
    endloop
  endfacet
  facet normal -0.625072 -0.334115 0.705445
    outer loop
      vertex 0.827794 1.51446 89.546
      vertex 0.571664 1.40836 89.2688
      vertex 0.714531 1.14108 89.2688
    endloop
  endfacet
  facet normal -0.773011 -0.634393 0
    outer loop
      vertex 0.592597 0.592597 88
      vertex 0.345069 0.894211 88.196
      vertex 0.345069 0.894211 88
    endloop
  endfacet
  facet normal -0.773011 -0.634393 0
    outer loop
      vertex 0.345069 0.894211 88.196
      vertex 0.592597 0.592597 88
      vertex 0.592597 0.592597 88.196
    endloop
  endfacet
  facet normal -0.634393 -0.773011 0
    outer loop
      vertex 0.592597 0.592597 88
      vertex 0.894211 0.345069 88.196
      vertex 0.592597 0.592597 88.196
    endloop
  endfacet
  facet normal -0.634393 -0.773011 -0
    outer loop
      vertex 0.894211 0.345069 88.196
      vertex 0.592597 0.592597 88
      vertex 0.894211 0.345069 88
    endloop
  endfacet
  facet normal -0.815347 0.435793 0.381174
    outer loop
      vertex 0.408667 22.0633 88.5806
      vertex 0.231805 21.7324 88.5806
      vertex 0.533419 21.9799 88.9428
    endloop
  endfacet
  facet normal -0.865142 0.462408 0.194188
    outer loop
      vertex 0.408667 22.0633 88.5806
      vertex 0.161139 21.7617 88.196
      vertex 0.231805 21.7324 88.5806
    endloop
  endfacet
  facet normal 0.35362 0.430865 0.830246
    outer loop
      vertex 3.7049 22.055 89.546
      vertex 3.66666 21.6667 89.7638
      vertex 3.89717 21.8972 89.546
    endloop
  endfacet
  facet normal 0.38255 0.0376725 0.923166
    outer loop
      vertex 3.92468 21.1839 89.7638
      vertex 3.58057 21 89.9139
      vertex 3.94279 21 89.7638
    endloop
  endfacet
  facet normal 0.643713 0.528263 0.553689
    outer loop
      vertex 4.46658 21.9799 88.9428
      vertex 4.24722 22.2472 88.9428
      vertex 4.28547 21.8589 89.2688
    endloop
  endfacet
  facet normal 0.547917 0.449629 0.705423
    outer loop
      vertex 4.0932 22.0932 89.2688
      vertex 4.05496 21.7049 89.546
      vertex 4.28547 21.8589 89.2688
    endloop
  endfacet
  facet normal 0.449692 0.547862 0.705425
    outer loop
      vertex 3.85892 22.2855 89.2688
      vertex 3.7049 22.055 89.546
      vertex 4.0932 22.0932 89.2688
    endloop
  endfacet
  facet normal 0.449674 0.547902 0.705405
    outer loop
      vertex 4.0932 22.0932 89.2688
      vertex 3.7049 22.055 89.546
      vertex 3.89717 21.8972 89.546
    endloop
  endfacet
  facet normal 0.734365 0.392593 0.553695
    outer loop
      vertex 4.46658 21.9799 88.9428
      vertex 4.28547 21.8589 89.2688
      vertex 4.62958 21.675 88.9428
    endloop
  endfacet
  facet normal 0.73437 0.392516 0.553744
    outer loop
      vertex 4.62958 21.675 88.9428
      vertex 4.28547 21.8589 89.2688
      vertex 4.42834 21.5916 89.2688
    endloop
  endfacet
  facet normal 0.181212 -0.339005 0.923168
    outer loop
      vertex 3.52379 1.2161 89.7638
      vertex 3.22217 1.46362 89.9139
      vertex 3.36079 1.12897 89.7638
    endloop
  endfacet
  facet normal 0.111585 -0.367846 0.923168
    outer loop
      vertex 3.22217 1.46362 89.9139
      vertex 3.18393 1.07532 89.7638
      vertex 3.36079 1.12897 89.7638
    endloop
  endfacet
  facet normal -0.828702 -0.0816203 0.553707
    outer loop
      vertex 0.483685 1.69839 89.2688
      vertex 0.236158 2 88.9428
      vertex 0.27005 1.65589 88.9428
    endloop
  endfacet
  facet normal -0.920069 -0.0906192 0.381131
    outer loop
      vertex 0.236158 2 88.9428
      vertex 0.0861197 2 88.5806
      vertex 0.27005 1.65589 88.9428
    endloop
  endfacet
  facet normal -0.181212 -0.339005 0.923168
    outer loop
      vertex 1.77783 1.46362 89.9139
      vertex 1.47621 1.2161 89.7638
      vertex 1.63921 1.12897 89.7638
    endloop
  endfacet
  facet normal -0.111559 -0.367844 0.923171
    outer loop
      vertex 1.88674 1.43059 89.9139
      vertex 1.77783 1.46362 89.9139
      vertex 1.81607 1.07532 89.7638
    endloop
  endfacet
  facet normal -0.124354 -0.15154 0.980598
    outer loop
      vertex 1.86138 1.86138 89.9904
      vertex 1.58948 1.58948 89.9139
      vertex 1.89109 1.837 89.9904
    endloop
  endfacet
  facet normal -0.15154 -0.124354 0.980598
    outer loop
      vertex 1.837 1.89109 89.9904
      vertex 1.58948 1.58948 89.9139
      vertex 1.86138 1.86138 89.9904
    endloop
  endfacet
  facet normal -0.353598 -0.430874 0.830251
    outer loop
      vertex 1.33334 1.33334 89.7638
      vertex 1.10283 1.10283 89.546
      vertex 1.2951 0.945043 89.546
    endloop
  endfacet
  facet normal -0.353581 -0.430878 0.830256
    outer loop
      vertex 1.33334 1.33334 89.7638
      vertex 1.2951 0.945043 89.546
      vertex 1.47621 1.2161 89.7638
    endloop
  endfacet
  facet normal -0.241722 -0.796856 0.553707
    outer loop
      vertex 1.40836 0.571664 89.2688
      vertex 1.32501 0.370422 88.9428
      vertex 1.69839 0.483685 89.2688
    endloop
  endfacet
  facet normal -0.262763 -0.491569 0.83025
    outer loop
      vertex 1.63921 1.12897 89.7638
      vertex 1.47621 1.2161 89.7638
      vertex 1.51446 0.827794 89.546
    endloop
  endfacet
  facet normal -0.334115 -0.625072 0.705445
    outer loop
      vertex 1.51446 0.827794 89.546
      vertex 1.14108 0.714531 89.2688
      vertex 1.40836 0.571664 89.2688
    endloop
  endfacet
  facet normal -0.262747 -0.49157 0.830255
    outer loop
      vertex 1.47621 1.2161 89.7638
      vertex 1.2951 0.945043 89.546
      vertex 1.51446 0.827794 89.546
    endloop
  endfacet
  facet normal 0.435824 0.815365 0.3811
    outer loop
      vertex 3.73241 22.7682 88.5806
      vertex 3.67499 22.6296 88.9428
      vertex 3.97994 22.4666 88.9428
    endloop
  endfacet
  facet normal 0.392543 0.734393 0.553694
    outer loop
      vertex 3.97994 22.4666 88.9428
      vertex 3.67499 22.6296 88.9428
      vertex 3.85892 22.2855 89.2688
    endloop
  endfacet
  facet normal 0.268355 0.884733 0.381096
    outer loop
      vertex 3.73241 22.7682 88.5806
      vertex 3.37338 22.8771 88.5806
      vertex 3.67499 22.6296 88.9428
    endloop
  endfacet
  facet normal 0.462561 0.865064 0.194168
    outer loop
      vertex 4.10579 22.6549 88.196
      vertex 3.76168 22.8389 88.196
      vertex 4.06329 22.5913 88.5806
    endloop
  endfacet
  facet normal 0.334006 0.625161 0.705418
    outer loop
      vertex 3.59164 22.4283 89.2688
      vertex 3.48554 22.1722 89.546
      vertex 3.85892 22.2855 89.2688
    endloop
  endfacet
  facet normal 0.241755 0.796776 0.553808
    outer loop
      vertex 3.67499 22.6296 88.9428
      vertex 3.30161 22.5163 89.2688
      vertex 3.59164 22.4283 89.2688
    endloop
  endfacet
  facet normal 0.290135 0.956986 -0
    outer loop
      vertex 3.76168 22.8389 88
      vertex 3.3883 22.9521 88.196
      vertex 3.76168 22.8389 88.196
    endloop
  endfacet
  facet normal 0.290135 0.956986 0
    outer loop
      vertex 3.3883 22.9521 88.196
      vertex 3.76168 22.8389 88
      vertex 3.3883 22.9521 88
    endloop
  endfacet
  facet normal 0.865135 0.462425 0.194175
    outer loop
      vertex 4.83886 21.7617 88.196
      vertex 4.59133 22.0633 88.5806
      vertex 4.7682 21.7324 88.5806
    endloop
  endfacet
  facet normal 0.865132 0.462435 0.194165
    outer loop
      vertex 4.65493 22.1058 88.196
      vertex 4.59133 22.0633 88.5806
      vertex 4.83886 21.7617 88.196
    endloop
  endfacet
  facet normal 0.0378231 0.382486 0.923187
    outer loop
      vertex 3.18393 21.9247 89.7638
      vertex 3 21.5806 89.9139
      vertex 3.11326 21.5694 89.9139
    endloop
  endfacet
  facet normal 0.0192919 0.19509 0.980596
    outer loop
      vertex 3.11326 21.5694 89.9139
      vertex 3 21.5806 89.9139
      vertex 3.03824 21.1923 89.9904
    endloop
  endfacet
  facet normal -0.297147 0.243789 0.923185
    outer loop
      vertex 1.33334 21.6667 89.7638
      vertex 1.2161 21.5238 89.7638
      vertex 1.58948 21.4105 89.9139
    endloop
  endfacet
  facet normal -0.243767 0.297158 0.923187
    outer loop
      vertex 1.47621 21.7839 89.7638
      vertex 1.33334 21.6667 89.7638
      vertex 1.58948 21.4105 89.9139
    endloop
  endfacet
  facet normal -0.334006 0.625161 0.705418
    outer loop
      vertex 1.40836 22.4283 89.2688
      vertex 1.14108 22.2855 89.2688
      vertex 1.51446 22.1722 89.546
    endloop
  endfacet
  facet normal -0.392543 0.734393 0.553694
    outer loop
      vertex 1.32501 22.6296 88.9428
      vertex 1.02006 22.4666 88.9428
      vertex 1.14108 22.2855 89.2688
    endloop
  endfacet
  facet normal -0.796832 0.24174 0.553734
    outer loop
      vertex 0.571664 21.5916 89.2688
      vertex 0.370422 21.675 88.9428
      vertex 0.483685 21.3016 89.2688
    endloop
  endfacet
  facet normal -0.678241 0.205762 0.705444
    outer loop
      vertex 0.571664 21.5916 89.2688
      vertex 0.483685 21.3016 89.2688
      vertex 0.827794 21.4855 89.546
    endloop
  endfacet
  facet normal -0.714665 -0.586511 0.381128
    outer loop
      vertex 0.752775 0.752775 88.9428
      vertex 0.408667 0.936706 88.5806
      vertex 0.646683 0.646683 88.5806
    endloop
  endfacet
  facet normal -0.586513 -0.714665 0.381126
    outer loop
      vertex 1.02006 0.533419 88.9428
      vertex 0.752775 0.752775 88.9428
      vertex 0.936706 0.408667 88.5806
    endloop
  endfacet
  facet normal -0.815356 -0.435811 0.381133
    outer loop
      vertex 0.370422 1.32501 88.9428
      vertex 0.231805 1.26759 88.5806
      vertex 0.533419 1.02006 88.9428
    endloop
  endfacet
  facet normal -0.449634 -0.54789 0.70544
    outer loop
      vertex 1.2951 0.945043 89.546
      vertex 0.906798 0.906798 89.2688
      vertex 1.14108 0.714531 89.2688
    endloop
  endfacet
  facet normal -0.7583 -0.622322 0.194156
    outer loop
      vertex 0.646683 0.646683 88.5806
      vertex 0.408667 0.936706 88.5806
      vertex 0.592597 0.592597 88.196
    endloop
  endfacet
  facet normal -0.622322 -0.7583 0.194156
    outer loop
      vertex 0.646683 0.646683 88.5806
      vertex 0.592597 0.592597 88.196
      vertex 0.936706 0.408667 88.5806
    endloop
  endfacet
  facet normal 0.547949 0.449614 0.705407
    outer loop
      vertex 4.0932 22.0932 89.2688
      vertex 3.89717 21.8972 89.546
      vertex 4.05496 21.7049 89.546
    endloop
  endfacet
  facet normal 0.430905 0.353575 0.830244
    outer loop
      vertex 3.89717 21.8972 89.546
      vertex 3.66666 21.6667 89.7638
      vertex 4.05496 21.7049 89.546
    endloop
  endfacet
  facet normal 0.161811 0.533416 0.830231
    outer loop
      vertex 3.24753 22.2444 89.546
      vertex 3.18393 21.9247 89.7638
      vertex 3.48554 22.1722 89.546
    endloop
  endfacet
  facet normal 0.161929 0.533311 0.830276
    outer loop
      vertex 3.48554 22.1722 89.546
      vertex 3.18393 21.9247 89.7638
      vertex 3.36079 21.871 89.7638
    endloop
  endfacet
  facet normal 0.643731 0.528255 0.553677
    outer loop
      vertex 4.24722 22.2472 88.9428
      vertex 4.0932 22.0932 89.2688
      vertex 4.28547 21.8589 89.2688
    endloop
  endfacet
  facet normal 0.528331 0.643668 0.553676
    outer loop
      vertex 4.24722 22.2472 88.9428
      vertex 3.85892 22.2855 89.2688
      vertex 4.0932 22.0932 89.2688
    endloop
  endfacet
  facet normal -0.796856 -0.241722 0.553707
    outer loop
      vertex 0.483685 1.69839 89.2688
      vertex 0.370422 1.32501 88.9428
      vertex 0.571664 1.40836 89.2688
    endloop
  endfacet
  facet normal -0.938731 -0.284762 0.194153
    outer loop
      vertex 0.231805 1.26759 88.5806
      vertex 0.122894 1.62662 88.5806
      vertex 0.161139 1.23832 88.196
    endloop
  endfacet
  facet normal -0.297146 -0.24384 0.923172
    outer loop
      vertex 1.58948 1.58948 89.9139
      vertex 1.2161 1.47621 89.7638
      vertex 1.33334 1.33334 89.7638
    endloop
  endfacet
  facet normal -0.430878 -0.353581 0.830256
    outer loop
      vertex 1.2161 1.47621 89.7638
      vertex 0.945043 1.2951 89.546
      vertex 1.33334 1.33334 89.7638
    endloop
  endfacet
  facet normal -0.205743 -0.678248 0.705443
    outer loop
      vertex 1.51446 0.827794 89.546
      vertex 1.40836 0.571664 89.2688
      vertex 1.69839 0.483685 89.2688
    endloop
  endfacet
  facet normal -0.205749 -0.678249 0.705441
    outer loop
      vertex 1.75247 0.755593 89.546
      vertex 1.51446 0.827794 89.546
      vertex 1.69839 0.483685 89.2688
    endloop
  endfacet
  facet normal 0.0906766 0.920023 0.38123
    outer loop
      vertex 3.37338 22.8771 88.5806
      vertex 3 22.9139 88.5806
      vertex 3.34411 22.7299 88.9428
    endloop
  endfacet
  facet normal 0.090635 0.920012 0.381264
    outer loop
      vertex 3 22.9139 88.5806
      vertex 3 22.7638 88.9428
      vertex 3.34411 22.7299 88.9428
    endloop
  endfacet
  facet normal 0.205798 0.678267 0.705409
    outer loop
      vertex 3.59164 22.4283 89.2688
      vertex 3.30161 22.5163 89.2688
      vertex 3.48554 22.1722 89.546
    endloop
  endfacet
  facet normal 0.205749 0.678259 0.705431
    outer loop
      vertex 3.30161 22.5163 89.2688
      vertex 3.24753 22.2444 89.546
      vertex 3.48554 22.1722 89.546
    endloop
  endfacet
  facet normal 0.081606 0.828727 0.553671
    outer loop
      vertex 3 22.7638 88.9428
      vertex 3 22.546 89.2688
      vertex 3.30161 22.5163 89.2688
    endloop
  endfacet
  facet normal 0.111456 0.36784 0.923185
    outer loop
      vertex 3.18393 21.9247 89.7638
      vertex 3.11326 21.5694 89.9139
      vertex 3.22217 21.5364 89.9139
    endloop
  endfacet
  facet normal 0.0568487 0.187618 0.980596
    outer loop
      vertex 3.11326 21.5694 89.9139
      vertex 3.03824 21.1923 89.9904
      vertex 3.22217 21.5364 89.9139
    endloop
  endfacet
  facet normal -0.643733 0.528248 0.553681
    outer loop
      vertex 0.752775 22.2472 88.9428
      vertex 0.714531 21.8589 89.2688
      vertex 0.906798 22.0932 89.2688
    endloop
  endfacet
  facet normal -0.449673 0.5479 0.705407
    outer loop
      vertex 1.2951 22.055 89.546
      vertex 0.906798 22.0932 89.2688
      vertex 1.10283 21.8972 89.546
    endloop
  endfacet
  facet normal -0.205798 0.678267 0.705409
    outer loop
      vertex 1.69839 22.5163 89.2688
      vertex 1.40836 22.4283 89.2688
      vertex 1.51446 22.1722 89.546
    endloop
  endfacet
  facet normal -0.241755 0.796776 0.553808
    outer loop
      vertex 1.69839 22.5163 89.2688
      vertex 1.32501 22.6296 88.9428
      vertex 1.40836 22.4283 89.2688
    endloop
  endfacet
  facet normal -0.449632 -0.547895 0.705437
    outer loop
      vertex 1.10283 1.10283 89.546
      vertex 0.906798 0.906798 89.2688
      vertex 1.2951 0.945043 89.546
    endloop
  endfacet
  facet normal -0.547895 -0.449632 0.705437
    outer loop
      vertex 0.945043 1.2951 89.546
      vertex 0.906798 0.906798 89.2688
      vertex 1.10283 1.10283 89.546
    endloop
  endfacet
  facet normal -0.796854 -0.241724 0.553709
    outer loop
      vertex 0.483685 1.69839 89.2688
      vertex 0.27005 1.65589 88.9428
      vertex 0.370422 1.32501 88.9428
    endloop
  endfacet
  facet normal -0.884711 -0.268376 0.381132
    outer loop
      vertex 0.27005 1.65589 88.9428
      vertex 0.122894 1.62662 88.5806
      vertex 0.370422 1.32501 88.9428
    endloop
  endfacet
  facet normal 0.339012 0.181216 0.923164
    outer loop
      vertex 3.7839 21.5238 89.7638
      vertex 3.53638 21.2222 89.9139
      vertex 3.87103 21.3608 89.7638
    endloop
  endfacet
  facet normal 0.533413 0.161773 0.830241
    outer loop
      vertex 4.17221 21.4855 89.546
      vertex 3.87103 21.3608 89.7638
      vertex 3.92468 21.1839 89.7638
    endloop
  endfacet
  facet normal 0.262678 0.49158 0.830271
    outer loop
      vertex 3.48554 22.1722 89.546
      vertex 3.36079 21.871 89.7638
      vertex 3.52379 21.7839 89.7638
    endloop
  endfacet
  facet normal 0.124369 0.151534 0.980597
    outer loop
      vertex 3.32255 21.4827 89.9139
      vertex 3.10891 21.163 89.9904
      vertex 3.41052 21.4105 89.9139
    endloop
  endfacet
  facet normal 0.18118 0.339062 0.923153
    outer loop
      vertex 3.36079 21.871 89.7638
      vertex 3.22217 21.5364 89.9139
      vertex 3.52379 21.7839 89.7638
    endloop
  endfacet
  facet normal 0.334009 0.625156 0.70542
    outer loop
      vertex 3.85892 22.2855 89.2688
      vertex 3.48554 22.1722 89.546
      vertex 3.7049 22.055 89.546
    endloop
  endfacet
  facet normal 0.24386 0.297124 0.923173
    outer loop
      vertex 3.52379 21.7839 89.7638
      vertex 3.32255 21.4827 89.9139
      vertex 3.41052 21.4105 89.9139
    endloop
  endfacet
  facet normal -0.547952 0.449608 0.705409
    outer loop
      vertex 1.10283 21.8972 89.546
      vertex 0.906798 22.0932 89.2688
      vertex 0.945043 21.7049 89.546
    endloop
  endfacet
  facet normal -0.44969 0.547864 0.705425
    outer loop
      vertex 1.14108 22.2855 89.2688
      vertex 0.906798 22.0932 89.2688
      vertex 1.2951 22.055 89.546
    endloop
  endfacet
  facet normal -0.643699 -0.528261 0.553708
    outer loop
      vertex 0.906798 0.906798 89.2688
      vertex 0.714531 1.14108 89.2688
      vertex 0.752775 0.752775 88.9428
    endloop
  endfacet
  facet normal -0.54789 -0.449634 0.70544
    outer loop
      vertex 0.945043 1.2951 89.546
      vertex 0.714531 1.14108 89.2688
      vertex 0.906798 0.906798 89.2688
    endloop
  endfacet
  facet normal 0.172854 0.0924587 0.980598
    outer loop
      vertex 3.48273 21.3225 89.9139
      vertex 3.163 21.1089 89.9904
      vertex 3.53638 21.2222 89.9139
    endloop
  endfacet
  facet normal 0.338929 0.181292 0.92318
    outer loop
      vertex 3.7839 21.5238 89.7638
      vertex 3.48273 21.3225 89.9139
      vertex 3.53638 21.2222 89.9139
    endloop
  endfacet
  facet normal 0.297147 0.243789 0.923185
    outer loop
      vertex 3.66666 21.6667 89.7638
      vertex 3.41052 21.4105 89.9139
      vertex 3.7839 21.5238 89.7638
    endloop
  endfacet
  facet normal 0.430915 0.353537 0.830255
    outer loop
      vertex 4.05496 21.7049 89.546
      vertex 3.66666 21.6667 89.7638
      vertex 3.7839 21.5238 89.7638
    endloop
  endfacet
  facet normal 0 0 1
    outer loop
      vertex 3 21.196 89.9904
      vertex 3.19603 21 89.9904
      vertex 3.19227 21.0382 89.9904
    endloop
  endfacet
  facet normal 0 0 1
    outer loop
      vertex 3.19603 21 89.9904
      vertex 1.80397 21 89.9904
      vertex 3.19603 2 89.9904
    endloop
  endfacet
  facet normal 0 0 1
    outer loop
      vertex 3 21.196 89.9904
      vertex 3.19227 21.0382 89.9904
      vertex 3.18111 21.075 89.9904
    endloop
  endfacet
  facet normal 0 0 1
    outer loop
      vertex 1.80397 2 89.9904
      vertex 3.19603 2 89.9904
      vertex 1.80397 21 89.9904
    endloop
  endfacet
  facet normal 0 0 1
    outer loop
      vertex 3 21.196 89.9904
      vertex 3.18111 21.075 89.9904
      vertex 3.163 21.1089 89.9904
    endloop
  endfacet
  facet normal 0 -0 1
    outer loop
      vertex 3 1.80397 89.9904
      vertex 3.19603 2 89.9904
      vertex 1.80397 2 89.9904
    endloop
  endfacet
  facet normal 0 0 1
    outer loop
      vertex 3 21.196 89.9904
      vertex 3.163 21.1089 89.9904
      vertex 3.13862 21.1386 89.9904
    endloop
  endfacet
  facet normal 0 0 1
    outer loop
      vertex 3.19603 2 89.9904
      vertex 3 1.80397 89.9904
      vertex 3.19227 1.96176 89.9904
    endloop
  endfacet
  facet normal 0 0 1
    outer loop
      vertex 3 21.196 89.9904
      vertex 3.13862 21.1386 89.9904
      vertex 3.10891 21.163 89.9904
    endloop
  endfacet
  facet normal 0 0 1
    outer loop
      vertex 3.19227 1.96176 89.9904
      vertex 3 1.80397 89.9904
      vertex 3.18111 1.92498 89.9904
    endloop
  endfacet
  facet normal 0 0 1
    outer loop
      vertex 3 21.196 89.9904
      vertex 3.10891 21.163 89.9904
      vertex 3.07502 21.1811 89.9904
    endloop
  endfacet
  facet normal 0 0 1
    outer loop
      vertex 3.18111 1.92498 89.9904
      vertex 3 1.80397 89.9904
      vertex 3.163 1.89109 89.9904
    endloop
  endfacet
  facet normal 0 0 1
    outer loop
      vertex 3 21.196 89.9904
      vertex 3.07502 21.1811 89.9904
      vertex 3.03824 21.1923 89.9904
    endloop
  endfacet
  facet normal 0 0 1
    outer loop
      vertex 3.163 1.89109 89.9904
      vertex 3 1.80397 89.9904
      vertex 3.13862 1.86138 89.9904
    endloop
  endfacet
  facet normal 0 0 1
    outer loop
      vertex 3.19603 21 89.9904
      vertex 3 21.196 89.9904
      vertex 1.80397 21 89.9904
    endloop
  endfacet
  facet normal 0 0 1
    outer loop
      vertex 3.13862 1.86138 89.9904
      vertex 3 1.80397 89.9904
      vertex 3.10891 1.837 89.9904
    endloop
  endfacet
  facet normal 0 0 1
    outer loop
      vertex 1.80397 21 89.9904
      vertex 3 21.196 89.9904
      vertex 2 21.196 89.9904
    endloop
  endfacet
  facet normal 0 0 1
    outer loop
      vertex 3.10891 1.837 89.9904
      vertex 3 1.80397 89.9904
      vertex 3.07502 1.81889 89.9904
    endloop
  endfacet
  facet normal 0 0 1
    outer loop
      vertex 1.80397 21 89.9904
      vertex 2 21.196 89.9904
      vertex 1.96176 21.1923 89.9904
    endloop
  endfacet
  facet normal 0 0 1
    outer loop
      vertex 3.07502 1.81889 89.9904
      vertex 3 1.80397 89.9904
      vertex 3.03824 1.80773 89.9904
    endloop
  endfacet
  facet normal 0 0 1
    outer loop
      vertex 1.80397 21 89.9904
      vertex 1.96176 21.1923 89.9904
      vertex 1.92498 21.1811 89.9904
    endloop
  endfacet
  facet normal 0 0 1
    outer loop
      vertex 3 1.80397 89.9904
      vertex 1.80397 2 89.9904
      vertex 2 1.80397 89.9904
    endloop
  endfacet
  facet normal 0 0 1
    outer loop
      vertex 1.80397 21 89.9904
      vertex 1.92498 21.1811 89.9904
      vertex 1.89109 21.163 89.9904
    endloop
  endfacet
  facet normal 0 0 1
    outer loop
      vertex 2 1.80397 89.9904
      vertex 1.80397 2 89.9904
      vertex 1.96176 1.80773 89.9904
    endloop
  endfacet
  facet normal 0 0 1
    outer loop
      vertex 1.80397 21 89.9904
      vertex 1.89109 21.163 89.9904
      vertex 1.86138 21.1386 89.9904
    endloop
  endfacet
  facet normal 0 0 1
    outer loop
      vertex 1.96176 1.80773 89.9904
      vertex 1.80397 2 89.9904
      vertex 1.92498 1.81889 89.9904
    endloop
  endfacet
  facet normal 0 0 1
    outer loop
      vertex 1.80397 21 89.9904
      vertex 1.86138 21.1386 89.9904
      vertex 1.837 21.1089 89.9904
    endloop
  endfacet
  facet normal 0 0 1
    outer loop
      vertex 1.92498 1.81889 89.9904
      vertex 1.80397 2 89.9904
      vertex 1.89109 1.837 89.9904
    endloop
  endfacet
  facet normal 0 0 1
    outer loop
      vertex 1.80397 21 89.9904
      vertex 1.837 21.1089 89.9904
      vertex 1.81889 21.075 89.9904
    endloop
  endfacet
  facet normal 0 0 1
    outer loop
      vertex 1.89109 1.837 89.9904
      vertex 1.80397 2 89.9904
      vertex 1.86138 1.86138 89.9904
    endloop
  endfacet
  facet normal 0 0 1
    outer loop
      vertex 1.80397 21 89.9904
      vertex 1.81889 21.075 89.9904
      vertex 1.80773 21.0382 89.9904
    endloop
  endfacet
  facet normal 0 0 1
    outer loop
      vertex 1.86138 1.86138 89.9904
      vertex 1.80397 2 89.9904
      vertex 1.837 1.89109 89.9904
    endloop
  endfacet
  facet normal 0 0 1
    outer loop
      vertex 1.837 1.89109 89.9904
      vertex 1.80397 2 89.9904
      vertex 1.81889 1.92498 89.9904
    endloop
  endfacet
  facet normal 0 0 1
    outer loop
      vertex 1.81889 1.92498 89.9904
      vertex 1.80397 2 89.9904
      vertex 1.80773 1.96176 89.9904
    endloop
  endfacet
  facet normal -0.35362 0.430865 0.830246
    outer loop
      vertex 1.2951 22.055 89.546
      vertex 1.10283 21.8972 89.546
      vertex 1.33334 21.6667 89.7638
    endloop
  endfacet
  facet normal -0.35348 0.430902 0.830286
    outer loop
      vertex 1.47621 21.7839 89.7638
      vertex 1.2951 22.055 89.546
      vertex 1.33334 21.6667 89.7638
    endloop
  endfacet
  facet normal -0.547919 0.449623 0.705425
    outer loop
      vertex 0.906798 22.0932 89.2688
      vertex 0.714531 21.8589 89.2688
      vertex 0.945043 21.7049 89.546
    endloop
  endfacet
  facet normal -0.625119 0.334068 0.705425
    outer loop
      vertex 0.945043 21.7049 89.546
      vertex 0.714531 21.8589 89.2688
      vertex 0.827794 21.4855 89.546
    endloop
  endfacet
  facet normal 0.36786 0.111574 0.923163
    outer loop
      vertex 3.92468 21.1839 89.7638
      vertex 3.53638 21.2222 89.9139
      vertex 3.56941 21.1133 89.9139
    endloop
  endfacet
  facet normal 0.187578 0.0568936 0.980601
    outer loop
      vertex 3.53638 21.2222 89.9139
      vertex 3.19227 21.0382 89.9904
      vertex 3.56941 21.1133 89.9139
    endloop
  endfacet
  facet normal 0.297136 0.24382 0.92318
    outer loop
      vertex 3.7839 21.5238 89.7638
      vertex 3.41052 21.4105 89.9139
      vertex 3.48273 21.3225 89.9139
    endloop
  endfacet
  facet normal 0.151546 0.124354 0.980597
    outer loop
      vertex 3.41052 21.4105 89.9139
      vertex 3.163 21.1089 89.9904
      vertex 3.48273 21.3225 89.9139
    endloop
  endfacet
  facet normal 0.243767 0.297158 0.923187
    outer loop
      vertex 3.52379 21.7839 89.7638
      vertex 3.41052 21.4105 89.9139
      vertex 3.66666 21.6667 89.7638
    endloop
  endfacet
  facet normal 0.35348 0.430902 0.830286
    outer loop
      vertex 3.7049 22.055 89.546
      vertex 3.52379 21.7839 89.7638
      vertex 3.66666 21.6667 89.7638
    endloop
  endfacet
  facet normal 0.18131 0.338919 0.92318
    outer loop
      vertex 3.52379 21.7839 89.7638
      vertex 3.22217 21.5364 89.9139
      vertex 3.32255 21.4827 89.9139
    endloop
  endfacet
  facet normal 0.0924697 0.172851 0.980598
    outer loop
      vertex 3.22217 21.5364 89.9139
      vertex 3.10891 21.163 89.9904
      vertex 3.32255 21.4827 89.9139
    endloop
  endfacet
  facet normal 1 0 0
    outer loop
      vertex 5 23 88
      vertex 5 19 74
      vertex 5 23 74
    endloop
  endfacet
  facet normal 1 0 0
    outer loop
      vertex 5 15.5 5.99037
      vertex 5 19 74
      vertex 5 15.5 76
    endloop
  endfacet
  facet normal 1 0 0
    outer loop
      vertex 5 23 88
      vertex 5 15.5 76
      vertex 5 19 74
    endloop
  endfacet
  facet normal 1 -0 0
    outer loop
      vertex 5 13.9944 77.6667
      vertex 5 15.5 76
      vertex 5 23 88
    endloop
  endfacet
  facet normal 1 0 0
    outer loop
      vertex 5 15.5 76
      vertex 5 14.4424 76.5853
      vertex 5 14.5 76
    endloop
  endfacet
  facet normal 1 0 0
    outer loop
      vertex 5 15.5 76
      vertex 5 14.2716 77.148
      vertex 5 14.4424 76.5853
    endloop
  endfacet
  facet normal 1 0 0
    outer loop
      vertex 5 15.5 76
      vertex 5 13.9944 77.6667
      vertex 5 14.2716 77.148
    endloop
  endfacet
  facet normal 1 0 0
    outer loop
      vertex 5 23 88
      vertex 5 13.6213 78.1213
      vertex 5 13.9944 77.6667
    endloop
  endfacet
  facet normal 1 0 0
    outer loop
      vertex 5 23 88
      vertex 5 13.1667 78.4944
      vertex 5 13.6213 78.1213
    endloop
  endfacet
  facet normal 1 0 0
    outer loop
      vertex 5 23 88
      vertex 5 12.648 78.7716
      vertex 5 13.1667 78.4944
    endloop
  endfacet
  facet normal 1 0 0
    outer loop
      vertex 5 23 88
      vertex 5 12.0853 78.9424
      vertex 5 12.648 78.7716
    endloop
  endfacet
  facet normal 1 0 0
    outer loop
      vertex 5 23 88
      vertex 5 11.5 79
      vertex 5 12.0853 78.9424
    endloop
  endfacet
  facet normal 1 -0 0
    outer loop
      vertex 5 0 88
      vertex 5 11.5 79
      vertex 5 23 88
    endloop
  endfacet
  facet normal 1 0 0
    outer loop
      vertex 5 11.5 79
      vertex 5 0 88
      vertex 5 10.9147 78.9424
    endloop
  endfacet
  facet normal 1 0 0
    outer loop
      vertex 5 10.9147 78.9424
      vertex 5 0 88
      vertex 5 10.3519 78.7716
    endloop
  endfacet
  facet normal 1 0 0
    outer loop
      vertex 5 8.55764 76.5853
      vertex 5 7.5 76
      vertex 5 8.5 76
    endloop
  endfacet
  facet normal 1 0 0
    outer loop
      vertex 5 8.72836 77.148
      vertex 5 7.5 76
      vertex 5 8.55764 76.5853
    endloop
  endfacet
  facet normal 1 0 0
    outer loop
      vertex 5 9.00559 77.6667
      vertex 5 7.5 76
      vertex 5 8.72836 77.148
    endloop
  endfacet
  facet normal 1 0 0
    outer loop
      vertex 5 0 88
      vertex 5 9.00559 77.6667
      vertex 5 9.37868 78.1213
    endloop
  endfacet
  facet normal 1 0 0
    outer loop
      vertex 5 7.5 76
      vertex 5 4 22
      vertex 5 7.5 5.99037
    endloop
  endfacet
  facet normal 1 0 0
    outer loop
      vertex 5 10.3519 78.7716
      vertex 5 0 88
      vertex 5 9.83329 78.4944
    endloop
  endfacet
  facet normal 1 0 0
    outer loop
      vertex 5 0 88
      vertex 5 9.37868 78.1213
      vertex 5 9.83329 78.4944
    endloop
  endfacet
  facet normal 1 0 0
    outer loop
      vertex 5 9.00559 77.6667
      vertex 5 0 88
      vertex 5 7.5 76
    endloop
  endfacet
  facet normal 1 0 0
    outer loop
      vertex 5 0 22
      vertex 5 7.5 76
      vertex 5 0 88
    endloop
  endfacet
  facet normal 1 0 0
    outer loop
      vertex 5 7.5 76
      vertex 5 0 22
      vertex 5 4 22
    endloop
  endfacet
  facet normal 1 0 0
    outer loop
      vertex 5 19 74
      vertex 5 15.5 5.99037
      vertex 5 19 5.99037
    endloop
  endfacet
  facet normal 1 0 0
    outer loop
      vertex 5 7.5 5.99037
      vertex 5 4 22
      vertex 5 4 5.99037
    endloop
  endfacet
  facet normal 0 0 1
    outer loop
      vertex 5 23 88
      vertex 4.99037 21 88
      vertex 5 0 88
    endloop
  endfacet
  facet normal 0 0 1
    outer loop
      vertex 5 23 88
      vertex 4.95212 21.3883 88
      vertex 4.99037 21 88
    endloop
  endfacet
  facet normal 0 0 1
    outer loop
      vertex 5 23 88
      vertex 4.83886 21.7617 88
      vertex 4.95212 21.3883 88
    endloop
  endfacet
  facet normal 0 0 1
    outer loop
      vertex 5 23 88
      vertex 4.65493 22.1058 88
      vertex 4.83886 21.7617 88
    endloop
  endfacet
  facet normal 0 0 1
    outer loop
      vertex 5 23 88
      vertex 4.4074 22.4074 88
      vertex 4.65493 22.1058 88
    endloop
  endfacet
  facet normal 0 0 1
    outer loop
      vertex 5 23 88
      vertex 4.10579 22.6549 88
      vertex 4.4074 22.4074 88
    endloop
  endfacet
  facet normal 0 0 1
    outer loop
      vertex 5 23 88
      vertex 3.76168 22.8389 88
      vertex 4.10579 22.6549 88
    endloop
  endfacet
  facet normal 0 0 1
    outer loop
      vertex 5 23 88
      vertex 3.3883 22.9521 88
      vertex 3.76168 22.8389 88
    endloop
  endfacet
  facet normal 0 0 1
    outer loop
      vertex 5 23 88
      vertex 3 22.9904 88
      vertex 3.3883 22.9521 88
    endloop
  endfacet
  facet normal 0 0 1
    outer loop
      vertex 5 23 88
      vertex 2 22.9904 88
      vertex 3 22.9904 88
    endloop
  endfacet
  facet normal 0 0 1
    outer loop
      vertex 0.00963116 21 88
      vertex 0 23 88
      vertex 0.00963116 2 88
    endloop
  endfacet
  facet normal 0 0 1
    outer loop
      vertex 0.0478754 21.3883 88
      vertex 0 23 88
      vertex 0.00963116 21 88
    endloop
  endfacet
  facet normal 0 0 1
    outer loop
      vertex 0.161139 21.7617 88
      vertex 0 23 88
      vertex 0.0478754 21.3883 88
    endloop
  endfacet
  facet normal 0 0 1
    outer loop
      vertex 0.345069 22.1058 88
      vertex 0 23 88
      vertex 0.161139 21.7617 88
    endloop
  endfacet
  facet normal 0 0 1
    outer loop
      vertex 0.592597 22.4074 88
      vertex 0 23 88
      vertex 0.345069 22.1058 88
    endloop
  endfacet
  facet normal 0 0 1
    outer loop
      vertex 0.894211 22.6549 88
      vertex 0 23 88
      vertex 0.592597 22.4074 88
    endloop
  endfacet
  facet normal 0 0 1
    outer loop
      vertex 1.23832 22.8389 88
      vertex 0 23 88
      vertex 0.894211 22.6549 88
    endloop
  endfacet
  facet normal 0 0 1
    outer loop
      vertex 1.6117 22.9521 88
      vertex 0 23 88
      vertex 1.23832 22.8389 88
    endloop
  endfacet
  facet normal 0 0 1
    outer loop
      vertex 2 22.9904 88
      vertex 0 23 88
      vertex 1.6117 22.9521 88
    endloop
  endfacet
  facet normal -0 0 1
    outer loop
      vertex 0 23 88
      vertex 2 22.9904 88
      vertex 5 23 88
    endloop
  endfacet
  facet normal -0 0 1
    outer loop
      vertex 4.99037 2 88
      vertex 5 0 88
      vertex 4.99037 21 88
    endloop
  endfacet
  facet normal -0 0 1
    outer loop
      vertex 4.95212 1.6117 88
      vertex 5 0 88
      vertex 4.99037 2 88
    endloop
  endfacet
  facet normal -0 0 1
    outer loop
      vertex 4.83886 1.23832 88
      vertex 5 0 88
      vertex 4.95212 1.6117 88
    endloop
  endfacet
  facet normal -0 0 1
    outer loop
      vertex 4.65493 0.894211 88
      vertex 5 0 88
      vertex 4.83886 1.23832 88
    endloop
  endfacet
  facet normal -0 0 1
    outer loop
      vertex 4.4074 0.592597 88
      vertex 5 0 88
      vertex 4.65493 0.894211 88
    endloop
  endfacet
  facet normal -0 0 1
    outer loop
      vertex 4.10579 0.345069 88
      vertex 5 0 88
      vertex 4.4074 0.592597 88
    endloop
  endfacet
  facet normal -0 0 1
    outer loop
      vertex 3.76168 0.161139 88
      vertex 5 0 88
      vertex 4.10579 0.345069 88
    endloop
  endfacet
  facet normal -0 0 1
    outer loop
      vertex 3.3883 0.0478754 88
      vertex 5 0 88
      vertex 3.76168 0.161139 88
    endloop
  endfacet
  facet normal -0 0 1
    outer loop
      vertex 3 0.00963116 88
      vertex 5 0 88
      vertex 3.3883 0.0478754 88
    endloop
  endfacet
  facet normal -0 0 1
    outer loop
      vertex 2 0.00963116 88
      vertex 5 0 88
      vertex 3 0.00963116 88
    endloop
  endfacet
  facet normal 0 0 1
    outer loop
      vertex 2 0.00963116 88
      vertex 0 0 88
      vertex 5 0 88
    endloop
  endfacet
  facet normal 0 0 1
    outer loop
      vertex 1.6117 0.0478754 88
      vertex 0 0 88
      vertex 2 0.00963116 88
    endloop
  endfacet
  facet normal 0 0 1
    outer loop
      vertex 1.23832 0.161139 88
      vertex 0 0 88
      vertex 1.6117 0.0478754 88
    endloop
  endfacet
  facet normal 0 0 1
    outer loop
      vertex 0.894211 0.345069 88
      vertex 0 0 88
      vertex 1.23832 0.161139 88
    endloop
  endfacet
  facet normal 0 0 1
    outer loop
      vertex 0.592597 0.592597 88
      vertex 0 0 88
      vertex 0.894211 0.345069 88
    endloop
  endfacet
  facet normal 0 0 1
    outer loop
      vertex 0.345069 0.894211 88
      vertex 0 0 88
      vertex 0.592597 0.592597 88
    endloop
  endfacet
  facet normal 0 0 1
    outer loop
      vertex 0.161139 1.23832 88
      vertex 0 0 88
      vertex 0.345069 0.894211 88
    endloop
  endfacet
  facet normal 0 0 1
    outer loop
      vertex 0.0478754 1.6117 88
      vertex 0 0 88
      vertex 0.161139 1.23832 88
    endloop
  endfacet
  facet normal 0 0 1
    outer loop
      vertex 0.00963116 2 88
      vertex 0 0 88
      vertex 0.0478754 1.6117 88
    endloop
  endfacet
  facet normal 0 0 1
    outer loop
      vertex 0 0 88
      vertex 0.00963116 2 88
      vertex 0 23 88
    endloop
  endfacet
  facet normal 0 0 -1
    outer loop
      vertex 54.7159 0 5.8
      vertex 2 1.1445 5.8
      vertex 54.7159 1.1445 5.8
    endloop
  endfacet
  facet normal 0 0 -1
    outer loop
      vertex 0 0 5.8
      vertex 2 1.1445 5.8
      vertex 54.7159 0 5.8
    endloop
  endfacet
  facet normal 0 0 -1
    outer loop
      vertex 0 0 5.8
      vertex 1.8604 1.15825 5.8
      vertex 2 1.1445 5.8
    endloop
  endfacet
  facet normal 0 0 -1
    outer loop
      vertex 0 0 5.8
      vertex 1.8331 1.16094 5.8
      vertex 1.8604 1.15825 5.8
    endloop
  endfacet
  facet normal 0 0 -1
    outer loop
      vertex 0 0 5.8
      vertex 1.80685 1.1689 5.8
      vertex 1.8331 1.16094 5.8
    endloop
  endfacet
  facet normal 0 0 -1
    outer loop
      vertex 0 0 5.8
      vertex 1.67261 1.20962 5.8
      vertex 1.80685 1.1689 5.8
    endloop
  endfacet
  facet normal 0 0 -1
    outer loop
      vertex 0 0 5.8
      vertex 1.5489 1.27575 5.8
      vertex 1.67261 1.20962 5.8
    endloop
  endfacet
  facet normal 0 0 -1
    outer loop
      vertex 0 0 5.8
      vertex 1.52471 1.28868 5.8
      vertex 1.5489 1.27575 5.8
    endloop
  endfacet
  facet normal 0 0 -1
    outer loop
      vertex 0 0 5.8
      vertex 1.50351 1.30608 5.8
      vertex 1.52471 1.28868 5.8
    endloop
  endfacet
  facet normal 0 0 -1
    outer loop
      vertex 0 0 5.8
      vertex 1.39507 1.39507 5.8
      vertex 1.50351 1.30608 5.8
    endloop
  endfacet
  facet normal 0 0 -1
    outer loop
      vertex 0 0 5.8
      vertex 1.30608 1.50351 5.8
      vertex 1.39507 1.39507 5.8
    endloop
  endfacet
  facet normal 0 0 -1
    outer loop
      vertex 0 0 5.8
      vertex 1.28868 1.52471 5.8
      vertex 1.30608 1.50351 5.8
    endloop
  endfacet
  facet normal 0 0 -1
    outer loop
      vertex 0 0 5.8
      vertex 1.27575 1.5489 5.8
      vertex 1.28868 1.52471 5.8
    endloop
  endfacet
  facet normal 0 0 -1
    outer loop
      vertex 0 0 5.8
      vertex 1.20962 1.67261 5.8
      vertex 1.27575 1.5489 5.8
    endloop
  endfacet
  facet normal 0 0 -1
    outer loop
      vertex 0 0 5.8
      vertex 1.1689 1.80685 5.8
      vertex 1.20962 1.67261 5.8
    endloop
  endfacet
  facet normal 0 0 -1
    outer loop
      vertex 0 0 5.8
      vertex 1.16094 1.8331 5.8
      vertex 1.1689 1.80685 5.8
    endloop
  endfacet
  facet normal 0 0 -1
    outer loop
      vertex 0 0 5.8
      vertex 1.15825 1.8604 5.8
      vertex 1.16094 1.8331 5.8
    endloop
  endfacet
  facet normal 0 0 -1
    outer loop
      vertex 0 0 5.8
      vertex 1.1445 2 5.8
      vertex 1.15825 1.8604 5.8
    endloop
  endfacet
  facet normal 0 0 -1
    outer loop
      vertex 0 7.5 5.8
      vertex 1.1445 2 5.8
      vertex 0 0 5.8
    endloop
  endfacet
  facet normal 0 0 -1
    outer loop
      vertex 1.1445 2 5.8
      vertex 0 7.5 5.8
      vertex 1.1445 7.5 5.8
    endloop
  endfacet
  facet normal 0 0 -1
    outer loop
      vertex 1.1445 15.5 5.8
      vertex 0 15.5 5.8
      vertex 1.1445 21 5.8
    endloop
  endfacet
  facet normal 0 0 -1
    outer loop
      vertex 2 21.8555 5.8
      vertex 61 23 5.8
      vertex 61 21.8555 5.8
    endloop
  endfacet
  facet normal 0 0 -1
    outer loop
      vertex 0 23 5.8
      vertex 1.8604 21.8418 5.8
      vertex 1.8331 21.8391 5.8
    endloop
  endfacet
  facet normal 0 0 -1
    outer loop
      vertex 0 23 5.8
      vertex 1.27575 21.4511 5.8
      vertex 1.20962 21.3274 5.8
    endloop
  endfacet
  facet normal 0 0 -1
    outer loop
      vertex 0 23 5.8
      vertex 1.1445 21 5.8
      vertex 0 15.5 5.8
    endloop
  endfacet
  facet normal 0 0 -1
    outer loop
      vertex 1.1445 21 5.8
      vertex 0 23 5.8
      vertex 1.15825 21.1396 5.8
    endloop
  endfacet
  facet normal 0 0 -1
    outer loop
      vertex 2 21.8555 5.8
      vertex 0 23 5.8
      vertex 61 23 5.8
    endloop
  endfacet
  facet normal 0 0 -1
    outer loop
      vertex 1.8604 21.8418 5.8
      vertex 0 23 5.8
      vertex 2 21.8555 5.8
    endloop
  endfacet
  facet normal 0 0 -1
    outer loop
      vertex 1.80685 21.8311 5.8
      vertex 0 23 5.8
      vertex 1.8331 21.8391 5.8
    endloop
  endfacet
  facet normal 0 0 -1
    outer loop
      vertex 1.67261 21.7904 5.8
      vertex 0 23 5.8
      vertex 1.80685 21.8311 5.8
    endloop
  endfacet
  facet normal 0 0 -1
    outer loop
      vertex 1.5489 21.7243 5.8
      vertex 0 23 5.8
      vertex 1.67261 21.7904 5.8
    endloop
  endfacet
  facet normal 0 0 -1
    outer loop
      vertex 1.52471 21.7113 5.8
      vertex 0 23 5.8
      vertex 1.5489 21.7243 5.8
    endloop
  endfacet
  facet normal 0 0 -1
    outer loop
      vertex 1.50351 21.6939 5.8
      vertex 0 23 5.8
      vertex 1.52471 21.7113 5.8
    endloop
  endfacet
  facet normal 0 0 -1
    outer loop
      vertex 1.39507 21.6049 5.8
      vertex 0 23 5.8
      vertex 1.50351 21.6939 5.8
    endloop
  endfacet
  facet normal 0 0 -1
    outer loop
      vertex 1.30608 21.4965 5.8
      vertex 0 23 5.8
      vertex 1.39507 21.6049 5.8
    endloop
  endfacet
  facet normal 0 0 -1
    outer loop
      vertex 1.28868 21.4753 5.8
      vertex 0 23 5.8
      vertex 1.30608 21.4965 5.8
    endloop
  endfacet
  facet normal 0 0 -1
    outer loop
      vertex 1.27575 21.4511 5.8
      vertex 0 23 5.8
      vertex 1.28868 21.4753 5.8
    endloop
  endfacet
  facet normal 0 0 -1
    outer loop
      vertex 1.1689 21.1931 5.8
      vertex 0 23 5.8
      vertex 1.20962 21.3274 5.8
    endloop
  endfacet
  facet normal 0 0 -1
    outer loop
      vertex 1.16094 21.1669 5.8
      vertex 0 23 5.8
      vertex 1.1689 21.1931 5.8
    endloop
  endfacet
  facet normal 0 0 -1
    outer loop
      vertex 1.15825 21.1396 5.8
      vertex 0 23 5.8
      vertex 1.16094 21.1669 5.8
    endloop
  endfacet
  facet normal 0 0 -1
    outer loop
      vertex 130 0 5.8
      vertex 128.855 2 5.8
      vertex 130 7.5 5.8
    endloop
  endfacet
  facet normal 0 0 -1
    outer loop
      vertex 130 0 5.8
      vertex 128.842 1.8604 5.8
      vertex 128.855 2 5.8
    endloop
  endfacet
  facet normal 0 0 -1
    outer loop
      vertex 130 0 5.8
      vertex 128.839 1.8331 5.8
      vertex 128.842 1.8604 5.8
    endloop
  endfacet
  facet normal 0 0 -1
    outer loop
      vertex 130 0 5.8
      vertex 128.831 1.80685 5.8
      vertex 128.839 1.8331 5.8
    endloop
  endfacet
  facet normal 0 0 -1
    outer loop
      vertex 130 0 5.8
      vertex 128.79 1.67261 5.8
      vertex 128.831 1.80685 5.8
    endloop
  endfacet
  facet normal 0 0 -1
    outer loop
      vertex 130 0 5.8
      vertex 128.724 1.5489 5.8
      vertex 128.79 1.67261 5.8
    endloop
  endfacet
  facet normal 0 0 -1
    outer loop
      vertex 130 0 5.8
      vertex 128.711 1.52471 5.8
      vertex 128.724 1.5489 5.8
    endloop
  endfacet
  facet normal 0 0 -1
    outer loop
      vertex 130 0 5.8
      vertex 128.694 1.50351 5.8
      vertex 128.711 1.52471 5.8
    endloop
  endfacet
  facet normal 0 0 -1
    outer loop
      vertex 130 0 5.8
      vertex 128.605 1.39507 5.8
      vertex 128.694 1.50351 5.8
    endloop
  endfacet
  facet normal 0 0 -1
    outer loop
      vertex 130 0 5.8
      vertex 128.496 1.30608 5.8
      vertex 128.605 1.39507 5.8
    endloop
  endfacet
  facet normal 0 0 -1
    outer loop
      vertex 130 0 5.8
      vertex 128.475 1.28868 5.8
      vertex 128.496 1.30608 5.8
    endloop
  endfacet
  facet normal 0 0 -1
    outer loop
      vertex 130 0 5.8
      vertex 128.451 1.27575 5.8
      vertex 128.475 1.28868 5.8
    endloop
  endfacet
  facet normal 0 0 -1
    outer loop
      vertex 130 0 5.8
      vertex 128.327 1.20962 5.8
      vertex 128.451 1.27575 5.8
    endloop
  endfacet
  facet normal 0 0 -1
    outer loop
      vertex 130 0 5.8
      vertex 128.193 1.1689 5.8
      vertex 128.327 1.20962 5.8
    endloop
  endfacet
  facet normal 0 0 -1
    outer loop
      vertex 130 0 5.8
      vertex 128.167 1.16094 5.8
      vertex 128.193 1.1689 5.8
    endloop
  endfacet
  facet normal 0 0 -1
    outer loop
      vertex 130 0 5.8
      vertex 128.14 1.15825 5.8
      vertex 128.167 1.16094 5.8
    endloop
  endfacet
  facet normal 0 0 -1
    outer loop
      vertex 130 0 5.8
      vertex 128 1.1445 5.8
      vertex 128.14 1.15825 5.8
    endloop
  endfacet
  facet normal 0 0 -1
    outer loop
      vertex 75.2841 0 5.8
      vertex 128 1.1445 5.8
      vertex 130 0 5.8
    endloop
  endfacet
  facet normal -0 0 -1
    outer loop
      vertex 128 1.1445 5.8
      vertex 75.2841 0 5.8
      vertex 75.2841 1.1445 5.8
    endloop
  endfacet
  facet normal -0 0 -1
    outer loop
      vertex 130 7.5 5.8
      vertex 128.855 2 5.8
      vertex 128.855 7.5 5.8
    endloop
  endfacet
  facet normal 0 0 -1
    outer loop
      vertex 128.855 21 5.8
      vertex 130 15.5 5.8
      vertex 128.855 15.5 5.8
    endloop
  endfacet
  facet normal 0 0 -1
    outer loop
      vertex 130 15.5 5.8
      vertex 128.855 21 5.8
      vertex 130 23 5.8
    endloop
  endfacet
  facet normal 0 0 -1
    outer loop
      vertex 128.842 21.1396 5.8
      vertex 130 23 5.8
      vertex 128.855 21 5.8
    endloop
  endfacet
  facet normal 0 0 -1
    outer loop
      vertex 128.839 21.1669 5.8
      vertex 130 23 5.8
      vertex 128.842 21.1396 5.8
    endloop
  endfacet
  facet normal 0 0 -1
    outer loop
      vertex 128.831 21.1931 5.8
      vertex 130 23 5.8
      vertex 128.839 21.1669 5.8
    endloop
  endfacet
  facet normal 0 0 -1
    outer loop
      vertex 128.79 21.3274 5.8
      vertex 130 23 5.8
      vertex 128.831 21.1931 5.8
    endloop
  endfacet
  facet normal 0 0 -1
    outer loop
      vertex 128.724 21.4511 5.8
      vertex 130 23 5.8
      vertex 128.79 21.3274 5.8
    endloop
  endfacet
  facet normal 0 0 -1
    outer loop
      vertex 128.711 21.4753 5.8
      vertex 130 23 5.8
      vertex 128.724 21.4511 5.8
    endloop
  endfacet
  facet normal 0 0 -1
    outer loop
      vertex 128.694 21.4965 5.8
      vertex 130 23 5.8
      vertex 128.711 21.4753 5.8
    endloop
  endfacet
  facet normal 0 0 -1
    outer loop
      vertex 128.605 21.6049 5.8
      vertex 130 23 5.8
      vertex 128.694 21.4965 5.8
    endloop
  endfacet
  facet normal 0 0 -1
    outer loop
      vertex 128.496 21.6939 5.8
      vertex 130 23 5.8
      vertex 128.605 21.6049 5.8
    endloop
  endfacet
  facet normal 0 0 -1
    outer loop
      vertex 128.475 21.7113 5.8
      vertex 130 23 5.8
      vertex 128.496 21.6939 5.8
    endloop
  endfacet
  facet normal 0 0 -1
    outer loop
      vertex 128.451 21.7243 5.8
      vertex 130 23 5.8
      vertex 128.475 21.7113 5.8
    endloop
  endfacet
  facet normal 0 0 -1
    outer loop
      vertex 128.327 21.7904 5.8
      vertex 130 23 5.8
      vertex 128.451 21.7243 5.8
    endloop
  endfacet
  facet normal 0 0 -1
    outer loop
      vertex 128.193 21.8311 5.8
      vertex 130 23 5.8
      vertex 128.327 21.7904 5.8
    endloop
  endfacet
  facet normal 0 0 -1
    outer loop
      vertex 128.167 21.8391 5.8
      vertex 130 23 5.8
      vertex 128.193 21.8311 5.8
    endloop
  endfacet
  facet normal 0 0 -1
    outer loop
      vertex 128.14 21.8418 5.8
      vertex 130 23 5.8
      vertex 128.167 21.8391 5.8
    endloop
  endfacet
  facet normal 0 0 -1
    outer loop
      vertex 128 21.8555 5.8
      vertex 130 23 5.8
      vertex 128.14 21.8418 5.8
    endloop
  endfacet
  facet normal 0 0 -1
    outer loop
      vertex 69 23 5.8
      vertex 128 21.8555 5.8
      vertex 69 21.8555 5.8
    endloop
  endfacet
  facet normal 0 0 -1
    outer loop
      vertex 128 21.8555 5.8
      vertex 69 23 5.8
      vertex 130 23 5.8
    endloop
  endfacet
  facet normal -1 0 0
    outer loop
      vertex 0 7.5 5.8
      vertex 0 0 5.8
      vertex 0 7.5 76
    endloop
  endfacet
  facet normal -1 0 0
    outer loop
      vertex 0 15.5 76
      vertex 0 23 5.8
      vertex 0 15.5 5.8
    endloop
  endfacet
  facet normal -1 0 0
    outer loop
      vertex 0 23 5.8
      vertex 0 15.5 76
      vertex 0 23 88
    endloop
  endfacet
  facet normal -1 0 0
    outer loop
      vertex 0 14.4424 76.5853
      vertex 0 15.5 76
      vertex 0 14.5 76
    endloop
  endfacet
  facet normal -1 0 0
    outer loop
      vertex 0 14.2716 77.148
      vertex 0 15.5 76
      vertex 0 14.4424 76.5853
    endloop
  endfacet
  facet normal -1 0 0
    outer loop
      vertex 0 13.9944 77.6667
      vertex 0 15.5 76
      vertex 0 14.2716 77.148
    endloop
  endfacet
  facet normal -1 0 0
    outer loop
      vertex 0 15.5 76
      vertex 0 13.9944 77.6667
      vertex 0 23 88
    endloop
  endfacet
  facet normal -1 0 0
    outer loop
      vertex 0 13.6213 78.1213
      vertex 0 23 88
      vertex 0 13.9944 77.6667
    endloop
  endfacet
  facet normal -1 0 0
    outer loop
      vertex 0 13.1667 78.4944
      vertex 0 23 88
      vertex 0 13.6213 78.1213
    endloop
  endfacet
  facet normal -1 0 0
    outer loop
      vertex 0 12.648 78.7716
      vertex 0 23 88
      vertex 0 13.1667 78.4944
    endloop
  endfacet
  facet normal -1 0 0
    outer loop
      vertex 0 12.0853 78.9424
      vertex 0 23 88
      vertex 0 12.648 78.7716
    endloop
  endfacet
  facet normal -1 0 0
    outer loop
      vertex 0 11.5 79
      vertex 0 23 88
      vertex 0 12.0853 78.9424
    endloop
  endfacet
  facet normal -1 0 0
    outer loop
      vertex 0 0 88
      vertex 0 11.5 79
      vertex 0 10.9147 78.9424
    endloop
  endfacet
  facet normal -1 0 0
    outer loop
      vertex 0 0 88
      vertex 0 10.9147 78.9424
      vertex 0 10.3519 78.7716
    endloop
  endfacet
  facet normal -1 0 0
    outer loop
      vertex 0 0 88
      vertex 0 10.3519 78.7716
      vertex 0 9.83329 78.4944
    endloop
  endfacet
  facet normal -1 0 0
    outer loop
      vertex 0 7.5 76
      vertex 0 8.55764 76.5853
      vertex 0 8.5 76
    endloop
  endfacet
  facet normal -1 0 0
    outer loop
      vertex 0 7.5 76
      vertex 0 8.72836 77.148
      vertex 0 8.55764 76.5853
    endloop
  endfacet
  facet normal -1 0 0
    outer loop
      vertex 0 7.5 76
      vertex 0 9.00559 77.6667
      vertex 0 8.72836 77.148
    endloop
  endfacet
  facet normal -1 0 0
    outer loop
      vertex 0 0 88
      vertex 0 9.00559 77.6667
      vertex 0 7.5 76
    endloop
  endfacet
  facet normal -1 0 0
    outer loop
      vertex 0 11.5 79
      vertex 0 0 88
      vertex 0 23 88
    endloop
  endfacet
  facet normal -1 0 0
    outer loop
      vertex 0 9.37868 78.1213
      vertex 0 0 88
      vertex 0 9.83329 78.4944
    endloop
  endfacet
  facet normal -1 0 0
    outer loop
      vertex 0 9.00559 77.6667
      vertex 0 0 88
      vertex 0 9.37868 78.1213
    endloop
  endfacet
  facet normal -1 0 0
    outer loop
      vertex 0 0 88
      vertex 0 7.5 76
      vertex 0 0 5.8
    endloop
  endfacet
  facet normal 0 1 0
    outer loop
      vertex 130 23 88
      vertex 125 23 74
      vertex 125 23 88
    endloop
  endfacet
  facet normal 0 1 0
    outer loop
      vertex 125 23 74
      vertex 65 23 65
      vertex 5 23 74
    endloop
  endfacet
  facet normal 0 1 0
    outer loop
      vertex 125 23 74
      vertex 65.5853 23 64.9424
      vertex 65 23 65
    endloop
  endfacet
  facet normal 0 1 0
    outer loop
      vertex 125 23 74
      vertex 66.148 23 64.7716
      vertex 65.5853 23 64.9424
    endloop
  endfacet
  facet normal 0 1 0
    outer loop
      vertex 125 23 74
      vertex 66.6667 23 64.4944
      vertex 66.148 23 64.7716
    endloop
  endfacet
  facet normal 0 1 0
    outer loop
      vertex 125 23 74
      vertex 67.1213 23 64.1213
      vertex 66.6667 23 64.4944
    endloop
  endfacet
  facet normal 0 1 0
    outer loop
      vertex 125 23 74
      vertex 67.4944 23 63.6667
      vertex 67.1213 23 64.1213
    endloop
  endfacet
  facet normal 0 1 -0
    outer loop
      vertex 69 23 62
      vertex 67.4944 23 63.6667
      vertex 125 23 74
    endloop
  endfacet
  facet normal 0 1 0
    outer loop
      vertex 67.4944 23 63.6667
      vertex 69 23 62
      vertex 67.7716 23 63.148
    endloop
  endfacet
  facet normal 0 1 0
    outer loop
      vertex 67.7716 23 63.148
      vertex 69 23 62
      vertex 67.9424 23 62.5853
    endloop
  endfacet
  facet normal 0 1 -0
    outer loop
      vertex 130 23 5.8
      vertex 125 23 74
      vertex 130 23 88
    endloop
  endfacet
  facet normal 0 1 0
    outer loop
      vertex 130 23 5.8
      vertex 69 23 62
      vertex 125 23 74
    endloop
  endfacet
  facet normal 0 1 0
    outer loop
      vertex 69 23 62
      vertex 130 23 5.8
      vertex 69 23 5.8
    endloop
  endfacet
  facet normal 0 1 -0
    outer loop
      vertex 5 23 74
      vertex 0 23 88
      vertex 5 23 88
    endloop
  endfacet
  facet normal 0 1 -0
    outer loop
      vertex 64.4147 23 64.9424
      vertex 5 23 74
      vertex 65 23 65
    endloop
  endfacet
  facet normal 0 1 -0
    outer loop
      vertex 63.852 23 64.7716
      vertex 5 23 74
      vertex 64.4147 23 64.9424
    endloop
  endfacet
  facet normal 0 1 -0
    outer loop
      vertex 63.3333 23 64.4944
      vertex 5 23 74
      vertex 63.852 23 64.7716
    endloop
  endfacet
  facet normal 0 1 -0
    outer loop
      vertex 62.8787 23 64.1213
      vertex 5 23 74
      vertex 63.3333 23 64.4944
    endloop
  endfacet
  facet normal 0 1 -0
    outer loop
      vertex 62.5056 23 63.6667
      vertex 5 23 74
      vertex 62.8787 23 64.1213
    endloop
  endfacet
  facet normal 0 1 0
    outer loop
      vertex 61 23 62
      vertex 62.5056 23 63.6667
      vertex 62.2284 23 63.148
    endloop
  endfacet
  facet normal 0 1 0
    outer loop
      vertex 61 23 62
      vertex 62.2284 23 63.148
      vertex 62.0576 23 62.5853
    endloop
  endfacet
  facet normal 0 1 0
    outer loop
      vertex 61 23 62
      vertex 62.0576 23 62.5853
      vertex 62 23 62
    endloop
  endfacet
  facet normal 0 1 0
    outer loop
      vertex 62.5056 23 63.6667
      vertex 61 23 62
      vertex 5 23 74
    endloop
  endfacet
  facet normal 0 1 0
    outer loop
      vertex 0 23 5.8
      vertex 61 23 62
      vertex 61 23 5.8
    endloop
  endfacet
  facet normal 0 1 0
    outer loop
      vertex 5 23 74
      vertex 0 23 5.8
      vertex 0 23 88
    endloop
  endfacet
  facet normal 0 1 0
    outer loop
      vertex 61 23 62
      vertex 0 23 5.8
      vertex 5 23 74
    endloop
  endfacet
  facet normal 0 1 0
    outer loop
      vertex 67.9424 23 62.5853
      vertex 69 23 62
      vertex 68 23 62
    endloop
  endfacet
  facet normal 0 -1 0
    outer loop
      vertex 0 0 88
      vertex 5 0 22
      vertex 5 0 88
    endloop
  endfacet
  facet normal 0 -1 0
    outer loop
      vertex 5 0 22
      vertex 44 0 14
      vertex 44 0 22
    endloop
  endfacet
  facet normal 0 -1 0
    outer loop
      vertex 44 0 14
      vertex 47.5391 0 12.333
      vertex 46.6481 0 14
    endloop
  endfacet
  facet normal 0 -1 0
    outer loop
      vertex 0 0 5.8
      vertex 44 0 14
      vertex 5 0 22
    endloop
  endfacet
  facet normal -0 -1 0
    outer loop
      vertex 50.1508 0 9.15076
      vertex 44 0 14
      vertex 0 0 5.8
    endloop
  endfacet
  facet normal 0 -1 0
    outer loop
      vertex 44 0 14
      vertex 50.1508 0 9.15076
      vertex 47.5391 0 12.333
    endloop
  endfacet
  facet normal 0 -1 0
    outer loop
      vertex 0 0 5.8
      vertex 5 0 22
      vertex 0 0 88
    endloop
  endfacet
  facet normal 0 -1 -0
    outer loop
      vertex 50.1508 0 9.15076
      vertex 0 0 5.8
      vertex 53.333 0 6.53914
    endloop
  endfacet
  facet normal 0 -1 -0
    outer loop
      vertex 53.333 0 6.53914
      vertex 0 0 5.8
      vertex 54.7159 0 5.8
    endloop
  endfacet
  facet normal 0 -1 -0
    outer loop
      vertex 83.3519 0 14
      vertex 82.4609 0 12.333
      vertex 86 0 14
    endloop
  endfacet
  facet normal 0 -1 0
    outer loop
      vertex 86 0 22
      vertex 86 0 14
      vertex 125 0 22
    endloop
  endfacet
  facet normal 0 -1 0
    outer loop
      vertex 125 0 22
      vertex 130 0 88
      vertex 125 0 88
    endloop
  endfacet
  facet normal 0 -1 0
    outer loop
      vertex 79.8492 0 9.15076
      vertex 86 0 14
      vertex 82.4609 0 12.333
    endloop
  endfacet
  facet normal 0 -1 -0
    outer loop
      vertex 86 0 14
      vertex 79.8492 0 9.15076
      vertex 130 0 5.8
    endloop
  endfacet
  facet normal 0 -1 0
    outer loop
      vertex 130 0 5.8
      vertex 79.8492 0 9.15076
      vertex 76.667 0 6.53914
    endloop
  endfacet
  facet normal 0 -1 0
    outer loop
      vertex 130 0 5.8
      vertex 76.667 0 6.53914
      vertex 75.2841 0 5.8
    endloop
  endfacet
  facet normal 0 -1 0
    outer loop
      vertex 125 0 22
      vertex 130 0 5.8
      vertex 130 0 88
    endloop
  endfacet
  facet normal 0 -1 0
    outer loop
      vertex 86 0 14
      vertex 130 0 5.8
      vertex 125 0 22
    endloop
  endfacet
  facet normal 0 0 -1
    outer loop
      vertex 0 14.5 76
      vertex 5 15.5 76
      vertex 5 14.5 76
    endloop
  endfacet
  facet normal -0 0 -1
    outer loop
      vertex 5 15.5 76
      vertex 0 14.5 76
      vertex 0 15.5 76
    endloop
  endfacet
  facet normal 0 0 -1
    outer loop
      vertex 0 7.5 76
      vertex 5 8.5 76
      vertex 5 7.5 76
    endloop
  endfacet
  facet normal -0 0 -1
    outer loop
      vertex 5 8.5 76
      vertex 0 7.5 76
      vertex 0 8.5 76
    endloop
  endfacet
  facet normal 0 -1 0
    outer loop
      vertex 0 15.5 76
      vertex 1.80397 15.5 5.99037
      vertex 5 15.5 76
    endloop
  endfacet
  facet normal 0 -1 0
    outer loop
      vertex 0 15.5 5.8
      vertex 1.80397 15.5 5.99037
      vertex 0 15.5 76
    endloop
  endfacet
  facet normal 0 -1 0
    outer loop
      vertex 1.80397 15.5 5.99037
      vertex 0 15.5 5.8
      vertex 1.41943 15.5 5.91388
    endloop
  endfacet
  facet normal 0 -1 0
    outer loop
      vertex 1.41943 15.5 5.91388
      vertex 0 15.5 5.8
      vertex 1.1445 15.5 5.8
    endloop
  endfacet
  facet normal 0 -1 -0
    outer loop
      vertex 5 15.5 76
      vertex 1.80397 15.5 5.99037
      vertex 5 15.5 5.99037
    endloop
  endfacet
  facet normal 0 1 0
    outer loop
      vertex 1.80397 7.5 5.99037
      vertex 5 7.5 76
      vertex 5 7.5 5.99037
    endloop
  endfacet
  facet normal 0 1 0
    outer loop
      vertex 5 7.5 76
      vertex 1.80397 7.5 5.99037
      vertex 0 7.5 76
    endloop
  endfacet
  facet normal 0 1 0
    outer loop
      vertex 0 7.5 5.8
      vertex 1.80397 7.5 5.99037
      vertex 1.41943 7.5 5.91388
    endloop
  endfacet
  facet normal 0 1 0
    outer loop
      vertex 0 7.5 5.8
      vertex 1.41943 7.5 5.91388
      vertex 1.1445 7.5 5.8
    endloop
  endfacet
  facet normal 0 1 0
    outer loop
      vertex 1.80397 7.5 5.99037
      vertex 0 7.5 5.8
      vertex 0 7.5 76
    endloop
  endfacet
  facet normal 0 0.773003 -0.634403
    outer loop
      vertex 5 9.00559 77.6667
      vertex 0 9.37868 78.1213
      vertex 5 9.37868 78.1213
    endloop
  endfacet
  facet normal 0 0.773003 -0.634403
    outer loop
      vertex 0 9.37868 78.1213
      vertex 5 9.00559 77.6667
      vertex 0 9.00559 77.6667
    endloop
  endfacet
  facet normal 0 0.471393 -0.881923
    outer loop
      vertex 0 9.83329 78.4944
      vertex 5 10.3519 78.7716
      vertex 5 9.83329 78.4944
    endloop
  endfacet
  facet normal 0 0.471393 -0.881923
    outer loop
      vertex 5 10.3519 78.7716
      vertex 0 9.83329 78.4944
      vertex 0 10.3519 78.7716
    endloop
  endfacet
  facet normal 0 -0.772994 -0.634413
    outer loop
      vertex 0 13.9944 77.6667
      vertex 5 13.6213 78.1213
      vertex 0 13.6213 78.1213
    endloop
  endfacet
  facet normal 0 -0.772994 -0.634413
    outer loop
      vertex 5 13.6213 78.1213
      vertex 0 13.9944 77.6667
      vertex 5 13.9944 77.6667
    endloop
  endfacet
  facet normal 0 -0.95689 -0.290451
    outer loop
      vertex 0 14.4424 76.5853
      vertex 5 14.2716 77.148
      vertex 0 14.2716 77.148
    endloop
  endfacet
  facet normal 0 -0.95689 -0.290451
    outer loop
      vertex 5 14.2716 77.148
      vertex 0 14.4424 76.5853
      vertex 5 14.4424 76.5853
    endloop
  endfacet
  facet normal 0 0.956928 -0.290326
    outer loop
      vertex 5 8.55764 76.5853
      vertex 0 8.72836 77.148
      vertex 5 8.72836 77.148
    endloop
  endfacet
  facet normal 0 0.956928 -0.290326
    outer loop
      vertex 0 8.72836 77.148
      vertex 5 8.55764 76.5853
      vertex 0 8.55764 76.5853
    endloop
  endfacet
  facet normal 0 0.290404 -0.956904
    outer loop
      vertex 0 10.3519 78.7716
      vertex 5 10.9147 78.9424
      vertex 5 10.3519 78.7716
    endloop
  endfacet
  facet normal 0 0.290404 -0.956904
    outer loop
      vertex 5 10.9147 78.9424
      vertex 0 10.3519 78.7716
      vertex 0 10.9147 78.9424
    endloop
  endfacet
  facet normal 0 0.995186 -0.0980053
    outer loop
      vertex 5 8.5 76
      vertex 0 8.55764 76.5853
      vertex 5 8.55764 76.5853
    endloop
  endfacet
  facet normal 0 0.995186 -0.0980053
    outer loop
      vertex 0 8.55764 76.5853
      vertex 5 8.5 76
      vertex 0 8.5 76
    endloop
  endfacet
  facet normal 0 -0.634413 -0.772994
    outer loop
      vertex 0 13.1667 78.4944
      vertex 5 13.6213 78.1213
      vertex 5 13.1667 78.4944
    endloop
  endfacet
  facet normal -0 -0.634413 -0.772994
    outer loop
      vertex 5 13.6213 78.1213
      vertex 0 13.1667 78.4944
      vertex 0 13.6213 78.1213
    endloop
  endfacet
  facet normal 0 -0.097938 -0.995193
    outer loop
      vertex 0 11.5 79
      vertex 5 12.0853 78.9424
      vertex 5 11.5 79
    endloop
  endfacet
  facet normal -0 -0.097938 -0.995193
    outer loop
      vertex 5 12.0853 78.9424
      vertex 0 11.5 79
      vertex 0 12.0853 78.9424
    endloop
  endfacet
  facet normal 0 -0.471329 -0.881957
    outer loop
      vertex 0 12.648 78.7716
      vertex 5 13.1667 78.4944
      vertex 5 12.648 78.7716
    endloop
  endfacet
  facet normal -0 -0.471329 -0.881957
    outer loop
      vertex 5 13.1667 78.4944
      vertex 0 12.648 78.7716
      vertex 0 13.1667 78.4944
    endloop
  endfacet
  facet normal 0 0.634405 -0.773001
    outer loop
      vertex 0 9.37868 78.1213
      vertex 5 9.83329 78.4944
      vertex 5 9.37868 78.1213
    endloop
  endfacet
  facet normal 0 0.634405 -0.773001
    outer loop
      vertex 5 9.83329 78.4944
      vertex 0 9.37868 78.1213
      vertex 0 9.83329 78.4944
    endloop
  endfacet
  facet normal 0 -0.881957 -0.471329
    outer loop
      vertex 0 14.2716 77.148
      vertex 5 13.9944 77.6667
      vertex 0 13.9944 77.6667
    endloop
  endfacet
  facet normal 0 -0.881957 -0.471329
    outer loop
      vertex 5 13.9944 77.6667
      vertex 0 14.2716 77.148
      vertex 5 14.2716 77.148
    endloop
  endfacet
  facet normal 0 -0.995193 -0.097938
    outer loop
      vertex 0 14.5 76
      vertex 5 14.4424 76.5853
      vertex 0 14.4424 76.5853
    endloop
  endfacet
  facet normal 0 -0.995193 -0.097938
    outer loop
      vertex 5 14.4424 76.5853
      vertex 0 14.5 76
      vertex 5 14.5 76
    endloop
  endfacet
  facet normal 0 0.097938 -0.995193
    outer loop
      vertex 0 10.9147 78.9424
      vertex 5 11.5 79
      vertex 5 10.9147 78.9424
    endloop
  endfacet
  facet normal 0 0.097938 -0.995193
    outer loop
      vertex 5 11.5 79
      vertex 0 10.9147 78.9424
      vertex 0 11.5 79
    endloop
  endfacet
  facet normal 0 0.881936 -0.471369
    outer loop
      vertex 5 8.72836 77.148
      vertex 0 9.00559 77.6667
      vertex 5 9.00559 77.6667
    endloop
  endfacet
  facet normal 0 0.881936 -0.471369
    outer loop
      vertex 0 9.00559 77.6667
      vertex 5 8.72836 77.148
      vertex 0 8.72836 77.148
    endloop
  endfacet
  facet normal 0 -0.290451 -0.95689
    outer loop
      vertex 0 12.0853 78.9424
      vertex 5 12.648 78.7716
      vertex 5 12.0853 78.9424
    endloop
  endfacet
  facet normal -0 -0.290451 -0.95689
    outer loop
      vertex 5 12.648 78.7716
      vertex 0 12.0853 78.9424
      vertex 0 12.648 78.7716
    endloop
  endfacet
  facet normal -0.0193026 -0.195079 0.980598
    outer loop
      vertex 127 1.80397 89.9904
      vertex 126.962 1.80773 89.9904
      vertex 127 1.41943 89.9139
    endloop
  endfacet
  facet normal 0.0919414 -0.173086 0.980606
    outer loop
      vertex 128.323 1.51727 89.9139
      vertex 128.109 1.837 89.9904
      vertex 128.222 1.46362 89.9139
    endloop
  endfacet
  facet normal -0.587113 0.71449 0.380528
    outer loop
      vertex 125.937 22.5913 88.5806
      vertex 125.753 22.2472 88.9428
      vertex 126.02 22.4666 88.9428
    endloop
  endfacet
  facet normal -0.1733 0.0915741 0.980603
    outer loop
      vertex 126.517 21.3225 89.9139
      vertex 126.464 21.2222 89.9139
      vertex 126.837 21.1089 89.9904
    endloop
  endfacet
  facet normal 0.555524 0 0.831501
    outer loop
      vertex 128.943 21 89.7638
      vertex 129.269 2 89.546
      vertex 129.269 21 89.546
    endloop
  endfacet
  facet normal 0.555524 0 0.831501
    outer loop
      vertex 129.269 2 89.546
      vertex 128.943 21 89.7638
      vertex 128.943 2 89.7638
    endloop
  endfacet
  facet normal -0.173181 0.0919545 0.980588
    outer loop
      vertex 126.837 21.1089 89.9904
      vertex 126.464 21.2222 89.9139
      vertex 126.819 21.075 89.9904
    endloop
  endfacet
  facet normal 0.976539 0.0955665 0.192972
    outer loop
      vertex 129.952 21.3883 88.196
      vertex 129.914 21 88.5806
      vertex 129.99 21 88.196
    endloop
  endfacet
  facet normal -0.0567973 0.187634 0.980596
    outer loop
      vertex 126.962 21.1923 89.9904
      vertex 126.778 21.5364 89.9139
      vertex 126.925 21.1811 89.9904
    endloop
  endfacet
  facet normal -1 0 0
    outer loop
      vertex 125.01 2 88
      vertex 125.01 21 88.196
      vertex 125.01 21 88
    endloop
  endfacet
  facet normal -1 -0 0
    outer loop
      vertex 125.01 21 88.196
      vertex 125.01 2 88
      vertex 125.01 2 88.196
    endloop
  endfacet
  facet normal 0.976198 0.0967309 0.194114
    outer loop
      vertex 129.952 21.3883 88.196
      vertex 129.877 21.3734 88.5806
      vertex 129.914 21 88.5806
    endloop
  endfacet
  facet normal 0 -0.195115 0.98078
    outer loop
      vertex 127 1.80397 89.9904
      vertex 128 1.41943 89.9139
      vertex 128 1.80397 89.9904
    endloop
  endfacet
  facet normal 0 -0.195115 0.98078
    outer loop
      vertex 128 1.41943 89.9139
      vertex 127 1.80397 89.9904
      vertex 127 1.41943 89.9139
    endloop
  endfacet
  facet normal 0.194851 0.0204032 0.980621
    outer loop
      vertex 128.581 21 89.9139
      vertex 128.192 21.0382 89.9904
      vertex 128.196 21 89.9904
    endloop
  endfacet
  facet normal -0.53325 0.162778 0.830149
    outer loop
      vertex 126.129 21.3608 89.7638
      vertex 125.828 21.4855 89.546
      vertex 126.075 21.1839 89.7638
    endloop
  endfacet
  facet normal 0.284723 0.938618 0.194753
    outer loop
      vertex 128.762 22.8389 88.196
      vertex 128.373 22.8771 88.5806
      vertex 128.732 22.7682 88.5806
    endloop
  endfacet
  facet normal 1 -0 0
    outer loop
      vertex 129.99 2 88.196
      vertex 129.99 21 88
      vertex 129.99 21 88.196
    endloop
  endfacet
  facet normal 1 0 0
    outer loop
      vertex 129.99 21 88
      vertex 129.99 2 88.196
      vertex 129.99 2 88
    endloop
  endfacet
  facet normal 0.625084 -0.334432 0.705284
    outer loop
      vertex 129.428 1.40836 89.2688
      vertex 129.172 1.51446 89.546
      vertex 129.285 1.14108 89.2688
    endloop
  endfacet
  facet normal 0.0193026 -0.195079 0.980598
    outer loop
      vertex 128 1.80397 89.9904
      vertex 128 1.41943 89.9139
      vertex 128.038 1.80773 89.9904
    endloop
  endfacet
  facet normal -0.289844 -0.957074 0
    outer loop
      vertex 126.238 0.161139 88
      vertex 126.612 0.0478754 88.196
      vertex 126.238 0.161139 88.196
    endloop
  endfacet
  facet normal -0.289844 -0.957074 -0
    outer loop
      vertex 126.612 0.0478754 88.196
      vertex 126.238 0.161139 88
      vertex 126.612 0.0478754 88
    endloop
  endfacet
  facet normal 0 -0.980792 0.195058
    outer loop
      vertex 127 0.00963116 88.196
      vertex 128 0.0861197 88.5806
      vertex 127 0.0861197 88.5806
    endloop
  endfacet
  facet normal 0 -0.980792 0.195058
    outer loop
      vertex 128 0.0861197 88.5806
      vertex 127 0.00963116 88.196
      vertex 128 0.00963116 88.196
    endloop
  endfacet
  facet normal 0.090648 -0.920067 0.38113
    outer loop
      vertex 128 0.236158 88.9428
      vertex 128 0.0861197 88.5806
      vertex 128.344 0.27005 88.9428
    endloop
  endfacet
  facet normal 0 -0.707062 0.707151
    outer loop
      vertex 127 0.453979 89.2688
      vertex 128 0.731214 89.546
      vertex 127 0.731214 89.546
    endloop
  endfacet
  facet normal 0 -0.707062 0.707151
    outer loop
      vertex 128 0.731214 89.546
      vertex 127 0.453979 89.2688
      vertex 128 0.453979 89.2688
    endloop
  endfacet
  facet normal -0.124271 0.151465 0.98062
    outer loop
      vertex 126.677 21.4827 89.9139
      vertex 126.589 21.4105 89.9139
      vertex 126.891 21.163 89.9904
    endloop
  endfacet
  facet normal -0.382751 0.0374634 0.923091
    outer loop
      vertex 126.075 21.1839 89.7638
      vertex 126.057 21 89.7638
      vertex 126.419 21 89.9139
    endloop
  endfacet
  facet normal 0.705617 0.0701874 0.705108
    outer loop
      vertex 129.516 21.3016 89.2688
      vertex 129.269 21 89.546
      vertex 129.546 21 89.2688
    endloop
  endfacet
  facet normal -0.678384 -0.205833 0.705286
    outer loop
      vertex 125.828 1.51446 89.546
      vertex 125.484 1.69839 89.2688
      vertex 125.572 1.40836 89.2688
    endloop
  endfacet
  facet normal 0.054526 -0.554676 0.830278
    outer loop
      vertex 128.184 1.07532 89.7638
      vertex 128 0.731214 89.546
      vertex 128.248 0.755593 89.546
    endloop
  endfacet
  facet normal -0.0566208 -0.187721 0.980589
    outer loop
      vertex 126.925 1.81889 89.9904
      vertex 126.778 1.46362 89.9139
      vertex 126.962 1.80773 89.9904
    endloop
  endfacet
  facet normal -0.923905 0 0.382622
    outer loop
      vertex 125.086 2 88.5806
      vertex 125.236 21 88.9428
      vertex 125.086 21 88.5806
    endloop
  endfacet
  facet normal -0.923905 0 0.382622
    outer loop
      vertex 125.236 21 88.9428
      vertex 125.086 2 88.5806
      vertex 125.236 2 88.9428
    endloop
  endfacet
  facet normal 0.622982 -0.757561 0.194923
    outer loop
      vertex 129.407 0.592597 88.196
      vertex 129.063 0.408667 88.5806
      vertex 129.106 0.345069 88.196
    endloop
  endfacet
  facet normal 0.0980923 -0.995177 0
    outer loop
      vertex 128 0.00963116 88
      vertex 128.388 0.0478754 88.196
      vertex 128 0.00963116 88.196
    endloop
  endfacet
  facet normal 0.0980923 -0.995177 0
    outer loop
      vertex 128.388 0.0478754 88.196
      vertex 128 0.00963116 88
      vertex 128.388 0.0478754 88
    endloop
  endfacet
  facet normal 0.38137 -0.0404065 0.923539
    outer loop
      vertex 128.581 2 89.9139
      vertex 128.569 1.88674 89.9139
      vertex 128.925 1.81607 89.7638
    endloop
  endfacet
  facet normal 0.462485 -0.864976 0.194742
    outer loop
      vertex 129.063 0.408667 88.5806
      vertex 128.762 0.161139 88.196
      vertex 129.106 0.345069 88.196
    endloop
  endfacet
  facet normal 0.0192659 -0.195076 0.980599
    outer loop
      vertex 128.038 1.80773 89.9904
      vertex 128 1.41943 89.9139
      vertex 128.113 1.43059 89.9139
    endloop
  endfacet
  facet normal 0.796021 -0.241526 0.554992
    outer loop
      vertex 129.516 1.69839 89.2688
      vertex 129.428 1.40836 89.2688
      vertex 129.63 1.32501 88.9428
    endloop
  endfacet
  facet normal -0.268119 0.884819 0.381062
    outer loop
      vertex 126.627 22.8771 88.5806
      vertex 126.325 22.6296 88.9428
      vertex 126.656 22.7299 88.9428
    endloop
  endfacet
  facet normal -0.795997 0.241544 0.555019
    outer loop
      vertex 125.572 21.5916 89.2688
      vertex 125.37 21.675 88.9428
      vertex 125.484 21.3016 89.2688
    endloop
  endfacet
  facet normal -0.885099 0.267482 0.380858
    outer loop
      vertex 125.37 21.675 88.9428
      vertex 125.123 21.3734 88.5806
      vertex 125.27 21.3441 88.9428
    endloop
  endfacet
  facet normal -0.0189918 0.195051 0.980609
    outer loop
      vertex 127 21.5806 89.9139
      vertex 126.962 21.1923 89.9904
      vertex 127 21.196 89.9904
    endloop
  endfacet
  facet normal -0.957128 -0.289666 0
    outer loop
      vertex 125.161 1.23832 88
      vertex 125.048 1.6117 88.196
      vertex 125.048 1.6117 88
    endloop
  endfacet
  facet normal -0.957128 -0.289666 0
    outer loop
      vertex 125.048 1.6117 88.196
      vertex 125.161 1.23832 88
      vertex 125.161 1.23832 88.196
    endloop
  endfacet
  facet normal 0.152555 0.123277 0.980576
    outer loop
      vertex 128.411 21.4105 89.9139
      vertex 128.139 21.1386 89.9904
      vertex 128.163 21.1089 89.9904
    endloop
  endfacet
  facet normal 0.995246 -0.0973972 0
    outer loop
      vertex 129.952 1.6117 88.196
      vertex 129.99 2 88
      vertex 129.99 2 88.196
    endloop
  endfacet
  facet normal 0.995246 -0.0973972 0
    outer loop
      vertex 129.99 2 88
      vertex 129.952 1.6117 88.196
      vertex 129.952 1.6117 88
    endloop
  endfacet
  facet normal 0.392488 -0.734423 0.553693
    outer loop
      vertex 128.859 0.714531 89.2688
      vertex 128.675 0.370422 88.9428
      vertex 128.98 0.533419 88.9428
    endloop
  endfacet
  facet normal 0.0545958 -0.5547 0.830257
    outer loop
      vertex 128 1.05721 89.7638
      vertex 128 0.731214 89.546
      vertex 128.184 1.07532 89.7638
    endloop
  endfacet
  facet normal 0.704979 -0.0712014 0.705645
    outer loop
      vertex 129.269 2 89.546
      vertex 129.244 1.75247 89.546
      vertex 129.516 1.69839 89.2688
    endloop
  endfacet
  facet normal 0.828438 -0.0824016 0.553986
    outer loop
      vertex 129.546 2 89.2688
      vertex 129.516 1.69839 89.2688
      vertex 129.764 2 88.9428
    endloop
  endfacet
  facet normal 0.205765 -0.678275 0.70541
    outer loop
      vertex 128.486 0.827794 89.546
      vertex 128.248 0.755593 89.546
      vertex 128.302 0.483685 89.2688
    endloop
  endfacet
  facet normal -0.831265 0 0.555877
    outer loop
      vertex 125.236 2 88.9428
      vertex 125.454 21 89.2688
      vertex 125.236 21 88.9428
    endloop
  endfacet
  facet normal -0.831265 0 0.555877
    outer loop
      vertex 125.454 21 89.2688
      vertex 125.236 2 88.9428
      vertex 125.454 2 89.2688
    endloop
  endfacet
  facet normal -0.976539 0.0955665 0.192972
    outer loop
      vertex 125.048 21.3883 88.196
      vertex 125.01 21 88.196
      vertex 125.086 21 88.5806
    endloop
  endfacet
  facet normal 0 1 -0
    outer loop
      vertex 128 22.9904 88
      vertex 127 22.9904 88.196
      vertex 128 22.9904 88.196
    endloop
  endfacet
  facet normal 0 1 0
    outer loop
      vertex 127 22.9904 88.196
      vertex 128 22.9904 88
      vertex 127 22.9904 88
    endloop
  endfacet
  facet normal 0.534273 -0.161622 0.829717
    outer loop
      vertex 129.244 1.75247 89.546
      vertex 128.925 1.81607 89.7638
      vertex 129.172 1.51446 89.546
    endloop
  endfacet
  facet normal -0.340109 0.179719 0.923053
    outer loop
      vertex 126.517 21.3225 89.9139
      vertex 126.216 21.5238 89.7638
      vertex 126.464 21.2222 89.9139
    endloop
  endfacet
  facet normal 0.757605 -0.622936 0.1949
    outer loop
      vertex 129.591 0.936706 88.5806
      vertex 129.407 0.592597 88.196
      vertex 129.655 0.894211 88.196
    endloop
  endfacet
  facet normal -0.382752 -0.0374573 0.923092
    outer loop
      vertex 126.419 2 89.9139
      vertex 126.057 2 89.7638
      vertex 126.075 1.81607 89.7638
    endloop
  endfacet
  facet normal -0.707362 0 0.706852
    outer loop
      vertex 125.454 2 89.2688
      vertex 125.731 21 89.546
      vertex 125.454 21 89.2688
    endloop
  endfacet
  facet normal -0.707362 0 0.706852
    outer loop
      vertex 125.731 21 89.546
      vertex 125.454 2 89.2688
      vertex 125.731 2 89.546
    endloop
  endfacet
  facet normal -0.243695 0.297341 0.923148
    outer loop
      vertex 126.476 21.7839 89.7638
      vertex 126.333 21.6667 89.7638
      vertex 126.589 21.4105 89.9139
    endloop
  endfacet
  facet normal 0.707362 -0 0.706852
    outer loop
      vertex 129.269 2 89.546
      vertex 129.546 21 89.2688
      vertex 129.269 21 89.546
    endloop
  endfacet
  facet normal 0.707362 0 0.706852
    outer loop
      vertex 129.546 21 89.2688
      vertex 129.269 2 89.546
      vertex 129.546 2 89.2688
    endloop
  endfacet
  facet normal 0 -0.831476 0.555561
    outer loop
      vertex 127 0.236158 88.9428
      vertex 128 0.453979 89.2688
      vertex 127 0.453979 89.2688
    endloop
  endfacet
  facet normal 0 -0.831476 0.555561
    outer loop
      vertex 128 0.453979 89.2688
      vertex 127 0.236158 88.9428
      vertex 128 0.236158 88.9428
    endloop
  endfacet
  facet normal 0.284325 -0.93885 0.194218
    outer loop
      vertex 128.762 0.161139 88.196
      vertex 128.373 0.122894 88.5806
      vertex 128.388 0.0478754 88.196
    endloop
  endfacet
  facet normal 0.188002 0.0561963 0.98056
    outer loop
      vertex 128.536 21.2222 89.9139
      vertex 128.181 21.075 89.9904
      vertex 128.192 21.0382 89.9904
    endloop
  endfacet
  facet normal 0.297492 -0.243624 0.923117
    outer loop
      vertex 128.784 1.47621 89.7638
      vertex 128.411 1.58948 89.9139
      vertex 128.667 1.33334 89.7638
    endloop
  endfacet
  facet normal 0.625912 -0.333843 0.704828
    outer loop
      vertex 129.172 1.51446 89.546
      vertex 129.055 1.2951 89.546
      vertex 129.285 1.14108 89.2688
    endloop
  endfacet
  facet normal 0.069341 -0.705384 0.705426
    outer loop
      vertex 128.248 0.755593 89.546
      vertex 128 0.731214 89.546
      vertex 128.302 0.483685 89.2688
    endloop
  endfacet
  facet normal -0.635165 -0.772376 0
    outer loop
      vertex 125.593 0.592597 88
      vertex 125.894 0.345069 88.196
      vertex 125.593 0.592597 88.196
    endloop
  endfacet
  facet normal -0.635165 -0.772376 -0
    outer loop
      vertex 125.894 0.345069 88.196
      vertex 125.593 0.592597 88
      vertex 125.894 0.345069 88
    endloop
  endfacet
  facet normal -0.625084 -0.334432 0.705284
    outer loop
      vertex 125.828 1.51446 89.546
      vertex 125.572 1.40836 89.2688
      vertex 125.715 1.14108 89.2688
    endloop
  endfacet
  facet normal -0.586572 -0.714683 0.381001
    outer loop
      vertex 125.753 0.752775 88.9428
      vertex 125.647 0.646683 88.5806
      vertex 125.937 0.408667 88.5806
    endloop
  endfacet
  facet normal 0.289844 -0.957074 0
    outer loop
      vertex 128.388 0.0478754 88
      vertex 128.762 0.161139 88.196
      vertex 128.388 0.0478754 88.196
    endloop
  endfacet
  facet normal 0.289844 -0.957074 0
    outer loop
      vertex 128.762 0.161139 88.196
      vertex 128.388 0.0478754 88
      vertex 128.762 0.161139 88
    endloop
  endfacet
  facet normal 0 -1 0
    outer loop
      vertex 127 0.00963116 88
      vertex 128 0.00963116 88.196
      vertex 127 0.00963116 88.196
    endloop
  endfacet
  facet normal 0 -1 -0
    outer loop
      vertex 128 0.00963116 88.196
      vertex 127 0.00963116 88
      vertex 128 0.00963116 88
    endloop
  endfacet
  facet normal 0.864866 0.462621 0.194905
    outer loop
      vertex 129.839 21.7617 88.196
      vertex 129.591 22.0633 88.5806
      vertex 129.768 21.7324 88.5806
    endloop
  endfacet
  facet normal -0.435863 0.815549 0.380662
    outer loop
      vertex 126.268 22.7682 88.5806
      vertex 125.937 22.5913 88.5806
      vertex 126.02 22.4666 88.9428
    endloop
  endfacet
  facet normal 0 0.980786 0.195086
    outer loop
      vertex 128 22.9904 88.196
      vertex 127 22.9139 88.5806
      vertex 128 22.9139 88.5806
    endloop
  endfacet
  facet normal 0 0.980786 0.195086
    outer loop
      vertex 127 22.9139 88.5806
      vertex 128 22.9904 88.196
      vertex 127 22.9904 88.196
    endloop
  endfacet
  facet normal -0.194872 0.0206396 0.980611
    outer loop
      vertex 126.431 21.1133 89.9139
      vertex 126.419 21 89.9139
      vertex 126.808 21.0382 89.9904
    endloop
  endfacet
  facet normal -0.0921103 0.173025 0.980601
    outer loop
      vertex 126.925 21.1811 89.9904
      vertex 126.778 21.5364 89.9139
      vertex 126.891 21.163 89.9904
    endloop
  endfacet
  facet normal -0.194891 0 0.980825
    outer loop
      vertex 126.419 21 89.9139
      vertex 126.804 2 89.9904
      vertex 126.804 21 89.9904
    endloop
  endfacet
  facet normal -0.194891 0 0.980825
    outer loop
      vertex 126.804 2 89.9904
      vertex 126.419 21 89.9139
      vertex 126.419 2 89.9139
    endloop
  endfacet
  facet normal -0.0545652 0.554696 0.830262
    outer loop
      vertex 127 22.2688 89.546
      vertex 126.816 21.9247 89.7638
      vertex 127 21.9428 89.7638
    endloop
  endfacet
  facet normal 0.881842 0.471546 0
    outer loop
      vertex 129.839 21.7617 88.196
      vertex 129.655 22.1058 88
      vertex 129.655 22.1058 88.196
    endloop
  endfacet
  facet normal 0.881842 0.471546 0
    outer loop
      vertex 129.655 22.1058 88
      vertex 129.839 21.7617 88.196
      vertex 129.839 21.7617 88
    endloop
  endfacet
  facet normal 0.340201 -0.179624 0.923038
    outer loop
      vertex 128.536 1.77783 89.9139
      vertex 128.483 1.67745 89.9139
      vertex 128.784 1.47621 89.7638
    endloop
  endfacet
  facet normal -0.38302 0 0.92374
    outer loop
      vertex 126.057 21 89.7638
      vertex 126.419 2 89.9139
      vertex 126.419 21 89.9139
    endloop
  endfacet
  facet normal -0.38302 0 0.92374
    outer loop
      vertex 126.419 2 89.9139
      vertex 126.057 21 89.7638
      vertex 126.057 2 89.7638
    endloop
  endfacet
  facet normal -0.981029 0 0.193859
    outer loop
      vertex 125.01 2 88.196
      vertex 125.086 21 88.5806
      vertex 125.01 21 88.196
    endloop
  endfacet
  facet normal -0.981029 0 0.193859
    outer loop
      vertex 125.086 21 88.5806
      vertex 125.01 2 88.196
      vertex 125.086 2 88.5806
    endloop
  endfacet
  facet normal -0.758346 -0.622317 0.193992
    outer loop
      vertex 125.647 0.646683 88.5806
      vertex 125.409 0.936706 88.5806
      vertex 125.593 0.592597 88.196
    endloop
  endfacet
  facet normal 0.881847 -0.471536 0
    outer loop
      vertex 129.655 0.894211 88.196
      vertex 129.839 1.23832 88
      vertex 129.839 1.23832 88.196
    endloop
  endfacet
  facet normal 0.881847 -0.471536 0
    outer loop
      vertex 129.839 1.23832 88
      vertex 129.655 0.894211 88.196
      vertex 129.655 0.894211 88
    endloop
  endfacet
  facet normal 0.885153 0.268751 0.379838
    outer loop
      vertex 129.768 21.7324 88.5806
      vertex 129.63 21.675 88.9428
      vertex 129.877 21.3734 88.5806
    endloop
  endfacet
  facet normal 0.547604 -0.45 0.705429
    outer loop
      vertex 129.055 1.2951 89.546
      vertex 128.897 1.10283 89.546
      vertex 129.093 0.906798 89.2688
    endloop
  endfacet
  facet normal 0.957128 -0.289666 0
    outer loop
      vertex 129.839 1.23832 88.196
      vertex 129.952 1.6117 88
      vertex 129.952 1.6117 88.196
    endloop
  endfacet
  facet normal 0.957128 -0.289666 0
    outer loop
      vertex 129.952 1.6117 88
      vertex 129.839 1.23832 88.196
      vertex 129.839 1.23832 88
    endloop
  endfacet
  facet normal 0.0816517 -0.828756 0.553622
    outer loop
      vertex 128.302 0.483685 89.2688
      vertex 128 0.236158 88.9428
      vertex 128.344 0.27005 88.9428
    endloop
  endfacet
  facet normal -0.090648 -0.920067 0.38113
    outer loop
      vertex 127 0.236158 88.9428
      vertex 126.656 0.27005 88.9428
      vertex 127 0.0861197 88.5806
    endloop
  endfacet
  facet normal 0.0962475 -0.976234 0.194174
    outer loop
      vertex 128.373 0.122894 88.5806
      vertex 128 0.0861197 88.5806
      vertex 128.388 0.0478754 88.196
    endloop
  endfacet
  facet normal 0.0962257 -0.97624 0.194153
    outer loop
      vertex 128 0.0861197 88.5806
      vertex 128 0.00963116 88.196
      vertex 128.388 0.0478754 88.196
    endloop
  endfacet
  facet normal -0.52862 -0.643436 0.553671
    outer loop
      vertex 126.141 0.714531 89.2688
      vertex 125.753 0.752775 88.9428
      vertex 126.02 0.533419 88.9428
    endloop
  endfacet
  facet normal 0.382752 -0.0374573 0.923092
    outer loop
      vertex 128.943 2 89.7638
      vertex 128.581 2 89.9139
      vertex 128.925 1.81607 89.7638
    endloop
  endfacet
  facet normal 0.353431 -0.431087 0.830211
    outer loop
      vertex 128.667 1.33334 89.7638
      vertex 128.524 1.2161 89.7638
      vertex 128.705 0.945043 89.546
    endloop
  endfacet
  facet normal 0.758346 -0.622317 0.193992
    outer loop
      vertex 129.591 0.936706 88.5806
      vertex 129.353 0.646683 88.5806
      vertex 129.407 0.592597 88.196
    endloop
  endfacet
  facet normal 0.714734 -0.586529 0.380971
    outer loop
      vertex 129.591 0.936706 88.5806
      vertex 129.247 0.752775 88.9428
      vertex 129.353 0.646683 88.5806
    endloop
  endfacet
  facet normal 0.392962 -0.734394 0.553395
    outer loop
      vertex 128.859 0.714531 89.2688
      vertex 128.592 0.571664 89.2688
      vertex 128.675 0.370422 88.9428
    endloop
  endfacet
  facet normal 0.0907115 -0.920082 0.381077
    outer loop
      vertex 128.344 0.27005 88.9428
      vertex 128 0.0861197 88.5806
      vertex 128.373 0.122894 88.5806
    endloop
  endfacet
  facet normal 0.180417 -0.339647 0.923087
    outer loop
      vertex 128.323 1.51727 89.9139
      vertex 128.222 1.46362 89.9139
      vertex 128.524 1.2161 89.7638
    endloop
  endfacet
  facet normal 0.284754 -0.938625 0.194674
    outer loop
      vertex 128.732 0.231805 88.5806
      vertex 128.373 0.122894 88.5806
      vertex 128.762 0.161139 88.196
    endloop
  endfacet
  facet normal -0.435771 -0.815553 0.380759
    outer loop
      vertex 126.02 0.533419 88.9428
      vertex 125.937 0.408667 88.5806
      vertex 126.268 0.231805 88.5806
    endloop
  endfacet
  facet normal -0.938928 0.284143 0.194106
    outer loop
      vertex 125.161 21.7617 88.196
      vertex 125.048 21.3883 88.196
      vertex 125.123 21.3734 88.5806
    endloop
  endfacet
  facet normal -0.284723 0.938618 0.194753
    outer loop
      vertex 126.627 22.8771 88.5806
      vertex 126.238 22.8389 88.196
      vertex 126.268 22.7682 88.5806
    endloop
  endfacet
  facet normal 0.367274 0.111295 0.92343
    outer loop
      vertex 128.925 21.1839 89.7638
      vertex 128.536 21.2222 89.9139
      vertex 128.569 21.1133 89.9139
    endloop
  endfacet
  facet normal 0.462622 0.864901 0.194749
    outer loop
      vertex 129.106 22.6549 88.196
      vertex 128.762 22.8389 88.196
      vertex 129.063 22.5913 88.5806
    endloop
  endfacet
  facet normal 0.64236 0.528691 0.55485
    outer loop
      vertex 129.467 21.9799 88.9428
      vertex 129.247 22.2472 88.9428
      vertex 129.285 21.8589 89.2688
    endloop
  endfacet
  facet normal 0.957132 0.289652 0
    outer loop
      vertex 129.952 21.3883 88.196
      vertex 129.839 21.7617 88
      vertex 129.839 21.7617 88.196
    endloop
  endfacet
  facet normal 0.957132 0.289652 0
    outer loop
      vertex 129.839 21.7617 88
      vertex 129.952 21.3883 88.196
      vertex 129.952 21.3883 88
    endloop
  endfacet
  facet normal 0.995246 0.0973972 0
    outer loop
      vertex 129.99 21 88.196
      vertex 129.952 21.3883 88
      vertex 129.952 21.3883 88.196
    endloop
  endfacet
  facet normal 0.995246 0.0973972 0
    outer loop
      vertex 129.952 21.3883 88
      vertex 129.99 21 88.196
      vertex 129.99 21 88
    endloop
  endfacet
  facet normal -0.555524 0 0.831501
    outer loop
      vertex 125.731 21 89.546
      vertex 126.057 2 89.7638
      vertex 126.057 21 89.7638
    endloop
  endfacet
  facet normal -0.555524 0 0.831501
    outer loop
      vertex 126.057 2 89.7638
      vertex 125.731 21 89.546
      vertex 125.731 2 89.546
    endloop
  endfacet
  facet normal -0.586545 0.714698 0.381014
    outer loop
      vertex 125.937 22.5913 88.5806
      vertex 125.647 22.3533 88.5806
      vertex 125.753 22.2472 88.9428
    endloop
  endfacet
  facet normal -0.096315 0.976236 0.19413
    outer loop
      vertex 127 22.9139 88.5806
      vertex 126.612 22.9521 88.196
      vertex 126.627 22.8771 88.5806
    endloop
  endfacet
  facet normal 0.0963641 0.976222 0.194178
    outer loop
      vertex 128 22.9904 88.196
      vertex 128 22.9139 88.5806
      vertex 128.388 22.9521 88.196
    endloop
  endfacet
  facet normal -0.241544 0.79712 0.553404
    outer loop
      vertex 126.656 22.7299 88.9428
      vertex 126.325 22.6296 88.9428
      vertex 126.698 22.5163 89.2688
    endloop
  endfacet
  facet normal -0.0963641 0.976222 0.194178
    outer loop
      vertex 127 22.9904 88.196
      vertex 126.612 22.9521 88.196
      vertex 127 22.9139 88.5806
    endloop
  endfacet
  facet normal -0.262996 0.491434 0.830257
    outer loop
      vertex 126.514 22.1722 89.546
      vertex 126.295 22.055 89.546
      vertex 126.476 21.7839 89.7638
    endloop
  endfacet
  facet normal -0.123669 -0.152177 0.980586
    outer loop
      vertex 126.861 1.86138 89.9904
      vertex 126.589 1.58948 89.9139
      vertex 126.891 1.837 89.9904
    endloop
  endfacet
  facet normal -0.194851 0.0204032 0.980621
    outer loop
      vertex 126.808 21.0382 89.9904
      vertex 126.419 21 89.9139
      vertex 126.804 21 89.9904
    endloop
  endfacet
  facet normal -0.0568053 0.18763 0.980596
    outer loop
      vertex 126.887 21.5694 89.9139
      vertex 126.778 21.5364 89.9139
      vertex 126.962 21.1923 89.9904
    endloop
  endfacet
  facet normal -0.367274 0.111295 0.92343
    outer loop
      vertex 126.464 21.2222 89.9139
      vertex 126.075 21.1839 89.7638
      vertex 126.431 21.1133 89.9139
    endloop
  endfacet
  facet normal -0.53322 -0.162806 0.830163
    outer loop
      vertex 126.075 1.81607 89.7638
      vertex 125.828 1.51446 89.546
      vertex 126.129 1.63921 89.7638
    endloop
  endfacet
  facet normal -0.111345 0.367775 0.923225
    outer loop
      vertex 126.816 21.9247 89.7638
      vertex 126.778 21.5364 89.9139
      vertex 126.887 21.5694 89.9139
    endloop
  endfacet
  facet normal 0 0.831501 0.555524
    outer loop
      vertex 128 22.7638 88.9428
      vertex 127 22.546 89.2688
      vertex 128 22.546 89.2688
    endloop
  endfacet
  facet normal 0 0.831501 0.555524
    outer loop
      vertex 127 22.546 89.2688
      vertex 128 22.7638 88.9428
      vertex 127 22.7638 88.9428
    endloop
  endfacet
  facet normal 0.635122 0.772411 -0
    outer loop
      vertex 129.407 22.4074 88
      vertex 129.106 22.6549 88.196
      vertex 129.407 22.4074 88.196
    endloop
  endfacet
  facet normal 0.635122 0.772411 0
    outer loop
      vertex 129.106 22.6549 88.196
      vertex 129.407 22.4074 88
      vertex 129.106 22.6549 88
    endloop
  endfacet
  facet normal 0 -0.555529 0.831497
    outer loop
      vertex 127 1.05721 89.7638
      vertex 128 0.731214 89.546
      vertex 128 1.05721 89.7638
    endloop
  endfacet
  facet normal 0 -0.555529 0.831497
    outer loop
      vertex 128 0.731214 89.546
      vertex 127 1.05721 89.7638
      vertex 127 0.731214 89.546
    endloop
  endfacet
  facet normal 0.367297 -0.112145 0.923318
    outer loop
      vertex 128.925 1.81607 89.7638
      vertex 128.536 1.77783 89.9139
      vertex 128.871 1.63921 89.7638
    endloop
  endfacet
  facet normal -0.0192659 -0.195076 0.980599
    outer loop
      vertex 126.962 1.80773 89.9904
      vertex 126.887 1.43059 89.9139
      vertex 127 1.41943 89.9139
    endloop
  endfacet
  facet normal -0.0545958 -0.5547 0.830257
    outer loop
      vertex 127 1.05721 89.7638
      vertex 126.816 1.07532 89.7638
      vertex 127 0.731214 89.546
    endloop
  endfacet
  facet normal -0.714234 0.587847 0.379877
    outer loop
      vertex 125.753 22.2472 88.9428
      vertex 125.409 22.0633 88.5806
      vertex 125.533 21.9799 88.9428
    endloop
  endfacet
  facet normal 0.938921 -0.284156 0.19412
    outer loop
      vertex 129.877 1.62662 88.5806
      vertex 129.839 1.23832 88.196
      vertex 129.952 1.6117 88.196
    endloop
  endfacet
  facet normal 0.976539 -0.0955665 0.192972
    outer loop
      vertex 129.99 2 88.196
      vertex 129.914 2 88.5806
      vertex 129.952 1.6117 88.196
    endloop
  endfacet
  facet normal 0.923905 -0 0.382622
    outer loop
      vertex 129.764 2 88.9428
      vertex 129.914 21 88.5806
      vertex 129.764 21 88.9428
    endloop
  endfacet
  facet normal 0.923905 0 0.382622
    outer loop
      vertex 129.914 21 88.5806
      vertex 129.764 2 88.9428
      vertex 129.914 2 88.5806
    endloop
  endfacet
  facet normal 0.705618 -0.0701851 0.705108
    outer loop
      vertex 129.546 2 89.2688
      vertex 129.269 2 89.546
      vertex 129.516 1.69839 89.2688
    endloop
  endfacet
  facet normal 0.587019 -0.714519 0.380619
    outer loop
      vertex 129.247 0.752775 88.9428
      vertex 128.98 0.533419 88.9428
      vertex 129.063 0.408667 88.5806
    endloop
  endfacet
  facet normal 0.976197 -0.096736 0.194119
    outer loop
      vertex 129.914 2 88.5806
      vertex 129.877 1.62662 88.5806
      vertex 129.952 1.6117 88.196
    endloop
  endfacet
  facet normal 0.864863 -0.462642 0.19487
    outer loop
      vertex 129.768 1.26759 88.5806
      vertex 129.591 0.936706 88.5806
      vertex 129.839 1.23832 88.196
    endloop
  endfacet
  facet normal 0.642335 -0.5287 0.554872
    outer loop
      vertex 129.285 1.14108 89.2688
      vertex 129.247 0.752775 88.9428
      vertex 129.467 1.02006 88.9428
    endloop
  endfacet
  facet normal 0.354122 -0.430906 0.83001
    outer loop
      vertex 128.897 1.10283 89.546
      vertex 128.667 1.33334 89.7638
      vertex 128.705 0.945043 89.546
    endloop
  endfacet
  facet normal 0.0376521 -0.38255 0.923167
    outer loop
      vertex 128 1.41943 89.9139
      vertex 128 1.05721 89.7638
      vertex 128.184 1.07532 89.7638
    endloop
  endfacet
  facet normal 0.334423 -0.624993 0.705369
    outer loop
      vertex 128.859 0.714531 89.2688
      vertex 128.486 0.827794 89.546
      vertex 128.592 0.571664 89.2688
    endloop
  endfacet
  facet normal 0.450011 -0.547587 0.705435
    outer loop
      vertex 128.897 1.10283 89.546
      vertex 128.705 0.945043 89.546
      vertex 129.093 0.906798 89.2688
    endloop
  endfacet
  facet normal 0.815784 -0.436048 0.379945
    outer loop
      vertex 129.63 1.32501 88.9428
      vertex 129.467 1.02006 88.9428
      vertex 129.768 1.26759 88.5806
    endloop
  endfacet
  facet normal 0.678384 -0.205833 0.705286
    outer loop
      vertex 129.516 1.69839 89.2688
      vertex 129.172 1.51446 89.546
      vertex 129.428 1.40836 89.2688
    endloop
  endfacet
  facet normal 0.194891 0 0.980825
    outer loop
      vertex 128.196 21 89.9904
      vertex 128.581 2 89.9139
      vertex 128.581 21 89.9139
    endloop
  endfacet
  facet normal 0.194891 0 0.980825
    outer loop
      vertex 128.581 2 89.9139
      vertex 128.196 21 89.9904
      vertex 128.196 2 89.9904
    endloop
  endfacet
  facet normal 0.381379 0.0403932 0.923536
    outer loop
      vertex 128.925 21.1839 89.7638
      vertex 128.569 21.1133 89.9139
      vertex 128.581 21 89.9139
    endloop
  endfacet
  facet normal 0.33453 -0.624842 0.705452
    outer loop
      vertex 128.705 0.945043 89.546
      vertex 128.486 0.827794 89.546
      vertex 128.859 0.714531 89.2688
    endloop
  endfacet
  facet normal 0.241693 -0.797039 0.553456
    outer loop
      vertex 128.675 0.370422 88.9428
      vertex 128.302 0.483685 89.2688
      vertex 128.344 0.27005 88.9428
    endloop
  endfacet
  facet normal 0.622368 -0.758296 0.194023
    outer loop
      vertex 129.353 0.646683 88.5806
      vertex 129.063 0.408667 88.5806
      vertex 129.407 0.592597 88.196
    endloop
  endfacet
  facet normal 0.733547 -0.392462 0.554872
    outer loop
      vertex 129.428 1.40836 89.2688
      vertex 129.285 1.14108 89.2688
      vertex 129.63 1.32501 88.9428
    endloop
  endfacet
  facet normal 0.0815153 -0.828709 0.553712
    outer loop
      vertex 128 0.453979 89.2688
      vertex 128 0.236158 88.9428
      vertex 128.302 0.483685 89.2688
    endloop
  endfacet
  facet normal 0.069382 -0.705358 0.705447
    outer loop
      vertex 128 0.731214 89.546
      vertex 128 0.453979 89.2688
      vertex 128.302 0.483685 89.2688
    endloop
  endfacet
  facet normal 0.435771 -0.815553 0.380759
    outer loop
      vertex 128.98 0.533419 88.9428
      vertex 128.732 0.231805 88.5806
      vertex 129.063 0.408667 88.5806
    endloop
  endfacet
  facet normal 0.462223 -0.865058 0.195
    outer loop
      vertex 129.063 0.408667 88.5806
      vertex 128.732 0.231805 88.5806
      vertex 128.762 0.161139 88.196
    endloop
  endfacet
  facet normal -0.622982 -0.757561 0.194923
    outer loop
      vertex 125.937 0.408667 88.5806
      vertex 125.593 0.592597 88.196
      vertex 125.894 0.345069 88.196
    endloop
  endfacet
  facet normal -0.0980923 -0.995177 0
    outer loop
      vertex 126.612 0.0478754 88
      vertex 127 0.00963116 88.196
      vertex 126.612 0.0478754 88.196
    endloop
  endfacet
  facet normal -0.0980923 -0.995177 -0
    outer loop
      vertex 127 0.00963116 88.196
      vertex 126.612 0.0478754 88
      vertex 127 0.00963116 88
    endloop
  endfacet
  facet normal -0.885154 -0.268729 0.37985
    outer loop
      vertex 125.37 1.32501 88.9428
      vertex 125.123 1.62662 88.5806
      vertex 125.232 1.26759 88.5806
    endloop
  endfacet
  facet normal -0.111477 -0.367781 0.923206
    outer loop
      vertex 126.778 1.46362 89.9139
      vertex 126.639 1.12897 89.7638
      vertex 126.816 1.07532 89.7638
    endloop
  endfacet
  facet normal -0.757605 -0.622936 0.1949
    outer loop
      vertex 125.409 0.936706 88.5806
      vertex 125.345 0.894211 88.196
      vertex 125.593 0.592597 88.196
    endloop
  endfacet
  facet normal -0.881847 -0.471536 0
    outer loop
      vertex 125.345 0.894211 88
      vertex 125.161 1.23832 88.196
      vertex 125.161 1.23832 88
    endloop
  endfacet
  facet normal -0.881847 -0.471536 0
    outer loop
      vertex 125.161 1.23832 88.196
      vertex 125.345 0.894211 88
      vertex 125.345 0.894211 88.196
    endloop
  endfacet
  facet normal -0.772403 0.635133 0
    outer loop
      vertex 125.345 22.1058 88
      vertex 125.593 22.4074 88.196
      vertex 125.593 22.4074 88
    endloop
  endfacet
  facet normal -0.772403 0.635133 0
    outer loop
      vertex 125.593 22.4074 88.196
      vertex 125.345 22.1058 88
      vertex 125.345 22.1058 88.196
    endloop
  endfacet
  facet normal -0.635122 0.772411 0
    outer loop
      vertex 125.894 22.6549 88
      vertex 125.593 22.4074 88.196
      vertex 125.894 22.6549 88.196
    endloop
  endfacet
  facet normal -0.635122 0.772411 0
    outer loop
      vertex 125.593 22.4074 88.196
      vertex 125.894 22.6549 88
      vertex 125.593 22.4074 88
    endloop
  endfacet
  facet normal -0.151623 0.124055 0.980623
    outer loop
      vertex 126.589 21.4105 89.9139
      vertex 126.517 21.3225 89.9139
      vertex 126.837 21.1089 89.9904
    endloop
  endfacet
  facet normal -0.123725 0.152121 0.980587
    outer loop
      vertex 126.891 21.163 89.9904
      vertex 126.589 21.4105 89.9139
      vertex 126.861 21.1386 89.9904
    endloop
  endfacet
  facet normal 0.0921581 -0.173019 0.980597
    outer loop
      vertex 128.109 1.837 89.9904
      vertex 128.075 1.81889 89.9904
      vertex 128.222 1.46362 89.9139
    endloop
  endfacet
  facet normal 0.0921103 0.173025 0.980601
    outer loop
      vertex 128.222 21.5364 89.9139
      vertex 128.075 21.1811 89.9904
      vertex 128.109 21.163 89.9904
    endloop
  endfacet
  facet normal -0.173182 -0.0919822 0.980585
    outer loop
      vertex 126.819 1.92498 89.9904
      vertex 126.464 1.77783 89.9139
      vertex 126.837 1.89109 89.9904
    endloop
  endfacet
  facet normal -0.528691 0.643394 0.553651
    outer loop
      vertex 126.02 22.4666 88.9428
      vertex 125.753 22.2472 88.9428
      vertex 126.141 22.2855 89.2688
    endloop
  endfacet
  facet normal -0.758318 0.622344 0.194015
    outer loop
      vertex 125.593 22.4074 88.196
      vertex 125.409 22.0633 88.5806
      vertex 125.647 22.3533 88.5806
    endloop
  endfacet
  facet normal -0.35333 0.43111 0.830242
    outer loop
      vertex 126.476 21.7839 89.7638
      vertex 126.295 22.055 89.546
      vertex 126.333 21.6667 89.7638
    endloop
  endfacet
  facet normal -0.297541 0.243442 0.92315
    outer loop
      vertex 126.589 21.4105 89.9139
      vertex 126.216 21.5238 89.7638
      vertex 126.517 21.3225 89.9139
    endloop
  endfacet
  facet normal -0.864866 0.462621 0.194905
    outer loop
      vertex 125.409 22.0633 88.5806
      vertex 125.161 21.7617 88.196
      vertex 125.232 21.7324 88.5806
    endloop
  endfacet
  facet normal -0.920079 0.0909116 0.381038
    outer loop
      vertex 125.27 21.3441 88.9428
      vertex 125.086 21 88.5806
      vertex 125.236 21 88.9428
    endloop
  endfacet
  facet normal -0.0693724 0.705403 0.705403
    outer loop
      vertex 127 22.546 89.2688
      vertex 126.698 22.5163 89.2688
      vertex 127 22.2688 89.546
    endloop
  endfacet
  facet normal 0.268407 0.884831 0.38083
    outer loop
      vertex 128.732 22.7682 88.5806
      vertex 128.373 22.8771 88.5806
      vertex 128.675 22.6296 88.9428
    endloop
  endfacet
  facet normal -0.289695 0.957119 0
    outer loop
      vertex 126.612 22.9521 88
      vertex 126.238 22.8389 88.196
      vertex 126.612 22.9521 88.196
    endloop
  endfacet
  facet normal -0.289695 0.957119 0
    outer loop
      vertex 126.238 22.8389 88.196
      vertex 126.612 22.9521 88
      vertex 126.238 22.8389 88
    endloop
  endfacet
  facet normal -0.187651 0.056864 0.980588
    outer loop
      vertex 126.464 21.2222 89.9139
      vertex 126.431 21.1133 89.9139
      vertex 126.808 21.0382 89.9904
    endloop
  endfacet
  facet normal -0 0.195086 0.980786
    outer loop
      vertex 127 21.5806 89.9139
      vertex 128 21.196 89.9904
      vertex 128 21.5806 89.9139
    endloop
  endfacet
  facet normal 0 0.195086 0.980786
    outer loop
      vertex 128 21.196 89.9904
      vertex 127 21.5806 89.9139
      vertex 127 21.196 89.9904
    endloop
  endfacet
  facet normal 0.187663 -0.0568624 0.980586
    outer loop
      vertex 128.569 1.88674 89.9139
      vertex 128.192 1.96176 89.9904
      vertex 128.536 1.77783 89.9139
    endloop
  endfacet
  facet normal -0.194851 -0.0203819 0.980621
    outer loop
      vertex 126.804 2 89.9904
      vertex 126.419 2 89.9139
      vertex 126.808 1.96176 89.9904
    endloop
  endfacet
  facet normal 0.173327 -0.0915157 0.980603
    outer loop
      vertex 128.536 1.77783 89.9139
      vertex 128.163 1.89109 89.9904
      vertex 128.483 1.67745 89.9139
    endloop
  endfacet
  facet normal 0.173181 0.0919545 0.980588
    outer loop
      vertex 128.536 21.2222 89.9139
      vertex 128.163 21.1089 89.9904
      vertex 128.181 21.075 89.9904
    endloop
  endfacet
  facet normal 0 -0.382822 0.923822
    outer loop
      vertex 127 1.41943 89.9139
      vertex 128 1.05721 89.7638
      vertex 128 1.41943 89.9139
    endloop
  endfacet
  facet normal 0 -0.382822 0.923822
    outer loop
      vertex 128 1.05721 89.7638
      vertex 127 1.41943 89.9139
      vertex 127 1.05721 89.7638
    endloop
  endfacet
  facet normal -0.920146 -0.0911816 0.380812
    outer loop
      vertex 125.27 1.65589 88.9428
      vertex 125.086 2 88.5806
      vertex 125.123 1.62662 88.5806
    endloop
  endfacet
  facet normal -0.976539 -0.0955665 0.192972
    outer loop
      vertex 125.086 2 88.5806
      vertex 125.01 2 88.196
      vertex 125.048 1.6117 88.196
    endloop
  endfacet
  facet normal -0.920143 0.0911765 0.380819
    outer loop
      vertex 125.123 21.3734 88.5806
      vertex 125.086 21 88.5806
      vertex 125.27 21.3441 88.9428
    endloop
  endfacet
  facet normal -0.885153 0.268751 0.379838
    outer loop
      vertex 125.232 21.7324 88.5806
      vertex 125.123 21.3734 88.5806
      vertex 125.37 21.675 88.9428
    endloop
  endfacet
  facet normal -0.828438 0.0824043 0.553986
    outer loop
      vertex 125.484 21.3016 89.2688
      vertex 125.236 21 88.9428
      vertex 125.454 21 89.2688
    endloop
  endfacet
  facet normal 0.920146 -0.0911816 0.380812
    outer loop
      vertex 129.914 2 88.5806
      vertex 129.73 1.65589 88.9428
      vertex 129.877 1.62662 88.5806
    endloop
  endfacet
  facet normal 0.885154 -0.268729 0.37985
    outer loop
      vertex 129.877 1.62662 88.5806
      vertex 129.63 1.32501 88.9428
      vertex 129.768 1.26759 88.5806
    endloop
  endfacet
  facet normal 0.796687 0.240764 0.554367
    outer loop
      vertex 129.63 21.675 88.9428
      vertex 129.516 21.3016 89.2688
      vertex 129.73 21.3441 88.9428
    endloop
  endfacet
  facet normal 0.828438 0.0824043 0.553986
    outer loop
      vertex 129.764 21 88.9428
      vertex 129.516 21.3016 89.2688
      vertex 129.546 21 89.2688
    endloop
  endfacet
  facet normal 0.981029 -0 0.193859
    outer loop
      vertex 129.914 2 88.5806
      vertex 129.99 21 88.196
      vertex 129.914 21 88.5806
    endloop
  endfacet
  facet normal 0.981029 0 0.193859
    outer loop
      vertex 129.99 21 88.196
      vertex 129.914 2 88.5806
      vertex 129.99 2 88.196
    endloop
  endfacet
  facet normal 0.54857 -0.449567 0.704954
    outer loop
      vertex 129.285 1.14108 89.2688
      vertex 129.055 1.2951 89.546
      vertex 129.093 0.906798 89.2688
    endloop
  endfacet
  facet normal 0.586572 -0.714683 0.381001
    outer loop
      vertex 129.247 0.752775 88.9428
      vertex 129.063 0.408667 88.5806
      vertex 129.353 0.646683 88.5806
    endloop
  endfacet
  facet normal 0.205773 -0.678276 0.705407
    outer loop
      vertex 128.486 0.827794 89.546
      vertex 128.302 0.483685 89.2688
      vertex 128.592 0.571664 89.2688
    endloop
  endfacet
  facet normal 0.0568485 -0.187602 0.980599
    outer loop
      vertex 128.222 1.46362 89.9139
      vertex 128.038 1.80773 89.9904
      vertex 128.113 1.43059 89.9139
    endloop
  endfacet
  facet normal 0.491874 -0.262534 0.830142
    outer loop
      vertex 128.871 1.63921 89.7638
      vertex 128.784 1.47621 89.7638
      vertex 129.172 1.51446 89.546
    endloop
  endfacet
  facet normal 0.678274 -0.205184 0.70558
    outer loop
      vertex 129.244 1.75247 89.546
      vertex 129.172 1.51446 89.546
      vertex 129.516 1.69839 89.2688
    endloop
  endfacet
  facet normal 0.53322 -0.162806 0.830163
    outer loop
      vertex 128.925 1.81607 89.7638
      vertex 128.871 1.63921 89.7638
      vertex 129.172 1.51446 89.546
    endloop
  endfacet
  facet normal 0.338852 -0.18086 0.923293
    outer loop
      vertex 128.871 1.63921 89.7638
      vertex 128.536 1.77783 89.9139
      vertex 128.784 1.47621 89.7638
    endloop
  endfacet
  facet normal 0.430981 -0.354164 0.829954
    outer loop
      vertex 129.055 1.2951 89.546
      vertex 128.667 1.33334 89.7638
      vertex 128.897 1.10283 89.546
    endloop
  endfacet
  facet normal 0.0566208 -0.187721 0.980589
    outer loop
      vertex 128.075 1.81889 89.9904
      vertex 128.038 1.80773 89.9904
      vertex 128.222 1.46362 89.9139
    endloop
  endfacet
  facet normal 0 0 1
    outer loop
      vertex 128 21.196 89.9904
      vertex 128.196 21 89.9904
      vertex 128.192 21.0382 89.9904
    endloop
  endfacet
  facet normal 0 0 1
    outer loop
      vertex 128.196 21 89.9904
      vertex 126.804 21 89.9904
      vertex 128.196 2 89.9904
    endloop
  endfacet
  facet normal 0 0 1
    outer loop
      vertex 128 21.196 89.9904
      vertex 128.192 21.0382 89.9904
      vertex 128.181 21.075 89.9904
    endloop
  endfacet
  facet normal 0 0 1
    outer loop
      vertex 126.804 2 89.9904
      vertex 128.196 2 89.9904
      vertex 126.804 21 89.9904
    endloop
  endfacet
  facet normal 0 0 1
    outer loop
      vertex 128 21.196 89.9904
      vertex 128.181 21.075 89.9904
      vertex 128.163 21.1089 89.9904
    endloop
  endfacet
  facet normal 0 -0 1
    outer loop
      vertex 128 1.80397 89.9904
      vertex 128.196 2 89.9904
      vertex 126.804 2 89.9904
    endloop
  endfacet
  facet normal 0 0 1
    outer loop
      vertex 128 21.196 89.9904
      vertex 128.163 21.1089 89.9904
      vertex 128.139 21.1386 89.9904
    endloop
  endfacet
  facet normal 0 0 1
    outer loop
      vertex 128.196 2 89.9904
      vertex 128 1.80397 89.9904
      vertex 128.192 1.96176 89.9904
    endloop
  endfacet
  facet normal 0 0 1
    outer loop
      vertex 128 21.196 89.9904
      vertex 128.139 21.1386 89.9904
      vertex 128.109 21.163 89.9904
    endloop
  endfacet
  facet normal 0 0 1
    outer loop
      vertex 128.192 1.96176 89.9904
      vertex 128 1.80397 89.9904
      vertex 128.181 1.92498 89.9904
    endloop
  endfacet
  facet normal 0 0 1
    outer loop
      vertex 128 21.196 89.9904
      vertex 128.109 21.163 89.9904
      vertex 128.075 21.1811 89.9904
    endloop
  endfacet
  facet normal 0 0 1
    outer loop
      vertex 128.181 1.92498 89.9904
      vertex 128 1.80397 89.9904
      vertex 128.163 1.89109 89.9904
    endloop
  endfacet
  facet normal 0 0 1
    outer loop
      vertex 128 21.196 89.9904
      vertex 128.075 21.1811 89.9904
      vertex 128.038 21.1923 89.9904
    endloop
  endfacet
  facet normal 0 0 1
    outer loop
      vertex 128.163 1.89109 89.9904
      vertex 128 1.80397 89.9904
      vertex 128.139 1.86138 89.9904
    endloop
  endfacet
  facet normal 0 0 1
    outer loop
      vertex 128.196 21 89.9904
      vertex 128 21.196 89.9904
      vertex 126.804 21 89.9904
    endloop
  endfacet
  facet normal 0 0 1
    outer loop
      vertex 128.139 1.86138 89.9904
      vertex 128 1.80397 89.9904
      vertex 128.109 1.837 89.9904
    endloop
  endfacet
  facet normal 0 0 1
    outer loop
      vertex 126.804 21 89.9904
      vertex 128 21.196 89.9904
      vertex 127 21.196 89.9904
    endloop
  endfacet
  facet normal 0 0 1
    outer loop
      vertex 128.109 1.837 89.9904
      vertex 128 1.80397 89.9904
      vertex 128.075 1.81889 89.9904
    endloop
  endfacet
  facet normal 0 0 1
    outer loop
      vertex 126.804 21 89.9904
      vertex 127 21.196 89.9904
      vertex 126.962 21.1923 89.9904
    endloop
  endfacet
  facet normal 0 0 1
    outer loop
      vertex 128.075 1.81889 89.9904
      vertex 128 1.80397 89.9904
      vertex 128.038 1.80773 89.9904
    endloop
  endfacet
  facet normal 0 0 1
    outer loop
      vertex 126.804 21 89.9904
      vertex 126.962 21.1923 89.9904
      vertex 126.925 21.1811 89.9904
    endloop
  endfacet
  facet normal 0 0 1
    outer loop
      vertex 128 1.80397 89.9904
      vertex 126.804 2 89.9904
      vertex 127 1.80397 89.9904
    endloop
  endfacet
  facet normal 0 0 1
    outer loop
      vertex 126.804 21 89.9904
      vertex 126.925 21.1811 89.9904
      vertex 126.891 21.163 89.9904
    endloop
  endfacet
  facet normal 0 0 1
    outer loop
      vertex 127 1.80397 89.9904
      vertex 126.804 2 89.9904
      vertex 126.962 1.80773 89.9904
    endloop
  endfacet
  facet normal 0 0 1
    outer loop
      vertex 126.804 21 89.9904
      vertex 126.891 21.163 89.9904
      vertex 126.861 21.1386 89.9904
    endloop
  endfacet
  facet normal 0 0 1
    outer loop
      vertex 126.962 1.80773 89.9904
      vertex 126.804 2 89.9904
      vertex 126.925 1.81889 89.9904
    endloop
  endfacet
  facet normal 0 0 1
    outer loop
      vertex 126.804 21 89.9904
      vertex 126.861 21.1386 89.9904
      vertex 126.837 21.1089 89.9904
    endloop
  endfacet
  facet normal 0 0 1
    outer loop
      vertex 126.925 1.81889 89.9904
      vertex 126.804 2 89.9904
      vertex 126.891 1.837 89.9904
    endloop
  endfacet
  facet normal 0 0 1
    outer loop
      vertex 126.804 21 89.9904
      vertex 126.837 21.1089 89.9904
      vertex 126.819 21.075 89.9904
    endloop
  endfacet
  facet normal 0 0 1
    outer loop
      vertex 126.891 1.837 89.9904
      vertex 126.804 2 89.9904
      vertex 126.861 1.86138 89.9904
    endloop
  endfacet
  facet normal 0 0 1
    outer loop
      vertex 126.804 21 89.9904
      vertex 126.819 21.075 89.9904
      vertex 126.808 21.0382 89.9904
    endloop
  endfacet
  facet normal 0 0 1
    outer loop
      vertex 126.861 1.86138 89.9904
      vertex 126.804 2 89.9904
      vertex 126.837 1.89109 89.9904
    endloop
  endfacet
  facet normal 0 0 1
    outer loop
      vertex 126.837 1.89109 89.9904
      vertex 126.804 2 89.9904
      vertex 126.819 1.92498 89.9904
    endloop
  endfacet
  facet normal 0 0 1
    outer loop
      vertex 126.819 1.92498 89.9904
      vertex 126.804 2 89.9904
      vertex 126.808 1.96176 89.9904
    endloop
  endfacet
  facet normal 0.38302 0 0.92374
    outer loop
      vertex 128.581 21 89.9139
      vertex 128.943 2 89.7638
      vertex 128.943 21 89.7638
    endloop
  endfacet
  facet normal 0.38302 0 0.92374
    outer loop
      vertex 128.943 2 89.7638
      vertex 128.581 21 89.9139
      vertex 128.581 2 89.9139
    endloop
  endfacet
  facet normal 0.635165 -0.772376 0
    outer loop
      vertex 129.106 0.345069 88
      vertex 129.407 0.592597 88.196
      vertex 129.106 0.345069 88.196
    endloop
  endfacet
  facet normal 0.635165 -0.772376 0
    outer loop
      vertex 129.407 0.592597 88.196
      vertex 129.106 0.345069 88
      vertex 129.407 0.592597 88
    endloop
  endfacet
  facet normal 0.938516 -0.28493 0.194942
    outer loop
      vertex 129.877 1.62662 88.5806
      vertex 129.768 1.26759 88.5806
      vertex 129.839 1.23832 88.196
    endloop
  endfacet
  facet normal 0.733568 -0.392103 0.555097
    outer loop
      vertex 129.63 1.32501 88.9428
      vertex 129.285 1.14108 89.2688
      vertex 129.467 1.02006 88.9428
    endloop
  endfacet
  facet normal 0.268307 -0.884804 0.380964
    outer loop
      vertex 128.675 0.370422 88.9428
      vertex 128.344 0.27005 88.9428
      vertex 128.373 0.122894 88.5806
    endloop
  endfacet
  facet normal 0.241779 -0.796963 0.553528
    outer loop
      vertex 128.592 0.571664 89.2688
      vertex 128.302 0.483685 89.2688
      vertex 128.675 0.370422 88.9428
    endloop
  endfacet
  facet normal -0.069382 -0.705358 0.705447
    outer loop
      vertex 127 0.731214 89.546
      vertex 126.698 0.483685 89.2688
      vertex 127 0.453979 89.2688
    endloop
  endfacet
  facet normal -0.430981 -0.354164 0.829954
    outer loop
      vertex 126.333 1.33334 89.7638
      vertex 125.945 1.2951 89.546
      vertex 126.103 1.10283 89.546
    endloop
  endfacet
  facet normal -0.0907115 -0.920082 0.381077
    outer loop
      vertex 126.656 0.27005 88.9428
      vertex 126.627 0.122894 88.5806
      vertex 127 0.0861197 88.5806
    endloop
  endfacet
  facet normal -0.284754 -0.938625 0.194674
    outer loop
      vertex 126.268 0.231805 88.5806
      vertex 126.238 0.161139 88.196
      vertex 126.627 0.122894 88.5806
    endloop
  endfacet
  facet normal -0.0376521 -0.38255 0.923167
    outer loop
      vertex 127 1.41943 89.9139
      vertex 126.816 1.07532 89.7638
      vertex 127 1.05721 89.7638
    endloop
  endfacet
  facet normal -0.0377754 -0.382493 0.923186
    outer loop
      vertex 126.887 1.43059 89.9139
      vertex 126.816 1.07532 89.7638
      vertex 127 1.41943 89.9139
    endloop
  endfacet
  facet normal -0.828438 -0.0824016 0.553986
    outer loop
      vertex 125.454 2 89.2688
      vertex 125.236 2 88.9428
      vertex 125.484 1.69839 89.2688
    endloop
  endfacet
  facet normal -0.828243 -0.081835 0.554362
    outer loop
      vertex 125.484 1.69839 89.2688
      vertex 125.236 2 88.9428
      vertex 125.27 1.65589 88.9428
    endloop
  endfacet
  facet normal -0.995246 -0.0973972 0
    outer loop
      vertex 125.048 1.6117 88
      vertex 125.01 2 88.196
      vertex 125.01 2 88
    endloop
  endfacet
  facet normal -0.995246 -0.0973972 0
    outer loop
      vertex 125.01 2 88.196
      vertex 125.048 1.6117 88
      vertex 125.048 1.6117 88.196
    endloop
  endfacet
  facet normal 0.471513 -0.881859 0
    outer loop
      vertex 128.762 0.161139 88
      vertex 129.106 0.345069 88.196
      vertex 128.762 0.161139 88.196
    endloop
  endfacet
  facet normal 0.471513 -0.881859 0
    outer loop
      vertex 129.106 0.345069 88.196
      vertex 128.762 0.161139 88
      vertex 129.106 0.345069 88
    endloop
  endfacet
  facet normal -0.957132 0.289652 0
    outer loop
      vertex 125.048 21.3883 88
      vertex 125.161 21.7617 88.196
      vertex 125.161 21.7617 88
    endloop
  endfacet
  facet normal -0.957132 0.289652 0
    outer loop
      vertex 125.161 21.7617 88.196
      vertex 125.048 21.3883 88
      vertex 125.048 21.3883 88.196
    endloop
  endfacet
  facet normal -0.471652 0.881785 0
    outer loop
      vertex 126.238 22.8389 88
      vertex 125.894 22.6549 88.196
      vertex 126.238 22.8389 88.196
    endloop
  endfacet
  facet normal -0.471652 0.881785 0
    outer loop
      vertex 125.894 22.6549 88.196
      vertex 126.238 22.8389 88
      vertex 125.894 22.6549 88
    endloop
  endfacet
  facet normal -0.284181 0.938902 0.194177
    outer loop
      vertex 126.612 22.9521 88.196
      vertex 126.238 22.8389 88.196
      vertex 126.627 22.8771 88.5806
    endloop
  endfacet
  facet normal -0.881842 0.471546 0
    outer loop
      vertex 125.161 21.7617 88
      vertex 125.345 22.1058 88.196
      vertex 125.345 22.1058 88
    endloop
  endfacet
  facet normal -0.881842 0.471546 0
    outer loop
      vertex 125.345 22.1058 88.196
      vertex 125.161 21.7617 88
      vertex 125.161 21.7617 88.196
    endloop
  endfacet
  facet normal 0.0982339 0.995163 -0
    outer loop
      vertex 128.388 22.9521 88
      vertex 128 22.9904 88.196
      vertex 128.388 22.9521 88.196
    endloop
  endfacet
  facet normal 0.0982339 0.995163 0
    outer loop
      vertex 128 22.9904 88.196
      vertex 128.388 22.9521 88
      vertex 128 22.9904 88
    endloop
  endfacet
  facet normal -0.0921581 -0.173019 0.980597
    outer loop
      vertex 126.891 1.837 89.9904
      vertex 126.778 1.46362 89.9139
      vertex 126.925 1.81889 89.9904
    endloop
  endfacet
  facet normal 0.382751 0.0374634 0.923091
    outer loop
      vertex 128.925 21.1839 89.7638
      vertex 128.581 21 89.9139
      vertex 128.943 21 89.7638
    endloop
  endfacet
  facet normal 0.554705 0.0542941 0.830274
    outer loop
      vertex 129.269 21 89.546
      vertex 128.925 21.1839 89.7638
      vertex 128.943 21 89.7638
    endloop
  endfacet
  facet normal 0.435863 0.815549 0.380662
    outer loop
      vertex 129.063 22.5913 88.5806
      vertex 128.732 22.7682 88.5806
      vertex 128.98 22.4666 88.9428
    endloop
  endfacet
  facet normal 0.241544 0.79712 0.553404
    outer loop
      vertex 128.344 22.7299 88.9428
      vertex 128.302 22.5163 89.2688
      vertex 128.675 22.6296 88.9428
    endloop
  endfacet
  facet normal 0.243895 0.297268 0.923118
    outer loop
      vertex 128.524 21.7839 89.7638
      vertex 128.323 21.4827 89.9139
      vertex 128.411 21.4105 89.9139
    endloop
  endfacet
  facet normal 0.354144 0.430898 0.830005
    outer loop
      vertex 128.705 22.055 89.546
      vertex 128.667 21.6667 89.7638
      vertex 128.897 21.8972 89.546
    endloop
  endfacet
  facet normal 0.0815014 0.828734 0.553676
    outer loop
      vertex 128 22.7638 88.9428
      vertex 128 22.546 89.2688
      vertex 128.302 22.5163 89.2688
    endloop
  endfacet
  facet normal 0.920079 0.0909116 0.381038
    outer loop
      vertex 129.914 21 88.5806
      vertex 129.73 21.3441 88.9428
      vertex 129.764 21 88.9428
    endloop
  endfacet
  facet normal 0.772403 0.635133 0
    outer loop
      vertex 129.655 22.1058 88.196
      vertex 129.407 22.4074 88
      vertex 129.407 22.4074 88.196
    endloop
  endfacet
  facet normal 0.772403 0.635133 0
    outer loop
      vertex 129.407 22.4074 88
      vertex 129.655 22.1058 88.196
      vertex 129.655 22.1058 88
    endloop
  endfacet
  facet normal -0.864907 0.46249 0.195034
    outer loop
      vertex 125.345 22.1058 88.196
      vertex 125.161 21.7617 88.196
      vertex 125.409 22.0633 88.5806
    endloop
  endfacet
  facet normal -0.75759 0.622952 0.194907
    outer loop
      vertex 125.593 22.4074 88.196
      vertex 125.345 22.1058 88.196
      vertex 125.409 22.0633 88.5806
    endloop
  endfacet
  facet normal -0.62234 0.758313 0.194049
    outer loop
      vertex 125.937 22.5913 88.5806
      vertex 125.593 22.4074 88.196
      vertex 125.647 22.3533 88.5806
    endloop
  endfacet
  facet normal -0.462294 0.865004 0.195072
    outer loop
      vertex 126.238 22.8389 88.196
      vertex 125.937 22.5913 88.5806
      vertex 126.268 22.7682 88.5806
    endloop
  endfacet
  facet normal -0.705617 0.0701874 0.705108
    outer loop
      vertex 125.484 21.3016 89.2688
      vertex 125.454 21 89.2688
      vertex 125.731 21 89.546
    endloop
  endfacet
  facet normal -0.381379 0.0403932 0.923536
    outer loop
      vertex 126.431 21.1133 89.9139
      vertex 126.075 21.1839 89.7638
      vertex 126.419 21 89.9139
    endloop
  endfacet
  facet normal -0.161778 0.533283 0.830323
    outer loop
      vertex 126.752 22.2444 89.546
      vertex 126.514 22.1722 89.546
      vertex 126.816 21.9247 89.7638
    endloop
  endfacet
  facet normal -0.0920109 0.173056 0.980605
    outer loop
      vertex 126.778 21.5364 89.9139
      vertex 126.677 21.4827 89.9139
      vertex 126.891 21.163 89.9904
    endloop
  endfacet
  facet normal -0.431016 0.354137 0.829947
    outer loop
      vertex 126.103 21.8972 89.546
      vertex 125.945 21.7049 89.546
      vertex 126.333 21.6667 89.7638
    endloop
  endfacet
  facet normal -0.16179 0.533273 0.830328
    outer loop
      vertex 126.816 21.9247 89.7638
      vertex 126.514 22.1722 89.546
      vertex 126.639 21.871 89.7638
    endloop
  endfacet
  facet normal -0.0694008 0.705385 0.705418
    outer loop
      vertex 127 22.2688 89.546
      vertex 126.698 22.5163 89.2688
      vertex 126.752 22.2444 89.546
    endloop
  endfacet
  facet normal -0.334314 0.625082 0.705342
    outer loop
      vertex 126.408 22.4283 89.2688
      vertex 126.141 22.2855 89.2688
      vertex 126.514 22.1722 89.546
    endloop
  endfacet
  facet normal -0.33453 -0.624842 0.705452
    outer loop
      vertex 126.295 0.945043 89.546
      vertex 126.141 0.714531 89.2688
      vertex 126.514 0.827794 89.546
    endloop
  endfacet
  facet normal -0.152555 0.123277 0.980576
    outer loop
      vertex 126.861 21.1386 89.9904
      vertex 126.589 21.4105 89.9139
      vertex 126.837 21.1089 89.9904
    endloop
  endfacet
  facet normal 0.152578 -0.123254 0.980576
    outer loop
      vertex 128.163 1.89109 89.9904
      vertex 128.139 1.86138 89.9904
      vertex 128.411 1.58948 89.9139
    endloop
  endfacet
  facet normal -0.152578 -0.123254 0.980576
    outer loop
      vertex 126.837 1.89109 89.9904
      vertex 126.589 1.58948 89.9139
      vertex 126.861 1.86138 89.9904
    endloop
  endfacet
  facet normal 0.0193356 0.195082 0.980596
    outer loop
      vertex 128.113 21.5694 89.9139
      vertex 128 21.5806 89.9139
      vertex 128.038 21.1923 89.9904
    endloop
  endfacet
  facet normal -0.187998 -0.0562255 0.980559
    outer loop
      vertex 126.808 1.96176 89.9904
      vertex 126.464 1.77783 89.9139
      vertex 126.819 1.92498 89.9904
    endloop
  endfacet
  facet normal -0.367258 -0.11128 0.923438
    outer loop
      vertex 126.431 1.88674 89.9139
      vertex 126.075 1.81607 89.7638
      vertex 126.464 1.77783 89.9139
    endloop
  endfacet
  facet normal -0.815735 -0.436362 0.37969
    outer loop
      vertex 125.533 1.02006 88.9428
      vertex 125.232 1.26759 88.5806
      vertex 125.409 0.936706 88.5806
    endloop
  endfacet
  facet normal -0.054526 -0.554676 0.830278
    outer loop
      vertex 126.816 1.07532 89.7638
      vertex 126.752 0.755593 89.546
      vertex 127 0.731214 89.546
    endloop
  endfacet
  facet normal -0.938506 0.28495 0.194963
    outer loop
      vertex 125.161 21.7617 88.196
      vertex 125.123 21.3734 88.5806
      vertex 125.232 21.7324 88.5806
    endloop
  endfacet
  facet normal -0.976198 0.0967309 0.194114
    outer loop
      vertex 125.123 21.3734 88.5806
      vertex 125.048 21.3883 88.196
      vertex 125.086 21 88.5806
    endloop
  endfacet
  facet normal -0.33886 0.180864 0.923289
    outer loop
      vertex 126.216 21.5238 89.7638
      vertex 126.129 21.3608 89.7638
      vertex 126.464 21.2222 89.9139
    endloop
  endfacet
  facet normal -0.0815014 0.828734 0.553676
    outer loop
      vertex 127 22.7638 88.9428
      vertex 126.698 22.5163 89.2688
      vertex 127 22.546 89.2688
    endloop
  endfacet
  facet normal 0.831265 -0 0.555877
    outer loop
      vertex 129.546 2 89.2688
      vertex 129.764 21 88.9428
      vertex 129.546 21 89.2688
    endloop
  endfacet
  facet normal 0.831265 0 0.555877
    outer loop
      vertex 129.764 21 88.9428
      vertex 129.546 2 89.2688
      vertex 129.764 2 88.9428
    endloop
  endfacet
  facet normal 0.815727 0.436336 0.379737
    outer loop
      vertex 129.591 22.0633 88.5806
      vertex 129.467 21.9799 88.9428
      vertex 129.768 21.7324 88.5806
    endloop
  endfacet
  facet normal 0.828242 0.0818374 0.554362
    outer loop
      vertex 129.73 21.3441 88.9428
      vertex 129.516 21.3016 89.2688
      vertex 129.764 21 88.9428
    endloop
  endfacet
  facet normal 0.938928 0.284143 0.194106
    outer loop
      vertex 129.952 21.3883 88.196
      vertex 129.839 21.7617 88.196
      vertex 129.877 21.3734 88.5806
    endloop
  endfacet
  facet normal 0.938506 0.28495 0.194963
    outer loop
      vertex 129.839 21.7617 88.196
      vertex 129.768 21.7324 88.5806
      vertex 129.877 21.3734 88.5806
    endloop
  endfacet
  facet normal 0.644088 -0.527846 0.55365
    outer loop
      vertex 129.285 1.14108 89.2688
      vertex 129.093 0.906798 89.2688
      vertex 129.247 0.752775 88.9428
    endloop
  endfacet
  facet normal 0.52862 -0.643436 0.553671
    outer loop
      vertex 129.247 0.752775 88.9428
      vertex 128.859 0.714531 89.2688
      vertex 128.98 0.533419 88.9428
    endloop
  endfacet
  facet normal 0.161662 -0.53335 0.830303
    outer loop
      vertex 128.361 1.12897 89.7638
      vertex 128.184 1.07532 89.7638
      vertex 128.486 0.827794 89.546
    endloop
  endfacet
  facet normal 0.263099 -0.491422 0.830231
    outer loop
      vertex 128.524 1.2161 89.7638
      vertex 128.486 0.827794 89.546
      vertex 128.705 0.945043 89.546
    endloop
  endfacet
  facet normal 0.111477 -0.367781 0.923206
    outer loop
      vertex 128.222 1.46362 89.9139
      vertex 128.184 1.07532 89.7638
      vertex 128.361 1.12897 89.7638
    endloop
  endfacet
  facet normal 0.161771 -0.533254 0.830344
    outer loop
      vertex 128.486 0.827794 89.546
      vertex 128.184 1.07532 89.7638
      vertex 128.248 0.755593 89.546
    endloop
  endfacet
  facet normal 0.555328 -0.056087 0.829738
    outer loop
      vertex 129.269 2 89.546
      vertex 128.925 1.81607 89.7638
      vertex 129.244 1.75247 89.546
    endloop
  endfacet
  facet normal 0.554705 -0.0542853 0.830274
    outer loop
      vertex 128.943 2 89.7638
      vertex 128.925 1.81607 89.7638
      vertex 129.269 2 89.546
    endloop
  endfacet
  facet normal 0.431244 -0.353157 0.830246
    outer loop
      vertex 128.784 1.47621 89.7638
      vertex 128.667 1.33334 89.7638
      vertex 129.055 1.2951 89.546
    endloop
  endfacet
  facet normal 0.491884 -0.262356 0.830192
    outer loop
      vertex 129.172 1.51446 89.546
      vertex 128.784 1.47621 89.7638
      vertex 129.055 1.2951 89.546
    endloop
  endfacet
  facet normal -0.297492 -0.243624 0.923117
    outer loop
      vertex 126.589 1.58948 89.9139
      vertex 126.216 1.47621 89.7638
      vertex 126.333 1.33334 89.7638
    endloop
  endfacet
  facet normal -0.188002 0.0561963 0.98056
    outer loop
      vertex 126.819 21.075 89.9904
      vertex 126.464 21.2222 89.9139
      vertex 126.808 21.0382 89.9904
    endloop
  endfacet
  facet normal 0.367258 -0.11128 0.923438
    outer loop
      vertex 128.569 1.88674 89.9139
      vertex 128.536 1.77783 89.9139
      vertex 128.925 1.81607 89.7638
    endloop
  endfacet
  facet normal 0.864913 -0.462482 0.195028
    outer loop
      vertex 129.839 1.23832 88.196
      vertex 129.591 0.936706 88.5806
      vertex 129.655 0.894211 88.196
    endloop
  endfacet
  facet normal 0.772418 -0.635115 0
    outer loop
      vertex 129.407 0.592597 88.196
      vertex 129.655 0.894211 88
      vertex 129.655 0.894211 88.196
    endloop
  endfacet
  facet normal 0.772418 -0.635115 0
    outer loop
      vertex 129.655 0.894211 88
      vertex 129.407 0.592597 88.196
      vertex 129.407 0.592597 88
    endloop
  endfacet
  facet normal 0.796684 -0.240777 0.554366
    outer loop
      vertex 129.73 1.65589 88.9428
      vertex 129.516 1.69839 89.2688
      vertex 129.63 1.32501 88.9428
    endloop
  endfacet
  facet normal 0.885102 -0.267499 0.380839
    outer loop
      vertex 129.73 1.65589 88.9428
      vertex 129.63 1.32501 88.9428
      vertex 129.877 1.62662 88.5806
    endloop
  endfacet
  facet normal 0.815735 -0.436362 0.37969
    outer loop
      vertex 129.768 1.26759 88.5806
      vertex 129.467 1.02006 88.9428
      vertex 129.591 0.936706 88.5806
    endloop
  endfacet
  facet normal 0.714238 -0.587883 0.379812
    outer loop
      vertex 129.467 1.02006 88.9428
      vertex 129.247 0.752775 88.9428
      vertex 129.591 0.936706 88.5806
    endloop
  endfacet
  facet normal 0.268427 -0.884809 0.380867
    outer loop
      vertex 128.675 0.370422 88.9428
      vertex 128.373 0.122894 88.5806
      vertex 128.732 0.231805 88.5806
    endloop
  endfacet
  facet normal 0.435839 -0.815542 0.380704
    outer loop
      vertex 128.98 0.533419 88.9428
      vertex 128.675 0.370422 88.9428
      vertex 128.732 0.231805 88.5806
    endloop
  endfacet
  facet normal -0.268307 -0.884804 0.380964
    outer loop
      vertex 126.656 0.27005 88.9428
      vertex 126.325 0.370422 88.9428
      vertex 126.627 0.122894 88.5806
    endloop
  endfacet
  facet normal -0.0962257 -0.97624 0.194153
    outer loop
      vertex 127 0.0861197 88.5806
      vertex 126.612 0.0478754 88.196
      vertex 127 0.00963116 88.196
    endloop
  endfacet
  facet normal -0.554705 -0.0542853 0.830274
    outer loop
      vertex 126.057 2 89.7638
      vertex 125.731 2 89.546
      vertex 126.075 1.81607 89.7638
    endloop
  endfacet
  facet normal -0.435839 -0.815542 0.380704
    outer loop
      vertex 126.325 0.370422 88.9428
      vertex 126.02 0.533419 88.9428
      vertex 126.268 0.231805 88.5806
    endloop
  endfacet
  facet normal -0.069341 -0.705384 0.705426
    outer loop
      vertex 126.752 0.755593 89.546
      vertex 126.698 0.483685 89.2688
      vertex 127 0.731214 89.546
    endloop
  endfacet
  facet normal -0.528643 -0.643388 0.553704
    outer loop
      vertex 125.907 0.906798 89.2688
      vertex 125.753 0.752775 88.9428
      vertex 126.141 0.714531 89.2688
    endloop
  endfacet
  facet normal -0.268427 -0.884809 0.380867
    outer loop
      vertex 126.325 0.370422 88.9428
      vertex 126.268 0.231805 88.5806
      vertex 126.627 0.122894 88.5806
    endloop
  endfacet
  facet normal -0.471513 -0.881859 0
    outer loop
      vertex 125.894 0.345069 88
      vertex 126.238 0.161139 88.196
      vertex 125.894 0.345069 88.196
    endloop
  endfacet
  facet normal -0.471513 -0.881859 -0
    outer loop
      vertex 126.238 0.161139 88.196
      vertex 125.894 0.345069 88
      vertex 126.238 0.161139 88
    endloop
  endfacet
  facet normal -0.733547 -0.392462 0.554872
    outer loop
      vertex 125.572 1.40836 89.2688
      vertex 125.37 1.32501 88.9428
      vertex 125.715 1.14108 89.2688
    endloop
  endfacet
  facet normal -0.815784 -0.436048 0.379945
    outer loop
      vertex 125.37 1.32501 88.9428
      vertex 125.232 1.26759 88.5806
      vertex 125.533 1.02006 88.9428
    endloop
  endfacet
  facet normal -0.920079 -0.090909 0.381038
    outer loop
      vertex 125.236 2 88.9428
      vertex 125.086 2 88.5806
      vertex 125.27 1.65589 88.9428
    endloop
  endfacet
  facet normal -0.354122 -0.430906 0.83001
    outer loop
      vertex 126.333 1.33334 89.7638
      vertex 126.103 1.10283 89.546
      vertex 126.295 0.945043 89.546
    endloop
  endfacet
  facet normal -0.976197 -0.096736 0.194119
    outer loop
      vertex 125.086 2 88.5806
      vertex 125.048 1.6117 88.196
      vertex 125.123 1.62662 88.5806
    endloop
  endfacet
  facet normal -0.938921 -0.284156 0.19412
    outer loop
      vertex 125.123 1.62662 88.5806
      vertex 125.048 1.6117 88.196
      vertex 125.161 1.23832 88.196
    endloop
  endfacet
  facet normal -0.796021 -0.241526 0.554992
    outer loop
      vertex 125.484 1.69839 89.2688
      vertex 125.37 1.32501 88.9428
      vertex 125.572 1.40836 89.2688
    endloop
  endfacet
  facet normal -0.705618 -0.0701851 0.705108
    outer loop
      vertex 125.731 2 89.546
      vertex 125.454 2 89.2688
      vertex 125.484 1.69839 89.2688
    endloop
  endfacet
  facet normal -0.772418 -0.635115 0
    outer loop
      vertex 125.593 0.592597 88
      vertex 125.345 0.894211 88.196
      vertex 125.345 0.894211 88
    endloop
  endfacet
  facet normal -0.772418 -0.635115 0
    outer loop
      vertex 125.345 0.894211 88.196
      vertex 125.593 0.592597 88
      vertex 125.593 0.592597 88.196
    endloop
  endfacet
  facet normal -0.435852 0.815551 0.380671
    outer loop
      vertex 126.268 22.7682 88.5806
      vertex 126.02 22.4666 88.9428
      vertex 126.325 22.6296 88.9428
    endloop
  endfacet
  facet normal -0.268407 0.884831 0.38083
    outer loop
      vertex 126.627 22.8771 88.5806
      vertex 126.268 22.7682 88.5806
      vertex 126.325 22.6296 88.9428
    endloop
  endfacet
  facet normal -0.0982339 0.995163 0
    outer loop
      vertex 127 22.9904 88
      vertex 126.612 22.9521 88.196
      vertex 127 22.9904 88.196
    endloop
  endfacet
  facet normal -0.0982339 0.995163 0
    outer loop
      vertex 126.612 22.9521 88.196
      vertex 127 22.9904 88
      vertex 126.612 22.9521 88
    endloop
  endfacet
  facet normal 0.297493 0.243574 0.92313
    outer loop
      vertex 128.667 21.6667 89.7638
      vertex 128.411 21.4105 89.9139
      vertex 128.784 21.5238 89.7638
    endloop
  endfacet
  facet normal 0.367311 0.112124 0.923315
    outer loop
      vertex 128.871 21.3608 89.7638
      vertex 128.536 21.2222 89.9139
      vertex 128.925 21.1839 89.7638
    endloop
  endfacet
  facet normal 0.0545753 0.5547 0.830259
    outer loop
      vertex 128.248 22.2444 89.546
      vertex 128 22.2688 89.546
      vertex 128.184 21.9247 89.7638
    endloop
  endfacet
  facet normal 0.096315 0.976236 0.19413
    outer loop
      vertex 128.388 22.9521 88.196
      vertex 128 22.9139 88.5806
      vertex 128.373 22.8771 88.5806
    endloop
  endfacet
  facet normal 0.289695 0.957119 -0
    outer loop
      vertex 128.762 22.8389 88
      vertex 128.388 22.9521 88.196
      vertex 128.762 22.8389 88.196
    endloop
  endfacet
  facet normal 0.289695 0.957119 0
    outer loop
      vertex 128.388 22.9521 88.196
      vertex 128.762 22.8389 88
      vertex 128.388 22.9521 88
    endloop
  endfacet
  facet normal -0.704975 0.0712096 0.705648
    outer loop
      vertex 125.756 21.2475 89.546
      vertex 125.484 21.3016 89.2688
      vertex 125.731 21 89.546
    endloop
  endfacet
  facet normal -0.554705 0.0542941 0.830274
    outer loop
      vertex 126.075 21.1839 89.7638
      vertex 125.731 21 89.546
      vertex 126.057 21 89.7638
    endloop
  endfacet
  facet normal -0.555327 0.0560937 0.829738
    outer loop
      vertex 125.756 21.2475 89.546
      vertex 125.731 21 89.546
      vertex 126.075 21.1839 89.7638
    endloop
  endfacet
  facet normal -0.297493 0.243574 0.92313
    outer loop
      vertex 126.333 21.6667 89.7638
      vertex 126.216 21.5238 89.7638
      vertex 126.589 21.4105 89.9139
    endloop
  endfacet
  facet normal -0.18053 0.339545 0.923102
    outer loop
      vertex 126.778 21.5364 89.9139
      vertex 126.476 21.7839 89.7638
      vertex 126.677 21.4827 89.9139
    endloop
  endfacet
  facet normal -0.243895 0.297268 0.923118
    outer loop
      vertex 126.677 21.4827 89.9139
      vertex 126.476 21.7839 89.7638
      vertex 126.589 21.4105 89.9139
    endloop
  endfacet
  facet normal -0.0193356 0.195082 0.980596
    outer loop
      vertex 127 21.5806 89.9139
      vertex 126.887 21.5694 89.9139
      vertex 126.962 21.1923 89.9904
    endloop
  endfacet
  facet normal -0.0545753 0.5547 0.830259
    outer loop
      vertex 127 22.2688 89.546
      vertex 126.752 22.2444 89.546
      vertex 126.816 21.9247 89.7638
    endloop
  endfacet
  facet normal -0.0816748 0.828794 0.553561
    outer loop
      vertex 127 22.7638 88.9428
      vertex 126.656 22.7299 88.9428
      vertex 126.698 22.5163 89.2688
    endloop
  endfacet
  facet normal -0.262613 0.491457 0.830364
    outer loop
      vertex 126.514 22.1722 89.546
      vertex 126.476 21.7839 89.7638
      vertex 126.639 21.871 89.7638
    endloop
  endfacet
  facet normal -0.392499 0.734431 0.553674
    outer loop
      vertex 126.325 22.6296 88.9428
      vertex 126.02 22.4666 88.9428
      vertex 126.141 22.2855 89.2688
    endloop
  endfacet
  facet normal -0.528709 0.643358 0.553676
    outer loop
      vertex 126.141 22.2855 89.2688
      vertex 125.753 22.2472 88.9428
      vertex 125.907 22.0932 89.2688
    endloop
  endfacet
  facet normal 0.0376331 0.382569 0.92316
    outer loop
      vertex 128 21.9428 89.7638
      vertex 128 21.5806 89.9139
      vertex 128.184 21.9247 89.7638
    endloop
  endfacet
  facet normal 0 0.923815 0.38284
    outer loop
      vertex 128 22.9139 88.5806
      vertex 127 22.7638 88.9428
      vertex 128 22.7638 88.9428
    endloop
  endfacet
  facet normal 0 0.923815 0.38284
    outer loop
      vertex 127 22.7638 88.9428
      vertex 128 22.9139 88.5806
      vertex 127 22.9139 88.5806
    endloop
  endfacet
  facet normal -0.0906638 0.92001 0.381263
    outer loop
      vertex 127 22.9139 88.5806
      vertex 126.656 22.7299 88.9428
      vertex 127 22.7638 88.9428
    endloop
  endfacet
  facet normal -0.0907703 0.920036 0.381175
    outer loop
      vertex 127 22.9139 88.5806
      vertex 126.627 22.8771 88.5806
      vertex 126.656 22.7299 88.9428
    endloop
  endfacet
  facet normal 0.194851 -0.0203819 0.980621
    outer loop
      vertex 128.196 2 89.9904
      vertex 128.192 1.96176 89.9904
      vertex 128.581 2 89.9139
    endloop
  endfacet
  facet normal 0.123725 0.152121 0.980587
    outer loop
      vertex 128.411 21.4105 89.9139
      vertex 128.109 21.163 89.9904
      vertex 128.139 21.1386 89.9904
    endloop
  endfacet
  facet normal 0.124274 -0.151449 0.980622
    outer loop
      vertex 128.411 1.58948 89.9139
      vertex 128.109 1.837 89.9904
      vertex 128.323 1.51727 89.9139
    endloop
  endfacet
  facet normal -0.0919414 -0.173086 0.980606
    outer loop
      vertex 126.891 1.837 89.9904
      vertex 126.677 1.51727 89.9139
      vertex 126.778 1.46362 89.9139
    endloop
  endfacet
  facet normal 0.194875 -0.0206472 0.980611
    outer loop
      vertex 128.581 2 89.9139
      vertex 128.192 1.96176 89.9904
      vertex 128.569 1.88674 89.9139
    endloop
  endfacet
  facet normal -0.124274 -0.151449 0.980622
    outer loop
      vertex 126.891 1.837 89.9904
      vertex 126.589 1.58948 89.9139
      vertex 126.677 1.51727 89.9139
    endloop
  endfacet
  facet normal -0.38137 -0.0404065 0.923539
    outer loop
      vertex 126.419 2 89.9139
      vertex 126.075 1.81607 89.7638
      vertex 126.431 1.88674 89.9139
    endloop
  endfacet
  facet normal -0.111447 -0.36778 0.92321
    outer loop
      vertex 126.887 1.43059 89.9139
      vertex 126.778 1.46362 89.9139
      vertex 126.816 1.07532 89.7638
    endloop
  endfacet
  facet normal -0.0568485 -0.187602 0.980599
    outer loop
      vertex 126.962 1.80773 89.9904
      vertex 126.778 1.46362 89.9139
      vertex 126.887 1.43059 89.9139
    endloop
  endfacet
  facet normal -0.995246 0.0973972 0
    outer loop
      vertex 125.01 21 88
      vertex 125.048 21.3883 88.196
      vertex 125.048 21.3883 88
    endloop
  endfacet
  facet normal -0.995246 0.0973972 0
    outer loop
      vertex 125.048 21.3883 88.196
      vertex 125.01 21 88
      vertex 125.01 21 88.196
    endloop
  endfacet
  facet normal -0.828242 0.0818374 0.554362
    outer loop
      vertex 125.27 21.3441 88.9428
      vertex 125.236 21 88.9428
      vertex 125.484 21.3016 89.2688
    endloop
  endfacet
  facet normal -0.796687 0.240764 0.554367
    outer loop
      vertex 125.37 21.675 88.9428
      vertex 125.27 21.3441 88.9428
      vertex 125.484 21.3016 89.2688
    endloop
  endfacet
  facet normal 0.548598 0.449556 0.704939
    outer loop
      vertex 129.093 22.0932 89.2688
      vertex 129.055 21.7049 89.546
      vertex 129.285 21.8589 89.2688
    endloop
  endfacet
  facet normal 0.678377 0.205852 0.705287
    outer loop
      vertex 129.428 21.5916 89.2688
      vertex 129.172 21.4855 89.546
      vertex 129.516 21.3016 89.2688
    endloop
  endfacet
  facet normal 0.920143 0.0911765 0.380819
    outer loop
      vertex 129.877 21.3734 88.5806
      vertex 129.73 21.3441 88.9428
      vertex 129.914 21 88.5806
    endloop
  endfacet
  facet normal 0.885099 0.267482 0.380858
    outer loop
      vertex 129.877 21.3734 88.5806
      vertex 129.63 21.675 88.9428
      vertex 129.73 21.3441 88.9428
    endloop
  endfacet
  facet normal 0.864907 0.46249 0.195034
    outer loop
      vertex 129.655 22.1058 88.196
      vertex 129.591 22.0633 88.5806
      vertex 129.839 21.7617 88.196
    endloop
  endfacet
  facet normal 0.75759 0.622952 0.194907
    outer loop
      vertex 129.655 22.1058 88.196
      vertex 129.407 22.4074 88.196
      vertex 129.591 22.0633 88.5806
    endloop
  endfacet
  facet normal 0.449981 -0.547653 0.705403
    outer loop
      vertex 129.093 0.906798 89.2688
      vertex 128.705 0.945043 89.546
      vertex 128.859 0.714531 89.2688
    endloop
  endfacet
  facet normal 0.528643 -0.643388 0.553704
    outer loop
      vertex 129.093 0.906798 89.2688
      vertex 128.859 0.714531 89.2688
      vertex 129.247 0.752775 88.9428
    endloop
  endfacet
  facet normal 0.0377754 -0.382493 0.923186
    outer loop
      vertex 128.113 1.43059 89.9139
      vertex 128 1.41943 89.9139
      vertex 128.184 1.07532 89.7638
    endloop
  endfacet
  facet normal 0.111447 -0.36778 0.92321
    outer loop
      vertex 128.222 1.46362 89.9139
      vertex 128.113 1.43059 89.9139
      vertex 128.184 1.07532 89.7638
    endloop
  endfacet
  facet normal 0.243768 -0.297328 0.923132
    outer loop
      vertex 128.667 1.33334 89.7638
      vertex 128.411 1.58948 89.9139
      vertex 128.524 1.2161 89.7638
    endloop
  endfacet
  facet normal 0.24393 -0.29727 0.923108
    outer loop
      vertex 128.411 1.58948 89.9139
      vertex 128.323 1.51727 89.9139
      vertex 128.524 1.2161 89.7638
    endloop
  endfacet
  facet normal 0.151595 -0.124075 0.980624
    outer loop
      vertex 128.483 1.67745 89.9139
      vertex 128.163 1.89109 89.9904
      vertex 128.411 1.58948 89.9139
    endloop
  endfacet
  facet normal 0.297531 -0.243517 0.923133
    outer loop
      vertex 128.483 1.67745 89.9139
      vertex 128.411 1.58948 89.9139
      vertex 128.784 1.47621 89.7638
    endloop
  endfacet
  facet normal 0.187998 -0.0562255 0.980559
    outer loop
      vertex 128.192 1.96176 89.9904
      vertex 128.181 1.92498 89.9904
      vertex 128.536 1.77783 89.9139
    endloop
  endfacet
  facet normal 0.173182 -0.0919822 0.980585
    outer loop
      vertex 128.181 1.92498 89.9904
      vertex 128.163 1.89109 89.9904
      vertex 128.536 1.77783 89.9139
    endloop
  endfacet
  facet normal 0.920079 -0.090909 0.381038
    outer loop
      vertex 129.764 2 88.9428
      vertex 129.73 1.65589 88.9428
      vertex 129.914 2 88.5806
    endloop
  endfacet
  facet normal 0.828243 -0.081835 0.554362
    outer loop
      vertex 129.764 2 88.9428
      vertex 129.516 1.69839 89.2688
      vertex 129.73 1.65589 88.9428
    endloop
  endfacet
  facet normal 0 -0.92387 0.382706
    outer loop
      vertex 127 0.0861197 88.5806
      vertex 128 0.236158 88.9428
      vertex 127 0.236158 88.9428
    endloop
  endfacet
  facet normal 0 -0.92387 0.382706
    outer loop
      vertex 128 0.236158 88.9428
      vertex 127 0.0861197 88.5806
      vertex 128 0.0861197 88.5806
    endloop
  endfacet
  facet normal -0.0816517 -0.828756 0.553622
    outer loop
      vertex 126.698 0.483685 89.2688
      vertex 126.656 0.27005 88.9428
      vertex 127 0.236158 88.9428
    endloop
  endfacet
  facet normal -0.0815153 -0.828709 0.553712
    outer loop
      vertex 127 0.453979 89.2688
      vertex 126.698 0.483685 89.2688
      vertex 127 0.236158 88.9428
    endloop
  endfacet
  facet normal -0.241693 -0.797039 0.553456
    outer loop
      vertex 126.698 0.483685 89.2688
      vertex 126.325 0.370422 88.9428
      vertex 126.656 0.27005 88.9428
    endloop
  endfacet
  facet normal -0.241779 -0.796963 0.553528
    outer loop
      vertex 126.408 0.571664 89.2688
      vertex 126.325 0.370422 88.9428
      vertex 126.698 0.483685 89.2688
    endloop
  endfacet
  facet normal -0.284325 -0.93885 0.194218
    outer loop
      vertex 126.627 0.122894 88.5806
      vertex 126.238 0.161139 88.196
      vertex 126.612 0.0478754 88.196
    endloop
  endfacet
  facet normal -0.0962475 -0.976234 0.194174
    outer loop
      vertex 126.627 0.122894 88.5806
      vertex 126.612 0.0478754 88.196
      vertex 127 0.0861197 88.5806
    endloop
  endfacet
  facet normal -0.622368 -0.758296 0.194023
    outer loop
      vertex 125.647 0.646683 88.5806
      vertex 125.593 0.592597 88.196
      vertex 125.937 0.408667 88.5806
    endloop
  endfacet
  facet normal -0.714238 -0.587883 0.379812
    outer loop
      vertex 125.533 1.02006 88.9428
      vertex 125.409 0.936706 88.5806
      vertex 125.753 0.752775 88.9428
    endloop
  endfacet
  facet normal -0.462485 -0.864976 0.194742
    outer loop
      vertex 125.937 0.408667 88.5806
      vertex 125.894 0.345069 88.196
      vertex 126.238 0.161139 88.196
    endloop
  endfacet
  facet normal -0.462223 -0.865058 0.195
    outer loop
      vertex 126.268 0.231805 88.5806
      vertex 125.937 0.408667 88.5806
      vertex 126.238 0.161139 88.196
    endloop
  endfacet
  facet normal -0.587019 -0.714519 0.380619
    outer loop
      vertex 126.02 0.533419 88.9428
      vertex 125.753 0.752775 88.9428
      vertex 125.937 0.408667 88.5806
    endloop
  endfacet
  facet normal -0.334423 -0.624993 0.705369
    outer loop
      vertex 126.514 0.827794 89.546
      vertex 126.141 0.714531 89.2688
      vertex 126.408 0.571664 89.2688
    endloop
  endfacet
  facet normal -0.938516 -0.28493 0.194942
    outer loop
      vertex 125.232 1.26759 88.5806
      vertex 125.123 1.62662 88.5806
      vertex 125.161 1.23832 88.196
    endloop
  endfacet
  facet normal -0.714734 -0.586529 0.380971
    outer loop
      vertex 125.753 0.752775 88.9428
      vertex 125.409 0.936706 88.5806
      vertex 125.647 0.646683 88.5806
    endloop
  endfacet
  facet normal -0.297531 -0.243517 0.923133
    outer loop
      vertex 126.517 1.67745 89.9139
      vertex 126.216 1.47621 89.7638
      vertex 126.589 1.58948 89.9139
    endloop
  endfacet
  facet normal -0.180417 -0.339647 0.923087
    outer loop
      vertex 126.677 1.51727 89.9139
      vertex 126.476 1.2161 89.7638
      vertex 126.778 1.46362 89.9139
    endloop
  endfacet
  facet normal -0.462622 0.864901 0.194749
    outer loop
      vertex 126.238 22.8389 88.196
      vertex 125.894 22.6549 88.196
      vertex 125.937 22.5913 88.5806
    endloop
  endfacet
  facet normal -0.622939 0.757595 0.194928
    outer loop
      vertex 125.894 22.6549 88.196
      vertex 125.593 22.4074 88.196
      vertex 125.937 22.5913 88.5806
    endloop
  endfacet
  facet normal 0.462294 0.865004 0.195072
    outer loop
      vertex 128.762 22.8389 88.196
      vertex 128.732 22.7682 88.5806
      vertex 129.063 22.5913 88.5806
    endloop
  endfacet
  facet normal 0.431284 0.353115 0.830243
    outer loop
      vertex 129.055 21.7049 89.546
      vertex 128.667 21.6667 89.7638
      vertex 128.784 21.5238 89.7638
    endloop
  endfacet
  facet normal -0 0.38284 0.923815
    outer loop
      vertex 127 21.9428 89.7638
      vertex 128 21.5806 89.9139
      vertex 128 21.9428 89.7638
    endloop
  endfacet
  facet normal 0 0.38284 0.923815
    outer loop
      vertex 128 21.5806 89.9139
      vertex 127 21.9428 89.7638
      vertex 127 21.5806 89.9139
    endloop
  endfacet
  facet normal 0.123669 -0.152177 0.980586
    outer loop
      vertex 128.139 1.86138 89.9904
      vertex 128.109 1.837 89.9904
      vertex 128.411 1.58948 89.9139
    endloop
  endfacet
  facet normal 0.622939 0.757595 0.194928
    outer loop
      vertex 129.106 22.6549 88.196
      vertex 129.063 22.5913 88.5806
      vertex 129.407 22.4074 88.196
    endloop
  endfacet
  facet normal 0.334431 0.624917 0.705432
    outer loop
      vertex 128.859 22.2855 89.2688
      vertex 128.486 22.1722 89.546
      vertex 128.705 22.055 89.546
    endloop
  endfacet
  facet normal 0.268119 0.884819 0.381062
    outer loop
      vertex 128.373 22.8771 88.5806
      vertex 128.344 22.7299 88.9428
      vertex 128.675 22.6296 88.9428
    endloop
  endfacet
  facet normal 0.284181 0.938902 0.194177
    outer loop
      vertex 128.388 22.9521 88.196
      vertex 128.373 22.8771 88.5806
      vertex 128.762 22.8389 88.196
    endloop
  endfacet
  facet normal -0.547661 0.449976 0.7054
    outer loop
      vertex 126.103 21.8972 89.546
      vertex 125.907 22.0932 89.2688
      vertex 125.945 21.7049 89.546
    endloop
  endfacet
  facet normal -0.367311 0.112124 0.923315
    outer loop
      vertex 126.129 21.3608 89.7638
      vertex 126.075 21.1839 89.7638
      vertex 126.464 21.2222 89.9139
    endloop
  endfacet
  facet normal -0.334431 0.624917 0.705432
    outer loop
      vertex 126.514 22.1722 89.546
      vertex 126.141 22.2855 89.2688
      vertex 126.295 22.055 89.546
    endloop
  endfacet
  facet normal -0.678265 0.205189 0.705588
    outer loop
      vertex 125.828 21.4855 89.546
      vertex 125.484 21.3016 89.2688
      vertex 125.756 21.2475 89.546
    endloop
  endfacet
  facet normal -0.0379057 0.382441 0.923202
    outer loop
      vertex 127 21.5806 89.9139
      vertex 126.816 21.9247 89.7638
      vertex 126.887 21.5694 89.9139
    endloop
  endfacet
  facet normal -0.0376331 0.382569 0.92316
    outer loop
      vertex 127 21.9428 89.7638
      vertex 126.816 21.9247 89.7638
      vertex 127 21.5806 89.9139
    endloop
  endfacet
  facet normal 0.450037 0.547627 0.705388
    outer loop
      vertex 128.859 22.2855 89.2688
      vertex 128.705 22.055 89.546
      vertex 129.093 22.0932 89.2688
    endloop
  endfacet
  facet normal 0.528691 0.643394 0.553651
    outer loop
      vertex 128.98 22.4666 88.9428
      vertex 128.859 22.2855 89.2688
      vertex 129.247 22.2472 88.9428
    endloop
  endfacet
  facet normal -0.205828 0.678296 0.705372
    outer loop
      vertex 126.698 22.5163 89.2688
      vertex 126.408 22.4283 89.2688
      vertex 126.514 22.1722 89.546
    endloop
  endfacet
  facet normal -0.205765 0.678285 0.705401
    outer loop
      vertex 126.698 22.5163 89.2688
      vertex 126.514 22.1722 89.546
      vertex 126.752 22.2444 89.546
    endloop
  endfacet
  facet normal -0.491884 -0.262356 0.830192
    outer loop
      vertex 126.216 1.47621 89.7638
      vertex 125.828 1.51446 89.546
      vertex 125.945 1.2951 89.546
    endloop
  endfacet
  facet normal -0.151595 -0.124075 0.980624
    outer loop
      vertex 126.837 1.89109 89.9904
      vertex 126.517 1.67745 89.9139
      vertex 126.589 1.58948 89.9139
    endloop
  endfacet
  facet normal -0.187663 -0.0568624 0.980586
    outer loop
      vertex 126.808 1.96176 89.9904
      vertex 126.431 1.88674 89.9139
      vertex 126.464 1.77783 89.9139
    endloop
  endfacet
  facet normal -0.194875 -0.0206472 0.980611
    outer loop
      vertex 126.808 1.96176 89.9904
      vertex 126.419 2 89.9139
      vertex 126.431 1.88674 89.9139
    endloop
  endfacet
  facet normal 0.795997 0.241544 0.555019
    outer loop
      vertex 129.63 21.675 88.9428
      vertex 129.428 21.5916 89.2688
      vertex 129.516 21.3016 89.2688
    endloop
  endfacet
  facet normal 0.704975 0.0712096 0.705648
    outer loop
      vertex 129.516 21.3016 89.2688
      vertex 129.244 21.2475 89.546
      vertex 129.269 21 89.546
    endloop
  endfacet
  facet normal 0.450052 0.547592 0.705405
    outer loop
      vertex 129.093 22.0932 89.2688
      vertex 128.705 22.055 89.546
      vertex 128.897 21.8972 89.546
    endloop
  endfacet
  facet normal 0.73355 0.392157 0.555083
    outer loop
      vertex 129.467 21.9799 88.9428
      vertex 129.285 21.8589 89.2688
      vertex 129.63 21.675 88.9428
    endloop
  endfacet
  facet normal 0.714234 0.587847 0.379877
    outer loop
      vertex 129.591 22.0633 88.5806
      vertex 129.247 22.2472 88.9428
      vertex 129.467 21.9799 88.9428
    endloop
  endfacet
  facet normal 0.587113 0.71449 0.380528
    outer loop
      vertex 129.063 22.5913 88.5806
      vertex 128.98 22.4666 88.9428
      vertex 129.247 22.2472 88.9428
    endloop
  endfacet
  facet normal 0.262697 -0.491446 0.830344
    outer loop
      vertex 128.524 1.2161 89.7638
      vertex 128.361 1.12897 89.7638
      vertex 128.486 0.827794 89.546
    endloop
  endfacet
  facet normal 0.181135 -0.338861 0.923235
    outer loop
      vertex 128.524 1.2161 89.7638
      vertex 128.222 1.46362 89.9139
      vertex 128.361 1.12897 89.7638
    endloop
  endfacet
  facet normal -0.864863 -0.462642 0.19487
    outer loop
      vertex 125.232 1.26759 88.5806
      vertex 125.161 1.23832 88.196
      vertex 125.409 0.936706 88.5806
    endloop
  endfacet
  facet normal -0.864913 -0.462482 0.195028
    outer loop
      vertex 125.409 0.936706 88.5806
      vertex 125.161 1.23832 88.196
      vertex 125.345 0.894211 88.196
    endloop
  endfacet
  facet normal -0.796684 -0.240777 0.554366
    outer loop
      vertex 125.484 1.69839 89.2688
      vertex 125.27 1.65589 88.9428
      vertex 125.37 1.32501 88.9428
    endloop
  endfacet
  facet normal -0.885102 -0.267499 0.380839
    outer loop
      vertex 125.27 1.65589 88.9428
      vertex 125.123 1.62662 88.5806
      vertex 125.37 1.32501 88.9428
    endloop
  endfacet
  facet normal -0.449981 -0.547653 0.705403
    outer loop
      vertex 126.295 0.945043 89.546
      vertex 125.907 0.906798 89.2688
      vertex 126.141 0.714531 89.2688
    endloop
  endfacet
  facet normal -0.24393 -0.29727 0.923108
    outer loop
      vertex 126.589 1.58948 89.9139
      vertex 126.476 1.2161 89.7638
      vertex 126.677 1.51727 89.9139
    endloop
  endfacet
  facet normal -0.555328 -0.056087 0.829738
    outer loop
      vertex 126.075 1.81607 89.7638
      vertex 125.731 2 89.546
      vertex 125.756 1.75247 89.546
    endloop
  endfacet
  facet normal -0.704979 -0.0712014 0.705645
    outer loop
      vertex 125.731 2 89.546
      vertex 125.484 1.69839 89.2688
      vertex 125.756 1.75247 89.546
    endloop
  endfacet
  facet normal 0.151623 0.124055 0.980623
    outer loop
      vertex 128.411 21.4105 89.9139
      vertex 128.163 21.1089 89.9904
      vertex 128.483 21.3225 89.9139
    endloop
  endfacet
  facet normal 0.1733 0.0915741 0.980603
    outer loop
      vertex 128.483 21.3225 89.9139
      vertex 128.163 21.1089 89.9904
      vertex 128.536 21.2222 89.9139
    endloop
  endfacet
  facet normal 0.0189918 0.195051 0.980609
    outer loop
      vertex 128 21.5806 89.9139
      vertex 128 21.196 89.9904
      vertex 128.038 21.1923 89.9904
    endloop
  endfacet
  facet normal 0.16179 0.533273 0.830328
    outer loop
      vertex 128.486 22.1722 89.546
      vertex 128.184 21.9247 89.7638
      vertex 128.361 21.871 89.7638
    endloop
  endfacet
  facet normal 0.187651 0.056864 0.980588
    outer loop
      vertex 128.536 21.2222 89.9139
      vertex 128.192 21.0382 89.9904
      vertex 128.569 21.1133 89.9139
    endloop
  endfacet
  facet normal 0.194872 0.0206396 0.980611
    outer loop
      vertex 128.569 21.1133 89.9139
      vertex 128.192 21.0382 89.9904
      vertex 128.581 21 89.9139
    endloop
  endfacet
  facet normal 0.471652 0.881785 -0
    outer loop
      vertex 129.106 22.6549 88
      vertex 128.762 22.8389 88.196
      vertex 129.106 22.6549 88.196
    endloop
  endfacet
  facet normal 0.471652 0.881785 0
    outer loop
      vertex 128.762 22.8389 88.196
      vertex 129.106 22.6549 88
      vertex 128.762 22.8389 88
    endloop
  endfacet
  facet normal 0.62234 0.758313 0.194049
    outer loop
      vertex 129.407 22.4074 88.196
      vertex 129.063 22.5913 88.5806
      vertex 129.353 22.3533 88.5806
    endloop
  endfacet
  facet normal 0.586545 0.714698 0.381014
    outer loop
      vertex 129.353 22.3533 88.5806
      vertex 129.063 22.5913 88.5806
      vertex 129.247 22.2472 88.9428
    endloop
  endfacet
  facet normal 0.0907703 0.920036 0.381175
    outer loop
      vertex 128.373 22.8771 88.5806
      vertex 128 22.9139 88.5806
      vertex 128.344 22.7299 88.9428
    endloop
  endfacet
  facet normal 0.528709 0.643358 0.553676
    outer loop
      vertex 129.247 22.2472 88.9428
      vertex 128.859 22.2855 89.2688
      vertex 129.093 22.0932 89.2688
    endloop
  endfacet
  facet normal 0.205765 0.678285 0.705401
    outer loop
      vertex 128.302 22.5163 89.2688
      vertex 128.248 22.2444 89.546
      vertex 128.486 22.1722 89.546
    endloop
  endfacet
  facet normal -0.644122 0.527834 0.553623
    outer loop
      vertex 125.753 22.2472 88.9428
      vertex 125.715 21.8589 89.2688
      vertex 125.907 22.0932 89.2688
    endloop
  endfacet
  facet normal -0.354144 0.430898 0.830005
    outer loop
      vertex 126.295 22.055 89.546
      vertex 126.103 21.8972 89.546
      vertex 126.333 21.6667 89.7638
    endloop
  endfacet
  facet normal -0.714708 0.586553 0.380984
    outer loop
      vertex 125.647 22.3533 88.5806
      vertex 125.409 22.0633 88.5806
      vertex 125.753 22.2472 88.9428
    endloop
  endfacet
  facet normal -0.64236 0.528691 0.55485
    outer loop
      vertex 125.753 22.2472 88.9428
      vertex 125.533 21.9799 88.9428
      vertex 125.715 21.8589 89.2688
    endloop
  endfacet
  facet normal -0.181103 0.338918 0.92322
    outer loop
      vertex 126.639 21.871 89.7638
      vertex 126.476 21.7839 89.7638
      vertex 126.778 21.5364 89.9139
    endloop
  endfacet
  facet normal -0.111582 0.367786 0.923192
    outer loop
      vertex 126.816 21.9247 89.7638
      vertex 126.639 21.871 89.7638
      vertex 126.778 21.5364 89.9139
    endloop
  endfacet
  facet normal 0.262996 0.491434 0.830257
    outer loop
      vertex 128.705 22.055 89.546
      vertex 128.486 22.1722 89.546
      vertex 128.524 21.7839 89.7638
    endloop
  endfacet
  facet normal 0.161778 0.533283 0.830323
    outer loop
      vertex 128.248 22.2444 89.546
      vertex 128.184 21.9247 89.7638
      vertex 128.486 22.1722 89.546
    endloop
  endfacet
  facet normal -0.241813 0.796883 0.553629
    outer loop
      vertex 126.698 22.5163 89.2688
      vertex 126.325 22.6296 88.9428
      vertex 126.408 22.4283 89.2688
    endloop
  endfacet
  facet normal -0.392787 0.734414 0.553493
    outer loop
      vertex 126.325 22.6296 88.9428
      vertex 126.141 22.2855 89.2688
      vertex 126.408 22.4283 89.2688
    endloop
  endfacet
  facet normal -0.173327 -0.0915157 0.980603
    outer loop
      vertex 126.837 1.89109 89.9904
      vertex 126.464 1.77783 89.9139
      vertex 126.517 1.67745 89.9139
    endloop
  endfacet
  facet normal -0.431244 -0.353157 0.830246
    outer loop
      vertex 126.216 1.47621 89.7638
      vertex 125.945 1.2951 89.546
      vertex 126.333 1.33334 89.7638
    endloop
  endfacet
  facet normal 0.53325 0.162778 0.830149
    outer loop
      vertex 129.172 21.4855 89.546
      vertex 128.871 21.3608 89.7638
      vertex 128.925 21.1839 89.7638
    endloop
  endfacet
  facet normal 0.678265 0.205189 0.705588
    outer loop
      vertex 129.516 21.3016 89.2688
      vertex 129.172 21.4855 89.546
      vertex 129.244 21.2475 89.546
    endloop
  endfacet
  facet normal 0.334314 0.625082 0.705342
    outer loop
      vertex 128.592 22.4283 89.2688
      vertex 128.486 22.1722 89.546
      vertex 128.859 22.2855 89.2688
    endloop
  endfacet
  facet normal 0.0906638 0.92001 0.381263
    outer loop
      vertex 128 22.9139 88.5806
      vertex 128 22.7638 88.9428
      vertex 128.344 22.7299 88.9428
    endloop
  endfacet
  facet normal 0.644122 0.527834 0.553623
    outer loop
      vertex 129.247 22.2472 88.9428
      vertex 129.093 22.0932 89.2688
      vertex 129.285 21.8589 89.2688
    endloop
  endfacet
  facet normal 0.815763 0.436108 0.379922
    outer loop
      vertex 129.768 21.7324 88.5806
      vertex 129.467 21.9799 88.9428
      vertex 129.63 21.675 88.9428
    endloop
  endfacet
  facet normal -0.161662 -0.53335 0.830303
    outer loop
      vertex 126.639 1.12897 89.7638
      vertex 126.514 0.827794 89.546
      vertex 126.816 1.07532 89.7638
    endloop
  endfacet
  facet normal -0.181135 -0.338861 0.923235
    outer loop
      vertex 126.778 1.46362 89.9139
      vertex 126.476 1.2161 89.7638
      vertex 126.639 1.12897 89.7638
    endloop
  endfacet
  facet normal -0.733568 -0.392103 0.555097
    outer loop
      vertex 125.715 1.14108 89.2688
      vertex 125.37 1.32501 88.9428
      vertex 125.533 1.02006 88.9428
    endloop
  endfacet
  facet normal -0.642335 -0.5287 0.554872
    outer loop
      vertex 125.715 1.14108 89.2688
      vertex 125.533 1.02006 88.9428
      vertex 125.753 0.752775 88.9428
    endloop
  endfacet
  facet normal -0.392488 -0.734423 0.553693
    outer loop
      vertex 126.141 0.714531 89.2688
      vertex 126.02 0.533419 88.9428
      vertex 126.325 0.370422 88.9428
    endloop
  endfacet
  facet normal -0.392962 -0.734394 0.553395
    outer loop
      vertex 126.408 0.571664 89.2688
      vertex 126.141 0.714531 89.2688
      vertex 126.325 0.370422 88.9428
    endloop
  endfacet
  facet normal -0.534273 -0.161622 0.829717
    outer loop
      vertex 126.075 1.81607 89.7638
      vertex 125.756 1.75247 89.546
      vertex 125.828 1.51446 89.546
    endloop
  endfacet
  facet normal -0.678274 -0.205184 0.70558
    outer loop
      vertex 125.756 1.75247 89.546
      vertex 125.484 1.69839 89.2688
      vertex 125.828 1.51446 89.546
    endloop
  endfacet
  facet normal 0.297541 0.243442 0.92315
    outer loop
      vertex 128.784 21.5238 89.7638
      vertex 128.411 21.4105 89.9139
      vertex 128.483 21.3225 89.9139
    endloop
  endfacet
  facet normal 0.340109 0.179719 0.923053
    outer loop
      vertex 128.784 21.5238 89.7638
      vertex 128.483 21.3225 89.9139
      vertex 128.536 21.2222 89.9139
    endloop
  endfacet
  facet normal 0.714708 0.586553 0.380984
    outer loop
      vertex 129.353 22.3533 88.5806
      vertex 129.247 22.2472 88.9428
      vertex 129.591 22.0633 88.5806
    endloop
  endfacet
  facet normal 0.758318 0.622344 0.194015
    outer loop
      vertex 129.407 22.4074 88.196
      vertex 129.353 22.3533 88.5806
      vertex 129.591 22.0633 88.5806
    endloop
  endfacet
  facet normal 0.392499 0.734431 0.553674
    outer loop
      vertex 128.98 22.4666 88.9428
      vertex 128.675 22.6296 88.9428
      vertex 128.859 22.2855 89.2688
    endloop
  endfacet
  facet normal 0.435852 0.815551 0.380671
    outer loop
      vertex 128.732 22.7682 88.5806
      vertex 128.675 22.6296 88.9428
      vertex 128.98 22.4666 88.9428
    endloop
  endfacet
  facet normal 0.0545652 0.554696 0.830262
    outer loop
      vertex 128 22.2688 89.546
      vertex 128 21.9428 89.7638
      vertex 128.184 21.9247 89.7638
    endloop
  endfacet
  facet normal -0.625951 0.333802 0.704813
    outer loop
      vertex 125.945 21.7049 89.546
      vertex 125.715 21.8589 89.2688
      vertex 125.828 21.4855 89.546
    endloop
  endfacet
  facet normal -0.73355 0.392157 0.555083
    outer loop
      vertex 125.533 21.9799 88.9428
      vertex 125.37 21.675 88.9428
      vertex 125.715 21.8589 89.2688
    endloop
  endfacet
  facet normal 0.0568053 0.18763 0.980596
    outer loop
      vertex 128.113 21.5694 89.9139
      vertex 128.038 21.1923 89.9904
      vertex 128.222 21.5364 89.9139
    endloop
  endfacet
  facet normal 0.0567973 0.187634 0.980596
    outer loop
      vertex 128.222 21.5364 89.9139
      vertex 128.038 21.1923 89.9904
      vertex 128.075 21.1811 89.9904
    endloop
  endfacet
  facet normal 0.534272 0.161628 0.829717
    outer loop
      vertex 129.172 21.4855 89.546
      vertex 128.925 21.1839 89.7638
      vertex 129.244 21.2475 89.546
    endloop
  endfacet
  facet normal 0.555327 0.0560937 0.829738
    outer loop
      vertex 129.244 21.2475 89.546
      vertex 128.925 21.1839 89.7638
      vertex 129.269 21 89.546
    endloop
  endfacet
  facet normal 0.491911 0.262323 0.830187
    outer loop
      vertex 129.055 21.7049 89.546
      vertex 128.784 21.5238 89.7638
      vertex 129.172 21.4855 89.546
    endloop
  endfacet
  facet normal 0.625951 0.333802 0.704813
    outer loop
      vertex 129.285 21.8589 89.2688
      vertex 129.055 21.7049 89.546
      vertex 129.172 21.4855 89.546
    endloop
  endfacet
  facet normal 0.625093 0.334412 0.705285
    outer loop
      vertex 129.285 21.8589 89.2688
      vertex 129.172 21.4855 89.546
      vertex 129.428 21.5916 89.2688
    endloop
  endfacet
  facet normal 0.733534 0.392426 0.554915
    outer loop
      vertex 129.63 21.675 88.9428
      vertex 129.285 21.8589 89.2688
      vertex 129.428 21.5916 89.2688
    endloop
  endfacet
  facet normal -0.262697 -0.491446 0.830344
    outer loop
      vertex 126.639 1.12897 89.7638
      vertex 126.476 1.2161 89.7638
      vertex 126.514 0.827794 89.546
    endloop
  endfacet
  facet normal -0.205773 -0.678276 0.705407
    outer loop
      vertex 126.514 0.827794 89.546
      vertex 126.408 0.571664 89.2688
      vertex 126.698 0.483685 89.2688
    endloop
  endfacet
  facet normal -0.340201 -0.179624 0.923038
    outer loop
      vertex 126.464 1.77783 89.9139
      vertex 126.216 1.47621 89.7638
      vertex 126.517 1.67745 89.9139
    endloop
  endfacet
  facet normal -0.491874 -0.262534 0.830142
    outer loop
      vertex 126.129 1.63921 89.7638
      vertex 125.828 1.51446 89.546
      vertex 126.216 1.47621 89.7638
    endloop
  endfacet
  facet normal -0.450011 -0.547587 0.705435
    outer loop
      vertex 126.103 1.10283 89.546
      vertex 125.907 0.906798 89.2688
      vertex 126.295 0.945043 89.546
    endloop
  endfacet
  facet normal -0.263099 -0.491422 0.830231
    outer loop
      vertex 126.476 1.2161 89.7638
      vertex 126.295 0.945043 89.546
      vertex 126.514 0.827794 89.546
    endloop
  endfacet
  facet normal -0.625912 -0.333843 0.704828
    outer loop
      vertex 125.828 1.51446 89.546
      vertex 125.715 1.14108 89.2688
      vertex 125.945 1.2951 89.546
    endloop
  endfacet
  facet normal -0.644088 -0.527846 0.55365
    outer loop
      vertex 125.907 0.906798 89.2688
      vertex 125.715 1.14108 89.2688
      vertex 125.753 0.752775 88.9428
    endloop
  endfacet
  facet normal -0.54857 -0.449567 0.704954
    outer loop
      vertex 125.945 1.2951 89.546
      vertex 125.715 1.14108 89.2688
      vertex 125.907 0.906798 89.2688
    endloop
  endfacet
  facet normal -0.547604 -0.45 0.705429
    outer loop
      vertex 125.945 1.2951 89.546
      vertex 125.907 0.906798 89.2688
      vertex 126.103 1.10283 89.546
    endloop
  endfacet
  facet normal 0.491898 0.262547 0.830124
    outer loop
      vertex 129.172 21.4855 89.546
      vertex 128.784 21.5238 89.7638
      vertex 128.871 21.3608 89.7638
    endloop
  endfacet
  facet normal 0.33886 0.180864 0.923289
    outer loop
      vertex 128.784 21.5238 89.7638
      vertex 128.536 21.2222 89.9139
      vertex 128.871 21.3608 89.7638
    endloop
  endfacet
  facet normal 0.111582 0.367786 0.923192
    outer loop
      vertex 128.361 21.871 89.7638
      vertex 128.184 21.9247 89.7638
      vertex 128.222 21.5364 89.9139
    endloop
  endfacet
  facet normal 0.18053 0.339545 0.923102
    outer loop
      vertex 128.524 21.7839 89.7638
      vertex 128.222 21.5364 89.9139
      vertex 128.323 21.4827 89.9139
    endloop
  endfacet
  facet normal 0.0816748 0.828794 0.553561
    outer loop
      vertex 128.344 22.7299 88.9428
      vertex 128 22.7638 88.9428
      vertex 128.302 22.5163 89.2688
    endloop
  endfacet
  facet normal 0.392787 0.734414 0.553493
    outer loop
      vertex 128.675 22.6296 88.9428
      vertex 128.592 22.4283 89.2688
      vertex 128.859 22.2855 89.2688
    endloop
  endfacet
  facet normal 0 0.707107 0.707107
    outer loop
      vertex 128 22.546 89.2688
      vertex 127 22.2688 89.546
      vertex 128 22.2688 89.546
    endloop
  endfacet
  facet normal 0 0.707107 0.707107
    outer loop
      vertex 127 22.2688 89.546
      vertex 128 22.546 89.2688
      vertex 127 22.546 89.2688
    endloop
  endfacet
  facet normal -0 0.555524 0.831501
    outer loop
      vertex 127 22.2688 89.546
      vertex 128 21.9428 89.7638
      vertex 128 22.2688 89.546
    endloop
  endfacet
  facet normal 0 0.555524 0.831501
    outer loop
      vertex 128 21.9428 89.7638
      vertex 127 22.2688 89.546
      vertex 127 21.9428 89.7638
    endloop
  endfacet
  facet normal -0.534272 0.161628 0.829717
    outer loop
      vertex 125.828 21.4855 89.546
      vertex 125.756 21.2475 89.546
      vertex 126.075 21.1839 89.7638
    endloop
  endfacet
  facet normal -0.733534 0.392426 0.554915
    outer loop
      vertex 125.715 21.8589 89.2688
      vertex 125.37 21.675 88.9428
      vertex 125.572 21.5916 89.2688
    endloop
  endfacet
  facet normal -0.491898 0.262547 0.830124
    outer loop
      vertex 126.216 21.5238 89.7638
      vertex 125.828 21.4855 89.546
      vertex 126.129 21.3608 89.7638
    endloop
  endfacet
  facet normal -0.548598 0.449556 0.704939
    outer loop
      vertex 125.907 22.0932 89.2688
      vertex 125.715 21.8589 89.2688
      vertex 125.945 21.7049 89.546
    endloop
  endfacet
  facet normal -0.815727 0.436336 0.379737
    outer loop
      vertex 125.409 22.0633 88.5806
      vertex 125.232 21.7324 88.5806
      vertex 125.533 21.9799 88.9428
    endloop
  endfacet
  facet normal -0.815763 0.436108 0.379922
    outer loop
      vertex 125.533 21.9799 88.9428
      vertex 125.232 21.7324 88.5806
      vertex 125.37 21.675 88.9428
    endloop
  endfacet
  facet normal 0.0920109 0.173056 0.980605
    outer loop
      vertex 128.222 21.5364 89.9139
      vertex 128.109 21.163 89.9904
      vertex 128.323 21.4827 89.9139
    endloop
  endfacet
  facet normal 0.124271 0.151465 0.98062
    outer loop
      vertex 128.323 21.4827 89.9139
      vertex 128.109 21.163 89.9904
      vertex 128.411 21.4105 89.9139
    endloop
  endfacet
  facet normal 0.111345 0.367775 0.923225
    outer loop
      vertex 128.184 21.9247 89.7638
      vertex 128.113 21.5694 89.9139
      vertex 128.222 21.5364 89.9139
    endloop
  endfacet
  facet normal 0.0379057 0.382441 0.923202
    outer loop
      vertex 128.184 21.9247 89.7638
      vertex 128 21.5806 89.9139
      vertex 128.113 21.5694 89.9139
    endloop
  endfacet
  facet normal 0.431016 0.354137 0.829947
    outer loop
      vertex 128.897 21.8972 89.546
      vertex 128.667 21.6667 89.7638
      vertex 129.055 21.7049 89.546
    endloop
  endfacet
  facet normal 0.547661 0.449976 0.7054
    outer loop
      vertex 129.093 22.0932 89.2688
      vertex 128.897 21.8972 89.546
      vertex 129.055 21.7049 89.546
    endloop
  endfacet
  facet normal -0.338852 -0.18086 0.923293
    outer loop
      vertex 126.464 1.77783 89.9139
      vertex 126.129 1.63921 89.7638
      vertex 126.216 1.47621 89.7638
    endloop
  endfacet
  facet normal -0.367297 -0.112145 0.923318
    outer loop
      vertex 126.464 1.77783 89.9139
      vertex 126.075 1.81607 89.7638
      vertex 126.129 1.63921 89.7638
    endloop
  endfacet
  facet normal -0.353431 -0.431087 0.830211
    outer loop
      vertex 126.333 1.33334 89.7638
      vertex 126.295 0.945043 89.546
      vertex 126.476 1.2161 89.7638
    endloop
  endfacet
  facet normal -0.243768 -0.297328 0.923132
    outer loop
      vertex 126.589 1.58948 89.9139
      vertex 126.333 1.33334 89.7638
      vertex 126.476 1.2161 89.7638
    endloop
  endfacet
  facet normal -0.205765 -0.678275 0.70541
    outer loop
      vertex 126.752 0.755593 89.546
      vertex 126.514 0.827794 89.546
      vertex 126.698 0.483685 89.2688
    endloop
  endfacet
  facet normal -0.161771 -0.533254 0.830344
    outer loop
      vertex 126.816 1.07532 89.7638
      vertex 126.514 0.827794 89.546
      vertex 126.752 0.755593 89.546
    endloop
  endfacet
  facet normal 0.35333 0.43111 0.830242
    outer loop
      vertex 128.705 22.055 89.546
      vertex 128.524 21.7839 89.7638
      vertex 128.667 21.6667 89.7638
    endloop
  endfacet
  facet normal 0.243695 0.297341 0.923148
    outer loop
      vertex 128.524 21.7839 89.7638
      vertex 128.411 21.4105 89.9139
      vertex 128.667 21.6667 89.7638
    endloop
  endfacet
  facet normal 0.181103 0.338918 0.92322
    outer loop
      vertex 128.361 21.871 89.7638
      vertex 128.222 21.5364 89.9139
      vertex 128.524 21.7839 89.7638
    endloop
  endfacet
  facet normal 0.262613 0.491457 0.830364
    outer loop
      vertex 128.486 22.1722 89.546
      vertex 128.361 21.871 89.7638
      vertex 128.524 21.7839 89.7638
    endloop
  endfacet
  facet normal 0.0693724 0.705403 0.705403
    outer loop
      vertex 128 22.546 89.2688
      vertex 128 22.2688 89.546
      vertex 128.302 22.5163 89.2688
    endloop
  endfacet
  facet normal 0.0694008 0.705385 0.705418
    outer loop
      vertex 128.302 22.5163 89.2688
      vertex 128 22.2688 89.546
      vertex 128.248 22.2444 89.546
    endloop
  endfacet
  facet normal -0.625093 0.334412 0.705285
    outer loop
      vertex 125.715 21.8589 89.2688
      vertex 125.572 21.5916 89.2688
      vertex 125.828 21.4855 89.546
    endloop
  endfacet
  facet normal -0.678377 0.205852 0.705287
    outer loop
      vertex 125.572 21.5916 89.2688
      vertex 125.484 21.3016 89.2688
      vertex 125.828 21.4855 89.546
    endloop
  endfacet
  facet normal -0.450052 0.547592 0.705405
    outer loop
      vertex 126.295 22.055 89.546
      vertex 125.907 22.0932 89.2688
      vertex 126.103 21.8972 89.546
    endloop
  endfacet
  facet normal -0.450037 0.547627 0.705388
    outer loop
      vertex 126.141 22.2855 89.2688
      vertex 125.907 22.0932 89.2688
      vertex 126.295 22.055 89.546
    endloop
  endfacet
  facet normal 0.241813 0.796883 0.553629
    outer loop
      vertex 128.675 22.6296 88.9428
      vertex 128.302 22.5163 89.2688
      vertex 128.592 22.4283 89.2688
    endloop
  endfacet
  facet normal 0.205828 0.678296 0.705372
    outer loop
      vertex 128.592 22.4283 89.2688
      vertex 128.302 22.5163 89.2688
      vertex 128.486 22.1722 89.546
    endloop
  endfacet
  facet normal -0.491911 0.262323 0.830187
    outer loop
      vertex 125.945 21.7049 89.546
      vertex 125.828 21.4855 89.546
      vertex 126.216 21.5238 89.7638
    endloop
  endfacet
  facet normal -0.431284 0.353115 0.830243
    outer loop
      vertex 126.333 21.6667 89.7638
      vertex 125.945 21.7049 89.546
      vertex 126.216 21.5238 89.7638
    endloop
  endfacet
  facet normal 1 0 0
    outer loop
      vertex 130 23 88
      vertex 130 15.5 76
      vertex 130 23 5.8
    endloop
  endfacet
  facet normal 1 -0 0
    outer loop
      vertex 130 13.9944 77.6667
      vertex 130 15.5 76
      vertex 130 23 88
    endloop
  endfacet
  facet normal 1 0 0
    outer loop
      vertex 130 15.5 76
      vertex 130 14.4424 76.5853
      vertex 130 14.5 76
    endloop
  endfacet
  facet normal 1 0 0
    outer loop
      vertex 130 15.5 76
      vertex 130 14.2716 77.148
      vertex 130 14.4424 76.5853
    endloop
  endfacet
  facet normal 1 0 0
    outer loop
      vertex 130 15.5 76
      vertex 130 13.9944 77.6667
      vertex 130 14.2716 77.148
    endloop
  endfacet
  facet normal 1 0 0
    outer loop
      vertex 130 23 88
      vertex 130 13.6213 78.1213
      vertex 130 13.9944 77.6667
    endloop
  endfacet
  facet normal 1 0 0
    outer loop
      vertex 130 23 88
      vertex 130 13.1667 78.4944
      vertex 130 13.6213 78.1213
    endloop
  endfacet
  facet normal 1 0 0
    outer loop
      vertex 130 23 88
      vertex 130 12.648 78.7716
      vertex 130 13.1667 78.4944
    endloop
  endfacet
  facet normal 1 0 0
    outer loop
      vertex 130 23 88
      vertex 130 12.0853 78.9424
      vertex 130 12.648 78.7716
    endloop
  endfacet
  facet normal 1 0 0
    outer loop
      vertex 130 23 88
      vertex 130 11.5 79
      vertex 130 12.0853 78.9424
    endloop
  endfacet
  facet normal 1 -0 0
    outer loop
      vertex 130 0 88
      vertex 130 11.5 79
      vertex 130 23 88
    endloop
  endfacet
  facet normal 1 0 0
    outer loop
      vertex 130 11.5 79
      vertex 130 0 88
      vertex 130 10.9147 78.9424
    endloop
  endfacet
  facet normal 1 0 0
    outer loop
      vertex 130 10.9147 78.9424
      vertex 130 0 88
      vertex 130 10.3519 78.7716
    endloop
  endfacet
  facet normal 1 0 0
    outer loop
      vertex 130 8.55764 76.5853
      vertex 130 7.5 76
      vertex 130 8.5 76
    endloop
  endfacet
  facet normal 1 0 0
    outer loop
      vertex 130 8.72836 77.148
      vertex 130 7.5 76
      vertex 130 8.55764 76.5853
    endloop
  endfacet
  facet normal 1 0 0
    outer loop
      vertex 130 9.00559 77.6667
      vertex 130 7.5 76
      vertex 130 8.72836 77.148
    endloop
  endfacet
  facet normal 1 0 0
    outer loop
      vertex 130 0 88
      vertex 130 9.00559 77.6667
      vertex 130 9.37868 78.1213
    endloop
  endfacet
  facet normal 1 0 0
    outer loop
      vertex 130 10.3519 78.7716
      vertex 130 0 88
      vertex 130 9.83329 78.4944
    endloop
  endfacet
  facet normal 1 0 0
    outer loop
      vertex 130 0 88
      vertex 130 9.37868 78.1213
      vertex 130 9.83329 78.4944
    endloop
  endfacet
  facet normal 1 0 0
    outer loop
      vertex 130 9.00559 77.6667
      vertex 130 0 88
      vertex 130 7.5 76
    endloop
  endfacet
  facet normal 1 0 0
    outer loop
      vertex 130 0 5.8
      vertex 130 7.5 76
      vertex 130 0 88
    endloop
  endfacet
  facet normal 1 0 0
    outer loop
      vertex 130 7.5 76
      vertex 130 0 5.8
      vertex 130 7.5 5.8
    endloop
  endfacet
  facet normal 1 0 0
    outer loop
      vertex 130 23 5.8
      vertex 130 15.5 76
      vertex 130 15.5 5.8
    endloop
  endfacet
  facet normal 0 0 1
    outer loop
      vertex 130 23 88
      vertex 129.99 21 88
      vertex 130 0 88
    endloop
  endfacet
  facet normal 0 0 1
    outer loop
      vertex 130 23 88
      vertex 129.952 21.3883 88
      vertex 129.99 21 88
    endloop
  endfacet
  facet normal 0 0 1
    outer loop
      vertex 130 23 88
      vertex 129.839 21.7617 88
      vertex 129.952 21.3883 88
    endloop
  endfacet
  facet normal 0 0 1
    outer loop
      vertex 130 23 88
      vertex 129.655 22.1058 88
      vertex 129.839 21.7617 88
    endloop
  endfacet
  facet normal 0 0 1
    outer loop
      vertex 130 23 88
      vertex 129.407 22.4074 88
      vertex 129.655 22.1058 88
    endloop
  endfacet
  facet normal 0 0 1
    outer loop
      vertex 130 23 88
      vertex 129.106 22.6549 88
      vertex 129.407 22.4074 88
    endloop
  endfacet
  facet normal 0 0 1
    outer loop
      vertex 130 23 88
      vertex 128.762 22.8389 88
      vertex 129.106 22.6549 88
    endloop
  endfacet
  facet normal 0 0 1
    outer loop
      vertex 130 23 88
      vertex 128.388 22.9521 88
      vertex 128.762 22.8389 88
    endloop
  endfacet
  facet normal 0 0 1
    outer loop
      vertex 130 23 88
      vertex 128 22.9904 88
      vertex 128.388 22.9521 88
    endloop
  endfacet
  facet normal 0 0 1
    outer loop
      vertex 130 23 88
      vertex 127 22.9904 88
      vertex 128 22.9904 88
    endloop
  endfacet
  facet normal 0 0 1
    outer loop
      vertex 125.01 21 88
      vertex 125 23 88
      vertex 125.01 2 88
    endloop
  endfacet
  facet normal 0 0 1
    outer loop
      vertex 125.048 21.3883 88
      vertex 125 23 88
      vertex 125.01 21 88
    endloop
  endfacet
  facet normal 0 0 1
    outer loop
      vertex 125.161 21.7617 88
      vertex 125 23 88
      vertex 125.048 21.3883 88
    endloop
  endfacet
  facet normal 0 0 1
    outer loop
      vertex 125.345 22.1058 88
      vertex 125 23 88
      vertex 125.161 21.7617 88
    endloop
  endfacet
  facet normal 0 0 1
    outer loop
      vertex 125.593 22.4074 88
      vertex 125 23 88
      vertex 125.345 22.1058 88
    endloop
  endfacet
  facet normal 0 0 1
    outer loop
      vertex 125.894 22.6549 88
      vertex 125 23 88
      vertex 125.593 22.4074 88
    endloop
  endfacet
  facet normal 0 0 1
    outer loop
      vertex 126.238 22.8389 88
      vertex 125 23 88
      vertex 125.894 22.6549 88
    endloop
  endfacet
  facet normal 0 0 1
    outer loop
      vertex 126.612 22.9521 88
      vertex 125 23 88
      vertex 126.238 22.8389 88
    endloop
  endfacet
  facet normal 0 0 1
    outer loop
      vertex 127 22.9904 88
      vertex 125 23 88
      vertex 126.612 22.9521 88
    endloop
  endfacet
  facet normal -0 0 1
    outer loop
      vertex 125 23 88
      vertex 127 22.9904 88
      vertex 130 23 88
    endloop
  endfacet
  facet normal -0 0 1
    outer loop
      vertex 129.99 2 88
      vertex 130 0 88
      vertex 129.99 21 88
    endloop
  endfacet
  facet normal -0 0 1
    outer loop
      vertex 129.952 1.6117 88
      vertex 130 0 88
      vertex 129.99 2 88
    endloop
  endfacet
  facet normal -0 0 1
    outer loop
      vertex 129.839 1.23832 88
      vertex 130 0 88
      vertex 129.952 1.6117 88
    endloop
  endfacet
  facet normal -0 0 1
    outer loop
      vertex 129.655 0.894211 88
      vertex 130 0 88
      vertex 129.839 1.23832 88
    endloop
  endfacet
  facet normal -0 0 1
    outer loop
      vertex 129.407 0.592597 88
      vertex 130 0 88
      vertex 129.655 0.894211 88
    endloop
  endfacet
  facet normal -0 0 1
    outer loop
      vertex 129.106 0.345069 88
      vertex 130 0 88
      vertex 129.407 0.592597 88
    endloop
  endfacet
  facet normal -0 0 1
    outer loop
      vertex 128.762 0.161139 88
      vertex 130 0 88
      vertex 129.106 0.345069 88
    endloop
  endfacet
  facet normal -0 0 1
    outer loop
      vertex 128.388 0.0478754 88
      vertex 130 0 88
      vertex 128.762 0.161139 88
    endloop
  endfacet
  facet normal -0 0 1
    outer loop
      vertex 128 0.00963116 88
      vertex 130 0 88
      vertex 128.388 0.0478754 88
    endloop
  endfacet
  facet normal -0 0 1
    outer loop
      vertex 127 0.00963116 88
      vertex 130 0 88
      vertex 128 0.00963116 88
    endloop
  endfacet
  facet normal 0 0 1
    outer loop
      vertex 127 0.00963116 88
      vertex 125 0 88
      vertex 130 0 88
    endloop
  endfacet
  facet normal 0 0 1
    outer loop
      vertex 126.612 0.0478754 88
      vertex 125 0 88
      vertex 127 0.00963116 88
    endloop
  endfacet
  facet normal 0 0 1
    outer loop
      vertex 126.238 0.161139 88
      vertex 125 0 88
      vertex 126.612 0.0478754 88
    endloop
  endfacet
  facet normal 0 0 1
    outer loop
      vertex 125.894 0.345069 88
      vertex 125 0 88
      vertex 126.238 0.161139 88
    endloop
  endfacet
  facet normal 0 0 1
    outer loop
      vertex 125.593 0.592597 88
      vertex 125 0 88
      vertex 125.894 0.345069 88
    endloop
  endfacet
  facet normal 0 0 1
    outer loop
      vertex 125.345 0.894211 88
      vertex 125 0 88
      vertex 125.593 0.592597 88
    endloop
  endfacet
  facet normal 0 0 1
    outer loop
      vertex 125.161 1.23832 88
      vertex 125 0 88
      vertex 125.345 0.894211 88
    endloop
  endfacet
  facet normal 0 0 1
    outer loop
      vertex 125.048 1.6117 88
      vertex 125 0 88
      vertex 125.161 1.23832 88
    endloop
  endfacet
  facet normal 0 0 1
    outer loop
      vertex 125.01 2 88
      vertex 125 0 88
      vertex 125.048 1.6117 88
    endloop
  endfacet
  facet normal 0 0 1
    outer loop
      vertex 125 0 88
      vertex 125.01 2 88
      vertex 125 23 88
    endloop
  endfacet
  facet normal -1 0 0
    outer loop
      vertex 125 4 22
      vertex 125 7.5 5.99037
      vertex 125 4 5.99037
    endloop
  endfacet
  facet normal -1 0 0
    outer loop
      vertex 125 19 5.99037
      vertex 125 15.5 5.99037
      vertex 125 19 74
    endloop
  endfacet
  facet normal -1 0 0
    outer loop
      vertex 125 19 74
      vertex 125 23 88
      vertex 125 23 74
    endloop
  endfacet
  facet normal -1 0 0
    outer loop
      vertex 125 15.5 76
      vertex 125 19 74
      vertex 125 15.5 5.99037
    endloop
  endfacet
  facet normal -1 0 0
    outer loop
      vertex 125 15.5 76
      vertex 125 23 88
      vertex 125 19 74
    endloop
  endfacet
  facet normal -1 0 0
    outer loop
      vertex 125 14.4424 76.5853
      vertex 125 15.5 76
      vertex 125 14.5 76
    endloop
  endfacet
  facet normal -1 0 0
    outer loop
      vertex 125 14.2716 77.148
      vertex 125 15.5 76
      vertex 125 14.4424 76.5853
    endloop
  endfacet
  facet normal -1 0 0
    outer loop
      vertex 125 13.9944 77.6667
      vertex 125 15.5 76
      vertex 125 14.2716 77.148
    endloop
  endfacet
  facet normal -1 0 0
    outer loop
      vertex 125 15.5 76
      vertex 125 13.9944 77.6667
      vertex 125 23 88
    endloop
  endfacet
  facet normal -1 0 0
    outer loop
      vertex 125 13.6213 78.1213
      vertex 125 23 88
      vertex 125 13.9944 77.6667
    endloop
  endfacet
  facet normal -1 0 0
    outer loop
      vertex 125 13.1667 78.4944
      vertex 125 23 88
      vertex 125 13.6213 78.1213
    endloop
  endfacet
  facet normal -1 0 0
    outer loop
      vertex 125 12.648 78.7716
      vertex 125 23 88
      vertex 125 13.1667 78.4944
    endloop
  endfacet
  facet normal -1 0 0
    outer loop
      vertex 125 12.0853 78.9424
      vertex 125 23 88
      vertex 125 12.648 78.7716
    endloop
  endfacet
  facet normal -1 0 0
    outer loop
      vertex 125 11.5 79
      vertex 125 23 88
      vertex 125 12.0853 78.9424
    endloop
  endfacet
  facet normal -1 0 0
    outer loop
      vertex 125 0 88
      vertex 125 11.5 79
      vertex 125 10.9147 78.9424
    endloop
  endfacet
  facet normal -1 0 0
    outer loop
      vertex 125 0 88
      vertex 125 10.9147 78.9424
      vertex 125 10.3519 78.7716
    endloop
  endfacet
  facet normal -1 0 0
    outer loop
      vertex 125 0 88
      vertex 125 10.3519 78.7716
      vertex 125 9.83329 78.4944
    endloop
  endfacet
  facet normal -1 0 0
    outer loop
      vertex 125 7.5 76
      vertex 125 8.55764 76.5853
      vertex 125 8.5 76
    endloop
  endfacet
  facet normal -1 0 0
    outer loop
      vertex 125 7.5 76
      vertex 125 8.72836 77.148
      vertex 125 8.55764 76.5853
    endloop
  endfacet
  facet normal -1 0 0
    outer loop
      vertex 125 7.5 76
      vertex 125 9.00559 77.6667
      vertex 125 8.72836 77.148
    endloop
  endfacet
  facet normal -1 0 0
    outer loop
      vertex 125 0 88
      vertex 125 9.00559 77.6667
      vertex 125 7.5 76
    endloop
  endfacet
  facet normal -1 0 0
    outer loop
      vertex 125 7.5 5.99037
      vertex 125 4 22
      vertex 125 7.5 76
    endloop
  endfacet
  facet normal -1 0 0
    outer loop
      vertex 125 0 22
      vertex 125 7.5 76
      vertex 125 4 22
    endloop
  endfacet
  facet normal -1 0 0
    outer loop
      vertex 125 11.5 79
      vertex 125 0 88
      vertex 125 23 88
    endloop
  endfacet
  facet normal -1 0 0
    outer loop
      vertex 125 9.37868 78.1213
      vertex 125 0 88
      vertex 125 9.83329 78.4944
    endloop
  endfacet
  facet normal -1 0 0
    outer loop
      vertex 125 9.00559 77.6667
      vertex 125 0 88
      vertex 125 9.37868 78.1213
    endloop
  endfacet
  facet normal -1 0 0
    outer loop
      vertex 125 0 88
      vertex 125 7.5 76
      vertex 125 0 22
    endloop
  endfacet
  facet normal 0 0 -1
    outer loop
      vertex 125 14.5 76
      vertex 130 15.5 76
      vertex 130 14.5 76
    endloop
  endfacet
  facet normal -0 0 -1
    outer loop
      vertex 130 15.5 76
      vertex 125 14.5 76
      vertex 125 15.5 76
    endloop
  endfacet
  facet normal 0 0 -1
    outer loop
      vertex 125 7.5 76
      vertex 130 8.5 76
      vertex 130 7.5 76
    endloop
  endfacet
  facet normal -0 0 -1
    outer loop
      vertex 130 8.5 76
      vertex 125 7.5 76
      vertex 125 8.5 76
    endloop
  endfacet
  facet normal 0 -1 0
    outer loop
      vertex 128.196 15.5 5.99037
      vertex 125 15.5 76
      vertex 125 15.5 5.99037
    endloop
  endfacet
  facet normal 0 -1 0
    outer loop
      vertex 125 15.5 76
      vertex 128.196 15.5 5.99037
      vertex 130 15.5 76
    endloop
  endfacet
  facet normal 0 -1 0
    outer loop
      vertex 130 15.5 5.8
      vertex 128.196 15.5 5.99037
      vertex 128.581 15.5 5.91388
    endloop
  endfacet
  facet normal 0 -1 0
    outer loop
      vertex 130 15.5 5.8
      vertex 128.581 15.5 5.91388
      vertex 128.855 15.5 5.8
    endloop
  endfacet
  facet normal 0 -1 0
    outer loop
      vertex 128.196 15.5 5.99037
      vertex 130 15.5 5.8
      vertex 130 15.5 76
    endloop
  endfacet
  facet normal 0 1 0
    outer loop
      vertex 130 7.5 76
      vertex 128.196 7.5 5.99037
      vertex 125 7.5 76
    endloop
  endfacet
  facet normal 0 1 -0
    outer loop
      vertex 130 7.5 5.8
      vertex 128.196 7.5 5.99037
      vertex 130 7.5 76
    endloop
  endfacet
  facet normal 0 1 0
    outer loop
      vertex 128.196 7.5 5.99037
      vertex 130 7.5 5.8
      vertex 128.581 7.5 5.91388
    endloop
  endfacet
  facet normal 0 1 0
    outer loop
      vertex 128.581 7.5 5.91388
      vertex 130 7.5 5.8
      vertex 128.855 7.5 5.8
    endloop
  endfacet
  facet normal 0 1 0
    outer loop
      vertex 125 7.5 76
      vertex 128.196 7.5 5.99037
      vertex 125 7.5 5.99037
    endloop
  endfacet
  facet normal 0 0.773003 -0.634403
    outer loop
      vertex 130 9.00559 77.6667
      vertex 125 9.37868 78.1213
      vertex 130 9.37868 78.1213
    endloop
  endfacet
  facet normal 0 0.773003 -0.634403
    outer loop
      vertex 125 9.37868 78.1213
      vertex 130 9.00559 77.6667
      vertex 125 9.00559 77.6667
    endloop
  endfacet
  facet normal 0 0.471393 -0.881923
    outer loop
      vertex 125 9.83329 78.4944
      vertex 130 10.3519 78.7716
      vertex 130 9.83329 78.4944
    endloop
  endfacet
  facet normal 0 0.471393 -0.881923
    outer loop
      vertex 130 10.3519 78.7716
      vertex 125 9.83329 78.4944
      vertex 125 10.3519 78.7716
    endloop
  endfacet
  facet normal 0 -0.772994 -0.634413
    outer loop
      vertex 125 13.9944 77.6667
      vertex 130 13.6213 78.1213
      vertex 125 13.6213 78.1213
    endloop
  endfacet
  facet normal 0 -0.772994 -0.634413
    outer loop
      vertex 130 13.6213 78.1213
      vertex 125 13.9944 77.6667
      vertex 130 13.9944 77.6667
    endloop
  endfacet
  facet normal 0 -0.95689 -0.290451
    outer loop
      vertex 125 14.4424 76.5853
      vertex 130 14.2716 77.148
      vertex 125 14.2716 77.148
    endloop
  endfacet
  facet normal 0 -0.95689 -0.290451
    outer loop
      vertex 130 14.2716 77.148
      vertex 125 14.4424 76.5853
      vertex 130 14.4424 76.5853
    endloop
  endfacet
  facet normal 0 0.956928 -0.290326
    outer loop
      vertex 130 8.55764 76.5853
      vertex 125 8.72836 77.148
      vertex 130 8.72836 77.148
    endloop
  endfacet
  facet normal 0 0.956928 -0.290326
    outer loop
      vertex 125 8.72836 77.148
      vertex 130 8.55764 76.5853
      vertex 125 8.55764 76.5853
    endloop
  endfacet
  facet normal 0 0.290404 -0.956904
    outer loop
      vertex 125 10.3519 78.7716
      vertex 130 10.9147 78.9424
      vertex 130 10.3519 78.7716
    endloop
  endfacet
  facet normal 0 0.290404 -0.956904
    outer loop
      vertex 130 10.9147 78.9424
      vertex 125 10.3519 78.7716
      vertex 125 10.9147 78.9424
    endloop
  endfacet
  facet normal 0 0.995186 -0.0980053
    outer loop
      vertex 130 8.5 76
      vertex 125 8.55764 76.5853
      vertex 130 8.55764 76.5853
    endloop
  endfacet
  facet normal 0 0.995186 -0.0980053
    outer loop
      vertex 125 8.55764 76.5853
      vertex 130 8.5 76
      vertex 125 8.5 76
    endloop
  endfacet
  facet normal 0 -0.634413 -0.772994
    outer loop
      vertex 125 13.1667 78.4944
      vertex 130 13.6213 78.1213
      vertex 130 13.1667 78.4944
    endloop
  endfacet
  facet normal -0 -0.634413 -0.772994
    outer loop
      vertex 130 13.6213 78.1213
      vertex 125 13.1667 78.4944
      vertex 125 13.6213 78.1213
    endloop
  endfacet
  facet normal 0 -0.097938 -0.995193
    outer loop
      vertex 125 11.5 79
      vertex 130 12.0853 78.9424
      vertex 130 11.5 79
    endloop
  endfacet
  facet normal -0 -0.097938 -0.995193
    outer loop
      vertex 130 12.0853 78.9424
      vertex 125 11.5 79
      vertex 125 12.0853 78.9424
    endloop
  endfacet
  facet normal 0 -0.471329 -0.881957
    outer loop
      vertex 125 12.648 78.7716
      vertex 130 13.1667 78.4944
      vertex 130 12.648 78.7716
    endloop
  endfacet
  facet normal -0 -0.471329 -0.881957
    outer loop
      vertex 130 13.1667 78.4944
      vertex 125 12.648 78.7716
      vertex 125 13.1667 78.4944
    endloop
  endfacet
  facet normal 0 0.634405 -0.773001
    outer loop
      vertex 125 9.37868 78.1213
      vertex 130 9.83329 78.4944
      vertex 130 9.37868 78.1213
    endloop
  endfacet
  facet normal 0 0.634405 -0.773001
    outer loop
      vertex 130 9.83329 78.4944
      vertex 125 9.37868 78.1213
      vertex 125 9.83329 78.4944
    endloop
  endfacet
  facet normal 0 -0.881957 -0.471329
    outer loop
      vertex 125 14.2716 77.148
      vertex 130 13.9944 77.6667
      vertex 125 13.9944 77.6667
    endloop
  endfacet
  facet normal 0 -0.881957 -0.471329
    outer loop
      vertex 130 13.9944 77.6667
      vertex 125 14.2716 77.148
      vertex 130 14.2716 77.148
    endloop
  endfacet
  facet normal 0 -0.995193 -0.097938
    outer loop
      vertex 125 14.5 76
      vertex 130 14.4424 76.5853
      vertex 125 14.4424 76.5853
    endloop
  endfacet
  facet normal 0 -0.995193 -0.097938
    outer loop
      vertex 130 14.4424 76.5853
      vertex 125 14.5 76
      vertex 130 14.5 76
    endloop
  endfacet
  facet normal 0 0.097938 -0.995193
    outer loop
      vertex 125 10.9147 78.9424
      vertex 130 11.5 79
      vertex 130 10.9147 78.9424
    endloop
  endfacet
  facet normal 0 0.097938 -0.995193
    outer loop
      vertex 130 11.5 79
      vertex 125 10.9147 78.9424
      vertex 125 11.5 79
    endloop
  endfacet
  facet normal 0 0.881936 -0.471369
    outer loop
      vertex 130 8.72836 77.148
      vertex 125 9.00559 77.6667
      vertex 130 9.00559 77.6667
    endloop
  endfacet
  facet normal 0 0.881936 -0.471369
    outer loop
      vertex 125 9.00559 77.6667
      vertex 130 8.72836 77.148
      vertex 125 8.72836 77.148
    endloop
  endfacet
  facet normal 0 -0.290451 -0.95689
    outer loop
      vertex 125 12.0853 78.9424
      vertex 130 12.648 78.7716
      vertex 130 12.0853 78.9424
    endloop
  endfacet
  facet normal -0 -0.290451 -0.95689
    outer loop
      vertex 130 12.648 78.7716
      vertex 125 12.0853 78.9424
      vertex 125 12.648 78.7716
    endloop
  endfacet
  facet normal -0 0 1
    outer loop
      vertex 5 4 22
      vertex 44 0 22
      vertex 44 4 22
    endloop
  endfacet
  facet normal 0 0 1
    outer loop
      vertex 44 0 22
      vertex 5 4 22
      vertex 5 0 22
    endloop
  endfacet
  facet normal -0 0 1
    outer loop
      vertex 86 4 22
      vertex 125 0 22
      vertex 125 4 22
    endloop
  endfacet
  facet normal 0 0 1
    outer loop
      vertex 125 0 22
      vertex 86 4 22
      vertex 86 0 22
    endloop
  endfacet
  facet normal 0 1 0
    outer loop
      vertex 46.6481 4 14
      vertex 47.5391 4 12.333
      vertex 44 4 14
    endloop
  endfacet
  facet normal 0 1 -0
    outer loop
      vertex 44 4 14
      vertex 5 4 22
      vertex 44 4 22
    endloop
  endfacet
  facet normal 0 1 0
    outer loop
      vertex 50.1508 4 9.15076
      vertex 44 4 14
      vertex 47.5391 4 12.333
    endloop
  endfacet
  facet normal 0 1 0
    outer loop
      vertex 44 4 14
      vertex 50.1508 4 9.15076
      vertex 5 4 5.99037
    endloop
  endfacet
  facet normal 0 1 0
    outer loop
      vertex 5 4 5.99037
      vertex 50.1508 4 9.15076
      vertex 53.333 4 6.53914
    endloop
  endfacet
  facet normal 0 1 0
    outer loop
      vertex 5 4 5.99037
      vertex 53.333 4 6.53914
      vertex 54.3597 4 5.99037
    endloop
  endfacet
  facet normal 0 1 0
    outer loop
      vertex 44 4 14
      vertex 5 4 5.99037
      vertex 5 4 22
    endloop
  endfacet
  facet normal 0 1 0
    outer loop
      vertex 125 4 22
      vertex 86 4 14
      vertex 86 4 22
    endloop
  endfacet
  facet normal 0 1 0
    outer loop
      vertex 86 4 14
      vertex 82.4609 4 12.333
      vertex 83.3519 4 14
    endloop
  endfacet
  facet normal 0 1 -0
    outer loop
      vertex 125 4 5.99037
      vertex 86 4 14
      vertex 125 4 22
    endloop
  endfacet
  facet normal -0 1 0
    outer loop
      vertex 79.8492 4 9.15076
      vertex 86 4 14
      vertex 125 4 5.99037
    endloop
  endfacet
  facet normal 0 1 0
    outer loop
      vertex 86 4 14
      vertex 79.8492 4 9.15076
      vertex 82.4609 4 12.333
    endloop
  endfacet
  facet normal 0 1 0
    outer loop
      vertex 79.8492 4 9.15076
      vertex 125 4 5.99037
      vertex 76.667 4 6.53914
    endloop
  endfacet
  facet normal 0 1 0
    outer loop
      vertex 76.667 4 6.53914
      vertex 125 4 5.99037
      vertex 75.6403 4 5.99037
    endloop
  endfacet
  facet normal -0.881928 0 0.471384
    outer loop
      vertex 82.4609 0 12.333
      vertex 83.3519 4 14
      vertex 82.4609 4 12.333
    endloop
  endfacet
  facet normal -0.881928 0 0.471384
    outer loop
      vertex 83.3519 4 14
      vertex 82.4609 0 12.333
      vertex 83.3519 0 14
    endloop
  endfacet
  facet normal -0.772998 0 0.634408
    outer loop
      vertex 79.8492 0 9.15076
      vertex 82.4609 4 12.333
      vertex 79.8492 4 9.15076
    endloop
  endfacet
  facet normal -0.772998 0 0.634408
    outer loop
      vertex 82.4609 4 12.333
      vertex 79.8492 0 9.15076
      vertex 82.4609 0 12.333
    endloop
  endfacet
  facet normal 0.634401 0 0.773004
    outer loop
      vertex 50.1508 4 9.15076
      vertex 53.333 0 6.53914
      vertex 53.333 4 6.53914
    endloop
  endfacet
  facet normal 0.634401 0 0.773004
    outer loop
      vertex 53.333 0 6.53914
      vertex 50.1508 4 9.15076
      vertex 50.1508 0 9.15076
    endloop
  endfacet
  facet normal 0.471388 0 0.881926
    outer loop
      vertex 54.3597 4 5.99037
      vertex 53.333 4 6.53914
      vertex 54.3597 1.80397 5.99037
    endloop
  endfacet
  facet normal 0.471355 3.6858e-05 0.881943
    outer loop
      vertex 53.333 0 6.53914
      vertex 54.7159 1.1445 5.8
      vertex 54.5028 1.41943 5.91388
    endloop
  endfacet
  facet normal 0.471394 -4.45178e-06 0.881923
    outer loop
      vertex 53.333 0 6.53914
      vertex 54.5028 1.41943 5.91388
      vertex 54.3597 1.80397 5.99037
    endloop
  endfacet
  facet normal 0.471388 -0 0.881926
    outer loop
      vertex 53.333 0 6.53914
      vertex 54.3597 1.80397 5.99037
      vertex 53.333 4 6.53914
    endloop
  endfacet
  facet normal 0.471379 0 0.881931
    outer loop
      vertex 54.7159 1.1445 5.8
      vertex 53.333 0 6.53914
      vertex 54.7159 0 5.8
    endloop
  endfacet
  facet normal -0.634401 0 0.773004
    outer loop
      vertex 76.667 4 6.53914
      vertex 79.8492 0 9.15076
      vertex 79.8492 4 9.15076
    endloop
  endfacet
  facet normal -0.634401 0 0.773004
    outer loop
      vertex 79.8492 0 9.15076
      vertex 76.667 4 6.53914
      vertex 76.667 0 6.53914
    endloop
  endfacet
  facet normal -0.471388 0 0.881926
    outer loop
      vertex 75.6403 1.80397 5.99037
      vertex 76.667 4 6.53914
      vertex 75.6403 4 5.99037
    endloop
  endfacet
  facet normal -0.471388 0 0.881926
    outer loop
      vertex 76.667 4 6.53914
      vertex 75.6403 1.80397 5.99037
      vertex 76.667 0 6.53914
    endloop
  endfacet
  facet normal -0.471394 -4.45178e-06 0.881923
    outer loop
      vertex 75.4972 1.41943 5.91388
      vertex 76.667 0 6.53914
      vertex 75.6403 1.80397 5.99037
    endloop
  endfacet
  facet normal -0.471355 3.6858e-05 0.881943
    outer loop
      vertex 75.2841 1.1445 5.8
      vertex 76.667 0 6.53914
      vertex 75.4972 1.41943 5.91388
    endloop
  endfacet
  facet normal -0.471379 0 0.881931
    outer loop
      vertex 76.667 0 6.53914
      vertex 75.2841 1.1445 5.8
      vertex 75.2841 0 5.8
    endloop
  endfacet
  facet normal 0.772998 -0 0.634408
    outer loop
      vertex 47.5391 0 12.333
      vertex 50.1508 4 9.15076
      vertex 47.5391 4 12.333
    endloop
  endfacet
  facet normal 0.772998 0 0.634408
    outer loop
      vertex 50.1508 4 9.15076
      vertex 47.5391 0 12.333
      vertex 50.1508 0 9.15076
    endloop
  endfacet
  facet normal 0.881928 -0 0.471384
    outer loop
      vertex 46.6481 0 14
      vertex 47.5391 4 12.333
      vertex 46.6481 4 14
    endloop
  endfacet
  facet normal 0.881928 0 0.471384
    outer loop
      vertex 47.5391 4 12.333
      vertex 46.6481 0 14
      vertex 47.5391 0 12.333
    endloop
  endfacet
  facet normal -1 0 0
    outer loop
      vertex 86 0 14
      vertex 86 4 22
      vertex 86 4 14
    endloop
  endfacet
  facet normal -1 -0 0
    outer loop
      vertex 86 4 22
      vertex 86 0 14
      vertex 86 0 22
    endloop
  endfacet
  facet normal -0 0 1
    outer loop
      vertex 44 4 14
      vertex 46.6481 0 14
      vertex 46.6481 4 14
    endloop
  endfacet
  facet normal 0 0 1
    outer loop
      vertex 46.6481 0 14
      vertex 44 4 14
      vertex 44 0 14
    endloop
  endfacet
  facet normal -0 0 1
    outer loop
      vertex 83.3519 4 14
      vertex 86 0 14
      vertex 86 4 14
    endloop
  endfacet
  facet normal 0 0 1
    outer loop
      vertex 86 0 14
      vertex 83.3519 4 14
      vertex 83.3519 0 14
    endloop
  endfacet
  facet normal 1 -0 0
    outer loop
      vertex 44 0 22
      vertex 44 4 14
      vertex 44 4 22
    endloop
  endfacet
  facet normal 1 0 0
    outer loop
      vertex 44 4 14
      vertex 44 0 22
      vertex 44 0 14
    endloop
  endfacet
  facet normal -0 0 1
    outer loop
      vertex 5 23 74
      vertex 125 19 74
      vertex 125 23 74
    endloop
  endfacet
  facet normal 0 0 1
    outer loop
      vertex 125 19 74
      vertex 5 23 74
      vertex 5 19 74
    endloop
  endfacet
  facet normal 0 -1 0
    outer loop
      vertex 5 19 74
      vertex 65 19 65
      vertex 125 19 74
    endloop
  endfacet
  facet normal 0 -1 0
    outer loop
      vertex 5 19 74
      vertex 64.4147 19 64.9424
      vertex 65 19 65
    endloop
  endfacet
  facet normal 0 -1 0
    outer loop
      vertex 5 19 74
      vertex 63.852 19 64.7716
      vertex 64.4147 19 64.9424
    endloop
  endfacet
  facet normal 0 -1 0
    outer loop
      vertex 5 19 74
      vertex 63.3333 19 64.4944
      vertex 63.852 19 64.7716
    endloop
  endfacet
  facet normal 0 -1 0
    outer loop
      vertex 5 19 74
      vertex 62.8787 19 64.1213
      vertex 63.3333 19 64.4944
    endloop
  endfacet
  facet normal 0 -1 0
    outer loop
      vertex 5 19 74
      vertex 62.5056 19 63.6667
      vertex 62.8787 19 64.1213
    endloop
  endfacet
  facet normal 0 -1 0
    outer loop
      vertex 61 19 62
      vertex 62.5056 19 63.6667
      vertex 5 19 74
    endloop
  endfacet
  facet normal 0 -1 0
    outer loop
      vertex 62.5056 19 63.6667
      vertex 61 19 62
      vertex 62.2284 19 63.148
    endloop
  endfacet
  facet normal 0 -1 0
    outer loop
      vertex 62.2284 19 63.148
      vertex 61 19 62
      vertex 62.0576 19 62.5853
    endloop
  endfacet
  facet normal 0 -1 0
    outer loop
      vertex 5 19 5.99037
      vertex 61 19 62
      vertex 5 19 74
    endloop
  endfacet
  facet normal 0 -1 -0
    outer loop
      vertex 61 19 62
      vertex 5 19 5.99037
      vertex 61 19 5.99037
    endloop
  endfacet
  facet normal 0 -1 0
    outer loop
      vertex 65.5853 19 64.9424
      vertex 125 19 74
      vertex 65 19 65
    endloop
  endfacet
  facet normal 0 -1 0
    outer loop
      vertex 66.148 19 64.7716
      vertex 125 19 74
      vertex 65.5853 19 64.9424
    endloop
  endfacet
  facet normal 0 -1 0
    outer loop
      vertex 66.6667 19 64.4944
      vertex 125 19 74
      vertex 66.148 19 64.7716
    endloop
  endfacet
  facet normal 0 -1 0
    outer loop
      vertex 67.1213 19 64.1213
      vertex 125 19 74
      vertex 66.6667 19 64.4944
    endloop
  endfacet
  facet normal 0 -1 0
    outer loop
      vertex 67.4944 19 63.6667
      vertex 125 19 74
      vertex 67.1213 19 64.1213
    endloop
  endfacet
  facet normal 0 -1 0
    outer loop
      vertex 69 19 62
      vertex 67.4944 19 63.6667
      vertex 67.7716 19 63.148
    endloop
  endfacet
  facet normal 0 -1 0
    outer loop
      vertex 69 19 62
      vertex 67.7716 19 63.148
      vertex 67.9424 19 62.5853
    endloop
  endfacet
  facet normal 0 -1 0
    outer loop
      vertex 69 19 62
      vertex 67.9424 19 62.5853
      vertex 68 19 62
    endloop
  endfacet
  facet normal 0 -1 0
    outer loop
      vertex 67.4944 19 63.6667
      vertex 69 19 62
      vertex 125 19 74
    endloop
  endfacet
  facet normal 0 -1 0
    outer loop
      vertex 125 19 5.99037
      vertex 69 19 62
      vertex 69 19 5.99037
    endloop
  endfacet
  facet normal 0 -1 0
    outer loop
      vertex 69 19 62
      vertex 125 19 5.99037
      vertex 125 19 74
    endloop
  endfacet
  facet normal 0 -1 0
    outer loop
      vertex 62.0576 19 62.5853
      vertex 61 19 62
      vertex 62 19 62
    endloop
  endfacet
  facet normal -1 0 0
    outer loop
      vertex 69 21.5806 5.91388
      vertex 69 23 5.8
      vertex 69 21.8555 5.8
    endloop
  endfacet
  facet normal -1 0 0
    outer loop
      vertex 69 21.196 5.99037
      vertex 69 23 5.8
      vertex 69 21.5806 5.91388
    endloop
  endfacet
  facet normal -1 0 0
    outer loop
      vertex 69 23 5.8
      vertex 69 21.196 5.99037
      vertex 69 23 62
    endloop
  endfacet
  facet normal -1 0 0
    outer loop
      vertex 69 19 62
      vertex 69 21.196 5.99037
      vertex 69 19 5.99037
    endloop
  endfacet
  facet normal -1 0 0
    outer loop
      vertex 69 21.196 5.99037
      vertex 69 19 62
      vertex 69 23 62
    endloop
  endfacet
  facet normal 0 0 -1
    outer loop
      vertex 61 19 62
      vertex 62 23 62
      vertex 62 19 62
    endloop
  endfacet
  facet normal -0 0 -1
    outer loop
      vertex 62 23 62
      vertex 61 19 62
      vertex 61 23 62
    endloop
  endfacet
  facet normal 0 0 -1
    outer loop
      vertex 68 19 62
      vertex 69 23 62
      vertex 69 19 62
    endloop
  endfacet
  facet normal -0 0 -1
    outer loop
      vertex 69 23 62
      vertex 68 19 62
      vertex 68 23 62
    endloop
  endfacet
  facet normal 1 -0 0
    outer loop
      vertex 61 21.196 5.99037
      vertex 61 23 5.8
      vertex 61 23 62
    endloop
  endfacet
  facet normal 1 0 0
    outer loop
      vertex 61 23 5.8
      vertex 61 21.5806 5.91388
      vertex 61 21.8555 5.8
    endloop
  endfacet
  facet normal 1 0 0
    outer loop
      vertex 61 23 5.8
      vertex 61 21.196 5.99037
      vertex 61 21.5806 5.91388
    endloop
  endfacet
  facet normal 1 -0 0
    outer loop
      vertex 61 19 62
      vertex 61 21.196 5.99037
      vertex 61 23 62
    endloop
  endfacet
  facet normal 1 0 0
    outer loop
      vertex 61 21.196 5.99037
      vertex 61 19 62
      vertex 61 19 5.99037
    endloop
  endfacet
  facet normal 0.634413 0 -0.772994
    outer loop
      vertex 62.8787 19 64.1213
      vertex 63.3333 23 64.4944
      vertex 63.3333 19 64.4944
    endloop
  endfacet
  facet normal 0.634413 0 -0.772994
    outer loop
      vertex 63.3333 23 64.4944
      vertex 62.8787 19 64.1213
      vertex 62.8787 23 64.1213
    endloop
  endfacet
  facet normal -0.995193 0 -0.097938
    outer loop
      vertex 68 19 62
      vertex 67.9424 23 62.5853
      vertex 68 23 62
    endloop
  endfacet
  facet normal -0.995193 -0 -0.097938
    outer loop
      vertex 67.9424 23 62.5853
      vertex 68 19 62
      vertex 67.9424 19 62.5853
    endloop
  endfacet
  facet normal 0.097938 0 -0.995193
    outer loop
      vertex 64.4147 19 64.9424
      vertex 65 23 65
      vertex 65 19 65
    endloop
  endfacet
  facet normal 0.097938 0 -0.995193
    outer loop
      vertex 65 23 65
      vertex 64.4147 19 64.9424
      vertex 64.4147 23 64.9424
    endloop
  endfacet
  facet normal 0.471329 0 -0.881957
    outer loop
      vertex 63.3333 19 64.4944
      vertex 63.852 23 64.7716
      vertex 63.852 19 64.7716
    endloop
  endfacet
  facet normal 0.471329 0 -0.881957
    outer loop
      vertex 63.852 23 64.7716
      vertex 63.3333 19 64.4944
      vertex 63.3333 23 64.4944
    endloop
  endfacet
  facet normal 0.881957 0 -0.471329
    outer loop
      vertex 62.5056 19 63.6667
      vertex 62.2284 23 63.148
      vertex 62.5056 23 63.6667
    endloop
  endfacet
  facet normal 0.881957 0 -0.471329
    outer loop
      vertex 62.2284 23 63.148
      vertex 62.5056 19 63.6667
      vertex 62.2284 19 63.148
    endloop
  endfacet
  facet normal -0.95689 0 -0.290451
    outer loop
      vertex 67.9424 19 62.5853
      vertex 67.7716 23 63.148
      vertex 67.9424 23 62.5853
    endloop
  endfacet
  facet normal -0.95689 -0 -0.290451
    outer loop
      vertex 67.7716 23 63.148
      vertex 67.9424 19 62.5853
      vertex 67.7716 19 63.148
    endloop
  endfacet
  facet normal -0.290451 0 -0.95689
    outer loop
      vertex 65.5853 19 64.9424
      vertex 66.148 23 64.7716
      vertex 66.148 19 64.7716
    endloop
  endfacet
  facet normal -0.290451 0 -0.95689
    outer loop
      vertex 66.148 23 64.7716
      vertex 65.5853 19 64.9424
      vertex 65.5853 23 64.9424
    endloop
  endfacet
  facet normal 0.290451 0 -0.95689
    outer loop
      vertex 63.852 19 64.7716
      vertex 64.4147 23 64.9424
      vertex 64.4147 19 64.9424
    endloop
  endfacet
  facet normal 0.290451 0 -0.95689
    outer loop
      vertex 64.4147 23 64.9424
      vertex 63.852 19 64.7716
      vertex 63.852 23 64.7716
    endloop
  endfacet
  facet normal -0.471329 0 -0.881957
    outer loop
      vertex 66.148 19 64.7716
      vertex 66.6667 23 64.4944
      vertex 66.6667 19 64.4944
    endloop
  endfacet
  facet normal -0.471329 0 -0.881957
    outer loop
      vertex 66.6667 23 64.4944
      vertex 66.148 19 64.7716
      vertex 66.148 23 64.7716
    endloop
  endfacet
  facet normal -0.881957 0 -0.471329
    outer loop
      vertex 67.7716 19 63.148
      vertex 67.4944 23 63.6667
      vertex 67.7716 23 63.148
    endloop
  endfacet
  facet normal -0.881957 -0 -0.471329
    outer loop
      vertex 67.4944 23 63.6667
      vertex 67.7716 19 63.148
      vertex 67.4944 19 63.6667
    endloop
  endfacet
  facet normal -0.772994 0 -0.634413
    outer loop
      vertex 67.4944 19 63.6667
      vertex 67.1213 23 64.1213
      vertex 67.4944 23 63.6667
    endloop
  endfacet
  facet normal -0.772994 -0 -0.634413
    outer loop
      vertex 67.1213 23 64.1213
      vertex 67.4944 19 63.6667
      vertex 67.1213 19 64.1213
    endloop
  endfacet
  facet normal -0.634413 0 -0.772994
    outer loop
      vertex 66.6667 19 64.4944
      vertex 67.1213 23 64.1213
      vertex 67.1213 19 64.1213
    endloop
  endfacet
  facet normal -0.634413 0 -0.772994
    outer loop
      vertex 67.1213 23 64.1213
      vertex 66.6667 19 64.4944
      vertex 66.6667 23 64.4944
    endloop
  endfacet
  facet normal -0.097938 0 -0.995193
    outer loop
      vertex 65 19 65
      vertex 65.5853 23 64.9424
      vertex 65.5853 19 64.9424
    endloop
  endfacet
  facet normal -0.097938 0 -0.995193
    outer loop
      vertex 65.5853 23 64.9424
      vertex 65 19 65
      vertex 65 23 65
    endloop
  endfacet
  facet normal 0.95689 0 -0.290451
    outer loop
      vertex 62.2284 19 63.148
      vertex 62.0576 23 62.5853
      vertex 62.2284 23 63.148
    endloop
  endfacet
  facet normal 0.95689 0 -0.290451
    outer loop
      vertex 62.0576 23 62.5853
      vertex 62.2284 19 63.148
      vertex 62.0576 19 62.5853
    endloop
  endfacet
  facet normal 0.772994 0 -0.634413
    outer loop
      vertex 62.8787 19 64.1213
      vertex 62.5056 23 63.6667
      vertex 62.8787 23 64.1213
    endloop
  endfacet
  facet normal 0.772994 0 -0.634413
    outer loop
      vertex 62.5056 23 63.6667
      vertex 62.8787 19 64.1213
      vertex 62.5056 19 63.6667
    endloop
  endfacet
  facet normal 0.995193 0 -0.097938
    outer loop
      vertex 62.0576 19 62.5853
      vertex 62 23 62
      vertex 62.0576 23 62.5853
    endloop
  endfacet
  facet normal 0.995193 0 -0.097938
    outer loop
      vertex 62 23 62
      vertex 62.0576 19 62.5853
      vertex 62 19 62
    endloop
  endfacet
  facet normal 0.111538 0.367227 0.923419
    outer loop
      vertex 128.361 21.871 5.76384
      vertex 128.193 21.8311 5.8
      vertex 128.327 21.7904 5.8
    endloop
  endfacet
  facet normal 0.111475 0.36743 0.923346
    outer loop
      vertex 128.193 21.8311 5.8
      vertex 128.361 21.871 5.76384
      vertex 128.184 21.9247 5.76384
    endloop
  endfacet
  facet normal 0.284721 0.938613 -0.194782
    outer loop
      vertex 128.732 22.7682 1.41943
      vertex 128.373 22.8771 1.41943
      vertex 128.762 22.8389 1.80397
    endloop
  endfacet
  facet normal 0.88516 0.268753 0.37982
    outer loop
      vertex 129.768 21.7324 4.58057
      vertex 129.63 21.675 4.94279
      vertex 129.877 21.3734 4.58057
    endloop
  endfacet
  facet normal 0.113076 0.367499 0.923124
    outer loop
      vertex 128.184 21.9247 5.76384
      vertex 128.167 21.8391 5.8
      vertex 128.193 21.8311 5.8
    endloop
  endfacet
  facet normal -0.976242 -0.0961515 0.194183
    outer loop
      vertex 0.0861197 2 4.58057
      vertex 0.00963116 2 4.19603
      vertex 0.0478754 1.6117 4.19603
    endloop
  endfacet
  facet normal 0.0382396 0.382396 0.923207
    outer loop
      vertex 128.184 21.9247 5.76384
      vertex 128.14 21.8418 5.8
      vertex 128.167 21.8391 5.8
    endloop
  endfacet
  facet normal -0.0376532 -0.382416 -0.923223
    outer loop
      vertex 2 1.05721 0.236158
      vertex 1.81607 1.07532 0.236158
      vertex 2 1.41943 0.0861197
    endloop
  endfacet
  facet normal 0 -0.555564 0.831474
    outer loop
      vertex 2 1.05721 5.76384
      vertex 128 0.731214 5.54602
      vertex 128 1.05721 5.76384
    endloop
  endfacet
  facet normal 0 -0.555564 0.831474
    outer loop
      vertex 128 0.731214 5.54602
      vertex 2 1.05721 5.76384
      vertex 2 0.731214 5.54602
    endloop
  endfacet
  facet normal 0 0.555561 -0.831476
    outer loop
      vertex 2 21.9428 0.236158
      vertex 128 22.2688 0.453979
      vertex 128 21.9428 0.236158
    endloop
  endfacet
  facet normal 0 0.555561 -0.831476
    outer loop
      vertex 128 22.2688 0.453979
      vertex 2 21.9428 0.236158
      vertex 2 22.2688 0.453979
    endloop
  endfacet
  facet normal -0.0188699 0.195023 -0.980617
    outer loop
      vertex 2 21.196 0.00963116
      vertex 1.96176 21.1923 0.00963116
      vertex 2 21.5806 0.0861197
    endloop
  endfacet
  facet normal 0 0.382706 -0.92387
    outer loop
      vertex 2 21.5806 0.0861197
      vertex 128 21.9428 0.236158
      vertex 128 21.5806 0.0861197
    endloop
  endfacet
  facet normal 0 0.382706 -0.92387
    outer loop
      vertex 128 21.9428 0.236158
      vertex 2 21.5806 0.0861197
      vertex 2 21.9428 0.236158
    endloop
  endfacet
  facet normal 0.0816517 -0.828756 0.553622
    outer loop
      vertex 128.302 0.483685 5.26879
      vertex 128 0.236158 4.94279
      vertex 128.344 0.27005 4.94279
    endloop
  endfacet
  facet normal 0.284323 -0.938844 -0.194247
    outer loop
      vertex 128.388 0.0478754 1.80397
      vertex 128.373 0.122894 1.41943
      vertex 128.762 0.161139 1.80397
    endloop
  endfacet
  facet normal 0.0377621 -0.382359 -0.923242
    outer loop
      vertex 128.184 1.07532 0.236158
      vertex 128 1.41943 0.0861197
      vertex 128.113 1.43059 0.0861197
    endloop
  endfacet
  facet normal 0 -0.382684 0.923879
    outer loop
      vertex 75.4972 1.41943 5.91388
      vertex 54.7159 1.1445 5.8
      vertex 75.2841 1.1445 5.8
    endloop
  endfacet
  facet normal 0 -0.382684 0.923879
    outer loop
      vertex 54.7159 1.1445 5.8
      vertex 75.4972 1.41943 5.91388
      vertex 54.5028 1.41943 5.91388
    endloop
  endfacet
  facet normal 0 -0.382713 0.923867
    outer loop
      vertex 75.2841 1.1445 5.8
      vertex 128 1.05721 5.76384
      vertex 128 1.1445 5.8
    endloop
  endfacet
  facet normal 0 -0.382713 0.923867
    outer loop
      vertex 54.7159 1.1445 5.8
      vertex 128 1.05721 5.76384
      vertex 75.2841 1.1445 5.8
    endloop
  endfacet
  facet normal 0 -0.382713 0.923867
    outer loop
      vertex 2 1.05721 5.76384
      vertex 54.7159 1.1445 5.8
      vertex 2 1.1445 5.8
    endloop
  endfacet
  facet normal 0 -0.382713 0.923867
    outer loop
      vertex 54.7159 1.1445 5.8
      vertex 2 1.05721 5.76384
      vertex 128 1.05721 5.76384
    endloop
  endfacet
  facet normal 0.0567891 0.187607 -0.980601
    outer loop
      vertex 128.075 21.1811 0.00963116
      vertex 128.038 21.1923 0.00963116
      vertex 128.222 21.5364 0.0861197
    endloop
  endfacet
  facet normal 0.0919282 -0.173061 -0.980612
    outer loop
      vertex 128.222 1.46362 0.0861197
      vertex 128.109 1.837 0.00963116
      vertex 128.323 1.51727 0.0861197
    endloop
  endfacet
  facet normal -0 0.195062 0.980791
    outer loop
      vertex 61 21.5806 5.91388
      vertex 69 21.196 5.99037
      vertex 69 21.5806 5.91388
    endloop
  endfacet
  facet normal 0 0.195062 0.980791
    outer loop
      vertex 69 21.196 5.99037
      vertex 61 21.5806 5.91388
      vertex 61 21.196 5.99037
    endloop
  endfacet
  facet normal -0.471397 -0.881921 0
    outer loop
      vertex 0.894211 0.345069 1.80397
      vertex 1.23832 0.161139 4.19603
      vertex 0.894211 0.345069 4.19603
    endloop
  endfacet
  facet normal -0.471397 -0.881921 -0
    outer loop
      vertex 1.23832 0.161139 4.19603
      vertex 0.894211 0.345069 1.80397
      vertex 1.23832 0.161139 1.80397
    endloop
  endfacet
  facet normal 0.392787 0.734414 0.553493
    outer loop
      vertex 128.675 22.6296 4.94279
      vertex 128.592 22.4283 5.26879
      vertex 128.859 22.2855 5.26879
    endloop
  endfacet
  facet normal 0.0376434 0.382673 0.923117
    outer loop
      vertex 128 21.9428 5.76384
      vertex 128.14 21.8418 5.8
      vertex 128.184 21.9247 5.76384
    endloop
  endfacet
  facet normal 0.0374213 0.382408 0.923236
    outer loop
      vertex 128.14 21.8418 5.8
      vertex 128 21.9428 5.76384
      vertex 128 21.8555 5.8
    endloop
  endfacet
  facet normal -0.449656 -0.547925 0.705399
    outer loop
      vertex 1.10283 1.10283 5.54602
      vertex 0.906798 0.906798 5.26879
      vertex 1.2951 0.945043 5.54602
    endloop
  endfacet
  facet normal -0.297042 -0.243754 -0.923228
    outer loop
      vertex 1.33334 1.33334 0.236158
      vertex 1.2161 1.47621 0.236158
      vertex 1.58948 1.58948 0.0861197
    endloop
  endfacet
  facet normal 0.081515 -0.828706 -0.553717
    outer loop
      vertex 128.302 0.483685 0.731214
      vertex 128 0.236158 1.05721
      vertex 128 0.453979 0.731214
    endloop
  endfacet
  facet normal -0.938725 -0.28476 -0.194182
    outer loop
      vertex 0.161139 1.23832 1.80397
      vertex 0.122894 1.62662 1.41943
      vertex 0.231805 1.26759 1.41943
    endloop
  endfacet
  facet normal -0.462424 -0.865134 0.194184
    outer loop
      vertex 0.936706 0.408667 4.58057
      vertex 0.894211 0.345069 4.19603
      vertex 1.23832 0.161139 4.19603
    endloop
  endfacet
  facet normal 0.431272 -0.35318 0.830222
    outer loop
      vertex 128.784 1.47621 5.76384
      vertex 128.667 1.33334 5.76384
      vertex 129.055 1.2951 5.54602
    endloop
  endfacet
  facet normal 0.0376199 0.382435 -0.923216
    outer loop
      vertex 128.184 21.9247 0.236158
      vertex 128 21.5806 0.0861197
      vertex 128 21.9428 0.236158
    endloop
  endfacet
  facet normal 0.705655 0.0701912 0.70507
    outer loop
      vertex 129.516 21.3016 5.26879
      vertex 129.269 21 5.54602
      vertex 129.546 21 5.26879
    endloop
  endfacet
  facet normal 0.392786 0.734411 -0.553498
    outer loop
      vertex 128.859 22.2855 0.731214
      vertex 128.592 22.4283 0.731214
      vertex 128.675 22.6296 1.05721
    endloop
  endfacet
  facet normal 0 -0.195087 -0.980786
    outer loop
      vertex 2 1.41943 0.0861197
      vertex 128 1.80397 0.00963116
      vertex 128 1.41943 0.0861197
    endloop
  endfacet
  facet normal -0 -0.195087 -0.980786
    outer loop
      vertex 128 1.80397 0.00963116
      vertex 2 1.41943 0.0861197
      vertex 2 1.80397 0.00963116
    endloop
  endfacet
  facet normal 0.46222 -0.865053 0.195029
    outer loop
      vertex 129.063 0.408667 4.58057
      vertex 128.732 0.231805 4.58057
      vertex 128.762 0.161139 4.19603
    endloop
  endfacet
  facet normal 0.435775 -0.815559 -0.380741
    outer loop
      vertex 129.063 0.408667 1.41943
      vertex 128.732 0.231805 1.41943
      vertex 128.98 0.533419 1.05721
    endloop
  endfacet
  facet normal 0.284179 0.938896 -0.194206
    outer loop
      vertex 128.762 22.8389 1.80397
      vertex 128.373 22.8771 1.41943
      vertex 128.388 22.9521 1.80397
    endloop
  endfacet
  facet normal -0.284615 0.938778 -0.194141
    outer loop
      vertex 1.62662 22.8771 1.41943
      vertex 1.23832 22.8389 1.80397
      vertex 1.6117 22.9521 1.80397
    endloop
  endfacet
  facet normal -0.382442 -0.0376689 0.923212
    outer loop
      vertex 1.05721 2 5.76384
      vertex 1.15825 1.8604 5.8
      vertex 1.1445 2 5.8
    endloop
  endfacet
  facet normal -0.382424 -0.037654 0.923219
    outer loop
      vertex 1.15825 1.8604 5.8
      vertex 1.05721 2 5.76384
      vertex 1.07532 1.81607 5.76384
    endloop
  endfacet
  facet normal -0.151496 -0.124355 -0.980604
    outer loop
      vertex 1.58948 1.58948 0.0861197
      vertex 1.51727 1.67745 0.0861197
      vertex 1.837 1.89109 0.00963116
    endloop
  endfacet
  facet normal -0.09062 -0.920077 -0.381113
    outer loop
      vertex 2 0.0861197 1.41943
      vertex 1.65589 0.27005 1.05721
      vertex 2 0.236158 1.05721
    endloop
  endfacet
  facet normal 0.0962251 -0.976235 -0.194182
    outer loop
      vertex 128.388 0.0478754 1.80397
      vertex 128 0.00963116 1.80397
      vertex 128 0.0861197 1.41943
    endloop
  endfacet
  facet normal 0 -0.382687 -0.923878
    outer loop
      vertex 2 1.05721 0.236158
      vertex 128 1.41943 0.0861197
      vertex 128 1.05721 0.236158
    endloop
  endfacet
  facet normal -0 -0.382687 -0.923878
    outer loop
      vertex 128 1.41943 0.0861197
      vertex 2 1.05721 0.236158
      vertex 2 1.41943 0.0861197
    endloop
  endfacet
  facet normal 0.241693 -0.797039 0.553456
    outer loop
      vertex 128.675 0.370422 4.94279
      vertex 128.302 0.483685 5.26879
      vertex 128.344 0.27005 4.94279
    endloop
  endfacet
  facet normal -0.622317 -0.758297 0.194184
    outer loop
      vertex 0.936706 0.408667 4.58057
      vertex 0.592597 0.592597 4.19603
      vertex 0.894211 0.345069 4.19603
    endloop
  endfacet
  facet normal 0.0980923 -0.995177 0
    outer loop
      vertex 128 0.00963116 1.80397
      vertex 128.388 0.0478754 4.19603
      vertex 128 0.00963116 4.19603
    endloop
  endfacet
  facet normal 0.0980923 -0.995177 0
    outer loop
      vertex 128.388 0.0478754 4.19603
      vertex 128 0.00963116 1.80397
      vertex 128.388 0.0478754 1.80397
    endloop
  endfacet
  facet normal -0.995185 0.0980172 0
    outer loop
      vertex 0.00963116 21 1.80397
      vertex 0.0478754 21.3883 4.19603
      vertex 0.0478754 21.3883 1.80397
    endloop
  endfacet
  facet normal -0.995185 0.0980172 0
    outer loop
      vertex 0.0478754 21.3883 4.19603
      vertex 0.00963116 21 1.80397
      vertex 0.00963116 21 4.19603
    endloop
  endfacet
  facet normal -0.0191787 -0.195051 -0.980605
    outer loop
      vertex 2 1.41943 0.0861197
      vertex 1.96176 1.80773 0.00963116
      vertex 2 1.80397 0.00963116
    endloop
  endfacet
  facet normal 0.831265 -0 0.555877
    outer loop
      vertex 129.546 2 5.26879
      vertex 129.764 21 4.94279
      vertex 129.546 21 5.26879
    endloop
  endfacet
  facet normal 0.831265 0 0.555877
    outer loop
      vertex 129.764 21 4.94279
      vertex 129.546 2 5.26879
      vertex 129.764 2 4.94279
    endloop
  endfacet
  facet normal 0.976534 -0.095566 0.193001
    outer loop
      vertex 129.99 2 4.19603
      vertex 129.914 2 4.58057
      vertex 129.952 1.6117 4.19603
    endloop
  endfacet
  facet normal 0.828243 -0.081835 0.554362
    outer loop
      vertex 129.764 2 4.94279
      vertex 129.516 1.69839 5.26879
      vertex 129.73 1.65589 4.94279
    endloop
  endfacet
  facet normal 0.180353 -0.339528 -0.923143
    outer loop
      vertex 128.524 1.2161 0.236158
      vertex 128.222 1.46362 0.0861197
      vertex 128.323 1.51727 0.0861197
    endloop
  endfacet
  facet normal 0.0920971 0.173 -0.980607
    outer loop
      vertex 128.109 21.163 0.00963116
      vertex 128.075 21.1811 0.00963116
      vertex 128.222 21.5364 0.0861197
    endloop
  endfacet
  facet normal -0.151524 0.124336 -0.980602
    outer loop
      vertex 1.837 21.1089 0.00963116
      vertex 1.51727 21.3225 0.0861197
      vertex 1.58948 21.4105 0.0861197
    endloop
  endfacet
  facet normal -0.297042 0.243798 0.923216
    outer loop
      vertex 1.30608 21.4965 5.8
      vertex 1.2161 21.5238 5.76384
      vertex 1.28868 21.4753 5.8
    endloop
  endfacet
  facet normal 0.462483 -0.864971 0.194771
    outer loop
      vertex 129.063 0.408667 4.58057
      vertex 128.762 0.161139 4.19603
      vertex 129.106 0.345069 4.19603
    endloop
  endfacet
  facet normal 0.382886 0 -0.923796
    outer loop
      vertex 128.581 2 0.0861197
      vertex 128.943 21 0.236158
      vertex 128.943 2 0.236158
    endloop
  endfacet
  facet normal 0.382886 0 -0.923796
    outer loop
      vertex 128.943 21 0.236158
      vertex 128.581 2 0.0861197
      vertex 128.581 21 0.0861197
    endloop
  endfacet
  facet normal -1 0 0
    outer loop
      vertex 0.00963116 2 1.80397
      vertex 0.00963116 21 4.19603
      vertex 0.00963116 21 1.80397
    endloop
  endfacet
  facet normal -1 -0 0
    outer loop
      vertex 0.00963116 21 4.19603
      vertex 0.00963116 2 1.80397
      vertex 0.00963116 2 4.19603
    endloop
  endfacet
  facet normal -0.0378258 0.382461 0.923197
    outer loop
      vertex 1.8604 21.8418 5.8
      vertex 1.81607 21.9247 5.76384
      vertex 1.8331 21.8391 5.8
    endloop
  endfacet
  facet normal -0.622317 -0.758297 -0.194184
    outer loop
      vertex 0.894211 0.345069 1.80397
      vertex 0.592597 0.592597 1.80397
      vertex 0.936706 0.408667 1.41943
    endloop
  endfacet
  facet normal -0.796856 -0.241722 0.553707
    outer loop
      vertex 0.483685 1.69839 5.26879
      vertex 0.370422 1.32501 4.94279
      vertex 0.571664 1.40836 5.26879
    endloop
  endfacet
  facet normal -0.705392 -0.069475 0.705405
    outer loop
      vertex 0.731214 2 5.54602
      vertex 0.453979 2 5.26879
      vertex 0.483685 1.69839 5.26879
    endloop
  endfacet
  facet normal -0.0962898 0.976223 0.194209
    outer loop
      vertex 2 22.9904 4.19603
      vertex 1.6117 22.9521 4.19603
      vertex 2 22.9139 4.58057
    endloop
  endfacet
  facet normal 0 -0.707107 -0.707107
    outer loop
      vertex 2 0.731214 0.453979
      vertex 128 0.453979 0.731214
      vertex 2 0.453979 0.731214
    endloop
  endfacet
  facet normal 0 -0.707107 -0.707107
    outer loop
      vertex 128 0.453979 0.731214
      vertex 2 0.731214 0.453979
      vertex 128 0.731214 0.453979
    endloop
  endfacet
  facet normal 0.0906487 -0.920074 -0.381112
    outer loop
      vertex 128.344 0.27005 1.05721
      vertex 128 0.0861197 1.41943
      vertex 128 0.236158 1.05721
    endloop
  endfacet
  facet normal 0 -0.923878 -0.382687
    outer loop
      vertex 2 0.236158 1.05721
      vertex 128 0.0861197 1.41943
      vertex 2 0.0861197 1.41943
    endloop
  endfacet
  facet normal 0 -0.923878 -0.382687
    outer loop
      vertex 128 0.0861197 1.41943
      vertex 2 0.236158 1.05721
      vertex 128 0.236158 1.05721
    endloop
  endfacet
  facet normal -0.0546199 -0.554735 0.830233
    outer loop
      vertex 2 1.05721 5.76384
      vertex 1.81607 1.07532 5.76384
      vertex 2 0.731214 5.54602
    endloop
  endfacet
  facet normal 0.0815153 -0.828709 0.553712
    outer loop
      vertex 128 0.453979 5.26879
      vertex 128 0.236158 4.94279
      vertex 128.302 0.483685 5.26879
    endloop
  endfacet
  facet normal -0.865134 -0.462424 -0.194184
    outer loop
      vertex 0.345069 0.894211 1.80397
      vertex 0.161139 1.23832 1.80397
      vertex 0.408667 0.936706 1.41943
    endloop
  endfacet
  facet normal -0.334136 -0.625111 -0.7054
    outer loop
      vertex 1.40836 0.571664 0.731214
      vertex 1.14108 0.714531 0.731214
      vertex 1.51446 0.827794 0.453979
    endloop
  endfacet
  facet normal 0.205776 -0.678312 0.705372
    outer loop
      vertex 128.486 0.827794 5.54602
      vertex 128.248 0.755593 5.54602
      vertex 128.302 0.483685 5.26879
    endloop
  endfacet
  facet normal -0.195091 0 0.980785
    outer loop
      vertex 1.41943 15.5 5.91388
      vertex 1.80397 7.5 5.99037
      vertex 1.80397 15.5 5.99037
    endloop
  endfacet
  facet normal -0.195091 0 0.980785
    outer loop
      vertex 1.80397 7.5 5.99037
      vertex 1.41943 15.5 5.91388
      vertex 1.41943 7.5 5.91388
    endloop
  endfacet
  facet normal 0.242658 -0.297221 0.923459
    outer loop
      vertex 128.496 1.30608 5.8
      vertex 128.667 1.33334 5.76384
      vertex 128.605 1.39507 5.8
    endloop
  endfacet
  facet normal 0.242537 -0.295828 0.923938
    outer loop
      vertex 128.667 1.33334 5.76384
      vertex 128.496 1.30608 5.8
      vertex 128.524 1.2161 5.76384
    endloop
  endfacet
  facet normal 0.161781 -0.533287 0.83032
    outer loop
      vertex 128.486 0.827794 5.54602
      vertex 128.184 1.07532 5.76384
      vertex 128.248 0.755593 5.54602
    endloop
  endfacet
  facet normal 0.796021 -0.241526 0.554992
    outer loop
      vertex 129.516 1.69839 5.26879
      vertex 129.428 1.40836 5.26879
      vertex 129.63 1.32501 4.94279
    endloop
  endfacet
  facet normal 0.431044 0.35416 0.829923
    outer loop
      vertex 128.897 21.8972 5.54602
      vertex 128.667 21.6667 5.76384
      vertex 129.055 21.7049 5.54602
    endloop
  endfacet
  facet normal 0.366317 -0.111846 0.923744
    outer loop
      vertex 128.831 1.80685 5.8
      vertex 128.871 1.63921 5.76384
      vertex 128.925 1.81607 5.76384
    endloop
  endfacet
  facet normal 0.36626 -0.111864 0.923764
    outer loop
      vertex 128.871 1.63921 5.76384
      vertex 128.831 1.80685 5.8
      vertex 128.79 1.67261 5.8
    endloop
  endfacet
  facet normal 0.9385 0.284948 -0.194993
    outer loop
      vertex 129.877 21.3734 1.41943
      vertex 129.768 21.7324 1.41943
      vertex 129.839 21.7617 1.80397
    endloop
  endfacet
  facet normal 0.881842 0.471546 0
    outer loop
      vertex 129.839 21.7617 4.19603
      vertex 129.655 22.1058 1.80397
      vertex 129.655 22.1058 4.19603
    endloop
  endfacet
  facet normal 0.881842 0.471546 0
    outer loop
      vertex 129.655 22.1058 1.80397
      vertex 129.839 21.7617 4.19603
      vertex 129.839 21.7617 1.80397
    endloop
  endfacet
  facet normal 0.758314 0.62234 0.194044
    outer loop
      vertex 129.407 22.4074 4.19603
      vertex 129.353 22.3533 4.58057
      vertex 129.591 22.0633 4.58057
    endloop
  endfacet
  facet normal -0 0.555559 0.831477
    outer loop
      vertex 2 22.2688 5.54602
      vertex 128 21.9428 5.76384
      vertex 128 22.2688 5.54602
    endloop
  endfacet
  facet normal 0 0.555559 0.831477
    outer loop
      vertex 128 21.9428 5.76384
      vertex 2 22.2688 5.54602
      vertex 2 21.9428 5.76384
    endloop
  endfacet
  facet normal 0.678317 -0.205196 -0.705536
    outer loop
      vertex 129.516 1.69839 0.731214
      vertex 129.172 1.51446 0.453979
      vertex 129.244 1.75247 0.453979
    endloop
  endfacet
  facet normal 0.0962469 -0.976228 -0.194203
    outer loop
      vertex 128.388 0.0478754 1.80397
      vertex 128 0.0861197 1.41943
      vertex 128.373 0.122894 1.41943
    endloop
  endfacet
  facet normal 0.353353 0.431139 -0.830217
    outer loop
      vertex 128.667 21.6667 0.236158
      vertex 128.524 21.7839 0.236158
      vertex 128.705 22.055 0.453979
    endloop
  endfacet
  facet normal -0.0546201 -0.554736 -0.830231
    outer loop
      vertex 2 0.731214 0.453979
      vertex 1.81607 1.07532 0.236158
      vertex 2 1.05721 0.236158
    endloop
  endfacet
  facet normal 0.0545994 -0.554737 -0.830232
    outer loop
      vertex 128.184 1.07532 0.236158
      vertex 128 0.731214 0.453979
      vertex 128 1.05721 0.236158
    endloop
  endfacet
  facet normal 0.337209 -0.18122 0.923823
    outer loop
      vertex 128.724 1.5489 5.8
      vertex 128.711 1.52471 5.8
      vertex 128.784 1.47621 5.76384
    endloop
  endfacet
  facet normal 0.380229 0.0417834 0.923948
    outer loop
      vertex 128.925 21.1839 5.76384
      vertex 128.839 21.1669 5.8
      vertex 128.842 21.1396 5.8
    endloop
  endfacet
  facet normal 0.263116 -0.491453 0.830207
    outer loop
      vertex 128.524 1.2161 5.76384
      vertex 128.486 0.827794 5.54602
      vertex 128.705 0.945043 5.54602
    endloop
  endfacet
  facet normal -0.46256 0.86506 -0.194191
    outer loop
      vertex 0.936706 22.5913 1.41943
      vertex 0.894211 22.6549 1.80397
      vertex 1.23832 22.8389 1.80397
    endloop
  endfacet
  facet normal 0.0694052 0.70543 -0.705374
    outer loop
      vertex 128.248 22.2444 0.453979
      vertex 128 22.2688 0.453979
      vertex 128.302 22.5163 0.731214
    endloop
  endfacet
  facet normal 0 0.923822 -0.382822
    outer loop
      vertex 128 22.7638 1.05721
      vertex 2 22.9139 1.41943
      vertex 128 22.9139 1.41943
    endloop
  endfacet
  facet normal 0 0.923822 -0.382822
    outer loop
      vertex 2 22.9139 1.41943
      vertex 128 22.7638 1.05721
      vertex 2 22.7638 1.05721
    endloop
  endfacet
  facet normal -0.367731 0.111525 -0.923221
    outer loop
      vertex 1.46362 21.2222 0.0861197
      vertex 1.07532 21.1839 0.236158
      vertex 1.12897 21.3608 0.236158
    endloop
  endfacet
  facet normal 0 0.831501 0.555524
    outer loop
      vertex 128 22.7638 4.94279
      vertex 2 22.546 5.26879
      vertex 128 22.546 5.26879
    endloop
  endfacet
  facet normal 0 0.831501 0.555524
    outer loop
      vertex 2 22.546 5.26879
      vertex 128 22.7638 4.94279
      vertex 2 22.7638 4.94279
    endloop
  endfacet
  facet normal -0.555564 0 0.831474
    outer loop
      vertex 0.731214 21 5.54602
      vertex 1.05721 2 5.76384
      vertex 1.05721 21 5.76384
    endloop
  endfacet
  facet normal -0.555564 0 0.831474
    outer loop
      vertex 1.05721 2 5.76384
      vertex 0.731214 21 5.54602
      vertex 0.731214 2 5.54602
    endloop
  endfacet
  facet normal -0.815354 0.435796 0.381156
    outer loop
      vertex 0.408667 22.0633 4.58057
      vertex 0.231805 21.7324 4.58057
      vertex 0.533419 21.9799 4.94279
    endloop
  endfacet
  facet normal -0.831476 0 0.555561
    outer loop
      vertex 0.236158 2 4.94279
      vertex 0.453979 21 5.26879
      vertex 0.236158 21 4.94279
    endloop
  endfacet
  facet normal -0.831476 0 0.555561
    outer loop
      vertex 0.453979 21 5.26879
      vertex 0.236158 2 4.94279
      vertex 0.453979 2 5.26879
    endloop
  endfacet
  facet normal -0.815362 -0.435822 0.38111
    outer loop
      vertex 0.533419 1.02006 4.94279
      vertex 0.231805 1.26759 4.58057
      vertex 0.408667 0.936706 4.58057
    endloop
  endfacet
  facet normal -0.828702 -0.0816203 0.553707
    outer loop
      vertex 0.483685 1.69839 5.26879
      vertex 0.236158 2 4.94279
      vertex 0.27005 1.65589 4.94279
    endloop
  endfacet
  facet normal -0.734382 -0.39253 -0.553717
    outer loop
      vertex 0.533419 1.02006 1.05721
      vertex 0.370422 1.32501 1.05721
      vertex 0.714531 1.14108 0.731214
    endloop
  endfacet
  facet normal -0.243681 0.297054 -0.923243
    outer loop
      vertex 1.58948 21.4105 0.0861197
      vertex 1.33334 21.6667 0.236158
      vertex 1.47621 21.7839 0.236158
    endloop
  endfacet
  facet normal 0.367168 -0.112106 -0.923374
    outer loop
      vertex 128.871 1.63921 0.236158
      vertex 128.536 1.77783 0.0861197
      vertex 128.925 1.81607 0.236158
    endloop
  endfacet
  facet normal -0.069475 -0.705392 0.705405
    outer loop
      vertex 2 0.731214 5.54602
      vertex 1.69839 0.483685 5.26879
      vertex 2 0.453979 5.26879
    endloop
  endfacet
  facet normal -0.995185 -0.0980172 0
    outer loop
      vertex 0.0478754 1.6117 1.80397
      vertex 0.00963116 2 4.19603
      vertex 0.00963116 2 1.80397
    endloop
  endfacet
  facet normal -0.995185 -0.0980172 0
    outer loop
      vertex 0.00963116 2 4.19603
      vertex 0.0478754 1.6117 1.80397
      vertex 0.0478754 1.6117 4.19603
    endloop
  endfacet
  facet normal -0.243763 -0.297041 0.923226
    outer loop
      vertex 1.33334 1.33334 5.76384
      vertex 1.50351 1.30608 5.8
      vertex 1.39507 1.39507 5.8
    endloop
  endfacet
  facet normal -0.243764 -0.297054 0.923221
    outer loop
      vertex 1.50351 1.30608 5.8
      vertex 1.33334 1.33334 5.76384
      vertex 1.47621 1.2161 5.76384
    endloop
  endfacet
  facet normal -0.622318 -0.758296 -0.194185
    outer loop
      vertex 0.936706 0.408667 1.41943
      vertex 0.592597 0.592597 1.80397
      vertex 0.646683 0.646683 1.41943
    endloop
  endfacet
  facet normal -0.241722 -0.796856 0.553707
    outer loop
      vertex 1.40836 0.571664 5.26879
      vertex 1.32501 0.370422 4.94279
      vertex 1.69839 0.483685 5.26879
    endloop
  endfacet
  facet normal -0.111509 -0.367727 0.923224
    outer loop
      vertex 1.8331 1.16094 5.8
      vertex 1.80685 1.1689 5.8
      vertex 1.81607 1.07532 5.76384
    endloop
  endfacet
  facet normal -0.20576 -0.678285 0.705402
    outer loop
      vertex 1.75247 0.755593 5.54602
      vertex 1.51446 0.827794 5.54602
      vertex 1.69839 0.483685 5.26879
    endloop
  endfacet
  facet normal -0.884718 -0.268377 -0.381114
    outer loop
      vertex 0.231805 1.26759 1.41943
      vertex 0.122894 1.62662 1.41943
      vertex 0.370422 1.32501 1.05721
    endloop
  endfacet
  facet normal -0.920076 -0.0906186 -0.381114
    outer loop
      vertex 0.122894 1.62662 1.41943
      vertex 0.0861197 2 1.41943
      vertex 0.27005 1.65589 1.05721
    endloop
  endfacet
  facet normal 0.0545992 -0.554735 0.830234
    outer loop
      vertex 128 1.05721 5.76384
      vertex 128 0.731214 5.54602
      vertex 128.184 1.07532 5.76384
    endloop
  endfacet
  facet normal 0.0375614 -0.382443 0.923215
    outer loop
      vertex 128 1.05721 5.76384
      vertex 128.14 1.15825 5.8
      vertex 128 1.1445 5.8
    endloop
  endfacet
  facet normal 0.0376522 -0.382552 0.923167
    outer loop
      vertex 128.14 1.15825 5.8
      vertex 128 1.05721 5.76384
      vertex 128.184 1.07532 5.76384
    endloop
  endfacet
  facet normal 0 -0.831476 0.555561
    outer loop
      vertex 2 0.236158 4.94279
      vertex 128 0.453979 5.26879
      vertex 2 0.453979 5.26879
    endloop
  endfacet
  facet normal 0 -0.831476 0.555561
    outer loop
      vertex 128 0.453979 5.26879
      vertex 2 0.236158 4.94279
      vertex 128 0.236158 4.94279
    endloop
  endfacet
  facet normal -0.435822 -0.815362 0.38111
    outer loop
      vertex 1.02006 0.533419 4.94279
      vertex 0.936706 0.408667 4.58057
      vertex 1.26759 0.231805 4.58057
    endloop
  endfacet
  facet normal 0.353453 -0.431114 0.830188
    outer loop
      vertex 128.667 1.33334 5.76384
      vertex 128.524 1.2161 5.76384
      vertex 128.705 0.945043 5.54602
    endloop
  endfacet
  facet normal 0.938511 -0.284928 -0.194971
    outer loop
      vertex 129.839 1.23832 1.80397
      vertex 129.768 1.26759 1.41943
      vertex 129.877 1.62662 1.41943
    endloop
  endfacet
  facet normal 0.923912 0 -0.382604
    outer loop
      vertex 129.914 2 1.41943
      vertex 129.764 21 1.05721
      vertex 129.914 21 1.41943
    endloop
  endfacet
  facet normal 0.923912 0 -0.382604
    outer loop
      vertex 129.764 21 1.05721
      vertex 129.914 2 1.41943
      vertex 129.764 2 1.05721
    endloop
  endfacet
  facet normal 0.354145 -0.430935 -0.829986
    outer loop
      vertex 128.705 0.945043 0.453979
      vertex 128.667 1.33334 0.236158
      vertex 128.897 1.10283 0.453979
    endloop
  endfacet
  facet normal 0.547639 -0.450028 -0.705384
    outer loop
      vertex 129.093 0.906798 0.731214
      vertex 128.897 1.10283 0.453979
      vertex 129.055 1.2951 0.453979
    endloop
  endfacet
  facet normal 0.920087 -0.0909097 0.38102
    outer loop
      vertex 129.764 2 4.94279
      vertex 129.73 1.65589 4.94279
      vertex 129.914 2 4.58057
    endloop
  endfacet
  facet normal 0.923912 -0 0.382604
    outer loop
      vertex 129.764 2 4.94279
      vertex 129.914 21 4.58057
      vertex 129.764 21 4.94279
    endloop
  endfacet
  facet normal 0.923912 0 0.382604
    outer loop
      vertex 129.914 21 4.58057
      vertex 129.764 2 4.94279
      vertex 129.914 2 4.58057
    endloop
  endfacet
  facet normal 0.938922 0.284141 -0.194136
    outer loop
      vertex 129.877 21.3734 1.41943
      vertex 129.839 21.7617 1.80397
      vertex 129.952 21.3883 1.80397
    endloop
  endfacet
  facet normal 0.431311 0.353138 0.83022
    outer loop
      vertex 129.055 21.7049 5.54602
      vertex 128.667 21.6667 5.76384
      vertex 128.784 21.5238 5.76384
    endloop
  endfacet
  facet normal 0.64236 0.528691 0.55485
    outer loop
      vertex 129.467 21.9799 4.94279
      vertex 129.247 22.2472 4.94279
      vertex 129.285 21.8589 5.26879
    endloop
  endfacet
  facet normal 0.815734 0.43634 -0.379719
    outer loop
      vertex 129.768 21.7324 1.41943
      vertex 129.467 21.9799 1.05721
      vertex 129.591 22.0633 1.41943
    endloop
  endfacet
  facet normal 0.976191 -0.0967354 -0.194148
    outer loop
      vertex 129.952 1.6117 1.80397
      vertex 129.877 1.62662 1.41943
      vertex 129.914 2 1.41943
    endloop
  endfacet
  facet normal 0.920086 0.0909123 -0.38102
    outer loop
      vertex 129.764 21 1.05721
      vertex 129.73 21.3441 1.05721
      vertex 129.914 21 1.41943
    endloop
  endfacet
  facet normal 0.090771 0.920043 0.381157
    outer loop
      vertex 128.373 22.8771 4.58057
      vertex 128 22.9139 4.58057
      vertex 128.344 22.7299 4.94279
    endloop
  endfacet
  facet normal 0.111438 -0.367652 -0.923262
    outer loop
      vertex 128.361 1.12897 0.236158
      vertex 128.184 1.07532 0.236158
      vertex 128.222 1.46362 0.0861197
    endloop
  endfacet
  facet normal 0.828435 0.082404 -0.553991
    outer loop
      vertex 129.546 21 0.731214
      vertex 129.516 21.3016 0.731214
      vertex 129.764 21 1.05721
    endloop
  endfacet
  facet normal 0.194844 0.0206366 -0.980617
    outer loop
      vertex 128.581 21 0.0861197
      vertex 128.192 21.0382 0.00963116
      vertex 128.569 21.1133 0.0861197
    endloop
  endfacet
  facet normal 0.0568403 -0.187575 -0.980604
    outer loop
      vertex 128.113 1.43059 0.0861197
      vertex 128.038 1.80773 0.00963116
      vertex 128.222 1.46362 0.0861197
    endloop
  endfacet
  facet normal -0.547925 -0.449662 -0.705395
    outer loop
      vertex 0.906798 0.906798 0.731214
      vertex 0.714531 1.14108 0.731214
      vertex 0.945043 1.2951 0.453979
    endloop
  endfacet
  facet normal -0.353643 0.430893 0.830222
    outer loop
      vertex 1.2951 22.055 5.54602
      vertex 1.10283 21.8972 5.54602
      vertex 1.33334 21.6667 5.76384
    endloop
  endfacet
  facet normal -0.382713 0 0.923867
    outer loop
      vertex 1.05721 21 5.76384
      vertex 1.1445 15.5 5.8
      vertex 1.1445 21 5.8
    endloop
  endfacet
  facet normal -0.382713 0 0.923867
    outer loop
      vertex 1.1445 15.5 5.8
      vertex 1.05721 21 5.76384
      vertex 1.1445 7.5 5.8
    endloop
  endfacet
  facet normal -0.382713 0 0.923867
    outer loop
      vertex 1.05721 2 5.76384
      vertex 1.1445 7.5 5.8
      vertex 1.05721 21 5.76384
    endloop
  endfacet
  facet normal -0.382713 0 0.923867
    outer loop
      vertex 1.1445 7.5 5.8
      vertex 1.05721 2 5.76384
      vertex 1.1445 2 5.8
    endloop
  endfacet
  facet normal -0.382684 0 0.923879
    outer loop
      vertex 1.1445 15.5 5.8
      vertex 1.41943 7.5 5.91388
      vertex 1.41943 15.5 5.91388
    endloop
  endfacet
  facet normal -0.382684 0 0.923879
    outer loop
      vertex 1.41943 7.5 5.91388
      vertex 1.1445 15.5 5.8
      vertex 1.1445 7.5 5.8
    endloop
  endfacet
  facet normal 0.194867 0 0.98083
    outer loop
      vertex 128.196 15.5 5.99037
      vertex 128.581 7.5 5.91388
      vertex 128.581 15.5 5.91388
    endloop
  endfacet
  facet normal 0.194867 0 0.98083
    outer loop
      vertex 128.581 7.5 5.91388
      vertex 128.196 15.5 5.99037
      vertex 128.196 7.5 5.99037
    endloop
  endfacet
  facet normal 0.241779 -0.796963 0.553528
    outer loop
      vertex 128.592 0.571664 5.26879
      vertex 128.302 0.483685 5.26879
      vertex 128.675 0.370422 4.94279
    endloop
  endfacet
  facet normal 0.705656 -0.0701889 0.70507
    outer loop
      vertex 129.546 2 5.26879
      vertex 129.269 2 5.54602
      vertex 129.516 1.69839 5.26879
    endloop
  endfacet
  facet normal 0.112525 -0.367543 0.923174
    outer loop
      vertex 128.193 1.1689 5.8
      vertex 128.167 1.16094 5.8
      vertex 128.184 1.07532 5.76384
    endloop
  endfacet
  facet normal 0.714713 0.586558 -0.380966
    outer loop
      vertex 129.591 22.0633 1.41943
      vertex 129.247 22.2472 1.05721
      vertex 129.353 22.3533 1.41943
    endloop
  endfacet
  facet normal 0.1618 0.533308 -0.830303
    outer loop
      vertex 128.361 21.871 0.236158
      vertex 128.184 21.9247 0.236158
      vertex 128.486 22.1722 0.453979
    endloop
  endfacet
  facet normal 0.268409 0.884838 -0.380812
    outer loop
      vertex 128.675 22.6296 1.05721
      vertex 128.373 22.8771 1.41943
      vertex 128.732 22.7682 1.41943
    endloop
  endfacet
  facet normal -0.707107 0 -0.707107
    outer loop
      vertex 0.731214 2 0.453979
      vertex 0.453979 21 0.731214
      vertex 0.731214 21 0.453979
    endloop
  endfacet
  facet normal -0.707107 -0 -0.707107
    outer loop
      vertex 0.453979 21 0.731214
      vertex 0.731214 2 0.453979
      vertex 0.453979 2 0.731214
    endloop
  endfacet
  facet normal 0.0545687 0.554731 0.830238
    outer loop
      vertex 128 22.2688 5.54602
      vertex 128 21.9428 5.76384
      vertex 128.184 21.9247 5.76384
    endloop
  endfacet
  facet normal 0.205839 0.678332 0.705334
    outer loop
      vertex 128.592 22.4283 5.26879
      vertex 128.302 22.5163 5.26879
      vertex 128.486 22.1722 5.54602
    endloop
  endfacet
  facet normal 0.0963636 0.976216 0.194207
    outer loop
      vertex 128 22.9904 4.19603
      vertex 128 22.9139 4.58057
      vertex 128.388 22.9521 4.19603
    endloop
  endfacet
  facet normal -0.920076 0.0906226 0.381113
    outer loop
      vertex 0.27005 21.3441 4.94279
      vertex 0.0861197 21 4.58057
      vertex 0.236158 21 4.94279
    endloop
  endfacet
  facet normal -0.976242 0.0961515 0.194183
    outer loop
      vertex 0.0478754 21.3883 4.19603
      vertex 0.00963116 21 4.19603
      vertex 0.0861197 21 4.58057
    endloop
  endfacet
  facet normal -0.828701 0.0816226 0.553707
    outer loop
      vertex 0.27005 21.3441 4.94279
      vertex 0.236158 21 4.94279
      vertex 0.483685 21.3016 5.26879
    endloop
  endfacet
  facet normal -0.449697 0.54793 0.705369
    outer loop
      vertex 1.2951 22.055 5.54602
      vertex 0.906798 22.0932 5.26879
      vertex 1.10283 21.8972 5.54602
    endloop
  endfacet
  facet normal -0.0961515 -0.976242 0.194183
    outer loop
      vertex 2 0.0861197 4.58057
      vertex 1.6117 0.0478754 4.19603
      vertex 2 0.00963116 4.19603
    endloop
  endfacet
  facet normal -0.338905 -0.181151 0.923216
    outer loop
      vertex 1.27575 1.5489 5.8
      vertex 1.2161 1.47621 5.76384
      vertex 1.28868 1.52471 5.8
    endloop
  endfacet
  facet normal -0.980786 0 0.195087
    outer loop
      vertex 0.00963116 2 4.19603
      vertex 0.0861197 21 4.58057
      vertex 0.00963116 21 4.19603
    endloop
  endfacet
  facet normal -0.980786 0 0.195087
    outer loop
      vertex 0.0861197 21 4.58057
      vertex 0.00963116 2 4.19603
      vertex 0.0861197 2 4.58057
    endloop
  endfacet
  facet normal -0.938726 -0.284759 0.194181
    outer loop
      vertex 0.122894 1.62662 4.58057
      vertex 0.0478754 1.6117 4.19603
      vertex 0.161139 1.23832 4.19603
    endloop
  endfacet
  facet normal -0.392532 -0.734385 0.553712
    outer loop
      vertex 1.14108 0.714531 5.26879
      vertex 1.02006 0.533419 4.94279
      vertex 1.32501 0.370422 4.94279
    endloop
  endfacet
  facet normal -0.881921 -0.471397 0
    outer loop
      vertex 0.345069 0.894211 1.80397
      vertex 0.161139 1.23832 4.19603
      vertex 0.161139 1.23832 1.80397
    endloop
  endfacet
  facet normal -0.881921 -0.471397 0
    outer loop
      vertex 0.161139 1.23832 4.19603
      vertex 0.345069 0.894211 1.80397
      vertex 0.345069 0.894211 4.19603
    endloop
  endfacet
  facet normal 0 0.831497 -0.555529
    outer loop
      vertex 128 22.546 0.731214
      vertex 2 22.7638 1.05721
      vertex 128 22.7638 1.05721
    endloop
  endfacet
  facet normal 0 0.831497 -0.555529
    outer loop
      vertex 2 22.7638 1.05721
      vertex 128 22.546 0.731214
      vertex 2 22.546 0.731214
    endloop
  endfacet
  facet normal -0.796829 0.241739 -0.553738
    outer loop
      vertex 0.483685 21.3016 0.731214
      vertex 0.370422 21.675 1.05721
      vertex 0.571664 21.5916 0.731214
    endloop
  endfacet
  facet normal 0.0376389 -0.382416 -0.923223
    outer loop
      vertex 128.184 1.07532 0.236158
      vertex 128 1.05721 0.236158
      vertex 128 1.41943 0.0861197
    endloop
  endfacet
  facet normal -0.0816197 -0.828698 -0.553712
    outer loop
      vertex 2 0.236158 1.05721
      vertex 1.69839 0.483685 0.731214
      vertex 2 0.453979 0.731214
    endloop
  endfacet
  facet normal 0 -0.555566 -0.831473
    outer loop
      vertex 2 0.731214 0.453979
      vertex 128 1.05721 0.236158
      vertex 128 0.731214 0.453979
    endloop
  endfacet
  facet normal -0 -0.555566 -0.831473
    outer loop
      vertex 128 1.05721 0.236158
      vertex 2 0.731214 0.453979
      vertex 2 1.05721 0.236158
    endloop
  endfacet
  facet normal 0 -1 0
    outer loop
      vertex 2 0.00963116 1.80397
      vertex 128 0.00963116 4.19603
      vertex 2 0.00963116 4.19603
    endloop
  endfacet
  facet normal 0 -1 -0
    outer loop
      vertex 128 0.00963116 4.19603
      vertex 2 0.00963116 1.80397
      vertex 128 0.00963116 1.80397
    endloop
  endfacet
  facet normal -0.622318 -0.758296 0.194185
    outer loop
      vertex 0.646683 0.646683 4.58057
      vertex 0.592597 0.592597 4.19603
      vertex 0.936706 0.408667 4.58057
    endloop
  endfacet
  facet normal -0.796853 -0.241721 -0.553711
    outer loop
      vertex 0.571664 1.40836 0.731214
      vertex 0.370422 1.32501 1.05721
      vertex 0.483685 1.69839 0.731214
    endloop
  endfacet
  facet normal -0.796851 -0.241724 -0.553714
    outer loop
      vertex 0.370422 1.32501 1.05721
      vertex 0.27005 1.65589 1.05721
      vertex 0.483685 1.69839 0.731214
    endloop
  endfacet
  facet normal -0.938726 -0.284759 -0.194181
    outer loop
      vertex 0.161139 1.23832 1.80397
      vertex 0.0478754 1.6117 1.80397
      vertex 0.122894 1.62662 1.41943
    endloop
  endfacet
  facet normal -0.382411 -0.0376808 0.923224
    outer loop
      vertex 1.15825 1.8604 5.8
      vertex 1.07532 1.81607 5.76384
      vertex 1.16094 1.8331 5.8
    endloop
  endfacet
  facet normal -0.334133 -0.625106 0.705406
    outer loop
      vertex 1.51446 0.827794 5.54602
      vertex 1.14108 0.714531 5.26879
      vertex 1.40836 0.571664 5.26879
    endloop
  endfacet
  facet normal -0.815363 -0.435815 0.381115
    outer loop
      vertex 0.370422 1.32501 4.94279
      vertex 0.231805 1.26759 4.58057
      vertex 0.533419 1.02006 4.94279
    endloop
  endfacet
  facet normal -0.0694735 -0.705393 0.705404
    outer loop
      vertex 1.75247 0.755593 5.54602
      vertex 1.69839 0.483685 5.26879
      vertex 2 0.731214 5.54602
    endloop
  endfacet
  facet normal -0.161815 -0.53342 0.830228
    outer loop
      vertex 1.81607 1.07532 5.76384
      vertex 1.51446 0.827794 5.54602
      vertex 1.75247 0.755593 5.54602
    endloop
  endfacet
  facet normal -0.205754 -0.678284 0.705405
    outer loop
      vertex 1.51446 0.827794 5.54602
      vertex 1.40836 0.571664 5.26879
      vertex 1.69839 0.483685 5.26879
    endloop
  endfacet
  facet normal -0.262763 -0.491601 0.830231
    outer loop
      vertex 1.47621 1.2161 5.76384
      vertex 1.2951 0.945043 5.54602
      vertex 1.51446 0.827794 5.54602
    endloop
  endfacet
  facet normal -0.297042 -0.243798 0.923216
    outer loop
      vertex 1.28868 1.52471 5.8
      vertex 1.2161 1.47621 5.76384
      vertex 1.30608 1.50351 5.8
    endloop
  endfacet
  facet normal -0.392545 -0.734384 0.553704
    outer loop
      vertex 1.40836 0.571664 5.26879
      vertex 1.14108 0.714531 5.26879
      vertex 1.32501 0.370422 4.94279
    endloop
  endfacet
  facet normal -0.161812 -0.533422 0.830227
    outer loop
      vertex 1.63921 1.12897 5.76384
      vertex 1.51446 0.827794 5.54602
      vertex 1.81607 1.07532 5.76384
    endloop
  endfacet
  facet normal -0.111548 -0.367735 0.923216
    outer loop
      vertex 1.63921 1.12897 5.76384
      vertex 1.80685 1.1689 5.8
      vertex 1.67261 1.20962 5.8
    endloop
  endfacet
  facet normal -0.11155 -0.367729 0.923218
    outer loop
      vertex 1.80685 1.1689 5.8
      vertex 1.63921 1.12897 5.76384
      vertex 1.81607 1.07532 5.76384
    endloop
  endfacet
  facet normal -0.63435 0.773046 0
    outer loop
      vertex 0.894211 22.6549 1.80397
      vertex 0.592597 22.4074 4.19603
      vertex 0.894211 22.6549 4.19603
    endloop
  endfacet
  facet normal -0.63435 0.773046 0
    outer loop
      vertex 0.592597 22.4074 4.19603
      vertex 0.894211 22.6549 1.80397
      vertex 0.592597 22.4074 1.80397
    endloop
  endfacet
  facet normal -0.0906358 0.92002 -0.381246
    outer loop
      vertex 2 22.7638 1.05721
      vertex 1.65589 22.7299 1.05721
      vertex 2 22.9139 1.41943
    endloop
  endfacet
  facet normal 0.284323 -0.938844 0.194247
    outer loop
      vertex 128.762 0.161139 4.19603
      vertex 128.373 0.122894 4.58057
      vertex 128.388 0.0478754 4.19603
    endloop
  endfacet
  facet normal 0.0545294 -0.554711 0.830254
    outer loop
      vertex 128.184 1.07532 5.76384
      vertex 128 0.731214 5.54602
      vertex 128.248 0.755593 5.54602
    endloop
  endfacet
  facet normal 0.181791 -0.337431 0.92363
    outer loop
      vertex 128.475 1.28868 5.8
      vertex 128.451 1.27575 5.8
      vertex 128.524 1.2161 5.76384
    endloop
  endfacet
  facet normal 0.0962251 -0.976235 0.194182
    outer loop
      vertex 128 0.0861197 4.58057
      vertex 128 0.00963116 4.19603
      vertex 128.388 0.0478754 4.19603
    endloop
  endfacet
  facet normal 0.435775 -0.815559 0.380741
    outer loop
      vertex 128.98 0.533419 4.94279
      vertex 128.732 0.231805 4.58057
      vertex 129.063 0.408667 4.58057
    endloop
  endfacet
  facet normal 0.622978 -0.757556 0.194953
    outer loop
      vertex 129.407 0.592597 4.19603
      vertex 129.063 0.408667 4.58057
      vertex 129.106 0.345069 4.19603
    endloop
  endfacet
  facet normal 0.334441 -0.625027 0.705331
    outer loop
      vertex 128.859 0.714531 5.26879
      vertex 128.486 0.827794 5.54602
      vertex 128.592 0.571664 5.26879
    endloop
  endfacet
  facet normal 0.471513 -0.881859 0
    outer loop
      vertex 128.762 0.161139 1.80397
      vertex 129.106 0.345069 4.19603
      vertex 128.762 0.161139 4.19603
    endloop
  endfacet
  facet normal 0.471513 -0.881859 0
    outer loop
      vertex 129.106 0.345069 4.19603
      vertex 128.762 0.161139 1.80397
      vertex 129.106 0.345069 1.80397
    endloop
  endfacet
  facet normal 0.161673 -0.533385 -0.830278
    outer loop
      vertex 128.486 0.827794 0.453979
      vertex 128.184 1.07532 0.236158
      vertex 128.361 1.12897 0.236158
    endloop
  endfacet
  facet normal 0.450039 -0.547621 -0.705391
    outer loop
      vertex 129.093 0.906798 0.731214
      vertex 128.705 0.945043 0.453979
      vertex 128.897 1.10283 0.453979
    endloop
  endfacet
  facet normal 0.71474 -0.586533 0.380953
    outer loop
      vertex 129.591 0.936706 4.58057
      vertex 129.247 0.752775 4.94279
      vertex 129.353 0.646683 4.58057
    endloop
  endfacet
  facet normal 0.450005 -0.547682 0.705365
    outer loop
      vertex 129.093 0.906798 5.26879
      vertex 128.705 0.945043 5.54602
      vertex 128.859 0.714531 5.26879
    endloop
  endfacet
  facet normal 0.7074 0 0.706813
    outer loop
      vertex 129.269 21 5.54602
      vertex 129.546 2 5.26879
      vertex 129.546 21 5.26879
    endloop
  endfacet
  facet normal 0.7074 0 0.706813
    outer loop
      vertex 129.546 2 5.26879
      vertex 129.269 21 5.54602
      vertex 129.269 2 5.54602
    endloop
  endfacet
  facet normal 0.642332 -0.528698 -0.554876
    outer loop
      vertex 129.467 1.02006 1.05721
      vertex 129.247 0.752775 1.05721
      vertex 129.285 1.14108 0.731214
    endloop
  endfacet
  facet normal 0.796684 -0.240777 0.554366
    outer loop
      vertex 129.73 1.65589 4.94279
      vertex 129.516 1.69839 5.26879
      vertex 129.63 1.32501 4.94279
    endloop
  endfacet
  facet normal 0.920153 -0.0911823 0.380794
    outer loop
      vertex 129.914 2 4.58057
      vertex 129.73 1.65589 4.94279
      vertex 129.877 1.62662 4.58057
    endloop
  endfacet
  facet normal 0.55474 0.0542975 0.83025
    outer loop
      vertex 129.269 21 5.54602
      vertex 128.925 21.1839 5.76384
      vertex 128.943 21 5.76384
    endloop
  endfacet
  facet normal 0.555362 0.0560972 0.829714
    outer loop
      vertex 129.244 21.2475 5.54602
      vertex 128.925 21.1839 5.76384
      vertex 129.269 21 5.54602
    endloop
  endfacet
  facet normal 0.678311 -0.205195 0.705542
    outer loop
      vertex 129.244 1.75247 5.54602
      vertex 129.172 1.51446 5.54602
      vertex 129.516 1.69839 5.26879
    endloop
  endfacet
  facet normal 0.828438 -0.0824016 0.553986
    outer loop
      vertex 129.546 2 5.26879
      vertex 129.516 1.69839 5.26879
      vertex 129.764 2 4.94279
    endloop
  endfacet
  facet normal 0.976534 -0.095566 -0.193001
    outer loop
      vertex 129.952 1.6117 1.80397
      vertex 129.914 2 1.41943
      vertex 129.99 2 1.80397
    endloop
  endfacet
  facet normal 0.885109 -0.267502 -0.380821
    outer loop
      vertex 129.877 1.62662 1.41943
      vertex 129.63 1.32501 1.05721
      vertex 129.73 1.65589 1.05721
    endloop
  endfacet
  facet normal 0.0906645 0.920017 -0.381245
    outer loop
      vertex 128.344 22.7299 1.05721
      vertex 128 22.7638 1.05721
      vertex 128 22.9139 1.41943
    endloop
  endfacet
  facet normal 0.622336 0.758309 -0.194078
    outer loop
      vertex 129.353 22.3533 1.41943
      vertex 129.063 22.5913 1.41943
      vertex 129.407 22.4074 1.80397
    endloop
  endfacet
  facet normal 0.796687 0.240764 0.554367
    outer loop
      vertex 129.63 21.675 4.94279
      vertex 129.516 21.3016 5.26879
      vertex 129.73 21.3441 4.94279
    endloop
  endfacet
  facet normal 0.976534 0.095566 -0.193001
    outer loop
      vertex 129.99 21 1.80397
      vertex 129.914 21 1.41943
      vertex 129.952 21.3883 1.80397
    endloop
  endfacet
  facet normal 0.644122 0.527834 0.553623
    outer loop
      vertex 129.247 22.2472 4.94279
      vertex 129.093 22.0932 5.26879
      vertex 129.285 21.8589 5.26879
    endloop
  endfacet
  facet normal 0.73355 0.392157 0.555083
    outer loop
      vertex 129.467 21.9799 4.94279
      vertex 129.285 21.8589 5.26879
      vertex 129.63 21.675 4.94279
    endloop
  endfacet
  facet normal 0.995246 0.0973972 0
    outer loop
      vertex 129.99 21 4.19603
      vertex 129.952 21.3883 1.80397
      vertex 129.952 21.3883 4.19603
    endloop
  endfacet
  facet normal 0.995246 0.0973972 0
    outer loop
      vertex 129.952 21.3883 1.80397
      vertex 129.99 21 4.19603
      vertex 129.99 21 1.80397
    endloop
  endfacet
  facet normal 0.757585 0.622948 -0.194936
    outer loop
      vertex 129.591 22.0633 1.41943
      vertex 129.407 22.4074 1.80397
      vertex 129.655 22.1058 1.80397
    endloop
  endfacet
  facet normal 0.111408 -0.367651 -0.923266
    outer loop
      vertex 128.184 1.07532 0.236158
      vertex 128.113 1.43059 0.0861197
      vertex 128.222 1.46362 0.0861197
    endloop
  endfacet
  facet normal 0.367129 -0.111241 -0.923494
    outer loop
      vertex 128.925 1.81607 0.236158
      vertex 128.536 1.77783 0.0861197
      vertex 128.569 1.88674 0.0861197
    endloop
  endfacet
  facet normal 0.353454 -0.431115 -0.830187
    outer loop
      vertex 128.705 0.945043 0.453979
      vertex 128.524 1.2161 0.236158
      vertex 128.667 1.33334 0.236158
    endloop
  endfacet
  facet normal 0.181071 -0.338742 -0.923291
    outer loop
      vertex 128.361 1.12897 0.236158
      vertex 128.222 1.46362 0.0861197
      vertex 128.524 1.2161 0.236158
    endloop
  endfacet
  facet normal 0.334452 0.624957 -0.705387
    outer loop
      vertex 128.705 22.055 0.453979
      vertex 128.486 22.1722 0.453979
      vertex 128.859 22.2855 0.731214
    endloop
  endfacet
  facet normal 0.205841 0.678338 -0.705328
    outer loop
      vertex 128.486 22.1722 0.453979
      vertex 128.302 22.5163 0.731214
      vertex 128.592 22.4283 0.731214
    endloop
  endfacet
  facet normal 0.367145 0.111256 -0.923486
    outer loop
      vertex 128.569 21.1133 0.0861197
      vertex 128.536 21.2222 0.0861197
      vertex 128.925 21.1839 0.236158
    endloop
  endfacet
  facet normal 0.828239 0.0818371 -0.554367
    outer loop
      vertex 129.764 21 1.05721
      vertex 129.516 21.3016 0.731214
      vertex 129.73 21.3441 1.05721
    endloop
  endfacet
  facet normal 0.381245 0.040379 -0.923592
    outer loop
      vertex 128.581 21 0.0861197
      vertex 128.569 21.1133 0.0861197
      vertex 128.925 21.1839 0.236158
    endloop
  endfacet
  facet normal -0.0192891 0.195061 -0.980601
    outer loop
      vertex 1.96176 21.1923 0.00963116
      vertex 1.88674 21.5694 0.0861197
      vertex 2 21.5806 0.0861197
    endloop
  endfacet
  facet normal 0 0.195058 -0.980792
    outer loop
      vertex 2 21.196 0.00963116
      vertex 128 21.5806 0.0861197
      vertex 128 21.196 0.00963116
    endloop
  endfacet
  facet normal 0 0.195058 -0.980792
    outer loop
      vertex 128 21.5806 0.0861197
      vertex 2 21.196 0.00963116
      vertex 2 21.5806 0.0861197
    endloop
  endfacet
  facet normal 0.366296 0.111846 0.923752
    outer loop
      vertex 128.925 21.1839 5.76384
      vertex 128.831 21.1931 5.8
      vertex 128.839 21.1669 5.8
    endloop
  endfacet
  facet normal 0.491915 -0.262373 0.830169
    outer loop
      vertex 129.172 1.51446 5.54602
      vertex 128.784 1.47621 5.76384
      vertex 129.055 1.2951 5.54602
    endloop
  endfacet
  facet normal 0 0.707151 -0.707062
    outer loop
      vertex 128 22.2688 0.453979
      vertex 2 22.546 0.731214
      vertex 128 22.546 0.731214
    endloop
  endfacet
  facet normal 0 0.707151 -0.707062
    outer loop
      vertex 2 22.546 0.731214
      vertex 128 22.2688 0.453979
      vertex 2 22.2688 0.453979
    endloop
  endfacet
  facet normal 0.0193328 0.195054 -0.980602
    outer loop
      vertex 128.038 21.1923 0.00963116
      vertex 128 21.5806 0.0861197
      vertex 128.113 21.5694 0.0861197
    endloop
  endfacet
  facet normal 0.111543 0.367657 -0.923248
    outer loop
      vertex 128.222 21.5364 0.0861197
      vertex 128.184 21.9247 0.236158
      vertex 128.361 21.871 0.236158
    endloop
  endfacet
  facet normal 0.081501 0.828731 -0.553681
    outer loop
      vertex 128.302 22.5163 0.731214
      vertex 128 22.546 0.731214
      vertex 128 22.7638 1.05721
    endloop
  endfacet
  facet normal 0.0693768 0.705448 -0.705358
    outer loop
      vertex 128.302 22.5163 0.731214
      vertex 128 22.2688 0.453979
      vertex 128 22.546 0.731214
    endloop
  endfacet
  facet normal 0 0.382676 0.923883
    outer loop
      vertex 128 21.9428 5.76384
      vertex 69 21.8555 5.8
      vertex 128 21.8555 5.8
    endloop
  endfacet
  facet normal 0 0.38272 0.923864
    outer loop
      vertex 69 21.8555 5.8
      vertex 61 21.8555 5.8
      vertex 69 21.5806 5.91388
    endloop
  endfacet
  facet normal 0 0.382676 0.923883
    outer loop
      vertex 128 21.9428 5.76384
      vertex 61 21.8555 5.8
      vertex 69 21.8555 5.8
    endloop
  endfacet
  facet normal -0 0.382676 0.923883
    outer loop
      vertex 2 21.9428 5.76384
      vertex 61 21.8555 5.8
      vertex 128 21.9428 5.76384
    endloop
  endfacet
  facet normal 0 0.382676 0.923883
    outer loop
      vertex 61 21.8555 5.8
      vertex 2 21.9428 5.76384
      vertex 2 21.8555 5.8
    endloop
  endfacet
  facet normal 0 0.38272 0.923864
    outer loop
      vertex 69 21.5806 5.91388
      vertex 61 21.8555 5.8
      vertex 61 21.5806 5.91388
    endloop
  endfacet
  facet normal -0.0545894 0.554731 0.830237
    outer loop
      vertex 2 22.2688 5.54602
      vertex 1.81607 21.9247 5.76384
      vertex 2 21.9428 5.76384
    endloop
  endfacet
  facet normal -0.392371 0.734403 0.553802
    outer loop
      vertex 1.32501 22.6296 4.94279
      vertex 1.14108 22.2855 5.26879
      vertex 1.40836 22.4283 5.26879
    endloop
  endfacet
  facet normal 0.241813 0.796883 0.553629
    outer loop
      vertex 128.675 22.6296 4.94279
      vertex 128.302 22.5163 5.26879
      vertex 128.592 22.4283 5.26879
    endloop
  endfacet
  facet normal -0.865137 0.462405 0.194217
    outer loop
      vertex 0.408667 22.0633 4.58057
      vertex 0.161139 21.7617 4.19603
      vertex 0.231805 21.7324 4.58057
    endloop
  endfacet
  facet normal -0.0375284 0.382406 0.923232
    outer loop
      vertex 2 21.9428 5.76384
      vertex 1.8604 21.8418 5.8
      vertex 2 21.8555 5.8
    endloop
  endfacet
  facet normal -0.0376451 0.382545 0.92317
    outer loop
      vertex 1.8604 21.8418 5.8
      vertex 2 21.9428 5.76384
      vertex 1.81607 21.9247 5.76384
    endloop
  endfacet
  facet normal -0.976243 0.0961453 0.194177
    outer loop
      vertex 0.122894 21.3734 4.58057
      vertex 0.0478754 21.3883 4.19603
      vertex 0.0861197 21 4.58057
    endloop
  endfacet
  facet normal -0.920077 -0.09062 0.381113
    outer loop
      vertex 0.236158 2 4.94279
      vertex 0.0861197 2 4.58057
      vertex 0.27005 1.65589 4.94279
    endloop
  endfacet
  facet normal -0.16194 0.533345 0.830252
    outer loop
      vertex 1.81607 21.9247 5.76384
      vertex 1.51446 22.1722 5.54602
      vertex 1.63921 21.871 5.76384
    endloop
  endfacet
  facet normal -0.26266 0.491613 0.830257
    outer loop
      vertex 1.51446 22.1722 5.54602
      vertex 1.2951 22.055 5.54602
      vertex 1.47621 21.7839 5.76384
    endloop
  endfacet
  facet normal -0.0906358 0.92002 0.381246
    outer loop
      vertex 2 22.9139 4.58057
      vertex 1.65589 22.7299 4.94279
      vertex 2 22.7638 4.94279
    endloop
  endfacet
  facet normal -0.0694654 0.705437 0.70536
    outer loop
      vertex 2 22.546 5.26879
      vertex 1.69839 22.5163 5.26879
      vertex 2 22.2688 5.54602
    endloop
  endfacet
  facet normal -0.828701 0.0816227 0.553707
    outer loop
      vertex 0.483685 21.3016 5.26879
      vertex 0.236158 21 4.94279
      vertex 0.453979 21 5.26879
    endloop
  endfacet
  facet normal -0.828702 -0.08162 0.553707
    outer loop
      vertex 0.453979 2 5.26879
      vertex 0.236158 2 4.94279
      vertex 0.483685 1.69839 5.26879
    endloop
  endfacet
  facet normal -0.714671 -0.586516 0.38111
    outer loop
      vertex 0.752775 0.752775 4.94279
      vertex 0.408667 0.936706 4.58057
      vertex 0.646683 0.646683 4.58057
    endloop
  endfacet
  facet normal -0.430905 -0.353604 0.830232
    outer loop
      vertex 1.2161 1.47621 5.76384
      vertex 0.945043 1.2951 5.54602
      vertex 1.33334 1.33334 5.76384
    endloop
  endfacet
  facet normal -0.622275 0.75833 0.194189
    outer loop
      vertex 0.894211 22.6549 4.19603
      vertex 0.592597 22.4074 4.19603
      vertex 0.936706 22.5913 4.58057
    endloop
  endfacet
  facet normal -0.195087 0 -0.980786
    outer loop
      vertex 1.41943 2 0.0861197
      vertex 1.80397 21 0.00963116
      vertex 1.80397 2 0.00963116
    endloop
  endfacet
  facet normal -0.195087 0 -0.980786
    outer loop
      vertex 1.80397 21 0.00963116
      vertex 1.41943 2 0.0861197
      vertex 1.41943 21 0.0861197
    endloop
  endfacet
  facet normal 0.123707 0.152099 -0.980593
    outer loop
      vertex 128.139 21.1386 0.00963116
      vertex 128.109 21.163 0.00963116
      vertex 128.411 21.4105 0.0861197
    endloop
  endfacet
  facet normal -0.124392 0.151463 -0.980605
    outer loop
      vertex 1.86138 21.1386 0.00963116
      vertex 1.58948 21.4105 0.0861197
      vertex 1.89109 21.163 0.00963116
    endloop
  endfacet
  facet normal -0.054636 -0.554742 -0.830227
    outer loop
      vertex 2 0.731214 0.453979
      vertex 1.75247 0.755593 0.453979
      vertex 1.81607 1.07532 0.236158
    endloop
  endfacet
  facet normal -0.205756 -0.67829 -0.705398
    outer loop
      vertex 1.69839 0.483685 0.731214
      vertex 1.40836 0.571664 0.731214
      vertex 1.51446 0.827794 0.453979
    endloop
  endfacet
  facet normal -0.392543 -0.734382 -0.553709
    outer loop
      vertex 1.32501 0.370422 1.05721
      vertex 1.14108 0.714531 0.731214
      vertex 1.40836 0.571664 0.731214
    endloop
  endfacet
  facet normal -0.08162 -0.828699 -0.553712
    outer loop
      vertex 2 0.236158 1.05721
      vertex 1.65589 0.27005 1.05721
      vertex 1.69839 0.483685 0.731214
    endloop
  endfacet
  facet normal -0.734385 -0.392532 0.553712
    outer loop
      vertex 0.714531 1.14108 5.26879
      vertex 0.370422 1.32501 4.94279
      vertex 0.533419 1.02006 4.94279
    endloop
  endfacet
  facet normal 0 -0.923878 0.382687
    outer loop
      vertex 2 0.0861197 4.58057
      vertex 128 0.236158 4.94279
      vertex 2 0.236158 4.94279
    endloop
  endfacet
  facet normal 0 -0.923878 0.382687
    outer loop
      vertex 128 0.236158 4.94279
      vertex 2 0.0861197 4.58057
      vertex 128 0.0861197 4.58057
    endloop
  endfacet
  facet normal -0.773011 -0.634393 0
    outer loop
      vertex 0.592597 0.592597 1.80397
      vertex 0.345069 0.894211 4.19603
      vertex 0.345069 0.894211 1.80397
    endloop
  endfacet
  facet normal -0.773011 -0.634393 0
    outer loop
      vertex 0.345069 0.894211 4.19603
      vertex 0.592597 0.592597 1.80397
      vertex 0.592597 0.592597 4.19603
    endloop
  endfacet
  facet normal -0.449662 -0.547925 -0.705395
    outer loop
      vertex 1.14108 0.714531 0.731214
      vertex 0.906798 0.906798 0.731214
      vertex 1.2951 0.945043 0.453979
    endloop
  endfacet
  facet normal 0.173156 0.0919413 -0.980594
    outer loop
      vertex 128.181 21.075 0.00963116
      vertex 128.163 21.1089 0.00963116
      vertex 128.536 21.2222 0.0861197
    endloop
  endfacet
  facet normal -0.95694 -0.290285 0
    outer loop
      vertex 0.161139 1.23832 1.80397
      vertex 0.0478754 1.6117 4.19603
      vertex 0.0478754 1.6117 1.80397
    endloop
  endfacet
  facet normal -0.95694 -0.290285 0
    outer loop
      vertex 0.0478754 1.6117 4.19603
      vertex 0.161139 1.23832 1.80397
      vertex 0.161139 1.23832 4.19603
    endloop
  endfacet
  facet normal -0.828699 -0.08162 -0.553712
    outer loop
      vertex 0.27005 1.65589 1.05721
      vertex 0.236158 2 1.05721
      vertex 0.483685 1.69839 0.731214
    endloop
  endfacet
  facet normal -0.353604 -0.430905 0.830232
    outer loop
      vertex 1.33334 1.33334 5.76384
      vertex 1.2951 0.945043 5.54602
      vertex 1.47621 1.2161 5.76384
    endloop
  endfacet
  facet normal -0.0546358 -0.55474 0.830228
    outer loop
      vertex 1.81607 1.07532 5.76384
      vertex 1.75247 0.755593 5.54602
      vertex 2 0.731214 5.54602
    endloop
  endfacet
  facet normal -0.533422 -0.161812 0.830227
    outer loop
      vertex 1.07532 1.81607 5.76384
      vertex 0.827794 1.51446 5.54602
      vertex 1.12897 1.63921 5.76384
    endloop
  endfacet
  facet normal -0.678285 -0.20576 0.705402
    outer loop
      vertex 0.755593 1.75247 5.54602
      vertex 0.483685 1.69839 5.26879
      vertex 0.827794 1.51446 5.54602
    endloop
  endfacet
  facet normal -0.53342 -0.161815 0.830228
    outer loop
      vertex 1.07532 1.81607 5.76384
      vertex 0.755593 1.75247 5.54602
      vertex 0.827794 1.51446 5.54602
    endloop
  endfacet
  facet normal -0.533419 0.161821 0.830228
    outer loop
      vertex 0.827794 21.4855 5.54602
      vertex 0.755593 21.2475 5.54602
      vertex 1.07532 21.1839 5.76384
    endloop
  endfacet
  facet normal -0.554735 -0.0546199 0.830233
    outer loop
      vertex 1.05721 2 5.76384
      vertex 0.731214 2 5.54602
      vertex 1.07532 1.81607 5.76384
    endloop
  endfacet
  facet normal -0.643688 -0.528263 -0.553718
    outer loop
      vertex 0.752775 0.752775 1.05721
      vertex 0.533419 1.02006 1.05721
      vertex 0.714531 1.14108 0.731214
    endloop
  endfacet
  facet normal -0.28476 -0.938725 0.194182
    outer loop
      vertex 1.26759 0.231805 4.58057
      vertex 1.23832 0.161139 4.19603
      vertex 1.62662 0.122894 4.58057
    endloop
  endfacet
  facet normal -0.449658 -0.54792 0.705402
    outer loop
      vertex 1.2951 0.945043 5.54602
      vertex 0.906798 0.906798 5.26879
      vertex 1.14108 0.714531 5.26879
    endloop
  endfacet
  facet normal -0.26278 -0.4916 0.830227
    outer loop
      vertex 1.63921 1.12897 5.76384
      vertex 1.47621 1.2161 5.76384
      vertex 1.51446 0.827794 5.54602
    endloop
  endfacet
  facet normal -0.0376689 -0.382442 0.923212
    outer loop
      vertex 1.8604 1.15825 5.8
      vertex 2 1.05721 5.76384
      vertex 2 1.1445 5.8
    endloop
  endfacet
  facet normal -0.037654 -0.382424 0.923219
    outer loop
      vertex 2 1.05721 5.76384
      vertex 1.8604 1.15825 5.8
      vertex 1.81607 1.07532 5.76384
    endloop
  endfacet
  facet normal -0.0376808 -0.382411 0.923224
    outer loop
      vertex 1.8331 1.16094 5.8
      vertex 1.81607 1.07532 5.76384
      vertex 1.8604 1.15825 5.8
    endloop
  endfacet
  facet normal -0.714644 0.586541 -0.381122
    outer loop
      vertex 0.752775 22.2472 1.05721
      vertex 0.408667 22.0633 1.41943
      vertex 0.646683 22.3533 1.41943
    endloop
  endfacet
  facet normal -0.884715 0.268361 -0.381133
    outer loop
      vertex 0.27005 21.3441 1.05721
      vertex 0.122894 21.3734 1.41943
      vertex 0.370422 21.675 1.05721
    endloop
  endfacet
  facet normal -0.435827 0.815371 0.381082
    outer loop
      vertex 1.26759 22.7682 4.58057
      vertex 1.02006 22.4666 4.94279
      vertex 1.32501 22.6296 4.94279
    endloop
  endfacet
  facet normal -0.920077 -0.09062 -0.381113
    outer loop
      vertex 0.27005 1.65589 1.05721
      vertex 0.0861197 2 1.41943
      vertex 0.236158 2 1.05721
    endloop
  endfacet
  facet normal -0.938732 0.284746 0.194167
    outer loop
      vertex 0.161139 21.7617 4.19603
      vertex 0.0478754 21.3883 4.19603
      vertex 0.122894 21.3734 4.58057
    endloop
  endfacet
  facet normal -0.772996 0.634411 0
    outer loop
      vertex 0.345069 22.1058 1.80397
      vertex 0.592597 22.4074 4.19603
      vertex 0.592597 22.4074 1.80397
    endloop
  endfacet
  facet normal -0.772996 0.634411 0
    outer loop
      vertex 0.592597 22.4074 4.19603
      vertex 0.345069 22.1058 1.80397
      vertex 0.345069 22.1058 4.19603
    endloop
  endfacet
  facet normal 0.334548 -0.624876 0.705413
    outer loop
      vertex 128.705 0.945043 5.54602
      vertex 128.486 0.827794 5.54602
      vertex 128.859 0.714531 5.26879
    endloop
  endfacet
  facet normal 0.528643 -0.643388 0.553704
    outer loop
      vertex 129.093 0.906798 5.26879
      vertex 128.859 0.714531 5.26879
      vertex 129.247 0.752775 4.94279
    endloop
  endfacet
  facet normal 0.0693447 -0.705422 0.705387
    outer loop
      vertex 128.248 0.755593 5.54602
      vertex 128 0.731214 5.54602
      vertex 128.302 0.483685 5.26879
    endloop
  endfacet
  facet normal 0.297148 -0.243343 0.923302
    outer loop
      vertex 128.694 1.50351 5.8
      vertex 128.667 1.33334 5.76384
      vertex 128.784 1.47621 5.76384
    endloop
  endfacet
  facet normal 0.296419 -0.24328 0.923553
    outer loop
      vertex 128.667 1.33334 5.76384
      vertex 128.694 1.50351 5.8
      vertex 128.605 1.39507 5.8
    endloop
  endfacet
  facet normal 0.0380931 -0.382347 0.923233
    outer loop
      vertex 128.167 1.16094 5.8
      vertex 128.14 1.15825 5.8
      vertex 128.184 1.07532 5.76384
    endloop
  endfacet
  facet normal 0 -0.980786 0.195087
    outer loop
      vertex 2 0.00963116 4.19603
      vertex 128 0.0861197 4.58057
      vertex 2 0.0861197 4.58057
    endloop
  endfacet
  facet normal 0 -0.980786 0.195087
    outer loop
      vertex 128 0.0861197 4.58057
      vertex 2 0.00963116 4.19603
      vertex 128 0.00963116 4.19603
    endloop
  endfacet
  facet normal 0.26843 -0.884816 0.380849
    outer loop
      vertex 128.675 0.370422 4.94279
      vertex 128.373 0.122894 4.58057
      vertex 128.732 0.231805 4.58057
    endloop
  endfacet
  facet normal 0.284752 -0.93862 0.194703
    outer loop
      vertex 128.732 0.231805 4.58057
      vertex 128.373 0.122894 4.58057
      vertex 128.762 0.161139 4.19603
    endloop
  endfacet
  facet normal 0.289844 -0.957074 0
    outer loop
      vertex 128.388 0.0478754 1.80397
      vertex 128.762 0.161139 4.19603
      vertex 128.388 0.0478754 4.19603
    endloop
  endfacet
  facet normal 0.289844 -0.957074 0
    outer loop
      vertex 128.762 0.161139 4.19603
      vertex 128.388 0.0478754 1.80397
      vertex 128.762 0.161139 1.80397
    endloop
  endfacet
  facet normal 0.43101 -0.354187 -0.829929
    outer loop
      vertex 128.897 1.10283 0.453979
      vertex 128.667 1.33334 0.236158
      vertex 129.055 1.2951 0.453979
    endloop
  endfacet
  facet normal 0.39296 -0.734392 -0.5534
    outer loop
      vertex 128.675 0.370422 1.05721
      vertex 128.592 0.571664 0.731214
      vertex 128.859 0.714531 0.731214
    endloop
  endfacet
  facet normal 0.26843 -0.884816 -0.380849
    outer loop
      vertex 128.732 0.231805 1.41943
      vertex 128.373 0.122894 1.41943
      vertex 128.675 0.370422 1.05721
    endloop
  endfacet
  facet normal 0.0693864 -0.705403 -0.705403
    outer loop
      vertex 128.302 0.483685 0.731214
      vertex 128 0.453979 0.731214
      vertex 128 0.731214 0.453979
    endloop
  endfacet
  facet normal 0.241778 -0.79696 -0.553533
    outer loop
      vertex 128.675 0.370422 1.05721
      vertex 128.302 0.483685 0.731214
      vertex 128.592 0.571664 0.731214
    endloop
  endfacet
  facet normal 0.0545296 -0.554713 -0.830253
    outer loop
      vertex 128.248 0.755593 0.453979
      vertex 128 0.731214 0.453979
      vertex 128.184 1.07532 0.236158
    endloop
  endfacet
  facet normal 0.815742 -0.436365 0.379672
    outer loop
      vertex 129.768 1.26759 4.58057
      vertex 129.467 1.02006 4.94279
      vertex 129.591 0.936706 4.58057
    endloop
  endfacet
  facet normal 0.642335 -0.5287 0.554872
    outer loop
      vertex 129.285 1.14108 5.26879
      vertex 129.247 0.752775 4.94279
      vertex 129.467 1.02006 4.94279
    endloop
  endfacet
  facet normal 0.957128 -0.289666 0
    outer loop
      vertex 129.839 1.23832 4.19603
      vertex 129.952 1.6117 1.80397
      vertex 129.952 1.6117 4.19603
    endloop
  endfacet
  facet normal 0.957128 -0.289666 0
    outer loop
      vertex 129.952 1.6117 1.80397
      vertex 129.839 1.23832 4.19603
      vertex 129.839 1.23832 1.80397
    endloop
  endfacet
  facet normal 0.644086 -0.527844 -0.553655
    outer loop
      vertex 129.247 0.752775 1.05721
      vertex 129.093 0.906798 0.731214
      vertex 129.285 1.14108 0.731214
    endloop
  endfacet
  facet normal 0.46222 -0.865053 -0.195029
    outer loop
      vertex 128.762 0.161139 1.80397
      vertex 128.732 0.231805 1.41943
      vertex 129.063 0.408667 1.41943
    endloop
  endfacet
  facet normal 0.885162 -0.268731 0.379832
    outer loop
      vertex 129.877 1.62662 4.58057
      vertex 129.63 1.32501 4.94279
      vertex 129.768 1.26759 4.58057
    endloop
  endfacet
  facet normal 0.548599 -0.449591 0.704916
    outer loop
      vertex 129.285 1.14108 5.26879
      vertex 129.055 1.2951 5.54602
      vertex 129.093 0.906798 5.26879
    endloop
  endfacet
  facet normal 0.644088 -0.527846 0.55365
    outer loop
      vertex 129.285 1.14108 5.26879
      vertex 129.093 0.906798 5.26879
      vertex 129.247 0.752775 4.94279
    endloop
  endfacet
  facet normal 0.338046 0.180429 0.923672
    outer loop
      vertex 128.724 21.4511 5.8
      vertex 128.871 21.3608 5.76384
      vertex 128.784 21.5238 5.76384
    endloop
  endfacet
  facet normal 0.337999 0.180339 0.923707
    outer loop
      vertex 128.871 21.3608 5.76384
      vertex 128.724 21.4511 5.8
      vertex 128.79 21.3274 5.8
    endloop
  endfacet
  facet normal 0.491929 0.262563 0.8301
    outer loop
      vertex 129.172 21.4855 5.54602
      vertex 128.784 21.5238 5.76384
      vertex 128.871 21.3608 5.76384
    endloop
  endfacet
  facet normal 0.67842 -0.205844 0.705247
    outer loop
      vertex 129.516 1.69839 5.26879
      vertex 129.172 1.51446 5.54602
      vertex 129.428 1.40836 5.26879
    endloop
  endfacet
  facet normal 0.733547 -0.392462 0.554872
    outer loop
      vertex 129.428 1.40836 5.26879
      vertex 129.285 1.14108 5.26879
      vertex 129.63 1.32501 4.94279
    endloop
  endfacet
  facet normal 0.705019 0.0712141 -0.705603
    outer loop
      vertex 129.269 21 0.453979
      vertex 129.244 21.2475 0.453979
      vertex 129.516 21.3016 0.731214
    endloop
  endfacet
  facet normal 0.714239 0.587851 -0.379859
    outer loop
      vertex 129.467 21.9799 1.05721
      vertex 129.247 22.2472 1.05721
      vertex 129.591 22.0633 1.41943
    endloop
  endfacet
  facet normal 0.241812 0.79688 -0.553633
    outer loop
      vertex 128.592 22.4283 0.731214
      vertex 128.302 22.5163 0.731214
      vertex 128.675 22.6296 1.05721
    endloop
  endfacet
  facet normal 0.090771 0.920043 -0.381157
    outer loop
      vertex 128.344 22.7299 1.05721
      vertex 128 22.9139 1.41943
      vertex 128.373 22.8771 1.41943
    endloop
  endfacet
  facet normal 0.758314 0.62234 -0.194044
    outer loop
      vertex 129.591 22.0633 1.41943
      vertex 129.353 22.3533 1.41943
      vertex 129.407 22.4074 1.80397
    endloop
  endfacet
  facet normal 0.705662 0.0701918 -0.705064
    outer loop
      vertex 129.546 21 0.731214
      vertex 129.269 21 0.453979
      vertex 129.516 21.3016 0.731214
    endloop
  endfacet
  facet normal 0.462619 0.864896 -0.194778
    outer loop
      vertex 129.063 22.5913 1.41943
      vertex 128.762 22.8389 1.80397
      vertex 129.106 22.6549 1.80397
    endloop
  endfacet
  facet normal 0.182486 0.336897 0.923688
    outer loop
      vertex 128.524 21.7839 5.76384
      vertex 128.451 21.7243 5.8
      vertex 128.475 21.7113 5.8
    endloop
  endfacet
  facet normal 0.450076 0.547621 0.705367
    outer loop
      vertex 129.093 22.0932 5.26879
      vertex 128.705 22.055 5.54602
      vertex 128.897 21.8972 5.54602
    endloop
  endfacet
  facet normal 0.297163 0.243303 0.923308
    outer loop
      vertex 128.667 21.6667 5.76384
      vertex 128.694 21.4965 5.8
      vertex 128.784 21.5238 5.76384
    endloop
  endfacet
  facet normal 0.296242 0.243224 0.923625
    outer loop
      vertex 128.694 21.4965 5.8
      vertex 128.667 21.6667 5.76384
      vertex 128.605 21.6049 5.8
    endloop
  endfacet
  facet normal 0.161788 0.533317 0.8303
    outer loop
      vertex 128.248 22.2444 5.54602
      vertex 128.184 21.9247 5.76384
      vertex 128.486 22.1722 5.54602
    endloop
  endfacet
  facet normal 0.334449 0.624951 0.705394
    outer loop
      vertex 128.859 22.2855 5.26879
      vertex 128.486 22.1722 5.54602
      vertex 128.705 22.055 5.54602
    endloop
  endfacet
  facet normal 0.828438 0.0824043 0.553986
    outer loop
      vertex 129.764 21 4.94279
      vertex 129.516 21.3016 5.26879
      vertex 129.546 21 5.26879
    endloop
  endfacet
  facet normal 0.828242 0.0818374 0.554362
    outer loop
      vertex 129.73 21.3441 4.94279
      vertex 129.516 21.3016 5.26879
      vertex 129.764 21 4.94279
    endloop
  endfacet
  facet normal 0.976534 0.095566 0.193001
    outer loop
      vertex 129.952 21.3883 4.19603
      vertex 129.914 21 4.58057
      vertex 129.99 21 4.19603
    endloop
  endfacet
  facet normal 0.0192631 -0.195048 -0.980605
    outer loop
      vertex 128.113 1.43059 0.0861197
      vertex 128 1.41943 0.0861197
      vertex 128.038 1.80773 0.00963116
    endloop
  endfacet
  facet normal 0.0192998 -0.195051 -0.980603
    outer loop
      vertex 128.038 1.80773 0.00963116
      vertex 128 1.41943 0.0861197
      vertex 128 1.80397 0.00963116
    endloop
  endfacet
  facet normal 0.297388 -0.243539 -0.923173
    outer loop
      vertex 128.667 1.33334 0.236158
      vertex 128.411 1.58948 0.0861197
      vertex 128.784 1.47621 0.236158
    endloop
  endfacet
  facet normal 0.243682 -0.297224 -0.923188
    outer loop
      vertex 128.524 1.2161 0.236158
      vertex 128.411 1.58948 0.0861197
      vertex 128.667 1.33334 0.236158
    endloop
  endfacet
  facet normal -0.151496 0.124359 -0.980604
    outer loop
      vertex 1.837 21.1089 0.00963116
      vertex 1.58948 21.4105 0.0861197
      vertex 1.86138 21.1386 0.00963116
    endloop
  endfacet
  facet normal 0.124253 0.151444 -0.980625
    outer loop
      vertex 128.411 21.4105 0.0861197
      vertex 128.109 21.163 0.00963116
      vertex 128.323 21.4827 0.0861197
    endloop
  endfacet
  facet normal 0.262715 -0.491479 -0.830319
    outer loop
      vertex 128.486 0.827794 0.453979
      vertex 128.361 1.12897 0.236158
      vertex 128.524 1.2161 0.236158
    endloop
  endfacet
  facet normal 0.263117 -0.491455 -0.830206
    outer loop
      vertex 128.705 0.945043 0.453979
      vertex 128.486 0.827794 0.453979
      vertex 128.524 1.2161 0.236158
    endloop
  endfacet
  facet normal 0.0545789 0.554737 -0.830234
    outer loop
      vertex 128.184 21.9247 0.236158
      vertex 128 22.2688 0.453979
      vertex 128.248 22.2444 0.453979
    endloop
  endfacet
  facet normal 0.263013 0.491466 -0.830232
    outer loop
      vertex 128.524 21.7839 0.236158
      vertex 128.486 22.1722 0.453979
      vertex 128.705 22.055 0.453979
    endloop
  endfacet
  facet normal 0.334335 0.625121 -0.705297
    outer loop
      vertex 128.859 22.2855 0.731214
      vertex 128.486 22.1722 0.453979
      vertex 128.592 22.4283 0.731214
    endloop
  endfacet
  facet normal 0.528689 0.643391 -0.553656
    outer loop
      vertex 129.247 22.2472 1.05721
      vertex 128.859 22.2855 0.731214
      vertex 128.98 22.4666 1.05721
    endloop
  endfacet
  facet normal 0.123651 -0.152155 -0.980591
    outer loop
      vertex 128.411 1.58948 0.0861197
      vertex 128.109 1.837 0.00963116
      vertex 128.139 1.86138 0.00963116
    endloop
  endfacet
  facet normal 0.297437 0.243357 -0.923206
    outer loop
      vertex 128.483 21.3225 0.0861197
      vertex 128.411 21.4105 0.0861197
      vertex 128.784 21.5238 0.236158
    endloop
  endfacet
  facet normal 0 0 1
    outer loop
      vertex 69 21.196 5.99037
      vertex 61 21.196 5.99037
      vertex 69 19 5.99037
    endloop
  endfacet
  facet normal 0 0 1
    outer loop
      vertex 75.6403 4 5.99037
      vertex 125 15.5 5.99037
      vertex 125 19 5.99037
    endloop
  endfacet
  facet normal 0 0 1
    outer loop
      vertex 125 15.5 5.99037
      vertex 75.6403 4 5.99037
      vertex 125 7.5 5.99037
    endloop
  endfacet
  facet normal 0 0 1
    outer loop
      vertex 125 7.5 5.99037
      vertex 75.6403 4 5.99037
      vertex 125 4 5.99037
    endloop
  endfacet
  facet normal -0 0 1
    outer loop
      vertex 69 19 5.99037
      vertex 75.6403 4 5.99037
      vertex 125 19 5.99037
    endloop
  endfacet
  facet normal 0 0 1
    outer loop
      vertex 54.3597 4 5.99037
      vertex 75.6403 4 5.99037
      vertex 69 19 5.99037
    endloop
  endfacet
  facet normal 0 0 1
    outer loop
      vertex 61 19 5.99037
      vertex 69 19 5.99037
      vertex 61 21.196 5.99037
    endloop
  endfacet
  facet normal 0 0 1
    outer loop
      vertex 54.3597 4 5.99037
      vertex 69 19 5.99037
      vertex 61 19 5.99037
    endloop
  endfacet
  facet normal 0 0 1
    outer loop
      vertex 75.6403 4 5.99037
      vertex 54.3597 4 5.99037
      vertex 75.6403 1.80397 5.99037
    endloop
  endfacet
  facet normal 0 0 1
    outer loop
      vertex 75.6403 1.80397 5.99037
      vertex 54.3597 4 5.99037
      vertex 54.3597 1.80397 5.99037
    endloop
  endfacet
  facet normal -0 0 1
    outer loop
      vertex 125 15.5 5.99037
      vertex 128.196 7.5 5.99037
      vertex 128.196 15.5 5.99037
    endloop
  endfacet
  facet normal 0 0 1
    outer loop
      vertex 128.196 7.5 5.99037
      vertex 125 15.5 5.99037
      vertex 125 7.5 5.99037
    endloop
  endfacet
  facet normal -0 0 1
    outer loop
      vertex 1.80397 15.5 5.99037
      vertex 5 7.5 5.99037
      vertex 5 15.5 5.99037
    endloop
  endfacet
  facet normal 0 0 1
    outer loop
      vertex 5 7.5 5.99037
      vertex 1.80397 15.5 5.99037
      vertex 1.80397 7.5 5.99037
    endloop
  endfacet
  facet normal -0 0 1
    outer loop
      vertex 5 19 5.99037
      vertex 54.3597 4 5.99037
      vertex 61 19 5.99037
    endloop
  endfacet
  facet normal -0 0 1
    outer loop
      vertex 5 15.5 5.99037
      vertex 54.3597 4 5.99037
      vertex 5 19 5.99037
    endloop
  endfacet
  facet normal -0 0 1
    outer loop
      vertex 5 7.5 5.99037
      vertex 54.3597 4 5.99037
      vertex 5 15.5 5.99037
    endloop
  endfacet
  facet normal 0 0 1
    outer loop
      vertex 54.3597 4 5.99037
      vertex 5 7.5 5.99037
      vertex 5 4 5.99037
    endloop
  endfacet
  facet normal 0.705017 -0.0712052 0.705607
    outer loop
      vertex 129.269 2 5.54602
      vertex 129.244 1.75247 5.54602
      vertex 129.516 1.69839 5.26879
    endloop
  endfacet
  facet normal 0.382273 0.0374166 0.923292
    outer loop
      vertex 128.842 21.1396 5.8
      vertex 128.943 21 5.76384
      vertex 128.925 21.1839 5.76384
    endloop
  endfacet
  facet normal 0.379835 0.0353715 0.924378
    outer loop
      vertex 128.943 21 5.76384
      vertex 128.842 21.1396 5.8
      vertex 128.855 21 5.8
    endloop
  endfacet
  facet normal 0 -0.195091 0.980785
    outer loop
      vertex 75.6403 1.80397 5.99037
      vertex 54.5028 1.41943 5.91388
      vertex 75.4972 1.41943 5.91388
    endloop
  endfacet
  facet normal 0 -0.195091 0.980785
    outer loop
      vertex 54.5028 1.41943 5.91388
      vertex 75.6403 1.80397 5.99037
      vertex 54.3597 1.80397 5.99037
    endloop
  endfacet
  facet normal -0.0378099 0.382352 -0.923243
    outer loop
      vertex 1.88674 21.5694 0.0861197
      vertex 1.81607 21.9247 0.236158
      vertex 2 21.5806 0.0861197
    endloop
  endfacet
  facet normal -0.449702 0.547935 -0.705362
    outer loop
      vertex 1.10283 21.8972 0.453979
      vertex 0.906798 22.0932 0.731214
      vertex 1.2951 22.055 0.453979
    endloop
  endfacet
  facet normal 0.0567972 0.187603 -0.980601
    outer loop
      vertex 128.222 21.5364 0.0861197
      vertex 128.038 21.1923 0.00963116
      vertex 128.113 21.5694 0.0861197
    endloop
  endfacet
  facet normal 0.152556 -0.123236 -0.980581
    outer loop
      vertex 128.411 1.58948 0.0861197
      vertex 128.139 1.86138 0.00963116
      vertex 128.163 1.89109 0.00963116
    endloop
  endfacet
  facet normal 0.243609 0.297236 -0.923204
    outer loop
      vertex 128.667 21.6667 0.236158
      vertex 128.411 21.4105 0.0861197
      vertex 128.524 21.7839 0.236158
    endloop
  endfacet
  facet normal 0.243809 0.297164 -0.923174
    outer loop
      vertex 128.411 21.4105 0.0861197
      vertex 128.323 21.4827 0.0861197
      vertex 128.524 21.7839 0.236158
    endloop
  endfacet
  facet normal -0.181116 0.338943 -0.923209
    outer loop
      vertex 1.77783 21.5364 0.0861197
      vertex 1.47621 21.7839 0.236158
      vertex 1.63921 21.871 0.236158
    endloop
  endfacet
  facet normal 0.0189891 0.195023 -0.980615
    outer loop
      vertex 128.038 21.1923 0.00963116
      vertex 128 21.196 0.00963116
      vertex 128 21.5806 0.0861197
    endloop
  endfacet
  facet normal -0.392369 0.734401 -0.553807
    outer loop
      vertex 1.40836 22.4283 0.731214
      vertex 1.14108 22.2855 0.731214
      vertex 1.32501 22.6296 1.05721
    endloop
  endfacet
  facet normal -0.241754 0.796773 -0.553812
    outer loop
      vertex 1.40836 22.4283 0.731214
      vertex 1.32501 22.6296 1.05721
      vertex 1.69839 22.5163 0.731214
    endloop
  endfacet
  facet normal -0.938714 0.284781 0.194204
    outer loop
      vertex 0.161139 21.7617 4.19603
      vertex 0.122894 21.3734 4.58057
      vertex 0.231805 21.7324 4.58057
    endloop
  endfacet
  facet normal -0.920074 0.0906135 0.38112
    outer loop
      vertex 0.122894 21.3734 4.58057
      vertex 0.0861197 21 4.58057
      vertex 0.27005 21.3441 4.94279
    endloop
  endfacet
  facet normal -0.353503 0.430929 0.830263
    outer loop
      vertex 1.47621 21.7839 5.76384
      vertex 1.2951 22.055 5.54602
      vertex 1.33334 21.6667 5.76384
    endloop
  endfacet
  facet normal -0.734371 0.392508 0.553747
    outer loop
      vertex 0.714531 21.8589 5.26879
      vertex 0.370422 21.675 4.94279
      vertex 0.571664 21.5916 5.26879
    endloop
  endfacet
  facet normal -0.0962177 0.976244 0.194138
    outer loop
      vertex 2 22.9139 4.58057
      vertex 1.6117 22.9521 4.19603
      vertex 1.62662 22.8771 4.58057
    endloop
  endfacet
  facet normal -0.0962177 0.976244 -0.194138
    outer loop
      vertex 1.62662 22.8771 1.41943
      vertex 1.6117 22.9521 1.80397
      vertex 2 22.9139 1.41943
    endloop
  endfacet
  facet normal -0.111634 0.367665 0.923234
    outer loop
      vertex 1.63921 21.871 5.76384
      vertex 1.80685 21.8311 5.8
      vertex 1.81607 21.9247 5.76384
    endloop
  endfacet
  facet normal -0.111551 0.367927 0.923139
    outer loop
      vertex 1.80685 21.8311 5.8
      vertex 1.63921 21.871 5.76384
      vertex 1.67261 21.7904 5.8
    endloop
  endfacet
  facet normal -0.758268 0.622345 -0.194207
    outer loop
      vertex 0.646683 22.3533 1.41943
      vertex 0.408667 22.0633 1.41943
      vertex 0.592597 22.4074 1.80397
    endloop
  endfacet
  facet normal 0 0.923822 0.382822
    outer loop
      vertex 128 22.9139 4.58057
      vertex 2 22.7638 4.94279
      vertex 128 22.7638 4.94279
    endloop
  endfacet
  facet normal 0 0.923822 0.382822
    outer loop
      vertex 2 22.7638 4.94279
      vertex 128 22.9139 4.58057
      vertex 2 22.9139 4.58057
    endloop
  endfacet
  facet normal -0.865133 -0.462426 0.194182
    outer loop
      vertex 0.231805 1.26759 4.58057
      vertex 0.161139 1.23832 4.19603
      vertex 0.408667 0.936706 4.58057
    endloop
  endfacet
  facet normal -0.796854 -0.241724 0.553709
    outer loop
      vertex 0.483685 1.69839 5.26879
      vertex 0.27005 1.65589 4.94279
      vertex 0.370422 1.32501 4.94279
    endloop
  endfacet
  facet normal -0.884718 -0.268378 0.381114
    outer loop
      vertex 0.27005 1.65589 4.94279
      vertex 0.122894 1.62662 4.58057
      vertex 0.370422 1.32501 4.94279
    endloop
  endfacet
  facet normal -0.865134 -0.462424 0.194184
    outer loop
      vertex 0.408667 0.936706 4.58057
      vertex 0.161139 1.23832 4.19603
      vertex 0.345069 0.894211 4.19603
    endloop
  endfacet
  facet normal -0.262661 0.491614 -0.830256
    outer loop
      vertex 1.47621 21.7839 0.236158
      vertex 1.2951 22.055 0.453979
      vertex 1.51446 22.1722 0.453979
    endloop
  endfacet
  facet normal -0.262696 0.491612 -0.830246
    outer loop
      vertex 1.63921 21.871 0.236158
      vertex 1.47621 21.7839 0.236158
      vertex 1.51446 22.1722 0.453979
    endloop
  endfacet
  facet normal 0.297427 -0.243432 -0.923189
    outer loop
      vertex 128.784 1.47621 0.236158
      vertex 128.411 1.58948 0.0861197
      vertex 128.483 1.67745 0.0861197
    endloop
  endfacet
  facet normal -0.714671 -0.586516 -0.38111
    outer loop
      vertex 0.646683 0.646683 1.41943
      vertex 0.408667 0.936706 1.41943
      vertex 0.752775 0.752775 1.05721
    endloop
  endfacet
  facet normal -0.161813 -0.533424 -0.830226
    outer loop
      vertex 1.81607 1.07532 0.236158
      vertex 1.51446 0.827794 0.453979
      vertex 1.63921 1.12897 0.236158
    endloop
  endfacet
  facet normal -0.0694741 -0.705399 -0.705397
    outer loop
      vertex 2 0.731214 0.453979
      vertex 1.69839 0.483685 0.731214
      vertex 1.75247 0.755593 0.453979
    endloop
  endfacet
  facet normal -0.0694757 -0.705398 -0.705398
    outer loop
      vertex 2 0.453979 0.731214
      vertex 1.69839 0.483685 0.731214
      vertex 2 0.731214 0.453979
    endloop
  endfacet
  facet normal 0 -0.980786 -0.195087
    outer loop
      vertex 2 0.0861197 1.41943
      vertex 128 0.00963116 1.80397
      vertex 2 0.00963116 1.80397
    endloop
  endfacet
  facet normal 0 -0.980786 -0.195087
    outer loop
      vertex 128 0.00963116 1.80397
      vertex 2 0.0861197 1.41943
      vertex 128 0.0861197 1.41943
    endloop
  endfacet
  facet normal -0.241721 -0.796853 -0.553711
    outer loop
      vertex 1.69839 0.483685 0.731214
      vertex 1.32501 0.370422 1.05721
      vertex 1.40836 0.571664 0.731214
    endloop
  endfacet
  facet normal 0.0693858 -0.705396 0.705409
    outer loop
      vertex 128 0.731214 5.54602
      vertex 128 0.453979 5.26879
      vertex 128.302 0.483685 5.26879
    endloop
  endfacet
  facet normal -0.08162 -0.828702 0.553707
    outer loop
      vertex 2 0.453979 5.26879
      vertex 1.69839 0.483685 5.26879
      vertex 2 0.236158 4.94279
    endloop
  endfacet
  facet normal -0.758296 -0.622318 0.194185
    outer loop
      vertex 0.646683 0.646683 4.58057
      vertex 0.408667 0.936706 4.58057
      vertex 0.592597 0.592597 4.19603
    endloop
  endfacet
  facet normal -0.758297 -0.622317 0.194184
    outer loop
      vertex 0.408667 0.936706 4.58057
      vertex 0.345069 0.894211 4.19603
      vertex 0.592597 0.592597 4.19603
    endloop
  endfacet
  facet normal -0.758296 -0.622318 -0.194185
    outer loop
      vertex 0.592597 0.592597 1.80397
      vertex 0.408667 0.936706 1.41943
      vertex 0.646683 0.646683 1.41943
    endloop
  endfacet
  facet normal -0.528263 -0.643688 -0.553718
    outer loop
      vertex 1.02006 0.533419 1.05721
      vertex 0.752775 0.752775 1.05721
      vertex 1.14108 0.714531 0.731214
    endloop
  endfacet
  facet normal -0.533453 0.161785 -0.830213
    outer loop
      vertex 1.07532 21.1839 0.236158
      vertex 0.827794 21.4855 0.453979
      vertex 1.12897 21.3608 0.236158
    endloop
  endfacet
  facet normal -0.367717 -0.111546 -0.923224
    outer loop
      vertex 1.12897 1.63921 0.236158
      vertex 1.07532 1.81607 0.236158
      vertex 1.46362 1.77783 0.0861197
    endloop
  endfacet
  facet normal 0.0919976 0.173031 -0.98061
    outer loop
      vertex 128.323 21.4827 0.0861197
      vertex 128.109 21.163 0.00963116
      vertex 128.222 21.5364 0.0861197
    endloop
  endfacet
  facet normal -0.0568405 0.187591 -0.980601
    outer loop
      vertex 1.96176 21.1923 0.00963116
      vertex 1.77783 21.5364 0.0861197
      vertex 1.88674 21.5694 0.0861197
    endloop
  endfacet
  facet normal -0.11152 -0.367716 -0.923227
    outer loop
      vertex 1.81607 1.07532 0.236158
      vertex 1.77783 1.46362 0.0861197
      vertex 1.88674 1.43059 0.0861197
    endloop
  endfacet
  facet normal -0.0568838 -0.187563 -0.980604
    outer loop
      vertex 1.88674 1.43059 0.0861197
      vertex 1.77783 1.46362 0.0861197
      vertex 1.96176 1.80773 0.00963116
    endloop
  endfacet
  facet normal -0.920076 0.0906226 -0.381113
    outer loop
      vertex 0.236158 21 1.05721
      vertex 0.0861197 21 1.41943
      vertex 0.27005 21.3441 1.05721
    endloop
  endfacet
  facet normal -0.758297 -0.622317 -0.194184
    outer loop
      vertex 0.592597 0.592597 1.80397
      vertex 0.345069 0.894211 1.80397
      vertex 0.408667 0.936706 1.41943
    endloop
  endfacet
  facet normal -0.0980172 -0.995185 0
    outer loop
      vertex 1.6117 0.0478754 1.80397
      vertex 2 0.00963116 4.19603
      vertex 1.6117 0.0478754 4.19603
    endloop
  endfacet
  facet normal -0.0980172 -0.995185 -0
    outer loop
      vertex 2 0.00963116 4.19603
      vertex 1.6117 0.0478754 1.80397
      vertex 2 0.00963116 1.80397
    endloop
  endfacet
  facet normal -0.435822 -0.815362 -0.38111
    outer loop
      vertex 1.26759 0.231805 1.41943
      vertex 0.936706 0.408667 1.41943
      vertex 1.02006 0.533419 1.05721
    endloop
  endfacet
  facet normal -0.976242 0.0961515 -0.194183
    outer loop
      vertex 0.0861197 21 1.41943
      vertex 0.00963116 21 1.80397
      vertex 0.0478754 21.3883 1.80397
    endloop
  endfacet
  facet normal -0.382687 0 -0.923878
    outer loop
      vertex 1.05721 2 0.236158
      vertex 1.41943 21 0.0861197
      vertex 1.41943 2 0.0861197
    endloop
  endfacet
  facet normal -0.382687 0 -0.923878
    outer loop
      vertex 1.41943 21 0.0861197
      vertex 1.05721 2 0.236158
      vertex 1.05721 21 0.236158
    endloop
  endfacet
  facet normal -0.828698 -0.0816197 -0.553712
    outer loop
      vertex 0.483685 1.69839 0.731214
      vertex 0.236158 2 1.05721
      vertex 0.453979 2 0.731214
    endloop
  endfacet
  facet normal -0.243798 -0.297042 0.923216
    outer loop
      vertex 1.50351 1.30608 5.8
      vertex 1.47621 1.2161 5.76384
      vertex 1.52471 1.28868 5.8
    endloop
  endfacet
  facet normal -0.181163 -0.338904 0.923214
    outer loop
      vertex 1.5489 1.27575 5.8
      vertex 1.63921 1.12897 5.76384
      vertex 1.67261 1.20962 5.8
    endloop
  endfacet
  facet normal -0.181155 -0.338899 0.923217
    outer loop
      vertex 1.63921 1.12897 5.76384
      vertex 1.5489 1.27575 5.8
      vertex 1.47621 1.2161 5.76384
    endloop
  endfacet
  facet normal -0.181151 -0.338905 0.923216
    outer loop
      vertex 1.52471 1.28868 5.8
      vertex 1.47621 1.2161 5.76384
      vertex 1.5489 1.27575 5.8
    endloop
  endfacet
  facet normal -0.367727 -0.111509 0.923224
    outer loop
      vertex 1.16094 1.8331 5.8
      vertex 1.07532 1.81607 5.76384
      vertex 1.1689 1.80685 5.8
    endloop
  endfacet
  facet normal -0.4916 -0.26278 0.830227
    outer loop
      vertex 1.12897 1.63921 5.76384
      vertex 0.827794 1.51446 5.54602
      vertex 1.2161 1.47621 5.76384
    endloop
  endfacet
  facet normal -0.334127 -0.625114 0.705402
    outer loop
      vertex 1.2951 0.945043 5.54602
      vertex 1.14108 0.714531 5.26879
      vertex 1.51446 0.827794 5.54602
    endloop
  endfacet
  facet normal -0.678284 -0.205754 0.705405
    outer loop
      vertex 0.827794 1.51446 5.54602
      vertex 0.483685 1.69839 5.26879
      vertex 0.571664 1.40836 5.26879
    endloop
  endfacet
  facet normal -0.491601 -0.262763 0.830231
    outer loop
      vertex 1.2161 1.47621 5.76384
      vertex 0.827794 1.51446 5.54602
      vertex 0.945043 1.2951 5.54602
    endloop
  endfacet
  facet normal -0.297041 -0.243763 0.923226
    outer loop
      vertex 1.30608 1.50351 5.8
      vertex 1.33334 1.33334 5.76384
      vertex 1.39507 1.39507 5.8
    endloop
  endfacet
  facet normal -0.297054 -0.243764 0.923221
    outer loop
      vertex 1.33334 1.33334 5.76384
      vertex 1.30608 1.50351 5.8
      vertex 1.2161 1.47621 5.76384
    endloop
  endfacet
  facet normal -0.55474 -0.0546358 0.830228
    outer loop
      vertex 1.07532 1.81607 5.76384
      vertex 0.731214 2 5.54602
      vertex 0.755593 1.75247 5.54602
    endloop
  endfacet
  facet normal -0.705393 -0.0694735 0.705404
    outer loop
      vertex 0.731214 2 5.54602
      vertex 0.483685 1.69839 5.26879
      vertex 0.755593 1.75247 5.54602
    endloop
  endfacet
  facet normal -0.290285 -0.95694 0
    outer loop
      vertex 1.23832 0.161139 1.80397
      vertex 1.6117 0.0478754 4.19603
      vertex 1.23832 0.161139 4.19603
    endloop
  endfacet
  facet normal -0.290285 -0.95694 -0
    outer loop
      vertex 1.6117 0.0478754 4.19603
      vertex 1.23832 0.161139 1.80397
      vertex 1.6117 0.0478754 1.80397
    endloop
  endfacet
  facet normal -0.268377 -0.884718 0.381114
    outer loop
      vertex 1.32501 0.370422 4.94279
      vertex 1.26759 0.231805 4.58057
      vertex 1.62662 0.122894 4.58057
    endloop
  endfacet
  facet normal -0.462426 -0.865133 0.194182
    outer loop
      vertex 1.26759 0.231805 4.58057
      vertex 0.936706 0.408667 4.58057
      vertex 1.23832 0.161139 4.19603
    endloop
  endfacet
  facet normal -0.0981587 0.995171 0
    outer loop
      vertex 2 22.9904 1.80397
      vertex 1.6117 22.9521 4.19603
      vertex 2 22.9904 4.19603
    endloop
  endfacet
  facet normal -0.0981587 0.995171 0
    outer loop
      vertex 1.6117 22.9521 4.19603
      vertex 2 22.9904 1.80397
      vertex 1.6117 22.9521 1.80397
    endloop
  endfacet
  facet normal -0.0962898 0.976223 -0.194209
    outer loop
      vertex 2 22.9139 1.41943
      vertex 1.6117 22.9521 1.80397
      vertex 2 22.9904 1.80397
    endloop
  endfacet
  facet normal -0.33403 0.625195 -0.705376
    outer loop
      vertex 1.2951 22.055 0.453979
      vertex 1.14108 22.2855 0.731214
      vertex 1.51446 22.1722 0.453979
    endloop
  endfacet
  facet normal -0.334027 0.6252 -0.705373
    outer loop
      vertex 1.51446 22.1722 0.453979
      vertex 1.14108 22.2855 0.731214
      vertex 1.40836 22.4283 0.731214
    endloop
  endfacet
  facet normal -0.554741 0.0546425 -0.830227
    outer loop
      vertex 1.07532 21.1839 0.236158
      vertex 0.731214 21 0.453979
      vertex 0.755593 21.2475 0.453979
    endloop
  endfacet
  facet normal -0.533421 0.161821 -0.830227
    outer loop
      vertex 1.07532 21.1839 0.236158
      vertex 0.755593 21.2475 0.453979
      vertex 0.827794 21.4855 0.453979
    endloop
  endfacet
  facet normal -0.714666 0.586481 -0.381173
    outer loop
      vertex 0.533419 21.9799 1.05721
      vertex 0.408667 22.0633 1.41943
      vertex 0.752775 22.2472 1.05721
    endloop
  endfacet
  facet normal -0.462496 0.86508 0.194254
    outer loop
      vertex 1.23832 22.8389 4.19603
      vertex 0.936706 22.5913 4.58057
      vertex 1.26759 22.7682 4.58057
    endloop
  endfacet
  facet normal -0.758281 0.622334 -0.194191
    outer loop
      vertex 0.408667 22.0633 1.41943
      vertex 0.345069 22.1058 1.80397
      vertex 0.592597 22.4074 1.80397
    endloop
  endfacet
  facet normal -0.884715 0.268361 0.381133
    outer loop
      vertex 0.370422 21.675 4.94279
      vertex 0.122894 21.3734 4.58057
      vertex 0.27005 21.3441 4.94279
    endloop
  endfacet
  facet normal -0.815341 0.435875 0.381093
    outer loop
      vertex 0.533419 21.9799 4.94279
      vertex 0.231805 21.7324 4.58057
      vertex 0.370422 21.675 4.94279
    endloop
  endfacet
  facet normal 0.450035 -0.547616 0.705397
    outer loop
      vertex 128.897 1.10283 5.54602
      vertex 128.705 0.945043 5.54602
      vertex 129.093 0.906798 5.26879
    endloop
  endfacet
  facet normal 0.547634 -0.450024 0.70539
    outer loop
      vertex 129.055 1.2951 5.54602
      vertex 128.897 1.10283 5.54602
      vertex 129.093 0.906798 5.26879
    endloop
  endfacet
  facet normal 0.0906487 -0.920074 0.381112
    outer loop
      vertex 128 0.236158 4.94279
      vertex 128 0.0861197 4.58057
      vertex 128.344 0.27005 4.94279
    endloop
  endfacet
  facet normal 0.205784 -0.678313 0.705369
    outer loop
      vertex 128.486 0.827794 5.54602
      vertex 128.302 0.483685 5.26879
      vertex 128.592 0.571664 5.26879
    endloop
  endfacet
  facet normal 0.262714 -0.491477 0.83032
    outer loop
      vertex 128.524 1.2161 5.76384
      vertex 128.361 1.12897 5.76384
      vertex 128.486 0.827794 5.54602
    endloop
  endfacet
  facet normal 0.180896 -0.338414 0.923446
    outer loop
      vertex 128.451 1.27575 5.8
      vertex 128.361 1.12897 5.76384
      vertex 128.524 1.2161 5.76384
    endloop
  endfacet
  facet normal 0.180319 -0.338115 0.923668
    outer loop
      vertex 128.361 1.12897 5.76384
      vertex 128.451 1.27575 5.8
      vertex 128.327 1.20962 5.8
    endloop
  endfacet
  facet normal 0.24451 -0.295098 0.923651
    outer loop
      vertex 128.496 1.30608 5.8
      vertex 128.475 1.28868 5.8
      vertex 128.524 1.2161 5.76384
    endloop
  endfacet
  facet normal 0.0907122 -0.92009 0.381059
    outer loop
      vertex 128.344 0.27005 4.94279
      vertex 128 0.0861197 4.58057
      vertex 128.373 0.122894 4.58057
    endloop
  endfacet
  facet normal 0.0962469 -0.976228 0.194203
    outer loop
      vertex 128.373 0.122894 4.58057
      vertex 128 0.0861197 4.58057
      vertex 128.388 0.0478754 4.19603
    endloop
  endfacet
  facet normal 0.622364 -0.758292 0.194052
    outer loop
      vertex 129.353 0.646683 4.58057
      vertex 129.063 0.408667 4.58057
      vertex 129.407 0.592597 4.19603
    endloop
  endfacet
  facet normal 0.586577 -0.714688 0.380983
    outer loop
      vertex 129.247 0.752775 4.94279
      vertex 129.063 0.408667 4.58057
      vertex 129.353 0.646683 4.58057
    endloop
  endfacet
  facet normal 0.0693453 -0.705428 -0.705381
    outer loop
      vertex 128.302 0.483685 0.731214
      vertex 128 0.731214 0.453979
      vertex 128.248 0.755593 0.453979
    endloop
  endfacet
  facet normal 0.284752 -0.93862 -0.194703
    outer loop
      vertex 128.762 0.161139 1.80397
      vertex 128.373 0.122894 1.41943
      vertex 128.732 0.231805 1.41943
    endloop
  endfacet
  facet normal 0.705023 -0.0712058 -0.7056
    outer loop
      vertex 129.516 1.69839 0.731214
      vertex 129.244 1.75247 0.453979
      vertex 129.269 2 0.453979
    endloop
  endfacet
  facet normal 0.864908 -0.462479 -0.195057
    outer loop
      vertex 129.655 0.894211 1.80397
      vertex 129.591 0.936706 1.41943
      vertex 129.839 1.23832 1.80397
    endloop
  endfacet
  facet normal 0.625133 0.334433 -0.70524
    outer loop
      vertex 129.428 21.5916 0.731214
      vertex 129.172 21.4855 0.453979
      vertex 129.285 21.8589 0.731214
    endloop
  endfacet
  facet normal 0.705662 -0.0701895 -0.705064
    outer loop
      vertex 129.516 1.69839 0.731214
      vertex 129.269 2 0.453979
      vertex 129.546 2 0.731214
    endloop
  endfacet
  facet normal 0.635165 -0.772376 0
    outer loop
      vertex 129.106 0.345069 1.80397
      vertex 129.407 0.592597 4.19603
      vertex 129.106 0.345069 4.19603
    endloop
  endfacet
  facet normal 0.635165 -0.772376 0
    outer loop
      vertex 129.407 0.592597 4.19603
      vertex 129.106 0.345069 1.80397
      vertex 129.407 0.592597 1.80397
    endloop
  endfacet
  facet normal 0.435843 -0.815549 -0.380686
    outer loop
      vertex 128.732 0.231805 1.41943
      vertex 128.675 0.370422 1.05721
      vertex 128.98 0.533419 1.05721
    endloop
  endfacet
  facet normal 0.205778 -0.678318 -0.705366
    outer loop
      vertex 128.302 0.483685 0.731214
      vertex 128.248 0.755593 0.453979
      vertex 128.486 0.827794 0.453979
    endloop
  endfacet
  facet normal 0.548604 -0.449595 -0.70491
    outer loop
      vertex 129.093 0.906798 0.731214
      vertex 129.055 1.2951 0.453979
      vertex 129.285 1.14108 0.731214
    endloop
  endfacet
  facet normal 0.864908 -0.462479 0.195057
    outer loop
      vertex 129.839 1.23832 4.19603
      vertex 129.591 0.936706 4.58057
      vertex 129.655 0.894211 4.19603
    endloop
  endfacet
  facet normal 0.864858 -0.462639 -0.194899
    outer loop
      vertex 129.839 1.23832 1.80397
      vertex 129.591 0.936706 1.41943
      vertex 129.768 1.26759 1.41943
    endloop
  endfacet
  facet normal 0.920153 -0.0911823 -0.380794
    outer loop
      vertex 129.877 1.62662 1.41943
      vertex 129.73 1.65589 1.05721
      vertex 129.914 2 1.41943
    endloop
  endfacet
  facet normal 0.981024 0 -0.193888
    outer loop
      vertex 129.99 2 1.80397
      vertex 129.914 21 1.41943
      vertex 129.99 21 1.80397
    endloop
  endfacet
  facet normal 0.981024 0 -0.193888
    outer loop
      vertex 129.914 21 1.41943
      vertex 129.99 2 1.80397
      vertex 129.914 2 1.41943
    endloop
  endfacet
  facet normal 0.938916 -0.284154 -0.194149
    outer loop
      vertex 129.952 1.6117 1.80397
      vertex 129.839 1.23832 1.80397
      vertex 129.877 1.62662 1.41943
    endloop
  endfacet
  facet normal 0.758341 -0.622314 0.194021
    outer loop
      vertex 129.591 0.936706 4.58057
      vertex 129.353 0.646683 4.58057
      vertex 129.407 0.592597 4.19603
    endloop
  endfacet
  facet normal 0.757601 -0.622932 0.194929
    outer loop
      vertex 129.591 0.936706 4.58057
      vertex 129.407 0.592597 4.19603
      vertex 129.655 0.894211 4.19603
    endloop
  endfacet
  facet normal 0.864858 -0.462639 0.194899
    outer loop
      vertex 129.768 1.26759 4.58057
      vertex 129.591 0.936706 4.58057
      vertex 129.839 1.23832 4.19603
    endloop
  endfacet
  facet normal 0.714244 -0.587888 0.379794
    outer loop
      vertex 129.467 1.02006 4.94279
      vertex 129.247 0.752775 4.94279
      vertex 129.591 0.936706 4.58057
    endloop
  endfacet
  facet normal 0.625117 -0.33445 0.705246
    outer loop
      vertex 129.428 1.40836 5.26879
      vertex 129.172 1.51446 5.54602
      vertex 129.285 1.14108 5.26879
    endloop
  endfacet
  facet normal 0.625946 -0.333861 0.70479
    outer loop
      vertex 129.172 1.51446 5.54602
      vertex 129.055 1.2951 5.54602
      vertex 129.285 1.14108 5.26879
    endloop
  endfacet
  facet normal 0.244473 0.295054 0.923675
    outer loop
      vertex 128.524 21.7839 5.76384
      vertex 128.475 21.7113 5.8
      vertex 128.496 21.6939 5.8
    endloop
  endfacet
  facet normal 0.242437 0.295806 0.923971
    outer loop
      vertex 128.496 21.6939 5.8
      vertex 128.667 21.6667 5.76384
      vertex 128.524 21.7839 5.76384
    endloop
  endfacet
  facet normal 0.242544 0.297049 0.923544
    outer loop
      vertex 128.667 21.6667 5.76384
      vertex 128.496 21.6939 5.8
      vertex 128.605 21.6049 5.8
    endloop
  endfacet
  facet normal 0.380216 -0.041782 0.923953
    outer loop
      vertex 128.842 1.8604 5.8
      vertex 128.839 1.8331 5.8
      vertex 128.925 1.81607 5.76384
    endloop
  endfacet
  facet normal 0.491943 0.262339 0.830163
    outer loop
      vertex 129.055 21.7049 5.54602
      vertex 128.784 21.5238 5.76384
      vertex 129.172 21.4855 5.54602
    endloop
  endfacet
  facet normal 0.533254 -0.162817 0.830139
    outer loop
      vertex 128.925 1.81607 5.76384
      vertex 128.871 1.63921 5.76384
      vertex 129.172 1.51446 5.54602
    endloop
  endfacet
  facet normal 0.534306 0.161639 0.829693
    outer loop
      vertex 129.172 21.4855 5.54602
      vertex 128.925 21.1839 5.76384
      vertex 129.244 21.2475 5.54602
    endloop
  endfacet
  facet normal 0.555363 -0.0560905 0.829714
    outer loop
      vertex 129.269 2 5.54602
      vertex 128.925 1.81607 5.76384
      vertex 129.244 1.75247 5.54602
    endloop
  endfacet
  facet normal 0.534307 -0.161632 0.829693
    outer loop
      vertex 129.244 1.75247 5.54602
      vertex 128.925 1.81607 5.76384
      vertex 129.172 1.51446 5.54602
    endloop
  endfacet
  facet normal 0.268409 0.884838 0.380812
    outer loop
      vertex 128.732 22.7682 4.58057
      vertex 128.373 22.8771 4.58057
      vertex 128.675 22.6296 4.94279
    endloop
  endfacet
  facet normal 0.268121 0.884826 -0.381044
    outer loop
      vertex 128.675 22.6296 1.05721
      vertex 128.344 22.7299 1.05721
      vertex 128.373 22.8771 1.41943
    endloop
  endfacet
  facet normal 0.462619 0.864896 0.194778
    outer loop
      vertex 129.106 22.6549 4.19603
      vertex 128.762 22.8389 4.19603
      vertex 129.063 22.5913 4.58057
    endloop
  endfacet
  facet normal 0.772403 0.635133 0
    outer loop
      vertex 129.655 22.1058 4.19603
      vertex 129.407 22.4074 1.80397
      vertex 129.407 22.4074 4.19603
    endloop
  endfacet
  facet normal 0.772403 0.635133 0
    outer loop
      vertex 129.407 22.4074 1.80397
      vertex 129.655 22.1058 4.19603
      vertex 129.655 22.1058 1.80397
    endloop
  endfacet
  facet normal 0 0.98078 0.195115
    outer loop
      vertex 128 22.9904 4.19603
      vertex 2 22.9139 4.58057
      vertex 128 22.9139 4.58057
    endloop
  endfacet
  facet normal 0 0.98078 0.195115
    outer loop
      vertex 2 22.9139 4.58057
      vertex 128 22.9904 4.19603
      vertex 2 22.9904 4.19603
    endloop
  endfacet
  facet normal 0.0906645 0.920017 0.381245
    outer loop
      vertex 128 22.9139 4.58057
      vertex 128 22.7638 4.94279
      vertex 128.344 22.7299 4.94279
    endloop
  endfacet
  facet normal 0.392499 0.734431 0.553674
    outer loop
      vertex 128.98 22.4666 4.94279
      vertex 128.675 22.6296 4.94279
      vertex 128.859 22.2855 5.26879
    endloop
  endfacet
  facet normal 0.241543 0.797117 -0.553409
    outer loop
      vertex 128.675 22.6296 1.05721
      vertex 128.302 22.5163 0.731214
      vertex 128.344 22.7299 1.05721
    endloop
  endfacet
  facet normal 0.0816745 0.828791 -0.553565
    outer loop
      vertex 128.302 22.5163 0.731214
      vertex 128 22.7638 1.05721
      vertex 128.344 22.7299 1.05721
    endloop
  endfacet
  facet normal 0.864861 0.462618 -0.194934
    outer loop
      vertex 129.768 21.7324 1.41943
      vertex 129.591 22.0633 1.41943
      vertex 129.839 21.7617 1.80397
    endloop
  endfacet
  facet normal 0.976192 0.0967304 -0.194143
    outer loop
      vertex 129.914 21 1.41943
      vertex 129.877 21.3734 1.41943
      vertex 129.952 21.3883 1.80397
    endloop
  endfacet
  facet normal 0.815734 0.43634 0.379719
    outer loop
      vertex 129.591 22.0633 4.58057
      vertex 129.467 21.9799 4.94279
      vertex 129.768 21.7324 4.58057
    endloop
  endfacet
  facet normal 0.733534 0.392426 0.554915
    outer loop
      vertex 129.63 21.675 4.94279
      vertex 129.285 21.8589 5.26879
      vertex 129.428 21.5916 5.26879
    endloop
  endfacet
  facet normal 0.205777 0.678322 0.705362
    outer loop
      vertex 128.302 22.5163 5.26879
      vertex 128.248 22.2444 5.54602
      vertex 128.486 22.1722 5.54602
    endloop
  endfacet
  facet normal 0.1618 0.533306 0.830304
    outer loop
      vertex 128.486 22.1722 5.54602
      vertex 128.184 21.9247 5.76384
      vertex 128.361 21.871 5.76384
    endloop
  endfacet
  facet normal 0.334332 0.625116 0.705303
    outer loop
      vertex 128.592 22.4283 5.26879
      vertex 128.486 22.1722 5.54602
      vertex 128.859 22.2855 5.26879
    endloop
  endfacet
  facet normal 0.263012 0.491465 0.830233
    outer loop
      vertex 128.705 22.055 5.54602
      vertex 128.486 22.1722 5.54602
      vertex 128.524 21.7839 5.76384
    endloop
  endfacet
  facet normal 0.0693762 0.705441 0.705365
    outer loop
      vertex 128 22.546 5.26879
      vertex 128 22.2688 5.54602
      vertex 128.302 22.5163 5.26879
    endloop
  endfacet
  facet normal 0.0815014 0.828734 0.553676
    outer loop
      vertex 128 22.7638 4.94279
      vertex 128 22.546 5.26879
      vertex 128.302 22.5163 5.26879
    endloop
  endfacet
  facet normal 0.622935 0.75759 -0.194958
    outer loop
      vertex 129.407 22.4074 1.80397
      vertex 129.063 22.5913 1.41943
      vertex 129.106 22.6549 1.80397
    endloop
  endfacet
  facet normal 0.957132 0.289652 0
    outer loop
      vertex 129.952 21.3883 4.19603
      vertex 129.839 21.7617 1.80397
      vertex 129.839 21.7617 4.19603
    endloop
  endfacet
  facet normal 0.957132 0.289652 0
    outer loop
      vertex 129.839 21.7617 1.80397
      vertex 129.952 21.3883 4.19603
      vertex 129.952 21.3883 1.80397
    endloop
  endfacet
  facet normal 0.625984 0.33382 0.704775
    outer loop
      vertex 129.285 21.8589 5.26879
      vertex 129.055 21.7049 5.54602
      vertex 129.172 21.4855 5.54602
    endloop
  endfacet
  facet normal 0.625127 0.33443 0.705247
    outer loop
      vertex 129.285 21.8589 5.26879
      vertex 129.172 21.4855 5.54602
      vertex 129.428 21.5916 5.26879
    endloop
  endfacet
  facet normal 0.9385 0.284948 0.194993
    outer loop
      vertex 129.839 21.7617 4.19603
      vertex 129.768 21.7324 4.58057
      vertex 129.877 21.3734 4.58057
    endloop
  endfacet
  facet normal 0.678302 0.2052 0.705549
    outer loop
      vertex 129.516 21.3016 5.26879
      vertex 129.172 21.4855 5.54602
      vertex 129.244 21.2475 5.54602
    endloop
  endfacet
  facet normal 0.705013 0.0712134 0.70561
    outer loop
      vertex 129.516 21.3016 5.26879
      vertex 129.244 21.2475 5.54602
      vertex 129.269 21 5.54602
    endloop
  endfacet
  facet normal 0.187975 0.0561882 -0.980565
    outer loop
      vertex 128.192 21.0382 0.00963116
      vertex 128.181 21.075 0.00963116
      vertex 128.536 21.2222 0.0861197
    endloop
  endfacet
  facet normal -0.195051 0.0191988 -0.980605
    outer loop
      vertex 1.80397 21 0.00963116
      vertex 1.41943 21 0.0861197
      vertex 1.80773 21.0382 0.00963116
    endloop
  endfacet
  facet normal 0.678427 -0.205846 -0.705241
    outer loop
      vertex 129.428 1.40836 0.731214
      vertex 129.172 1.51446 0.453979
      vertex 129.516 1.69839 0.731214
    endloop
  endfacet
  facet normal 0.338733 -0.180796 -0.923348
    outer loop
      vertex 128.784 1.47621 0.236158
      vertex 128.536 1.77783 0.0861197
      vertex 128.871 1.63921 0.236158
    endloop
  endfacet
  facet normal 0.194847 -0.0206442 -0.980616
    outer loop
      vertex 128.569 1.88674 0.0861197
      vertex 128.192 1.96176 0.00963116
      vertex 128.581 2 0.0861197
    endloop
  endfacet
  facet normal -0.0569077 -0.187551 -0.980605
    outer loop
      vertex 1.96176 1.80773 0.00963116
      vertex 1.77783 1.46362 0.0861197
      vertex 1.92498 1.81889 0.00963116
    endloop
  endfacet
  facet normal -0.0923728 -0.172861 -0.980605
    outer loop
      vertex 1.92498 1.81889 0.00963116
      vertex 1.77783 1.46362 0.0861197
      vertex 1.89109 1.837 0.00963116
    endloop
  endfacet
  facet normal 0.243844 -0.297165 -0.923164
    outer loop
      vertex 128.524 1.2161 0.236158
      vertex 128.323 1.51727 0.0861197
      vertex 128.411 1.58948 0.0861197
    endloop
  endfacet
  facet normal 0.205786 -0.678319 -0.705362
    outer loop
      vertex 128.592 0.571664 0.731214
      vertex 128.302 0.483685 0.731214
      vertex 128.486 0.827794 0.453979
    endloop
  endfacet
  facet normal 0.161782 -0.533289 -0.830319
    outer loop
      vertex 128.248 0.755593 0.453979
      vertex 128.184 1.07532 0.236158
      vertex 128.486 0.827794 0.453979
    endloop
  endfacet
  facet normal 0.205778 0.678328 -0.705356
    outer loop
      vertex 128.486 22.1722 0.453979
      vertex 128.248 22.2444 0.453979
      vertex 128.302 22.5163 0.731214
    endloop
  endfacet
  facet normal 0.0545689 0.554733 -0.830237
    outer loop
      vertex 128.184 21.9247 0.236158
      vertex 128 21.9428 0.236158
      vertex 128 22.2688 0.453979
    endloop
  endfacet
  facet normal 0.180467 0.339426 -0.923158
    outer loop
      vertex 128.323 21.4827 0.0861197
      vertex 128.222 21.5364 0.0861197
      vertex 128.524 21.7839 0.236158
    endloop
  endfacet
  facet normal 0.161788 0.533319 -0.830299
    outer loop
      vertex 128.486 22.1722 0.453979
      vertex 128.184 21.9247 0.236158
      vertex 128.248 22.2444 0.453979
    endloop
  endfacet
  facet normal 0.815769 0.436111 -0.379904
    outer loop
      vertex 129.63 21.675 1.05721
      vertex 129.467 21.9799 1.05721
      vertex 129.768 21.7324 1.41943
    endloop
  endfacet
  facet normal 0.642358 0.528689 -0.554855
    outer loop
      vertex 129.285 21.8589 0.731214
      vertex 129.247 22.2472 1.05721
      vertex 129.467 21.9799 1.05721
    endloop
  endfacet
  facet normal 0.450065 0.547661 -0.705343
    outer loop
      vertex 129.093 22.0932 0.731214
      vertex 128.705 22.055 0.453979
      vertex 128.859 22.2855 0.731214
    endloop
  endfacet
  facet normal 0.528707 0.643356 -0.553681
    outer loop
      vertex 129.093 22.0932 0.731214
      vertex 128.859 22.2855 0.731214
      vertex 129.247 22.2472 1.05721
    endloop
  endfacet
  facet normal 0.491931 0.262564 -0.830099
    outer loop
      vertex 128.871 21.3608 0.236158
      vertex 128.784 21.5238 0.236158
      vertex 129.172 21.4855 0.453979
    endloop
  endfacet
  facet normal 0.554741 0.0542977 -0.830249
    outer loop
      vertex 128.943 21 0.236158
      vertex 128.925 21.1839 0.236158
      vertex 129.269 21 0.453979
    endloop
  endfacet
  facet normal -0.243663 0.297032 0.923255
    outer loop
      vertex 1.33334 21.6667 5.76384
      vertex 1.50351 21.6939 5.8
      vertex 1.47621 21.7839 5.76384
    endloop
  endfacet
  facet normal -0.243649 0.296869 0.923311
    outer loop
      vertex 1.50351 21.6939 5.8
      vertex 1.33334 21.6667 5.76384
      vertex 1.39507 21.6049 5.8
    endloop
  endfacet
  facet normal 0.383792 0 0.92342
    outer loop
      vertex 128.581 15.5 5.91388
      vertex 128.855 7.5 5.8
      vertex 128.855 15.5 5.8
    endloop
  endfacet
  facet normal 0.383792 0 0.92342
    outer loop
      vertex 128.855 7.5 5.8
      vertex 128.581 15.5 5.91388
      vertex 128.581 7.5 5.91388
    endloop
  endfacet
  facet normal 0.380073 -0 0.924956
    outer loop
      vertex 128.855 15.5 5.8
      vertex 128.943 21 5.76384
      vertex 128.855 21 5.8
    endloop
  endfacet
  facet normal 0.380073 0 0.924956
    outer loop
      vertex 128.943 21 5.76384
      vertex 128.855 15.5 5.8
      vertex 128.943 2 5.76384
    endloop
  endfacet
  facet normal 0.380073 -0 0.924956
    outer loop
      vertex 128.855 7.5 5.8
      vertex 128.943 2 5.76384
      vertex 128.855 15.5 5.8
    endloop
  endfacet
  facet normal 0.380073 0 0.924956
    outer loop
      vertex 128.943 2 5.76384
      vertex 128.855 7.5 5.8
      vertex 128.855 2 5.8
    endloop
  endfacet
  facet normal 0.379835 -0.0353715 0.924378
    outer loop
      vertex 128.842 1.8604 5.8
      vertex 128.943 2 5.76384
      vertex 128.855 2 5.8
    endloop
  endfacet
  facet normal 0.382265 -0.0374097 0.923295
    outer loop
      vertex 128.943 2 5.76384
      vertex 128.842 1.8604 5.8
      vertex 128.925 1.81607 5.76384
    endloop
  endfacet
  facet normal -0.111417 0.367711 -0.923241
    outer loop
      vertex 1.88674 21.5694 0.0861197
      vertex 1.77783 21.5364 0.0861197
      vertex 1.81607 21.9247 0.236158
    endloop
  endfacet
  facet normal -0.353504 0.430931 -0.830261
    outer loop
      vertex 1.33334 21.6667 0.236158
      vertex 1.2951 22.055 0.453979
      vertex 1.47621 21.7839 0.236158
    endloop
  endfacet
  facet normal -0.815354 0.435796 -0.381156
    outer loop
      vertex 0.533419 21.9799 1.05721
      vertex 0.231805 21.7324 1.41943
      vertex 0.408667 22.0633 1.41943
    endloop
  endfacet
  facet normal -0.938714 0.284781 -0.194204
    outer loop
      vertex 0.231805 21.7324 1.41943
      vertex 0.122894 21.3734 1.41943
      vertex 0.161139 21.7617 1.80397
    endloop
  endfacet
  facet normal -0.0546854 0.554766 -0.830207
    outer loop
      vertex 1.81607 21.9247 0.236158
      vertex 1.75247 22.2444 0.453979
      vertex 2 22.2688 0.453979
    endloop
  endfacet
  facet normal -0.092325 0.172867 -0.980609
    outer loop
      vertex 1.89109 21.163 0.00963116
      vertex 1.77783 21.5364 0.0861197
      vertex 1.92498 21.1811 0.00963116
    endloop
  endfacet
  facet normal -0.554734 0.0546288 0.830232
    outer loop
      vertex 1.07532 21.1839 5.76384
      vertex 0.731214 21 5.54602
      vertex 1.05721 21 5.76384
    endloop
  endfacet
  facet normal -0.491628 0.26273 0.830226
    outer loop
      vertex 0.945043 21.7049 5.54602
      vertex 0.827794 21.4855 5.54602
      vertex 1.2161 21.5238 5.76384
    endloop
  endfacet
  facet normal -0.392543 0.734393 0.553694
    outer loop
      vertex 1.32501 22.6296 4.94279
      vertex 1.02006 22.4666 4.94279
      vertex 1.14108 22.2855 5.26879
    endloop
  endfacet
  facet normal -0.112056 0.367683 0.923175
    outer loop
      vertex 1.81607 21.9247 5.76384
      vertex 1.80685 21.8311 5.8
      vertex 1.8331 21.8391 5.8
    endloop
  endfacet
  facet normal -0.284615 0.938778 0.194141
    outer loop
      vertex 1.6117 22.9521 4.19603
      vertex 1.23832 22.8389 4.19603
      vertex 1.62662 22.8771 4.58057
    endloop
  endfacet
  facet normal -0.528337 0.643649 0.553694
    outer loop
      vertex 1.02006 22.4666 4.94279
      vertex 0.752775 22.2472 4.94279
      vertex 1.14108 22.2855 5.26879
    endloop
  endfacet
  facet normal -0.268357 0.88474 0.381078
    outer loop
      vertex 1.62662 22.8771 4.58057
      vertex 1.26759 22.7682 4.58057
      vertex 1.32501 22.6296 4.94279
    endloop
  endfacet
  facet normal -0.284729 0.938718 0.194262
    outer loop
      vertex 1.62662 22.8771 4.58057
      vertex 1.23832 22.8389 4.19603
      vertex 1.26759 22.7682 4.58057
    endloop
  endfacet
  facet normal -0.449714 0.547893 0.705387
    outer loop
      vertex 1.14108 22.2855 5.26879
      vertex 0.906798 22.0932 5.26879
      vertex 1.2951 22.055 5.54602
    endloop
  endfacet
  facet normal -0.528327 0.643669 0.553679
    outer loop
      vertex 1.14108 22.2855 5.26879
      vertex 0.752775 22.2472 4.94279
      vertex 0.906798 22.0932 5.26879
    endloop
  endfacet
  facet normal -0.430936 0.353594 0.83022
    outer loop
      vertex 1.10283 21.8972 5.54602
      vertex 0.945043 21.7049 5.54602
      vertex 1.33334 21.6667 5.76384
    endloop
  endfacet
  facet normal -0.334027 0.62519 0.705382
    outer loop
      vertex 1.51446 22.1722 5.54602
      vertex 1.14108 22.2855 5.26879
      vertex 1.2951 22.055 5.54602
    endloop
  endfacet
  facet normal -0.923878 0 0.382687
    outer loop
      vertex 0.0861197 2 4.58057
      vertex 0.236158 21 4.94279
      vertex 0.0861197 21 4.58057
    endloop
  endfacet
  facet normal -0.923878 0 0.382687
    outer loop
      vertex 0.236158 21 4.94279
      vertex 0.0861197 2 4.58057
      vertex 0.236158 2 4.94279
    endloop
  endfacet
  facet normal -0.884718 -0.268377 0.381114
    outer loop
      vertex 0.370422 1.32501 4.94279
      vertex 0.122894 1.62662 4.58057
      vertex 0.231805 1.26759 4.58057
    endloop
  endfacet
  facet normal -0.938725 -0.28476 0.194182
    outer loop
      vertex 0.231805 1.26759 4.58057
      vertex 0.122894 1.62662 4.58057
      vertex 0.161139 1.23832 4.19603
    endloop
  endfacet
  facet normal -0.586516 -0.714671 0.38111
    outer loop
      vertex 0.752775 0.752775 4.94279
      vertex 0.646683 0.646683 4.58057
      vertex 0.936706 0.408667 4.58057
    endloop
  endfacet
  facet normal -0.586517 -0.71467 0.381109
    outer loop
      vertex 1.02006 0.533419 4.94279
      vertex 0.752775 0.752775 4.94279
      vertex 0.936706 0.408667 4.58057
    endloop
  endfacet
  facet normal 0.194863 0 -0.98083
    outer loop
      vertex 128.196 2 0.00963116
      vertex 128.581 21 0.0861197
      vertex 128.581 2 0.0861197
    endloop
  endfacet
  facet normal 0.194863 0 -0.98083
    outer loop
      vertex 128.581 21 0.0861197
      vertex 128.196 2 0.00963116
      vertex 128.196 21 0.00963116
    endloop
  endfacet
  facet normal -0.0570849 0.187463 -0.980612
    outer loop
      vertex 1.92498 21.1811 0.00963116
      vertex 1.77783 21.5364 0.0861197
      vertex 1.96176 21.1923 0.00963116
    endloop
  endfacet
  facet normal -0.0924563 0.172826 -0.980603
    outer loop
      vertex 1.89109 21.163 0.00963116
      vertex 1.67745 21.4827 0.0861197
      vertex 1.77783 21.5364 0.0861197
    endloop
  endfacet
  facet normal -0.124351 0.151512 -0.980602
    outer loop
      vertex 1.89109 21.163 0.00963116
      vertex 1.58948 21.4105 0.0861197
      vertex 1.67745 21.4827 0.0861197
    endloop
  endfacet
  facet normal -0.205762 -0.678291 -0.705396
    outer loop
      vertex 1.69839 0.483685 0.731214
      vertex 1.51446 0.827794 0.453979
      vertex 1.75247 0.755593 0.453979
    endloop
  endfacet
  facet normal -0.161815 -0.533422 -0.830227
    outer loop
      vertex 1.75247 0.755593 0.453979
      vertex 1.51446 0.827794 0.453979
      vertex 1.81607 1.07532 0.236158
    endloop
  endfacet
  facet normal -0.67829 -0.205756 -0.705398
    outer loop
      vertex 0.571664 1.40836 0.731214
      vertex 0.483685 1.69839 0.731214
      vertex 0.827794 1.51446 0.453979
    endloop
  endfacet
  facet normal -0.111546 -0.367717 -0.923224
    outer loop
      vertex 1.81607 1.07532 0.236158
      vertex 1.63921 1.12897 0.236158
      vertex 1.77783 1.46362 0.0861197
    endloop
  endfacet
  facet normal -0.268378 -0.884718 -0.381114
    outer loop
      vertex 1.62662 0.122894 1.41943
      vertex 1.32501 0.370422 1.05721
      vertex 1.65589 0.27005 1.05721
    endloop
  endfacet
  facet normal -0.462424 -0.865134 -0.194184
    outer loop
      vertex 1.23832 0.161139 1.80397
      vertex 0.894211 0.345069 1.80397
      vertex 0.936706 0.408667 1.41943
    endloop
  endfacet
  facet normal -0.268377 -0.884718 -0.381114
    outer loop
      vertex 1.62662 0.122894 1.41943
      vertex 1.26759 0.231805 1.41943
      vertex 1.32501 0.370422 1.05721
    endloop
  endfacet
  facet normal -0.0961503 -0.976242 -0.194182
    outer loop
      vertex 2 0.0861197 1.41943
      vertex 1.6117 0.0478754 1.80397
      vertex 1.62662 0.122894 1.41943
    endloop
  endfacet
  facet normal -0.0961503 -0.976242 0.194182
    outer loop
      vertex 1.62662 0.122894 4.58057
      vertex 1.6117 0.0478754 4.19603
      vertex 2 0.0861197 4.58057
    endloop
  endfacet
  facet normal -0.0816203 -0.828702 0.553707
    outer loop
      vertex 1.69839 0.483685 5.26879
      vertex 1.65589 0.27005 4.94279
      vertex 2 0.236158 4.94279
    endloop
  endfacet
  facet normal -0.44966 -0.54793 -0.705393
    outer loop
      vertex 1.2951 0.945043 0.453979
      vertex 0.906798 0.906798 0.731214
      vertex 1.10283 1.10283 0.453979
    endloop
  endfacet
  facet normal -0.353622 -0.430902 -0.830226
    outer loop
      vertex 1.2951 0.945043 0.453979
      vertex 1.10283 1.10283 0.453979
      vertex 1.33334 1.33334 0.236158
    endloop
  endfacet
  facet normal -0.382412 0.0376674 -0.923224
    outer loop
      vertex 1.41943 21 0.0861197
      vertex 1.07532 21.1839 0.236158
      vertex 1.43059 21.1133 0.0861197
    endloop
  endfacet
  facet normal -0.367716 -0.11152 -0.923227
    outer loop
      vertex 1.46362 1.77783 0.0861197
      vertex 1.07532 1.81607 0.236158
      vertex 1.43059 1.88674 0.0861197
    endloop
  endfacet
  facet normal -0.124336 -0.151519 -0.980603
    outer loop
      vertex 1.89109 1.837 0.00963116
      vertex 1.58948 1.58948 0.0861197
      vertex 1.86138 1.86138 0.00963116
    endloop
  endfacet
  facet normal -0.0192196 -0.195055 -0.980604
    outer loop
      vertex 2 1.41943 0.0861197
      vertex 1.88674 1.43059 0.0861197
      vertex 1.96176 1.80773 0.00963116
    endloop
  endfacet
  facet normal -0.0376799 -0.382404 -0.923227
    outer loop
      vertex 2 1.41943 0.0861197
      vertex 1.81607 1.07532 0.236158
      vertex 1.88674 1.43059 0.0861197
    endloop
  endfacet
  facet normal -0.241724 -0.796851 -0.553714
    outer loop
      vertex 1.65589 0.27005 1.05721
      vertex 1.32501 0.370422 1.05721
      vertex 1.69839 0.483685 0.731214
    endloop
  endfacet
  facet normal -0.462426 -0.865133 -0.194182
    outer loop
      vertex 1.23832 0.161139 1.80397
      vertex 0.936706 0.408667 1.41943
      vertex 1.26759 0.231805 1.41943
    endloop
  endfacet
  facet normal -0.865133 -0.462426 -0.194182
    outer loop
      vertex 0.408667 0.936706 1.41943
      vertex 0.161139 1.23832 1.80397
      vertex 0.231805 1.26759 1.41943
    endloop
  endfacet
  facet normal -0.586517 -0.71467 -0.381109
    outer loop
      vertex 0.936706 0.408667 1.41943
      vertex 0.752775 0.752775 1.05721
      vertex 1.02006 0.533419 1.05721
    endloop
  endfacet
  facet normal -0.586516 -0.714671 -0.38111
    outer loop
      vertex 0.936706 0.408667 1.41943
      vertex 0.646683 0.646683 1.41943
      vertex 0.752775 0.752775 1.05721
    endloop
  endfacet
  facet normal -0.71467 -0.586517 -0.381109
    outer loop
      vertex 0.752775 0.752775 1.05721
      vertex 0.408667 0.936706 1.41943
      vertex 0.533419 1.02006 1.05721
    endloop
  endfacet
  facet normal -0.976242 -0.0961503 -0.194182
    outer loop
      vertex 0.122894 1.62662 1.41943
      vertex 0.0478754 1.6117 1.80397
      vertex 0.0861197 2 1.41943
    endloop
  endfacet
  facet normal -0.884718 -0.268378 -0.381114
    outer loop
      vertex 0.370422 1.32501 1.05721
      vertex 0.122894 1.62662 1.41943
      vertex 0.27005 1.65589 1.05721
    endloop
  endfacet
  facet normal -0.54793 -0.44966 -0.705393
    outer loop
      vertex 1.10283 1.10283 0.453979
      vertex 0.906798 0.906798 0.731214
      vertex 0.945043 1.2951 0.453979
    endloop
  endfacet
  facet normal -0.554736 -0.0546201 -0.830231
    outer loop
      vertex 1.07532 1.81607 0.236158
      vertex 0.731214 2 0.453979
      vertex 1.05721 2 0.236158
    endloop
  endfacet
  facet normal -0.705398 -0.0694757 -0.705398
    outer loop
      vertex 0.483685 1.69839 0.731214
      vertex 0.453979 2 0.731214
      vertex 0.731214 2 0.453979
    endloop
  endfacet
  facet normal -0.831473 0 -0.555566
    outer loop
      vertex 0.453979 2 0.731214
      vertex 0.236158 21 1.05721
      vertex 0.453979 21 0.731214
    endloop
  endfacet
  facet normal -0.831473 -0 -0.555566
    outer loop
      vertex 0.236158 21 1.05721
      vertex 0.453979 2 0.731214
      vertex 0.236158 2 1.05721
    endloop
  endfacet
  facet normal -0.338904 -0.181163 0.923214
    outer loop
      vertex 1.12897 1.63921 5.76384
      vertex 1.27575 1.5489 5.8
      vertex 1.20962 1.67261 5.8
    endloop
  endfacet
  facet normal -0.338899 -0.181155 0.923217
    outer loop
      vertex 1.27575 1.5489 5.8
      vertex 1.12897 1.63921 5.76384
      vertex 1.2161 1.47621 5.76384
    endloop
  endfacet
  facet normal -0.367735 -0.111548 0.923216
    outer loop
      vertex 1.1689 1.80685 5.8
      vertex 1.12897 1.63921 5.76384
      vertex 1.20962 1.67261 5.8
    endloop
  endfacet
  facet normal -0.367729 -0.11155 0.923218
    outer loop
      vertex 1.12897 1.63921 5.76384
      vertex 1.1689 1.80685 5.8
      vertex 1.07532 1.81607 5.76384
    endloop
  endfacet
  facet normal -0.634393 -0.773011 0
    outer loop
      vertex 0.592597 0.592597 1.80397
      vertex 0.894211 0.345069 4.19603
      vertex 0.592597 0.592597 4.19603
    endloop
  endfacet
  facet normal -0.634393 -0.773011 -0
    outer loop
      vertex 0.894211 0.345069 4.19603
      vertex 0.592597 0.592597 1.80397
      vertex 0.894211 0.345069 1.80397
    endloop
  endfacet
  facet normal -0.435827 0.815371 -0.381082
    outer loop
      vertex 1.32501 22.6296 1.05721
      vertex 1.02006 22.4666 1.05721
      vertex 1.26759 22.7682 1.41943
    endloop
  endfacet
  facet normal -0.586489 0.714686 -0.381122
    outer loop
      vertex 0.752775 22.2472 1.05721
      vertex 0.646683 22.3533 1.41943
      vertex 0.936706 22.5913 1.41943
    endloop
  endfacet
  facet normal -0.290135 0.956986 0
    outer loop
      vertex 1.6117 22.9521 1.80397
      vertex 1.23832 22.8389 4.19603
      vertex 1.6117 22.9521 4.19603
    endloop
  endfacet
  facet normal -0.290135 0.956986 0
    outer loop
      vertex 1.23832 22.8389 4.19603
      vertex 1.6117 22.9521 1.80397
      vertex 1.23832 22.8389 1.80397
    endloop
  endfacet
  facet normal -0.625121 0.334116 -0.705401
    outer loop
      vertex 0.827794 21.4855 0.453979
      vertex 0.571664 21.5916 0.731214
      vertex 0.714531 21.8589 0.731214
    endloop
  endfacet
  facet normal -0.705395 0.0694822 -0.7054
    outer loop
      vertex 0.731214 21 0.453979
      vertex 0.483685 21.3016 0.731214
      vertex 0.755593 21.2475 0.453979
    endloop
  endfacet
  facet normal -0.382416 0.0376593 -0.923222
    outer loop
      vertex 1.41943 21 0.0861197
      vertex 1.05721 21 0.236158
      vertex 1.07532 21.1839 0.236158
    endloop
  endfacet
  facet normal -0.554736 0.054629 -0.830231
    outer loop
      vertex 1.05721 21 0.236158
      vertex 0.731214 21 0.453979
      vertex 1.07532 21.1839 0.236158
    endloop
  endfacet
  facet normal -0.938732 0.284746 -0.194167
    outer loop
      vertex 0.122894 21.3734 1.41943
      vertex 0.0478754 21.3883 1.80397
      vertex 0.161139 21.7617 1.80397
    endloop
  endfacet
  facet normal -0.980786 0 -0.195087
    outer loop
      vertex 0.0861197 2 1.41943
      vertex 0.00963116 21 1.80397
      vertex 0.0861197 21 1.41943
    endloop
  endfacet
  facet normal -0.980786 -0 -0.195087
    outer loop
      vertex 0.00963116 21 1.80397
      vertex 0.0861197 2 1.41943
      vertex 0.00963116 2 1.80397
    endloop
  endfacet
  facet normal -0.643713 0.528254 -0.553697
    outer loop
      vertex 0.714531 21.8589 0.731214
      vertex 0.533419 21.9799 1.05721
      vertex 0.752775 22.2472 1.05721
    endloop
  endfacet
  facet normal -0.865128 0.462432 0.19419
    outer loop
      vertex 0.345069 22.1058 4.19603
      vertex 0.161139 21.7617 4.19603
      vertex 0.408667 22.0633 4.58057
    endloop
  endfacet
  facet normal -0.881916 0.471406 0
    outer loop
      vertex 0.161139 21.7617 1.80397
      vertex 0.345069 22.1058 4.19603
      vertex 0.345069 22.1058 1.80397
    endloop
  endfacet
  facet normal -0.881916 0.471406 0
    outer loop
      vertex 0.345069 22.1058 4.19603
      vertex 0.161139 21.7617 1.80397
      vertex 0.161139 21.7617 4.19603
    endloop
  endfacet
  facet normal -0.884716 0.268399 0.381102
    outer loop
      vertex 0.231805 21.7324 4.58057
      vertex 0.122894 21.3734 4.58057
      vertex 0.370422 21.675 4.94279
    endloop
  endfacet
  facet normal 0.354144 -0.430934 0.829987
    outer loop
      vertex 128.897 1.10283 5.54602
      vertex 128.667 1.33334 5.76384
      vertex 128.705 0.945043 5.54602
    endloop
  endfacet
  facet normal 0.431009 -0.354186 0.82993
    outer loop
      vertex 129.055 1.2951 5.54602
      vertex 128.667 1.33334 5.76384
      vertex 128.897 1.10283 5.54602
    endloop
  endfacet
  facet normal 0 -0.7071 0.707113
    outer loop
      vertex 2 0.453979 5.26879
      vertex 128 0.731214 5.54602
      vertex 2 0.731214 5.54602
    endloop
  endfacet
  facet normal 0 -0.7071 0.707113
    outer loop
      vertex 128 0.731214 5.54602
      vertex 2 0.453979 5.26879
      vertex 128 0.453979 5.26879
    endloop
  endfacet
  facet normal 0.111535 -0.367036 0.923496
    outer loop
      vertex 128.193 1.1689 5.8
      vertex 128.361 1.12897 5.76384
      vertex 128.327 1.20962 5.8
    endloop
  endfacet
  facet normal 0.11139 -0.367495 0.923331
    outer loop
      vertex 128.361 1.12897 5.76384
      vertex 128.193 1.1689 5.8
      vertex 128.184 1.07532 5.76384
    endloop
  endfacet
  facet normal 0.161673 -0.533384 0.830279
    outer loop
      vertex 128.361 1.12897 5.76384
      vertex 128.184 1.07532 5.76384
      vertex 128.486 0.827794 5.54602
    endloop
  endfacet
  facet normal 0.435843 -0.815549 0.380686
    outer loop
      vertex 128.98 0.533419 4.94279
      vertex 128.675 0.370422 4.94279
      vertex 128.732 0.231805 4.58057
    endloop
  endfacet
  facet normal 0.587024 -0.714525 0.380601
    outer loop
      vertex 129.247 0.752775 4.94279
      vertex 128.98 0.533419 4.94279
      vertex 129.063 0.408667 4.58057
    endloop
  endfacet
  facet normal 0.52862 -0.643436 0.553671
    outer loop
      vertex 129.247 0.752775 4.94279
      vertex 128.859 0.714531 5.26879
      vertex 128.98 0.533419 4.94279
    endloop
  endfacet
  facet normal 0.268309 -0.884811 0.380946
    outer loop
      vertex 128.675 0.370422 4.94279
      vertex 128.344 0.27005 4.94279
      vertex 128.373 0.122894 4.58057
    endloop
  endfacet
  facet normal 0.268309 -0.884811 -0.380946
    outer loop
      vertex 128.373 0.122894 1.41943
      vertex 128.344 0.27005 1.05721
      vertex 128.675 0.370422 1.05721
    endloop
  endfacet
  facet normal 0.0907122 -0.92009 -0.381059
    outer loop
      vertex 128.373 0.122894 1.41943
      vertex 128 0.0861197 1.41943
      vertex 128.344 0.27005 1.05721
    endloop
  endfacet
  facet normal 0.71474 -0.586533 -0.380953
    outer loop
      vertex 129.353 0.646683 1.41943
      vertex 129.247 0.752775 1.05721
      vertex 129.591 0.936706 1.41943
    endloop
  endfacet
  facet normal 0.622364 -0.758292 -0.194052
    outer loop
      vertex 129.407 0.592597 1.80397
      vertex 129.063 0.408667 1.41943
      vertex 129.353 0.646683 1.41943
    endloop
  endfacet
  facet normal 0.392486 -0.73442 -0.553698
    outer loop
      vertex 128.98 0.533419 1.05721
      vertex 128.675 0.370422 1.05721
      vertex 128.859 0.714531 0.731214
    endloop
  endfacet
  facet normal 0.815742 -0.436365 -0.379672
    outer loop
      vertex 129.591 0.936706 1.41943
      vertex 129.467 1.02006 1.05721
      vertex 129.768 1.26759 1.41943
    endloop
  endfacet
  facet normal 0.491906 -0.262551 -0.830118
    outer loop
      vertex 129.172 1.51446 0.453979
      vertex 128.784 1.47621 0.236158
      vertex 128.871 1.63921 0.236158
    endloop
  endfacet
  facet normal 0.431273 -0.353181 -0.830221
    outer loop
      vertex 129.055 1.2951 0.453979
      vertex 128.667 1.33334 0.236158
      vertex 128.784 1.47621 0.236158
    endloop
  endfacet
  facet normal 0.831262 0 -0.555881
    outer loop
      vertex 129.764 2 1.05721
      vertex 129.546 21 0.731214
      vertex 129.764 21 1.05721
    endloop
  endfacet
  facet normal 0.831262 0 -0.555881
    outer loop
      vertex 129.546 21 0.731214
      vertex 129.764 2 1.05721
      vertex 129.546 2 0.731214
    endloop
  endfacet
  facet normal 0.334444 -0.625032 -0.705324
    outer loop
      vertex 128.592 0.571664 0.731214
      vertex 128.486 0.827794 0.453979
      vertex 128.859 0.714531 0.731214
    endloop
  endfacet
  facet normal 0.334551 -0.624881 -0.705407
    outer loop
      vertex 128.859 0.714531 0.731214
      vertex 128.486 0.827794 0.453979
      vertex 128.705 0.945043 0.453979
    endloop
  endfacet
  facet normal 0.772418 -0.635115 0
    outer loop
      vertex 129.407 0.592597 4.19603
      vertex 129.655 0.894211 1.80397
      vertex 129.655 0.894211 4.19603
    endloop
  endfacet
  facet normal 0.772418 -0.635115 0
    outer loop
      vertex 129.655 0.894211 1.80397
      vertex 129.407 0.592597 4.19603
      vertex 129.407 0.592597 1.80397
    endloop
  endfacet
  facet normal 0.587024 -0.714525 -0.380601
    outer loop
      vertex 129.063 0.408667 1.41943
      vertex 128.98 0.533419 1.05721
      vertex 129.247 0.752775 1.05721
    endloop
  endfacet
  facet normal 0.938916 -0.284154 0.194149
    outer loop
      vertex 129.877 1.62662 4.58057
      vertex 129.839 1.23832 4.19603
      vertex 129.952 1.6117 4.19603
    endloop
  endfacet
  facet normal 0.976191 -0.0967354 0.194148
    outer loop
      vertex 129.914 2 4.58057
      vertex 129.877 1.62662 4.58057
      vertex 129.952 1.6117 4.19603
    endloop
  endfacet
  facet normal 0.995246 -0.0973972 0
    outer loop
      vertex 129.952 1.6117 4.19603
      vertex 129.99 2 1.80397
      vertex 129.99 2 4.19603
    endloop
  endfacet
  facet normal 0.995246 -0.0973972 0
    outer loop
      vertex 129.99 2 1.80397
      vertex 129.952 1.6117 4.19603
      vertex 129.952 1.6117 1.80397
    endloop
  endfacet
  facet normal 0.262629 0.491488 0.830341
    outer loop
      vertex 128.486 22.1722 5.54602
      vertex 128.361 21.871 5.76384
      vertex 128.524 21.7839 5.76384
    endloop
  endfacet
  facet normal 0.180935 0.338604 0.923369
    outer loop
      vertex 128.361 21.871 5.76384
      vertex 128.451 21.7243 5.8
      vertex 128.524 21.7839 5.76384
    endloop
  endfacet
  facet normal 0.180331 0.33829 0.923602
    outer loop
      vertex 128.451 21.7243 5.8
      vertex 128.361 21.871 5.76384
      vertex 128.327 21.7904 5.8
    endloop
  endfacet
  facet normal 0.298567 0.239417 0.923871
    outer loop
      vertex 128.784 21.5238 5.76384
      vertex 128.694 21.4965 5.8
      vertex 128.711 21.4753 5.8
    endloop
  endfacet
  facet normal 0.337245 0.181165 0.923821
    outer loop
      vertex 128.784 21.5238 5.76384
      vertex 128.711 21.4753 5.8
      vertex 128.724 21.4511 5.8
    endloop
  endfacet
  facet normal 0 0.98078 -0.195115
    outer loop
      vertex 128 22.9139 1.41943
      vertex 2 22.9904 1.80397
      vertex 128 22.9904 1.80397
    endloop
  endfacet
  facet normal 0 0.98078 -0.195115
    outer loop
      vertex 2 22.9904 1.80397
      vertex 128 22.9139 1.41943
      vertex 2 22.9139 1.41943
    endloop
  endfacet
  facet normal 0.0963144 0.97623 -0.194159
    outer loop
      vertex 128.373 22.8771 1.41943
      vertex 128 22.9139 1.41943
      vertex 128.388 22.9521 1.80397
    endloop
  endfacet
  facet normal 0.0963636 0.976216 -0.194207
    outer loop
      vertex 128.388 22.9521 1.80397
      vertex 128 22.9139 1.41943
      vertex 128 22.9904 1.80397
    endloop
  endfacet
  facet normal 0.714239 0.587851 0.379859
    outer loop
      vertex 129.591 22.0633 4.58057
      vertex 129.247 22.2472 4.94279
      vertex 129.467 21.9799 4.94279
    endloop
  endfacet
  facet normal 0.289695 0.957119 -0
    outer loop
      vertex 128.762 22.8389 1.80397
      vertex 128.388 22.9521 4.19603
      vertex 128.762 22.8389 4.19603
    endloop
  endfacet
  facet normal 0.289695 0.957119 0
    outer loop
      vertex 128.388 22.9521 4.19603
      vertex 128.762 22.8389 1.80397
      vertex 128.388 22.9521 1.80397
    endloop
  endfacet
  facet normal 0.0982339 0.995163 -0
    outer loop
      vertex 128.388 22.9521 1.80397
      vertex 128 22.9904 4.19603
      vertex 128.388 22.9521 4.19603
    endloop
  endfacet
  facet normal 0.0982339 0.995163 0
    outer loop
      vertex 128 22.9904 4.19603
      vertex 128.388 22.9521 1.80397
      vertex 128 22.9904 1.80397
    endloop
  endfacet
  facet normal 0.88516 0.268753 -0.37982
    outer loop
      vertex 129.877 21.3734 1.41943
      vertex 129.63 21.675 1.05721
      vertex 129.768 21.7324 1.41943
    endloop
  endfacet
  facet normal 0.920151 0.0911772 -0.380801
    outer loop
      vertex 129.914 21 1.41943
      vertex 129.73 21.3441 1.05721
      vertex 129.877 21.3734 1.41943
    endloop
  endfacet
  facet normal 0.435855 0.815557 0.380653
    outer loop
      vertex 128.732 22.7682 4.58057
      vertex 128.675 22.6296 4.94279
      vertex 128.98 22.4666 4.94279
    endloop
  endfacet
  facet normal 0.528691 0.643394 0.553651
    outer loop
      vertex 128.98 22.4666 4.94279
      vertex 128.859 22.2855 5.26879
      vertex 129.247 22.2472 4.94279
    endloop
  endfacet
  facet normal 0.0694046 0.705423 0.70538
    outer loop
      vertex 128.302 22.5163 5.26879
      vertex 128 22.2688 5.54602
      vertex 128.248 22.2444 5.54602
    endloop
  endfacet
  facet normal 0.0545788 0.554735 0.830235
    outer loop
      vertex 128.248 22.2444 5.54602
      vertex 128 22.2688 5.54602
      vertex 128.184 21.9247 5.76384
    endloop
  endfacet
  facet normal 0.284721 0.938613 0.194782
    outer loop
      vertex 128.762 22.8389 4.19603
      vertex 128.373 22.8771 4.58057
      vertex 128.732 22.7682 4.58057
    endloop
  endfacet
  facet normal 0.284179 0.938896 0.194206
    outer loop
      vertex 128.388 22.9521 4.19603
      vertex 128.373 22.8771 4.58057
      vertex 128.762 22.8389 4.19603
    endloop
  endfacet
  facet normal 0 0.707145 0.707069
    outer loop
      vertex 128 22.546 5.26879
      vertex 2 22.2688 5.54602
      vertex 128 22.2688 5.54602
    endloop
  endfacet
  facet normal 0 0.707145 0.707069
    outer loop
      vertex 2 22.2688 5.54602
      vertex 128 22.546 5.26879
      vertex 2 22.546 5.26879
    endloop
  endfacet
  facet normal 0.864902 0.462488 0.195063
    outer loop
      vertex 129.655 22.1058 4.19603
      vertex 129.591 22.0633 4.58057
      vertex 129.839 21.7617 4.19603
    endloop
  endfacet
  facet normal 0.864902 0.462488 -0.195063
    outer loop
      vertex 129.839 21.7617 1.80397
      vertex 129.591 22.0633 1.41943
      vertex 129.655 22.1058 1.80397
    endloop
  endfacet
  facet normal 0.864861 0.462618 0.194934
    outer loop
      vertex 129.839 21.7617 4.19603
      vertex 129.591 22.0633 4.58057
      vertex 129.768 21.7324 4.58057
    endloop
  endfacet
  facet normal 0.815769 0.436111 0.379904
    outer loop
      vertex 129.768 21.7324 4.58057
      vertex 129.467 21.9799 4.94279
      vertex 129.63 21.675 4.94279
    endloop
  endfacet
  facet normal 0.548628 0.44958 0.704901
    outer loop
      vertex 129.093 22.0932 5.26879
      vertex 129.055 21.7049 5.54602
      vertex 129.285 21.8589 5.26879
    endloop
  endfacet
  facet normal 0.54769 0.45 0.705362
    outer loop
      vertex 129.093 22.0932 5.26879
      vertex 128.897 21.8972 5.54602
      vertex 129.055 21.7049 5.54602
    endloop
  endfacet
  facet normal 0.885106 0.267484 0.38084
    outer loop
      vertex 129.877 21.3734 4.58057
      vertex 129.63 21.675 4.94279
      vertex 129.73 21.3441 4.94279
    endloop
  endfacet
  facet normal 0.920151 0.0911772 0.380801
    outer loop
      vertex 129.877 21.3734 4.58057
      vertex 129.73 21.3441 4.94279
      vertex 129.914 21 4.58057
    endloop
  endfacet
  facet normal 0.938922 0.284141 0.194136
    outer loop
      vertex 129.952 21.3883 4.19603
      vertex 129.839 21.7617 4.19603
      vertex 129.877 21.3734 4.58057
    endloop
  endfacet
  facet normal 0.151573 -0.124057 -0.98063
    outer loop
      vertex 128.411 1.58948 0.0861197
      vertex 128.163 1.89109 0.00963116
      vertex 128.483 1.67745 0.0861197
    endloop
  endfacet
  facet normal -0.195053 0.0192126 -0.980605
    outer loop
      vertex 1.80773 21.0382 0.00963116
      vertex 1.41943 21 0.0861197
      vertex 1.43059 21.1133 0.0861197
    endloop
  endfacet
  facet normal 0.382617 -0.0374442 -0.923148
    outer loop
      vertex 128.925 1.81607 0.236158
      vertex 128.581 2 0.0861197
      vertex 128.943 2 0.236158
    endloop
  endfacet
  facet normal 0.381236 -0.0403923 -0.923595
    outer loop
      vertex 128.925 1.81607 0.236158
      vertex 128.569 1.88674 0.0861197
      vertex 128.581 2 0.0861197
    endloop
  endfacet
  facet normal 0.0566127 -0.187694 -0.980595
    outer loop
      vertex 128.222 1.46362 0.0861197
      vertex 128.038 1.80773 0.00963116
      vertex 128.075 1.81889 0.00963116
    endloop
  endfacet
  facet normal -0.195055 -0.0192196 -0.980604
    outer loop
      vertex 1.43059 1.88674 0.0861197
      vertex 1.41943 2 0.0861197
      vertex 1.80773 1.96176 0.00963116
    endloop
  endfacet
  facet normal 0.554742 -0.0542889 -0.83025
    outer loop
      vertex 129.269 2 0.453979
      vertex 128.925 1.81607 0.236158
      vertex 128.943 2 0.236158
    endloop
  endfacet
  facet normal 0.124256 -0.151427 -0.980627
    outer loop
      vertex 128.323 1.51727 0.0861197
      vertex 128.109 1.837 0.00963116
      vertex 128.411 1.58948 0.0861197
    endloop
  endfacet
  facet normal 0.0921448 -0.172994 -0.980603
    outer loop
      vertex 128.222 1.46362 0.0861197
      vertex 128.075 1.81889 0.00963116
      vertex 128.109 1.837 0.00963116
    endloop
  endfacet
  facet normal 0.111306 0.367646 -0.923281
    outer loop
      vertex 128.222 21.5364 0.0861197
      vertex 128.113 21.5694 0.0861197
      vertex 128.184 21.9247 0.236158
    endloop
  endfacet
  facet normal 0.0378924 0.382307 -0.923258
    outer loop
      vertex 128.113 21.5694 0.0861197
      vertex 128 21.5806 0.0861197
      vertex 128.184 21.9247 0.236158
    endloop
  endfacet
  facet normal 0.392498 0.734428 -0.553679
    outer loop
      vertex 128.859 22.2855 0.731214
      vertex 128.675 22.6296 1.05721
      vertex 128.98 22.4666 1.05721
    endloop
  endfacet
  facet normal 0.435855 0.815557 -0.380653
    outer loop
      vertex 128.98 22.4666 1.05721
      vertex 128.675 22.6296 1.05721
      vertex 128.732 22.7682 1.41943
    endloop
  endfacet
  facet normal 0.733547 0.392155 -0.555088
    outer loop
      vertex 129.63 21.675 1.05721
      vertex 129.285 21.8589 0.731214
      vertex 129.467 21.9799 1.05721
    endloop
  endfacet
  facet normal 0.548633 0.449584 -0.704895
    outer loop
      vertex 129.285 21.8589 0.731214
      vertex 129.055 21.7049 0.453979
      vertex 129.093 22.0932 0.731214
    endloop
  endfacet
  facet normal 0.173275 0.0915609 -0.980608
    outer loop
      vertex 128.536 21.2222 0.0861197
      vertex 128.163 21.1089 0.00963116
      vertex 128.483 21.3225 0.0861197
    endloop
  endfacet
  facet normal -0.367716 0.111718 0.923203
    outer loop
      vertex 1.1689 21.1931 5.8
      vertex 1.07532 21.1839 5.76384
      vertex 1.16094 21.1669 5.8
    endloop
  endfacet
  facet normal 0.533283 0.162789 0.830126
    outer loop
      vertex 129.172 21.4855 5.54602
      vertex 128.871 21.3608 5.76384
      vertex 128.925 21.1839 5.76384
    endloop
  endfacet
  facet normal 0.366295 0.111814 0.923756
    outer loop
      vertex 128.871 21.3608 5.76384
      vertex 128.831 21.1931 5.8
      vertex 128.925 21.1839 5.76384
    endloop
  endfacet
  facet normal 0.366277 0.11182 0.923763
    outer loop
      vertex 128.831 21.1931 5.8
      vertex 128.871 21.3608 5.76384
      vertex 128.79 21.3274 5.8
    endloop
  endfacet
  facet normal 0.366308 -0.111637 0.923773
    outer loop
      vertex 128.839 1.8331 5.8
      vertex 128.831 1.80685 5.8
      vertex 128.925 1.81607 5.76384
    endloop
  endfacet
  facet normal 0.55474 -0.0542887 0.830251
    outer loop
      vertex 128.943 2 5.76384
      vertex 128.925 1.81607 5.76384
      vertex 129.269 2 5.54602
    endloop
  endfacet
  facet normal 0.555559 0 0.831477
    outer loop
      vertex 128.943 21 5.76384
      vertex 129.269 2 5.54602
      vertex 129.269 21 5.54602
    endloop
  endfacet
  facet normal 0.555559 0 0.831477
    outer loop
      vertex 129.269 2 5.54602
      vertex 128.943 21 5.76384
      vertex 128.943 2 5.76384
    endloop
  endfacet
  facet normal -0.353644 0.430894 -0.830221
    outer loop
      vertex 1.33334 21.6667 0.236158
      vertex 1.10283 21.8972 0.453979
      vertex 1.2951 22.055 0.453979
    endloop
  endfacet
  facet normal -0.297043 0.243704 -0.923241
    outer loop
      vertex 1.58948 21.4105 0.0861197
      vertex 1.2161 21.5238 0.236158
      vertex 1.33334 21.6667 0.236158
    endloop
  endfacet
  facet normal -0.16194 0.533347 -0.830251
    outer loop
      vertex 1.63921 21.871 0.236158
      vertex 1.51446 22.1722 0.453979
      vertex 1.81607 21.9247 0.236158
    endloop
  endfacet
  facet normal -0.111651 0.367721 -0.923209
    outer loop
      vertex 1.77783 21.5364 0.0861197
      vertex 1.63921 21.871 0.236158
      vertex 1.81607 21.9247 0.236158
    endloop
  endfacet
  facet normal -0.449718 0.547898 -0.70538
    outer loop
      vertex 1.2951 22.055 0.453979
      vertex 0.906798 22.0932 0.731214
      vertex 1.14108 22.2855 0.731214
    endloop
  endfacet
  facet normal -0.392542 0.73439 -0.553698
    outer loop
      vertex 1.14108 22.2855 0.731214
      vertex 1.02006 22.4666 1.05721
      vertex 1.32501 22.6296 1.05721
    endloop
  endfacet
  facet normal -0.547953 0.449651 -0.70538
    outer loop
      vertex 0.945043 21.7049 0.453979
      vertex 0.714531 21.8589 0.731214
      vertex 0.906798 22.0932 0.731214
    endloop
  endfacet
  facet normal -0.734369 0.392507 -0.553752
    outer loop
      vertex 0.571664 21.5916 0.731214
      vertex 0.370422 21.675 1.05721
      vertex 0.714531 21.8589 0.731214
    endloop
  endfacet
  facet normal -0.0694661 0.705443 -0.705354
    outer loop
      vertex 2 22.2688 0.453979
      vertex 1.69839 22.5163 0.731214
      vertex 2 22.546 0.731214
    endloop
  endfacet
  facet normal 0.152533 0.123259 -0.980582
    outer loop
      vertex 128.163 21.1089 0.00963116
      vertex 128.139 21.1386 0.00963116
      vertex 128.411 21.4105 0.0861197
    endloop
  endfacet
  facet normal -0.796857 0.241711 0.55371
    outer loop
      vertex 0.370422 21.675 4.94279
      vertex 0.27005 21.3441 4.94279
      vertex 0.483685 21.3016 5.26879
    endloop
  endfacet
  facet normal -0.643733 0.528248 0.553681
    outer loop
      vertex 0.752775 22.2472 4.94279
      vertex 0.714531 21.8589 5.26879
      vertex 0.906798 22.0932 5.26879
    endloop
  endfacet
  facet normal -0.382432 0.0376609 0.923216
    outer loop
      vertex 1.05721 21 5.76384
      vertex 1.15825 21.1396 5.8
      vertex 1.07532 21.1839 5.76384
    endloop
  endfacet
  facet normal -0.382442 0.0376689 0.923212
    outer loop
      vertex 1.15825 21.1396 5.8
      vertex 1.05721 21 5.76384
      vertex 1.1445 21 5.8
    endloop
  endfacet
  facet normal -0.705392 0.0694773 0.705404
    outer loop
      vertex 0.483685 21.3016 5.26879
      vertex 0.453979 21 5.26879
      vertex 0.731214 21 5.54602
    endloop
  endfacet
  facet normal -0.382422 0.0376819 0.923219
    outer loop
      vertex 1.16094 21.1669 5.8
      vertex 1.07532 21.1839 5.76384
      vertex 1.15825 21.1396 5.8
    endloop
  endfacet
  facet normal -0.081606 0.828727 0.553671
    outer loop
      vertex 2 22.7638 4.94279
      vertex 1.69839 22.5163 5.26879
      vertex 2 22.546 5.26879
    endloop
  endfacet
  facet normal -0.0906773 0.92003 0.381212
    outer loop
      vertex 2 22.9139 4.58057
      vertex 1.62662 22.8771 4.58057
      vertex 1.65589 22.7299 4.94279
    endloop
  endfacet
  facet normal -0.586611 0.714642 0.381018
    outer loop
      vertex 0.936706 22.5913 4.58057
      vertex 0.752775 22.2472 4.94279
      vertex 1.02006 22.4666 4.94279
    endloop
  endfacet
  facet normal -0.435914 0.815358 0.381012
    outer loop
      vertex 1.26759 22.7682 4.58057
      vertex 0.936706 22.5913 4.58057
      vertex 1.02006 22.4666 4.94279
    endloop
  endfacet
  facet normal -0.161821 0.53345 0.830208
    outer loop
      vertex 1.75247 22.2444 5.54602
      vertex 1.51446 22.1722 5.54602
      vertex 1.81607 21.9247 5.76384
    endloop
  endfacet
  facet normal -0.20576 0.678295 0.705392
    outer loop
      vertex 1.69839 22.5163 5.26879
      vertex 1.51446 22.1722 5.54602
      vertex 1.75247 22.2444 5.54602
    endloop
  endfacet
  facet normal -0.920076 -0.0906186 0.381114
    outer loop
      vertex 0.27005 1.65589 4.94279
      vertex 0.0861197 2 4.58057
      vertex 0.122894 1.62662 4.58057
    endloop
  endfacet
  facet normal -0.976242 -0.0961503 0.194182
    outer loop
      vertex 0.0861197 2 4.58057
      vertex 0.0478754 1.6117 4.19603
      vertex 0.122894 1.62662 4.58057
    endloop
  endfacet
  facet normal -0.35362 -0.430901 0.830227
    outer loop
      vertex 1.33334 1.33334 5.76384
      vertex 1.10283 1.10283 5.54602
      vertex 1.2951 0.945043 5.54602
    endloop
  endfacet
  facet normal -0.528265 -0.64369 0.553714
    outer loop
      vertex 1.14108 0.714531 5.26879
      vertex 0.752775 0.752775 4.94279
      vertex 1.02006 0.533419 4.94279
    endloop
  endfacet
  facet normal -0.71467 -0.586517 0.381109
    outer loop
      vertex 0.533419 1.02006 4.94279
      vertex 0.408667 0.936706 4.58057
      vertex 0.752775 0.752775 4.94279
    endloop
  endfacet
  facet normal -0.625106 -0.334133 0.705406
    outer loop
      vertex 0.827794 1.51446 5.54602
      vertex 0.571664 1.40836 5.26879
      vertex 0.714531 1.14108 5.26879
    endloop
  endfacet
  facet normal -0.195051 -0.0191787 -0.980605
    outer loop
      vertex 1.80773 1.96176 0.00963116
      vertex 1.41943 2 0.0861197
      vertex 1.80397 2 0.00963116
    endloop
  endfacet
  facet normal 0.194823 -0.0203789 -0.980627
    outer loop
      vertex 128.581 2 0.0861197
      vertex 128.192 1.96176 0.00963116
      vertex 128.196 2 0.00963116
    endloop
  endfacet
  facet normal 0.187636 -0.0568542 -0.980592
    outer loop
      vertex 128.536 1.77783 0.0861197
      vertex 128.192 1.96176 0.00963116
      vertex 128.569 1.88674 0.0861197
    endloop
  endfacet
  facet normal -0.0906186 -0.920076 -0.381114
    outer loop
      vertex 2 0.0861197 1.41943
      vertex 1.62662 0.122894 1.41943
      vertex 1.65589 0.27005 1.05721
    endloop
  endfacet
  facet normal -0.284759 -0.938726 0.194181
    outer loop
      vertex 1.62662 0.122894 4.58057
      vertex 1.23832 0.161139 4.19603
      vertex 1.6117 0.0478754 4.19603
    endloop
  endfacet
  facet normal -0.435815 -0.815363 0.381115
    outer loop
      vertex 1.32501 0.370422 4.94279
      vertex 1.02006 0.533419 4.94279
      vertex 1.26759 0.231805 4.58057
    endloop
  endfacet
  facet normal -0.705399 -0.0694741 -0.705397
    outer loop
      vertex 0.755593 1.75247 0.453979
      vertex 0.483685 1.69839 0.731214
      vertex 0.731214 2 0.453979
    endloop
  endfacet
  facet normal -0.353605 -0.430907 -0.830231
    outer loop
      vertex 1.47621 1.2161 0.236158
      vertex 1.2951 0.945043 0.453979
      vertex 1.33334 1.33334 0.236158
    endloop
  endfacet
  facet normal -0.181148 -0.338886 -0.923224
    outer loop
      vertex 1.63921 1.12897 0.236158
      vertex 1.47621 1.2161 0.236158
      vertex 1.77783 1.46362 0.0861197
    endloop
  endfacet
  facet normal -0.181133 -0.338902 -0.92322
    outer loop
      vertex 1.77783 1.46362 0.0861197
      vertex 1.47621 1.2161 0.236158
      vertex 1.67745 1.51727 0.0861197
    endloop
  endfacet
  facet normal -0.338893 0.181152 -0.92322
    outer loop
      vertex 1.46362 21.2222 0.0861197
      vertex 1.12897 21.3608 0.236158
      vertex 1.2161 21.5238 0.236158
    endloop
  endfacet
  facet normal -0.172829 0.0924454 -0.980604
    outer loop
      vertex 1.837 21.1089 0.00963116
      vertex 1.46362 21.2222 0.0861197
      vertex 1.51727 21.3225 0.0861197
    endloop
  endfacet
  facet normal -0.491602 -0.262781 -0.830225
    outer loop
      vertex 1.2161 1.47621 0.236158
      vertex 0.827794 1.51446 0.453979
      vertex 1.12897 1.63921 0.236158
    endloop
  endfacet
  facet normal -0.815362 -0.435822 -0.38111
    outer loop
      vertex 0.408667 0.936706 1.41943
      vertex 0.231805 1.26759 1.41943
      vertex 0.533419 1.02006 1.05721
    endloop
  endfacet
  facet normal -0.815363 -0.435815 -0.381115
    outer loop
      vertex 0.533419 1.02006 1.05721
      vertex 0.231805 1.26759 1.41943
      vertex 0.370422 1.32501 1.05721
    endloop
  endfacet
  facet normal -0.435815 -0.815363 -0.381115
    outer loop
      vertex 1.26759 0.231805 1.41943
      vertex 1.02006 0.533419 1.05721
      vertex 1.32501 0.370422 1.05721
    endloop
  endfacet
  facet normal -0.39253 -0.734382 -0.553717
    outer loop
      vertex 1.32501 0.370422 1.05721
      vertex 1.02006 0.533419 1.05721
      vertex 1.14108 0.714531 0.731214
    endloop
  endfacet
  facet normal -0.976242 -0.0961515 -0.194183
    outer loop
      vertex 0.0478754 1.6117 1.80397
      vertex 0.00963116 2 1.80397
      vertex 0.0861197 2 1.41943
    endloop
  endfacet
  facet normal -0.923878 0 -0.382687
    outer loop
      vertex 0.236158 2 1.05721
      vertex 0.0861197 21 1.41943
      vertex 0.236158 21 1.05721
    endloop
  endfacet
  facet normal -0.923878 -0 -0.382687
    outer loop
      vertex 0.0861197 21 1.41943
      vertex 0.236158 2 1.05721
      vertex 0.0861197 2 1.41943
    endloop
  endfacet
  facet normal -0.297022 -0.24381 -0.92322
    outer loop
      vertex 1.58948 1.58948 0.0861197
      vertex 1.2161 1.47621 0.236158
      vertex 1.51727 1.67745 0.0861197
    endloop
  endfacet
  facet normal -0.430902 -0.353622 -0.830226
    outer loop
      vertex 1.10283 1.10283 0.453979
      vertex 0.945043 1.2951 0.453979
      vertex 1.33334 1.33334 0.236158
    endloop
  endfacet
  facet normal -0.554742 -0.054636 -0.830227
    outer loop
      vertex 0.755593 1.75247 0.453979
      vertex 0.731214 2 0.453979
      vertex 1.07532 1.81607 0.236158
    endloop
  endfacet
  facet normal -0.555566 0 -0.831473
    outer loop
      vertex 0.731214 2 0.453979
      vertex 1.05721 21 0.236158
      vertex 1.05721 2 0.236158
    endloop
  endfacet
  facet normal -0.555566 0 -0.831473
    outer loop
      vertex 1.05721 21 0.236158
      vertex 0.731214 2 0.453979
      vertex 0.731214 21 0.453979
    endloop
  endfacet
  facet normal -0.0906773 0.92003 -0.381212
    outer loop
      vertex 1.65589 22.7299 1.05721
      vertex 1.62662 22.8771 1.41943
      vertex 2 22.9139 1.41943
    endloop
  endfacet
  facet normal -0.26819 0.884733 -0.381212
    outer loop
      vertex 1.65589 22.7299 1.05721
      vertex 1.32501 22.6296 1.05721
      vertex 1.62662 22.8771 1.41943
    endloop
  endfacet
  facet normal -0.528335 0.643646 -0.553698
    outer loop
      vertex 1.14108 22.2855 0.731214
      vertex 0.752775 22.2472 1.05721
      vertex 1.02006 22.4666 1.05721
    endloop
  endfacet
  facet normal -0.586611 0.714642 -0.381018
    outer loop
      vertex 1.02006 22.4666 1.05721
      vertex 0.752775 22.2472 1.05721
      vertex 0.936706 22.5913 1.41943
    endloop
  endfacet
  facet normal -0.828698 0.0816224 -0.553712
    outer loop
      vertex 0.453979 21 0.731214
      vertex 0.236158 21 1.05721
      vertex 0.483685 21.3016 0.731214
    endloop
  endfacet
  facet normal -0.705398 0.069478 -0.705398
    outer loop
      vertex 0.731214 21 0.453979
      vertex 0.453979 21 0.731214
      vertex 0.483685 21.3016 0.731214
    endloop
  endfacet
  facet normal -0.796854 0.24171 -0.553714
    outer loop
      vertex 0.483685 21.3016 0.731214
      vertex 0.27005 21.3441 1.05721
      vertex 0.370422 21.675 1.05721
    endloop
  endfacet
  facet normal -0.828698 0.0816223 -0.553712
    outer loop
      vertex 0.483685 21.3016 0.731214
      vertex 0.236158 21 1.05721
      vertex 0.27005 21.3441 1.05721
    endloop
  endfacet
  facet normal -0.884716 0.268399 -0.381102
    outer loop
      vertex 0.370422 21.675 1.05721
      vertex 0.122894 21.3734 1.41943
      vertex 0.231805 21.7324 1.41943
    endloop
  endfacet
  facet normal -0.956945 0.29027 0
    outer loop
      vertex 0.0478754 21.3883 1.80397
      vertex 0.161139 21.7617 4.19603
      vertex 0.161139 21.7617 1.80397
    endloop
  endfacet
  facet normal -0.956945 0.29027 0
    outer loop
      vertex 0.161139 21.7617 4.19603
      vertex 0.0478754 21.3883 1.80397
      vertex 0.0478754 21.3883 4.19603
    endloop
  endfacet
  facet normal -0.622275 0.75833 -0.194189
    outer loop
      vertex 0.936706 22.5913 1.41943
      vertex 0.592597 22.4074 1.80397
      vertex 0.894211 22.6549 1.80397
    endloop
  endfacet
  facet normal -0.62229 0.758312 -0.194211
    outer loop
      vertex 0.646683 22.3533 1.41943
      vertex 0.592597 22.4074 1.80397
      vertex 0.936706 22.5913 1.41943
    endloop
  endfacet
  facet normal -0.714666 0.586481 0.381173
    outer loop
      vertex 0.752775 22.2472 4.94279
      vertex 0.408667 22.0633 4.58057
      vertex 0.533419 21.9799 4.94279
    endloop
  endfacet
  facet normal 0.392488 -0.734423 0.553693
    outer loop
      vertex 128.859 0.714531 5.26879
      vertex 128.675 0.370422 4.94279
      vertex 128.98 0.533419 4.94279
    endloop
  endfacet
  facet normal 0.392962 -0.734394 0.553395
    outer loop
      vertex 128.859 0.714531 5.26879
      vertex 128.592 0.571664 5.26879
      vertex 128.675 0.370422 4.94279
    endloop
  endfacet
  facet normal 0 -0.831473 -0.555566
    outer loop
      vertex 2 0.453979 0.731214
      vertex 128 0.236158 1.05721
      vertex 2 0.236158 1.05721
    endloop
  endfacet
  facet normal 0 -0.831473 -0.555566
    outer loop
      vertex 128 0.236158 1.05721
      vertex 2 0.453979 0.731214
      vertex 128 0.453979 0.731214
    endloop
  endfacet
  facet normal 0.241692 -0.797036 -0.55346
    outer loop
      vertex 128.344 0.27005 1.05721
      vertex 128.302 0.483685 0.731214
      vertex 128.675 0.370422 1.05721
    endloop
  endfacet
  facet normal 0.0816514 -0.828753 -0.553626
    outer loop
      vertex 128.344 0.27005 1.05721
      vertex 128 0.236158 1.05721
      vertex 128.302 0.483685 0.731214
    endloop
  endfacet
  facet normal 0.173302 -0.0915025 -0.980609
    outer loop
      vertex 128.483 1.67745 0.0861197
      vertex 128.163 1.89109 0.00963116
      vertex 128.536 1.77783 0.0861197
    endloop
  endfacet
  facet normal 0.340082 -0.179561 -0.923094
    outer loop
      vertex 128.784 1.47621 0.236158
      vertex 128.483 1.67745 0.0861197
      vertex 128.536 1.77783 0.0861197
    endloop
  endfacet
  facet normal 0.625123 -0.334453 -0.705239
    outer loop
      vertex 129.285 1.14108 0.731214
      vertex 129.172 1.51446 0.453979
      vertex 129.428 1.40836 0.731214
    endloop
  endfacet
  facet normal 0.920087 -0.0909097 -0.38102
    outer loop
      vertex 129.914 2 1.41943
      vertex 129.73 1.65589 1.05721
      vertex 129.764 2 1.05721
    endloop
  endfacet
  facet normal 0.586577 -0.714688 -0.380983
    outer loop
      vertex 129.353 0.646683 1.41943
      vertex 129.063 0.408667 1.41943
      vertex 129.247 0.752775 1.05721
    endloop
  endfacet
  facet normal 0.450009 -0.547687 -0.705358
    outer loop
      vertex 128.859 0.714531 0.731214
      vertex 128.705 0.945043 0.453979
      vertex 129.093 0.906798 0.731214
    endloop
  endfacet
  facet normal 0.622978 -0.757556 -0.194953
    outer loop
      vertex 129.106 0.345069 1.80397
      vertex 129.063 0.408667 1.41943
      vertex 129.407 0.592597 1.80397
    endloop
  endfacet
  facet normal 0.462483 -0.864971 -0.194771
    outer loop
      vertex 129.106 0.345069 1.80397
      vertex 128.762 0.161139 1.80397
      vertex 129.063 0.408667 1.41943
    endloop
  endfacet
  facet normal 0.881847 -0.471536 0
    outer loop
      vertex 129.655 0.894211 4.19603
      vertex 129.839 1.23832 1.80397
      vertex 129.839 1.23832 4.19603
    endloop
  endfacet
  facet normal 0.881847 -0.471536 0
    outer loop
      vertex 129.839 1.23832 1.80397
      vertex 129.655 0.894211 4.19603
      vertex 129.655 0.894211 1.80397
    endloop
  endfacet
  facet normal 0.938511 -0.284928 0.194971
    outer loop
      vertex 129.877 1.62662 4.58057
      vertex 129.768 1.26759 4.58057
      vertex 129.839 1.23832 4.19603
    endloop
  endfacet
  facet normal 0.885109 -0.267502 0.380821
    outer loop
      vertex 129.73 1.65589 4.94279
      vertex 129.63 1.32501 4.94279
      vertex 129.877 1.62662 4.58057
    endloop
  endfacet
  facet normal 1 -0 0
    outer loop
      vertex 129.99 2 4.19603
      vertex 129.99 21 1.80397
      vertex 129.99 21 4.19603
    endloop
  endfacet
  facet normal 1 0 0
    outer loop
      vertex 129.99 21 1.80397
      vertex 129.99 2 4.19603
      vertex 129.99 2 1.80397
    endloop
  endfacet
  facet normal 0.353352 0.431138 0.830218
    outer loop
      vertex 128.705 22.055 5.54602
      vertex 128.524 21.7839 5.76384
      vertex 128.667 21.6667 5.76384
    endloop
  endfacet
  facet normal 0.354167 0.430925 0.829982
    outer loop
      vertex 128.705 22.055 5.54602
      vertex 128.667 21.6667 5.76384
      vertex 128.897 21.8972 5.54602
    endloop
  endfacet
  facet normal -0.284729 0.938718 -0.194262
    outer loop
      vertex 1.26759 22.7682 1.41943
      vertex 1.23832 22.8389 1.80397
      vertex 1.62662 22.8771 1.41943
    endloop
  endfacet
  facet normal -0.268357 0.88474 -0.381078
    outer loop
      vertex 1.32501 22.6296 1.05721
      vertex 1.26759 22.7682 1.41943
      vertex 1.62662 22.8771 1.41943
    endloop
  endfacet
  facet normal 0 1 -0
    outer loop
      vertex 128 22.9904 1.80397
      vertex 2 22.9904 4.19603
      vertex 128 22.9904 4.19603
    endloop
  endfacet
  facet normal 0 1 0
    outer loop
      vertex 2 22.9904 4.19603
      vertex 128 22.9904 1.80397
      vertex 2 22.9904 1.80397
    endloop
  endfacet
  facet normal 0.587118 0.714496 0.38051
    outer loop
      vertex 129.063 22.5913 4.58057
      vertex 128.98 22.4666 4.94279
      vertex 129.247 22.2472 4.94279
    endloop
  endfacet
  facet normal 0.462291 0.864999 0.195101
    outer loop
      vertex 128.762 22.8389 4.19603
      vertex 128.732 22.7682 4.58057
      vertex 129.063 22.5913 4.58057
    endloop
  endfacet
  facet normal 0.757585 0.622948 0.194936
    outer loop
      vertex 129.655 22.1058 4.19603
      vertex 129.407 22.4074 4.19603
      vertex 129.591 22.0633 4.58057
    endloop
  endfacet
  facet normal 0.435866 0.815556 0.380644
    outer loop
      vertex 129.063 22.5913 4.58057
      vertex 128.732 22.7682 4.58057
      vertex 128.98 22.4666 4.94279
    endloop
  endfacet
  facet normal 0.0963144 0.97623 0.194159
    outer loop
      vertex 128.388 22.9521 4.19603
      vertex 128 22.9139 4.58057
      vertex 128.373 22.8771 4.58057
    endloop
  endfacet
  facet normal 0.0816748 0.828794 0.553561
    outer loop
      vertex 128.344 22.7299 4.94279
      vertex 128 22.7638 4.94279
      vertex 128.302 22.5163 5.26879
    endloop
  endfacet
  facet normal 0.707407 0 -0.706807
    outer loop
      vertex 129.269 2 0.453979
      vertex 129.546 21 0.731214
      vertex 129.546 2 0.731214
    endloop
  endfacet
  facet normal 0.707407 0 -0.706807
    outer loop
      vertex 129.546 21 0.731214
      vertex 129.269 2 0.453979
      vertex 129.269 21 0.453979
    endloop
  endfacet
  facet normal 0.241544 0.79712 0.553404
    outer loop
      vertex 128.344 22.7299 4.94279
      vertex 128.302 22.5163 5.26879
      vertex 128.675 22.6296 4.94279
    endloop
  endfacet
  facet normal 0.268121 0.884826 0.381044
    outer loop
      vertex 128.373 22.8771 4.58057
      vertex 128.344 22.7299 4.94279
      vertex 128.675 22.6296 4.94279
    endloop
  endfacet
  facet normal 0.435866 0.815556 -0.380644
    outer loop
      vertex 128.98 22.4666 1.05721
      vertex 128.732 22.7682 1.41943
      vertex 129.063 22.5913 1.41943
    endloop
  endfacet
  facet normal 0.635122 0.772411 -0
    outer loop
      vertex 129.407 22.4074 1.80397
      vertex 129.106 22.6549 4.19603
      vertex 129.407 22.4074 4.19603
    endloop
  endfacet
  facet normal 0.635122 0.772411 0
    outer loop
      vertex 129.106 22.6549 4.19603
      vertex 129.407 22.4074 1.80397
      vertex 129.106 22.6549 1.80397
    endloop
  endfacet
  facet normal 0.920086 0.0909123 0.38102
    outer loop
      vertex 129.914 21 4.58057
      vertex 129.73 21.3441 4.94279
      vertex 129.764 21 4.94279
    endloop
  endfacet
  facet normal 0.976192 0.0967304 0.194143
    outer loop
      vertex 129.952 21.3883 4.19603
      vertex 129.877 21.3734 4.58057
      vertex 129.914 21 4.58057
    endloop
  endfacet
  facet normal 0.528709 0.643358 0.553676
    outer loop
      vertex 129.247 22.2472 4.94279
      vertex 128.859 22.2855 5.26879
      vertex 129.093 22.0932 5.26879
    endloop
  endfacet
  facet normal 0.450061 0.547656 0.70535
    outer loop
      vertex 128.859 22.2855 5.26879
      vertex 128.705 22.055 5.54602
      vertex 129.093 22.0932 5.26879
    endloop
  endfacet
  facet normal 0.678414 0.205863 0.705248
    outer loop
      vertex 129.428 21.5916 5.26879
      vertex 129.172 21.4855 5.54602
      vertex 129.516 21.3016 5.26879
    endloop
  endfacet
  facet normal 0.795997 0.241544 0.555019
    outer loop
      vertex 129.63 21.675 4.94279
      vertex 129.428 21.5916 5.26879
      vertex 129.516 21.3016 5.26879
    endloop
  endfacet
  facet normal 0.187624 0.0568558 -0.980594
    outer loop
      vertex 128.569 21.1133 0.0861197
      vertex 128.192 21.0382 0.00963116
      vertex 128.536 21.2222 0.0861197
    endloop
  endfacet
  facet normal 0.194823 0.0204003 -0.980626
    outer loop
      vertex 128.196 21 0.00963116
      vertex 128.192 21.0382 0.00963116
      vertex 128.581 21 0.0861197
    endloop
  endfacet
  facet normal 0.491917 -0.262374 -0.830167
    outer loop
      vertex 129.055 1.2951 0.453979
      vertex 128.784 1.47621 0.236158
      vertex 129.172 1.51446 0.453979
    endloop
  endfacet
  facet normal 0.555365 -0.0560907 -0.829713
    outer loop
      vertex 129.244 1.75247 0.453979
      vertex 128.925 1.81607 0.236158
      vertex 129.269 2 0.453979
    endloop
  endfacet
  facet normal -0.0923866 -0.172857 -0.980605
    outer loop
      vertex 1.77783 1.46362 0.0861197
      vertex 1.67745 1.51727 0.0861197
      vertex 1.89109 1.837 0.00963116
    endloop
  endfacet
  facet normal -0.491603 -0.262764 -0.83023
    outer loop
      vertex 0.945043 1.2951 0.453979
      vertex 0.827794 1.51446 0.453979
      vertex 1.2161 1.47621 0.236158
    endloop
  endfacet
  facet normal 0.173157 -0.0919689 -0.980591
    outer loop
      vertex 128.536 1.77783 0.0861197
      vertex 128.163 1.89109 0.00963116
      vertex 128.181 1.92498 0.00963116
    endloop
  endfacet
  facet normal 0.187971 -0.0562174 -0.980564
    outer loop
      vertex 128.536 1.77783 0.0861197
      vertex 128.181 1.92498 0.00963116
      vertex 128.192 1.96176 0.00963116
    endloop
  endfacet
  facet normal 0.26263 0.491489 -0.830339
    outer loop
      vertex 128.524 21.7839 0.236158
      vertex 128.361 21.871 0.236158
      vertex 128.486 22.1722 0.453979
    endloop
  endfacet
  facet normal 0.18104 0.3388 -0.923277
    outer loop
      vertex 128.524 21.7839 0.236158
      vertex 128.222 21.5364 0.0861197
      vertex 128.361 21.871 0.236158
    endloop
  endfacet
  facet normal 0.64412 0.527832 -0.553628
    outer loop
      vertex 129.285 21.8589 0.731214
      vertex 129.093 22.0932 0.731214
      vertex 129.247 22.2472 1.05721
    endloop
  endfacet
  facet normal 0.62599 0.333823 -0.704768
    outer loop
      vertex 129.172 21.4855 0.453979
      vertex 129.055 21.7049 0.453979
      vertex 129.285 21.8589 0.731214
    endloop
  endfacet
  facet normal 0.298567 -0.239417 0.923871
    outer loop
      vertex 128.711 1.52471 5.8
      vertex 128.694 1.50351 5.8
      vertex 128.784 1.47621 5.76384
    endloop
  endfacet
  facet normal 0.338004 -0.180327 0.923707
    outer loop
      vertex 128.724 1.5489 5.8
      vertex 128.871 1.63921 5.76384
      vertex 128.79 1.67261 5.8
    endloop
  endfacet
  facet normal 0.338062 -0.180438 0.923665
    outer loop
      vertex 128.871 1.63921 5.76384
      vertex 128.724 1.5489 5.8
      vertex 128.784 1.47621 5.76384
    endloop
  endfacet
  facet normal 0.491905 -0.26255 0.830119
    outer loop
      vertex 128.871 1.63921 5.76384
      vertex 128.784 1.47621 5.76384
      vertex 129.172 1.51446 5.54602
    endloop
  endfacet
  facet normal -0.0545896 0.554733 -0.830236
    outer loop
      vertex 2 21.9428 0.236158
      vertex 1.81607 21.9247 0.236158
      vertex 2 22.2688 0.453979
    endloop
  endfacet
  facet normal -0.0376342 0.382434 -0.923216
    outer loop
      vertex 2 21.5806 0.0861197
      vertex 1.81607 21.9247 0.236158
      vertex 2 21.9428 0.236158
    endloop
  endfacet
  facet normal -0.181247 0.3388 -0.923236
    outer loop
      vertex 1.67745 21.4827 0.0861197
      vertex 1.47621 21.7839 0.236158
      vertex 1.77783 21.5364 0.0861197
    endloop
  endfacet
  facet normal -0.243775 0.29702 -0.92323
    outer loop
      vertex 1.58948 21.4105 0.0861197
      vertex 1.47621 21.7839 0.236158
      vertex 1.67745 21.4827 0.0861197
    endloop
  endfacet
  facet normal -0.205811 0.678309 -0.705364
    outer loop
      vertex 1.51446 22.1722 0.453979
      vertex 1.40836 22.4283 0.731214
      vertex 1.69839 22.5163 0.731214
    endloop
  endfacet
  facet normal -0.161822 0.533452 -0.830207
    outer loop
      vertex 1.81607 21.9247 0.236158
      vertex 1.51446 22.1722 0.453979
      vertex 1.75247 22.2444 0.453979
    endloop
  endfacet
  facet normal -0.430946 0.353563 -0.830228
    outer loop
      vertex 1.2161 21.5238 0.236158
      vertex 0.945043 21.7049 0.453979
      vertex 1.33334 21.6667 0.236158
    endloop
  endfacet
  facet normal -0.491626 0.262794 -0.830207
    outer loop
      vertex 1.12897 21.3608 0.236158
      vertex 0.827794 21.4855 0.453979
      vertex 1.2161 21.5238 0.236158
    endloop
  endfacet
  facet normal -0.734364 0.392585 -0.553703
    outer loop
      vertex 0.714531 21.8589 0.731214
      vertex 0.370422 21.675 1.05721
      vertex 0.533419 21.9799 1.05721
    endloop
  endfacet
  facet normal -0.815341 0.435875 -0.381093
    outer loop
      vertex 0.370422 21.675 1.05721
      vertex 0.231805 21.7324 1.41943
      vertex 0.533419 21.9799 1.05721
    endloop
  endfacet
  facet normal -0.64373 0.528246 -0.553685
    outer loop
      vertex 0.906798 22.0932 0.731214
      vertex 0.714531 21.8589 0.731214
      vertex 0.752775 22.2472 1.05721
    endloop
  endfacet
  facet normal -0.528325 0.643666 -0.553684
    outer loop
      vertex 0.906798 22.0932 0.731214
      vertex 0.752775 22.2472 1.05721
      vertex 1.14108 22.2855 0.731214
    endloop
  endfacet
  facet normal -0.49163 0.262731 -0.830224
    outer loop
      vertex 1.2161 21.5238 0.236158
      vertex 0.827794 21.4855 0.453979
      vertex 0.945043 21.7049 0.453979
    endloop
  endfacet
  facet normal -0.625158 0.334089 -0.705381
    outer loop
      vertex 0.827794 21.4855 0.453979
      vertex 0.714531 21.8589 0.731214
      vertex 0.945043 21.7049 0.453979
    endloop
  endfacet
  facet normal -0.081643 0.828737 -0.553651
    outer loop
      vertex 1.69839 22.5163 0.731214
      vertex 1.65589 22.7299 1.05721
      vertex 2 22.7638 1.05721
    endloop
  endfacet
  facet normal -0.796832 0.24174 0.553734
    outer loop
      vertex 0.571664 21.5916 5.26879
      vertex 0.370422 21.675 4.94279
      vertex 0.483685 21.3016 5.26879
    endloop
  endfacet
  facet normal -0.678277 0.205773 0.705406
    outer loop
      vertex 0.571664 21.5916 5.26879
      vertex 0.483685 21.3016 5.26879
      vertex 0.827794 21.4855 5.54602
    endloop
  endfacet
  facet normal -0.7071 0 0.707113
    outer loop
      vertex 0.453979 2 5.26879
      vertex 0.731214 21 5.54602
      vertex 0.453979 21 5.26879
    endloop
  endfacet
  facet normal -0.7071 0 0.707113
    outer loop
      vertex 0.731214 21 5.54602
      vertex 0.453979 2 5.26879
      vertex 0.731214 2 5.54602
    endloop
  endfacet
  facet normal -0.367752 0.111503 0.923215
    outer loop
      vertex 1.12897 21.3608 5.76384
      vertex 1.1689 21.1931 5.8
      vertex 1.20962 21.3274 5.8
    endloop
  endfacet
  facet normal -0.367707 0.111518 0.923231
    outer loop
      vertex 1.1689 21.1931 5.8
      vertex 1.12897 21.3608 5.76384
      vertex 1.07532 21.1839 5.76384
    endloop
  endfacet
  facet normal -0.338884 0.181147 0.923225
    outer loop
      vertex 1.12897 21.3608 5.76384
      vertex 1.27575 21.4511 5.8
      vertex 1.2161 21.5238 5.76384
    endloop
  endfacet
  facet normal -0.338898 0.181175 0.923214
    outer loop
      vertex 1.27575 21.4511 5.8
      vertex 1.12897 21.3608 5.76384
      vertex 1.20962 21.3274 5.8
    endloop
  endfacet
  facet normal -0.554739 0.0546424 0.830228
    outer loop
      vertex 0.755593 21.2475 5.54602
      vertex 0.731214 21 5.54602
      vertex 1.07532 21.1839 5.76384
    endloop
  endfacet
  facet normal -0.547981 0.449632 0.70537
    outer loop
      vertex 1.10283 21.8972 5.54602
      vertex 0.906798 22.0932 5.26879
      vertex 0.945043 21.7049 5.54602
    endloop
  endfacet
  facet normal -0.625115 0.334113 0.705407
    outer loop
      vertex 0.714531 21.8589 5.26879
      vertex 0.571664 21.5916 5.26879
      vertex 0.827794 21.4855 5.54602
    endloop
  endfacet
  facet normal -0.338941 0.181095 0.923214
    outer loop
      vertex 1.28868 21.4753 5.8
      vertex 1.2161 21.5238 5.76384
      vertex 1.27575 21.4511 5.8
    endloop
  endfacet
  facet normal -0.334024 0.625195 0.705379
    outer loop
      vertex 1.40836 22.4283 5.26879
      vertex 1.14108 22.2855 5.26879
      vertex 1.51446 22.1722 5.54602
    endloop
  endfacet
  facet normal -0.26819 0.884733 0.381212
    outer loop
      vertex 1.62662 22.8771 4.58057
      vertex 1.32501 22.6296 4.94279
      vertex 1.65589 22.7299 4.94279
    endloop
  endfacet
  facet normal -0.471536 0.881847 0
    outer loop
      vertex 1.23832 22.8389 1.80397
      vertex 0.894211 22.6549 4.19603
      vertex 1.23832 22.8389 4.19603
    endloop
  endfacet
  facet normal -0.471536 0.881847 0
    outer loop
      vertex 0.894211 22.6549 4.19603
      vertex 1.23832 22.8389 1.80397
      vertex 0.894211 22.6549 1.80397
    endloop
  endfacet
  facet normal -0.62229 0.758312 0.194211
    outer loop
      vertex 0.936706 22.5913 4.58057
      vertex 0.592597 22.4074 4.19603
      vertex 0.646683 22.3533 4.58057
    endloop
  endfacet
  facet normal -0.0816433 0.82874 0.553646
    outer loop
      vertex 2 22.7638 4.94279
      vertex 1.65589 22.7299 4.94279
      vertex 1.69839 22.5163 5.26879
    endloop
  endfacet
  facet normal -0.241576 0.796935 0.553657
    outer loop
      vertex 1.65589 22.7299 4.94279
      vertex 1.32501 22.6296 4.94279
      vertex 1.69839 22.5163 5.26879
    endloop
  endfacet
  facet normal -0.262695 0.491611 0.830247
    outer loop
      vertex 1.51446 22.1722 5.54602
      vertex 1.47621 21.7839 5.76384
      vertex 1.63921 21.871 5.76384
    endloop
  endfacet
  facet normal -0.181175 0.339079 0.923147
    outer loop
      vertex 1.63921 21.871 5.76384
      vertex 1.5489 21.7243 5.8
      vertex 1.67261 21.7904 5.8
    endloop
  endfacet
  facet normal -0.181194 0.339089 0.92314
    outer loop
      vertex 1.5489 21.7243 5.8
      vertex 1.63921 21.871 5.76384
      vertex 1.47621 21.7839 5.76384
    endloop
  endfacet
  facet normal -0.734384 -0.392545 0.553704
    outer loop
      vertex 0.571664 1.40836 5.26879
      vertex 0.370422 1.32501 4.94279
      vertex 0.714531 1.14108 5.26879
    endloop
  endfacet
  facet normal -0.528261 -0.643699 0.553708
    outer loop
      vertex 0.906798 0.906798 5.26879
      vertex 0.752775 0.752775 4.94279
      vertex 1.14108 0.714531 5.26879
    endloop
  endfacet
  facet normal -0.0961515 -0.976242 -0.194183
    outer loop
      vertex 2 0.00963116 1.80397
      vertex 1.6117 0.0478754 1.80397
      vertex 2 0.0861197 1.41943
    endloop
  endfacet
  facet normal -0.0906186 -0.920076 0.381114
    outer loop
      vertex 1.65589 0.27005 4.94279
      vertex 1.62662 0.122894 4.58057
      vertex 2 0.0861197 4.58057
    endloop
  endfacet
  facet normal -0.09062 -0.920077 0.381113
    outer loop
      vertex 2 0.236158 4.94279
      vertex 1.65589 0.27005 4.94279
      vertex 2 0.0861197 4.58057
    endloop
  endfacet
  facet normal -0.243754 -0.297042 -0.923228
    outer loop
      vertex 1.47621 1.2161 0.236158
      vertex 1.33334 1.33334 0.236158
      vertex 1.58948 1.58948 0.0861197
    endloop
  endfacet
  facet normal -0.33413 -0.62512 -0.705395
    outer loop
      vertex 1.51446 0.827794 0.453979
      vertex 1.14108 0.714531 0.731214
      vertex 1.2951 0.945043 0.453979
    endloop
  endfacet
  facet normal -0.33881 0.181228 -0.923236
    outer loop
      vertex 1.46362 21.2222 0.0861197
      vertex 1.2161 21.5238 0.236158
      vertex 1.51727 21.3225 0.0861197
    endloop
  endfacet
  facet normal -0.297032 0.243735 -0.923236
    outer loop
      vertex 1.51727 21.3225 0.0861197
      vertex 1.2161 21.5238 0.236158
      vertex 1.58948 21.4105 0.0861197
    endloop
  endfacet
  facet normal -0.187555 0.0568781 -0.980606
    outer loop
      vertex 1.80773 21.0382 0.00963116
      vertex 1.46362 21.2222 0.0861197
      vertex 1.81889 21.075 0.00963116
    endloop
  endfacet
  facet normal 0.151601 0.124037 -0.980628
    outer loop
      vertex 128.483 21.3225 0.0861197
      vertex 128.163 21.1089 0.00963116
      vertex 128.411 21.4105 0.0861197
    endloop
  endfacet
  facet normal -0.430907 -0.353605 -0.830231
    outer loop
      vertex 1.33334 1.33334 0.236158
      vertex 0.945043 1.2951 0.453979
      vertex 1.2161 1.47621 0.236158
    endloop
  endfacet
  facet normal -0.643696 -0.528259 -0.553713
    outer loop
      vertex 0.752775 0.752775 1.05721
      vertex 0.714531 1.14108 0.731214
      vertex 0.906798 0.906798 0.731214
    endloop
  endfacet
  facet normal -0.528259 -0.643696 -0.553713
    outer loop
      vertex 1.14108 0.714531 0.731214
      vertex 0.752775 0.752775 1.05721
      vertex 0.906798 0.906798 0.731214
    endloop
  endfacet
  facet normal -0.976243 0.0961453 -0.194177
    outer loop
      vertex 0.0861197 21 1.41943
      vertex 0.0478754 21.3883 1.80397
      vertex 0.122894 21.3734 1.41943
    endloop
  endfacet
  facet normal -0.920074 0.0906135 -0.38112
    outer loop
      vertex 0.27005 21.3441 1.05721
      vertex 0.0861197 21 1.41943
      vertex 0.122894 21.3734 1.41943
    endloop
  endfacet
  facet normal -0.533424 -0.161813 -0.830226
    outer loop
      vertex 1.12897 1.63921 0.236158
      vertex 0.827794 1.51446 0.453979
      vertex 1.07532 1.81607 0.236158
    endloop
  endfacet
  facet normal -0.734382 -0.392543 -0.553709
    outer loop
      vertex 0.714531 1.14108 0.731214
      vertex 0.370422 1.32501 1.05721
      vertex 0.571664 1.40836 0.731214
    endloop
  endfacet
  facet normal -0.533422 -0.161815 -0.830227
    outer loop
      vertex 0.827794 1.51446 0.453979
      vertex 0.755593 1.75247 0.453979
      vertex 1.07532 1.81607 0.236158
    endloop
  endfacet
  facet normal -0.678291 -0.205762 -0.705396
    outer loop
      vertex 0.827794 1.51446 0.453979
      vertex 0.483685 1.69839 0.731214
      vertex 0.755593 1.75247 0.453979
    endloop
  endfacet
  facet normal -0.338886 -0.181148 -0.923224
    outer loop
      vertex 1.2161 1.47621 0.236158
      vertex 1.12897 1.63921 0.236158
      vertex 1.46362 1.77783 0.0861197
    endloop
  endfacet
  facet normal -0.338902 -0.181133 -0.92322
    outer loop
      vertex 1.51727 1.67745 0.0861197
      vertex 1.2161 1.47621 0.236158
      vertex 1.46362 1.77783 0.0861197
    endloop
  endfacet
  facet normal -0.865128 0.462432 -0.19419
    outer loop
      vertex 0.408667 22.0633 1.41943
      vertex 0.161139 21.7617 1.80397
      vertex 0.345069 22.1058 1.80397
    endloop
  endfacet
  facet normal -0.865137 0.462405 -0.194217
    outer loop
      vertex 0.231805 21.7324 1.41943
      vertex 0.161139 21.7617 1.80397
      vertex 0.408667 22.0633 1.41943
    endloop
  endfacet
  facet normal -0.758268 0.622345 0.194207
    outer loop
      vertex 0.592597 22.4074 4.19603
      vertex 0.408667 22.0633 4.58057
      vertex 0.646683 22.3533 4.58057
    endloop
  endfacet
  facet normal -0.758281 0.622334 0.194191
    outer loop
      vertex 0.592597 22.4074 4.19603
      vertex 0.345069 22.1058 4.19603
      vertex 0.408667 22.0633 4.58057
    endloop
  endfacet
  facet normal 0.625952 -0.333864 -0.704783
    outer loop
      vertex 129.285 1.14108 0.731214
      vertex 129.055 1.2951 0.453979
      vertex 129.172 1.51446 0.453979
    endloop
  endfacet
  facet normal 0.885162 -0.268731 -0.379832
    outer loop
      vertex 129.768 1.26759 1.41943
      vertex 129.63 1.32501 1.05721
      vertex 129.877 1.62662 1.41943
    endloop
  endfacet
  facet normal 0.828435 -0.0824013 -0.553991
    outer loop
      vertex 129.764 2 1.05721
      vertex 129.516 1.69839 0.731214
      vertex 129.546 2 0.731214
    endloop
  endfacet
  facet normal 0.82824 -0.0818347 -0.554366
    outer loop
      vertex 129.73 1.65589 1.05721
      vertex 129.516 1.69839 0.731214
      vertex 129.764 2 1.05721
    endloop
  endfacet
  facet normal 0.733544 -0.39246 -0.554876
    outer loop
      vertex 129.63 1.32501 1.05721
      vertex 129.285 1.14108 0.731214
      vertex 129.428 1.40836 0.731214
    endloop
  endfacet
  facet normal 0.757601 -0.622932 -0.194929
    outer loop
      vertex 129.655 0.894211 1.80397
      vertex 129.407 0.592597 1.80397
      vertex 129.591 0.936706 1.41943
    endloop
  endfacet
  facet normal 0.733568 -0.392103 0.555097
    outer loop
      vertex 129.63 1.32501 4.94279
      vertex 129.285 1.14108 5.26879
      vertex 129.467 1.02006 4.94279
    endloop
  endfacet
  facet normal 0.815791 -0.436051 0.379927
    outer loop
      vertex 129.63 1.32501 4.94279
      vertex 129.467 1.02006 4.94279
      vertex 129.768 1.26759 4.58057
    endloop
  endfacet
  facet normal -0.435914 0.815358 -0.381012
    outer loop
      vertex 1.02006 22.4666 1.05721
      vertex 0.936706 22.5913 1.41943
      vertex 1.26759 22.7682 1.41943
    endloop
  endfacet
  facet normal -0.462496 0.86508 -0.194254
    outer loop
      vertex 1.26759 22.7682 1.41943
      vertex 0.936706 22.5913 1.41943
      vertex 1.23832 22.8389 1.80397
    endloop
  endfacet
  facet normal 0.622336 0.758309 0.194078
    outer loop
      vertex 129.407 22.4074 4.19603
      vertex 129.063 22.5913 4.58057
      vertex 129.353 22.3533 4.58057
    endloop
  endfacet
  facet normal 0.622935 0.75759 0.194958
    outer loop
      vertex 129.106 22.6549 4.19603
      vertex 129.063 22.5913 4.58057
      vertex 129.407 22.4074 4.19603
    endloop
  endfacet
  facet normal 0.33999 0.179656 -0.923109
    outer loop
      vertex 128.536 21.2222 0.0861197
      vertex 128.483 21.3225 0.0861197
      vertex 128.784 21.5238 0.236158
    endloop
  endfacet
  facet normal 0.67842 0.205865 -0.705242
    outer loop
      vertex 129.516 21.3016 0.731214
      vertex 129.172 21.4855 0.453979
      vertex 129.428 21.5916 0.731214
    endloop
  endfacet
  facet normal 0.885106 0.267484 -0.38084
    outer loop
      vertex 129.73 21.3441 1.05721
      vertex 129.63 21.675 1.05721
      vertex 129.877 21.3734 1.41943
    endloop
  endfacet
  facet normal 0.796684 0.240763 -0.554371
    outer loop
      vertex 129.73 21.3441 1.05721
      vertex 129.516 21.3016 0.731214
      vertex 129.63 21.675 1.05721
    endloop
  endfacet
  facet normal 0.555561 0 -0.831476
    outer loop
      vertex 128.943 2 0.236158
      vertex 129.269 21 0.453979
      vertex 129.269 2 0.453979
    endloop
  endfacet
  facet normal 0.555561 0 -0.831476
    outer loop
      vertex 129.269 21 0.453979
      vertex 128.943 2 0.236158
      vertex 128.943 21 0.236158
    endloop
  endfacet
  facet normal 0.58655 0.714704 -0.380996
    outer loop
      vertex 129.247 22.2472 1.05721
      vertex 129.063 22.5913 1.41943
      vertex 129.353 22.3533 1.41943
    endloop
  endfacet
  facet normal 0.587118 0.714496 -0.38051
    outer loop
      vertex 129.247 22.2472 1.05721
      vertex 128.98 22.4666 1.05721
      vertex 129.063 22.5913 1.41943
    endloop
  endfacet
  facet normal 0.981024 -0 0.193888
    outer loop
      vertex 129.914 2 4.58057
      vertex 129.99 21 4.19603
      vertex 129.914 21 4.58057
    endloop
  endfacet
  facet normal 0.981024 0 0.193888
    outer loop
      vertex 129.99 21 4.19603
      vertex 129.914 2 4.58057
      vertex 129.99 2 4.19603
    endloop
  endfacet
  facet normal 0.533256 -0.162817 -0.830138
    outer loop
      vertex 129.172 1.51446 0.453979
      vertex 128.871 1.63921 0.236158
      vertex 128.925 1.81607 0.236158
    endloop
  endfacet
  facet normal 0.534309 -0.161633 -0.829692
    outer loop
      vertex 129.172 1.51446 0.453979
      vertex 128.925 1.81607 0.236158
      vertex 129.244 1.75247 0.453979
    endloop
  endfacet
  facet normal -0.17286 0.0923451 -0.980608
    outer loop
      vertex 1.81889 21.075 0.00963116
      vertex 1.46362 21.2222 0.0861197
      vertex 1.837 21.1089 0.00963116
    endloop
  endfacet
  facet normal -0.172857 -0.0923866 -0.980605
    outer loop
      vertex 1.51727 1.67745 0.0861197
      vertex 1.46362 1.77783 0.0861197
      vertex 1.837 1.89109 0.00963116
    endloop
  endfacet
  facet normal -0.241575 0.796932 -0.553662
    outer loop
      vertex 1.69839 22.5163 0.731214
      vertex 1.32501 22.6296 1.05721
      vertex 1.65589 22.7299 1.05721
    endloop
  endfacet
  facet normal -0.0816057 0.828724 -0.553676
    outer loop
      vertex 2 22.546 0.731214
      vertex 1.69839 22.5163 0.731214
      vertex 2 22.7638 1.05721
    endloop
  endfacet
  facet normal -0.678282 0.205767 -0.705403
    outer loop
      vertex 0.755593 21.2475 0.453979
      vertex 0.483685 21.3016 0.731214
      vertex 0.827794 21.4855 0.453979
    endloop
  endfacet
  facet normal -0.678283 0.205775 -0.705399
    outer loop
      vertex 0.827794 21.4855 0.453979
      vertex 0.483685 21.3016 0.731214
      vertex 0.571664 21.5916 0.731214
    endloop
  endfacet
  facet normal -0.430938 0.353595 -0.830219
    outer loop
      vertex 1.33334 21.6667 0.236158
      vertex 0.945043 21.7049 0.453979
      vertex 1.10283 21.8972 0.453979
    endloop
  endfacet
  facet normal -0.547986 0.449636 -0.705364
    outer loop
      vertex 0.945043 21.7049 0.453979
      vertex 0.906798 22.0932 0.731214
      vertex 1.10283 21.8972 0.453979
    endloop
  endfacet
  facet normal -0.625153 0.334086 0.705387
    outer loop
      vertex 0.945043 21.7049 5.54602
      vertex 0.714531 21.8589 5.26879
      vertex 0.827794 21.4855 5.54602
    endloop
  endfacet
  facet normal -0.547948 0.449647 0.705387
    outer loop
      vertex 0.906798 22.0932 5.26879
      vertex 0.714531 21.8589 5.26879
      vertex 0.945043 21.7049 5.54602
    endloop
  endfacet
  facet normal -0.181847 0.338375 0.923274
    outer loop
      vertex 1.5489 21.7243 5.8
      vertex 1.47621 21.7839 5.76384
      vertex 1.52471 21.7113 5.8
    endloop
  endfacet
  facet normal -0.243761 0.296997 0.923241
    outer loop
      vertex 1.52471 21.7113 5.8
      vertex 1.47621 21.7839 5.76384
      vertex 1.50351 21.6939 5.8
    endloop
  endfacet
  facet normal -0.430945 0.353562 0.830229
    outer loop
      vertex 1.33334 21.6667 5.76384
      vertex 0.945043 21.7049 5.54602
      vertex 1.2161 21.5238 5.76384
    endloop
  endfacet
  facet normal -0.296863 0.243707 0.923298
    outer loop
      vertex 1.33334 21.6667 5.76384
      vertex 1.30608 21.4965 5.8
      vertex 1.39507 21.6049 5.8
    endloop
  endfacet
  facet normal -0.297068 0.243725 0.923227
    outer loop
      vertex 1.30608 21.4965 5.8
      vertex 1.33334 21.6667 5.76384
      vertex 1.2161 21.5238 5.76384
    endloop
  endfacet
  facet normal -0.678276 0.205766 0.705409
    outer loop
      vertex 0.827794 21.4855 5.54602
      vertex 0.483685 21.3016 5.26879
      vertex 0.755593 21.2475 5.54602
    endloop
  endfacet
  facet normal -0.705389 0.0694815 0.705407
    outer loop
      vertex 0.755593 21.2475 5.54602
      vertex 0.483685 21.3016 5.26879
      vertex 0.731214 21 5.54602
    endloop
  endfacet
  facet normal -0.491625 0.262793 0.830208
    outer loop
      vertex 1.2161 21.5238 5.76384
      vertex 0.827794 21.4855 5.54602
      vertex 1.12897 21.3608 5.76384
    endloop
  endfacet
  facet normal -0.533451 0.161784 0.830214
    outer loop
      vertex 1.12897 21.3608 5.76384
      vertex 0.827794 21.4855 5.54602
      vertex 1.07532 21.1839 5.76384
    endloop
  endfacet
  facet normal -0.46256 0.86506 0.194191
    outer loop
      vertex 1.23832 22.8389 4.19603
      vertex 0.894211 22.6549 4.19603
      vertex 0.936706 22.5913 4.58057
    endloop
  endfacet
  facet normal -0.205809 0.678303 0.70537
    outer loop
      vertex 1.69839 22.5163 5.26879
      vertex 1.40836 22.4283 5.26879
      vertex 1.51446 22.1722 5.54602
    endloop
  endfacet
  facet normal -0.241755 0.796776 0.553808
    outer loop
      vertex 1.69839 22.5163 5.26879
      vertex 1.32501 22.6296 4.94279
      vertex 1.40836 22.4283 5.26879
    endloop
  endfacet
  facet normal -0.0546853 0.554764 0.830209
    outer loop
      vertex 2 22.2688 5.54602
      vertex 1.75247 22.2444 5.54602
      vertex 1.81607 21.9247 5.76384
    endloop
  endfacet
  facet normal -0.0695335 0.705394 0.705396
    outer loop
      vertex 2 22.2688 5.54602
      vertex 1.69839 22.5163 5.26879
      vertex 1.75247 22.2444 5.54602
    endloop
  endfacet
  facet normal -0.54792 -0.449658 0.705402
    outer loop
      vertex 0.945043 1.2951 5.54602
      vertex 0.714531 1.14108 5.26879
      vertex 0.906798 0.906798 5.26879
    endloop
  endfacet
  facet normal -0.625114 -0.334127 0.705402
    outer loop
      vertex 0.827794 1.51446 5.54602
      vertex 0.714531 1.14108 5.26879
      vertex 0.945043 1.2951 5.54602
    endloop
  endfacet
  facet normal -0.28476 -0.938725 -0.194182
    outer loop
      vertex 1.62662 0.122894 1.41943
      vertex 1.23832 0.161139 1.80397
      vertex 1.26759 0.231805 1.41943
    endloop
  endfacet
  facet normal -0.284759 -0.938726 -0.194181
    outer loop
      vertex 1.6117 0.0478754 1.80397
      vertex 1.23832 0.161139 1.80397
      vertex 1.62662 0.122894 1.41943
    endloop
  endfacet
  facet normal -0.241724 -0.796854 0.553709
    outer loop
      vertex 1.69839 0.483685 5.26879
      vertex 1.32501 0.370422 4.94279
      vertex 1.65589 0.27005 4.94279
    endloop
  endfacet
  facet normal -0.268378 -0.884718 0.381114
    outer loop
      vertex 1.65589 0.27005 4.94279
      vertex 1.32501 0.370422 4.94279
      vertex 1.62662 0.122894 4.58057
    endloop
  endfacet
  facet normal -0.262781 -0.491602 -0.830225
    outer loop
      vertex 1.51446 0.827794 0.453979
      vertex 1.47621 1.2161 0.236158
      vertex 1.63921 1.12897 0.236158
    endloop
  endfacet
  facet normal -0.262764 -0.491603 -0.83023
    outer loop
      vertex 1.51446 0.827794 0.453979
      vertex 1.2951 0.945043 0.453979
      vertex 1.47621 1.2161 0.236158
    endloop
  endfacet
  facet normal -0.367731 0.111535 -0.923219
    outer loop
      vertex 1.43059 21.1133 0.0861197
      vertex 1.07532 21.1839 0.236158
      vertex 1.46362 21.2222 0.0861197
    endloop
  endfacet
  facet normal -0.187551 0.0568854 -0.980606
    outer loop
      vertex 1.80773 21.0382 0.00963116
      vertex 1.43059 21.1133 0.0861197
      vertex 1.46362 21.2222 0.0861197
    endloop
  endfacet
  facet normal -0.172861 -0.0923728 -0.980605
    outer loop
      vertex 1.837 1.89109 0.00963116
      vertex 1.46362 1.77783 0.0861197
      vertex 1.81889 1.92498 0.00963116
    endloop
  endfacet
  facet normal -0.187563 -0.0568838 -0.980604
    outer loop
      vertex 1.46362 1.77783 0.0861197
      vertex 1.43059 1.88674 0.0861197
      vertex 1.80773 1.96176 0.00963116
    endloop
  endfacet
  facet normal -0.24381 -0.297022 -0.92322
    outer loop
      vertex 1.67745 1.51727 0.0861197
      vertex 1.47621 1.2161 0.236158
      vertex 1.58948 1.58948 0.0861197
    endloop
  endfacet
  facet normal -0.124355 -0.151496 -0.980604
    outer loop
      vertex 1.67745 1.51727 0.0861197
      vertex 1.58948 1.58948 0.0861197
      vertex 1.89109 1.837 0.00963116
    endloop
  endfacet
  facet normal -0.151519 -0.124336 -0.980603
    outer loop
      vertex 1.86138 1.86138 0.00963116
      vertex 1.58948 1.58948 0.0861197
      vertex 1.837 1.89109 0.00963116
    endloop
  endfacet
  facet normal -0.382416 -0.0376532 -0.923223
    outer loop
      vertex 1.07532 1.81607 0.236158
      vertex 1.05721 2 0.236158
      vertex 1.41943 2 0.0861197
    endloop
  endfacet
  facet normal -0.382404 -0.0376799 -0.923227
    outer loop
      vertex 1.43059 1.88674 0.0861197
      vertex 1.07532 1.81607 0.236158
      vertex 1.41943 2 0.0861197
    endloop
  endfacet
  facet normal -0.62512 -0.33413 -0.705395
    outer loop
      vertex 0.945043 1.2951 0.453979
      vertex 0.714531 1.14108 0.731214
      vertex 0.827794 1.51446 0.453979
    endloop
  endfacet
  facet normal -0.625111 -0.334136 -0.7054
    outer loop
      vertex 0.714531 1.14108 0.731214
      vertex 0.571664 1.40836 0.731214
      vertex 0.827794 1.51446 0.453979
    endloop
  endfacet
  facet normal -0.714644 0.586541 0.381122
    outer loop
      vertex 0.646683 22.3533 4.58057
      vertex 0.408667 22.0633 4.58057
      vertex 0.752775 22.2472 4.94279
    endloop
  endfacet
  facet normal -0.586489 0.714686 0.381122
    outer loop
      vertex 0.936706 22.5913 4.58057
      vertex 0.646683 22.3533 4.58057
      vertex 0.752775 22.2472 4.94279
    endloop
  endfacet
  facet normal 0.796018 -0.241525 -0.554997
    outer loop
      vertex 129.63 1.32501 1.05721
      vertex 129.428 1.40836 0.731214
      vertex 129.516 1.69839 0.731214
    endloop
  endfacet
  facet normal 0.796681 -0.240776 -0.554371
    outer loop
      vertex 129.63 1.32501 1.05721
      vertex 129.516 1.69839 0.731214
      vertex 129.73 1.65589 1.05721
    endloop
  endfacet
  facet normal 0.758341 -0.622314 -0.194021
    outer loop
      vertex 129.407 0.592597 1.80397
      vertex 129.353 0.646683 1.41943
      vertex 129.591 0.936706 1.41943
    endloop
  endfacet
  facet normal 0.714244 -0.587888 -0.379794
    outer loop
      vertex 129.591 0.936706 1.41943
      vertex 129.247 0.752775 1.05721
      vertex 129.467 1.02006 1.05721
    endloop
  endfacet
  facet normal 0.58655 0.714704 0.380996
    outer loop
      vertex 129.353 22.3533 4.58057
      vertex 129.063 22.5913 4.58057
      vertex 129.247 22.2472 4.94279
    endloop
  endfacet
  facet normal 0.714713 0.586558 0.380966
    outer loop
      vertex 129.353 22.3533 4.58057
      vertex 129.247 22.2472 4.94279
      vertex 129.591 22.0633 4.58057
    endloop
  endfacet
  facet normal 0.338741 0.1808 -0.923345
    outer loop
      vertex 128.871 21.3608 0.236158
      vertex 128.536 21.2222 0.0861197
      vertex 128.784 21.5238 0.236158
    endloop
  endfacet
  facet normal 0.297389 0.243488 -0.923186
    outer loop
      vertex 128.784 21.5238 0.236158
      vertex 128.411 21.4105 0.0861197
      vertex 128.667 21.6667 0.236158
    endloop
  endfacet
  facet normal 0.547695 0.450004 -0.705355
    outer loop
      vertex 129.055 21.7049 0.453979
      vertex 128.897 21.8972 0.453979
      vertex 129.093 22.0932 0.731214
    endloop
  endfacet
  facet normal 0.431045 0.354161 -0.829922
    outer loop
      vertex 129.055 21.7049 0.453979
      vertex 128.667 21.6667 0.236158
      vertex 128.897 21.8972 0.453979
    endloop
  endfacet
  facet normal 0.733531 0.392424 -0.554919
    outer loop
      vertex 129.428 21.5916 0.731214
      vertex 129.285 21.8589 0.731214
      vertex 129.63 21.675 1.05721
    endloop
  endfacet
  facet normal 0.795994 0.241543 -0.555023
    outer loop
      vertex 129.516 21.3016 0.731214
      vertex 129.428 21.5916 0.731214
      vertex 129.63 21.675 1.05721
    endloop
  endfacet
  facet normal 0.382617 0.0374503 -0.923148
    outer loop
      vertex 128.943 21 0.236158
      vertex 128.581 21 0.0861197
      vertex 128.925 21.1839 0.236158
    endloop
  endfacet
  facet normal 0.555364 0.0560974 -0.829713
    outer loop
      vertex 129.269 21 0.453979
      vertex 128.925 21.1839 0.236158
      vertex 129.244 21.2475 0.453979
    endloop
  endfacet
  facet normal 0.462291 0.864999 -0.195101
    outer loop
      vertex 129.063 22.5913 1.41943
      vertex 128.732 22.7682 1.41943
      vertex 128.762 22.8389 1.80397
    endloop
  endfacet
  facet normal -0.0695341 0.705401 -0.70539
    outer loop
      vertex 1.75247 22.2444 0.453979
      vertex 1.69839 22.5163 0.731214
      vertex 2 22.2688 0.453979
    endloop
  endfacet
  facet normal -0.205762 0.678301 -0.705386
    outer loop
      vertex 1.75247 22.2444 0.453979
      vertex 1.51446 22.1722 0.453979
      vertex 1.69839 22.5163 0.731214
    endloop
  endfacet
  facet normal -0.643716 0.528256 0.553692
    outer loop
      vertex 0.752775 22.2472 4.94279
      vertex 0.533419 21.9799 4.94279
      vertex 0.714531 21.8589 5.26879
    endloop
  endfacet
  facet normal -0.734367 0.392586 0.553698
    outer loop
      vertex 0.533419 21.9799 4.94279
      vertex 0.370422 21.675 4.94279
      vertex 0.714531 21.8589 5.26879
    endloop
  endfacet
  facet normal -0.430901 -0.35362 0.830227
    outer loop
      vertex 1.33334 1.33334 5.76384
      vertex 0.945043 1.2951 5.54602
      vertex 1.10283 1.10283 5.54602
    endloop
  endfacet
  facet normal -0.547925 -0.449656 0.705399
    outer loop
      vertex 0.945043 1.2951 5.54602
      vertex 0.906798 0.906798 5.26879
      vertex 1.10283 1.10283 5.54602
    endloop
  endfacet
  facet normal -0.64369 -0.528265 0.553714
    outer loop
      vertex 0.714531 1.14108 5.26879
      vertex 0.533419 1.02006 4.94279
      vertex 0.752775 0.752775 4.94279
    endloop
  endfacet
  facet normal -0.643699 -0.528261 0.553708
    outer loop
      vertex 0.906798 0.906798 5.26879
      vertex 0.714531 1.14108 5.26879
      vertex 0.752775 0.752775 4.94279
    endloop
  endfacet
  facet normal 0 0 -1
    outer loop
      vertex 128 1.80397 0.00963116
      vertex 128.196 2 0.00963116
      vertex 128.192 1.96176 0.00963116
    endloop
  endfacet
  facet normal -0 0 -1
    outer loop
      vertex 128.196 2 0.00963116
      vertex 128 1.80397 0.00963116
      vertex 128.196 21 0.00963116
    endloop
  endfacet
  facet normal 0 0 -1
    outer loop
      vertex 128 1.80397 0.00963116
      vertex 128.192 1.96176 0.00963116
      vertex 128.181 1.92498 0.00963116
    endloop
  endfacet
  facet normal 0 0 -1
    outer loop
      vertex 128 21.196 0.00963116
      vertex 128.196 21 0.00963116
      vertex 128 1.80397 0.00963116
    endloop
  endfacet
  facet normal 0 0 -1
    outer loop
      vertex 128 1.80397 0.00963116
      vertex 128.181 1.92498 0.00963116
      vertex 128.163 1.89109 0.00963116
    endloop
  endfacet
  facet normal 0 0 -1
    outer loop
      vertex 128.196 21 0.00963116
      vertex 128 21.196 0.00963116
      vertex 128.192 21.0382 0.00963116
    endloop
  endfacet
  facet normal 0 0 -1
    outer loop
      vertex 128 1.80397 0.00963116
      vertex 128.163 1.89109 0.00963116
      vertex 128.139 1.86138 0.00963116
    endloop
  endfacet
  facet normal 0 0 -1
    outer loop
      vertex 128.192 21.0382 0.00963116
      vertex 128 21.196 0.00963116
      vertex 128.181 21.075 0.00963116
    endloop
  endfacet
  facet normal 0 0 -1
    outer loop
      vertex 128 1.80397 0.00963116
      vertex 128.139 1.86138 0.00963116
      vertex 128.109 1.837 0.00963116
    endloop
  endfacet
  facet normal 0 0 -1
    outer loop
      vertex 128.181 21.075 0.00963116
      vertex 128 21.196 0.00963116
      vertex 128.163 21.1089 0.00963116
    endloop
  endfacet
  facet normal 0 0 -1
    outer loop
      vertex 128 1.80397 0.00963116
      vertex 128.109 1.837 0.00963116
      vertex 128.075 1.81889 0.00963116
    endloop
  endfacet
  facet normal 0 0 -1
    outer loop
      vertex 128.163 21.1089 0.00963116
      vertex 128 21.196 0.00963116
      vertex 128.139 21.1386 0.00963116
    endloop
  endfacet
  facet normal 0 0 -1
    outer loop
      vertex 128 1.80397 0.00963116
      vertex 128.075 1.81889 0.00963116
      vertex 128.038 1.80773 0.00963116
    endloop
  endfacet
  facet normal 0 0 -1
    outer loop
      vertex 128.139 21.1386 0.00963116
      vertex 128 21.196 0.00963116
      vertex 128.109 21.163 0.00963116
    endloop
  endfacet
  facet normal 0 0 -1
    outer loop
      vertex 128.109 21.163 0.00963116
      vertex 128 21.196 0.00963116
      vertex 128.075 21.1811 0.00963116
    endloop
  endfacet
  facet normal 0 0 -1
    outer loop
      vertex 128.075 21.1811 0.00963116
      vertex 128 21.196 0.00963116
      vertex 128.038 21.1923 0.00963116
    endloop
  endfacet
  facet normal 0 0 -1
    outer loop
      vertex 2 1.80397 0.00963116
      vertex 128 21.196 0.00963116
      vertex 128 1.80397 0.00963116
    endloop
  endfacet
  facet normal 0 0 -1
    outer loop
      vertex 2 1.80397 0.00963116
      vertex 2 21.196 0.00963116
      vertex 128 21.196 0.00963116
    endloop
  endfacet
  facet normal 0 0 -1
    outer loop
      vertex 1.80397 2 0.00963116
      vertex 2 1.80397 0.00963116
      vertex 1.96176 1.80773 0.00963116
    endloop
  endfacet
  facet normal 0 0 -1
    outer loop
      vertex 2 1.80397 0.00963116
      vertex 1.80397 2 0.00963116
      vertex 2 21.196 0.00963116
    endloop
  endfacet
  facet normal 0 0 -1
    outer loop
      vertex 1.80397 2 0.00963116
      vertex 1.96176 1.80773 0.00963116
      vertex 1.92498 1.81889 0.00963116
    endloop
  endfacet
  facet normal 0 0 -1
    outer loop
      vertex 1.80397 21 0.00963116
      vertex 2 21.196 0.00963116
      vertex 1.80397 2 0.00963116
    endloop
  endfacet
  facet normal 0 0 -1
    outer loop
      vertex 1.80397 2 0.00963116
      vertex 1.92498 1.81889 0.00963116
      vertex 1.89109 1.837 0.00963116
    endloop
  endfacet
  facet normal 0 0 -1
    outer loop
      vertex 2 21.196 0.00963116
      vertex 1.80397 21 0.00963116
      vertex 1.96176 21.1923 0.00963116
    endloop
  endfacet
  facet normal 0 0 -1
    outer loop
      vertex 1.80397 2 0.00963116
      vertex 1.89109 1.837 0.00963116
      vertex 1.86138 1.86138 0.00963116
    endloop
  endfacet
  facet normal 0 0 -1
    outer loop
      vertex 1.96176 21.1923 0.00963116
      vertex 1.80397 21 0.00963116
      vertex 1.92498 21.1811 0.00963116
    endloop
  endfacet
  facet normal 0 0 -1
    outer loop
      vertex 1.80397 2 0.00963116
      vertex 1.86138 1.86138 0.00963116
      vertex 1.837 1.89109 0.00963116
    endloop
  endfacet
  facet normal 0 0 -1
    outer loop
      vertex 1.92498 21.1811 0.00963116
      vertex 1.80397 21 0.00963116
      vertex 1.89109 21.163 0.00963116
    endloop
  endfacet
  facet normal 0 0 -1
    outer loop
      vertex 1.80397 2 0.00963116
      vertex 1.837 1.89109 0.00963116
      vertex 1.81889 1.92498 0.00963116
    endloop
  endfacet
  facet normal 0 0 -1
    outer loop
      vertex 1.89109 21.163 0.00963116
      vertex 1.80397 21 0.00963116
      vertex 1.86138 21.1386 0.00963116
    endloop
  endfacet
  facet normal 0 0 -1
    outer loop
      vertex 1.80397 2 0.00963116
      vertex 1.81889 1.92498 0.00963116
      vertex 1.80773 1.96176 0.00963116
    endloop
  endfacet
  facet normal 0 0 -1
    outer loop
      vertex 1.86138 21.1386 0.00963116
      vertex 1.80397 21 0.00963116
      vertex 1.837 21.1089 0.00963116
    endloop
  endfacet
  facet normal 0 0 -1
    outer loop
      vertex 1.837 21.1089 0.00963116
      vertex 1.80397 21 0.00963116
      vertex 1.81889 21.075 0.00963116
    endloop
  endfacet
  facet normal 0 0 -1
    outer loop
      vertex 1.81889 21.075 0.00963116
      vertex 1.80397 21 0.00963116
      vertex 1.80773 21.0382 0.00963116
    endloop
  endfacet
  facet normal -0.187551 -0.0569077 -0.980605
    outer loop
      vertex 1.81889 1.92498 0.00963116
      vertex 1.46362 1.77783 0.0861197
      vertex 1.80773 1.96176 0.00963116
    endloop
  endfacet
  facet normal 0.528618 -0.643433 -0.553676
    outer loop
      vertex 128.98 0.533419 1.05721
      vertex 128.859 0.714531 0.731214
      vertex 129.247 0.752775 1.05721
    endloop
  endfacet
  facet normal 0.528641 -0.643386 -0.553709
    outer loop
      vertex 129.247 0.752775 1.05721
      vertex 128.859 0.714531 0.731214
      vertex 129.093 0.906798 0.731214
    endloop
  endfacet
  facet normal 0.367182 0.112085 -0.923371
    outer loop
      vertex 128.925 21.1839 0.236158
      vertex 128.536 21.2222 0.0861197
      vertex 128.871 21.3608 0.236158
    endloop
  endfacet
  facet normal 0.533285 0.162789 -0.830125
    outer loop
      vertex 128.925 21.1839 0.236158
      vertex 128.871 21.3608 0.236158
      vertex 129.172 21.4855 0.453979
    endloop
  endfacet
  facet normal 0.431312 0.353139 -0.830219
    outer loop
      vertex 128.784 21.5238 0.236158
      vertex 128.667 21.6667 0.236158
      vertex 129.055 21.7049 0.453979
    endloop
  endfacet
  facet normal 0.491944 0.26234 -0.830162
    outer loop
      vertex 129.172 21.4855 0.453979
      vertex 128.784 21.5238 0.236158
      vertex 129.055 21.7049 0.453979
    endloop
  endfacet
  facet normal 0.354168 0.430927 -0.82998
    outer loop
      vertex 128.897 21.8972 0.453979
      vertex 128.667 21.6667 0.236158
      vertex 128.705 22.055 0.453979
    endloop
  endfacet
  facet normal 0.45008 0.547626 -0.70536
    outer loop
      vertex 128.897 21.8972 0.453979
      vertex 128.705 22.055 0.453979
      vertex 129.093 22.0932 0.731214
    endloop
  endfacet
  facet normal 0.471652 0.881785 -0
    outer loop
      vertex 129.106 22.6549 1.80397
      vertex 128.762 22.8389 4.19603
      vertex 129.106 22.6549 4.19603
    endloop
  endfacet
  facet normal 0.471652 0.881785 0
    outer loop
      vertex 128.762 22.8389 4.19603
      vertex 129.106 22.6549 1.80397
      vertex 128.762 22.8389 1.80397
    endloop
  endfacet
  facet normal 0.733566 -0.392101 -0.555102
    outer loop
      vertex 129.467 1.02006 1.05721
      vertex 129.285 1.14108 0.731214
      vertex 129.63 1.32501 1.05721
    endloop
  endfacet
  facet normal 0.815791 -0.436051 -0.379927
    outer loop
      vertex 129.768 1.26759 1.41943
      vertex 129.467 1.02006 1.05721
      vertex 129.63 1.32501 1.05721
    endloop
  endfacet
  facet normal 0.534307 0.161639 -0.829692
    outer loop
      vertex 129.244 21.2475 0.453979
      vertex 128.925 21.1839 0.236158
      vertex 129.172 21.4855 0.453979
    endloop
  endfacet
  facet normal 0.678308 0.205202 -0.705543
    outer loop
      vertex 129.244 21.2475 0.453979
      vertex 129.172 21.4855 0.453979
      vertex 129.516 21.3016 0.731214
    endloop
  endfacet
endsolid OpenSCAD_Model
