solid OpenSCAD_Model
  facet normal -0.399296 -0.306384 0.864113
    outer loop
      vertex 1.4588 1.4588 15.8478
      vertex 0.945595 1.39124 15.5867
      vertex 1.13908 1.13908 15.5867
    endloop
  endfacet
  facet normal 0.655529 0.272352 0.704348
    outer loop
      vertex 159.374 78.7934 15.2175
      vertex 159.054 78.6088 15.5867
      vertex 159.533 78.4107 15.2175
    endloop
  endfacet
  facet normal 0.099806 -0.241096 -0.965356
    outer loop
      vertex 158.383 1.33717 0.152242
      vertex 158.068 1.74784 0.0171108
      vertex 158.131 1.77392 0.0171108
    endloop
  endfacet
  facet normal -0.399298 -0.306375 0.864115
    outer loop
      vertex 1.33717 1.61732 15.8478
      vertex 0.945595 1.39124 15.5867
      vertex 1.4588 1.4588 15.8478
    endloop
  endfacet
  facet normal 0.958172 0.12696 -0.25649
    outer loop
      vertex 159.983 78 1.73895
      vertex 159.848 78 1.23463
      vertex 159.915 78.5132 1.73895
    endloop
  endfacet
  facet normal -0.0656944 -0.49899 0.864114
    outer loop
      vertex 1.80191 1.26071 15.8478
      vertex 1.68488 0.823964 15.5867
      vertex 2 0.782477 15.5867
    endloop
  endfacet
  facet normal -0.0656958 -0.498991 0.864114
    outer loop
      vertex 2 1.23463 15.8478
      vertex 1.80191 1.26071 15.8478
      vertex 2 0.782477 15.5867
    endloop
  endfacet
  facet normal 0.801451 -0.332996 0.496779
    outer loop
      vertex 159.533 1.58933 15.2175
      vertex 159.374 1.20665 15.2175
      vertex 159.6 1.07612 14.7654
    endloop
  endfacet
  facet normal 0.8606 -0.113162 -0.49655
    outer loop
      vertex 159.785 1.52177 1.23463
      vertex 159.533 1.58933 0.782477
      vertex 159.587 2 0.782477
    endloop
  endfacet
  facet normal -0.306333 -0.399243 -0.864155
    outer loop
      vertex 1.61732 1.33717 0.152242
      vertex 1.39124 0.945595 0.413294
      vertex 1.4588 1.4588 0.152242
    endloop
  endfacet
  facet normal -0.12615 -0.958207 0.25676
    outer loop
      vertex 1.52177 0.215202 14.7654
      vertex 1.48679 0.0846758 14.2611
      vertex 2 0.152242 14.7654
    endloop
  endfacet
  facet normal 0.331952 -0.802038 0.49653
    outer loop
      vertex 158.924 0.399795 14.7654
      vertex 158.411 0.46736 15.2175
      vertex 158.478 0.215202 14.7654
    endloop
  endfacet
  facet normal -0.130525 -0.991445 0
    outer loop
      vertex 1.48679 0.0846758 1.73895
      vertex 2 0.0171108 14.2611
      vertex 1.48679 0.0846758 14.2611
    endloop
  endfacet
  facet normal -0.130525 -0.991445 -0
    outer loop
      vertex 2 0.0171108 14.2611
      vertex 1.48679 0.0846758 1.73895
      vertex 2 0.0171108 1.73895
    endloop
  endfacet
  facet normal -0.656083 0.271747 -0.704065
    outer loop
      vertex 0.945595 78.6088 0.413294
      vertex 0.46736 78.4107 0.782477
      vertex 0.625873 78.7934 0.782477
    endloop
  endfacet
  facet normal 0.130578 -0.991438 0
    outer loop
      vertex 158 0.0171108 1.73895
      vertex 158.513 0.0846758 14.2611
      vertex 158 0.0171108 14.2611
    endloop
  endfacet
  facet normal 0.130578 -0.991438 0
    outer loop
      vertex 158.513 0.0846758 14.2611
      vertex 158 0.0171108 1.73895
      vertex 158.513 0.0846758 1.73895
    endloop
  endfacet
  facet normal -0.382701 0.923872 0
    outer loop
      vertex 1.48679 79.9153 1.73895
      vertex 1.00856 79.7172 14.2611
      vertex 1.48679 79.9153 14.2611
    endloop
  endfacet
  facet normal -0.382701 0.923872 0
    outer loop
      vertex 1.00856 79.7172 14.2611
      vertex 1.48679 79.9153 1.73895
      vertex 1.00856 79.7172 1.73895
    endloop
  endfacet
  facet normal -0.0340372 -0.258667 -0.965367
    outer loop
      vertex 2 1.23463 0.152242
      vertex 1.93244 1.74784 0.0171108
      vertex 2 1.73895 0.0171108
    endloop
  endfacet
  facet normal -0.126216 0.958214 0.256702
    outer loop
      vertex 2 79.9829 14.2611
      vertex 1.48679 79.9153 14.2611
      vertex 2 79.8478 14.7654
    endloop
  endfacet
  facet normal -0.12615 -0.95821 -0.25675
    outer loop
      vertex 2 0.152242 1.23463
      vertex 1.48679 0.0846758 1.73895
      vertex 1.52177 0.215202 1.23463
    endloop
  endfacet
  facet normal 0.113196 -0.860499 0.496717
    outer loop
      vertex 158.411 0.46736 15.2175
      vertex 158 0.413294 15.2175
      vertex 158.478 0.215202 14.7654
    endloop
  endfacet
  facet normal -0.306375 -0.399298 0.864115
    outer loop
      vertex 1.4588 1.4588 15.8478
      vertex 1.39124 0.945595 15.5867
      vertex 1.61732 1.33717 15.8478
    endloop
  endfacet
  facet normal -0.306384 -0.399296 0.864113
    outer loop
      vertex 1.4588 1.4588 15.8478
      vertex 1.13908 1.13908 15.5867
      vertex 1.39124 0.945595 15.5867
    endloop
  endfacet
  facet normal 0.192372 -0.464992 -0.864161
    outer loop
      vertex 158.315 0.823964 0.413294
      vertex 158.198 1.26071 0.152242
      vertex 158.609 0.945595 0.413294
    endloop
  endfacet
  facet normal 0.703482 -0.0937618 0.704501
    outer loop
      vertex 159.218 2 15.5867
      vertex 159.176 1.68488 15.5867
      vertex 159.533 1.58933 15.2175
    endloop
  endfacet
  facet normal 0 1 -0
    outer loop
      vertex 158 79.9829 1.73895
      vertex 2 79.9829 14.2611
      vertex 158 79.9829 14.2611
    endloop
  endfacet
  facet normal 0 1 0
    outer loop
      vertex 2 79.9829 14.2611
      vertex 158 79.9829 1.73895
      vertex 2 79.9829 1.73895
    endloop
  endfacet
  facet normal -0.464984 -0.192605 0.864114
    outer loop
      vertex 1.26071 1.80191 15.8478
      vertex 0.823964 1.68488 15.5867
      vertex 0.945595 1.39124 15.5867
    endloop
  endfacet
  facet normal 0.588156 -0.767113 0.256145
    outer loop
      vertex 159.307 0.693438 14.7654
      vertex 158.991 0.282767 14.2611
      vertex 159.402 0.597886 14.2611
    endloop
  endfacet
  facet normal -0.192679 0.464923 0.864131
    outer loop
      vertex 1.80191 78.7393 15.8478
      vertex 1.39124 79.0544 15.5867
      vertex 1.61732 78.6628 15.8478
    endloop
  endfacet
  facet normal 0.241245 -0.0993262 -0.965368
    outer loop
      vertex 158.663 1.61732 0.152242
      vertex 158.252 1.93244 0.0171108
      vertex 158.739 1.80191 0.152242
    endloop
  endfacet
  facet normal 0.399184 0.307259 0.863854
    outer loop
      vertex 159.054 78.6088 15.5867
      vertex 158.541 78.5412 15.8478
      vertex 158.663 78.3827 15.8478
    endloop
  endfacet
  facet normal 0.0997341 0.241187 -0.96534
    outer loop
      vertex 158.383 78.6628 0.152242
      vertex 158.068 78.2522 0.0171108
      vertex 158.198 78.7393 0.152242
    endloop
  endfacet
  facet normal -0.206931 -0.158816 0.965379
    outer loop
      vertex 1.77392 1.86947 15.9829
      vertex 1.33717 1.61732 15.8478
      vertex 1.81541 1.81541 15.9829
    endloop
  endfacet
  facet normal 0.399209 -0.307239 0.86385
    outer loop
      vertex 158.663 1.61732 15.8478
      vertex 158.541 1.4588 15.8478
      vertex 159.054 1.39124 15.5867
    endloop
  endfacet
  facet normal -0.656081 -0.271761 -0.704062
    outer loop
      vertex 0.625873 1.20665 0.782477
      vertex 0.46736 1.58933 0.782477
      vertex 0.945595 1.39124 0.413294
    endloop
  endfacet
  facet normal -0.965924 0 0.258827
    outer loop
      vertex 0.0171108 2 14.2611
      vertex 0.152242 78 14.7654
      vertex 0.0171108 78 14.2611
    endloop
  endfacet
  facet normal -0.965924 0 0.258827
    outer loop
      vertex 0.152242 78 14.7654
      vertex 0.0171108 2 14.2611
      vertex 0.152242 2 14.7654
    endloop
  endfacet
  facet normal -0.11328 -0.86045 -0.496783
    outer loop
      vertex 2 0.152242 1.23463
      vertex 1.52177 0.215202 1.23463
      vertex 2 0.413294 0.782477
    endloop
  endfacet
  facet normal 0 -0.866024 -0.500002
    outer loop
      vertex 2 0.413294 0.782477
      vertex 158 0.152242 1.23463
      vertex 2 0.152242 1.23463
    endloop
  endfacet
  facet normal 0 -0.866024 -0.500002
    outer loop
      vertex 158 0.152242 1.23463
      vertex 2 0.413294 0.782477
      vertex 158 0.413294 0.782477
    endloop
  endfacet
  facet normal 0.0926204 -0.704083 0.704051
    outer loop
      vertex 158 0.782477 15.5867
      vertex 158 0.413294 15.2175
      vertex 158.411 0.46736 15.2175
    endloop
  endfacet
  facet normal -0.766757 -0.588355 0.256754
    outer loop
      vertex 0.399795 1.07612 14.7654
      vertex 0.282767 1.00856 14.2611
      vertex 0.693438 0.693438 14.7654
    endloop
  endfacet
  facet normal -0.192577 -0.464921 -0.864154
    outer loop
      vertex 1.80191 1.26071 0.152242
      vertex 1.39124 0.945595 0.413294
      vertex 1.61732 1.33717 0.152242
    endloop
  endfacet
  facet normal -0.271767 -0.656096 0.704046
    outer loop
      vertex 1.68488 0.823964 15.5867
      vertex 1.39124 0.945595 15.5867
      vertex 1.58933 0.46736 15.2175
    endloop
  endfacet
  facet normal -0.192604 -0.464985 0.864114
    outer loop
      vertex 1.61732 1.33717 15.8478
      vertex 1.39124 0.945595 15.5867
      vertex 1.80191 1.26071 15.8478
    endloop
  endfacet
  facet normal 0.866067 0 -0.499927
    outer loop
      vertex 159.848 2 1.23463
      vertex 159.587 78 0.782477
      vertex 159.848 78 1.23463
    endloop
  endfacet
  facet normal 0.866067 0 -0.499927
    outer loop
      vertex 159.587 78 0.782477
      vertex 159.848 2 1.23463
      vertex 159.587 2 0.782477
    endloop
  endfacet
  facet normal 0.707282 0 -0.706931
    outer loop
      vertex 159.587 2 0.782477
      vertex 159.218 78 0.413294
      vertex 159.587 78 0.782477
    endloop
  endfacet
  facet normal 0.707282 0 -0.706931
    outer loop
      vertex 159.218 78 0.413294
      vertex 159.587 2 0.782477
      vertex 159.218 2 0.413294
    endloop
  endfacet
  facet normal 0.465904 -0.191824 0.863792
    outer loop
      vertex 158.739 1.80191 15.8478
      vertex 158.663 1.61732 15.8478
      vertex 159.054 1.39124 15.5867
    endloop
  endfacet
  facet normal -0.498991 -0.0656958 0.864114
    outer loop
      vertex 1.23463 2 15.8478
      vertex 0.782477 2 15.5867
      vertex 1.26071 1.80191 15.8478
    endloop
  endfacet
  facet normal -0.704078 -0.0926951 0.704047
    outer loop
      vertex 0.782477 2 15.5867
      vertex 0.46736 1.58933 15.2175
      vertex 0.823964 1.68488 15.5867
    endloop
  endfacet
  facet normal -0.49899 -0.0656944 0.864114
    outer loop
      vertex 1.26071 1.80191 15.8478
      vertex 0.782477 2 15.5867
      vertex 0.823964 1.68488 15.5867
    endloop
  endfacet
  facet normal 0.527842 0.688568 -0.497249
    outer loop
      vertex 159.307 79.3066 1.23463
      vertex 158.793 79.3741 0.782477
      vertex 158.924 79.6002 1.23463
    endloop
  endfacet
  facet normal 0.860484 0.113364 -0.496704
    outer loop
      vertex 159.848 78 1.23463
      vertex 159.587 78 0.782477
      vertex 159.785 78.4782 1.23463
    endloop
  endfacet
  facet normal 0.370027 0.892847 -0.256717
    outer loop
      vertex 158.991 79.7172 1.73895
      vertex 158.478 79.7848 1.23463
      vertex 158.513 79.9153 1.73895
    endloop
  endfacet
  facet normal -0.271707 0.65612 0.704047
    outer loop
      vertex 1.58933 79.5326 15.2175
      vertex 1.39124 79.0544 15.5867
      vertex 1.68488 79.176 15.5867
    endloop
  endfacet
  facet normal -0.793374 0.608734 0
    outer loop
      vertex 0.282767 78.9914 1.73895
      vertex 0.597886 79.4021 14.2611
      vertex 0.597886 79.4021 1.73895
    endloop
  endfacet
  facet normal -0.793374 0.608734 0
    outer loop
      vertex 0.597886 79.4021 14.2611
      vertex 0.282767 78.9914 1.73895
      vertex 0.282767 78.9914 14.2611
    endloop
  endfacet
  facet normal -0.707123 0 0.707091
    outer loop
      vertex 0.413294 2 15.2175
      vertex 0.782477 78 15.5867
      vertex 0.413294 78 15.2175
    endloop
  endfacet
  facet normal -0.707123 0 0.707091
    outer loop
      vertex 0.782477 78 15.5867
      vertex 0.413294 2 15.2175
      vertex 0.782477 2 15.5867
    endloop
  endfacet
  facet normal -0.0657517 0.499033 0.864085
    outer loop
      vertex 2 79.2175 15.5867
      vertex 1.80191 78.7393 15.8478
      vertex 2 78.7654 15.8478
    endloop
  endfacet
  facet normal -0.130592 0.991436 0
    outer loop
      vertex 2 79.9829 1.73895
      vertex 1.48679 79.9153 14.2611
      vertex 2 79.9829 14.2611
    endloop
  endfacet
  facet normal -0.130592 0.991436 0
    outer loop
      vertex 1.48679 79.9153 14.2611
      vertex 2 79.9829 1.73895
      vertex 1.48679 79.9153 1.73895
    endloop
  endfacet
  facet normal 0.0338565 0.258679 -0.96537
    outer loop
      vertex 158.068 78.2522 0.0171108
      vertex 158 78.2611 0.0171108
      vertex 158 78.7654 0.152242
    endloop
  endfacet
  facet normal -0.892896 0.369876 -0.256765
    outer loop
      vertex 0.215202 78.4782 1.23463
      vertex 0.0846758 78.5132 1.73895
      vertex 0.282767 78.9914 1.73895
    endloop
  endfacet
  facet normal -0.0927477 0.704043 -0.704075
    outer loop
      vertex 2 79.2175 0.413294
      vertex 1.58933 79.5326 0.782477
      vertex 2 79.5867 0.782477
    endloop
  endfacet
  facet normal -0.766761 -0.588352 -0.256749
    outer loop
      vertex 0.597886 0.597886 1.73895
      vertex 0.282767 1.00856 1.73895
      vertex 0.693438 0.693438 1.23463
    endloop
  endfacet
  facet normal -0.192605 -0.464984 0.864114
    outer loop
      vertex 1.80191 1.26071 15.8478
      vertex 1.39124 0.945595 15.5867
      vertex 1.68488 0.823964 15.5867
    endloop
  endfacet
  facet normal 0.704243 -0.0926026 -0.703894
    outer loop
      vertex 159.533 1.58933 0.782477
      vertex 159.218 2 0.413294
      vertex 159.587 2 0.782477
    endloop
  endfacet
  facet normal 0 -0.707107 -0.707107
    outer loop
      vertex 2 0.782477 0.413294
      vertex 158 0.413294 0.782477
      vertex 2 0.413294 0.782477
    endloop
  endfacet
  facet normal 0 -0.707107 -0.707107
    outer loop
      vertex 158 0.413294 0.782477
      vertex 2 0.782477 0.413294
      vertex 158 0.782477 0.413294
    endloop
  endfacet
  facet normal 0.0657165 -0.498921 -0.864152
    outer loop
      vertex 158.198 1.26071 0.152242
      vertex 158 0.782477 0.413294
      vertex 158 1.23463 0.152242
    endloop
  endfacet
  facet normal -0.588355 -0.766757 0.256754
    outer loop
      vertex 1.07612 0.399795 14.7654
      vertex 0.693438 0.693438 14.7654
      vertex 1.00856 0.282767 14.2611
    endloop
  endfacet
  facet normal -0.563407 -0.432314 0.704044
    outer loop
      vertex 1.13908 1.13908 15.5867
      vertex 0.625873 1.20665 15.2175
      vertex 0.87803 0.87803 15.2175
    endloop
  endfacet
  facet normal -0.12615 -0.958207 0.256759
    outer loop
      vertex 2 0.152242 14.7654
      vertex 1.48679 0.0846758 14.2611
      vertex 2 0.0171108 14.2611
    endloop
  endfacet
  facet normal -0.58835 -0.766759 0.256759
    outer loop
      vertex 0.693438 0.693438 14.7654
      vertex 0.597886 0.597886 14.2611
      vertex 1.00856 0.282767 14.2611
    endloop
  endfacet
  facet normal -0 0.500115 0.865959
    outer loop
      vertex 2 79.2175 15.5867
      vertex 158 78.7654 15.8478
      vertex 158 79.2175 15.5867
    endloop
  endfacet
  facet normal 0 0.500115 0.865959
    outer loop
      vertex 158 78.7654 15.8478
      vertex 2 79.2175 15.5867
      vertex 2 78.7654 15.8478
    endloop
  endfacet
  facet normal 0.272252 -0.656099 0.703856
    outer loop
      vertex 158.609 0.945595 15.5867
      vertex 158.411 0.46736 15.2175
      vertex 158.793 0.625873 15.2175
    endloop
  endfacet
  facet normal 0 -1 0
    outer loop
      vertex 2 0.0171108 1.73895
      vertex 158 0.0171108 14.2611
      vertex 2 0.0171108 14.2611
    endloop
  endfacet
  facet normal 0 -1 -0
    outer loop
      vertex 158 0.0171108 14.2611
      vertex 2 0.0171108 1.73895
      vertex 158 0.0171108 1.73895
    endloop
  endfacet
  facet normal 0.0657255 -0.49899 0.864112
    outer loop
      vertex 158 1.23463 15.8478
      vertex 158 0.782477 15.5867
      vertex 158.198 1.26071 15.8478
    endloop
  endfacet
  facet normal -0.332109 0.801756 0.496881
    outer loop
      vertex 1.52177 79.7848 14.7654
      vertex 1.07612 79.6002 14.7654
      vertex 1.58933 79.5326 15.2175
    endloop
  endfacet
  facet normal 0.465903 0.191813 0.863795
    outer loop
      vertex 159.054 78.6088 15.5867
      vertex 158.663 78.3827 15.8478
      vertex 158.739 78.1981 15.8478
    endloop
  endfacet
  facet normal 0.703466 -0.0937597 -0.704518
    outer loop
      vertex 159.533 1.58933 0.782477
      vertex 159.176 1.68488 0.413294
      vertex 159.218 2 0.413294
    endloop
  endfacet
  facet normal 0.271406 -0.656027 -0.704249
    outer loop
      vertex 158.411 0.46736 0.782477
      vertex 158.315 0.823964 0.413294
      vertex 158.609 0.945595 0.413294
    endloop
  endfacet
  facet normal -0.241041 -0.099843 -0.965365
    outer loop
      vertex 1.33717 1.61732 0.152242
      vertex 1.26071 1.80191 0.152242
      vertex 1.74784 1.93244 0.0171108
    endloop
  endfacet
  facet normal 0.432733 0.563559 0.703664
    outer loop
      vertex 158.793 79.3741 15.2175
      vertex 158.609 79.0544 15.5867
      vertex 158.861 78.8609 15.5867
    endloop
  endfacet
  facet normal -0.464985 -0.192604 0.864114
    outer loop
      vertex 1.26071 1.80191 15.8478
      vertex 0.945595 1.39124 15.5867
      vertex 1.33717 1.61732 15.8478
    endloop
  endfacet
  facet normal -0.860424 0.113284 0.496827
    outer loop
      vertex 0.215202 78.4782 14.7654
      vertex 0.152242 78 14.7654
      vertex 0.413294 78 15.2175
    endloop
  endfacet
  facet normal -0.793355 -0.608759 0
    outer loop
      vertex 0.597886 0.597886 1.73895
      vertex 0.282767 1.00856 14.2611
      vertex 0.282767 1.00856 1.73895
    endloop
  endfacet
  facet normal -0.793355 -0.608759 0
    outer loop
      vertex 0.282767 1.00856 14.2611
      vertex 0.597886 0.597886 1.73895
      vertex 0.597886 0.597886 14.2611
    endloop
  endfacet
  facet normal -0.80179 -0.33211 0.496826
    outer loop
      vertex 0.46736 1.58933 15.2175
      vertex 0.215202 1.52177 14.7654
      vertex 0.399795 1.07612 14.7654
    endloop
  endfacet
  facet normal 0.767034 -0.58834 -0.255959
    outer loop
      vertex 159.402 0.597886 1.73895
      vertex 159.307 0.693438 1.23463
      vertex 159.717 1.00856 1.73895
    endloop
  endfacet
  facet normal 0.965989 0 -0.258583
    outer loop
      vertex 159.983 2 1.73895
      vertex 159.848 78 1.23463
      vertex 159.983 78 1.73895
    endloop
  endfacet
  facet normal 0.965989 0 -0.258583
    outer loop
      vertex 159.848 78 1.23463
      vertex 159.983 2 1.73895
      vertex 159.848 2 1.23463
    endloop
  endfacet
  facet normal 0.382858 0.923807 -0
    outer loop
      vertex 158.991 79.7172 1.73895
      vertex 158.513 79.9153 14.2611
      vertex 158.991 79.7172 14.2611
    endloop
  endfacet
  facet normal 0.382858 0.923807 0
    outer loop
      vertex 158.513 79.9153 14.2611
      vertex 158.991 79.7172 1.73895
      vertex 158.513 79.9153 1.73895
    endloop
  endfacet
  facet normal 0.158964 -0.206895 0.965362
    outer loop
      vertex 158.185 1.81541 15.9829
      vertex 158.131 1.77392 15.9829
      vertex 158.383 1.33717 15.8478
    endloop
  endfacet
  facet normal 0.527827 0.688548 0.497293
    outer loop
      vertex 158.924 79.6002 14.7654
      vertex 158.793 79.3741 15.2175
      vertex 159.307 79.3066 14.7654
    endloop
  endfacet
  facet normal 0.369661 0.893113 0.256319
    outer loop
      vertex 158.991 79.7172 14.2611
      vertex 158.478 79.7848 14.7654
      vertex 158.924 79.6002 14.7654
    endloop
  endfacet
  facet normal -0.0657193 0.499023 0.864093
    outer loop
      vertex 2 79.2175 15.5867
      vertex 1.68488 79.176 15.5867
      vertex 1.80191 78.7393 15.8478
    endloop
  endfacet
  facet normal 0 -0.500071 0.865984
    outer loop
      vertex 2 1.23463 15.8478
      vertex 158 0.782477 15.5867
      vertex 158 1.23463 15.8478
    endloop
  endfacet
  facet normal 0 -0.500071 0.865984
    outer loop
      vertex 158 0.782477 15.5867
      vertex 2 1.23463 15.8478
      vertex 2 0.782477 15.5867
    endloop
  endfacet
  facet normal 0.588095 0.767168 0.256119
    outer loop
      vertex 158.991 79.7172 14.2611
      vertex 158.924 79.6002 14.7654
      vertex 159.307 79.3066 14.7654
    endloop
  endfacet
  facet normal -0.588307 0.766806 0.256717
    outer loop
      vertex 1.00856 79.7172 14.2611
      vertex 0.693438 79.3066 14.7654
      vertex 1.07612 79.6002 14.7654
    endloop
  endfacet
  facet normal 0 0.965941 -0.258762
    outer loop
      vertex 158 79.8478 1.23463
      vertex 2 79.9829 1.73895
      vertex 158 79.9829 1.73895
    endloop
  endfacet
  facet normal 0 0.965941 -0.258762
    outer loop
      vertex 2 79.9829 1.73895
      vertex 158 79.8478 1.23463
      vertex 2 79.8478 1.23463
    endloop
  endfacet
  facet normal -0.0998338 -0.241048 -0.965365
    outer loop
      vertex 1.93244 1.74784 0.0171108
      vertex 1.61732 1.33717 0.152242
      vertex 1.86947 1.77392 0.0171108
    endloop
  endfacet
  facet normal -0.0927498 0.704059 0.704059
    outer loop
      vertex 2 79.5867 15.2175
      vertex 1.58933 79.5326 15.2175
      vertex 2 79.2175 15.5867
    endloop
  endfacet
  facet normal -0.704079 0.0926875 0.704047
    outer loop
      vertex 0.46736 78.4107 15.2175
      vertex 0.413294 78 15.2175
      vertex 0.782477 78 15.5867
    endloop
  endfacet
  facet normal -0.892894 0.369875 0.256775
    outer loop
      vertex 0.282767 78.9914 14.2611
      vertex 0.0846758 78.5132 14.2611
      vertex 0.215202 78.4782 14.7654
    endloop
  endfacet
  facet normal -0.0657427 0.498964 -0.864125
    outer loop
      vertex 2 78.7654 0.152242
      vertex 1.80191 78.7393 0.152242
      vertex 2 79.2175 0.413294
    endloop
  endfacet
  facet normal 0 -0.500002 -0.866024
    outer loop
      vertex 2 0.782477 0.413294
      vertex 158 1.23463 0.152242
      vertex 158 0.782477 0.413294
    endloop
  endfacet
  facet normal -0 -0.500002 -0.866024
    outer loop
      vertex 158 1.23463 0.152242
      vertex 2 0.782477 0.413294
      vertex 2 1.23463 0.152242
    endloop
  endfacet
  facet normal 0.498232 -0.0653946 -0.864574
    outer loop
      vertex 159.218 2 0.413294
      vertex 158.739 1.80191 0.152242
      vertex 158.765 2 0.152242
    endloop
  endfacet
  facet normal 0.241025 0.0996289 -0.965392
    outer loop
      vertex 158.252 78.0676 0.0171108
      vertex 158.226 78.1305 0.0171108
      vertex 158.663 78.3827 0.152242
    endloop
  endfacet
  facet normal -0.432299 -0.563395 -0.704062
    outer loop
      vertex 1.20665 0.625873 0.782477
      vertex 1.13908 1.13908 0.413294
      vertex 1.39124 0.945595 0.413294
    endloop
  endfacet
  facet normal -0.860449 -0.113281 -0.496784
    outer loop
      vertex 0.46736 1.58933 0.782477
      vertex 0.215202 1.52177 1.23463
      vertex 0.413294 2 0.782477
    endloop
  endfacet
  facet normal -0.113278 -0.860424 0.496828
    outer loop
      vertex 1.58933 0.46736 15.2175
      vertex 1.52177 0.215202 14.7654
      vertex 2 0.413294 15.2175
    endloop
  endfacet
  facet normal 0.369644 -0.893107 0.256365
    outer loop
      vertex 158.924 0.399795 14.7654
      vertex 158.478 0.215202 14.7654
      vertex 158.991 0.282767 14.2611
    endloop
  endfacet
  facet normal 0.767032 -0.588338 0.255969
    outer loop
      vertex 159.717 1.00856 14.2611
      vertex 159.307 0.693438 14.7654
      vertex 159.402 0.597886 14.2611
    endloop
  endfacet
  facet normal 0.527901 -0.688544 -0.49722
    outer loop
      vertex 158.924 0.399795 1.23463
      vertex 158.793 0.625873 0.782477
      vertex 159.307 0.693438 1.23463
    endloop
  endfacet
  facet normal -0.432314 -0.563407 0.704044
    outer loop
      vertex 1.13908 1.13908 15.5867
      vertex 0.87803 0.87803 15.2175
      vertex 1.20665 0.625873 15.2175
    endloop
  endfacet
  facet normal -0.498992 0.0656988 0.864112
    outer loop
      vertex 0.823964 78.3151 15.5867
      vertex 0.782477 78 15.5867
      vertex 1.26071 78.1981 15.8478
    endloop
  endfacet
  facet normal -0.0998215 -0.24099 0.965381
    outer loop
      vertex 1.93244 1.74784 15.9829
      vertex 1.61732 1.33717 15.8478
      vertex 1.80191 1.26071 15.8478
    endloop
  endfacet
  facet normal -0.113277 -0.860425 0.496827
    outer loop
      vertex 2 0.413294 15.2175
      vertex 1.52177 0.215202 14.7654
      vertex 2 0.152242 14.7654
    endloop
  endfacet
  facet normal 0 -0.707123 0.707091
    outer loop
      vertex 2 0.413294 15.2175
      vertex 158 0.782477 15.5867
      vertex 2 0.782477 15.5867
    endloop
  endfacet
  facet normal 0 -0.707123 0.707091
    outer loop
      vertex 158 0.782477 15.5867
      vertex 2 0.413294 15.2175
      vertex 158 0.413294 15.2175
    endloop
  endfacet
  facet normal 0 0.258827 -0.965924
    outer loop
      vertex 2 78.2611 0.0171108
      vertex 158 78.7654 0.152242
      vertex 158 78.2611 0.0171108
    endloop
  endfacet
  facet normal 0 0.258827 -0.965924
    outer loop
      vertex 158 78.7654 0.152242
      vertex 2 78.2611 0.0171108
      vertex 2 78.7654 0.152242
    endloop
  endfacet
  facet normal 0.39913 0.307217 -0.863894
    outer loop
      vertex 158.663 78.3827 0.152242
      vertex 158.541 78.5412 0.152242
      vertex 159.054 78.6088 0.413294
    endloop
  endfacet
  facet normal -0.688513 -0.52831 0.496828
    outer loop
      vertex 0.87803 0.87803 15.2175
      vertex 0.625873 1.20665 15.2175
      vertex 0.693438 0.693438 14.7654
    endloop
  endfacet
  facet normal -0.656096 -0.271767 0.704046
    outer loop
      vertex 0.823964 1.68488 15.5867
      vertex 0.46736 1.58933 15.2175
      vertex 0.945595 1.39124 15.5867
    endloop
  endfacet
  facet normal -0.958207 -0.12615 0.256759
    outer loop
      vertex 0.152242 2 14.7654
      vertex 0.0171108 2 14.2611
      vertex 0.0846758 1.48679 14.2611
    endloop
  endfacet
  facet normal -0.892908 -0.369852 0.256757
    outer loop
      vertex 0.399795 1.07612 14.7654
      vertex 0.215202 1.52177 14.7654
      vertex 0.282767 1.00856 14.2611
    endloop
  endfacet
  facet normal 0.465839 0.191786 -0.863836
    outer loop
      vertex 158.739 78.1981 0.152242
      vertex 158.663 78.3827 0.152242
      vertex 159.054 78.6088 0.413294
    endloop
  endfacet
  facet normal 0.12629 0.958199 0.256722
    outer loop
      vertex 158.513 79.9153 14.2611
      vertex 158 79.8478 14.7654
      vertex 158.478 79.7848 14.7654
    endloop
  endfacet
  facet normal 0.563668 0.431527 0.704317
    outer loop
      vertex 159.374 78.7934 15.2175
      vertex 158.861 78.8609 15.5867
      vertex 159.054 78.6088 15.5867
    endloop
  endfacet
  facet normal 0.860608 0.113155 -0.496538
    outer loop
      vertex 159.587 78 0.782477
      vertex 159.533 78.4107 0.782477
      vertex 159.785 78.4782 1.23463
    endloop
  endfacet
  facet normal -0.0927239 0.704076 0.704045
    outer loop
      vertex 2 79.2175 15.5867
      vertex 1.58933 79.5326 15.2175
      vertex 1.68488 79.176 15.5867
    endloop
  endfacet
  facet normal -0 0.707107 0.707107
    outer loop
      vertex 2 79.5867 15.2175
      vertex 158 79.2175 15.5867
      vertex 158 79.5867 15.2175
    endloop
  endfacet
  facet normal 0 0.707107 0.707107
    outer loop
      vertex 158 79.2175 15.5867
      vertex 2 79.5867 15.2175
      vertex 2 79.2175 15.5867
    endloop
  endfacet
  facet normal 0.793485 0.60859 0
    outer loop
      vertex 159.717 78.9914 14.2611
      vertex 159.402 79.4021 1.73895
      vertex 159.402 79.4021 14.2611
    endloop
  endfacet
  facet normal 0.793485 0.60859 0
    outer loop
      vertex 159.402 79.4021 1.73895
      vertex 159.717 78.9914 14.2611
      vertex 159.717 78.9914 1.73895
    endloop
  endfacet
  facet normal 0.965987 -0 0.258592
    outer loop
      vertex 159.848 2 14.7654
      vertex 159.983 78 14.2611
      vertex 159.848 78 14.7654
    endloop
  endfacet
  facet normal 0.965987 0 0.258592
    outer loop
      vertex 159.983 78 14.2611
      vertex 159.848 2 14.7654
      vertex 159.983 2 14.2611
    endloop
  endfacet
  facet normal 0.4983 0.0654003 0.864534
    outer loop
      vertex 159.218 78 15.5867
      vertex 158.739 78.1981 15.8478
      vertex 158.765 78 15.8478
    endloop
  endfacet
  facet normal -0.528234 0.688569 0.496832
    outer loop
      vertex 1.20665 79.3741 15.2175
      vertex 0.693438 79.3066 14.7654
      vertex 0.87803 79.122 15.2175
    endloop
  endfacet
  facet normal -0.498991 0.0656925 0.864114
    outer loop
      vertex 1.26071 78.1981 15.8478
      vertex 0.782477 78 15.5867
      vertex 1.23463 78 15.8478
    endloop
  endfacet
  facet normal 0.332525 0.801417 0.497149
    outer loop
      vertex 158.924 79.6002 14.7654
      vertex 158.411 79.5326 15.2175
      vertex 158.793 79.3741 15.2175
    endloop
  endfacet
  facet normal -0.369875 0.89291 0.256718
    outer loop
      vertex 1.48679 79.9153 14.2611
      vertex 1.00856 79.7172 14.2611
      vertex 1.52177 79.7848 14.7654
    endloop
  endfacet
  facet normal -0.369869 0.892915 0.256711
    outer loop
      vertex 1.52177 79.7848 14.7654
      vertex 1.00856 79.7172 14.2611
      vertex 1.07612 79.6002 14.7654
    endloop
  endfacet
  facet normal -0.958205 0.126158 0.256764
    outer loop
      vertex 0.215202 78.4782 14.7654
      vertex 0.0846758 78.5132 14.2611
      vertex 0.152242 78 14.7654
    endloop
  endfacet
  facet normal -0.958207 0.126152 0.256759
    outer loop
      vertex 0.0846758 78.5132 14.2611
      vertex 0.0171108 78 14.2611
      vertex 0.152242 78 14.7654
    endloop
  endfacet
  facet normal -0.688532 0.528306 0.496806
    outer loop
      vertex 0.693438 79.3066 14.7654
      vertex 0.399795 78.9239 14.7654
      vertex 0.625873 78.7934 15.2175
    endloop
  endfacet
  facet normal -0.528269 0.688553 -0.496816
    outer loop
      vertex 1.20665 79.3741 0.782477
      vertex 0.693438 79.3066 1.23463
      vertex 1.07612 79.6002 1.23463
    endloop
  endfacet
  facet normal -0.801843 0.332095 -0.496751
    outer loop
      vertex 0.46736 78.4107 0.782477
      vertex 0.215202 78.4782 1.23463
      vertex 0.399795 78.9239 1.23463
    endloop
  endfacet
  facet normal -0.528254 0.688533 0.49686
    outer loop
      vertex 1.07612 79.6002 14.7654
      vertex 0.693438 79.3066 14.7654
      vertex 1.20665 79.3741 15.2175
    endloop
  endfacet
  facet normal -0.113343 0.860379 0.496892
    outer loop
      vertex 2 79.5867 15.2175
      vertex 1.52177 79.7848 14.7654
      vertex 1.58933 79.5326 15.2175
    endloop
  endfacet
  facet normal 0.432701 -0.563561 0.703683
    outer loop
      vertex 158.861 1.13908 15.5867
      vertex 158.609 0.945595 15.5867
      vertex 158.793 0.625873 15.2175
    endloop
  endfacet
  facet normal 0.158999 -0.20694 -0.965347
    outer loop
      vertex 158.383 1.33717 0.152242
      vertex 158.131 1.77392 0.0171108
      vertex 158.185 1.81541 0.0171108
    endloop
  endfacet
  facet normal 0.0338172 -0.258669 -0.965374
    outer loop
      vertex 158.068 1.74784 0.0171108
      vertex 158 1.23463 0.152242
      vertex 158 1.73895 0.0171108
    endloop
  endfacet
  facet normal 0.0340751 -0.258699 -0.965357
    outer loop
      vertex 158.198 1.26071 0.152242
      vertex 158 1.23463 0.152242
      vertex 158.068 1.74784 0.0171108
    endloop
  endfacet
  facet normal -0.0340557 -0.25867 -0.965365
    outer loop
      vertex 2 1.23463 0.152242
      vertex 1.80191 1.26071 0.152242
      vertex 1.93244 1.74784 0.0171108
    endloop
  endfacet
  facet normal 0.241085 -0.0995427 -0.965386
    outer loop
      vertex 158.663 1.61732 0.152242
      vertex 158.226 1.86947 0.0171108
      vertex 158.252 1.93244 0.0171108
    endloop
  endfacet
  facet normal -0.0656867 -0.498922 -0.864154
    outer loop
      vertex 2 0.782477 0.413294
      vertex 1.80191 1.26071 0.152242
      vertex 2 1.23463 0.152242
    endloop
  endfacet
  facet normal -0.0926921 -0.704063 -0.704063
    outer loop
      vertex 2 0.413294 0.782477
      vertex 1.58933 0.46736 0.782477
      vertex 2 0.782477 0.413294
    endloop
  endfacet
  facet normal -0.113281 -0.860449 -0.496784
    outer loop
      vertex 2 0.413294 0.782477
      vertex 1.52177 0.215202 1.23463
      vertex 1.58933 0.46736 0.782477
    endloop
  endfacet
  facet normal 0.272246 -0.656084 -0.703872
    outer loop
      vertex 158.793 0.625873 0.782477
      vertex 158.411 0.46736 0.782477
      vertex 158.609 0.945595 0.413294
    endloop
  endfacet
  facet normal -0.991445 -0.130525 0
    outer loop
      vertex 0.0846758 1.48679 1.73895
      vertex 0.0171108 2 14.2611
      vertex 0.0171108 2 1.73895
    endloop
  endfacet
  facet normal -0.991445 -0.130525 0
    outer loop
      vertex 0.0171108 2 14.2611
      vertex 0.0846758 1.48679 1.73895
      vertex 0.0846758 1.48679 14.2611
    endloop
  endfacet
  facet normal -0.704055 0.0926979 -0.70407
    outer loop
      vertex 0.782477 78 0.413294
      vertex 0.46736 78.4107 0.782477
      vertex 0.823964 78.3151 0.413294
    endloop
  endfacet
  facet normal 0.563565 -0.432166 -0.704007
    outer loop
      vertex 159.122 0.87803 0.782477
      vertex 158.861 1.13908 0.413294
      vertex 159.374 1.20665 0.782477
    endloop
  endfacet
  facet normal 0.370008 -0.89284 0.25677
    outer loop
      vertex 158.991 0.282767 14.2611
      vertex 158.478 0.215202 14.7654
      vertex 158.513 0.0846758 14.2611
    endloop
  endfacet
  facet normal 0.991336 -0.131351 0
    outer loop
      vertex 159.915 1.48679 14.2611
      vertex 159.983 2 1.73895
      vertex 159.983 2 14.2611
    endloop
  endfacet
  facet normal 0.991336 -0.131351 0
    outer loop
      vertex 159.983 2 1.73895
      vertex 159.915 1.48679 14.2611
      vertex 159.915 1.48679 1.73895
    endloop
  endfacet
  facet normal 0.860575 -0.113159 0.496594
    outer loop
      vertex 159.587 2 15.2175
      vertex 159.533 1.58933 15.2175
      vertex 159.785 1.52177 14.7654
    endloop
  endfacet
  facet normal 0.382844 -0.923813 0
    outer loop
      vertex 158.513 0.0846758 1.73895
      vertex 158.991 0.282767 14.2611
      vertex 158.513 0.0846758 14.2611
    endloop
  endfacet
  facet normal 0.382844 -0.923813 0
    outer loop
      vertex 158.991 0.282767 14.2611
      vertex 158.513 0.0846758 1.73895
      vertex 158.991 0.282767 1.73895
    endloop
  endfacet
  facet normal 0.332564 -0.801446 -0.497078
    outer loop
      vertex 158.924 0.399795 1.23463
      vertex 158.411 0.46736 0.782477
      vertex 158.793 0.625873 0.782477
    endloop
  endfacet
  facet normal -0.20698 0.158833 -0.965366
    outer loop
      vertex 1.81541 78.1846 0.0171108
      vertex 1.33717 78.3827 0.152242
      vertex 1.4588 78.5412 0.152242
    endloop
  endfacet
  facet normal 0 -0.965924 0.258827
    outer loop
      vertex 2 0.0171108 14.2611
      vertex 158 0.152242 14.7654
      vertex 2 0.152242 14.7654
    endloop
  endfacet
  facet normal 0 -0.965924 0.258827
    outer loop
      vertex 158 0.152242 14.7654
      vertex 2 0.0171108 14.2611
      vertex 158 0.0171108 14.2611
    endloop
  endfacet
  facet normal -0.369857 -0.892905 0.256762
    outer loop
      vertex 1.52177 0.215202 14.7654
      vertex 1.00856 0.282767 14.2611
      vertex 1.48679 0.0846758 14.2611
    endloop
  endfacet
  facet normal 0.0657814 0.499032 0.864083
    outer loop
      vertex 158 79.2175 15.5867
      vertex 158 78.7654 15.8478
      vertex 158.198 78.7393 15.8478
    endloop
  endfacet
  facet normal 0.499369 0 0.866389
    outer loop
      vertex 158.765 78 15.8478
      vertex 159.218 2 15.5867
      vertex 159.218 78 15.5867
    endloop
  endfacet
  facet normal 0.499369 0 0.866389
    outer loop
      vertex 159.218 2 15.5867
      vertex 158.765 78 15.8478
      vertex 158.765 2 15.8478
    endloop
  endfacet
  facet normal -0.0340484 -0.258614 0.965381
    outer loop
      vertex 1.93244 1.74784 15.9829
      vertex 1.80191 1.26071 15.8478
      vertex 2 1.23463 15.8478
    endloop
  endfacet
  facet normal 0.0657191 -0.498988 0.864114
    outer loop
      vertex 158.198 1.26071 15.8478
      vertex 158 0.782477 15.5867
      vertex 158.315 0.823964 15.5867
    endloop
  endfacet
  facet normal 0.258971 0 -0.965885
    outer loop
      vertex 158.261 2 0.0171108
      vertex 158.765 78 0.152242
      vertex 158.765 2 0.152242
    endloop
  endfacet
  facet normal 0.258971 0 -0.965885
    outer loop
      vertex 158.765 78 0.152242
      vertex 158.261 2 0.0171108
      vertex 158.261 78 0.0171108
    endloop
  endfacet
  facet normal 0.258817 0.0344579 -0.965312
    outer loop
      vertex 158.261 78 0.0171108
      vertex 158.252 78.0676 0.0171108
      vertex 158.765 78 0.152242
    endloop
  endfacet
  facet normal -0.099895 0.241041 -0.96536
    outer loop
      vertex 1.93244 78.2522 0.0171108
      vertex 1.61732 78.6628 0.152242
      vertex 1.80191 78.7393 0.152242
    endloop
  endfacet
  facet normal 0.271346 0.656051 -0.70425
    outer loop
      vertex 158.609 79.0544 0.413294
      vertex 158.315 79.176 0.413294
      vertex 158.411 79.5326 0.782477
    endloop
  endfacet
  facet normal -0.707107 0 -0.707107
    outer loop
      vertex 0.782477 2 0.413294
      vertex 0.413294 78 0.782477
      vertex 0.782477 78 0.413294
    endloop
  endfacet
  facet normal -0.707107 -0 -0.707107
    outer loop
      vertex 0.413294 78 0.782477
      vertex 0.782477 2 0.413294
      vertex 0.413294 2 0.782477
    endloop
  endfacet
  facet normal -0.704079 -0.0926942 0.704046
    outer loop
      vertex 0.782477 2 15.5867
      vertex 0.413294 2 15.2175
      vertex 0.46736 1.58933 15.2175
    endloop
  endfacet
  facet normal -0.500071 0 0.865984
    outer loop
      vertex 0.782477 78 15.5867
      vertex 1.23463 2 15.8478
      vertex 1.23463 78 15.8478
    endloop
  endfacet
  facet normal -0.500071 0 0.865984
    outer loop
      vertex 1.23463 2 15.8478
      vertex 0.782477 78 15.5867
      vertex 0.782477 2 15.5867
    endloop
  endfacet
  facet normal -0.860424 -0.113278 0.496828
    outer loop
      vertex 0.413294 2 15.2175
      vertex 0.215202 1.52177 14.7654
      vertex 0.46736 1.58933 15.2175
    endloop
  endfacet
  facet normal -0.860425 -0.113277 0.496827
    outer loop
      vertex 0.413294 2 15.2175
      vertex 0.152242 2 14.7654
      vertex 0.215202 1.52177 14.7654
    endloop
  endfacet
  facet normal 0.767064 0.588325 -0.255901
    outer loop
      vertex 159.717 78.9914 1.73895
      vertex 159.307 79.3066 1.23463
      vertex 159.402 79.4021 1.73895
    endloop
  endfacet
  facet normal 0.563528 0.432164 -0.704038
    outer loop
      vertex 159.374 78.7934 0.782477
      vertex 158.861 78.8609 0.413294
      vertex 159.122 79.122 0.782477
    endloop
  endfacet
  facet normal 0.991336 0.131354 0
    outer loop
      vertex 159.983 78 14.2611
      vertex 159.915 78.5132 1.73895
      vertex 159.915 78.5132 14.2611
    endloop
  endfacet
  facet normal 0.991336 0.131354 0
    outer loop
      vertex 159.915 78.5132 1.73895
      vertex 159.983 78 14.2611
      vertex 159.983 78 1.73895
    endloop
  endfacet
  facet normal 0.332535 0.80144 -0.497105
    outer loop
      vertex 158.793 79.3741 0.782477
      vertex 158.411 79.5326 0.782477
      vertex 158.924 79.6002 1.23463
    endloop
  endfacet
  facet normal 0.0998766 0.241081 -0.965352
    outer loop
      vertex 158.131 78.2261 0.0171108
      vertex 158.068 78.2522 0.0171108
      vertex 158.383 78.6628 0.152242
    endloop
  endfacet
  facet normal 0.192342 0.465038 -0.864143
    outer loop
      vertex 158.609 79.0544 0.413294
      vertex 158.198 78.7393 0.152242
      vertex 158.315 79.176 0.413294
    endloop
  endfacet
  facet normal 0.923932 0.382557 0
    outer loop
      vertex 159.915 78.5132 14.2611
      vertex 159.717 78.9914 1.73895
      vertex 159.717 78.9914 14.2611
    endloop
  endfacet
  facet normal 0.923932 0.382557 0
    outer loop
      vertex 159.717 78.9914 1.73895
      vertex 159.915 78.5132 14.2611
      vertex 159.915 78.5132 1.73895
    endloop
  endfacet
  facet normal 0.704243 0.0925959 -0.703894
    outer loop
      vertex 159.587 78 0.782477
      vertex 159.218 78 0.413294
      vertex 159.533 78.4107 0.782477
    endloop
  endfacet
  facet normal 0.113397 0.860373 0.496889
    outer loop
      vertex 158 79.8478 14.7654
      vertex 158 79.5867 15.2175
      vertex 158.478 79.7848 14.7654
    endloop
  endfacet
  facet normal -0.464983 0.192593 0.864117
    outer loop
      vertex 1.33717 78.3827 15.8478
      vertex 0.945595 78.6088 15.5867
      vertex 1.26071 78.1981 15.8478
    endloop
  endfacet
  facet normal 0.527734 0.688713 0.497163
    outer loop
      vertex 159.307 79.3066 14.7654
      vertex 158.793 79.3741 15.2175
      vertex 159.122 79.122 15.2175
    endloop
  endfacet
  facet normal 0.704259 0.092598 0.703878
    outer loop
      vertex 159.533 78.4107 15.2175
      vertex 159.218 78 15.5867
      vertex 159.587 78 15.2175
    endloop
  endfacet
  facet normal 0.432033 -0.563692 0.703988
    outer loop
      vertex 158.861 1.13908 15.5867
      vertex 158.793 0.625873 15.2175
      vertex 159.122 0.87803 15.2175
    endloop
  endfacet
  facet normal 0.860583 0.113152 0.496582
    outer loop
      vertex 159.785 78.4782 14.7654
      vertex 159.533 78.4107 15.2175
      vertex 159.587 78 15.2175
    endloop
  endfacet
  facet normal -0.113343 0.860379 0.496892
    outer loop
      vertex 2 79.8478 14.7654
      vertex 1.52177 79.7848 14.7654
      vertex 2 79.5867 15.2175
    endloop
  endfacet
  facet normal -0.12623 0.958208 0.256716
    outer loop
      vertex 2 79.8478 14.7654
      vertex 1.48679 79.9153 14.2611
      vertex 1.52177 79.7848 14.7654
    endloop
  endfacet
  facet normal -0.865999 0 0.500046
    outer loop
      vertex 0.152242 2 14.7654
      vertex 0.413294 78 15.2175
      vertex 0.152242 78 14.7654
    endloop
  endfacet
  facet normal -0.865999 0 0.500046
    outer loop
      vertex 0.413294 78 15.2175
      vertex 0.152242 2 14.7654
      vertex 0.413294 2 15.2175
    endloop
  endfacet
  facet normal -1 0 0
    outer loop
      vertex 0.0171108 2 1.73895
      vertex 0.0171108 78 14.2611
      vertex 0.0171108 78 1.73895
    endloop
  endfacet
  facet normal -1 -0 0
    outer loop
      vertex 0.0171108 78 14.2611
      vertex 0.0171108 2 1.73895
      vertex 0.0171108 2 14.2611
    endloop
  endfacet
  facet normal -0.27175 0.656108 -0.704041
    outer loop
      vertex 1.39124 79.0544 0.413294
      vertex 1.20665 79.3741 0.782477
      vertex 1.58933 79.5326 0.782477
    endloop
  endfacet
  facet normal -0.258817 0 -0.965926
    outer loop
      vertex 1.23463 2 0.152242
      vertex 1.73895 78 0.0171108
      vertex 1.73895 2 0.0171108
    endloop
  endfacet
  facet normal -0.258817 0 -0.965926
    outer loop
      vertex 1.73895 78 0.0171108
      vertex 1.23463 2 0.152242
      vertex 1.23463 78 0.152242
    endloop
  endfacet
  facet normal -0.95821 -0.12615 -0.25675
    outer loop
      vertex 0.0846758 1.48679 1.73895
      vertex 0.0171108 2 1.73895
      vertex 0.152242 2 1.23463
    endloop
  endfacet
  facet normal -0.399209 0.306391 -0.864151
    outer loop
      vertex 1.4588 78.5412 0.152242
      vertex 0.945595 78.6088 0.413294
      vertex 1.13908 78.8609 0.413294
    endloop
  endfacet
  facet normal -0.892911 -0.369853 -0.256747
    outer loop
      vertex 0.282767 1.00856 1.73895
      vertex 0.215202 1.52177 1.23463
      vertex 0.399795 1.07612 1.23463
    endloop
  endfacet
  facet normal -0.86045 -0.11328 -0.496783
    outer loop
      vertex 0.215202 1.52177 1.23463
      vertex 0.152242 2 1.23463
      vertex 0.413294 2 0.782477
    endloop
  endfacet
  facet normal -0.56337 0.432312 0.704075
    outer loop
      vertex 0.87803 79.122 15.2175
      vertex 0.625873 78.7934 15.2175
      vertex 1.13908 78.8609 15.5867
    endloop
  endfacet
  facet normal -0.206945 -0.158785 0.965381
    outer loop
      vertex 1.81541 1.81541 15.9829
      vertex 1.33717 1.61732 15.8478
      vertex 1.4588 1.4588 15.8478
    endloop
  endfacet
  facet normal -0.192575 0.46503 0.864096
    outer loop
      vertex 1.68488 79.176 15.5867
      vertex 1.39124 79.0544 15.5867
      vertex 1.80191 78.7393 15.8478
    endloop
  endfacet
  facet normal -0.704071 0.0927 0.704053
    outer loop
      vertex 0.823964 78.3151 15.5867
      vertex 0.46736 78.4107 15.2175
      vertex 0.782477 78 15.5867
    endloop
  endfacet
  facet normal -0.688494 0.528328 0.496836
    outer loop
      vertex 0.693438 79.3066 14.7654
      vertex 0.625873 78.7934 15.2175
      vertex 0.87803 79.122 15.2175
    endloop
  endfacet
  facet normal -0.15885 -0.206976 -0.965364
    outer loop
      vertex 1.86947 1.77392 0.0171108
      vertex 1.61732 1.33717 0.152242
      vertex 1.81541 1.81541 0.0171108
    endloop
  endfacet
  facet normal 0.0657724 0.498963 -0.864124
    outer loop
      vertex 158.198 78.7393 0.152242
      vertex 158 78.7654 0.152242
      vertex 158 79.2175 0.413294
    endloop
  endfacet
  facet normal -0.498922 0.0656834 -0.864154
    outer loop
      vertex 1.23463 78 0.152242
      vertex 0.782477 78 0.413294
      vertex 1.26071 78.1981 0.152242
    endloop
  endfacet
  facet normal -0.099843 -0.241041 -0.965365
    outer loop
      vertex 1.80191 1.26071 0.152242
      vertex 1.61732 1.33717 0.152242
      vertex 1.93244 1.74784 0.0171108
    endloop
  endfacet
  facet normal -0.369853 -0.892911 -0.256747
    outer loop
      vertex 1.52177 0.215202 1.23463
      vertex 1.00856 0.282767 1.73895
      vertex 1.07612 0.399795 1.23463
    endloop
  endfacet
  facet normal -0.528326 -0.688533 -0.496784
    outer loop
      vertex 1.20665 0.625873 0.782477
      vertex 0.693438 0.693438 1.23463
      vertex 0.87803 0.87803 0.782477
    endloop
  endfacet
  facet normal -0.588356 -0.766759 -0.256745
    outer loop
      vertex 1.00856 0.282767 1.73895
      vertex 0.693438 0.693438 1.23463
      vertex 1.07612 0.399795 1.23463
    endloop
  endfacet
  facet normal -0.766759 -0.58835 0.256759
    outer loop
      vertex 0.693438 0.693438 14.7654
      vertex 0.282767 1.00856 14.2611
      vertex 0.597886 0.597886 14.2611
    endloop
  endfacet
  facet normal -0.892905 -0.369857 0.256762
    outer loop
      vertex 0.215202 1.52177 14.7654
      vertex 0.0846758 1.48679 14.2611
      vertex 0.282767 1.00856 14.2611
    endloop
  endfacet
  facet normal -0.958207 -0.12615 0.25676
    outer loop
      vertex 0.152242 2 14.7654
      vertex 0.0846758 1.48679 14.2611
      vertex 0.215202 1.52177 14.7654
    endloop
  endfacet
  facet normal 0.09272 -0.703999 -0.704122
    outer loop
      vertex 158.411 0.46736 0.782477
      vertex 158 0.782477 0.413294
      vertex 158.315 0.823964 0.413294
    endloop
  endfacet
  facet normal 1 -0 0
    outer loop
      vertex 159.983 2 14.2611
      vertex 159.983 78 1.73895
      vertex 159.983 78 14.2611
    endloop
  endfacet
  facet normal 1 0 0
    outer loop
      vertex 159.983 78 1.73895
      vertex 159.983 2 14.2611
      vertex 159.983 2 1.73895
    endloop
  endfacet
  facet normal 0.801475 -0.333005 -0.496735
    outer loop
      vertex 159.6 1.07612 1.23463
      vertex 159.374 1.20665 0.782477
      vertex 159.533 1.58933 0.782477
    endloop
  endfacet
  facet normal 0.655511 -0.272348 -0.704367
    outer loop
      vertex 159.533 1.58933 0.782477
      vertex 159.054 1.39124 0.413294
      vertex 159.176 1.68488 0.413294
    endloop
  endfacet
  facet normal 0.527826 -0.688677 -0.497115
    outer loop
      vertex 159.307 0.693438 1.23463
      vertex 158.793 0.625873 0.782477
      vertex 159.122 0.87803 0.782477
    endloop
  endfacet
  facet normal 0.06571 -0.498919 -0.864154
    outer loop
      vertex 158.315 0.823964 0.413294
      vertex 158 0.782477 0.413294
      vertex 158.198 1.26071 0.152242
    endloop
  endfacet
  facet normal 0.0996821 -0.241187 -0.965346
    outer loop
      vertex 158.198 1.26071 0.152242
      vertex 158.068 1.74784 0.0171108
      vertex 158.383 1.33717 0.152242
    endloop
  endfacet
  facet normal 0 -0.258817 -0.965926
    outer loop
      vertex 2 1.23463 0.152242
      vertex 158 1.73895 0.0171108
      vertex 158 1.23463 0.152242
    endloop
  endfacet
  facet normal -0 -0.258817 -0.965926
    outer loop
      vertex 158 1.73895 0.0171108
      vertex 2 1.23463 0.152242
      vertex 2 1.73895 0.0171108
    endloop
  endfacet
  facet normal 0.0341023 0.258707 -0.965354
    outer loop
      vertex 158.068 78.2522 0.0171108
      vertex 158 78.7654 0.152242
      vertex 158.198 78.7393 0.152242
    endloop
  endfacet
  facet normal -0.158888 0.206976 -0.965358
    outer loop
      vertex 1.81541 78.1846 0.0171108
      vertex 1.61732 78.6628 0.152242
      vertex 1.86947 78.2261 0.0171108
    endloop
  endfacet
  facet normal 0.1262 -0.958201 0.256758
    outer loop
      vertex 158 0.152242 14.7654
      vertex 158 0.0171108 14.2611
      vertex 158.513 0.0846758 14.2611
    endloop
  endfacet
  facet normal 0.126209 -0.958197 0.256766
    outer loop
      vertex 158.478 0.215202 14.7654
      vertex 158 0.152242 14.7654
      vertex 158.513 0.0846758 14.2611
    endloop
  endfacet
  facet normal 0 -0.865999 0.500046
    outer loop
      vertex 2 0.152242 14.7654
      vertex 158 0.413294 15.2175
      vertex 2 0.413294 15.2175
    endloop
  endfacet
  facet normal 0 -0.865999 0.500046
    outer loop
      vertex 158 0.413294 15.2175
      vertex 2 0.152242 14.7654
      vertex 158 0.152242 14.7654
    endloop
  endfacet
  facet normal -0.52831 -0.688513 0.496828
    outer loop
      vertex 0.87803 0.87803 15.2175
      vertex 0.693438 0.693438 14.7654
      vertex 1.20665 0.625873 15.2175
    endloop
  endfacet
  facet normal -0.688533 -0.528326 -0.496784
    outer loop
      vertex 0.693438 0.693438 1.23463
      vertex 0.625873 1.20665 0.782477
      vertex 0.87803 0.87803 0.782477
    endloop
  endfacet
  facet normal -0.608759 -0.793355 0
    outer loop
      vertex 0.597886 0.597886 1.73895
      vertex 1.00856 0.282767 14.2611
      vertex 0.597886 0.597886 14.2611
    endloop
  endfacet
  facet normal -0.608759 -0.793355 -0
    outer loop
      vertex 1.00856 0.282767 14.2611
      vertex 0.597886 0.597886 1.73895
      vertex 1.00856 0.282767 1.73895
    endloop
  endfacet
  facet normal 0.0927221 -0.704015 0.704106
    outer loop
      vertex 158.315 0.823964 15.5867
      vertex 158 0.782477 15.5867
      vertex 158.411 0.46736 15.2175
    endloop
  endfacet
  facet normal 0.192264 -0.465195 0.864076
    outer loop
      vertex 158.383 1.33717 15.8478
      vertex 158.198 1.26071 15.8478
      vertex 158.609 0.945595 15.5867
    endloop
  endfacet
  facet normal 0.332555 -0.801422 0.497121
    outer loop
      vertex 158.793 0.625873 15.2175
      vertex 158.411 0.46736 15.2175
      vertex 158.924 0.399795 14.7654
    endloop
  endfacet
  facet normal 0.527811 -0.688657 0.497159
    outer loop
      vertex 159.122 0.87803 15.2175
      vertex 158.793 0.625873 15.2175
      vertex 159.307 0.693438 14.7654
    endloop
  endfacet
  facet normal 0.866042 -0 0.499971
    outer loop
      vertex 159.587 2 15.2175
      vertex 159.848 78 14.7654
      vertex 159.587 78 15.2175
    endloop
  endfacet
  facet normal 0.866042 0 0.499971
    outer loop
      vertex 159.848 78 14.7654
      vertex 159.587 2 15.2175
      vertex 159.848 2 14.7654
    endloop
  endfacet
  facet normal 0.399567 -0.305823 0.864187
    outer loop
      vertex 159.054 1.39124 15.5867
      vertex 158.541 1.4588 15.8478
      vertex 158.861 1.13908 15.5867
    endloop
  endfacet
  facet normal 0 -0.258762 0.965941
    outer loop
      vertex 2 1.73895 15.9829
      vertex 158 1.23463 15.8478
      vertex 158 1.73895 15.9829
    endloop
  endfacet
  facet normal 0 -0.258762 0.965941
    outer loop
      vertex 158 1.23463 15.8478
      vertex 2 1.73895 15.9829
      vertex 2 1.23463 15.8478
    endloop
  endfacet
  facet normal 0.655511 -0.272359 -0.704362
    outer loop
      vertex 159.374 1.20665 0.782477
      vertex 159.054 1.39124 0.413294
      vertex 159.533 1.58933 0.782477
    endloop
  endfacet
  facet normal 0.563705 -0.431453 -0.704333
    outer loop
      vertex 159.374 1.20665 0.782477
      vertex 158.861 1.13908 0.413294
      vertex 159.054 1.39124 0.413294
    endloop
  endfacet
  facet normal 0.258758 -0.0339629 -0.965345
    outer loop
      vertex 158.739 1.80191 0.152242
      vertex 158.252 1.93244 0.0171108
      vertex 158.765 2 0.152242
    endloop
  endfacet
  facet normal -0.801786 -0.332114 0.49683
    outer loop
      vertex 0.46736 1.58933 15.2175
      vertex 0.399795 1.07612 14.7654
      vertex 0.625873 1.20665 15.2175
    endloop
  endfacet
  facet normal -0.688509 -0.528313 0.496831
    outer loop
      vertex 0.625873 1.20665 15.2175
      vertex 0.399795 1.07612 14.7654
      vertex 0.693438 0.693438 14.7654
    endloop
  endfacet
  facet normal 0.4993 0 -0.866429
    outer loop
      vertex 158.765 2 0.152242
      vertex 159.218 78 0.413294
      vertex 159.218 2 0.413294
    endloop
  endfacet
  facet normal 0.4993 0 -0.866429
    outer loop
      vertex 159.218 78 0.413294
      vertex 158.765 2 0.152242
      vertex 158.765 78 0.152242
    endloop
  endfacet
  facet normal 0.860459 0.11336 0.496748
    outer loop
      vertex 159.785 78.4782 14.7654
      vertex 159.587 78 15.2175
      vertex 159.848 78 14.7654
    endloop
  endfacet
  facet normal 0.892653 0.37052 -0.256683
    outer loop
      vertex 159.785 78.4782 1.23463
      vertex 159.6 78.9239 1.23463
      vertex 159.717 78.9914 1.73895
    endloop
  endfacet
  facet normal 0.801716 0.332774 -0.496501
    outer loop
      vertex 159.785 78.4782 1.23463
      vertex 159.533 78.4107 0.782477
      vertex 159.6 78.9239 1.23463
    endloop
  endfacet
  facet normal 0.767062 0.588324 0.255911
    outer loop
      vertex 159.402 79.4021 14.2611
      vertex 159.307 79.3066 14.7654
      vertex 159.717 78.9914 14.2611
    endloop
  endfacet
  facet normal 0.113265 0.860478 -0.496738
    outer loop
      vertex 158.411 79.5326 0.782477
      vertex 158 79.5867 0.782477
      vertex 158.478 79.7848 1.23463
    endloop
  endfacet
  facet normal 0.1134 0.860398 -0.496845
    outer loop
      vertex 158.478 79.7848 1.23463
      vertex 158 79.5867 0.782477
      vertex 158 79.8478 1.23463
    endloop
  endfacet
  facet normal 0.159208 0.206865 -0.965329
    outer loop
      vertex 158.541 78.5412 0.152242
      vertex 158.185 78.1846 0.0171108
      vertex 158.383 78.6628 0.152242
    endloop
  endfacet
  facet normal 0.0927488 0.703997 -0.70412
    outer loop
      vertex 158.315 79.176 0.413294
      vertex 158 79.2175 0.413294
      vertex 158.411 79.5326 0.782477
    endloop
  endfacet
  facet normal 0.130644 0.991429 -0
    outer loop
      vertex 158.513 79.9153 1.73895
      vertex 158 79.9829 14.2611
      vertex 158.513 79.9153 14.2611
    endloop
  endfacet
  facet normal 0.130644 0.991429 0
    outer loop
      vertex 158 79.9829 14.2611
      vertex 158.513 79.9153 1.73895
      vertex 158 79.9829 1.73895
    endloop
  endfacet
  facet normal 0.065744 0.499021 0.864092
    outer loop
      vertex 158.315 79.176 15.5867
      vertex 158 79.2175 15.5867
      vertex 158.198 78.7393 15.8478
    endloop
  endfacet
  facet normal 0.431951 0.563713 0.704021
    outer loop
      vertex 159.122 79.122 15.2175
      vertex 158.793 79.3741 15.2175
      vertex 158.861 78.8609 15.5867
    endloop
  endfacet
  facet normal 0.258704 0.0339541 0.96536
    outer loop
      vertex 158.739 78.1981 15.8478
      vertex 158.252 78.0676 15.9829
      vertex 158.765 78 15.8478
    endloop
  endfacet
  facet normal -0.465003 0.192573 0.864111
    outer loop
      vertex 0.945595 78.6088 15.5867
      vertex 0.823964 78.3151 15.5867
      vertex 1.26071 78.1981 15.8478
    endloop
  endfacet
  facet normal 0.689108 0.52759 0.496768
    outer loop
      vertex 159.6 78.9239 14.7654
      vertex 159.307 79.3066 14.7654
      vertex 159.374 78.7934 15.2175
    endloop
  endfacet
  facet normal 0.801467 0.332985 0.496762
    outer loop
      vertex 159.6 78.9239 14.7654
      vertex 159.374 78.7934 15.2175
      vertex 159.533 78.4107 15.2175
    endloop
  endfacet
  facet normal 0.464645 -0.193048 0.864198
    outer loop
      vertex 159.176 1.68488 15.5867
      vertex 158.739 1.80191 15.8478
      vertex 159.054 1.39124 15.5867
    endloop
  endfacet
  facet normal 0.958439 0.126269 0.255833
    outer loop
      vertex 159.915 78.5132 14.2611
      vertex 159.785 78.4782 14.7654
      vertex 159.848 78 14.7654
    endloop
  endfacet
  facet normal 0 0.965939 0.258771
    outer loop
      vertex 158 79.9829 14.2611
      vertex 2 79.8478 14.7654
      vertex 158 79.8478 14.7654
    endloop
  endfacet
  facet normal 0 0.965939 0.258771
    outer loop
      vertex 2 79.8478 14.7654
      vertex 158 79.9829 14.2611
      vertex 2 79.9829 14.2611
    endloop
  endfacet
  facet normal 0 0.865959 0.500115
    outer loop
      vertex 158 79.8478 14.7654
      vertex 2 79.5867 15.2175
      vertex 158 79.5867 15.2175
    endloop
  endfacet
  facet normal 0 0.865959 0.500115
    outer loop
      vertex 2 79.5867 15.2175
      vertex 158 79.8478 14.7654
      vertex 2 79.8478 14.7654
    endloop
  endfacet
  facet normal -0.271756 0.656123 0.704025
    outer loop
      vertex 1.58933 79.5326 15.2175
      vertex 1.20665 79.3741 15.2175
      vertex 1.39124 79.0544 15.5867
    endloop
  endfacet
  facet normal -0.332085 0.80178 0.496858
    outer loop
      vertex 1.58933 79.5326 15.2175
      vertex 1.07612 79.6002 14.7654
      vertex 1.20665 79.3741 15.2175
    endloop
  endfacet
  facet normal -0.528249 0.688589 -0.496788
    outer loop
      vertex 0.87803 79.122 0.782477
      vertex 0.693438 79.3066 1.23463
      vertex 1.20665 79.3741 0.782477
    endloop
  endfacet
  facet normal -0.608736 0.793373 0
    outer loop
      vertex 1.00856 79.7172 1.73895
      vertex 0.597886 79.4021 14.2611
      vertex 1.00856 79.7172 14.2611
    endloop
  endfacet
  facet normal -0.608736 0.793373 0
    outer loop
      vertex 0.597886 79.4021 14.2611
      vertex 1.00856 79.7172 1.73895
      vertex 0.597886 79.4021 1.73895
    endloop
  endfacet
  facet normal -0.0999045 0.241034 -0.965361
    outer loop
      vertex 1.86947 78.2261 0.0171108
      vertex 1.61732 78.6628 0.152242
      vertex 1.93244 78.2522 0.0171108
    endloop
  endfacet
  facet normal -0.958207 0.126158 -0.256755
    outer loop
      vertex 0.152242 78 1.23463
      vertex 0.0846758 78.5132 1.73895
      vertex 0.215202 78.4782 1.23463
    endloop
  endfacet
  facet normal -0.860449 0.113287 -0.496783
    outer loop
      vertex 0.413294 78 0.782477
      vertex 0.152242 78 1.23463
      vertex 0.215202 78.4782 1.23463
    endloop
  endfacet
  facet normal -0.766789 0.588336 0.256701
    outer loop
      vertex 0.597886 79.4021 14.2611
      vertex 0.282767 78.9914 14.2611
      vertex 0.693438 79.3066 14.7654
    endloop
  endfacet
  facet normal -0.58834 0.766792 0.256684
    outer loop
      vertex 1.00856 79.7172 14.2611
      vertex 0.597886 79.4021 14.2611
      vertex 0.693438 79.3066 14.7654
    endloop
  endfacet
  facet normal -0.258668 0.0340171 -0.965367
    outer loop
      vertex 1.73895 78 0.0171108
      vertex 1.23463 78 0.152242
      vertex 1.74784 78.0676 0.0171108
    endloop
  endfacet
  facet normal -0.258672 0.0340543 -0.965365
    outer loop
      vertex 1.74784 78.0676 0.0171108
      vertex 1.23463 78 0.152242
      vertex 1.26071 78.1981 0.152242
    endloop
  endfacet
  facet normal -0.192548 0.464966 -0.864136
    outer loop
      vertex 1.80191 78.7393 0.152242
      vertex 1.39124 79.0544 0.413294
      vertex 1.68488 79.176 0.413294
    endloop
  endfacet
  facet normal -0.1588 0.207014 -0.965364
    outer loop
      vertex 1.81541 78.1846 0.0171108
      vertex 1.4588 78.5412 0.152242
      vertex 1.61732 78.6628 0.152242
    endloop
  endfacet
  facet normal -0.25867 -0.0340557 -0.965365
    outer loop
      vertex 1.26071 1.80191 0.152242
      vertex 1.23463 2 0.152242
      vertex 1.74784 1.93244 0.0171108
    endloop
  endfacet
  facet normal -0.271761 -0.656081 -0.704062
    outer loop
      vertex 1.58933 0.46736 0.782477
      vertex 1.39124 0.945595 0.413294
      vertex 1.68488 0.823964 0.413294
    endloop
  endfacet
  facet normal -0.192578 -0.46492 -0.864155
    outer loop
      vertex 1.68488 0.823964 0.413294
      vertex 1.39124 0.945595 0.413294
      vertex 1.80191 1.26071 0.152242
    endloop
  endfacet
  facet normal -0.95821 -0.12615 -0.25675
    outer loop
      vertex 0.215202 1.52177 1.23463
      vertex 0.0846758 1.48679 1.73895
      vertex 0.152242 2 1.23463
    endloop
  endfacet
  facet normal -0.498924 0.0656898 -0.864153
    outer loop
      vertex 1.26071 78.1981 0.152242
      vertex 0.782477 78 0.413294
      vertex 0.823964 78.3151 0.413294
    endloop
  endfacet
  facet normal -0.498922 -0.0656853 -0.864154
    outer loop
      vertex 0.823964 1.68488 0.413294
      vertex 0.782477 2 0.413294
      vertex 1.26071 1.80191 0.152242
    endloop
  endfacet
  facet normal -0.704063 -0.0926921 -0.704063
    outer loop
      vertex 0.46736 1.58933 0.782477
      vertex 0.413294 2 0.782477
      vertex 0.782477 2 0.413294
    endloop
  endfacet
  facet normal -0.656096 0.271711 0.704068
    outer loop
      vertex 0.945595 78.6088 15.5867
      vertex 0.46736 78.4107 15.2175
      vertex 0.823964 78.3151 15.5867
    endloop
  endfacet
  facet normal -0.563358 0.432373 0.704046
    outer loop
      vertex 1.13908 78.8609 15.5867
      vertex 0.625873 78.7934 15.2175
      vertex 0.945595 78.6088 15.5867
    endloop
  endfacet
  facet normal 0.307021 0.398925 0.864059
    outer loop
      vertex 158.609 79.0544 15.5867
      vertex 158.383 78.6628 15.8478
      vertex 158.541 78.5412 15.8478
    endloop
  endfacet
  facet normal -0.306314 0.399317 0.864128
    outer loop
      vertex 1.61732 78.6628 15.8478
      vertex 1.39124 79.0544 15.5867
      vertex 1.4588 78.5412 15.8478
    endloop
  endfacet
  facet normal -0.399264 0.306433 0.864111
    outer loop
      vertex 1.13908 78.8609 15.5867
      vertex 0.945595 78.6088 15.5867
      vertex 1.4588 78.5412 15.8478
    endloop
  endfacet
  facet normal -0.306406 0.399294 0.864107
    outer loop
      vertex 1.39124 79.0544 15.5867
      vertex 1.13908 78.8609 15.5867
      vertex 1.4588 78.5412 15.8478
    endloop
  endfacet
  facet normal 0.4983 -0.0654036 0.864534
    outer loop
      vertex 158.765 2 15.8478
      vertex 158.739 1.80191 15.8478
      vertex 159.218 2 15.5867
    endloop
  endfacet
  facet normal 0.498597 -0.0664543 0.864283
    outer loop
      vertex 159.218 2 15.5867
      vertex 158.739 1.80191 15.8478
      vertex 159.176 1.68488 15.5867
    endloop
  endfacet
  facet normal -0.766784 0.588348 0.25669
    outer loop
      vertex 0.693438 79.3066 14.7654
      vertex 0.282767 78.9914 14.2611
      vertex 0.399795 78.9239 14.7654
    endloop
  endfacet
  facet normal -0.892933 0.369821 0.256715
    outer loop
      vertex 0.282767 78.9914 14.2611
      vertex 0.215202 78.4782 14.7654
      vertex 0.399795 78.9239 14.7654
    endloop
  endfacet
  facet normal -0.271761 -0.656081 -0.704062
    outer loop
      vertex 1.58933 0.46736 0.782477
      vertex 1.20665 0.625873 0.782477
      vertex 1.39124 0.945595 0.413294
    endloop
  endfacet
  facet normal -0.563395 -0.432299 -0.704062
    outer loop
      vertex 1.13908 1.13908 0.413294
      vertex 0.625873 1.20665 0.782477
      vertex 0.945595 1.39124 0.413294
    endloop
  endfacet
  facet normal 0.113334 -0.860444 -0.49678
    outer loop
      vertex 158.478 0.215202 1.23463
      vertex 158 0.152242 1.23463
      vertex 158 0.413294 0.782477
    endloop
  endfacet
  facet normal -0.33212 -0.801813 -0.496782
    outer loop
      vertex 1.52177 0.215202 1.23463
      vertex 1.07612 0.399795 1.23463
      vertex 1.58933 0.46736 0.782477
    endloop
  endfacet
  facet normal 0.608455 -0.793589 0
    outer loop
      vertex 158.991 0.282767 1.73895
      vertex 159.402 0.597886 14.2611
      vertex 158.991 0.282767 14.2611
    endloop
  endfacet
  facet normal 0.608455 -0.793589 0
    outer loop
      vertex 159.402 0.597886 14.2611
      vertex 158.991 0.282767 1.73895
      vertex 159.402 0.597886 1.73895
    endloop
  endfacet
  facet normal 0.801686 -0.332799 -0.496533
    outer loop
      vertex 159.6 1.07612 1.23463
      vertex 159.533 1.58933 0.782477
      vertex 159.785 1.52177 1.23463
    endloop
  endfacet
  facet normal 0.563578 -0.432176 0.703991
    outer loop
      vertex 159.374 1.20665 15.2175
      vertex 158.861 1.13908 15.5867
      vertex 159.122 0.87803 15.2175
    endloop
  endfacet
  facet normal 0.113331 -0.86042 0.496824
    outer loop
      vertex 158 0.413294 15.2175
      vertex 158 0.152242 14.7654
      vertex 158.478 0.215202 14.7654
    endloop
  endfacet
  facet normal -0.0926942 -0.704079 0.704046
    outer loop
      vertex 2 0.782477 15.5867
      vertex 1.58933 0.46736 15.2175
      vertex 2 0.413294 15.2175
    endloop
  endfacet
  facet normal -0.0926951 -0.704078 0.704047
    outer loop
      vertex 1.68488 0.823964 15.5867
      vertex 1.58933 0.46736 15.2175
      vertex 2 0.782477 15.5867
    endloop
  endfacet
  facet normal -0.12615 -0.95821 -0.25675
    outer loop
      vertex 2 0.0171108 1.73895
      vertex 1.48679 0.0846758 1.73895
      vertex 2 0.152242 1.23463
    endloop
  endfacet
  facet normal 0.192399 -0.465056 0.864121
    outer loop
      vertex 158.609 0.945595 15.5867
      vertex 158.198 1.26071 15.8478
      vertex 158.315 0.823964 15.5867
    endloop
  endfacet
  facet normal 0.271412 -0.656042 0.704233
    outer loop
      vertex 158.609 0.945595 15.5867
      vertex 158.315 0.823964 15.5867
      vertex 158.411 0.46736 15.2175
    endloop
  endfacet
  facet normal 0.527886 -0.688524 0.497264
    outer loop
      vertex 159.307 0.693438 14.7654
      vertex 158.793 0.625873 15.2175
      vertex 158.924 0.399795 14.7654
    endloop
  endfacet
  facet normal 0.588144 -0.767118 0.256157
    outer loop
      vertex 159.307 0.693438 14.7654
      vertex 158.924 0.399795 14.7654
      vertex 158.991 0.282767 14.2611
    endloop
  endfacet
  facet normal -0.399274 0.306395 0.864119
    outer loop
      vertex 1.4588 78.5412 15.8478
      vertex 0.945595 78.6088 15.5867
      vertex 1.33717 78.3827 15.8478
    endloop
  endfacet
  facet normal 0.399535 0.305872 0.864184
    outer loop
      vertex 158.861 78.8609 15.5867
      vertex 158.541 78.5412 15.8478
      vertex 159.054 78.6088 15.5867
    endloop
  endfacet
  facet normal 0.306432 0.399074 0.864199
    outer loop
      vertex 158.609 79.0544 15.5867
      vertex 158.541 78.5412 15.8478
      vertex 158.861 78.8609 15.5867
    endloop
  endfacet
  facet normal 0.464581 -0.193022 -0.864238
    outer loop
      vertex 159.054 1.39124 0.413294
      vertex 158.739 1.80191 0.152242
      vertex 159.176 1.68488 0.413294
    endloop
  endfacet
  facet normal 0.399512 -0.305781 -0.864227
    outer loop
      vertex 158.861 1.13908 0.413294
      vertex 158.541 1.4588 0.152242
      vertex 159.054 1.39124 0.413294
    endloop
  endfacet
  facet normal 0.399154 -0.307197 -0.86389
    outer loop
      vertex 159.054 1.39124 0.413294
      vertex 158.541 1.4588 0.152242
      vertex 158.663 1.61732 0.152242
    endloop
  endfacet
  facet normal 0.46584 -0.191797 -0.863832
    outer loop
      vertex 159.054 1.39124 0.413294
      vertex 158.663 1.61732 0.152242
      vertex 158.739 1.80191 0.152242
    endloop
  endfacet
  facet normal 0.563656 0.431517 -0.704333
    outer loop
      vertex 159.054 78.6088 0.413294
      vertex 158.861 78.8609 0.413294
      vertex 159.374 78.7934 0.782477
    endloop
  endfacet
  facet normal 0.498232 0.0653913 -0.864575
    outer loop
      vertex 158.765 78 0.152242
      vertex 158.739 78.1981 0.152242
      vertex 159.218 78 0.413294
    endloop
  endfacet
  facet normal 0.207663 -0.157495 -0.965439
    outer loop
      vertex 158.663 1.61732 0.152242
      vertex 158.185 1.81541 0.0171108
      vertex 158.226 1.86947 0.0171108
    endloop
  endfacet
  facet normal -0.0340767 0.258677 -0.965363
    outer loop
      vertex 2 78.2611 0.0171108
      vertex 1.93244 78.2522 0.0171108
      vertex 2 78.7654 0.152242
    endloop
  endfacet
  facet normal -0.0340829 0.258677 -0.965362
    outer loop
      vertex 1.93244 78.2522 0.0171108
      vertex 1.80191 78.7393 0.152242
      vertex 2 78.7654 0.152242
    endloop
  endfacet
  facet normal -0.563408 -0.432309 0.704046
    outer loop
      vertex 0.945595 1.39124 15.5867
      vertex 0.625873 1.20665 15.2175
      vertex 1.13908 1.13908 15.5867
    endloop
  endfacet
  facet normal -0.656096 -0.271767 0.704046
    outer loop
      vertex 0.945595 1.39124 15.5867
      vertex 0.46736 1.58933 15.2175
      vertex 0.625873 1.20665 15.2175
    endloop
  endfacet
  facet normal 0.893168 0.369819 -0.2559
    outer loop
      vertex 159.785 78.4782 1.23463
      vertex 159.717 78.9914 1.73895
      vertex 159.915 78.5132 1.73895
    endloop
  endfacet
  facet normal 0.958442 0.126269 -0.255823
    outer loop
      vertex 159.848 78 1.23463
      vertex 159.785 78.4782 1.23463
      vertex 159.915 78.5132 1.73895
    endloop
  endfacet
  facet normal 0.33196 0.802028 -0.496542
    outer loop
      vertex 158.924 79.6002 1.23463
      vertex 158.411 79.5326 0.782477
      vertex 158.478 79.7848 1.23463
    endloop
  endfacet
  facet normal 0.767409 0.587538 -0.256674
    outer loop
      vertex 159.6 78.9239 1.23463
      vertex 159.307 79.3066 1.23463
      vertex 159.717 78.9914 1.73895
    endloop
  endfacet
  facet normal 0.95817 0.126959 0.2565
    outer loop
      vertex 159.915 78.5132 14.2611
      vertex 159.848 78 14.7654
      vertex 159.983 78 14.2611
    endloop
  endfacet
  facet normal 0.689128 0.527605 -0.496724
    outer loop
      vertex 159.374 78.7934 0.782477
      vertex 159.307 79.3066 1.23463
      vertex 159.6 78.9239 1.23463
    endloop
  endfacet
  facet normal 0.588145 0.767146 0.25607
    outer loop
      vertex 159.402 79.4021 14.2611
      vertex 158.991 79.7172 14.2611
      vertex 159.307 79.3066 14.7654
    endloop
  endfacet
  facet normal 0.608432 0.793606 -0
    outer loop
      vertex 159.402 79.4021 1.73895
      vertex 158.991 79.7172 14.2611
      vertex 159.402 79.4021 14.2611
    endloop
  endfacet
  facet normal 0.608432 0.793606 0
    outer loop
      vertex 158.991 79.7172 14.2611
      vertex 159.402 79.4021 1.73895
      vertex 158.991 79.7172 1.73895
    endloop
  endfacet
  facet normal 0 0.865984 -0.500071
    outer loop
      vertex 158 79.5867 0.782477
      vertex 2 79.8478 1.23463
      vertex 158 79.8478 1.23463
    endloop
  endfacet
  facet normal 0 0.865984 -0.500071
    outer loop
      vertex 2 79.8478 1.23463
      vertex 158 79.5867 0.782477
      vertex 2 79.5867 0.782477
    endloop
  endfacet
  facet normal -0.369876 0.892912 -0.256709
    outer loop
      vertex 1.52177 79.7848 1.23463
      vertex 1.00856 79.7172 1.73895
      vertex 1.48679 79.9153 1.73895
    endloop
  endfacet
  facet normal 0.159037 0.206939 -0.965341
    outer loop
      vertex 158.185 78.1846 0.0171108
      vertex 158.131 78.2261 0.0171108
      vertex 158.383 78.6628 0.152242
    endloop
  endfacet
  facet normal 0 0.707091 -0.707123
    outer loop
      vertex 2 79.2175 0.413294
      vertex 158 79.5867 0.782477
      vertex 158 79.2175 0.413294
    endloop
  endfacet
  facet normal 0 0.707091 -0.707123
    outer loop
      vertex 158 79.5867 0.782477
      vertex 2 79.2175 0.413294
      vertex 2 79.5867 0.782477
    endloop
  endfacet
  facet normal 0.065735 0.498953 -0.864133
    outer loop
      vertex 158.198 78.7393 0.152242
      vertex 158 79.2175 0.413294
      vertex 158.315 79.176 0.413294
    endloop
  endfacet
  facet normal 0.272235 0.656111 -0.703851
    outer loop
      vertex 158.609 79.0544 0.413294
      vertex 158.411 79.5326 0.782477
      vertex 158.793 79.3741 0.782477
    endloop
  endfacet
  facet normal 0.369662 0.893116 -0.256309
    outer loop
      vertex 158.924 79.6002 1.23463
      vertex 158.478 79.7848 1.23463
      vertex 158.991 79.7172 1.73895
    endloop
  endfacet
  facet normal 0.370026 0.892845 0.256727
    outer loop
      vertex 158.513 79.9153 14.2611
      vertex 158.478 79.7848 14.7654
      vertex 158.991 79.7172 14.2611
    endloop
  endfacet
  facet normal 0.092676 0.704064 0.704064
    outer loop
      vertex 158 79.5867 15.2175
      vertex 158 79.2175 15.5867
      vertex 158.411 79.5326 15.2175
    endloop
  endfacet
  facet normal 0.272241 0.656126 0.703835
    outer loop
      vertex 158.793 79.3741 15.2175
      vertex 158.411 79.5326 15.2175
      vertex 158.609 79.0544 15.5867
    endloop
  endfacet
  facet normal 0.192369 0.465102 0.864103
    outer loop
      vertex 158.315 79.176 15.5867
      vertex 158.198 78.7393 15.8478
      vertex 158.609 79.0544 15.5867
    endloop
  endfacet
  facet normal -0.0998123 -0.240996 0.96538
    outer loop
      vertex 1.86947 1.77392 15.9829
      vertex 1.61732 1.33717 15.8478
      vertex 1.93244 1.74784 15.9829
    endloop
  endfacet
  facet normal 0.192339 0.465133 0.864093
    outer loop
      vertex 158.609 79.0544 15.5867
      vertex 158.198 78.7393 15.8478
      vertex 158.383 78.6628 15.8478
    endloop
  endfacet
  facet normal 0.563541 0.432174 0.704022
    outer loop
      vertex 159.122 79.122 15.2175
      vertex 158.861 78.8609 15.5867
      vertex 159.374 78.7934 15.2175
    endloop
  endfacet
  facet normal 0.688447 0.527963 0.497289
    outer loop
      vertex 159.307 79.3066 14.7654
      vertex 159.122 79.122 15.2175
      vertex 159.374 78.7934 15.2175
    endloop
  endfacet
  facet normal -0.158785 -0.206945 0.965381
    outer loop
      vertex 1.81541 1.81541 15.9829
      vertex 1.4588 1.4588 15.8478
      vertex 1.61732 1.33717 15.8478
    endloop
  endfacet
  facet normal 0.464664 0.193017 0.864194
    outer loop
      vertex 159.054 78.6088 15.5867
      vertex 158.739 78.1981 15.8478
      vertex 159.176 78.3151 15.5867
    endloop
  endfacet
  facet normal 0.893166 0.369818 0.25591
    outer loop
      vertex 159.915 78.5132 14.2611
      vertex 159.717 78.9914 14.2611
      vertex 159.785 78.4782 14.7654
    endloop
  endfacet
  facet normal 0.767407 0.587537 0.256683
    outer loop
      vertex 159.717 78.9914 14.2611
      vertex 159.307 79.3066 14.7654
      vertex 159.6 78.9239 14.7654
    endloop
  endfacet
  facet normal 0.707298 -0 0.706915
    outer loop
      vertex 159.218 2 15.5867
      vertex 159.587 78 15.2175
      vertex 159.218 78 15.5867
    endloop
  endfacet
  facet normal 0.707298 0 0.706915
    outer loop
      vertex 159.587 78 15.2175
      vertex 159.218 2 15.5867
      vertex 159.587 2 15.2175
    endloop
  endfacet
  facet normal 0.126267 0.958208 0.2567
    outer loop
      vertex 158 79.9829 14.2611
      vertex 158 79.8478 14.7654
      vertex 158.513 79.9153 14.2611
    endloop
  endfacet
  facet normal -0.432232 0.563428 0.704077
    outer loop
      vertex 1.20665 79.3741 15.2175
      vertex 0.87803 79.122 15.2175
      vertex 1.13908 78.8609 15.5867
    endloop
  endfacet
  facet normal -0.432341 0.563406 0.704027
    outer loop
      vertex 1.20665 79.3741 15.2175
      vertex 1.13908 78.8609 15.5867
      vertex 1.39124 79.0544 15.5867
    endloop
  endfacet
  facet normal -0.766791 0.588338 -0.256691
    outer loop
      vertex 0.693438 79.3066 1.23463
      vertex 0.282767 78.9914 1.73895
      vertex 0.597886 79.4021 1.73895
    endloop
  endfacet
  facet normal -0.192652 0.464859 -0.864171
    outer loop
      vertex 1.61732 78.6628 0.152242
      vertex 1.39124 79.0544 0.413294
      vertex 1.80191 78.7393 0.152242
    endloop
  endfacet
  facet normal -0.464939 0.192547 -0.864151
    outer loop
      vertex 1.26071 78.1981 0.152242
      vertex 0.823964 78.3151 0.413294
      vertex 0.945595 78.6088 0.413294
    endloop
  endfacet
  facet normal -0.860457 0.113274 -0.496772
    outer loop
      vertex 0.413294 78 0.782477
      vertex 0.215202 78.4782 1.23463
      vertex 0.46736 78.4107 0.782477
    endloop
  endfacet
  facet normal -0.92387 0.382707 0
    outer loop
      vertex 0.0846758 78.5132 1.73895
      vertex 0.282767 78.9914 14.2611
      vertex 0.282767 78.9914 1.73895
    endloop
  endfacet
  facet normal -0.92387 0.382707 0
    outer loop
      vertex 0.282767 78.9914 14.2611
      vertex 0.0846758 78.5132 1.73895
      vertex 0.0846758 78.5132 14.2611
    endloop
  endfacet
  facet normal -0.704062 -0.092693 -0.704063
    outer loop
      vertex 0.823964 1.68488 0.413294
      vertex 0.46736 1.58933 0.782477
      vertex 0.782477 2 0.413294
    endloop
  endfacet
  facet normal -0.206976 -0.15885 -0.965364
    outer loop
      vertex 1.81541 1.81541 0.0171108
      vertex 1.33717 1.61732 0.152242
      vertex 1.77392 1.86947 0.0171108
    endloop
  endfacet
  facet normal -0.241048 -0.0998338 -0.965365
    outer loop
      vertex 1.77392 1.86947 0.0171108
      vertex 1.33717 1.61732 0.152242
      vertex 1.74784 1.93244 0.0171108
    endloop
  endfacet
  facet normal -0.656081 -0.271761 -0.704062
    outer loop
      vertex 0.945595 1.39124 0.413294
      vertex 0.46736 1.58933 0.782477
      vertex 0.823964 1.68488 0.413294
    endloop
  endfacet
  facet normal -0.46492 -0.192578 -0.864155
    outer loop
      vertex 0.945595 1.39124 0.413294
      vertex 0.823964 1.68488 0.413294
      vertex 1.26071 1.80191 0.152242
    endloop
  endfacet
  facet normal -0.258667 -0.0340372 -0.965367
    outer loop
      vertex 1.74784 1.93244 0.0171108
      vertex 1.23463 2 0.152242
      vertex 1.73895 2 0.0171108
    endloop
  endfacet
  facet normal 0.258817 -0.0344782 -0.965311
    outer loop
      vertex 158.765 2 0.152242
      vertex 158.252 1.93244 0.0171108
      vertex 158.261 2 0.0171108
    endloop
  endfacet
  facet normal -0.206989 -0.15882 -0.965366
    outer loop
      vertex 1.4588 1.4588 0.152242
      vertex 1.33717 1.61732 0.152242
      vertex 1.81541 1.81541 0.0171108
    endloop
  endfacet
  facet normal -0.15882 -0.206989 -0.965366
    outer loop
      vertex 1.61732 1.33717 0.152242
      vertex 1.4588 1.4588 0.152242
      vertex 1.81541 1.81541 0.0171108
    endloop
  endfacet
  facet normal -0.399243 -0.306333 -0.864155
    outer loop
      vertex 1.4588 1.4588 0.152242
      vertex 0.945595 1.39124 0.413294
      vertex 1.33717 1.61732 0.152242
    endloop
  endfacet
  facet normal -0.688514 0.528343 -0.496792
    outer loop
      vertex 0.87803 79.122 0.782477
      vertex 0.625873 78.7934 0.782477
      vertex 0.693438 79.3066 1.23463
    endloop
  endfacet
  facet normal -0.240996 0.0998188 0.965379
    outer loop
      vertex 1.33717 78.3827 15.8478
      vertex 1.26071 78.1981 15.8478
      vertex 1.74784 78.0676 15.9829
    endloop
  endfacet
  facet normal 0.655525 0.272299 0.704372
    outer loop
      vertex 159.533 78.4107 15.2175
      vertex 159.054 78.6088 15.5867
      vertex 159.176 78.3151 15.5867
    endloop
  endfacet
  facet normal -0.801819 0.332085 0.496795
    outer loop
      vertex 0.399795 78.9239 14.7654
      vertex 0.215202 78.4782 14.7654
      vertex 0.46736 78.4107 15.2175
    endloop
  endfacet
  facet normal -0.860432 0.11327 0.496816
    outer loop
      vertex 0.46736 78.4107 15.2175
      vertex 0.215202 78.4782 14.7654
      vertex 0.413294 78 15.2175
    endloop
  endfacet
  facet normal -0.0656853 -0.498922 -0.864154
    outer loop
      vertex 2 0.782477 0.413294
      vertex 1.68488 0.823964 0.413294
      vertex 1.80191 1.26071 0.152242
    endloop
  endfacet
  facet normal -0.092693 -0.704062 -0.704063
    outer loop
      vertex 2 0.782477 0.413294
      vertex 1.58933 0.46736 0.782477
      vertex 1.68488 0.823964 0.413294
    endloop
  endfacet
  facet normal -0.369858 -0.892907 -0.256752
    outer loop
      vertex 1.48679 0.0846758 1.73895
      vertex 1.00856 0.282767 1.73895
      vertex 1.52177 0.215202 1.23463
    endloop
  endfacet
  facet normal -0.923878 -0.382686 0
    outer loop
      vertex 0.282767 1.00856 1.73895
      vertex 0.0846758 1.48679 14.2611
      vertex 0.0846758 1.48679 1.73895
    endloop
  endfacet
  facet normal -0.923878 -0.382686 0
    outer loop
      vertex 0.0846758 1.48679 14.2611
      vertex 0.282767 1.00856 1.73895
      vertex 0.282767 1.00856 14.2611
    endloop
  endfacet
  facet normal -0.892907 -0.369858 -0.256752
    outer loop
      vertex 0.282767 1.00856 1.73895
      vertex 0.0846758 1.48679 1.73895
      vertex 0.215202 1.52177 1.23463
    endloop
  endfacet
  facet normal -0.588352 -0.766761 -0.256749
    outer loop
      vertex 1.00856 0.282767 1.73895
      vertex 0.597886 0.597886 1.73895
      vertex 0.693438 0.693438 1.23463
    endloop
  endfacet
  facet normal 0.588157 -0.767115 -0.256136
    outer loop
      vertex 159.402 0.597886 1.73895
      vertex 158.991 0.282767 1.73895
      vertex 159.307 0.693438 1.23463
    endloop
  endfacet
  facet normal 0.1132 -0.860524 -0.496673
    outer loop
      vertex 158.478 0.215202 1.23463
      vertex 158 0.413294 0.782477
      vertex 158.411 0.46736 0.782477
    endloop
  endfacet
  facet normal 0.432691 -0.563548 -0.703699
    outer loop
      vertex 158.793 0.625873 0.782477
      vertex 158.609 0.945595 0.413294
      vertex 158.861 1.13908 0.413294
    endloop
  endfacet
  facet normal 0.923941 -0.382536 0
    outer loop
      vertex 159.717 1.00856 14.2611
      vertex 159.915 1.48679 1.73895
      vertex 159.915 1.48679 14.2611
    endloop
  endfacet
  facet normal 0.923941 -0.382536 0
    outer loop
      vertex 159.915 1.48679 1.73895
      vertex 159.717 1.00856 14.2611
      vertex 159.717 1.00856 1.73895
    endloop
  endfacet
  facet normal 0.892628 -0.370551 -0.256726
    outer loop
      vertex 159.717 1.00856 1.73895
      vertex 159.6 1.07612 1.23463
      vertex 159.785 1.52177 1.23463
    endloop
  endfacet
  facet normal -0.271767 -0.656096 0.704046
    outer loop
      vertex 1.39124 0.945595 15.5867
      vertex 1.20665 0.625873 15.2175
      vertex 1.58933 0.46736 15.2175
    endloop
  endfacet
  facet normal -0.432309 -0.563408 0.704046
    outer loop
      vertex 1.39124 0.945595 15.5867
      vertex 1.13908 1.13908 15.5867
      vertex 1.20665 0.625873 15.2175
    endloop
  endfacet
  facet normal -0.382686 -0.923878 0
    outer loop
      vertex 1.00856 0.282767 1.73895
      vertex 1.48679 0.0846758 14.2611
      vertex 1.00856 0.282767 14.2611
    endloop
  endfacet
  facet normal -0.382686 -0.923878 -0
    outer loop
      vertex 1.48679 0.0846758 14.2611
      vertex 1.00856 0.282767 1.73895
      vertex 1.48679 0.0846758 1.73895
    endloop
  endfacet
  facet normal 0.30641 -0.399077 0.864205
    outer loop
      vertex 158.861 1.13908 15.5867
      vertex 158.541 1.4588 15.8478
      vertex 158.609 0.945595 15.5867
    endloop
  endfacet
  facet normal 0.307082 -0.398906 0.864045
    outer loop
      vertex 158.541 1.4588 15.8478
      vertex 158.383 1.33717 15.8478
      vertex 158.609 0.945595 15.5867
    endloop
  endfacet
  facet normal 0.793466 -0.608614 0
    outer loop
      vertex 159.402 0.597886 14.2611
      vertex 159.717 1.00856 1.73895
      vertex 159.717 1.00856 14.2611
    endloop
  endfacet
  facet normal 0.793466 -0.608614 0
    outer loop
      vertex 159.717 1.00856 1.73895
      vertex 159.402 0.597886 14.2611
      vertex 159.402 0.597886 1.73895
    endloop
  endfacet
  facet normal 0.893177 -0.369799 0.255897
    outer loop
      vertex 159.785 1.52177 14.7654
      vertex 159.717 1.00856 14.2611
      vertex 159.915 1.48679 14.2611
    endloop
  endfacet
  facet normal 0.655526 -0.272354 0.70435
    outer loop
      vertex 159.176 1.68488 15.5867
      vertex 159.054 1.39124 15.5867
      vertex 159.533 1.58933 15.2175
    endloop
  endfacet
  facet normal 0.159228 -0.20684 -0.965331
    outer loop
      vertex 158.383 1.33717 0.152242
      vertex 158.185 1.81541 0.0171108
      vertex 158.541 1.4588 0.152242
    endloop
  endfacet
  facet normal 0.192237 -0.465131 -0.864117
    outer loop
      vertex 158.609 0.945595 0.413294
      vertex 158.198 1.26071 0.152242
      vertex 158.383 1.33717 0.152242
    endloop
  endfacet
  facet normal 0.206905 -0.159238 -0.965315
    outer loop
      vertex 158.541 1.4588 0.152242
      vertex 158.185 1.81541 0.0171108
      vertex 158.663 1.61732 0.152242
    endloop
  endfacet
  facet normal 0.498529 -0.0664452 -0.864323
    outer loop
      vertex 159.176 1.68488 0.413294
      vertex 158.739 1.80191 0.152242
      vertex 159.218 2 0.413294
    endloop
  endfacet
  facet normal 0.241251 0.0993234 -0.965367
    outer loop
      vertex 158.739 78.1981 0.152242
      vertex 158.252 78.0676 0.0171108
      vertex 158.663 78.3827 0.152242
    endloop
  endfacet
  facet normal 0.25876 0.0339614 -0.965344
    outer loop
      vertex 158.765 78 0.152242
      vertex 158.252 78.0676 0.0171108
      vertex 158.739 78.1981 0.152242
    endloop
  endfacet
  facet normal 0.207698 0.157405 -0.965445
    outer loop
      vertex 158.226 78.1305 0.0171108
      vertex 158.185 78.1846 0.0171108
      vertex 158.663 78.3827 0.152242
    endloop
  endfacet
  facet normal 0.206896 0.159251 -0.965315
    outer loop
      vertex 158.663 78.3827 0.152242
      vertex 158.185 78.1846 0.0171108
      vertex 158.541 78.5412 0.152242
    endloop
  endfacet
  facet normal 0.498531 0.0664497 -0.864321
    outer loop
      vertex 159.218 78 0.413294
      vertex 158.739 78.1981 0.152242
      vertex 159.176 78.3151 0.413294
    endloop
  endfacet
  facet normal 0.4646 0.19299 -0.864235
    outer loop
      vertex 159.176 78.3151 0.413294
      vertex 158.739 78.1981 0.152242
      vertex 159.054 78.6088 0.413294
    endloop
  endfacet
  facet normal 0.30639 0.399019 -0.864239
    outer loop
      vertex 158.861 78.8609 0.413294
      vertex 158.541 78.5412 0.152242
      vertex 158.609 79.0544 0.413294
    endloop
  endfacet
  facet normal 0.432723 0.563546 -0.70368
    outer loop
      vertex 158.861 78.8609 0.413294
      vertex 158.609 79.0544 0.413294
      vertex 158.793 79.3741 0.782477
    endloop
  endfacet
  facet normal 0.588097 0.76717 -0.25611
    outer loop
      vertex 159.307 79.3066 1.23463
      vertex 158.924 79.6002 1.23463
      vertex 158.991 79.7172 1.73895
    endloop
  endfacet
  facet normal 0.588147 0.767148 -0.256061
    outer loop
      vertex 159.307 79.3066 1.23463
      vertex 158.991 79.7172 1.73895
      vertex 159.402 79.4021 1.73895
    endloop
  endfacet
  facet normal 0.0926739 0.704048 -0.70408
    outer loop
      vertex 158.411 79.5326 0.782477
      vertex 158 79.2175 0.413294
      vertex 158 79.5867 0.782477
    endloop
  endfacet
  facet normal 0.192312 0.465069 -0.864133
    outer loop
      vertex 158.383 78.6628 0.152242
      vertex 158.198 78.7393 0.152242
      vertex 158.609 79.0544 0.413294
    endloop
  endfacet
  facet normal 0.306979 0.39887 -0.864099
    outer loop
      vertex 158.541 78.5412 0.152242
      vertex 158.383 78.6628 0.152242
      vertex 158.609 79.0544 0.413294
    endloop
  endfacet
  facet normal 0.12629 0.958201 -0.256713
    outer loop
      vertex 158.478 79.7848 1.23463
      vertex 158 79.8478 1.23463
      vertex 158.513 79.9153 1.73895
    endloop
  endfacet
  facet normal 0.126267 0.95821 -0.256691
    outer loop
      vertex 158.513 79.9153 1.73895
      vertex 158 79.8478 1.23463
      vertex 158 79.9829 1.73895
    endloop
  endfacet
  facet normal 0.271353 0.656066 0.704234
    outer loop
      vertex 158.411 79.5326 15.2175
      vertex 158.315 79.176 15.5867
      vertex 158.609 79.0544 15.5867
    endloop
  endfacet
  facet normal 0.092751 0.704013 0.704104
    outer loop
      vertex 158.411 79.5326 15.2175
      vertex 158 79.2175 15.5867
      vertex 158.315 79.176 15.5867
    endloop
  endfacet
  facet normal -0.258616 0.034047 0.96538
    outer loop
      vertex 1.26071 78.1981 15.8478
      vertex 1.23463 78 15.8478
      vertex 1.74784 78.0676 15.9829
    endloop
  endfacet
  facet normal -0.258762 0 0.965941
    outer loop
      vertex 1.23463 78 15.8478
      vertex 1.73895 2 15.9829
      vertex 1.73895 78 15.9829
    endloop
  endfacet
  facet normal -0.258762 0 0.965941
    outer loop
      vertex 1.73895 2 15.9829
      vertex 1.23463 78 15.8478
      vertex 1.23463 2 15.8478
    endloop
  endfacet
  facet normal -0.0998735 0.240989 0.965375
    outer loop
      vertex 1.80191 78.7393 15.8478
      vertex 1.61732 78.6628 15.8478
      vertex 1.93244 78.2522 15.9829
    endloop
  endfacet
  facet normal 0.206861 -0.159204 0.96533
    outer loop
      vertex 158.663 1.61732 15.8478
      vertex 158.185 1.81541 15.9829
      vertex 158.541 1.4588 15.8478
    endloop
  endfacet
  facet normal 0.89265 0.370519 0.256693
    outer loop
      vertex 159.717 78.9914 14.2611
      vertex 159.6 78.9239 14.7654
      vertex 159.785 78.4782 14.7654
    endloop
  endfacet
  facet normal 0.801692 0.332764 0.496545
    outer loop
      vertex 159.6 78.9239 14.7654
      vertex 159.533 78.4107 15.2175
      vertex 159.785 78.4782 14.7654
    endloop
  endfacet
  facet normal 0.86046 -0.113353 0.496749
    outer loop
      vertex 159.848 2 14.7654
      vertex 159.587 2 15.2175
      vertex 159.785 1.52177 14.7654
    endloop
  endfacet
  facet normal 0.704259 -0.0926047 0.703878
    outer loop
      vertex 159.587 2 15.2175
      vertex 159.218 2 15.5867
      vertex 159.533 1.58933 15.2175
    endloop
  endfacet
  facet normal 0.113262 0.860453 0.496781
    outer loop
      vertex 158.478 79.7848 14.7654
      vertex 158 79.5867 15.2175
      vertex 158.411 79.5326 15.2175
    endloop
  endfacet
  facet normal 0.331951 0.802005 0.496585
    outer loop
      vertex 158.478 79.7848 14.7654
      vertex 158.411 79.5326 15.2175
      vertex 158.924 79.6002 14.7654
    endloop
  endfacet
  facet normal -0.126216 0.958216 -0.256692
    outer loop
      vertex 2 79.8478 1.23463
      vertex 1.48679 79.9153 1.73895
      vertex 2 79.9829 1.73895
    endloop
  endfacet
  facet normal -0.0927218 0.70406 -0.704061
    outer loop
      vertex 1.68488 79.176 0.413294
      vertex 1.58933 79.5326 0.782477
      vertex 2 79.2175 0.413294
    endloop
  endfacet
  facet normal -0.0657103 0.498955 -0.864133
    outer loop
      vertex 1.80191 78.7393 0.152242
      vertex 1.68488 79.176 0.413294
      vertex 2 79.2175 0.413294
    endloop
  endfacet
  facet normal -0.36987 0.892917 -0.256701
    outer loop
      vertex 1.07612 79.6002 1.23463
      vertex 1.00856 79.7172 1.73895
      vertex 1.52177 79.7848 1.23463
    endloop
  endfacet
  facet normal -0.332094 0.801804 -0.496814
    outer loop
      vertex 1.20665 79.3741 0.782477
      vertex 1.07612 79.6002 1.23463
      vertex 1.58933 79.5326 0.782477
    endloop
  endfacet
  facet normal -0.241048 0.0998403 -0.965364
    outer loop
      vertex 1.74784 78.0676 0.0171108
      vertex 1.26071 78.1981 0.152242
      vertex 1.33717 78.3827 0.152242
    endloop
  endfacet
  facet normal -0.306272 0.399262 -0.864169
    outer loop
      vertex 1.4588 78.5412 0.152242
      vertex 1.39124 79.0544 0.413294
      vertex 1.61732 78.6628 0.152242
    endloop
  endfacet
  facet normal -0.588342 0.766794 -0.256674
    outer loop
      vertex 0.693438 79.3066 1.23463
      vertex 0.597886 79.4021 1.73895
      vertex 1.00856 79.7172 1.73895
    endloop
  endfacet
  facet normal -0.588308 0.766808 -0.256707
    outer loop
      vertex 1.07612 79.6002 1.23463
      vertex 0.693438 79.3066 1.23463
      vertex 1.00856 79.7172 1.73895
    endloop
  endfacet
  facet normal -0.563357 0.432302 -0.704091
    outer loop
      vertex 1.13908 78.8609 0.413294
      vertex 0.625873 78.7934 0.782477
      vertex 0.87803 79.122 0.782477
    endloop
  endfacet
  facet normal -0.704063 0.0926853 -0.704063
    outer loop
      vertex 0.782477 78 0.413294
      vertex 0.413294 78 0.782477
      vertex 0.46736 78.4107 0.782477
    endloop
  endfacet
  facet normal -0.464921 -0.192577 -0.864154
    outer loop
      vertex 1.33717 1.61732 0.152242
      vertex 0.945595 1.39124 0.413294
      vertex 1.26071 1.80191 0.152242
    endloop
  endfacet
  facet normal -0.399241 -0.306342 -0.864153
    outer loop
      vertex 1.13908 1.13908 0.413294
      vertex 0.945595 1.39124 0.413294
      vertex 1.4588 1.4588 0.152242
    endloop
  endfacet
  facet normal -0.306342 -0.399241 -0.864153
    outer loop
      vertex 1.39124 0.945595 0.413294
      vertex 1.13908 1.13908 0.413294
      vertex 1.4588 1.4588 0.152242
    endloop
  endfacet
  facet normal -0.500002 0 -0.866024
    outer loop
      vertex 0.782477 2 0.413294
      vertex 1.23463 78 0.152242
      vertex 1.23463 2 0.152242
    endloop
  endfacet
  facet normal -0.500002 0 -0.866024
    outer loop
      vertex 1.23463 78 0.152242
      vertex 0.782477 2 0.413294
      vertex 0.782477 78 0.413294
    endloop
  endfacet
  facet normal -0.498922 -0.0656867 -0.864154
    outer loop
      vertex 1.26071 1.80191 0.152242
      vertex 0.782477 2 0.413294
      vertex 1.23463 2 0.152242
    endloop
  endfacet
  facet normal -0.801801 0.332103 0.496813
    outer loop
      vertex 0.625873 78.7934 15.2175
      vertex 0.399795 78.9239 14.7654
      vertex 0.46736 78.4107 15.2175
    endloop
  endfacet
  facet normal -0.656098 0.271754 0.704049
    outer loop
      vertex 0.625873 78.7934 15.2175
      vertex 0.46736 78.4107 15.2175
      vertex 0.945595 78.6088 15.5867
    endloop
  endfacet
  facet normal -0.801813 -0.33212 -0.496782
    outer loop
      vertex 0.399795 1.07612 1.23463
      vertex 0.215202 1.52177 1.23463
      vertex 0.46736 1.58933 0.782477
    endloop
  endfacet
  facet normal -0.801809 -0.332124 -0.496786
    outer loop
      vertex 0.625873 1.20665 0.782477
      vertex 0.399795 1.07612 1.23463
      vertex 0.46736 1.58933 0.782477
    endloop
  endfacet
  facet normal 0.126201 -0.958203 -0.256748
    outer loop
      vertex 158.513 0.0846758 1.73895
      vertex 158 0.0171108 1.73895
      vertex 158 0.152242 1.23463
    endloop
  endfacet
  facet normal 0 -0.965926 -0.258817
    outer loop
      vertex 2 0.152242 1.23463
      vertex 158 0.0171108 1.73895
      vertex 2 0.0171108 1.73895
    endloop
  endfacet
  facet normal 0 -0.965926 -0.258817
    outer loop
      vertex 158 0.0171108 1.73895
      vertex 2 0.152242 1.23463
      vertex 158 0.152242 1.23463
    endloop
  endfacet
  facet normal 0.688486 -0.527961 -0.497237
    outer loop
      vertex 159.307 0.693438 1.23463
      vertex 159.122 0.87803 0.782477
      vertex 159.374 1.20665 0.782477
    endloop
  endfacet
  facet normal 0.432023 -0.563679 -0.704004
    outer loop
      vertex 159.122 0.87803 0.782477
      vertex 158.793 0.625873 0.782477
      vertex 158.861 1.13908 0.413294
    endloop
  endfacet
  facet normal 0.588145 -0.76712 -0.256147
    outer loop
      vertex 158.991 0.282767 1.73895
      vertex 158.924 0.399795 1.23463
      vertex 159.307 0.693438 1.23463
    endloop
  endfacet
  facet normal 0.0926183 -0.704067 -0.704067
    outer loop
      vertex 158.411 0.46736 0.782477
      vertex 158 0.413294 0.782477
      vertex 158 0.782477 0.413294
    endloop
  endfacet
  facet normal 0.30704 -0.398851 -0.864086
    outer loop
      vertex 158.609 0.945595 0.413294
      vertex 158.383 1.33717 0.152242
      vertex 158.541 1.4588 0.152242
    endloop
  endfacet
  facet normal 0.306368 -0.399022 -0.864245
    outer loop
      vertex 158.609 0.945595 0.413294
      vertex 158.541 1.4588 0.152242
      vertex 158.861 1.13908 0.413294
    endloop
  endfacet
  facet normal 0.860485 -0.113357 -0.496705
    outer loop
      vertex 159.785 1.52177 1.23463
      vertex 159.587 2 0.782477
      vertex 159.848 2 1.23463
    endloop
  endfacet
  facet normal 0.89318 -0.3698 -0.255887
    outer loop
      vertex 159.915 1.48679 1.73895
      vertex 159.717 1.00856 1.73895
      vertex 159.785 1.52177 1.23463
    endloop
  endfacet
  facet normal -0.332114 -0.801786 0.49683
    outer loop
      vertex 1.20665 0.625873 15.2175
      vertex 1.07612 0.399795 14.7654
      vertex 1.58933 0.46736 15.2175
    endloop
  endfacet
  facet normal -0.528313 -0.688509 0.496831
    outer loop
      vertex 1.20665 0.625873 15.2175
      vertex 0.693438 0.693438 14.7654
      vertex 1.07612 0.399795 14.7654
    endloop
  endfacet
  facet normal -0.766759 -0.588356 -0.256745
    outer loop
      vertex 0.693438 0.693438 1.23463
      vertex 0.282767 1.00856 1.73895
      vertex 0.399795 1.07612 1.23463
    endloop
  endfacet
  facet normal -0.688529 -0.528328 -0.496787
    outer loop
      vertex 0.693438 0.693438 1.23463
      vertex 0.399795 1.07612 1.23463
      vertex 0.625873 1.20665 0.782477
    endloop
  endfacet
  facet normal -0.207012 0.15876 -0.965371
    outer loop
      vertex 1.77392 78.1305 0.0171108
      vertex 1.33717 78.3827 0.152242
      vertex 1.81541 78.1846 0.0171108
    endloop
  endfacet
  facet normal -0.240989 0.0999203 -0.965371
    outer loop
      vertex 1.74784 78.0676 0.0171108
      vertex 1.33717 78.3827 0.152242
      vertex 1.77392 78.1305 0.0171108
    endloop
  endfacet
  facet normal 0.703458 0.0937647 -0.704525
    outer loop
      vertex 159.218 78 0.413294
      vertex 159.176 78.3151 0.413294
      vertex 159.533 78.4107 0.782477
    endloop
  endfacet
  facet normal 0.65551 0.272292 -0.704389
    outer loop
      vertex 159.176 78.3151 0.413294
      vertex 159.054 78.6088 0.413294
      vertex 159.533 78.4107 0.782477
    endloop
  endfacet
  facet normal 0.52775 0.688733 -0.497119
    outer loop
      vertex 159.122 79.122 0.782477
      vertex 158.793 79.3741 0.782477
      vertex 159.307 79.3066 1.23463
    endloop
  endfacet
  facet normal 0.431941 0.5637 -0.704038
    outer loop
      vertex 158.861 78.8609 0.413294
      vertex 158.793 79.3741 0.782477
      vertex 159.122 79.122 0.782477
    endloop
  endfacet
  facet normal 0.688467 0.527978 -0.497245
    outer loop
      vertex 159.374 78.7934 0.782477
      vertex 159.122 79.122 0.782477
      vertex 159.307 79.3066 1.23463
    endloop
  endfacet
  facet normal 0.39948 0.30583 -0.864224
    outer loop
      vertex 159.054 78.6088 0.413294
      vertex 158.541 78.5412 0.152242
      vertex 158.861 78.8609 0.413294
    endloop
  endfacet
  facet normal 0.241033 -0.0995213 0.965401
    outer loop
      vertex 158.252 1.93244 15.9829
      vertex 158.226 1.86947 15.9829
      vertex 158.663 1.61732 15.8478
    endloop
  endfacet
  facet normal 0.159193 -0.206796 0.965346
    outer loop
      vertex 158.541 1.4588 15.8478
      vertex 158.185 1.81541 15.9829
      vertex 158.383 1.33717 15.8478
    endloop
  endfacet
  facet normal 0.4986 0.0664589 0.864281
    outer loop
      vertex 159.176 78.3151 15.5867
      vertex 158.739 78.1981 15.8478
      vertex 159.218 78 15.5867
    endloop
  endfacet
  facet normal 0.703474 0.0937668 0.704508
    outer loop
      vertex 159.533 78.4107 15.2175
      vertex 159.176 78.3151 15.5867
      vertex 159.218 78 15.5867
    endloop
  endfacet
  facet normal -0.258612 -0.0340299 0.965382
    outer loop
      vertex 1.73895 2 15.9829
      vertex 1.23463 2 15.8478
      vertex 1.74784 1.93244 15.9829
    endloop
  endfacet
  facet normal 0.241193 -0.0993048 0.965383
    outer loop
      vertex 158.739 1.80191 15.8478
      vertex 158.252 1.93244 15.9829
      vertex 158.663 1.61732 15.8478
    endloop
  endfacet
  facet normal 0.688466 -0.527945 0.497281
    outer loop
      vertex 159.374 1.20665 15.2175
      vertex 159.122 0.87803 15.2175
      vertex 159.307 0.693438 14.7654
    endloop
  endfacet
  facet normal 0.958442 -0.126261 0.255828
    outer loop
      vertex 159.848 2 14.7654
      vertex 159.785 1.52177 14.7654
      vertex 159.915 1.48679 14.2611
    endloop
  endfacet
  facet normal 0 0.500046 -0.865999
    outer loop
      vertex 2 78.7654 0.152242
      vertex 158 79.2175 0.413294
      vertex 158 78.7654 0.152242
    endloop
  endfacet
  facet normal 0 0.500046 -0.865999
    outer loop
      vertex 158 79.2175 0.413294
      vertex 2 78.7654 0.152242
      vertex 2 79.2175 0.413294
    endloop
  endfacet
  facet normal -0.432222 0.563415 -0.704093
    outer loop
      vertex 1.13908 78.8609 0.413294
      vertex 0.87803 79.122 0.782477
      vertex 1.20665 79.3741 0.782477
    endloop
  endfacet
  facet normal -0.271701 0.656105 -0.704063
    outer loop
      vertex 1.68488 79.176 0.413294
      vertex 1.39124 79.0544 0.413294
      vertex 1.58933 79.5326 0.782477
    endloop
  endfacet
  facet normal -0.113346 0.860404 -0.496848
    outer loop
      vertex 1.58933 79.5326 0.782477
      vertex 1.52177 79.7848 1.23463
      vertex 2 79.5867 0.782477
    endloop
  endfacet
  facet normal -0.332118 0.801779 -0.496838
    outer loop
      vertex 1.58933 79.5326 0.782477
      vertex 1.07612 79.6002 1.23463
      vertex 1.52177 79.7848 1.23463
    endloop
  endfacet
  facet normal -0.563345 0.432363 -0.704063
    outer loop
      vertex 0.945595 78.6088 0.413294
      vertex 0.625873 78.7934 0.782477
      vertex 1.13908 78.8609 0.413294
    endloop
  endfacet
  facet normal -0.656081 0.271705 -0.704084
    outer loop
      vertex 0.823964 78.3151 0.413294
      vertex 0.46736 78.4107 0.782477
      vertex 0.945595 78.6088 0.413294
    endloop
  endfacet
  facet normal -0.991445 0.130528 0
    outer loop
      vertex 0.0171108 78 1.73895
      vertex 0.0846758 78.5132 14.2611
      vertex 0.0846758 78.5132 1.73895
    endloop
  endfacet
  facet normal -0.991445 0.130528 0
    outer loop
      vertex 0.0846758 78.5132 14.2611
      vertex 0.0171108 78 1.73895
      vertex 0.0171108 78 14.2611
    endloop
  endfacet
  facet normal -0.892936 0.369822 -0.256705
    outer loop
      vertex 0.399795 78.9239 1.23463
      vertex 0.215202 78.4782 1.23463
      vertex 0.282767 78.9914 1.73895
    endloop
  endfacet
  facet normal -0.766786 0.588349 -0.25668
    outer loop
      vertex 0.399795 78.9239 1.23463
      vertex 0.282767 78.9914 1.73895
      vertex 0.693438 79.3066 1.23463
    endloop
  endfacet
  facet normal -0.464919 0.192566 -0.864158
    outer loop
      vertex 1.26071 78.1981 0.152242
      vertex 0.945595 78.6088 0.413294
      vertex 1.33717 78.3827 0.152242
    endloop
  endfacet
  facet normal -0.399219 0.306353 -0.86416
    outer loop
      vertex 1.33717 78.3827 0.152242
      vertex 0.945595 78.6088 0.413294
      vertex 1.4588 78.5412 0.152242
    endloop
  endfacet
  facet normal -0.432304 -0.563394 -0.70406
    outer loop
      vertex 1.20665 0.625873 0.782477
      vertex 0.87803 0.87803 0.782477
      vertex 1.13908 1.13908 0.413294
    endloop
  endfacet
  facet normal -0.563394 -0.432304 -0.70406
    outer loop
      vertex 0.87803 0.87803 0.782477
      vertex 0.625873 1.20665 0.782477
      vertex 1.13908 1.13908 0.413294
    endloop
  endfacet
  facet normal 0.689105 -0.527612 -0.49675
    outer loop
      vertex 159.6 1.07612 1.23463
      vertex 159.307 0.693438 1.23463
      vertex 159.374 1.20665 0.782477
    endloop
  endfacet
  facet normal 0.767382 -0.587545 -0.256738
    outer loop
      vertex 159.717 1.00856 1.73895
      vertex 159.307 0.693438 1.23463
      vertex 159.6 1.07612 1.23463
    endloop
  endfacet
  facet normal 0.370009 -0.892842 -0.256761
    outer loop
      vertex 158.513 0.0846758 1.73895
      vertex 158.478 0.215202 1.23463
      vertex 158.991 0.282767 1.73895
    endloop
  endfacet
  facet normal 0.12621 -0.9582 -0.256757
    outer loop
      vertex 158.513 0.0846758 1.73895
      vertex 158 0.152242 1.23463
      vertex 158.478 0.215202 1.23463
    endloop
  endfacet
  facet normal -0.33211 -0.80179 0.496826
    outer loop
      vertex 1.58933 0.46736 15.2175
      vertex 1.07612 0.399795 14.7654
      vertex 1.52177 0.215202 14.7654
    endloop
  endfacet
  facet normal -0.369852 -0.892908 0.256757
    outer loop
      vertex 1.07612 0.399795 14.7654
      vertex 1.00856 0.282767 14.2611
      vertex 1.52177 0.215202 14.7654
    endloop
  endfacet
  facet normal -0.528328 -0.688529 -0.496787
    outer loop
      vertex 1.07612 0.399795 1.23463
      vertex 0.693438 0.693438 1.23463
      vertex 1.20665 0.625873 0.782477
    endloop
  endfacet
  facet normal -0.332124 -0.801809 -0.496786
    outer loop
      vertex 1.58933 0.46736 0.782477
      vertex 1.07612 0.399795 1.23463
      vertex 1.20665 0.625873 0.782477
    endloop
  endfacet
  facet normal 0.95817 -0.126957 0.2565
    outer loop
      vertex 159.983 2 14.2611
      vertex 159.848 2 14.7654
      vertex 159.915 1.48679 14.2611
    endloop
  endfacet
  facet normal 0.958444 -0.126261 -0.255818
    outer loop
      vertex 159.915 1.48679 1.73895
      vertex 159.785 1.52177 1.23463
      vertex 159.848 2 1.23463
    endloop
  endfacet
  facet normal 0.958172 -0.126957 -0.25649
    outer loop
      vertex 159.915 1.48679 1.73895
      vertex 159.848 2 1.23463
      vertex 159.983 2 1.73895
    endloop
  endfacet
  facet normal 0.80149 0.332994 -0.496718
    outer loop
      vertex 159.533 78.4107 0.782477
      vertex 159.374 78.7934 0.782477
      vertex 159.6 78.9239 1.23463
    endloop
  endfacet
  facet normal 0.655514 0.272346 -0.704365
    outer loop
      vertex 159.533 78.4107 0.782477
      vertex 159.054 78.6088 0.413294
      vertex 159.374 78.7934 0.782477
    endloop
  endfacet
  facet normal 0.689085 -0.527597 0.496794
    outer loop
      vertex 159.374 1.20665 15.2175
      vertex 159.307 0.693438 14.7654
      vertex 159.6 1.07612 14.7654
    endloop
  endfacet
  facet normal 0.76738 -0.587544 0.256748
    outer loop
      vertex 159.6 1.07612 14.7654
      vertex 159.307 0.693438 14.7654
      vertex 159.717 1.00856 14.2611
    endloop
  endfacet
  facet normal 0.563718 -0.431463 0.704316
    outer loop
      vertex 159.054 1.39124 15.5867
      vertex 158.861 1.13908 15.5867
      vertex 159.374 1.20665 15.2175
    endloop
  endfacet
  facet normal 0.655526 -0.272365 0.704345
    outer loop
      vertex 159.533 1.58933 15.2175
      vertex 159.054 1.39124 15.5867
      vertex 159.374 1.20665 15.2175
    endloop
  endfacet
  facet normal -0.432331 0.563394 -0.704044
    outer loop
      vertex 1.39124 79.0544 0.413294
      vertex 1.13908 78.8609 0.413294
      vertex 1.20665 79.3741 0.782477
    endloop
  endfacet
  facet normal -0.306364 0.399239 -0.864147
    outer loop
      vertex 1.4588 78.5412 0.152242
      vertex 1.13908 78.8609 0.413294
      vertex 1.39124 79.0544 0.413294
    endloop
  endfacet
  facet normal -0.126231 0.958211 -0.256706
    outer loop
      vertex 1.52177 79.7848 1.23463
      vertex 1.48679 79.9153 1.73895
      vertex 2 79.8478 1.23463
    endloop
  endfacet
  facet normal -0.113346 0.860404 -0.496848
    outer loop
      vertex 2 79.5867 0.782477
      vertex 1.52177 79.7848 1.23463
      vertex 2 79.8478 1.23463
    endloop
  endfacet
  facet normal -0.958209 0.126152 -0.25675
    outer loop
      vertex 0.152242 78 1.23463
      vertex 0.0171108 78 1.73895
      vertex 0.0846758 78.5132 1.73895
    endloop
  endfacet
  facet normal -0.965926 0 -0.258817
    outer loop
      vertex 0.152242 2 1.23463
      vertex 0.0171108 78 1.73895
      vertex 0.152242 78 1.23463
    endloop
  endfacet
  facet normal -0.965926 -0 -0.258817
    outer loop
      vertex 0.0171108 78 1.73895
      vertex 0.152242 2 1.23463
      vertex 0.0171108 2 1.73895
    endloop
  endfacet
  facet normal -0.801824 0.332113 -0.496769
    outer loop
      vertex 0.46736 78.4107 0.782477
      vertex 0.399795 78.9239 1.23463
      vertex 0.625873 78.7934 0.782477
    endloop
  endfacet
  facet normal -0.688552 0.528321 -0.496762
    outer loop
      vertex 0.625873 78.7934 0.782477
      vertex 0.399795 78.9239 1.23463
      vertex 0.693438 79.3066 1.23463
    endloop
  endfacet
  facet normal 0.369645 -0.893109 -0.256355
    outer loop
      vertex 158.991 0.282767 1.73895
      vertex 158.478 0.215202 1.23463
      vertex 158.924 0.399795 1.23463
    endloop
  endfacet
  facet normal 0.331962 -0.802062 -0.496486
    outer loop
      vertex 158.478 0.215202 1.23463
      vertex 158.411 0.46736 0.782477
      vertex 158.924 0.399795 1.23463
    endloop
  endfacet
  facet normal 0 0 -1
    outer loop
      vertex 158 1.73895 0.0171108
      vertex 158.261 2 0.0171108
      vertex 158.252 1.93244 0.0171108
    endloop
  endfacet
  facet normal -0 0 -1
    outer loop
      vertex 158.261 2 0.0171108
      vertex 158 1.73895 0.0171108
      vertex 158.261 78 0.0171108
    endloop
  endfacet
  facet normal 0 0 -1
    outer loop
      vertex 158 1.73895 0.0171108
      vertex 158.252 1.93244 0.0171108
      vertex 158.226 1.86947 0.0171108
    endloop
  endfacet
  facet normal 0 0 -1
    outer loop
      vertex 158 78.2611 0.0171108
      vertex 158.261 78 0.0171108
      vertex 158 1.73895 0.0171108
    endloop
  endfacet
  facet normal 0 0 -1
    outer loop
      vertex 158 1.73895 0.0171108
      vertex 158.226 1.86947 0.0171108
      vertex 158.185 1.81541 0.0171108
    endloop
  endfacet
  facet normal 0 0 -1
    outer loop
      vertex 158.261 78 0.0171108
      vertex 158 78.2611 0.0171108
      vertex 158.252 78.0676 0.0171108
    endloop
  endfacet
  facet normal 0 0 -1
    outer loop
      vertex 158 1.73895 0.0171108
      vertex 158.185 1.81541 0.0171108
      vertex 158.131 1.77392 0.0171108
    endloop
  endfacet
  facet normal 0 0 -1
    outer loop
      vertex 158.252 78.0676 0.0171108
      vertex 158 78.2611 0.0171108
      vertex 158.226 78.1305 0.0171108
    endloop
  endfacet
  facet normal 0 0 -1
    outer loop
      vertex 158 1.73895 0.0171108
      vertex 158.131 1.77392 0.0171108
      vertex 158.068 1.74784 0.0171108
    endloop
  endfacet
  facet normal 0 0 -1
    outer loop
      vertex 158.226 78.1305 0.0171108
      vertex 158 78.2611 0.0171108
      vertex 158.185 78.1846 0.0171108
    endloop
  endfacet
  facet normal 0 0 -1
    outer loop
      vertex 158.185 78.1846 0.0171108
      vertex 158 78.2611 0.0171108
      vertex 158.131 78.2261 0.0171108
    endloop
  endfacet
  facet normal 0 0 -1
    outer loop
      vertex 158.131 78.2261 0.0171108
      vertex 158 78.2611 0.0171108
      vertex 158.068 78.2522 0.0171108
    endloop
  endfacet
  facet normal 0 0 -1
    outer loop
      vertex 2 1.73895 0.0171108
      vertex 158 78.2611 0.0171108
      vertex 158 1.73895 0.0171108
    endloop
  endfacet
  facet normal 0 0 -1
    outer loop
      vertex 2 1.73895 0.0171108
      vertex 2 78.2611 0.0171108
      vertex 158 78.2611 0.0171108
    endloop
  endfacet
  facet normal 0 0 -1
    outer loop
      vertex 1.73895 2 0.0171108
      vertex 2 1.73895 0.0171108
      vertex 1.93244 1.74784 0.0171108
    endloop
  endfacet
  facet normal 0 0 -1
    outer loop
      vertex 2 1.73895 0.0171108
      vertex 1.73895 2 0.0171108
      vertex 2 78.2611 0.0171108
    endloop
  endfacet
  facet normal 0 0 -1
    outer loop
      vertex 1.73895 2 0.0171108
      vertex 1.93244 1.74784 0.0171108
      vertex 1.86947 1.77392 0.0171108
    endloop
  endfacet
  facet normal 0 0 -1
    outer loop
      vertex 1.73895 78 0.0171108
      vertex 2 78.2611 0.0171108
      vertex 1.73895 2 0.0171108
    endloop
  endfacet
  facet normal 0 0 -1
    outer loop
      vertex 1.73895 2 0.0171108
      vertex 1.86947 1.77392 0.0171108
      vertex 1.81541 1.81541 0.0171108
    endloop
  endfacet
  facet normal 0 0 -1
    outer loop
      vertex 2 78.2611 0.0171108
      vertex 1.73895 78 0.0171108
      vertex 1.93244 78.2522 0.0171108
    endloop
  endfacet
  facet normal 0 0 -1
    outer loop
      vertex 1.73895 2 0.0171108
      vertex 1.81541 1.81541 0.0171108
      vertex 1.77392 1.86947 0.0171108
    endloop
  endfacet
  facet normal 0 0 -1
    outer loop
      vertex 1.93244 78.2522 0.0171108
      vertex 1.73895 78 0.0171108
      vertex 1.86947 78.2261 0.0171108
    endloop
  endfacet
  facet normal 0 0 -1
    outer loop
      vertex 1.73895 2 0.0171108
      vertex 1.77392 1.86947 0.0171108
      vertex 1.74784 1.93244 0.0171108
    endloop
  endfacet
  facet normal 0 0 -1
    outer loop
      vertex 1.86947 78.2261 0.0171108
      vertex 1.73895 78 0.0171108
      vertex 1.81541 78.1846 0.0171108
    endloop
  endfacet
  facet normal 0 0 -1
    outer loop
      vertex 1.81541 78.1846 0.0171108
      vertex 1.73895 78 0.0171108
      vertex 1.77392 78.1305 0.0171108
    endloop
  endfacet
  facet normal 0 0 -1
    outer loop
      vertex 1.77392 78.1305 0.0171108
      vertex 1.73895 78 0.0171108
      vertex 1.74784 78.0676 0.0171108
    endloop
  endfacet
  facet normal -0.0340755 0.258622 0.965377
    outer loop
      vertex 2 78.7654 15.8478
      vertex 1.80191 78.7393 15.8478
      vertex 1.93244 78.2522 15.9829
    endloop
  endfacet
  facet normal 0.240974 0.0996075 0.965407
    outer loop
      vertex 158.663 78.3827 15.8478
      vertex 158.226 78.1305 15.9829
      vertex 158.252 78.0676 15.9829
    endloop
  endfacet
  facet normal 0.801663 -0.332789 0.496577
    outer loop
      vertex 159.785 1.52177 14.7654
      vertex 159.533 1.58933 15.2175
      vertex 159.6 1.07612 14.7654
    endloop
  endfacet
  facet normal 0.892625 -0.37055 0.256735
    outer loop
      vertex 159.785 1.52177 14.7654
      vertex 159.6 1.07612 14.7654
      vertex 159.717 1.00856 14.2611
    endloop
  endfacet
  facet normal -0.866024 0 -0.500002
    outer loop
      vertex 0.413294 2 0.782477
      vertex 0.152242 78 1.23463
      vertex 0.413294 78 0.782477
    endloop
  endfacet
  facet normal -0.866024 -0 -0.500002
    outer loop
      vertex 0.152242 78 1.23463
      vertex 0.413294 2 0.782477
      vertex 0.152242 2 1.23463
    endloop
  endfacet
  facet normal 0.258761 0.0344505 0.965327
    outer loop
      vertex 158.765 78 15.8478
      vertex 158.252 78.0676 15.9829
      vertex 158.261 78 15.9829
    endloop
  endfacet
  facet normal 0.0998551 0.24103 0.965367
    outer loop
      vertex 158.383 78.6628 15.8478
      vertex 158.068 78.2522 15.9829
      vertex 158.131 78.2261 15.9829
    endloop
  endfacet
  facet normal -0.158816 -0.206931 0.965379
    outer loop
      vertex 1.81541 1.81541 15.9829
      vertex 1.61732 1.33717 15.8478
      vertex 1.86947 1.77392 15.9829
    endloop
  endfacet
  facet normal -0.258614 -0.0340484 0.965381
    outer loop
      vertex 1.74784 1.93244 15.9829
      vertex 1.23463 2 15.8478
      vertex 1.26071 1.80191 15.8478
    endloop
  endfacet
  facet normal -0.24099 -0.0998215 0.965381
    outer loop
      vertex 1.74784 1.93244 15.9829
      vertex 1.26071 1.80191 15.8478
      vertex 1.33717 1.61732 15.8478
    endloop
  endfacet
  facet normal -0.258612 0.0340098 0.965382
    outer loop
      vertex 1.74784 78.0676 15.9829
      vertex 1.23463 78 15.8478
      vertex 1.73895 78 15.9829
    endloop
  endfacet
  facet normal 0.258702 -0.0339556 0.96536
    outer loop
      vertex 158.765 2 15.8478
      vertex 158.252 1.93244 15.9829
      vertex 158.739 1.80191 15.8478
    endloop
  endfacet
  facet normal 0.207618 -0.157461 0.965454
    outer loop
      vertex 158.226 1.86947 15.9829
      vertex 158.185 1.81541 15.9829
      vertex 158.663 1.61732 15.8478
    endloop
  endfacet
  facet normal 0.241199 0.0993021 0.965382
    outer loop
      vertex 158.663 78.3827 15.8478
      vertex 158.252 78.0676 15.9829
      vertex 158.739 78.1981 15.8478
    endloop
  endfacet
  facet normal -0.240996 -0.0998123 0.96538
    outer loop
      vertex 1.74784 1.93244 15.9829
      vertex 1.33717 1.61732 15.8478
      vertex 1.77392 1.86947 15.9829
    endloop
  endfacet
  facet normal 0.0338099 -0.258614 0.965389
    outer loop
      vertex 158 1.73895 15.9829
      vertex 158 1.23463 15.8478
      vertex 158.068 1.74784 15.9829
    endloop
  endfacet
  facet normal 0.0338492 0.258623 0.965385
    outer loop
      vertex 158 78.7654 15.8478
      vertex 158 78.2611 15.9829
      vertex 158.068 78.2522 15.9829
    endloop
  endfacet
  facet normal 0.0340678 -0.258643 0.965372
    outer loop
      vertex 158.068 1.74784 15.9829
      vertex 158 1.23463 15.8478
      vertex 158.198 1.26071 15.8478
    endloop
  endfacet
  facet normal 0.0996607 -0.241136 0.965361
    outer loop
      vertex 158.383 1.33717 15.8478
      vertex 158.068 1.74784 15.9829
      vertex 158.198 1.26071 15.8478
    endloop
  endfacet
  facet normal -0.158766 0.20697 0.965379
    outer loop
      vertex 1.61732 78.6628 15.8478
      vertex 1.4588 78.5412 15.8478
      vertex 1.81541 78.1846 15.9829
    endloop
  endfacet
  facet normal -0.0340299 -0.258612 0.965382
    outer loop
      vertex 2 1.73895 15.9829
      vertex 1.93244 1.74784 15.9829
      vertex 2 1.23463 15.8478
    endloop
  endfacet
  facet normal 0.258761 -0.0344708 0.965326
    outer loop
      vertex 158.261 2 15.9829
      vertex 158.252 1.93244 15.9829
      vertex 158.765 2 15.8478
    endloop
  endfacet
  facet normal 0.0997845 -0.241044 0.965371
    outer loop
      vertex 158.131 1.77392 15.9829
      vertex 158.068 1.74784 15.9829
      vertex 158.383 1.33717 15.8478
    endloop
  endfacet
  facet normal -0 0.258771 0.965939
    outer loop
      vertex 2 78.7654 15.8478
      vertex 158 78.2611 15.9829
      vertex 158 78.7654 15.8478
    endloop
  endfacet
  facet normal 0 0.258771 0.965939
    outer loop
      vertex 158 78.2611 15.9829
      vertex 2 78.7654 15.8478
      vertex 2 78.2611 15.9829
    endloop
  endfacet
  facet normal 0.206852 0.159217 0.96533
    outer loop
      vertex 158.541 78.5412 15.8478
      vertex 158.185 78.1846 15.9829
      vertex 158.663 78.3827 15.8478
    endloop
  endfacet
  facet normal 0.159173 0.206821 0.965344
    outer loop
      vertex 158.383 78.6628 15.8478
      vertex 158.185 78.1846 15.9829
      vertex 158.541 78.5412 15.8478
    endloop
  endfacet
  facet normal 0.258915 0 0.9659
    outer loop
      vertex 158.261 78 15.9829
      vertex 158.765 2 15.8478
      vertex 158.765 78 15.8478
    endloop
  endfacet
  facet normal 0.258915 0 0.9659
    outer loop
      vertex 158.765 2 15.8478
      vertex 158.261 78 15.9829
      vertex 158.261 2 15.9829
    endloop
  endfacet
  facet normal 0.207654 0.157372 0.965461
    outer loop
      vertex 158.663 78.3827 15.8478
      vertex 158.185 78.1846 15.9829
      vertex 158.226 78.1305 15.9829
    endloop
  endfacet
  facet normal -0.0340694 0.258621 0.965378
    outer loop
      vertex 2 78.7654 15.8478
      vertex 1.93244 78.2522 15.9829
      vertex 2 78.2611 15.9829
    endloop
  endfacet
  facet normal 0.0997126 0.241135 0.965356
    outer loop
      vertex 158.198 78.7393 15.8478
      vertex 158.068 78.2522 15.9829
      vertex 158.383 78.6628 15.8478
    endloop
  endfacet
  facet normal 0.0340949 0.258651 0.965369
    outer loop
      vertex 158.198 78.7393 15.8478
      vertex 158 78.7654 15.8478
      vertex 158.068 78.2522 15.9829
    endloop
  endfacet
  facet normal -0.206936 0.158799 0.965381
    outer loop
      vertex 1.4588 78.5412 15.8478
      vertex 1.33717 78.3827 15.8478
      vertex 1.81541 78.1846 15.9829
    endloop
  endfacet
  facet normal -0.099883 0.240982 0.965376
    outer loop
      vertex 1.93244 78.2522 15.9829
      vertex 1.61732 78.6628 15.8478
      vertex 1.86947 78.2261 15.9829
    endloop
  endfacet
  facet normal 0.159003 0.206895 0.965356
    outer loop
      vertex 158.383 78.6628 15.8478
      vertex 158.131 78.2261 15.9829
      vertex 158.185 78.1846 15.9829
    endloop
  endfacet
  facet normal -0.158854 0.206931 0.965373
    outer loop
      vertex 1.86947 78.2261 15.9829
      vertex 1.61732 78.6628 15.8478
      vertex 1.81541 78.1846 15.9829
    endloop
  endfacet
  facet normal 0 0 1
    outer loop
      vertex 158 78.2611 15.9829
      vertex 144.5 78 15.9829
      vertex 158 78 15.9829
    endloop
  endfacet
  facet normal 0 0 1
    outer loop
      vertex 158 78.2611 15.9829
      vertex 15.5 78 15.9829
      vertex 144.5 78 15.9829
    endloop
  endfacet
  facet normal -0 0 1
    outer loop
      vertex 2 78.2611 15.9829
      vertex 15.5 78 15.9829
      vertex 158 78.2611 15.9829
    endloop
  endfacet
  facet normal 0 0 1
    outer loop
      vertex 2 78.2611 15.9829
      vertex 2 78 15.9829
      vertex 15.5 78 15.9829
    endloop
  endfacet
  facet normal -0 0 1
    outer loop
      vertex 1.93244 78.2522 15.9829
      vertex 2 78 15.9829
      vertex 2 78.2611 15.9829
    endloop
  endfacet
  facet normal 0 0 1
    outer loop
      vertex 2 78 15.9829
      vertex 1.73895 78 15.9829
      vertex 2 2 15.9829
    endloop
  endfacet
  facet normal -0 0 1
    outer loop
      vertex 1.86947 78.2261 15.9829
      vertex 2 78 15.9829
      vertex 1.93244 78.2522 15.9829
    endloop
  endfacet
  facet normal 0 0 1
    outer loop
      vertex 1.73895 2 15.9829
      vertex 2 2 15.9829
      vertex 1.73895 78 15.9829
    endloop
  endfacet
  facet normal -0 0 1
    outer loop
      vertex 1.81541 78.1846 15.9829
      vertex 2 78 15.9829
      vertex 1.86947 78.2261 15.9829
    endloop
  endfacet
  facet normal 0 -0 1
    outer loop
      vertex 1.74784 1.93244 15.9829
      vertex 2 2 15.9829
      vertex 1.73895 2 15.9829
    endloop
  endfacet
  facet normal -0 0 1
    outer loop
      vertex 1.77392 78.1305 15.9829
      vertex 2 78 15.9829
      vertex 1.81541 78.1846 15.9829
    endloop
  endfacet
  facet normal 0 0 1
    outer loop
      vertex 2 2 15.9829
      vertex 1.93244 1.74784 15.9829
      vertex 2 1.73895 15.9829
    endloop
  endfacet
  facet normal -0 0 1
    outer loop
      vertex 1.74784 78.0676 15.9829
      vertex 2 78 15.9829
      vertex 1.77392 78.1305 15.9829
    endloop
  endfacet
  facet normal 0 0 1
    outer loop
      vertex 2 2 15.9829
      vertex 1.86947 1.77392 15.9829
      vertex 1.93244 1.74784 15.9829
    endloop
  endfacet
  facet normal 0 0 1
    outer loop
      vertex 2 78 15.9829
      vertex 1.74784 78.0676 15.9829
      vertex 1.73895 78 15.9829
    endloop
  endfacet
  facet normal 0 0 1
    outer loop
      vertex 2 2 15.9829
      vertex 1.81541 1.81541 15.9829
      vertex 1.86947 1.77392 15.9829
    endloop
  endfacet
  facet normal 0 0 1
    outer loop
      vertex 2 2 15.9829
      vertex 1.77392 1.86947 15.9829
      vertex 1.81541 1.81541 15.9829
    endloop
  endfacet
  facet normal 0 0 1
    outer loop
      vertex 2 2 15.9829
      vertex 1.74784 1.93244 15.9829
      vertex 1.77392 1.86947 15.9829
    endloop
  endfacet
  facet normal 0 0 1
    outer loop
      vertex 158 78 15.9829
      vertex 158.261 78 15.9829
      vertex 158.252 78.0676 15.9829
    endloop
  endfacet
  facet normal 0 0 1
    outer loop
      vertex 158.261 78 15.9829
      vertex 158 78 15.9829
      vertex 158.261 2 15.9829
    endloop
  endfacet
  facet normal 0 0 1
    outer loop
      vertex 158 78 15.9829
      vertex 158.252 78.0676 15.9829
      vertex 158.226 78.1305 15.9829
    endloop
  endfacet
  facet normal 0 0 1
    outer loop
      vertex 158 2 15.9829
      vertex 158.261 2 15.9829
      vertex 158 78 15.9829
    endloop
  endfacet
  facet normal 0 0 1
    outer loop
      vertex 158 78 15.9829
      vertex 158.226 78.1305 15.9829
      vertex 158.185 78.1846 15.9829
    endloop
  endfacet
  facet normal 0 0 1
    outer loop
      vertex 158.261 2 15.9829
      vertex 158 2 15.9829
      vertex 158.252 1.93244 15.9829
    endloop
  endfacet
  facet normal 0 0 1
    outer loop
      vertex 158 78 15.9829
      vertex 158.185 78.1846 15.9829
      vertex 158.131 78.2261 15.9829
    endloop
  endfacet
  facet normal 0 0 1
    outer loop
      vertex 158.252 1.93244 15.9829
      vertex 158 2 15.9829
      vertex 158.226 1.86947 15.9829
    endloop
  endfacet
  facet normal 0 0 1
    outer loop
      vertex 158 78 15.9829
      vertex 158.131 78.2261 15.9829
      vertex 158.068 78.2522 15.9829
    endloop
  endfacet
  facet normal 0 0 1
    outer loop
      vertex 158.226 1.86947 15.9829
      vertex 158 2 15.9829
      vertex 158.185 1.81541 15.9829
    endloop
  endfacet
  facet normal 0 0 1
    outer loop
      vertex 158 78 15.9829
      vertex 158.068 78.2522 15.9829
      vertex 158 78.2611 15.9829
    endloop
  endfacet
  facet normal 0 0 1
    outer loop
      vertex 158.185 1.81541 15.9829
      vertex 158 2 15.9829
      vertex 158.131 1.77392 15.9829
    endloop
  endfacet
  facet normal 0 0 1
    outer loop
      vertex 158.131 1.77392 15.9829
      vertex 158 2 15.9829
      vertex 158.068 1.74784 15.9829
    endloop
  endfacet
  facet normal 0 0 1
    outer loop
      vertex 158 2 15.9829
      vertex 158 1.73895 15.9829
      vertex 158.068 1.74784 15.9829
    endloop
  endfacet
  facet normal -0 0 1
    outer loop
      vertex 144.5 2 15.9829
      vertex 158 1.73895 15.9829
      vertex 158 2 15.9829
    endloop
  endfacet
  facet normal -0 0 1
    outer loop
      vertex 15.5 2 15.9829
      vertex 158 1.73895 15.9829
      vertex 144.5 2 15.9829
    endloop
  endfacet
  facet normal 0 0 1
    outer loop
      vertex 2 1.73895 15.9829
      vertex 15.5 2 15.9829
      vertex 2 2 15.9829
    endloop
  endfacet
  facet normal 0 0 1
    outer loop
      vertex 15.5 2 15.9829
      vertex 2 1.73895 15.9829
      vertex 158 1.73895 15.9829
    endloop
  endfacet
  facet normal -0.206967 0.158726 0.965386
    outer loop
      vertex 1.81541 78.1846 15.9829
      vertex 1.33717 78.3827 15.8478
      vertex 1.77392 78.1305 15.9829
    endloop
  endfacet
  facet normal -0.240937 0.0998988 0.965386
    outer loop
      vertex 1.77392 78.1305 15.9829
      vertex 1.33717 78.3827 15.8478
      vertex 1.74784 78.0676 15.9829
    endloop
  endfacet
  facet normal 1 -0 0
    outer loop
      vertex 158 2 16
      vertex 158 78 15.9829
      vertex 158 78 16
    endloop
  endfacet
  facet normal 1 0 0
    outer loop
      vertex 158 78 15.9829
      vertex 158 2 16
      vertex 158 2 15.9829
    endloop
  endfacet
  facet normal -1 0 0
    outer loop
      vertex 158 2 2
      vertex 158 78 14
      vertex 158 78 2
    endloop
  endfacet
  facet normal -1 -0 0
    outer loop
      vertex 158 78 14
      vertex 158 2 2
      vertex 158 2 14
    endloop
  endfacet
  facet normal -0 0 1
    outer loop
      vertex 2 78 2
      vertex 158 2 2
      vertex 158 78 2
    endloop
  endfacet
  facet normal 0 0 1
    outer loop
      vertex 158 2 2
      vertex 2 78 2
      vertex 2 2 2
    endloop
  endfacet
  facet normal -1 0 0
    outer loop
      vertex 2 2 15.9829
      vertex 2 78 16
      vertex 2 78 15.9829
    endloop
  endfacet
  facet normal -1 -0 0
    outer loop
      vertex 2 78 16
      vertex 2 2 15.9829
      vertex 2 2 16
    endloop
  endfacet
  facet normal 1 -0 0
    outer loop
      vertex 2 2 14
      vertex 2 78 2
      vertex 2 78 14
    endloop
  endfacet
  facet normal 1 0 0
    outer loop
      vertex 2 78 2
      vertex 2 2 14
      vertex 2 2 2
    endloop
  endfacet
  facet normal 0 1 -0
    outer loop
      vertex 15.5 78 15.9829
      vertex 2 78 16
      vertex 15.5 78 16
    endloop
  endfacet
  facet normal 0 1 0
    outer loop
      vertex 2 78 16
      vertex 15.5 78 15.9829
      vertex 2 78 15.9829
    endloop
  endfacet
  facet normal 0 -1 0
    outer loop
      vertex 2 78 2
      vertex 15.5 78 14
      vertex 2 78 14
    endloop
  endfacet
  facet normal 0 -1 -0
    outer loop
      vertex 15.5 78 14
      vertex 2 78 2
      vertex 144.5 78 14
    endloop
  endfacet
  facet normal 0 -1 0
    outer loop
      vertex 158 78 2
      vertex 144.5 78 14
      vertex 2 78 2
    endloop
  endfacet
  facet normal 0 -1 0
    outer loop
      vertex 144.5 78 14
      vertex 158 78 2
      vertex 158 78 14
    endloop
  endfacet
  facet normal 0 -1 0
    outer loop
      vertex 15.5 78 14
      vertex 144.5 78 15.9829
      vertex 15.5 78 15.9829
    endloop
  endfacet
  facet normal 0 -1 -0
    outer loop
      vertex 144.5 78 15.9829
      vertex 15.5 78 14
      vertex 144.5 78 14
    endloop
  endfacet
  facet normal 0 1 -0
    outer loop
      vertex 158 78 15.9829
      vertex 144.5 78 16
      vertex 158 78 16
    endloop
  endfacet
  facet normal 0 1 0
    outer loop
      vertex 144.5 78 16
      vertex 158 78 15.9829
      vertex 144.5 78 15.9829
    endloop
  endfacet
  facet normal 0 -1 0
    outer loop
      vertex 2 2 15.9829
      vertex 15.5 2 16
      vertex 2 2 16
    endloop
  endfacet
  facet normal 0 -1 -0
    outer loop
      vertex 15.5 2 16
      vertex 2 2 15.9829
      vertex 15.5 2 15.9829
    endloop
  endfacet
  facet normal 0 1 -0
    outer loop
      vertex 158 2 2
      vertex 144.5 2 14
      vertex 158 2 14
    endloop
  endfacet
  facet normal 0 1 0
    outer loop
      vertex 144.5 2 14
      vertex 158 2 2
      vertex 15.5 2 14
    endloop
  endfacet
  facet normal 0 1 0
    outer loop
      vertex 2 2 2
      vertex 15.5 2 14
      vertex 158 2 2
    endloop
  endfacet
  facet normal 0 1 0
    outer loop
      vertex 15.5 2 14
      vertex 2 2 2
      vertex 2 2 14
    endloop
  endfacet
  facet normal 0 1 -0
    outer loop
      vertex 144.5 2 14
      vertex 15.5 2 15.9829
      vertex 144.5 2 15.9829
    endloop
  endfacet
  facet normal 0 1 0
    outer loop
      vertex 15.5 2 15.9829
      vertex 144.5 2 14
      vertex 15.5 2 14
    endloop
  endfacet
  facet normal 0 -1 0
    outer loop
      vertex 144.5 2 15.9829
      vertex 158 2 16
      vertex 144.5 2 16
    endloop
  endfacet
  facet normal 0 -1 -0
    outer loop
      vertex 158 2 16
      vertex 144.5 2 15.9829
      vertex 158 2 15.9829
    endloop
  endfacet
  facet normal 1 0 0
    outer loop
      vertex 15.5 2 15.9829
      vertex 15.5 78 15.9829
      vertex 15.5 78 16
    endloop
  endfacet
  facet normal 1 0 0
    outer loop
      vertex 15.5 2 15.9829
      vertex 15.5 78 16
      vertex 15.5 2 16
    endloop
  endfacet
  facet normal 1 0 0
    outer loop
      vertex 15.5 78 15.9829
      vertex 15.5 2 15.9829
      vertex 15.5 78 14
    endloop
  endfacet
  facet normal 1 0 0
    outer loop
      vertex 15.5 78 14
      vertex 15.5 2 15.9829
      vertex 15.5 2 14
    endloop
  endfacet
  facet normal -0 0 1
    outer loop
      vertex 2 78 16
      vertex 15.5 2 16
      vertex 15.5 78 16
    endloop
  endfacet
  facet normal 0 0 1
    outer loop
      vertex 15.5 2 16
      vertex 2 78 16
      vertex 2 2 16
    endloop
  endfacet
  facet normal 0 0 -1
    outer loop
      vertex 2 2 14
      vertex 15.5 78 14
      vertex 15.5 2 14
    endloop
  endfacet
  facet normal -0 0 -1
    outer loop
      vertex 15.5 78 14
      vertex 2 2 14
      vertex 2 78 14
    endloop
  endfacet
  facet normal -0 0 1
    outer loop
      vertex 144.5 78 16
      vertex 158 2 16
      vertex 158 78 16
    endloop
  endfacet
  facet normal 0 0 1
    outer loop
      vertex 158 2 16
      vertex 144.5 78 16
      vertex 144.5 2 16
    endloop
  endfacet
  facet normal 0 0 -1
    outer loop
      vertex 144.5 2 14
      vertex 158 78 14
      vertex 158 2 14
    endloop
  endfacet
  facet normal -0 0 -1
    outer loop
      vertex 158 78 14
      vertex 144.5 2 14
      vertex 144.5 78 14
    endloop
  endfacet
  facet normal -1 0 0
    outer loop
      vertex 144.5 2 14
      vertex 144.5 78 15.9829
      vertex 144.5 78 14
    endloop
  endfacet
  facet normal -1 0 0
    outer loop
      vertex 144.5 2 15.9829
      vertex 144.5 78 15.9829
      vertex 144.5 2 14
    endloop
  endfacet
  facet normal -1 0 0
    outer loop
      vertex 144.5 78 15.9829
      vertex 144.5 2 15.9829
      vertex 144.5 78 16
    endloop
  endfacet
  facet normal -1 -0 0
    outer loop
      vertex 144.5 78 16
      vertex 144.5 2 15.9829
      vertex 144.5 2 16
    endloop
  endfacet
endsolid OpenSCAD_Model
