ISO-10303-21;
HEADER;
/* Generated by software containing ST-Developer
 * from STEP Tools, Inc. (www.steptools.com) 
 */

FILE_DESCRIPTION(
/* description */ (''),
/* implementation_level */ '2;1');

FILE_NAME(
/* name */ '/Users/rockyfong/Desktop/Pixel Buds Pro Case.step',
/* time_stamp */ '2022-08-26T03:20:10-07:00',
/* author */ (''),
/* organization */ (''),
/* preprocessor_version */ 'ST-DEVELOPER v19',
/* originating_system */ 'Autodesk Translation Framework v11.7.0.108',
/* authorisation */ '');

FILE_SCHEMA (('AUTOMOTIVE_DESIGN { 1 0 10303 214 3 1 1 }'));
ENDSEC;

DATA;
#10=MECHANICAL_DESIGN_GEOMETRIC_PRESENTATION_REPRESENTATION('',(#96,#97),
#2865);
#11=SHAPE_REPRESENTATION_RELATIONSHIP('SRR','None',#2872,#12);
#12=ADVANCED_BREP_SHAPE_REPRESENTATION('',(#98,#99),#2864);
#13=(
BOUNDED_CURVE()
B_SPLINE_CURVE(5,(#2342,#2343,#2344,#2345,#2346,#2347,#2348,#2349,#2350,
#2351,#2352),.UNSPECIFIED.,.F.,.F.)
B_SPLINE_CURVE_WITH_KNOTS((6,1,1,1,1,1,6),(-0.792733344576077,-0.7,-0.6,
-0.5,-0.4,-0.3,-0.207279667483538),.UNSPECIFIED.)
CURVE()
GEOMETRIC_REPRESENTATION_ITEM()
RATIONAL_B_SPLINE_CURVE((1.,1.,1.,1.,1.,1.,1.,1.,1.,1.,1.))
REPRESENTATION_ITEM('')
);
#14=B_SPLINE_SURFACE_WITH_KNOTS('',3,3,((#1465,#1466,#1467,#1468,#1469,
#1470),(#1471,#1472,#1473,#1474,#1475,#1476),(#1477,#1478,#1479,#1480,#1481,
#1482),(#1483,#1484,#1485,#1486,#1487,#1488),(#1489,#1490,#1491,#1492,#1493,
#1494),(#1495,#1496,#1497,#1498,#1499,#1500)),.UNSPECIFIED.,.F.,.F.,.F.,
(4,1,1,4),(4,1,1,4),(0.,0.285714285714286,0.571428571428571,1.),(0.,0.269638668725409,
0.449397781209015,0.629156893692621),.UNSPECIFIED.);
#15=B_SPLINE_SURFACE_WITH_KNOTS('',3,3,((#1516,#1517,#1518,#1519),(#1520,
#1521,#1522,#1523),(#1524,#1525,#1526,#1527),(#1528,#1529,#1530,#1531),
(#1532,#1533,#1534,#1535),(#1536,#1537,#1538,#1539)),.UNSPECIFIED.,.F.,
 .F.,.F.,(4,1,1,4),(4,4),(0.,0.285714285714286,0.571428571428571,1.),(0.,
0.100026673219624),.UNSPECIFIED.);
#16=B_SPLINE_SURFACE_WITH_KNOTS('',3,3,((#1551,#1552,#1553,#1554,#1555),
(#1556,#1557,#1558,#1559,#1560),(#1561,#1562,#1563,#1564,#1565),(#1566,
#1567,#1568,#1569,#1570),(#1571,#1572,#1573,#1574,#1575),(#1576,#1577,#1578,
#1579,#1580)),.UNSPECIFIED.,.F.,.F.,.F.,(4,1,1,4),(4,1,4),(0.,0.285714285714286,
0.571428571428571,1.),(0.,0.269638025946587,0.62915539387537),
 .UNSPECIFIED.);
#17=B_SPLINE_SURFACE_WITH_KNOTS('',3,3,((#1600,#1601,#1602,#1603,#1604,
#1605),(#1606,#1607,#1608,#1609,#1610,#1611),(#1612,#1613,#1614,#1615,#1616,
#1617),(#1618,#1619,#1620,#1621,#1622,#1623),(#1624,#1625,#1626,#1627,#1628,
#1629),(#1630,#1631,#1632,#1633,#1634,#1635)),.UNSPECIFIED.,.F.,.F.,.F.,
(4,1,1,4),(4,1,1,4),(0.,0.285714285714286,0.571428571428571,1.),(0.,0.269638668725407,
0.449397781209011,0.629156893692616),.UNSPECIFIED.);
#18=B_SPLINE_SURFACE_WITH_KNOTS('',3,3,((#1651,#1652,#1653,#1654),(#1655,
#1656,#1657,#1658),(#1659,#1660,#1661,#1662),(#1663,#1664,#1665,#1666),
(#1667,#1668,#1669,#1670),(#1671,#1672,#1673,#1674)),.UNSPECIFIED.,.F.,
 .F.,.F.,(4,1,1,4),(4,4),(0.,0.285714285714286,0.571428571428571,1.),(0.,
0.100026673219624),.UNSPECIFIED.);
#19=B_SPLINE_SURFACE_WITH_KNOTS('',3,3,((#1686,#1687,#1688,#1689,#1690),
(#1691,#1692,#1693,#1694,#1695),(#1696,#1697,#1698,#1699,#1700),(#1701,
#1702,#1703,#1704,#1705),(#1706,#1707,#1708,#1709,#1710),(#1711,#1712,#1713,
#1714,#1715)),.UNSPECIFIED.,.F.,.F.,.F.,(4,1,1,4),(4,1,4),(0.,0.285714285714286,
0.571428571428571,1.),(1.51453054988458E-16,0.269638668527677,0.629156893231245),
 .UNSPECIFIED.);
#20=B_SPLINE_SURFACE_WITH_KNOTS('',3,3,((#1835,#1836,#1837,#1838),(#1839,
#1840,#1841,#1842),(#1843,#1844,#1845,#1846),(#1847,#1848,#1849,#1850)),
 .UNSPECIFIED.,.F.,.F.,.F.,(4,4),(4,4),(0.,1.),(0.0122949022856847,0.250084265409081),
 .UNSPECIFIED.);
#21=B_SPLINE_SURFACE_WITH_KNOTS('',3,3,((#2137,#2138,#2139,#2140),(#2141,
#2142,#2143,#2144),(#2145,#2146,#2147,#2148),(#2149,#2150,#2151,#2152)),
 .UNSPECIFIED.,.F.,.F.,.F.,(4,4),(4,4),(0.,1.),(-0.00335026685436978,0.234512400466717),
 .UNSPECIFIED.);
#22=B_SPLINE_SURFACE_WITH_KNOTS('',3,3,((#2618,#2619,#2620,#2621),(#2622,
#2623,#2624,#2625),(#2626,#2627,#2628,#2629),(#2630,#2631,#2632,#2633),
(#2634,#2635,#2636,#2637),(#2638,#2639,#2640,#2641)),.UNSPECIFIED.,.F.,
 .F.,.F.,(4,1,1,4),(4,4),(4.39156428626566,4.68008046429806,4.87242458298632,
5.06476870167459),(-0.0500000000000003,0.),.UNSPECIFIED.);
#23=B_SPLINE_SURFACE_WITH_KNOTS('',3,3,((#2644,#2645,#2646,#2647),(#2648,
#2649,#2650,#2651),(#2652,#2653,#2654,#2655),(#2656,#2657,#2658,#2659),
(#2660,#2661,#2662,#2663),(#2664,#2665,#2666,#2667),(#2668,#2669,#2670,
#2671),(#2672,#2673,#2674,#2675)),.UNSPECIFIED.,.F.,.F.,.F.,(4,1,1,1,1,
4),(4,4),(-0.543718396680751,-0.474302607222056,-0.335471028304664,-0.196639449387273,
-0.127223659928577,-0.0578078704698817),(-0.0500000000000003,0.),
 .UNSPECIFIED.);
#24=B_SPLINE_SURFACE_WITH_KNOTS('',3,3,((#2677,#2678,#2679,#2680),(#2681,
#2682,#2683,#2684),(#2685,#2686,#2687,#2688),(#2689,#2690,#2691,#2692),
(#2693,#2694,#2695,#2696),(#2697,#2698,#2699,#2700)),.UNSPECIFIED.,.F.,
 .F.,.F.,(4,1,1,4),(4,4),(4.97215738878801,5.26078557706632,5.45320436925185,
5.64562316143739),(-0.0500000000000001,0.),.UNSPECIFIED.);
#25=B_SPLINE_SURFACE_WITH_KNOTS('',3,3,((#2702,#2703,#2704,#2705),(#2706,
#2707,#2708,#2709),(#2710,#2711,#2712,#2713),(#2714,#2715,#2716,#2717),
(#2718,#2719,#2720,#2721),(#2722,#2723,#2724,#2725),(#2726,#2727,#2728,
#2729),(#2730,#2731,#2732,#2733),(#2734,#2735,#2736,#2737)),
 .UNSPECIFIED.,.F.,.F.,.F.,(4,1,1,1,1,1,4),(4,4),(-0.485630807682194,-0.416254978013309,
-0.346879148344424,-0.277503318675539,-0.13875165933777,-0.0693758296688848,
0.),(-0.0500000000000003,0.),.UNSPECIFIED.);
#26=B_SPLINE_SURFACE_WITH_KNOTS('',3,3,((#2738,#2739,#2740,#2741),(#2742,
#2743,#2744,#2745),(#2746,#2747,#2748,#2749),(#2750,#2751,#2752,#2753),
(#2754,#2755,#2756,#2757),(#2758,#2759,#2760,#2761)),.UNSPECIFIED.,.F.,
 .F.,.F.,(4,1,1,4),(4,4),(4.27382146589099,4.5622967922705,4.7546136765235,
4.94693056077651),(-0.0500000000000003,0.),.UNSPECIFIED.);
#27=B_SPLINE_SURFACE_WITH_KNOTS('',3,3,((#2764,#2765,#2766,#2767),(#2768,
#2769,#2770,#2771),(#2772,#2773,#2774,#2775),(#2776,#2777,#2778,#2779),
(#2780,#2781,#2782,#2783),(#2784,#2785,#2786,#2787),(#2788,#2789,#2790,
#2791),(#2792,#2793,#2794,#2795),(#2796,#2797,#2798,#2799)),
 .UNSPECIFIED.,.F.,.F.,.F.,(4,1,1,1,1,1,4),(4,4),(-0.647944371248336,-0.555380889641431,
-0.462817408034526,-0.370253926427621,-0.18512696321381,-0.0925634816069052,
0.),(-0.0500000000000002,0.),.UNSPECIFIED.);
#28=B_SPLINE_SURFACE_WITH_KNOTS('',3,3,((#2801,#2802,#2803,#2804),(#2805,
#2806,#2807,#2808),(#2809,#2810,#2811,#2812),(#2813,#2814,#2815,#2816),
(#2817,#2818,#2819,#2820),(#2821,#2822,#2823,#2824)),.UNSPECIFIED.,.F.,
 .F.,.F.,(4,1,1,4),(4,4),(5.05149105433153,5.34013114622218,5.53255787414928,
5.72498460207638),(-0.0500000000000002,0.),.UNSPECIFIED.);
#29=B_SPLINE_SURFACE_WITH_KNOTS('',3,3,((#2826,#2827,#2828,#2829),(#2830,
#2831,#2832,#2833),(#2834,#2835,#2836,#2837),(#2838,#2839,#2840,#2841),
(#2842,#2843,#2844,#2845),(#2846,#2847,#2848,#2849),(#2850,#2851,#2852,
#2853),(#2854,#2855,#2856,#2857),(#2858,#2859,#2860,#2861)),
 .UNSPECIFIED.,.F.,.F.,.F.,(4,1,1,1,1,1,4),(4,4),(-0.723551407282438,-0.630901381382774,
-0.538251355483109,-0.352951303683781,-0.260301277784116,-0.167651251884452,
-0.0750012259847871),(-0.0500000000000004,0.),.UNSPECIFIED.);
#30=LINE('',#1436,#57);
#31=LINE('',#1441,#58);
#32=LINE('',#1445,#59);
#33=LINE('',#1728,#60);
#34=LINE('',#1742,#61);
#35=LINE('',#1745,#62);
#36=LINE('',#1754,#63);
#37=LINE('',#1769,#64);
#38=LINE('',#2130,#65);
#39=LINE('',#2377,#66);
#40=LINE('',#2380,#67);
#41=LINE('',#2384,#68);
#42=LINE('',#2399,#69);
#43=LINE('',#2408,#70);
#44=LINE('',#2577,#71);
#45=LINE('',#2580,#72);
#46=LINE('',#2583,#73);
#47=LINE('',#2614,#74);
#48=LINE('',#2615,#75);
#49=LINE('',#2642,#76);
#50=LINE('',#2643,#77);
#51=LINE('',#2676,#78);
#52=LINE('',#2701,#79);
#53=LINE('',#2762,#80);
#54=LINE('',#2763,#81);
#55=LINE('',#2800,#82);
#56=LINE('',#2825,#83);
#57=VECTOR('',#1013,1.5);
#58=VECTOR('',#1018,10.);
#59=VECTOR('',#1021,10.);
#60=VECTOR('',#1056,10.);
#61=VECTOR('',#1057,10.);
#62=VECTOR('',#1060,10.);
#63=VECTOR('',#1063,10.);
#64=VECTOR('',#1066,10.);
#65=VECTOR('',#1081,10.);
#66=VECTOR('',#1090,10.);
#67=VECTOR('',#1093,10.);
#68=VECTOR('',#1098,10.);
#69=VECTOR('',#1101,10.);
#70=VECTOR('',#1104,10.);
#71=VECTOR('',#1117,10.);
#72=VECTOR('',#1120,10.);
#73=VECTOR('',#1123,10.);
#74=VECTOR('',#1134,10.);
#75=VECTOR('',#1135,10.);
#76=VECTOR('',#1140,10.);
#77=VECTOR('',#1141,10.);
#78=VECTOR('',#1142,10.);
#79=VECTOR('',#1143,10.);
#80=VECTOR('',#1144,10.);
#81=VECTOR('',#1145,10.);
#82=VECTOR('',#1146,10.);
#83=VECTOR('',#1147,10.);
#84=CYLINDRICAL_SURFACE('',#928,1.5);
#85=CYLINDRICAL_SURFACE('',#948,3.5);
#86=CYLINDRICAL_SURFACE('',#950,3.5);
#87=CYLINDRICAL_SURFACE('',#966,3.5);
#88=CYLINDRICAL_SURFACE('',#968,3.5);
#89=CYLINDRICAL_SURFACE('',#978,12.5);
#90=CYLINDRICAL_SURFACE('',#979,12.5);
#91=CYLINDRICAL_SURFACE('',#981,13.5);
#92=CYLINDRICAL_SURFACE('',#982,13.5);
#93=TOROIDAL_SURFACE('',#923,2.,0.5);
#94=TOROIDAL_SURFACE('',#934,24.6963109176497,0.5);
#95=TOROIDAL_SURFACE('',#942,24.6963109176512,0.5);
#96=STYLED_ITEM('',(#2881),#98);
#97=STYLED_ITEM('',(#2881),#99);
#98=MANIFOLD_SOLID_BREP('Cap Case',#900);
#99=MANIFOLD_SOLID_BREP('Body Case',#901);
#100=FACE_BOUND('',#181,.T.);
#101=FACE_BOUND('',#185,.T.);
#102=FACE_BOUND('',#199,.T.);
#103=FACE_BOUND('',#200,.T.);
#104=FACE_BOUND('',#213,.T.);
#105=FACE_BOUND('',#219,.T.);
#106=FACE_BOUND('',#221,.T.);
#107=(
BOUNDED_SURFACE()
B_SPLINE_SURFACE(2,2,((#1165,#1166,#1167,#1168,#1169),(#1170,#1171,#1172,
#1173,#1174),(#1175,#1176,#1177,#1178,#1179),(#1180,#1181,#1182,#1183,#1184),
(#1185,#1186,#1187,#1188,#1189)),.UNSPECIFIED.,.F.,.F.,.F.)
B_SPLINE_SURFACE_WITH_KNOTS((3,2,3),(3,2,3),(-1.5707963267949,0.,1.5707963267949),
(0.234636969244613,1.57088878020395,2.90714059116329),.UNSPECIFIED.)
GEOMETRIC_REPRESENTATION_ITEM()
RATIONAL_B_SPLINE_SURFACE(((1.,0.784984075154421,1.,0.784984075154421,1.),
(0.707106781186548,0.555067562665142,0.707106781186548,0.555067562665142,
0.707106781186548),(1.,0.784984075154421,1.,0.784984075154421,1.),(0.707106781186548,
0.555067562665142,0.707106781186548,0.555067562665142,0.707106781186548),
(1.,0.784984075154421,1.,0.784984075154421,1.)))
REPRESENTATION_ITEM('')
SURFACE()
);
#108=(
BOUNDED_SURFACE()
B_SPLINE_SURFACE(2,2,((#1260,#1261,#1262,#1263,#1264),(#1265,#1266,#1267,
#1268,#1269),(#1270,#1271,#1272,#1273,#1274),(#1275,#1276,#1277,#1278,#1279),
(#1280,#1281,#1282,#1283,#1284)),.UNSPECIFIED.,.F.,.F.,.F.)
B_SPLINE_SURFACE_WITH_KNOTS((3,2,3),(3,2,3),(-1.5707963267949,0.,1.5707963267949),
(0.221509568040405,1.57090333734869,2.92029710665697),.UNSPECIFIED.)
GEOMETRIC_REPRESENTATION_ITEM()
RATIONAL_B_SPLINE_SURFACE(((1.,0.78089633123058,1.,0.78089633123058,1.),
(0.707106781186547,0.55217709121684,0.707106781186547,0.55217709121684,
0.707106781186547),(1.,0.78089633123058,1.,0.78089633123058,1.),(0.707106781186547,
0.55217709121684,0.707106781186547,0.55217709121684,0.707106781186547),
(1.,0.78089633123058,1.,0.78089633123058,1.)))
REPRESENTATION_ITEM('')
SURFACE()
);
#109=(
BOUNDED_SURFACE()
B_SPLINE_SURFACE(5,1,((#1336,#1337),(#1338,#1339),(#1340,#1341),(#1342,
#1343),(#1344,#1345),(#1346,#1347),(#1348,#1349),(#1350,#1351),(#1352,#1353),
(#1354,#1355),(#1356,#1357),(#1358,#1359),(#1360,#1361),(#1362,#1363),(#1364,
#1365),(#1366,#1367),(#1368,#1369),(#1370,#1371),(#1372,#1373),(#1374,#1375),
(#1376,#1377),(#1378,#1379),(#1380,#1381),(#1382,#1383),(#1384,#1385),(#1386,
#1387),(#1388,#1389),(#1390,#1391),(#1392,#1393),(#1394,#1395),(#1396,#1397),
(#1398,#1399),(#1400,#1401),(#1402,#1403),(#1404,#1405),(#1406,#1407),(#1408,
#1409),(#1410,#1411),(#1412,#1413),(#1414,#1415),(#1416,#1417),(#1418,#1419),
(#1420,#1421),(#1422,#1423),(#1424,#1425)),.UNSPECIFIED.,.F.,.F.,.F.)
B_SPLINE_SURFACE_WITH_KNOTS((6,5,1,1,1,1,1,1,1,1,1,1,1,1,1,1,1,1,1,1,1,
1,1,1,1,1,1,1,1,1,1,5,6),(2,2),(-0.378334356320156,0.,0.0333333333333333,
0.0666666666666667,0.1,0.133333333333333,0.166666666666667,0.2,0.233333333333333,
0.266666666666667,0.3,0.333333333333333,0.366666666666667,0.4,0.433333333333333,
0.466666666666667,0.5,0.533333333333333,0.566666666666667,0.6,0.633333333333333,
0.666666666666667,0.7,0.733333333333333,0.766666666666667,0.8,0.833333333333333,
0.866666666666667,0.9,0.933333333333333,0.966666666666667,1.,1.24104670665537),
(-4.04291988325854,4.04291988325854),.UNSPECIFIED.)
GEOMETRIC_REPRESENTATION_ITEM()
RATIONAL_B_SPLINE_SURFACE(((1.,1.),(1.,1.),(1.,1.),(1.,1.),(1.,1.),(1.,
1.),(1.,1.),(1.,1.),(1.,1.),(1.,1.),(1.,1.),(1.,1.),(1.,1.),(1.,1.),(1.,
1.),(1.,1.),(1.,1.),(1.,1.),(1.,1.),(1.,1.),(1.,1.),(1.,1.),(1.,1.),(1.,
1.),(1.,1.),(1.,1.),(1.,1.),(1.,1.),(1.,1.),(1.,1.),(1.,1.),(1.,1.),(1.,
1.),(1.,1.),(1.,1.),(1.,1.),(1.,1.),(1.,1.),(1.,1.),(1.,1.),(1.,1.),(1.,
1.),(1.,1.),(1.,1.),(1.,1.)))
REPRESENTATION_ITEM('')
SURFACE()
);
#110=(
BOUNDED_SURFACE()
B_SPLINE_SURFACE(2,2,((#1771,#1772,#1773,#1774,#1775),(#1776,#1777,#1778,
#1779,#1780),(#1781,#1782,#1783,#1784,#1785),(#1786,#1787,#1788,#1789,#1790),
(#1791,#1792,#1793,#1794,#1795)),.UNSPECIFIED.,.F.,.F.,.F.)
B_SPLINE_SURFACE_WITH_KNOTS((3,2,3),(3,2,3),(-1.5707963267949,0.,1.5707963267949),
(-3.14159265358979,-1.5707963267949,2.48689957516036E-15),.UNSPECIFIED.)
GEOMETRIC_REPRESENTATION_ITEM()
RATIONAL_B_SPLINE_SURFACE(((1.,0.707106781186547,1.,0.707106781186547,1.),
(0.707106781186547,0.499999999999999,0.707106781186547,0.499999999999999,
0.707106781186547),(1.,0.707106781186547,1.,0.707106781186547,1.),(0.707106781186547,
0.499999999999999,0.707106781186547,0.499999999999999,0.707106781186547),
(1.,0.707106781186547,1.,0.707106781186547,1.)))
REPRESENTATION_ITEM('')
SURFACE()
);
#111=(
BOUNDED_SURFACE()
B_SPLINE_SURFACE(2,2,((#1900,#1901,#1902),(#1903,#1904,#1905),(#1906,#1907,
#1908),(#1909,#1910,#1911),(#1912,#1913,#1914)),.UNSPECIFIED.,.F.,.F.,.F.)
B_SPLINE_SURFACE_WITH_KNOTS((3,2,3),(3,3),(-1.5707963267949,-1.11022302462516E-16,
1.5707963267949),(-5.32907051820076E-16,0.35766676012828),.UNSPECIFIED.)
GEOMETRIC_REPRESENTATION_ITEM()
RATIONAL_B_SPLINE_SURFACE(((1.,0.984051882703635,1.),(0.707106781186548,
0.695829759299129,0.707106781186548),(1.,0.984051882703635,1.),(0.707106781186547,
0.695829759299129,0.707106781186547),(1.,0.984051882703635,1.)))
REPRESENTATION_ITEM('')
SURFACE()
);
#112=(
BOUNDED_SURFACE()
B_SPLINE_SURFACE(5,1,((#1968,#1969),(#1970,#1971),(#1972,#1973),(#1974,
#1975),(#1976,#1977),(#1978,#1979),(#1980,#1981),(#1982,#1983),(#1984,#1985),
(#1986,#1987),(#1988,#1989),(#1990,#1991),(#1992,#1993),(#1994,#1995),(#1996,
#1997),(#1998,#1999),(#2000,#2001),(#2002,#2003),(#2004,#2005),(#2006,#2007),
(#2008,#2009),(#2010,#2011),(#2012,#2013),(#2014,#2015),(#2016,#2017),(#2018,
#2019),(#2020,#2021),(#2022,#2023),(#2024,#2025),(#2026,#2027),(#2028,#2029),
(#2030,#2031),(#2032,#2033),(#2034,#2035),(#2036,#2037),(#2038,#2039),(#2040,
#2041),(#2042,#2043),(#2044,#2045),(#2046,#2047),(#2048,#2049),(#2050,#2051),
(#2052,#2053),(#2054,#2055),(#2056,#2057)),.UNSPECIFIED.,.F.,.F.,.F.)
B_SPLINE_SURFACE_WITH_KNOTS((6,5,1,1,1,1,1,1,1,1,1,1,1,1,1,1,1,1,1,1,1,
1,1,1,1,1,1,1,1,1,1,5,6),(2,2),(-0.516611681416627,0.,0.0333333333333333,
0.0666666666666667,0.1,0.133333333333333,0.166666666666667,0.2,0.233333333333333,
0.266666666666667,0.3,0.333333333333333,0.366666666666667,0.4,0.433333333333333,
0.466666666666667,0.5,0.533333333333333,0.566666666666667,0.6,0.633333333333333,
0.666666666666667,0.7,0.733333333333333,0.766666666666667,0.8,0.833333333333333,
0.866666666666667,0.9,0.933333333333333,0.966666666666667,1.,4.68672989809286),
(-12.9422162962013,12.9422162962013),.UNSPECIFIED.)
GEOMETRIC_REPRESENTATION_ITEM()
RATIONAL_B_SPLINE_SURFACE(((1.,1.),(1.,1.),(1.,1.),(1.,1.),(1.,1.),(1.,
1.),(1.,1.),(1.,1.),(1.,1.),(1.,1.),(1.,1.),(1.,1.),(1.,1.),(1.,1.),(1.,
1.),(1.,1.),(1.,1.),(1.,1.),(1.,1.),(1.,1.),(1.,1.),(1.,1.),(1.,1.),(1.,
1.),(1.,1.),(1.,1.),(1.,1.),(1.,1.),(1.,1.),(1.,1.),(1.,1.),(1.,1.),(1.,
1.),(1.,1.),(1.,1.),(1.,1.),(1.,1.),(1.,1.),(1.,1.),(1.,1.),(1.,1.),(1.,
1.),(1.,1.),(1.,1.),(1.,1.)))
REPRESENTATION_ITEM('')
SURFACE()
);
#113=(
BOUNDED_SURFACE()
B_SPLINE_SURFACE(2,2,((#2193,#2194,#2195),(#2196,#2197,#2198),(#2199,#2200,
#2201),(#2202,#2203,#2204),(#2205,#2206,#2207)),.UNSPECIFIED.,.F.,.F.,.F.)
B_SPLINE_SURFACE_WITH_KNOTS((3,2,3),(3,3),(-1.5707963267949,0.,1.5707963267949),
(2.78398127272096,3.14159265358979),.UNSPECIFIED.)
GEOMETRIC_REPRESENTATION_ITEM()
RATIONAL_B_SPLINE_SURFACE(((1.,0.984056807804249,1.),(0.707106781186548,
0.695833241871172,0.707106781186548),(1.,0.984056807804249,1.),(0.707106781186548,
0.695833241871172,0.707106781186548),(1.,0.984056807804249,1.)))
REPRESENTATION_ITEM('')
SURFACE()
);
#114=(
BOUNDED_SURFACE()
B_SPLINE_SURFACE(5,1,((#2239,#2240),(#2241,#2242),(#2243,#2244),(#2245,
#2246),(#2247,#2248),(#2249,#2250),(#2251,#2252),(#2253,#2254),(#2255,#2256),
(#2257,#2258),(#2259,#2260),(#2261,#2262),(#2263,#2264),(#2265,#2266),(#2267,
#2268)),.UNSPECIFIED.,.F.,.F.,.F.)
B_SPLINE_SURFACE_WITH_KNOTS((6,1,1,1,1,1,1,1,1,1,6),(2,2),(-1.,-0.9,-0.8,
-0.7,-0.6,-0.5,-0.4,-0.3,-0.2,-0.1,0.),(0.,1.),.UNSPECIFIED.)
GEOMETRIC_REPRESENTATION_ITEM()
RATIONAL_B_SPLINE_SURFACE(((1.,1.),(1.,1.),(1.,1.),(1.,1.),(1.,1.),(1.,
1.),(1.,1.),(1.,1.),(1.,1.),(1.,1.),(1.,1.),(1.,1.),(1.,1.),(1.,1.),(1.,
1.)))
REPRESENTATION_ITEM('')
SURFACE()
);
#115=(
BOUNDED_SURFACE()
B_SPLINE_SURFACE(2,2,((#2422,#2423,#2424),(#2425,#2426,#2427),(#2428,#2429,
#2430)),.UNSPECIFIED.,.F.,.F.,.F.)
B_SPLINE_SURFACE_WITH_KNOTS((3,3),(3,3),(1.07899718874604,1.42210247663265),
(-1.89867884432488,-1.24291677208128),.UNSPECIFIED.)
GEOMETRIC_REPRESENTATION_ITEM()
RATIONAL_B_SPLINE_SURFACE(((1.,0.946726854618692,1.),(0.985320899089557,
0.932829755585119,0.985320899089557),(1.,0.946726854618692,1.)))
REPRESENTATION_ITEM('')
SURFACE()
);
#116=(
BOUNDED_SURFACE()
B_SPLINE_SURFACE(2,2,((#2498,#2499,#2500),(#2501,#2502,#2503),(#2504,#2505,
#2506)),.UNSPECIFIED.,.F.,.F.,.F.)
B_SPLINE_SURFACE_WITH_KNOTS((3,3),(3,3),(1.12043385314733,1.38453767779942),
(-1.86886974657757,-1.2727229866428),.UNSPECIFIED.)
GEOMETRIC_REPRESENTATION_ITEM()
RATIONAL_B_SPLINE_SURFACE(((1.,0.955904070884203,1.),(0.991293808598608,
0.947581787081715,0.991293808598608),(1.,0.955904070884203,1.)))
REPRESENTATION_ITEM('')
SURFACE()
);
#117=(
BOUNDED_SURFACE()
B_SPLINE_SURFACE(2,2,((#2540,#2541,#2542),(#2543,#2544,#2545),(#2546,#2547,
#2548),(#2549,#2550,#2551),(#2552,#2553,#2554)),.UNSPECIFIED.,.F.,.F.,.F.)
B_SPLINE_SURFACE_WITH_KNOTS((3,2,3),(3,3),(-1.5707963267949,-3.33066907387547E-16,
1.5707963267949),(-5.32907051820076E-16,0.357666760128278),
 .UNSPECIFIED.)
GEOMETRIC_REPRESENTATION_ITEM()
RATIONAL_B_SPLINE_SURFACE(((1.,0.984051882703635,1.),(0.707106781186548,
0.69582975929913,0.707106781186548),(1.,0.984051882703635,1.),(0.707106781186547,
0.695829759299129,0.707106781186547),(1.,0.984051882703635,1.)))
REPRESENTATION_ITEM('')
SURFACE()
);
#118=(
BOUNDED_SURFACE()
B_SPLINE_SURFACE(2,2,((#2558,#2559,#2560),(#2561,#2562,#2563),(#2564,#2565,
#2566),(#2567,#2568,#2569),(#2570,#2571,#2572)),.UNSPECIFIED.,.F.,.F.,.F.)
B_SPLINE_SURFACE_WITH_KNOTS((3,2,3),(3,3),(-1.57079632679521,-1.56430424169685E-13,
1.5707963267949),(2.78398127272097,3.14159265358979),.UNSPECIFIED.)
GEOMETRIC_REPRESENTATION_ITEM()
RATIONAL_B_SPLINE_SURFACE(((1.,0.984056807804249,1.),(0.707106781186492,
0.695833241871117,0.707106781186492),(1.,0.984056807804249,1.),(0.707106781186492,
0.695833241871117,0.707106781186492),(1.,0.984056807804249,1.)))
REPRESENTATION_ITEM('')
SURFACE()
);
#119=(
BOUNDED_SURFACE()
B_SPLINE_SURFACE(2,2,((#2584,#2585,#2586,#2587,#2588),(#2589,#2590,#2591,
#2592,#2593),(#2594,#2595,#2596,#2597,#2598),(#2599,#2600,#2601,#2602,#2603),
(#2604,#2605,#2606,#2607,#2608)),.UNSPECIFIED.,.F.,.F.,.F.)
B_SPLINE_SURFACE_WITH_KNOTS((3,2,3),(3,2,3),(-1.5707963267949,0.,1.5707963267949),
(-3.14159265358979,-1.5707963267949,2.49896299679939E-15),.UNSPECIFIED.)
GEOMETRIC_REPRESENTATION_ITEM()
RATIONAL_B_SPLINE_SURFACE(((1.,0.707106781186547,1.,0.707106781186547,1.),
(0.707106781186547,0.5,0.707106781186547,0.5,0.707106781186547),(1.,0.707106781186547,
1.,0.707106781186547,1.),(0.707106781186547,0.5,0.707106781186547,0.5,0.707106781186547),
(1.,0.707106781186547,1.,0.707106781186547,1.)))
REPRESENTATION_ITEM('')
SURFACE()
);
#120=FACE_OUTER_BOUND('',#174,.T.);
#121=FACE_OUTER_BOUND('',#175,.T.);
#122=FACE_OUTER_BOUND('',#176,.T.);
#123=FACE_OUTER_BOUND('',#177,.T.);
#124=FACE_OUTER_BOUND('',#178,.T.);
#125=FACE_OUTER_BOUND('',#179,.T.);
#126=FACE_OUTER_BOUND('',#180,.T.);
#127=FACE_OUTER_BOUND('',#182,.T.);
#128=FACE_OUTER_BOUND('',#183,.T.);
#129=FACE_OUTER_BOUND('',#184,.T.);
#130=FACE_OUTER_BOUND('',#186,.T.);
#131=FACE_OUTER_BOUND('',#187,.T.);
#132=FACE_OUTER_BOUND('',#188,.T.);
#133=FACE_OUTER_BOUND('',#189,.T.);
#134=FACE_OUTER_BOUND('',#190,.T.);
#135=FACE_OUTER_BOUND('',#191,.T.);
#136=FACE_OUTER_BOUND('',#192,.T.);
#137=FACE_OUTER_BOUND('',#193,.T.);
#138=FACE_OUTER_BOUND('',#194,.T.);
#139=FACE_OUTER_BOUND('',#195,.T.);
#140=FACE_OUTER_BOUND('',#196,.T.);
#141=FACE_OUTER_BOUND('',#197,.T.);
#142=FACE_OUTER_BOUND('',#198,.T.);
#143=FACE_OUTER_BOUND('',#201,.T.);
#144=FACE_OUTER_BOUND('',#202,.T.);
#145=FACE_OUTER_BOUND('',#203,.T.);
#146=FACE_OUTER_BOUND('',#204,.T.);
#147=FACE_OUTER_BOUND('',#205,.T.);
#148=FACE_OUTER_BOUND('',#206,.T.);
#149=FACE_OUTER_BOUND('',#207,.T.);
#150=FACE_OUTER_BOUND('',#208,.T.);
#151=FACE_OUTER_BOUND('',#209,.T.);
#152=FACE_OUTER_BOUND('',#210,.T.);
#153=FACE_OUTER_BOUND('',#211,.T.);
#154=FACE_OUTER_BOUND('',#212,.T.);
#155=FACE_OUTER_BOUND('',#214,.T.);
#156=FACE_OUTER_BOUND('',#215,.T.);
#157=FACE_OUTER_BOUND('',#216,.T.);
#158=FACE_OUTER_BOUND('',#217,.T.);
#159=FACE_OUTER_BOUND('',#218,.T.);
#160=FACE_OUTER_BOUND('',#220,.T.);
#161=FACE_OUTER_BOUND('',#222,.T.);
#162=FACE_OUTER_BOUND('',#223,.T.);
#163=FACE_OUTER_BOUND('',#224,.T.);
#164=FACE_OUTER_BOUND('',#225,.T.);
#165=FACE_OUTER_BOUND('',#226,.T.);
#166=FACE_OUTER_BOUND('',#227,.T.);
#167=FACE_OUTER_BOUND('',#228,.T.);
#168=FACE_OUTER_BOUND('',#229,.T.);
#169=FACE_OUTER_BOUND('',#230,.T.);
#170=FACE_OUTER_BOUND('',#231,.T.);
#171=FACE_OUTER_BOUND('',#232,.T.);
#172=FACE_OUTER_BOUND('',#233,.T.);
#173=FACE_OUTER_BOUND('',#234,.T.);
#174=EDGE_LOOP('',(#563,#564));
#175=EDGE_LOOP('',(#565,#566));
#176=EDGE_LOOP('',(#567,#568,#569,#570));
#177=EDGE_LOOP('',(#571,#572));
#178=EDGE_LOOP('',(#573,#574));
#179=EDGE_LOOP('',(#575,#576,#577,#578));
#180=EDGE_LOOP('',(#579,#580,#581,#582));
#181=EDGE_LOOP('',(#583,#584,#585,#586));
#182=EDGE_LOOP('',(#587,#588,#589,#590,#591));
#183=EDGE_LOOP('',(#592,#593,#594,#595,#596));
#184=EDGE_LOOP('',(#597,#598,#599,#600,#601,#602));
#185=EDGE_LOOP('',(#603));
#186=EDGE_LOOP('',(#604,#605,#606,#607));
#187=EDGE_LOOP('',(#608,#609,#610,#611));
#188=EDGE_LOOP('',(#612,#613,#614,#615));
#189=EDGE_LOOP('',(#616,#617,#618,#619));
#190=EDGE_LOOP('',(#620,#621,#622,#623));
#191=EDGE_LOOP('',(#624,#625,#626,#627));
#192=EDGE_LOOP('',(#628,#629,#630,#631));
#193=EDGE_LOOP('',(#632,#633,#634,#635));
#194=EDGE_LOOP('',(#636,#637,#638,#639));
#195=EDGE_LOOP('',(#640,#641,#642,#643));
#196=EDGE_LOOP('',(#644,#645,#646,#647));
#197=EDGE_LOOP('',(#648,#649,#650,#651));
#198=EDGE_LOOP('',(#652,#653,#654,#655));
#199=EDGE_LOOP('',(#656,#657,#658,#659));
#200=EDGE_LOOP('',(#660,#661,#662,#663,#664,#665,#666,#667));
#201=EDGE_LOOP('',(#668,#669,#670,#671));
#202=EDGE_LOOP('',(#672,#673,#674,#675,#676,#677,#678));
#203=EDGE_LOOP('',(#679,#680,#681,#682,#683,#684,#685,#686,#687,#688,#689,
#690));
#204=EDGE_LOOP('',(#691,#692,#693,#694));
#205=EDGE_LOOP('',(#695,#696,#697,#698,#699,#700,#701));
#206=EDGE_LOOP('',(#702,#703,#704,#705,#706,#707,#708,#709));
#207=EDGE_LOOP('',(#710,#711,#712,#713,#714,#715));
#208=EDGE_LOOP('',(#716,#717,#718,#719));
#209=EDGE_LOOP('',(#720,#721,#722,#723));
#210=EDGE_LOOP('',(#724,#725,#726,#727));
#211=EDGE_LOOP('',(#728,#729,#730,#731));
#212=EDGE_LOOP('',(#732,#733,#734,#735));
#213=EDGE_LOOP('',(#736,#737,#738,#739));
#214=EDGE_LOOP('',(#740,#741,#742,#743));
#215=EDGE_LOOP('',(#744,#745,#746,#747,#748,#749));
#216=EDGE_LOOP('',(#750,#751,#752,#753,#754,#755));
#217=EDGE_LOOP('',(#756,#757,#758,#759));
#218=EDGE_LOOP('',(#760,#761,#762,#763,#764,#765));
#219=EDGE_LOOP('',(#766));
#220=EDGE_LOOP('',(#767,#768,#769,#770));
#221=EDGE_LOOP('',(#771,#772,#773,#774,#775,#776,#777,#778));
#222=EDGE_LOOP('',(#779,#780,#781,#782));
#223=EDGE_LOOP('',(#783,#784,#785,#786));
#224=EDGE_LOOP('',(#787,#788,#789,#790,#791,#792));
#225=EDGE_LOOP('',(#793,#794,#795,#796));
#226=EDGE_LOOP('',(#797,#798,#799,#800));
#227=EDGE_LOOP('',(#801,#802,#803,#804));
#228=EDGE_LOOP('',(#805,#806,#807,#808));
#229=EDGE_LOOP('',(#809,#810,#811,#812));
#230=EDGE_LOOP('',(#813,#814,#815,#816));
#231=EDGE_LOOP('',(#817,#818,#819,#820));
#232=EDGE_LOOP('',(#821,#822,#823,#824));
#233=EDGE_LOOP('',(#825,#826,#827,#828));
#234=EDGE_LOOP('',(#829,#830,#831,#832));
#235=CIRCLE('',#916,12.5);
#236=CIRCLE('',#918,12.5);
#237=CIRCLE('',#920,12.5);
#238=CIRCLE('',#922,12.5);
#239=CIRCLE('',#924,2.);
#240=CIRCLE('',#925,0.5);
#241=CIRCLE('',#926,1.5);
#242=CIRCLE('',#927,1.5);
#243=CIRCLE('',#929,1.5);
#244=CIRCLE('',#931,12.5);
#245=CIRCLE('',#932,12.5);
#246=CIRCLE('',#933,12.5);
#247=CIRCLE('',#935,0.500000000000001);
#248=CIRCLE('',#936,24.6963109176497);
#249=CIRCLE('',#937,0.5);
#250=CIRCLE('',#938,25.1653997990977);
#251=CIRCLE('',#939,0.499999999999999);
#252=CIRCLE('',#940,0.5);
#253=CIRCLE('',#941,0.5);
#254=CIRCLE('',#943,0.5);
#255=CIRCLE('',#944,25.1653997990993);
#256=CIRCLE('',#945,24.6963109176512);
#257=CIRCLE('',#946,0.5);
#258=CIRCLE('',#947,0.5);
#259=CIRCLE('',#952,24.3427192823263);
#260=CIRCLE('',#953,13.5);
#261=CIRCLE('',#954,13.5000000000001);
#262=CIRCLE('',#955,12.5);
#263=CIRCLE('',#956,12.5);
#264=CIRCLE('',#957,12.5);
#265=CIRCLE('',#958,12.5);
#266=CIRCLE('',#959,12.5);
#267=CIRCLE('',#960,12.5);
#268=CIRCLE('',#961,12.5);
#269=CIRCLE('',#963,12.5);
#270=CIRCLE('',#965,24.3427192823276);
#271=CIRCLE('',#969,12.5);
#272=CIRCLE('',#970,13.5);
#273=CIRCLE('',#971,13.5);
#274=CIRCLE('',#972,12.5);
#275=CIRCLE('',#975,12.5);
#276=CIRCLE('',#976,12.5);
#277=CIRCLE('',#977,12.5000000000001);
#278=B_SPLINE_CURVE_WITH_KNOTS('',3,(#1152,#1153,#1154,#1155),
 .UNSPECIFIED.,.F.,.F.,(4,4),(-2.21425918254876,-0.38574081745124),
 .UNSPECIFIED.);
#279=B_SPLINE_CURVE_WITH_KNOTS('',3,(#1160,#1161,#1162,#1163),
 .UNSPECIFIED.,.F.,.F.,(4,4),(-2.48317491821086,-0.116825081789137),
 .UNSPECIFIED.);
#280=B_SPLINE_CURVE_WITH_KNOTS('',3,(#1190,#1191,#1192,#1193,#1194,#1195,
#1196,#1197,#1198,#1199,#1200,#1201,#1202,#1203,#1204,#1205,#1206,#1207,
#1208,#1209,#1210,#1211,#1212,#1213,#1214,#1215),.UNSPECIFIED.,.F.,.F.,
(4,2,2,2,2,2,2,2,2,2,2,2,4),(-10.6743111555658,-10.6716485214493,-10.3329372154532,
-9.95651946085541,-9.41125489626985,-8.93897381909182,-8.46745064859357,
-8.02838828369886,-7.60574158526544,-7.18056722303225,-6.85470128294003,
-6.69551478039315,-6.66234070775883),.UNSPECIFIED.);
#281=B_SPLINE_CURVE_WITH_KNOTS('',3,(#1216,#1217,#1218,#1219,#1220,#1221,
#1222,#1223,#1224,#1225,#1226,#1227,#1228,#1229,#1230,#1231,#1232,#1233,
#1234,#1235,#1236,#1237,#1238,#1239),.UNSPECIFIED.,.F.,.F.,(4,2,2,2,2,2,
2,2,2,2,2,4),(-4.22698765393288,-4.10741778419638,-3.89698089661165,-3.47842469954375,
-3.06806427477866,-2.63383977608279,-2.19795885471341,-1.69311614906343,
-1.19344711690817,-0.796629366824117,-0.497018984998116,-0.397992042435225),
 .UNSPECIFIED.);
#282=B_SPLINE_CURVE_WITH_KNOTS('',3,(#1243,#1244,#1245,#1246,#1247,#1248),
 .UNSPECIFIED.,.F.,.F.,(4,2,4),(-4.95774549094522,-4.04291988325854,-3.12809427557186),
 .UNSPECIFIED.);
#283=B_SPLINE_CURVE_WITH_KNOTS('',3,(#1253,#1254,#1255,#1256,#1257,#1258),
 .UNSPECIFIED.,.F.,.F.,(4,2,4),(-5.24158182723681,-4.04291988325854,-2.84425793928026),
 .UNSPECIFIED.);
#284=B_SPLINE_CURVE_WITH_KNOTS('',3,(#1285,#1286,#1287,#1288,#1289,#1290,
#1291,#1292,#1293,#1294,#1295,#1296,#1297,#1298,#1299,#1300,#1301,#1302,
#1303,#1304,#1305,#1306,#1307,#1308),.UNSPECIFIED.,.F.,.F.,(4,2,2,2,2,2,
2,2,2,2,2,4),(-13.7107748490533,-13.2576161662775,-12.7405090254687,-11.9889139718386,
-11.3529628772346,-10.678497158652,-9.99215413250743,-9.2753905596175,-8.51721549682524,
-8.0691474309855,-7.85211730242379,-7.77465399687797),.UNSPECIFIED.);
#285=B_SPLINE_CURVE_WITH_KNOTS('',3,(#1309,#1310,#1311,#1312,#1313,#1314,
#1315,#1316,#1317,#1318,#1319,#1320,#1321,#1322,#1323,#1324,#1325,#1326,
#1327,#1328,#1329,#1330,#1331,#1332,#1333,#1334,#1335),.UNSPECIFIED.,.F.,
 .F.,(4,2,2,2,2,2,2,2,2,2,2,3,4),(-4.06530931459777,-4.03600257314702,-3.8057718051413,
-3.47979303662429,-3.02021038026623,-2.67663552184851,-2.29531601445563,
-1.88918218379804,-1.38724532222124,-0.802476818559811,-0.368966332411757,
0.,0.0657042099871461),.UNSPECIFIED.);
#286=B_SPLINE_CURVE_WITH_KNOTS('',3,(#1449,#1450,#1451,#1452,#1453,#1454),
 .UNSPECIFIED.,.F.,.F.,(4,2,4),(3.67570006227051,4.89254964321608,6.10939922412981),
 .UNSPECIFIED.);
#287=B_SPLINE_CURVE_WITH_KNOTS('',3,(#1502,#1503,#1504,#1505,#1506,#1507),
 .UNSPECIFIED.,.F.,.F.,(4,1,1,4),(-0.629156893692621,-0.449397781209015,
-0.269638668725409,0.),.UNSPECIFIED.);
#288=B_SPLINE_CURVE_WITH_KNOTS('',3,(#1510,#1511,#1512,#1513,#1514,#1515),
 .UNSPECIFIED.,.F.,.F.,(4,1,1,4),(0.,0.269638668725409,0.449397781209015,
0.629156893692621),.UNSPECIFIED.);
#289=B_SPLINE_CURVE_WITH_KNOTS('',3,(#1543,#1544,#1545,#1546),
 .UNSPECIFIED.,.F.,.F.,(4,4),(-0.100026673219624,0.),.UNSPECIFIED.);
#290=B_SPLINE_CURVE_WITH_KNOTS('',3,(#1547,#1548,#1549,#1550),
 .UNSPECIFIED.,.F.,.F.,(4,4),(0.,0.100026673219624),.UNSPECIFIED.);
#291=B_SPLINE_CURVE_WITH_KNOTS('',3,(#1582,#1583,#1584,#1585,#1586),
 .UNSPECIFIED.,.F.,.F.,(4,1,4),(-0.62915539387537,-0.269638025946587,0.),
 .UNSPECIFIED.);
#292=B_SPLINE_CURVE_WITH_KNOTS('',3,(#1589,#1590,#1591,#1592,#1593),
 .UNSPECIFIED.,.F.,.F.,(4,1,4),(0.,0.269638025946587,0.62915539387537),
 .UNSPECIFIED.);
#293=B_SPLINE_CURVE_WITH_KNOTS('',3,(#1637,#1638,#1639,#1640,#1641,#1642),
 .UNSPECIFIED.,.F.,.F.,(4,1,1,4),(-0.629156893692616,-0.449397781209011,
-0.269638668725407,0.),.UNSPECIFIED.);
#294=B_SPLINE_CURVE_WITH_KNOTS('',3,(#1645,#1646,#1647,#1648,#1649,#1650),
 .UNSPECIFIED.,.F.,.F.,(4,1,1,4),(0.,0.269638668725407,0.449397781209011,
0.629156893692616),.UNSPECIFIED.);
#295=B_SPLINE_CURVE_WITH_KNOTS('',3,(#1678,#1679,#1680,#1681),
 .UNSPECIFIED.,.F.,.F.,(4,4),(-0.100026673219624,0.),.UNSPECIFIED.);
#296=B_SPLINE_CURVE_WITH_KNOTS('',3,(#1682,#1683,#1684,#1685),
 .UNSPECIFIED.,.F.,.F.,(4,4),(0.,0.100026673219624),.UNSPECIFIED.);
#297=B_SPLINE_CURVE_WITH_KNOTS('',3,(#1716,#1717,#1718,#1719,#1720),
 .UNSPECIFIED.,.F.,.F.,(4,1,4),(-0.629156893231245,-0.269638668527677,-1.51453054988458E-16),
 .UNSPECIFIED.);
#298=B_SPLINE_CURVE_WITH_KNOTS('',3,(#1721,#1722,#1723,#1724,#1725),
 .UNSPECIFIED.,.F.,.F.,(4,1,4),(1.51453054988458E-16,0.269638668527677,
0.629156893231245),.UNSPECIFIED.);
#299=B_SPLINE_CURVE_WITH_KNOTS('',3,(#1730,#1731,#1732,#1733,#1734,#1735,
#1736,#1737,#1738,#1739,#1740,#1741),.UNSPECIFIED.,.F.,.F.,(4,2,2,2,2,4),
(-0.564759503854709,-0.483874480780664,-0.401404191095042,-0.262563505060393,
-0.129938491536413,-0.0125236183632531),.UNSPECIFIED.);
#300=B_SPLINE_CURVE_WITH_KNOTS('',3,(#1746,#1747,#1748,#1749,#1750,#1751),
 .UNSPECIFIED.,.F.,.F.,(4,2,4),(2.89859116139163,2.94770109785668,2.99681103432213),
 .UNSPECIFIED.);
#301=B_SPLINE_CURVE_WITH_KNOTS('',3,(#1755,#1756,#1757,#1758,#1759,#1760,
#1761,#1762,#1763,#1764,#1765,#1766),.UNSPECIFIED.,.F.,.F.,(4,2,2,2,2,4),
(-0.552099111167269,-0.483849189326966,-0.398963556943045,-0.276476321850614,
-0.137890940230152,0.),.UNSPECIFIED.);
#302=B_SPLINE_CURVE_WITH_KNOTS('',3,(#1803,#1804,#1805,#1806,#1807,#1808),
 .UNSPECIFIED.,.F.,.F.,(4,1,1,4),(4.27382146589099,4.5622967922705,4.7546136765235,
4.94693056077651),.UNSPECIFIED.);
#303=B_SPLINE_CURVE_WITH_KNOTS('',3,(#1810,#1811,#1812,#1813,#1814,#1815,
#1816,#1817,#1818),.UNSPECIFIED.,.F.,.F.,(4,1,1,1,1,1,4),(-0.723551407282438,
-0.630901381382774,-0.538251355483109,-0.352951303683781,-0.260301277784116,
-0.167651251884452,-0.0750012259847871),.UNSPECIFIED.);
#304=B_SPLINE_CURVE_WITH_KNOTS('',3,(#1820,#1821,#1822,#1823,#1824,#1825),
 .UNSPECIFIED.,.F.,.F.,(4,1,1,4),(5.05149105433153,5.34013114622218,5.53255787414928,
5.72498460207638),.UNSPECIFIED.);
#305=B_SPLINE_CURVE_WITH_KNOTS('',3,(#1826,#1827,#1828,#1829,#1830,#1831,
#1832,#1833,#1834),.UNSPECIFIED.,.F.,.F.,(4,1,1,1,1,1,4),(-0.647944371248336,
-0.555380889641431,-0.462817408034526,-0.370253926427621,-0.18512696321381,
-0.0925634816069052,0.),.UNSPECIFIED.);
#306=B_SPLINE_CURVE_WITH_KNOTS('',3,(#1853,#1854,#1855,#1856,#1857,#1858),
 .UNSPECIFIED.,.F.,.F.,(4,2,4),(0.,0.127478962696339,0.456730314564616),
 .UNSPECIFIED.);
#307=B_SPLINE_CURVE_WITH_KNOTS('',3,(#1860,#1861,#1862,#1863),
 .UNSPECIFIED.,.F.,.F.,(4,4),(-0.111106204511735,-0.0122949022856847),
 .UNSPECIFIED.);
#308=B_SPLINE_CURVE_WITH_KNOTS('',3,(#1865,#1866,#1867,#1868,#1869,#1870,
#1871,#1872,#1873,#1874,#1875,#1876,#1877,#1878,#1879,#1880,#1881,#1882,
#1883,#1884,#1885,#1886,#1887,#1888,#1889,#1890,#1891,#1892,#1893,#1894,
#1895),.UNSPECIFIED.,.F.,.F.,(4,3,3,3,3,3,3,3,3,3,4),(0.,0.0438672008231085,
0.0914173481716581,0.139042925922709,0.188788279412518,0.234067790217307,
0.282500359528613,0.331395851496241,0.380589700342262,0.430298766429352,
0.455343054958055),.UNSPECIFIED.);
#309=B_SPLINE_CURVE_WITH_KNOTS('',3,(#1896,#1897,#1898,#1899),
 .UNSPECIFIED.,.F.,.F.,(4,4),(0.145101756504235,0.250084265409081),
 .UNSPECIFIED.);
#310=B_SPLINE_CURVE_WITH_KNOTS('',3,(#1916,#1917,#1918,#1919,#1920,#1921,
#1922,#1923,#1924,#1925,#1926,#1927,#1928,#1929),.UNSPECIFIED.,.F.,.F.,
(4,2,2,2,2,2,4),(0.,0.349861632729429,0.841123775485677,1.30247658456856,
1.78902101204256,2.27281744157747,2.48501603644967),.UNSPECIFIED.);
#311=B_SPLINE_CURVE_WITH_KNOTS('',3,(#1931,#1932,#1933,#1934,#1935,#1936),
 .UNSPECIFIED.,.F.,.F.,(4,2,4),(1.1913202065219,1.42704617908565,1.49512502934917),
 .UNSPECIFIED.);
#312=B_SPLINE_CURVE_WITH_KNOTS('',3,(#1943,#1944,#1945,#1946,#1947,#1948,
#1949,#1950,#1951,#1952,#1953,#1954,#1955,#1956,#1957,#1958,#1959,#1960,
#1961,#1962,#1963,#1964,#1965,#1966,#1967),.UNSPECIFIED.,.F.,.F.,(4,3,3,
3,3,3,3,3,4),(0.644820132592843,0.716246930799256,0.724321117646988,0.798069819734776,
0.837554447904068,0.919836936761931,1.00624467488778,1.07374224414223,1.12972184699625),
 .UNSPECIFIED.);
#313=B_SPLINE_CURVE_WITH_KNOTS('',3,(#2058,#2059,#2060,#2061,#2062,#2063,
#2064,#2065,#2066,#2067,#2068,#2069,#2070,#2071,#2072,#2073,#2074,#2075),
 .UNSPECIFIED.,.F.,.F.,(4,2,2,2,2,2,2,2,4),(3.27710696130725,3.51396219217632,
4.02539872307161,4.49842037803941,5.00103014411605,5.48293639516604,5.85839489125406,
6.06091183165188,6.20181268823542),.UNSPECIFIED.);
#314=B_SPLINE_CURVE_WITH_KNOTS('',3,(#2077,#2078,#2079,#2080,#2081,#2082,
#2083,#2084,#2085,#2086,#2087,#2088,#2089,#2090,#2091,#2092,#2093,#2094),
 .UNSPECIFIED.,.F.,.F.,(4,2,2,2,2,2,2,2,4),(8.94203253813108,9.03244004322591,
9.20186526756183,9.51131116977819,9.91716684486155,10.3832505711029,10.8981382339938,
11.4259333798701,11.9616582373238),.UNSPECIFIED.);
#315=B_SPLINE_CURVE_WITH_KNOTS('',3,(#2096,#2097,#2098,#2099),
 .UNSPECIFIED.,.F.,.F.,(4,4),(-0.234512400466717,-0.13568286822074),
 .UNSPECIFIED.);
#316=B_SPLINE_CURVE_WITH_KNOTS('',3,(#2101,#2102,#2103,#2104,#2105,#2106,
#2107,#2108,#2109,#2110,#2111,#2112,#2113,#2114,#2115,#2116),
 .UNSPECIFIED.,.F.,.F.,(4,2,2,2,2,2,2,4),(1.49358182752804,1.61192454331038,
2.12509786718061,2.6004028840064,3.09024499723613,3.5764226597187,3.82004623629178,
4.01600665804637),.UNSPECIFIED.);
#317=B_SPLINE_CURVE_WITH_KNOTS('',3,(#2118,#2119,#2120,#2121,#2122,#2123),
 .UNSPECIFIED.,.F.,.F.,(4,2,4),(10.4254525945753,10.4935314448388,10.7292574174026),
 .UNSPECIFIED.);
#318=B_SPLINE_CURVE_WITH_KNOTS('',3,(#2124,#2125,#2126,#2127,#2128,#2129),
 .UNSPECIFIED.,.F.,.F.,(4,2,4),(10.4254525945753,10.4935314448388,10.7292574174026),
 .UNSPECIFIED.);
#319=B_SPLINE_CURVE_WITH_KNOTS('',3,(#2131,#2132,#2133,#2134,#2135,#2136),
 .UNSPECIFIED.,.F.,.F.,(4,2,4),(1.1913202065219,1.42704617908565,1.49512502934917),
 .UNSPECIFIED.);
#320=B_SPLINE_CURVE_WITH_KNOTS('',3,(#2154,#2155,#2156,#2157,#2158,#2159,
#2160,#2161,#2162,#2163,#2164,#2165,#2166,#2167,#2168,#2169,#2170,#2171,
#2172,#2173,#2174,#2175,#2176,#2177,#2178,#2179,#2180,#2181),
 .UNSPECIFIED.,.F.,.F.,(4,3,3,3,3,3,3,3,3,4),(0.,0.0545570223843784,0.111984707313371,
0.173737810173267,0.235490913033163,0.290876018675958,0.344023458158511,
0.396971298459004,0.449743630875959,0.457031335604342),.UNSPECIFIED.);
#321=B_SPLINE_CURVE_WITH_KNOTS('',3,(#2183,#2184,#2185,#2186),
 .UNSPECIFIED.,.F.,.F.,(4,4),(-0.00335026685436978,0.101635675091888),
 .UNSPECIFIED.);
#322=B_SPLINE_CURVE_WITH_KNOTS('',3,(#2187,#2188,#2189,#2190,#2191,#2192),
 .UNSPECIFIED.,.F.,.F.,(4,2,4),(0.,0.116362757217617,0.455242251630873),
 .UNSPECIFIED.);
#323=B_SPLINE_CURVE_WITH_KNOTS('',3,(#2209,#2210,#2211,#2212,#2213,#2214,
#2215,#2216,#2217,#2218,#2219,#2220,#2221,#2222,#2223,#2224,#2225,#2226,
#2227,#2228,#2229,#2230,#2231,#2232,#2233),.UNSPECIFIED.,.F.,.F.,(4,3,3,
3,3,3,3,3,4),(0.264429043192249,0.430509410373183,0.468483951583618,0.589689168990166,
0.706255210382313,0.742538393213051,0.850363360690387,0.894702534520834,
0.982764381451888),.UNSPECIFIED.);
#324=B_SPLINE_CURVE_WITH_KNOTS('',3,(#2269,#2270,#2271,#2272,#2273,#2274,
#2275,#2276,#2277,#2278,#2279,#2280,#2281,#2282,#2283,#2284,#2285,#2286,
#2287,#2288,#2289,#2290,#2291,#2292,#2293,#2294,#2295,#2296,#2297,#2298,
#2299,#2300,#2301,#2302,#2303,#2304,#2305,#2306,#2307,#2308,#2309,#2310,
#2311),.UNSPECIFIED.,.F.,.F.,(4,3,3,3,3,3,3,3,3,3,3,3,3,3,4),(0.137164947468389,
0.39894417301926,0.746516240693388,0.981652571918151,1.18475253510984,1.36836747243372,
1.53972721092511,1.70374893815777,1.87284085686995,2.05900889340749,2.26227830980004,
2.49213009787298,2.83582540614263,3.09349364098818,3.17952071441228),
 .UNSPECIFIED.);
#325=B_SPLINE_CURVE_WITH_KNOTS('',3,(#2313,#2314,#2315,#2316,#2317,#2318,
#2319,#2320,#2321,#2322,#2323,#2324,#2325,#2326,#2327,#2328,#2329,#2330,
#2331,#2332,#2333,#2334,#2335,#2336,#2337,#2338,#2339,#2340),
 .UNSPECIFIED.,.F.,.F.,(4,3,3,3,3,3,3,3,3,4),(0.628937524863872,0.632411610662975,
0.706450210995192,0.723085336079408,0.799944014146347,0.848874395711535,
0.936499522270053,1.02848622760328,1.10578935586924,1.12360408523681),
 .UNSPECIFIED.);
#326=B_SPLINE_CURVE_WITH_KNOTS('',3,(#2353,#2354,#2355,#2356,#2357,#2358,
#2359,#2360,#2361,#2362,#2363,#2364,#2365,#2366,#2367,#2368,#2369,#2370,
#2371,#2372,#2373,#2374),.UNSPECIFIED.,.F.,.F.,(4,3,3,3,3,3,3,4),(0.216098270677021,
0.37155925672946,0.524802345915095,0.645308361649356,0.763052842838134,
0.875454302909018,0.911363765914215,0.964948907967388),.UNSPECIFIED.);
#327=B_SPLINE_CURVE_WITH_KNOTS('',3,(#2387,#2388,#2389,#2390,#2391,#2392,
#2393,#2394,#2395,#2396,#2397,#2398),.UNSPECIFIED.,.F.,.F.,(4,2,2,2,2,4),
(-0.552099111167281,-0.483849189326966,-0.398963556943053,-0.276476321850609,
-0.137890940230144,0.),.UNSPECIFIED.);
#328=B_SPLINE_CURVE_WITH_KNOTS('',3,(#2402,#2403,#2404,#2405,#2406,#2407),
 .UNSPECIFIED.,.F.,.F.,(4,2,4),(8.79399335710523,8.84310329357067,8.89221323003572),
 .UNSPECIFIED.);
#329=B_SPLINE_CURVE_WITH_KNOTS('',3,(#2410,#2411,#2412,#2413,#2414,#2415,
#2416,#2417,#2418,#2419,#2420,#2421),.UNSPECIFIED.,.F.,.F.,(4,2,2,2,2,4),
(-0.564759503854621,-0.483874480780607,-0.401404191095,-0.262563505060366,
-0.129938491536403,-0.0125236183632336),.UNSPECIFIED.);
#330=B_SPLINE_CURVE_WITH_KNOTS('',3,(#2433,#2434,#2435,#2436,#2437,#2438),
 .UNSPECIFIED.,.F.,.F.,(4,1,1,4),(4.27382146589099,4.5622967922705,4.7546136765235,
4.94693056077651),.UNSPECIFIED.);
#331=B_SPLINE_CURVE_WITH_KNOTS('',3,(#2440,#2441,#2442,#2443,#2444,#2445,
#2446,#2447,#2448),.UNSPECIFIED.,.F.,.F.,(4,1,1,1,1,1,4),(-0.647944371248336,
-0.555380889641431,-0.462817408034526,-0.370253926427621,-0.18512696321381,
-0.0925634816069052,0.),.UNSPECIFIED.);
#332=B_SPLINE_CURVE_WITH_KNOTS('',3,(#2450,#2451,#2452,#2453,#2454,#2455),
 .UNSPECIFIED.,.F.,.F.,(4,1,1,4),(5.05149105433153,5.34013114622218,5.53255787414928,
5.72498460207638),.UNSPECIFIED.);
#333=B_SPLINE_CURVE_WITH_KNOTS('',3,(#2456,#2457,#2458,#2459,#2460,#2461,
#2462,#2463,#2464),.UNSPECIFIED.,.F.,.F.,(4,1,1,1,1,1,4),(-0.723551407282438,
-0.630901381382774,-0.538251355483109,-0.352951303683781,-0.260301277784116,
-0.167651251884452,-0.0750012259847871),.UNSPECIFIED.);
#334=B_SPLINE_CURVE_WITH_KNOTS('',3,(#2467,#2468,#2469,#2470,#2471,#2472),
 .UNSPECIFIED.,.F.,.F.,(4,1,1,4),(4.39156428626566,4.68008046429806,4.87242458298632,
5.06476870167459),.UNSPECIFIED.);
#335=B_SPLINE_CURVE_WITH_KNOTS('',3,(#2474,#2475,#2476,#2477,#2478,#2479,
#2480,#2481),.UNSPECIFIED.,.F.,.F.,(4,1,1,1,1,4),(-0.543718396680751,-0.474302607222056,
-0.335471028304664,-0.196639449387273,-0.127223659928577,-0.0578078704698817),
 .UNSPECIFIED.);
#336=B_SPLINE_CURVE_WITH_KNOTS('',3,(#2483,#2484,#2485,#2486,#2487,#2488),
 .UNSPECIFIED.,.F.,.F.,(4,1,1,4),(4.97215738878801,5.26078557706632,5.45320436925185,
5.64562316143739),.UNSPECIFIED.);
#337=B_SPLINE_CURVE_WITH_KNOTS('',3,(#2489,#2490,#2491,#2492,#2493,#2494,
#2495,#2496,#2497),.UNSPECIFIED.,.F.,.F.,(4,1,1,1,1,1,4),(-0.485630807682194,
-0.416254978013309,-0.346879148344424,-0.277503318675539,-0.13875165933777,
-0.0693758296688848,0.),.UNSPECIFIED.);
#338=B_SPLINE_CURVE_WITH_KNOTS('',3,(#2509,#2510,#2511,#2512,#2513,#2514),
 .UNSPECIFIED.,.F.,.F.,(4,1,1,4),(4.39156428626566,4.68008046429806,4.87242458298632,
5.06476870167459),.UNSPECIFIED.);
#339=B_SPLINE_CURVE_WITH_KNOTS('',3,(#2516,#2517,#2518,#2519,#2520,#2521,
#2522,#2523,#2524),.UNSPECIFIED.,.F.,.F.,(4,1,1,1,1,1,4),(-0.485630807682194,
-0.416254978013309,-0.346879148344424,-0.277503318675539,-0.13875165933777,
-0.0693758296688848,0.),.UNSPECIFIED.);
#340=B_SPLINE_CURVE_WITH_KNOTS('',3,(#2526,#2527,#2528,#2529,#2530,#2531),
 .UNSPECIFIED.,.F.,.F.,(4,1,1,4),(4.97215738878801,5.26078557706632,5.45320436925185,
5.64562316143739),.UNSPECIFIED.);
#341=B_SPLINE_CURVE_WITH_KNOTS('',3,(#2532,#2533,#2534,#2535,#2536,#2537,
#2538,#2539),.UNSPECIFIED.,.F.,.F.,(4,1,1,1,1,4),(-0.543718396680751,-0.474302607222056,
-0.335471028304664,-0.196639449387273,-0.127223659928577,-0.0578078704698817),
 .UNSPECIFIED.);
#342=VERTEX_POINT('',#1150);
#343=VERTEX_POINT('',#1151);
#344=VERTEX_POINT('',#1158);
#345=VERTEX_POINT('',#1159);
#346=VERTEX_POINT('',#1241);
#347=VERTEX_POINT('',#1242);
#348=VERTEX_POINT('',#1251);
#349=VERTEX_POINT('',#1252);
#350=VERTEX_POINT('',#1427);
#351=VERTEX_POINT('',#1429);
#352=VERTEX_POINT('',#1431);
#353=VERTEX_POINT('',#1435);
#354=VERTEX_POINT('',#1439);
#355=VERTEX_POINT('',#1440);
#356=VERTEX_POINT('',#1442);
#357=VERTEX_POINT('',#1444);
#358=VERTEX_POINT('',#1446);
#359=VERTEX_POINT('',#1448);
#360=VERTEX_POINT('',#1457);
#361=VERTEX_POINT('',#1458);
#362=VERTEX_POINT('',#1460);
#363=VERTEX_POINT('',#1462);
#364=VERTEX_POINT('',#1501);
#365=VERTEX_POINT('',#1508);
#366=VERTEX_POINT('',#1540);
#367=VERTEX_POINT('',#1541);
#368=VERTEX_POINT('',#1581);
#369=VERTEX_POINT('',#1587);
#370=VERTEX_POINT('',#1595);
#371=VERTEX_POINT('',#1596);
#372=VERTEX_POINT('',#1636);
#373=VERTEX_POINT('',#1643);
#374=VERTEX_POINT('',#1675);
#375=VERTEX_POINT('',#1676);
#376=VERTEX_POINT('',#1727);
#377=VERTEX_POINT('',#1729);
#378=VERTEX_POINT('',#1744);
#379=VERTEX_POINT('',#1753);
#380=VERTEX_POINT('',#1768);
#381=VERTEX_POINT('',#1796);
#382=VERTEX_POINT('',#1798);
#383=VERTEX_POINT('',#1801);
#384=VERTEX_POINT('',#1802);
#385=VERTEX_POINT('',#1809);
#386=VERTEX_POINT('',#1819);
#387=VERTEX_POINT('',#1851);
#388=VERTEX_POINT('',#1852);
#389=VERTEX_POINT('',#1859);
#390=VERTEX_POINT('',#1864);
#391=VERTEX_POINT('',#1915);
#392=VERTEX_POINT('',#1930);
#393=VERTEX_POINT('',#1937);
#394=VERTEX_POINT('',#1939);
#395=VERTEX_POINT('',#1941);
#396=VERTEX_POINT('',#2076);
#397=VERTEX_POINT('',#2095);
#398=VERTEX_POINT('',#2100);
#399=VERTEX_POINT('',#2117);
#400=VERTEX_POINT('',#2153);
#401=VERTEX_POINT('',#2182);
#402=VERTEX_POINT('',#2208);
#403=VERTEX_POINT('',#2234);
#404=VERTEX_POINT('',#2236);
#405=VERTEX_POINT('',#2312);
#406=VERTEX_POINT('',#2341);
#407=VERTEX_POINT('',#2376);
#408=VERTEX_POINT('',#2378);
#409=VERTEX_POINT('',#2382);
#410=VERTEX_POINT('',#2386);
#411=VERTEX_POINT('',#2401);
#412=VERTEX_POINT('',#2431);
#413=VERTEX_POINT('',#2432);
#414=VERTEX_POINT('',#2439);
#415=VERTEX_POINT('',#2449);
#416=VERTEX_POINT('',#2465);
#417=VERTEX_POINT('',#2466);
#418=VERTEX_POINT('',#2473);
#419=VERTEX_POINT('',#2482);
#420=VERTEX_POINT('',#2507);
#421=VERTEX_POINT('',#2508);
#422=VERTEX_POINT('',#2515);
#423=VERTEX_POINT('',#2525);
#424=VERTEX_POINT('',#2555);
#425=VERTEX_POINT('',#2573);
#426=VERTEX_POINT('',#2579);
#427=VERTEX_POINT('',#2581);
#428=EDGE_CURVE('',#342,#343,#278,.T.);
#429=EDGE_CURVE('',#342,#343,#235,.T.);
#430=EDGE_CURVE('',#344,#345,#279,.T.);
#431=EDGE_CURVE('',#344,#345,#236,.T.);
#432=EDGE_CURVE('',#343,#344,#280,.T.);
#433=EDGE_CURVE('',#345,#342,#281,.T.);
#434=EDGE_CURVE('',#346,#347,#282,.F.);
#435=EDGE_CURVE('',#347,#346,#237,.T.);
#436=EDGE_CURVE('',#348,#349,#283,.F.);
#437=EDGE_CURVE('',#349,#348,#238,.T.);
#438=EDGE_CURVE('',#349,#346,#284,.F.);
#439=EDGE_CURVE('',#347,#348,#285,.F.);
#440=EDGE_CURVE('',#350,#350,#239,.T.);
#441=EDGE_CURVE('',#350,#351,#240,.T.);
#442=EDGE_CURVE('',#351,#352,#241,.T.);
#443=EDGE_CURVE('',#352,#351,#242,.T.);
#444=EDGE_CURVE('',#352,#353,#30,.T.);
#445=EDGE_CURVE('',#353,#353,#243,.T.);
#446=EDGE_CURVE('',#354,#355,#31,.T.);
#447=EDGE_CURVE('',#356,#354,#244,.T.);
#448=EDGE_CURVE('',#357,#356,#32,.T.);
#449=EDGE_CURVE('',#358,#357,#245,.T.);
#450=EDGE_CURVE('',#359,#358,#286,.T.);
#451=EDGE_CURVE('',#355,#359,#246,.T.);
#452=EDGE_CURVE('',#360,#361,#247,.T.);
#453=EDGE_CURVE('',#361,#362,#248,.T.);
#454=EDGE_CURVE('',#362,#363,#249,.T.);
#455=EDGE_CURVE('',#363,#360,#250,.T.);
#456=EDGE_CURVE('',#362,#364,#287,.T.);
#457=EDGE_CURVE('',#364,#365,#251,.T.);
#458=EDGE_CURVE('',#365,#363,#288,.T.);
#459=EDGE_CURVE('',#366,#367,#252,.T.);
#460=EDGE_CURVE('',#367,#365,#289,.T.);
#461=EDGE_CURVE('',#364,#366,#290,.T.);
#462=EDGE_CURVE('',#366,#368,#291,.T.);
#463=EDGE_CURVE('',#368,#369,#253,.T.);
#464=EDGE_CURVE('',#369,#367,#292,.T.);
#465=EDGE_CURVE('',#370,#371,#254,.T.);
#466=EDGE_CURVE('',#371,#369,#255,.T.);
#467=EDGE_CURVE('',#368,#370,#256,.T.);
#468=EDGE_CURVE('',#370,#372,#293,.T.);
#469=EDGE_CURVE('',#372,#373,#257,.T.);
#470=EDGE_CURVE('',#373,#371,#294,.T.);
#471=EDGE_CURVE('',#374,#375,#258,.T.);
#472=EDGE_CURVE('',#375,#373,#295,.T.);
#473=EDGE_CURVE('',#372,#374,#296,.T.);
#474=EDGE_CURVE('',#374,#361,#297,.T.);
#475=EDGE_CURVE('',#360,#375,#298,.T.);
#476=EDGE_CURVE('',#366,#376,#33,.T.);
#477=EDGE_CURVE('',#376,#377,#299,.T.);
#478=EDGE_CURVE('',#377,#368,#34,.T.);
#479=EDGE_CURVE('',#378,#364,#35,.T.);
#480=EDGE_CURVE('',#376,#378,#300,.T.);
#481=EDGE_CURVE('',#362,#379,#36,.T.);
#482=EDGE_CURVE('',#379,#378,#301,.T.);
#483=EDGE_CURVE('',#380,#361,#37,.T.);
#484=EDGE_CURVE('',#379,#380,#259,.T.);
#485=EDGE_CURVE('',#381,#356,#260,.T.);
#486=EDGE_CURVE('',#354,#382,#261,.T.);
#487=EDGE_CURVE('',#382,#381,#262,.T.);
#488=EDGE_CURVE('',#383,#384,#302,.T.);
#489=EDGE_CURVE('',#384,#385,#303,.T.);
#490=EDGE_CURVE('',#385,#386,#304,.T.);
#491=EDGE_CURVE('',#386,#383,#305,.T.);
#492=EDGE_CURVE('',#387,#388,#306,.T.);
#493=EDGE_CURVE('',#388,#389,#307,.T.);
#494=EDGE_CURVE('',#389,#390,#308,.T.);
#495=EDGE_CURVE('',#390,#387,#309,.T.);
#496=EDGE_CURVE('',#391,#389,#310,.T.);
#497=EDGE_CURVE('',#392,#391,#311,.T.);
#498=EDGE_CURVE('',#393,#392,#263,.T.);
#499=EDGE_CURVE('',#393,#394,#264,.T.);
#500=EDGE_CURVE('',#395,#394,#265,.T.);
#501=EDGE_CURVE('',#395,#390,#312,.T.);
#502=EDGE_CURVE('',#388,#359,#313,.T.);
#503=EDGE_CURVE('',#396,#358,#314,.F.);
#504=EDGE_CURVE('',#397,#396,#315,.T.);
#505=EDGE_CURVE('',#397,#398,#316,.T.);
#506=EDGE_CURVE('',#398,#399,#317,.T.);
#507=EDGE_CURVE('',#398,#399,#318,.T.);
#508=EDGE_CURVE('',#391,#398,#38,.T.);
#509=EDGE_CURVE('',#392,#391,#319,.T.);
#510=EDGE_CURVE('',#396,#400,#320,.T.);
#511=EDGE_CURVE('',#400,#401,#321,.T.);
#512=EDGE_CURVE('',#401,#397,#322,.T.);
#513=EDGE_CURVE('',#401,#402,#323,.T.);
#514=EDGE_CURVE('',#403,#402,#266,.T.);
#515=EDGE_CURVE('',#403,#404,#267,.T.);
#516=EDGE_CURVE('',#399,#404,#268,.T.);
#517=EDGE_CURVE('',#402,#395,#324,.T.);
#518=EDGE_CURVE('',#405,#400,#325,.T.);
#519=EDGE_CURVE('',#406,#405,#13,.T.);
#520=EDGE_CURVE('',#387,#406,#326,.T.);
#521=EDGE_CURVE('',#394,#407,#39,.T.);
#522=EDGE_CURVE('',#407,#408,#269,.T.);
#523=EDGE_CURVE('',#408,#403,#40,.T.);
#524=EDGE_CURVE('',#409,#377,#270,.T.);
#525=EDGE_CURVE('',#370,#409,#41,.T.);
#526=EDGE_CURVE('',#409,#410,#327,.T.);
#527=EDGE_CURVE('',#410,#372,#42,.T.);
#528=EDGE_CURVE('',#411,#410,#328,.T.);
#529=EDGE_CURVE('',#374,#411,#43,.T.);
#530=EDGE_CURVE('',#411,#380,#329,.T.);
#531=EDGE_CURVE('',#412,#413,#330,.T.);
#532=EDGE_CURVE('',#414,#412,#331,.T.);
#533=EDGE_CURVE('',#415,#414,#332,.T.);
#534=EDGE_CURVE('',#413,#415,#333,.T.);
#535=EDGE_CURVE('',#416,#417,#334,.T.);
#536=EDGE_CURVE('',#417,#418,#335,.T.);
#537=EDGE_CURVE('',#418,#419,#336,.T.);
#538=EDGE_CURVE('',#419,#416,#337,.T.);
#539=EDGE_CURVE('',#420,#421,#338,.T.);
#540=EDGE_CURVE('',#422,#420,#339,.T.);
#541=EDGE_CURVE('',#423,#422,#340,.T.);
#542=EDGE_CURVE('',#421,#423,#341,.T.);
#543=EDGE_CURVE('',#406,#424,#271,.T.);
#544=EDGE_CURVE('',#355,#424,#272,.T.);
#545=EDGE_CURVE('',#425,#357,#273,.T.);
#546=EDGE_CURVE('',#425,#405,#274,.T.);
#547=EDGE_CURVE('',#399,#392,#44,.T.);
#548=EDGE_CURVE('',#404,#426,#45,.T.);
#549=EDGE_CURVE('',#426,#427,#275,.T.);
#550=EDGE_CURVE('',#427,#393,#46,.T.);
#551=EDGE_CURVE('',#408,#426,#276,.T.);
#552=EDGE_CURVE('',#427,#407,#277,.T.);
#553=EDGE_CURVE('',#381,#425,#47,.T.);
#554=EDGE_CURVE('',#424,#382,#48,.T.);
#555=EDGE_CURVE('',#416,#420,#49,.T.);
#556=EDGE_CURVE('',#417,#421,#50,.T.);
#557=EDGE_CURVE('',#418,#423,#51,.T.);
#558=EDGE_CURVE('',#419,#422,#52,.T.);
#559=EDGE_CURVE('',#413,#384,#53,.T.);
#560=EDGE_CURVE('',#412,#383,#54,.T.);
#561=EDGE_CURVE('',#414,#386,#55,.T.);
#562=EDGE_CURVE('',#415,#385,#56,.T.);
#563=ORIENTED_EDGE('',*,*,#428,.F.);
#564=ORIENTED_EDGE('',*,*,#429,.T.);
#565=ORIENTED_EDGE('',*,*,#430,.F.);
#566=ORIENTED_EDGE('',*,*,#431,.T.);
#567=ORIENTED_EDGE('',*,*,#432,.F.);
#568=ORIENTED_EDGE('',*,*,#429,.F.);
#569=ORIENTED_EDGE('',*,*,#433,.F.);
#570=ORIENTED_EDGE('',*,*,#431,.F.);
#571=ORIENTED_EDGE('',*,*,#434,.F.);
#572=ORIENTED_EDGE('',*,*,#435,.F.);
#573=ORIENTED_EDGE('',*,*,#436,.F.);
#574=ORIENTED_EDGE('',*,*,#437,.F.);
#575=ORIENTED_EDGE('',*,*,#438,.F.);
#576=ORIENTED_EDGE('',*,*,#437,.T.);
#577=ORIENTED_EDGE('',*,*,#439,.F.);
#578=ORIENTED_EDGE('',*,*,#435,.T.);
#579=ORIENTED_EDGE('',*,*,#436,.T.);
#580=ORIENTED_EDGE('',*,*,#438,.T.);
#581=ORIENTED_EDGE('',*,*,#434,.T.);
#582=ORIENTED_EDGE('',*,*,#439,.T.);
#583=ORIENTED_EDGE('',*,*,#430,.T.);
#584=ORIENTED_EDGE('',*,*,#433,.T.);
#585=ORIENTED_EDGE('',*,*,#428,.T.);
#586=ORIENTED_EDGE('',*,*,#432,.T.);
#587=ORIENTED_EDGE('',*,*,#440,.T.);
#588=ORIENTED_EDGE('',*,*,#441,.T.);
#589=ORIENTED_EDGE('',*,*,#442,.T.);
#590=ORIENTED_EDGE('',*,*,#443,.T.);
#591=ORIENTED_EDGE('',*,*,#441,.F.);
#592=ORIENTED_EDGE('',*,*,#443,.F.);
#593=ORIENTED_EDGE('',*,*,#444,.T.);
#594=ORIENTED_EDGE('',*,*,#445,.F.);
#595=ORIENTED_EDGE('',*,*,#444,.F.);
#596=ORIENTED_EDGE('',*,*,#442,.F.);
#597=ORIENTED_EDGE('',*,*,#446,.F.);
#598=ORIENTED_EDGE('',*,*,#447,.F.);
#599=ORIENTED_EDGE('',*,*,#448,.F.);
#600=ORIENTED_EDGE('',*,*,#449,.F.);
#601=ORIENTED_EDGE('',*,*,#450,.F.);
#602=ORIENTED_EDGE('',*,*,#451,.F.);
#603=ORIENTED_EDGE('',*,*,#440,.F.);
#604=ORIENTED_EDGE('',*,*,#452,.T.);
#605=ORIENTED_EDGE('',*,*,#453,.T.);
#606=ORIENTED_EDGE('',*,*,#454,.T.);
#607=ORIENTED_EDGE('',*,*,#455,.T.);
#608=ORIENTED_EDGE('',*,*,#454,.F.);
#609=ORIENTED_EDGE('',*,*,#456,.T.);
#610=ORIENTED_EDGE('',*,*,#457,.T.);
#611=ORIENTED_EDGE('',*,*,#458,.T.);
#612=ORIENTED_EDGE('',*,*,#459,.T.);
#613=ORIENTED_EDGE('',*,*,#460,.T.);
#614=ORIENTED_EDGE('',*,*,#457,.F.);
#615=ORIENTED_EDGE('',*,*,#461,.T.);
#616=ORIENTED_EDGE('',*,*,#459,.F.);
#617=ORIENTED_EDGE('',*,*,#462,.T.);
#618=ORIENTED_EDGE('',*,*,#463,.T.);
#619=ORIENTED_EDGE('',*,*,#464,.T.);
#620=ORIENTED_EDGE('',*,*,#465,.T.);
#621=ORIENTED_EDGE('',*,*,#466,.T.);
#622=ORIENTED_EDGE('',*,*,#463,.F.);
#623=ORIENTED_EDGE('',*,*,#467,.T.);
#624=ORIENTED_EDGE('',*,*,#465,.F.);
#625=ORIENTED_EDGE('',*,*,#468,.T.);
#626=ORIENTED_EDGE('',*,*,#469,.T.);
#627=ORIENTED_EDGE('',*,*,#470,.T.);
#628=ORIENTED_EDGE('',*,*,#471,.T.);
#629=ORIENTED_EDGE('',*,*,#472,.T.);
#630=ORIENTED_EDGE('',*,*,#469,.F.);
#631=ORIENTED_EDGE('',*,*,#473,.T.);
#632=ORIENTED_EDGE('',*,*,#471,.F.);
#633=ORIENTED_EDGE('',*,*,#474,.T.);
#634=ORIENTED_EDGE('',*,*,#452,.F.);
#635=ORIENTED_EDGE('',*,*,#475,.T.);
#636=ORIENTED_EDGE('',*,*,#462,.F.);
#637=ORIENTED_EDGE('',*,*,#476,.T.);
#638=ORIENTED_EDGE('',*,*,#477,.T.);
#639=ORIENTED_EDGE('',*,*,#478,.T.);
#640=ORIENTED_EDGE('',*,*,#461,.F.);
#641=ORIENTED_EDGE('',*,*,#479,.F.);
#642=ORIENTED_EDGE('',*,*,#480,.F.);
#643=ORIENTED_EDGE('',*,*,#476,.F.);
#644=ORIENTED_EDGE('',*,*,#456,.F.);
#645=ORIENTED_EDGE('',*,*,#481,.T.);
#646=ORIENTED_EDGE('',*,*,#482,.T.);
#647=ORIENTED_EDGE('',*,*,#479,.T.);
#648=ORIENTED_EDGE('',*,*,#453,.F.);
#649=ORIENTED_EDGE('',*,*,#483,.F.);
#650=ORIENTED_EDGE('',*,*,#484,.F.);
#651=ORIENTED_EDGE('',*,*,#481,.F.);
#652=ORIENTED_EDGE('',*,*,#485,.T.);
#653=ORIENTED_EDGE('',*,*,#447,.T.);
#654=ORIENTED_EDGE('',*,*,#486,.T.);
#655=ORIENTED_EDGE('',*,*,#487,.T.);
#656=ORIENTED_EDGE('',*,*,#488,.T.);
#657=ORIENTED_EDGE('',*,*,#489,.T.);
#658=ORIENTED_EDGE('',*,*,#490,.T.);
#659=ORIENTED_EDGE('',*,*,#491,.T.);
#660=ORIENTED_EDGE('',*,*,#455,.F.);
#661=ORIENTED_EDGE('',*,*,#458,.F.);
#662=ORIENTED_EDGE('',*,*,#460,.F.);
#663=ORIENTED_EDGE('',*,*,#464,.F.);
#664=ORIENTED_EDGE('',*,*,#466,.F.);
#665=ORIENTED_EDGE('',*,*,#470,.F.);
#666=ORIENTED_EDGE('',*,*,#472,.F.);
#667=ORIENTED_EDGE('',*,*,#475,.F.);
#668=ORIENTED_EDGE('',*,*,#492,.T.);
#669=ORIENTED_EDGE('',*,*,#493,.T.);
#670=ORIENTED_EDGE('',*,*,#494,.T.);
#671=ORIENTED_EDGE('',*,*,#495,.T.);
#672=ORIENTED_EDGE('',*,*,#494,.F.);
#673=ORIENTED_EDGE('',*,*,#496,.F.);
#674=ORIENTED_EDGE('',*,*,#497,.F.);
#675=ORIENTED_EDGE('',*,*,#498,.F.);
#676=ORIENTED_EDGE('',*,*,#499,.T.);
#677=ORIENTED_EDGE('',*,*,#500,.F.);
#678=ORIENTED_EDGE('',*,*,#501,.T.);
#679=ORIENTED_EDGE('',*,*,#493,.F.);
#680=ORIENTED_EDGE('',*,*,#502,.T.);
#681=ORIENTED_EDGE('',*,*,#450,.T.);
#682=ORIENTED_EDGE('',*,*,#503,.F.);
#683=ORIENTED_EDGE('',*,*,#504,.F.);
#684=ORIENTED_EDGE('',*,*,#505,.T.);
#685=ORIENTED_EDGE('',*,*,#506,.T.);
#686=ORIENTED_EDGE('',*,*,#507,.F.);
#687=ORIENTED_EDGE('',*,*,#508,.F.);
#688=ORIENTED_EDGE('',*,*,#509,.F.);
#689=ORIENTED_EDGE('',*,*,#497,.T.);
#690=ORIENTED_EDGE('',*,*,#496,.T.);
#691=ORIENTED_EDGE('',*,*,#510,.T.);
#692=ORIENTED_EDGE('',*,*,#511,.T.);
#693=ORIENTED_EDGE('',*,*,#512,.T.);
#694=ORIENTED_EDGE('',*,*,#504,.T.);
#695=ORIENTED_EDGE('',*,*,#512,.F.);
#696=ORIENTED_EDGE('',*,*,#513,.T.);
#697=ORIENTED_EDGE('',*,*,#514,.F.);
#698=ORIENTED_EDGE('',*,*,#515,.T.);
#699=ORIENTED_EDGE('',*,*,#516,.F.);
#700=ORIENTED_EDGE('',*,*,#506,.F.);
#701=ORIENTED_EDGE('',*,*,#505,.F.);
#702=ORIENTED_EDGE('',*,*,#495,.F.);
#703=ORIENTED_EDGE('',*,*,#501,.F.);
#704=ORIENTED_EDGE('',*,*,#517,.F.);
#705=ORIENTED_EDGE('',*,*,#513,.F.);
#706=ORIENTED_EDGE('',*,*,#511,.F.);
#707=ORIENTED_EDGE('',*,*,#518,.F.);
#708=ORIENTED_EDGE('',*,*,#519,.F.);
#709=ORIENTED_EDGE('',*,*,#520,.F.);
#710=ORIENTED_EDGE('',*,*,#517,.T.);
#711=ORIENTED_EDGE('',*,*,#500,.T.);
#712=ORIENTED_EDGE('',*,*,#521,.T.);
#713=ORIENTED_EDGE('',*,*,#522,.T.);
#714=ORIENTED_EDGE('',*,*,#523,.T.);
#715=ORIENTED_EDGE('',*,*,#514,.T.);
#716=ORIENTED_EDGE('',*,*,#467,.F.);
#717=ORIENTED_EDGE('',*,*,#478,.F.);
#718=ORIENTED_EDGE('',*,*,#524,.F.);
#719=ORIENTED_EDGE('',*,*,#525,.F.);
#720=ORIENTED_EDGE('',*,*,#468,.F.);
#721=ORIENTED_EDGE('',*,*,#525,.T.);
#722=ORIENTED_EDGE('',*,*,#526,.T.);
#723=ORIENTED_EDGE('',*,*,#527,.T.);
#724=ORIENTED_EDGE('',*,*,#473,.F.);
#725=ORIENTED_EDGE('',*,*,#527,.F.);
#726=ORIENTED_EDGE('',*,*,#528,.F.);
#727=ORIENTED_EDGE('',*,*,#529,.F.);
#728=ORIENTED_EDGE('',*,*,#474,.F.);
#729=ORIENTED_EDGE('',*,*,#529,.T.);
#730=ORIENTED_EDGE('',*,*,#530,.T.);
#731=ORIENTED_EDGE('',*,*,#483,.T.);
#732=ORIENTED_EDGE('',*,*,#531,.F.);
#733=ORIENTED_EDGE('',*,*,#532,.F.);
#734=ORIENTED_EDGE('',*,*,#533,.F.);
#735=ORIENTED_EDGE('',*,*,#534,.F.);
#736=ORIENTED_EDGE('',*,*,#535,.T.);
#737=ORIENTED_EDGE('',*,*,#536,.T.);
#738=ORIENTED_EDGE('',*,*,#537,.T.);
#739=ORIENTED_EDGE('',*,*,#538,.T.);
#740=ORIENTED_EDGE('',*,*,#539,.F.);
#741=ORIENTED_EDGE('',*,*,#540,.F.);
#742=ORIENTED_EDGE('',*,*,#541,.F.);
#743=ORIENTED_EDGE('',*,*,#542,.F.);
#744=ORIENTED_EDGE('',*,*,#492,.F.);
#745=ORIENTED_EDGE('',*,*,#520,.T.);
#746=ORIENTED_EDGE('',*,*,#543,.T.);
#747=ORIENTED_EDGE('',*,*,#544,.F.);
#748=ORIENTED_EDGE('',*,*,#451,.T.);
#749=ORIENTED_EDGE('',*,*,#502,.F.);
#750=ORIENTED_EDGE('',*,*,#510,.F.);
#751=ORIENTED_EDGE('',*,*,#503,.T.);
#752=ORIENTED_EDGE('',*,*,#449,.T.);
#753=ORIENTED_EDGE('',*,*,#545,.F.);
#754=ORIENTED_EDGE('',*,*,#546,.T.);
#755=ORIENTED_EDGE('',*,*,#518,.T.);
#756=ORIENTED_EDGE('',*,*,#508,.T.);
#757=ORIENTED_EDGE('',*,*,#507,.T.);
#758=ORIENTED_EDGE('',*,*,#547,.T.);
#759=ORIENTED_EDGE('',*,*,#509,.T.);
#760=ORIENTED_EDGE('',*,*,#547,.F.);
#761=ORIENTED_EDGE('',*,*,#516,.T.);
#762=ORIENTED_EDGE('',*,*,#548,.T.);
#763=ORIENTED_EDGE('',*,*,#549,.T.);
#764=ORIENTED_EDGE('',*,*,#550,.T.);
#765=ORIENTED_EDGE('',*,*,#498,.T.);
#766=ORIENTED_EDGE('',*,*,#445,.T.);
#767=ORIENTED_EDGE('',*,*,#551,.F.);
#768=ORIENTED_EDGE('',*,*,#522,.F.);
#769=ORIENTED_EDGE('',*,*,#552,.F.);
#770=ORIENTED_EDGE('',*,*,#549,.F.);
#771=ORIENTED_EDGE('',*,*,#480,.T.);
#772=ORIENTED_EDGE('',*,*,#482,.F.);
#773=ORIENTED_EDGE('',*,*,#484,.T.);
#774=ORIENTED_EDGE('',*,*,#530,.F.);
#775=ORIENTED_EDGE('',*,*,#528,.T.);
#776=ORIENTED_EDGE('',*,*,#526,.F.);
#777=ORIENTED_EDGE('',*,*,#524,.T.);
#778=ORIENTED_EDGE('',*,*,#477,.F.);
#779=ORIENTED_EDGE('',*,*,#499,.F.);
#780=ORIENTED_EDGE('',*,*,#550,.F.);
#781=ORIENTED_EDGE('',*,*,#552,.T.);
#782=ORIENTED_EDGE('',*,*,#521,.F.);
#783=ORIENTED_EDGE('',*,*,#551,.T.);
#784=ORIENTED_EDGE('',*,*,#548,.F.);
#785=ORIENTED_EDGE('',*,*,#515,.F.);
#786=ORIENTED_EDGE('',*,*,#523,.F.);
#787=ORIENTED_EDGE('',*,*,#519,.T.);
#788=ORIENTED_EDGE('',*,*,#546,.F.);
#789=ORIENTED_EDGE('',*,*,#553,.F.);
#790=ORIENTED_EDGE('',*,*,#487,.F.);
#791=ORIENTED_EDGE('',*,*,#554,.F.);
#792=ORIENTED_EDGE('',*,*,#543,.F.);
#793=ORIENTED_EDGE('',*,*,#544,.T.);
#794=ORIENTED_EDGE('',*,*,#554,.T.);
#795=ORIENTED_EDGE('',*,*,#486,.F.);
#796=ORIENTED_EDGE('',*,*,#446,.T.);
#797=ORIENTED_EDGE('',*,*,#485,.F.);
#798=ORIENTED_EDGE('',*,*,#553,.T.);
#799=ORIENTED_EDGE('',*,*,#545,.T.);
#800=ORIENTED_EDGE('',*,*,#448,.T.);
#801=ORIENTED_EDGE('',*,*,#535,.F.);
#802=ORIENTED_EDGE('',*,*,#555,.T.);
#803=ORIENTED_EDGE('',*,*,#539,.T.);
#804=ORIENTED_EDGE('',*,*,#556,.F.);
#805=ORIENTED_EDGE('',*,*,#536,.F.);
#806=ORIENTED_EDGE('',*,*,#556,.T.);
#807=ORIENTED_EDGE('',*,*,#542,.T.);
#808=ORIENTED_EDGE('',*,*,#557,.F.);
#809=ORIENTED_EDGE('',*,*,#537,.F.);
#810=ORIENTED_EDGE('',*,*,#557,.T.);
#811=ORIENTED_EDGE('',*,*,#541,.T.);
#812=ORIENTED_EDGE('',*,*,#558,.F.);
#813=ORIENTED_EDGE('',*,*,#538,.F.);
#814=ORIENTED_EDGE('',*,*,#558,.T.);
#815=ORIENTED_EDGE('',*,*,#540,.T.);
#816=ORIENTED_EDGE('',*,*,#555,.F.);
#817=ORIENTED_EDGE('',*,*,#531,.T.);
#818=ORIENTED_EDGE('',*,*,#559,.T.);
#819=ORIENTED_EDGE('',*,*,#488,.F.);
#820=ORIENTED_EDGE('',*,*,#560,.F.);
#821=ORIENTED_EDGE('',*,*,#532,.T.);
#822=ORIENTED_EDGE('',*,*,#560,.T.);
#823=ORIENTED_EDGE('',*,*,#491,.F.);
#824=ORIENTED_EDGE('',*,*,#561,.F.);
#825=ORIENTED_EDGE('',*,*,#533,.T.);
#826=ORIENTED_EDGE('',*,*,#561,.T.);
#827=ORIENTED_EDGE('',*,*,#490,.F.);
#828=ORIENTED_EDGE('',*,*,#562,.F.);
#829=ORIENTED_EDGE('',*,*,#534,.T.);
#830=ORIENTED_EDGE('',*,*,#562,.T.);
#831=ORIENTED_EDGE('',*,*,#489,.F.);
#832=ORIENTED_EDGE('',*,*,#559,.F.);
#833=PLANE('',#915);
#834=PLANE('',#917);
#835=PLANE('',#919);
#836=PLANE('',#921);
#837=PLANE('',#930);
#838=PLANE('',#949);
#839=PLANE('',#951);
#840=PLANE('',#962);
#841=PLANE('',#964);
#842=PLANE('',#967);
#843=PLANE('',#973);
#844=PLANE('',#974);
#845=PLANE('',#980);
#846=ADVANCED_FACE('',(#120),#833,.T.);
#847=ADVANCED_FACE('',(#121),#834,.F.);
#848=ADVANCED_FACE('',(#122),#107,.T.);
#849=ADVANCED_FACE('',(#123),#835,.F.);
#850=ADVANCED_FACE('',(#124),#836,.T.);
#851=ADVANCED_FACE('',(#125),#108,.F.);
#852=ADVANCED_FACE('',(#126,#100),#109,.T.);
#853=ADVANCED_FACE('',(#127),#93,.T.);
#854=ADVANCED_FACE('',(#128),#84,.F.);
#855=ADVANCED_FACE('',(#129,#101),#837,.T.);
#856=ADVANCED_FACE('',(#130),#94,.T.);
#857=ADVANCED_FACE('',(#131),#14,.F.);
#858=ADVANCED_FACE('',(#132),#15,.F.);
#859=ADVANCED_FACE('',(#133),#16,.F.);
#860=ADVANCED_FACE('',(#134),#95,.T.);
#861=ADVANCED_FACE('',(#135),#17,.F.);
#862=ADVANCED_FACE('',(#136),#18,.F.);
#863=ADVANCED_FACE('',(#137),#19,.F.);
#864=ADVANCED_FACE('',(#138),#85,.F.);
#865=ADVANCED_FACE('',(#139),#838,.F.);
#866=ADVANCED_FACE('',(#140),#86,.F.);
#867=ADVANCED_FACE('',(#141),#839,.F.);
#868=ADVANCED_FACE('',(#142,#102,#103),#110,.F.);
#869=ADVANCED_FACE('',(#143),#20,.F.);
#870=ADVANCED_FACE('',(#144),#111,.T.);
#871=ADVANCED_FACE('',(#145),#112,.F.);
#872=ADVANCED_FACE('',(#146),#21,.F.);
#873=ADVANCED_FACE('',(#147),#113,.T.);
#874=ADVANCED_FACE('',(#148),#114,.F.);
#875=ADVANCED_FACE('',(#149),#840,.T.);
#876=ADVANCED_FACE('',(#150),#841,.F.);
#877=ADVANCED_FACE('',(#151),#87,.F.);
#878=ADVANCED_FACE('',(#152),#842,.F.);
#879=ADVANCED_FACE('',(#153),#88,.F.);
#880=ADVANCED_FACE('',(#154,#104),#115,.F.);
#881=ADVANCED_FACE('',(#155),#116,.F.);
#882=ADVANCED_FACE('',(#156),#117,.F.);
#883=ADVANCED_FACE('',(#157),#118,.F.);
#884=ADVANCED_FACE('',(#158),#843,.F.);
#885=ADVANCED_FACE('',(#159,#105),#844,.F.);
#886=ADVANCED_FACE('',(#160,#106),#119,.T.);
#887=ADVANCED_FACE('',(#161),#89,.F.);
#888=ADVANCED_FACE('',(#162),#90,.F.);
#889=ADVANCED_FACE('',(#163),#845,.F.);
#890=ADVANCED_FACE('',(#164),#91,.T.);
#891=ADVANCED_FACE('',(#165),#92,.T.);
#892=ADVANCED_FACE('',(#166),#22,.F.);
#893=ADVANCED_FACE('',(#167),#23,.F.);
#894=ADVANCED_FACE('',(#168),#24,.F.);
#895=ADVANCED_FACE('',(#169),#25,.F.);
#896=ADVANCED_FACE('',(#170),#26,.T.);
#897=ADVANCED_FACE('',(#171),#27,.T.);
#898=ADVANCED_FACE('',(#172),#28,.T.);
#899=ADVANCED_FACE('',(#173),#29,.T.);
#900=CLOSED_SHELL('',(#846,#847,#848,#849,#850,#851,#852));
#901=CLOSED_SHELL('',(#853,#854,#855,#856,#857,#858,#859,#860,#861,#862,
#863,#864,#865,#866,#867,#868,#869,#870,#871,#872,#873,#874,#875,#876,#877,
#878,#879,#880,#881,#882,#883,#884,#885,#886,#887,#888,#889,#890,#891,#892,
#893,#894,#895,#896,#897,#898,#899));
#902=DERIVED_UNIT_ELEMENT(#904,1.);
#903=DERIVED_UNIT_ELEMENT(#2867,-3.);
#904=(
MASS_UNIT()
NAMED_UNIT(*)
SI_UNIT(.KILO.,.GRAM.)
);
#905=DERIVED_UNIT((#902,#903));
#906=MEASURE_REPRESENTATION_ITEM('density measure',
POSITIVE_RATIO_MEASURE(7850.),#905);
#907=PROPERTY_DEFINITION_REPRESENTATION(#912,#909);
#908=PROPERTY_DEFINITION_REPRESENTATION(#913,#910);
#909=REPRESENTATION('material name',(#911),#2864);
#910=REPRESENTATION('density',(#906),#2864);
#911=DESCRIPTIVE_REPRESENTATION_ITEM('Steel','Steel');
#912=PROPERTY_DEFINITION('material property','material name',#2874);
#913=PROPERTY_DEFINITION('material property','density of part',#2874);
#914=AXIS2_PLACEMENT_3D('placement',#1148,#983,#984);
#915=AXIS2_PLACEMENT_3D('',#1149,#985,#986);
#916=AXIS2_PLACEMENT_3D('',#1156,#987,#988);
#917=AXIS2_PLACEMENT_3D('',#1157,#989,#990);
#918=AXIS2_PLACEMENT_3D('',#1164,#991,#992);
#919=AXIS2_PLACEMENT_3D('',#1240,#993,#994);
#920=AXIS2_PLACEMENT_3D('',#1249,#995,#996);
#921=AXIS2_PLACEMENT_3D('',#1250,#997,#998);
#922=AXIS2_PLACEMENT_3D('',#1259,#999,#1000);
#923=AXIS2_PLACEMENT_3D('',#1426,#1001,#1002);
#924=AXIS2_PLACEMENT_3D('',#1428,#1003,#1004);
#925=AXIS2_PLACEMENT_3D('',#1430,#1005,#1006);
#926=AXIS2_PLACEMENT_3D('',#1432,#1007,#1008);
#927=AXIS2_PLACEMENT_3D('',#1433,#1009,#1010);
#928=AXIS2_PLACEMENT_3D('',#1434,#1011,#1012);
#929=AXIS2_PLACEMENT_3D('',#1437,#1014,#1015);
#930=AXIS2_PLACEMENT_3D('',#1438,#1016,#1017);
#931=AXIS2_PLACEMENT_3D('',#1443,#1019,#1020);
#932=AXIS2_PLACEMENT_3D('',#1447,#1022,#1023);
#933=AXIS2_PLACEMENT_3D('',#1455,#1024,#1025);
#934=AXIS2_PLACEMENT_3D('',#1456,#1026,#1027);
#935=AXIS2_PLACEMENT_3D('',#1459,#1028,#1029);
#936=AXIS2_PLACEMENT_3D('',#1461,#1030,#1031);
#937=AXIS2_PLACEMENT_3D('',#1463,#1032,#1033);
#938=AXIS2_PLACEMENT_3D('',#1464,#1034,#1035);
#939=AXIS2_PLACEMENT_3D('',#1509,#1036,#1037);
#940=AXIS2_PLACEMENT_3D('',#1542,#1038,#1039);
#941=AXIS2_PLACEMENT_3D('',#1588,#1040,#1041);
#942=AXIS2_PLACEMENT_3D('',#1594,#1042,#1043);
#943=AXIS2_PLACEMENT_3D('',#1597,#1044,#1045);
#944=AXIS2_PLACEMENT_3D('',#1598,#1046,#1047);
#945=AXIS2_PLACEMENT_3D('',#1599,#1048,#1049);
#946=AXIS2_PLACEMENT_3D('',#1644,#1050,#1051);
#947=AXIS2_PLACEMENT_3D('',#1677,#1052,#1053);
#948=AXIS2_PLACEMENT_3D('',#1726,#1054,#1055);
#949=AXIS2_PLACEMENT_3D('',#1743,#1058,#1059);
#950=AXIS2_PLACEMENT_3D('',#1752,#1061,#1062);
#951=AXIS2_PLACEMENT_3D('',#1767,#1064,#1065);
#952=AXIS2_PLACEMENT_3D('',#1770,#1067,#1068);
#953=AXIS2_PLACEMENT_3D('',#1797,#1069,#1070);
#954=AXIS2_PLACEMENT_3D('',#1799,#1071,#1072);
#955=AXIS2_PLACEMENT_3D('',#1800,#1073,#1074);
#956=AXIS2_PLACEMENT_3D('',#1938,#1075,#1076);
#957=AXIS2_PLACEMENT_3D('',#1940,#1077,#1078);
#958=AXIS2_PLACEMENT_3D('',#1942,#1079,#1080);
#959=AXIS2_PLACEMENT_3D('',#2235,#1082,#1083);
#960=AXIS2_PLACEMENT_3D('',#2237,#1084,#1085);
#961=AXIS2_PLACEMENT_3D('',#2238,#1086,#1087);
#962=AXIS2_PLACEMENT_3D('',#2375,#1088,#1089);
#963=AXIS2_PLACEMENT_3D('',#2379,#1091,#1092);
#964=AXIS2_PLACEMENT_3D('',#2381,#1094,#1095);
#965=AXIS2_PLACEMENT_3D('',#2383,#1096,#1097);
#966=AXIS2_PLACEMENT_3D('',#2385,#1099,#1100);
#967=AXIS2_PLACEMENT_3D('',#2400,#1102,#1103);
#968=AXIS2_PLACEMENT_3D('',#2409,#1105,#1106);
#969=AXIS2_PLACEMENT_3D('',#2556,#1107,#1108);
#970=AXIS2_PLACEMENT_3D('',#2557,#1109,#1110);
#971=AXIS2_PLACEMENT_3D('',#2574,#1111,#1112);
#972=AXIS2_PLACEMENT_3D('',#2575,#1113,#1114);
#973=AXIS2_PLACEMENT_3D('',#2576,#1115,#1116);
#974=AXIS2_PLACEMENT_3D('',#2578,#1118,#1119);
#975=AXIS2_PLACEMENT_3D('',#2582,#1121,#1122);
#976=AXIS2_PLACEMENT_3D('',#2609,#1124,#1125);
#977=AXIS2_PLACEMENT_3D('',#2610,#1126,#1127);
#978=AXIS2_PLACEMENT_3D('',#2611,#1128,#1129);
#979=AXIS2_PLACEMENT_3D('',#2612,#1130,#1131);
#980=AXIS2_PLACEMENT_3D('',#2613,#1132,#1133);
#981=AXIS2_PLACEMENT_3D('',#2616,#1136,#1137);
#982=AXIS2_PLACEMENT_3D('',#2617,#1138,#1139);
#983=DIRECTION('axis',(0.,0.,1.));
#984=DIRECTION('refdir',(1.,0.,0.));
#985=DIRECTION('center_axis',(0.,0.,1.));
#986=DIRECTION('ref_axis',(1.,0.,0.));
#987=DIRECTION('center_axis',(0.,0.,1.));
#988=DIRECTION('ref_axis',(-3.38447948907689E-16,1.,0.));
#989=DIRECTION('center_axis',(0.,0.,1.));
#990=DIRECTION('ref_axis',(1.,0.,0.));
#991=DIRECTION('center_axis',(0.,0.,-1.));
#992=DIRECTION('ref_axis',(-3.38447948907689E-16,1.,0.));
#993=DIRECTION('center_axis',(0.,0.,1.));
#994=DIRECTION('ref_axis',(1.,0.,0.));
#995=DIRECTION('center_axis',(0.,0.,1.));
#996=DIRECTION('ref_axis',(-3.38447948907689E-16,1.,0.));
#997=DIRECTION('center_axis',(0.,0.,1.));
#998=DIRECTION('ref_axis',(1.,0.,0.));
#999=DIRECTION('center_axis',(0.,0.,-1.));
#1000=DIRECTION('ref_axis',(-3.38447948907689E-16,1.,0.));
#1001=DIRECTION('center_axis',(0.,0.,-1.));
#1002=DIRECTION('ref_axis',(-1.,0.,0.));
#1003=DIRECTION('center_axis',(0.,0.,1.));
#1004=DIRECTION('ref_axis',(1.,0.,0.));
#1005=DIRECTION('center_axis',(0.,-1.,0.));
#1006=DIRECTION('ref_axis',(1.,0.,0.));
#1007=DIRECTION('center_axis',(0.,0.,-1.));
#1008=DIRECTION('ref_axis',(1.,0.,0.));
#1009=DIRECTION('center_axis',(0.,0.,-1.));
#1010=DIRECTION('ref_axis',(1.,0.,0.));
#1011=DIRECTION('center_axis',(0.,0.,-1.));
#1012=DIRECTION('ref_axis',(1.,0.,0.));
#1013=DIRECTION('',(0.,0.,-1.));
#1014=DIRECTION('center_axis',(0.,0.,1.));
#1015=DIRECTION('ref_axis',(1.,0.,0.));
#1016=DIRECTION('center_axis',(0.,0.,1.));
#1017=DIRECTION('ref_axis',(1.,0.,0.));
#1018=DIRECTION('',(0.,1.,0.));
#1019=DIRECTION('center_axis',(0.,0.,-1.));
#1020=DIRECTION('ref_axis',(3.94299247344918E-16,-1.,0.));
#1021=DIRECTION('',(0.,-1.,0.));
#1022=DIRECTION('center_axis',(0.,0.,-1.));
#1023=DIRECTION('ref_axis',(-3.38447948907689E-16,1.,0.));
#1024=DIRECTION('center_axis',(0.,0.,-1.));
#1025=DIRECTION('ref_axis',(-3.38447948907689E-16,1.,0.));
#1026=DIRECTION('center_axis',(0.,0.,-1.));
#1027=DIRECTION('ref_axis',(-1.,0.,0.));
#1028=DIRECTION('center_axis',(-0.992594413948566,-0.121475632939711,0.));
#1029=DIRECTION('ref_axis',(0.113965737557769,-0.931230006741463,-0.346153846154003));
#1030=DIRECTION('center_axis',(0.,0.,-1.));
#1031=DIRECTION('ref_axis',(-1.03089929025172E-13,-1.,0.));
#1032=DIRECTION('center_axis',(0.99259441394854,-0.121475632939922,2.30808155134611E-17));
#1033=DIRECTION('ref_axis',(-1.11022302462516E-15,-8.88178419700125E-15,
1.));
#1034=DIRECTION('center_axis',(0.,0.,1.));
#1035=DIRECTION('ref_axis',(-1.03089929025172E-13,-1.,0.));
#1036=DIRECTION('center_axis',(-1.10378795480775E-13,0.0399969106810407,
-0.999199803410696));
#1037=DIRECTION('ref_axis',(1.,0.,-1.10467190950203E-13));
#1038=DIRECTION('center_axis',(9.80374477448602E-14,-0.0399969106807123,
-0.999199803410709));
#1039=DIRECTION('ref_axis',(1.,0.,9.81159598012481E-14));
#1040=DIRECTION('center_axis',(-0.99259441394814,0.121475632943194,9.93674457224799E-12));
#1041=DIRECTION('ref_axis',(-1.0010881013045E-11,0.,-1.));
#1042=DIRECTION('center_axis',(-2.1350442781253E-17,0.,1.));
#1043=DIRECTION('ref_axis',(1.,0.,3.52503357576015E-17));
#1044=DIRECTION('center_axis',(-0.992594413948566,-0.121475632939706,-1.10200117248001E-15));
#1045=DIRECTION('ref_axis',(1.11022302462516E-15,0.,-1.));
#1046=DIRECTION('center_axis',(2.1350442781253E-17,0.,-1.));
#1047=DIRECTION('ref_axis',(-1.0309389368547E-13,-1.,0.));
#1048=DIRECTION('center_axis',(-4.2700885562506E-17,0.,1.));
#1049=DIRECTION('ref_axis',(-1.03089929025172E-13,-1.,-4.40203126195073E-30));
#1050=DIRECTION('center_axis',(1.10656129137763E-13,0.0399969106807137,
0.999199803410709));
#1051=DIRECTION('ref_axis',(-1.,0.,1.10744746706359E-13));
#1052=DIRECTION('center_axis',(-9.80374477448589E-14,-0.0399969106810343,
0.999199803410696));
#1053=DIRECTION('ref_axis',(-1.,0.,-9.81159598012481E-14));
#1054=DIRECTION('center_axis',(0.,-1.,0.));
#1055=DIRECTION('ref_axis',(-0.707106781186547,0.,0.707106781186548));
#1056=DIRECTION('',(0.,1.,0.));
#1057=DIRECTION('',(0.,-1.,0.));
#1058=DIRECTION('center_axis',(-1.,0.,0.));
#1059=DIRECTION('ref_axis',(0.,0.,-1.));
#1060=DIRECTION('',(0.,-1.,0.));
#1061=DIRECTION('center_axis',(0.,-1.,0.));
#1062=DIRECTION('ref_axis',(-0.707106781186547,0.,-0.707106781186548));
#1063=DIRECTION('',(0.,1.,0.));
#1064=DIRECTION('center_axis',(0.,0.,-1.));
#1065=DIRECTION('ref_axis',(1.,0.,0.));
#1066=DIRECTION('',(0.,-1.,0.));
#1067=DIRECTION('center_axis',(0.,0.,1.));
#1068=DIRECTION('ref_axis',(-1.,0.,0.));
#1069=DIRECTION('center_axis',(1.95399252334028E-15,-1.,0.));
#1070=DIRECTION('ref_axis',(1.,1.95399252334028E-15,0.));
#1071=DIRECTION('center_axis',(-2.48689957516033E-15,-1.,0.));
#1072=DIRECTION('ref_axis',(-1.,2.48689957516033E-15,0.));
#1073=DIRECTION('center_axis',(0.,0.,1.));
#1074=DIRECTION('ref_axis',(3.94299247344918E-16,-1.,0.));
#1075=DIRECTION('center_axis',(0.,0.,-1.));
#1076=DIRECTION('ref_axis',(-3.38447948907689E-16,1.,0.));
#1077=DIRECTION('center_axis',(0.,-1.,0.));
#1078=DIRECTION('ref_axis',(-1.,0.,0.));
#1079=DIRECTION('center_axis',(0.,0.,1.));
#1080=DIRECTION('ref_axis',(-3.38447948907689E-16,1.,0.));
#1081=DIRECTION('',(1.,0.,0.));
#1082=DIRECTION('center_axis',(0.,0.,1.));
#1083=DIRECTION('ref_axis',(-3.38447948907689E-16,1.,0.));
#1084=DIRECTION('center_axis',(0.,-1.,0.));
#1085=DIRECTION('ref_axis',(1.,0.,0.));
#1086=DIRECTION('center_axis',(0.,0.,-1.));
#1087=DIRECTION('ref_axis',(-3.38447948907689E-16,1.,0.));
#1088=DIRECTION('center_axis',(0.,0.,1.));
#1089=DIRECTION('ref_axis',(1.,0.,0.));
#1090=DIRECTION('',(0.,-1.,0.));
#1091=DIRECTION('center_axis',(0.,0.,1.));
#1092=DIRECTION('ref_axis',(3.94299247344918E-16,-1.,0.));
#1093=DIRECTION('',(0.,1.,0.));
#1094=DIRECTION('center_axis',(-4.2700885562506E-17,0.,1.));
#1095=DIRECTION('ref_axis',(-1.,0.,-4.2700885562506E-17));
#1096=DIRECTION('center_axis',(2.1350442781253E-17,0.,-1.));
#1097=DIRECTION('ref_axis',(-1.,0.,-2.1350442781253E-17));
#1098=DIRECTION('',(0.,1.,0.));
#1099=DIRECTION('center_axis',(0.,-1.,0.));
#1100=DIRECTION('ref_axis',(0.707106781186547,0.,0.707106781186548));
#1101=DIRECTION('',(0.,-1.,0.));
#1102=DIRECTION('center_axis',(1.,0.,0.));
#1103=DIRECTION('ref_axis',(0.,0.,1.));
#1104=DIRECTION('',(0.,1.,0.));
#1105=DIRECTION('center_axis',(0.,-1.,0.));
#1106=DIRECTION('ref_axis',(0.707106781186547,0.,-0.707106781186548));
#1107=DIRECTION('center_axis',(0.,0.,1.));
#1108=DIRECTION('ref_axis',(-3.38447948907689E-16,1.,0.));
#1109=DIRECTION('center_axis',(0.,-1.,0.));
#1110=DIRECTION('ref_axis',(-1.,0.,0.));
#1111=DIRECTION('center_axis',(0.,-1.,0.));
#1112=DIRECTION('ref_axis',(1.,0.,0.));
#1113=DIRECTION('center_axis',(0.,0.,1.));
#1114=DIRECTION('ref_axis',(-3.38447948907689E-16,1.,0.));
#1115=DIRECTION('center_axis',(0.,0.959216948601186,0.282670913813625));
#1116=DIRECTION('ref_axis',(0.,-0.282670913813625,0.959216948601186));
#1117=DIRECTION('',(-1.,0.,0.));
#1118=DIRECTION('center_axis',(0.,0.,1.));
#1119=DIRECTION('ref_axis',(1.,0.,0.));
#1120=DIRECTION('',(0.,-1.,0.));
#1121=DIRECTION('center_axis',(0.,0.,-1.));
#1122=DIRECTION('ref_axis',(3.94299247344918E-16,-1.,0.));
#1123=DIRECTION('',(0.,1.,0.));
#1124=DIRECTION('center_axis',(1.95399252334028E-15,-1.,0.));
#1125=DIRECTION('ref_axis',(1.,1.95399252334028E-15,0.));
#1126=DIRECTION('center_axis',(-2.48689957516033E-15,-1.,0.));
#1127=DIRECTION('ref_axis',(-1.,2.48689957516033E-15,0.));
#1128=DIRECTION('center_axis',(0.,1.,0.));
#1129=DIRECTION('ref_axis',(-0.707106781186547,0.,-0.707106781186547));
#1130=DIRECTION('center_axis',(0.,-1.,0.));
#1131=DIRECTION('ref_axis',(0.707106781186547,0.,-0.707106781186547));
#1132=DIRECTION('center_axis',(0.,0.,1.));
#1133=DIRECTION('ref_axis',(1.,0.,0.));
#1134=DIRECTION('',(0.,1.,0.));
#1135=DIRECTION('',(0.,-1.,0.));
#1136=DIRECTION('center_axis',(0.,1.,0.));
#1137=DIRECTION('ref_axis',(-0.707106781186547,0.,-0.707106781186547));
#1138=DIRECTION('center_axis',(0.,-1.,0.));
#1139=DIRECTION('ref_axis',(0.707106781186547,0.,-0.707106781186547));
#1140=DIRECTION('',(-0.0825278857564742,-0.424428609168,-0.901692577208154));
#1141=DIRECTION('',(0.0825278857564718,-0.424428609167999,-0.901692577208155));
#1142=DIRECTION('',(0.0488611750388874,-0.209404729444572,-0.976607518330708));
#1143=DIRECTION('',(-0.0488611750388889,-0.209404729444573,-0.976607518330708));
#1144=DIRECTION('',(0.087137147179281,-0.460581517175029,-0.883329940406304));
#1145=DIRECTION('',(-0.0871371471792835,-0.46058151717503,-0.883329940406303));
#1146=DIRECTION('',(-0.0419991955986511,-0.173996404079145,-0.983850252292793));
#1147=DIRECTION('',(0.0419991955986497,-0.173996404079144,-0.983850252292794));
#1148=CARTESIAN_POINT('',(0.,0.,0.));
#1149=CARTESIAN_POINT('Origin',(0.,-4.44089209850063E-15,-12.5));
#1150=CARTESIAN_POINT('',(9.14259182548764,15.1242603616107,-12.5));
#1151=CARTESIAN_POINT('',(-9.14259182548761,15.1242603616107,-12.5));
#1152=CARTESIAN_POINT('Ctrl Pts',(9.14259182548764,15.1242603616107,-12.5));
#1153=CARTESIAN_POINT('Ctrl Pts',(3.04753060849589,15.1242603616107,-12.5));
#1154=CARTESIAN_POINT('Ctrl Pts',(-3.04753060849586,15.1242603616107,-12.5));
#1155=CARTESIAN_POINT('Ctrl Pts',(-9.14259182548761,15.1242603616107,-12.5));
#1156=CARTESIAN_POINT('Origin',(1.77635683940025E-14,6.60000000000001,-12.5));
#1157=CARTESIAN_POINT('Origin',(0.,-4.44089209850063E-15,12.5));
#1158=CARTESIAN_POINT('',(-11.8317491821086,10.6323332317248,12.5));
#1159=CARTESIAN_POINT('',(11.8317491821086,10.6323332317248,12.5));
#1160=CARTESIAN_POINT('Ctrl Pts',(-11.8317491821086,10.6323332317248,12.5));
#1161=CARTESIAN_POINT('Ctrl Pts',(-3.94391639403619,10.6323332317248,12.5));
#1162=CARTESIAN_POINT('Ctrl Pts',(3.94391639403622,10.6323332317248,12.5));
#1163=CARTESIAN_POINT('Ctrl Pts',(11.8317491821086,10.6323332317248,12.5));
#1164=CARTESIAN_POINT('Origin',(1.77635683940025E-14,6.60000000000001,12.5));
#1165=CARTESIAN_POINT('Ctrl Pts',(-12.1574850801403,9.50612396951088,12.5));
#1166=CARTESIAN_POINT('Ctrl Pts',(-9.86394794476683,19.1009120090395,12.5));
#1167=CARTESIAN_POINT('Ctrl Pts',(0.00115566761155749,19.0999999465773,
12.5));
#1168=CARTESIAN_POINT('Ctrl Pts',(9.86625927998994,19.099087884115,12.5));
#1169=CARTESIAN_POINT('Ctrl Pts',(12.158022234438,9.50387591796034,12.5));
#1170=CARTESIAN_POINT('Ctrl Pts',(-24.3149701602806,12.4122479390218,12.5));
#1171=CARTESIAN_POINT('Ctrl Pts',(-19.7278958895337,31.6018240180791,12.5));
#1172=CARTESIAN_POINT('Ctrl Pts',(0.00231133522309721,31.5999998931546,
12.5));
#1173=CARTESIAN_POINT('Ctrl Pts',(19.7325185599799,31.5981757682301,12.5));
#1174=CARTESIAN_POINT('Ctrl Pts',(24.3160444688761,12.4077518359207,12.5));
#1175=CARTESIAN_POINT('Ctrl Pts',(-24.3149701602806,12.4122479390218,0.));
#1176=CARTESIAN_POINT('Ctrl Pts',(-19.7278958895337,31.6018240180791,0.));
#1177=CARTESIAN_POINT('Ctrl Pts',(0.00231133522309721,31.5999998931546,
0.));
#1178=CARTESIAN_POINT('Ctrl Pts',(19.7325185599799,31.5981757682301,0.));
#1179=CARTESIAN_POINT('Ctrl Pts',(24.3160444688761,12.4077518359207,0.));
#1180=CARTESIAN_POINT('Ctrl Pts',(-24.3149701602806,12.4122479390218,-12.5));
#1181=CARTESIAN_POINT('Ctrl Pts',(-19.7278958895337,31.6018240180791,-12.5));
#1182=CARTESIAN_POINT('Ctrl Pts',(0.00231133522309721,31.5999998931546,
-12.5));
#1183=CARTESIAN_POINT('Ctrl Pts',(19.7325185599799,31.5981757682301,-12.5));
#1184=CARTESIAN_POINT('Ctrl Pts',(24.3160444688761,12.4077518359207,-12.5));
#1185=CARTESIAN_POINT('Ctrl Pts',(-12.1574850801403,9.50612396951088,-12.5));
#1186=CARTESIAN_POINT('Ctrl Pts',(-9.86394794476683,19.1009120090395,-12.5));
#1187=CARTESIAN_POINT('Ctrl Pts',(0.00115566761155749,19.0999999465773,
-12.5));
#1188=CARTESIAN_POINT('Ctrl Pts',(9.86625927998994,19.099087884115,-12.5));
#1189=CARTESIAN_POINT('Ctrl Pts',(12.158022234438,9.50387591796034,-12.5));
#1190=CARTESIAN_POINT('Ctrl Pts',(-9.14259182548761,15.1242603616107,-12.5));
#1191=CARTESIAN_POINT('Ctrl Pts',(-9.15147542212484,15.1242603616107,-12.5));
#1192=CARTESIAN_POINT('Ctrl Pts',(-9.1603620285594,15.1242602823439,-12.4999949339444));
#1193=CARTESIAN_POINT('Ctrl Pts',(-10.3000917957573,15.1242398934631,-12.4986919517349));
#1194=CARTESIAN_POINT('Ctrl Pts',(-11.4166969306824,15.1237972233676,-12.4151397740216));
#1195=CARTESIAN_POINT('Ctrl Pts',(-13.7798283562049,15.1107861828773,-11.9917260304174));
#1196=CARTESIAN_POINT('Ctrl Pts',(-14.985988396391,15.0973843930465,-11.6308310793069));
#1197=CARTESIAN_POINT('Ctrl Pts',(-17.8266250705354,14.9885598708339,-10.3602528345921));
#1198=CARTESIAN_POINT('Ctrl Pts',(-19.3471498310717,14.8459844141588,-9.30672858255143));
#1199=CARTESIAN_POINT('Ctrl Pts',(-21.7232836855901,14.3831876474342,-6.84012280076606));
#1200=CARTESIAN_POINT('Ctrl Pts',(-22.6214728572513,14.1081150278063,-5.50642537266345));
#1201=CARTESIAN_POINT('Ctrl Pts',(-23.8414446811354,13.5840945189587,-2.53738754413027));
#1202=CARTESIAN_POINT('Ctrl Pts',(-24.1463433228409,13.3407809910876,-0.945547505985713));
#1203=CARTESIAN_POINT('Ctrl Pts',(-24.1113881529702,12.8294354873052,2.16803797413381));
#1204=CARTESIAN_POINT('Ctrl Pts',(-23.815375576543,12.5551223238017,3.66708659184693));
#1205=CARTESIAN_POINT('Ctrl Pts',(-22.6795172084667,12.049825181494,6.42339558618121));
#1206=CARTESIAN_POINT('Ctrl Pts',(-21.8703413827719,11.8297189033354,7.66410786998691));
#1207=CARTESIAN_POINT('Ctrl Pts',(-19.82026370546,11.4117056682743,9.80599849170692));
#1208=CARTESIAN_POINT('Ctrl Pts',(-18.5923088204808,11.2100543778926,10.6881529791023));
#1209=CARTESIAN_POINT('Ctrl Pts',(-16.1843085687181,10.8905642049156,11.8144627699713));
#1210=CARTESIAN_POINT('Ctrl Pts',(-15.0702200957177,10.7676674594593,12.1549542037047));
#1211=CARTESIAN_POINT('Ctrl Pts',(-13.3460744377463,10.6621222687461,12.4282292798302));
#1212=CARTESIAN_POINT('Ctrl Pts',(-12.774063377093,10.6405556368614,12.4800350827843));
#1213=CARTESIAN_POINT('Ctrl Pts',(-12.073489421772,10.6329821060921,12.4984289074385));
#1214=CARTESIAN_POINT('Ctrl Pts',(-11.9526423851104,10.6323332317248,12.5));
#1215=CARTESIAN_POINT('Ctrl Pts',(-11.8317491821086,10.6323332317248,12.5));
#1216=CARTESIAN_POINT('Ctrl Pts',(11.8317491821086,10.6323332317248,12.5));
#1217=CARTESIAN_POINT('Ctrl Pts',(12.2839692832186,10.6323332317248,12.5));
#1218=CARTESIAN_POINT('Ctrl Pts',(12.7364330347164,10.6415161409649,12.4780693756885));
#1219=CARTESIAN_POINT('Ctrl Pts',(13.9886560500623,10.692356356686,12.3512761762864));
#1220=CARTESIAN_POINT('Ctrl Pts',(14.7753366872825,10.7528468162093,12.1976147734706));
#1221=CARTESIAN_POINT('Ctrl Pts',(17.0823926982067,10.9868012260452,11.5070214304672));
#1222=CARTESIAN_POINT('Ctrl Pts',(18.5192209873878,11.1990231846433,10.7505980738858));
#1223=CARTESIAN_POINT('Ctrl Pts',(20.9927704673804,11.632419689912,8.72979036595367));
#1224=CARTESIAN_POINT('Ctrl Pts',(22.0153740863825,11.8557042259715,7.49325701808888));
#1225=CARTESIAN_POINT('Ctrl Pts',(23.5484847828622,12.3835453460841,4.59735780067556));
#1226=CARTESIAN_POINT('Ctrl Pts',(23.9576010965051,12.6739736404555,3.04904397087406));
#1227=CARTESIAN_POINT('Ctrl Pts',(24.212720298095,13.1799249355211,0.0703216296915793));
#1228=CARTESIAN_POINT('Ctrl Pts',(24.0632211802203,13.4104907453796,-1.44620178478299));
#1229=CARTESIAN_POINT('Ctrl Pts',(23.1243017712466,13.9356130279236,-4.58689180128321));
#1230=CARTESIAN_POINT('Ctrl Pts',(22.2877167101207,14.219717821177,-6.02949305542445));
#1231=CARTESIAN_POINT('Ctrl Pts',(20.3176262622944,14.6832510353469,-8.4118822037623));
#1232=CARTESIAN_POINT('Ctrl Pts',(19.0555385244271,14.8782664823441,-9.52211800810718));
#1233=CARTESIAN_POINT('Ctrl Pts',(16.2503401940194,15.0668024985496,-11.141860466538));
#1234=CARTESIAN_POINT('Ctrl Pts',(14.9138549888499,15.0962380001531,-11.6698794882753));
#1235=CARTESIAN_POINT('Ctrl Pts',(12.4310981128311,15.1210054204503,-12.2706612169298));
#1236=CARTESIAN_POINT('Ctrl Pts',(11.3452716415869,15.1228648075991,-12.417161686));
#1237=CARTESIAN_POINT('Ctrl Pts',(9.86621121529952,15.1241375585641,-12.4916856143033));
#1238=CARTESIAN_POINT('Ctrl Pts',(9.50250513003896,15.1242603616107,-12.5));
#1239=CARTESIAN_POINT('Ctrl Pts',(9.14259182548764,15.1242603616107,-12.5));
#1240=CARTESIAN_POINT('Origin',(0.,-4.44089209850063E-15,-13.5));
#1241=CARTESIAN_POINT('',(-9.14825607686677,15.1181811880597,-13.5));
#1242=CARTESIAN_POINT('',(9.14825607686681,15.1181811880597,-13.5));
#1243=CARTESIAN_POINT('Ctrl Pts',(9.1482560768668,15.1181811880745,-13.5));
#1244=CARTESIAN_POINT('Ctrl Pts',(6.09883738457786,15.1181811880745,-13.5));
#1245=CARTESIAN_POINT('Ctrl Pts',(3.04941869228893,15.1181811880745,-13.5));
#1246=CARTESIAN_POINT('Ctrl Pts',(-3.04941869228892,15.1181811880745,-13.5));
#1247=CARTESIAN_POINT('Ctrl Pts',(-6.09883738457785,15.1181811880745,-13.5));
#1248=CARTESIAN_POINT('Ctrl Pts',(-9.14825607686677,15.1181811880745,-13.5));
#1249=CARTESIAN_POINT('Origin',(1.77635683940025E-14,6.60000000000001,-13.5));
#1250=CARTESIAN_POINT('Origin',(0.,-4.44089209850063E-15,13.5));
#1251=CARTESIAN_POINT('',(11.9866194397827,10.1455541747126,13.5));
#1252=CARTESIAN_POINT('',(-11.9866194397827,10.1455541747126,13.5));
#1253=CARTESIAN_POINT('Ctrl Pts',(-11.9866194397827,10.1455541747126,13.5));
#1254=CARTESIAN_POINT('Ctrl Pts',(-7.99107962652181,10.1455541747126,13.5));
#1255=CARTESIAN_POINT('Ctrl Pts',(-3.9955398132609,10.1455541747126,13.5));
#1256=CARTESIAN_POINT('Ctrl Pts',(3.99553981326092,10.1455541747126,13.5));
#1257=CARTESIAN_POINT('Ctrl Pts',(7.99107962652184,10.1455541747126,13.5));
#1258=CARTESIAN_POINT('Ctrl Pts',(11.9866194397828,10.1455541747126,13.5));
#1259=CARTESIAN_POINT('Origin',(1.77635683940025E-14,6.60000000000001,13.5));
#1260=CARTESIAN_POINT('Ctrl Pts',(-12.1945863132002,9.34628196839082,13.5));
#1261=CARTESIAN_POINT('Ctrl Pts',(-9.99775916248791,19.1010699373191,13.5));
#1262=CARTESIAN_POINT('Ctrl Pts',(0.00133763191982421,19.0999999284296,
13.5));
#1263=CARTESIAN_POINT('Ctrl Pts',(10.0004344263276,19.0989299195402,13.5));
#1264=CARTESIAN_POINT('Ctrl Pts',(12.1951737962177,9.34367200664477,13.5));
#1265=CARTESIAN_POINT('Ctrl Pts',(-25.3647395314565,12.3122664942529,13.5));
#1266=CARTESIAN_POINT('Ctrl Pts',(-20.7953390579749,32.6022254696237,13.5));
#1267=CARTESIAN_POINT('Ctrl Pts',(0.00278227439321517,32.5999998511336,
13.5));
#1268=CARTESIAN_POINT('Ctrl Pts',(20.8009036067613,32.5977742326436,13.5));
#1269=CARTESIAN_POINT('Ctrl Pts',(25.3659614961327,12.3068377738211,13.5));
#1270=CARTESIAN_POINT('Ctrl Pts',(-25.3647395314565,12.3122664942529,0.));
#1271=CARTESIAN_POINT('Ctrl Pts',(-20.7953390579749,32.6022254696237,0.));
#1272=CARTESIAN_POINT('Ctrl Pts',(0.00278227439321517,32.5999998511336,
0.));
#1273=CARTESIAN_POINT('Ctrl Pts',(20.8009036067613,32.5977742326436,0.));
#1274=CARTESIAN_POINT('Ctrl Pts',(25.3659614961327,12.3068377738211,0.));
#1275=CARTESIAN_POINT('Ctrl Pts',(-25.3647395314565,12.3122664942529,-13.5));
#1276=CARTESIAN_POINT('Ctrl Pts',(-20.7953390579749,32.6022254696237,-13.5));
#1277=CARTESIAN_POINT('Ctrl Pts',(0.00278227439321517,32.5999998511336,
-13.5));
#1278=CARTESIAN_POINT('Ctrl Pts',(20.8009036067613,32.5977742326436,-13.5));
#1279=CARTESIAN_POINT('Ctrl Pts',(25.3659614961327,12.3068377738211,-13.5));
#1280=CARTESIAN_POINT('Ctrl Pts',(-12.1945863132002,9.34628196839082,-13.5));
#1281=CARTESIAN_POINT('Ctrl Pts',(-9.99775916248791,19.1010699373191,-13.5));
#1282=CARTESIAN_POINT('Ctrl Pts',(0.00133763191982421,19.0999999284296,
-13.5));
#1283=CARTESIAN_POINT('Ctrl Pts',(10.0004344263276,19.0989299195402,-13.5));
#1284=CARTESIAN_POINT('Ctrl Pts',(12.1951737962177,9.34367200664477,-13.5));
#1285=CARTESIAN_POINT('Ctrl Pts',(-9.14825607686677,15.1181811880745,-13.5));
#1286=CARTESIAN_POINT('Ctrl Pts',(-10.4179744684024,15.1181811880745,-13.4999999999978));
#1287=CARTESIAN_POINT('Ctrl Pts',(-11.6473909230518,15.1195714986496,-13.4037121655803));
#1288=CARTESIAN_POINT('Ctrl Pts',(-14.245710016084,15.1265336502527,-12.9215389642971));
#1289=CARTESIAN_POINT('Ctrl Pts',(-15.5573717288506,15.1330858322925,-12.5054403802194));
#1290=CARTESIAN_POINT('Ctrl Pts',(-18.5988230667939,15.0679974325079,-11.0811534283185));
#1291=CARTESIAN_POINT('Ctrl Pts',(-20.1876686154657,14.9458859388068,-9.91999277149143));
#1292=CARTESIAN_POINT('Ctrl Pts',(-22.6133295614789,14.4833870218174,-7.32814883140511));
#1293=CARTESIAN_POINT('Ctrl Pts',(-23.5715209333838,14.1843445827673,-5.91350466850147));
#1294=CARTESIAN_POINT('Ctrl Pts',(-24.9266489794968,13.5827571457719,-2.55235933791259));
#1295=CARTESIAN_POINT('Ctrl Pts',(-25.1911681099366,13.3220729420425,-0.825284897848375));
#1296=CARTESIAN_POINT('Ctrl Pts',(-25.1321648522919,12.7850472858622,2.43135847745609));
#1297=CARTESIAN_POINT('Ctrl Pts',(-24.7948491967586,12.4860712093518,4.04056534127594));
#1298=CARTESIAN_POINT('Ctrl Pts',(-23.5251787208938,11.9307650402042,7.07725364901181));
#1299=CARTESIAN_POINT('Ctrl Pts',(-22.5815785978853,11.6862928271055,8.46392106446388));
#1300=CARTESIAN_POINT('Ctrl Pts',(-20.1999335024496,11.1791398257584,10.8575364633635));
#1301=CARTESIAN_POINT('Ctrl Pts',(-18.7560306343206,10.9102395688241,11.8187797411731));
#1302=CARTESIAN_POINT('Ctrl Pts',(-16.2736659172707,10.4857259141703,12.8596101292984));
#1303=CARTESIAN_POINT('Ctrl Pts',(-15.2902474570594,10.3214336279649,13.1541584605005));
#1304=CARTESIAN_POINT('Ctrl Pts',(-13.6326534422863,10.1881798421088,13.4161827822302));
#1305=CARTESIAN_POINT('Ctrl Pts',(-13.0934858691888,10.162012488771,13.4676371027641));
#1306=CARTESIAN_POINT('Ctrl Pts',(-12.3664187757423,10.1474185681731,13.4963339395667));
#1307=CARTESIAN_POINT('Ctrl Pts',(-12.176075231165,10.1455541747126,13.5));
#1308=CARTESIAN_POINT('Ctrl Pts',(-11.9866194397827,10.1455541747126,13.5));
#1309=CARTESIAN_POINT('Ctrl Pts',(11.9866194397827,10.1455541747126,13.5));
#1310=CARTESIAN_POINT('Ctrl Pts',(12.0536220366102,10.1455541747126,13.5));
#1311=CARTESIAN_POINT('Ctrl Pts',(12.1205465971346,10.145787437333,13.4995413227512));
#1312=CARTESIAN_POINT('Ctrl Pts',(12.7125467752295,10.1499258182827,13.4914037943918));
#1313=CARTESIAN_POINT('Ctrl Pts',(13.2292282764623,10.1680177863105,13.4558285526021));
#1314=CARTESIAN_POINT('Ctrl Pts',(14.4553967188855,10.2458945355013,13.3026951744084));
#1315=CARTESIAN_POINT('Ctrl Pts',(15.1529625385424,10.3197162163576,13.1575355023506));
#1316=CARTESIAN_POINT('Ctrl Pts',(16.773383944485,10.5617806013917,12.68155085474));
#1317=CARTESIAN_POINT('Ctrl Pts',(18.5745435812879,10.8719945719872,12.0364074860057));
#1318=CARTESIAN_POINT('Ctrl Pts',(21.7626112149851,11.4989049770002,9.44605425390908));
#1319=CARTESIAN_POINT('Ctrl Pts',(22.8751970592887,11.747527701663,8.0879547192189));
#1320=CARTESIAN_POINT('Ctrl Pts',(24.5685564938336,12.3291977737536,4.89478143607954));
#1321=CARTESIAN_POINT('Ctrl Pts',(24.9846559977881,12.64562401775,3.20910345701225));
#1322=CARTESIAN_POINT('Ctrl Pts',(25.2568267566405,13.188656628225,0.0257403220842489));
#1323=CARTESIAN_POINT('Ctrl Pts',(25.0853709257213,13.435994836153,-1.61498599716037));
#1324=CARTESIAN_POINT('Ctrl Pts',(24.048188403439,14.0214509119982,-5.07690069302415));
#1325=CARTESIAN_POINT('Ctrl Pts',(23.1047958965649,14.3395797378611,-6.6205333247337));
#1326=CARTESIAN_POINT('Ctrl Pts',(20.9210538001863,14.8400585205315,-9.26178395409918));
#1327=CARTESIAN_POINT('Ctrl Pts',(19.424142800493,15.017458087744,-10.5274041274075));
#1328=CARTESIAN_POINT('Ctrl Pts',(16.3106008279947,15.1309369220135,-12.2220842028709));
#1329=CARTESIAN_POINT('Ctrl Pts',(14.9137374344199,15.1292784071623,-12.7314471218209));
#1330=CARTESIAN_POINT('Ctrl Pts',(12.2509913299253,15.1206847314928,-13.3266137232602));
#1331=CARTESIAN_POINT('Ctrl Pts',(11.0297182989047,15.1187886587853,-13.4579287964418));
#1332=CARTESIAN_POINT('Ctrl Pts',(9.80028315553383,15.118306960361,-13.4912894706301));
#1333=CARTESIAN_POINT('Ctrl Pts',(9.58134972521893,15.1182211812217,-13.497230220638));
#1334=CARTESIAN_POINT('Ctrl Pts',(9.3640598485331,15.1181811880745,-13.4999999999996));
#1335=CARTESIAN_POINT('Ctrl Pts',(9.1482560768668,15.1181811880745,-13.5));
#1336=CARTESIAN_POINT('Ctrl Pts',(-40.4291988325854,7.98086835082378,17.7565419895467));
#1337=CARTESIAN_POINT('Ctrl Pts',(40.4291988325854,7.98086835082378,17.7565419895467));
#1338=CARTESIAN_POINT('Ctrl Pts',(-40.4291988325854,8.47308348427699,16.7886720287826));
#1339=CARTESIAN_POINT('Ctrl Pts',(40.4291988325854,8.47308348427699,16.7886720287826));
#1340=CARTESIAN_POINT('Ctrl Pts',(-40.4291988325854,8.9652986177302,15.8208020680185));
#1341=CARTESIAN_POINT('Ctrl Pts',(40.4291988325854,8.9652986177302,15.8208020680185));
#1342=CARTESIAN_POINT('Ctrl Pts',(-40.4291988325854,9.45751375118341,14.8529321072544));
#1343=CARTESIAN_POINT('Ctrl Pts',(40.4291988325854,9.45751375118341,14.8529321072544));
#1344=CARTESIAN_POINT('Ctrl Pts',(-40.4291988325854,9.94972888463661,13.8850621464903));
#1345=CARTESIAN_POINT('Ctrl Pts',(40.4291988325854,9.94972888463661,13.8850621464903));
#1346=CARTESIAN_POINT('Ctrl Pts',(-40.4291988325854,10.4419440180898,12.9171921857262));
#1347=CARTESIAN_POINT('Ctrl Pts',(40.4291988325854,10.4419440180898,12.9171921857262));
#1348=CARTESIAN_POINT('Ctrl Pts',(-40.4291988325854,10.4853108729393,12.831917529892));
#1349=CARTESIAN_POINT('Ctrl Pts',(40.4291988325854,10.4853108729393,12.831917529892));
#1350=CARTESIAN_POINT('Ctrl Pts',(-40.4291988325854,10.5712505073976,12.6521829024649));
#1351=CARTESIAN_POINT('Ctrl Pts',(40.4291988325854,10.5712505073976,12.6521829024649));
#1352=CARTESIAN_POINT('Ctrl Pts',(-40.4291988325854,10.6977777717301,12.3550255936609));
#1353=CARTESIAN_POINT('Ctrl Pts',(40.4291988325854,10.6977777717301,12.3550255936609));
#1354=CARTESIAN_POINT('Ctrl Pts',(-40.4291988325854,10.8617074545219,11.903600266483));
#1355=CARTESIAN_POINT('Ctrl Pts',(40.4291988325854,10.8617074545219,11.903600266483));
#1356=CARTESIAN_POINT('Ctrl Pts',(-40.4291988325854,11.0587376016018,11.2485692931394));
#1357=CARTESIAN_POINT('Ctrl Pts',(40.4291988325854,11.0587376016018,11.2485692931394));
#1358=CARTESIAN_POINT('Ctrl Pts',(-40.4291988325854,11.2481885987865,10.5075477079452));
#1359=CARTESIAN_POINT('Ctrl Pts',(40.4291988325854,11.2481885987865,10.5075477079452));
#1360=CARTESIAN_POINT('Ctrl Pts',(-40.4291988325854,11.4307460229213,9.69102454847162));
#1361=CARTESIAN_POINT('Ctrl Pts',(40.4291988325854,11.4307460229213,9.69102454847162));
#1362=CARTESIAN_POINT('Ctrl Pts',(-40.4291988325854,11.6075868974812,8.81678063074433));
#1363=CARTESIAN_POINT('Ctrl Pts',(40.4291988325854,11.6075868974812,8.81678063074433));
#1364=CARTESIAN_POINT('Ctrl Pts',(-40.4291988325854,11.7801219525322,7.90588497494137));
#1365=CARTESIAN_POINT('Ctrl Pts',(40.4291988325854,11.7801219525322,7.90588497494137));
#1366=CARTESIAN_POINT('Ctrl Pts',(-40.4291988325854,11.9497770833762,6.97927687630195));
#1367=CARTESIAN_POINT('Ctrl Pts',(40.4291988325854,11.9497770833762,6.97927687630195));
#1368=CARTESIAN_POINT('Ctrl Pts',(-40.4291988325854,12.1177582718515,6.05409849660224));
#1369=CARTESIAN_POINT('Ctrl Pts',(40.4291988325854,12.1177582718515,6.05409849660224));
#1370=CARTESIAN_POINT('Ctrl Pts',(-40.4291988325854,12.2848302220699,5.14021032895553));
#1371=CARTESIAN_POINT('Ctrl Pts',(40.4291988325854,12.2848302220699,5.14021032895553));
#1372=CARTESIAN_POINT('Ctrl Pts',(-40.4291988325854,12.4510676096097,4.23633034672057));
#1373=CARTESIAN_POINT('Ctrl Pts',(40.4291988325854,12.4510676096097,4.23633034672057));
#1374=CARTESIAN_POINT('Ctrl Pts',(-40.4291988325854,12.616157241861,3.33370510527955));
#1375=CARTESIAN_POINT('Ctrl Pts',(40.4291988325854,12.616157241861,3.33370510527955));
#1376=CARTESIAN_POINT('Ctrl Pts',(-40.4291988325854,12.7797087847022,2.4199595329784));
#1377=CARTESIAN_POINT('Ctrl Pts',(40.4291988325854,12.7797087847022,2.4199595329784));
#1378=CARTESIAN_POINT('Ctrl Pts',(-40.4291988325854,12.9415845919546,1.48301567245229));
#1379=CARTESIAN_POINT('Ctrl Pts',(40.4291988325854,12.9415845919546,1.48301567245229));
#1380=CARTESIAN_POINT('Ctrl Pts',(-40.4291988325854,13.1021703018044,0.514593348257337));
#1381=CARTESIAN_POINT('Ctrl Pts',(40.4291988325854,13.1021703018044,0.514593348257337));
#1382=CARTESIAN_POINT('Ctrl Pts',(-40.4291988325854,13.2628069828404,-0.485119630286448));
#1383=CARTESIAN_POINT('Ctrl Pts',(40.4291988325854,13.2628069828404,-0.485119630286448));
#1384=CARTESIAN_POINT('Ctrl Pts',(-40.4291988325854,13.4255218005892,-1.5078854343487));
#1385=CARTESIAN_POINT('Ctrl Pts',(40.4291988325854,13.4255218005892,-1.5078854343487));
#1386=CARTESIAN_POINT('Ctrl Pts',(-40.4291988325854,13.5923436224035,-2.54080599605105));
#1387=CARTESIAN_POINT('Ctrl Pts',(40.4291988325854,13.5923436224035,-2.54080599605105));
#1388=CARTESIAN_POINT('Ctrl Pts',(-40.4291988325854,13.7647568659539,-3.56872980404425));
#1389=CARTESIAN_POINT('Ctrl Pts',(40.4291988325854,13.7647568659539,-3.56872980404425));
#1390=CARTESIAN_POINT('Ctrl Pts',(-40.4291988325854,13.9430713846428,-4.57710653572916));
#1391=CARTESIAN_POINT('Ctrl Pts',(40.4291988325854,13.9430713846428,-4.57710653572916));
#1392=CARTESIAN_POINT('Ctrl Pts',(-40.4291988325854,14.1258733897626,-5.5544924717601));
#1393=CARTESIAN_POINT('Ctrl Pts',(40.4291988325854,14.1258733897626,-5.5544924717601));
#1394=CARTESIAN_POINT('Ctrl Pts',(-40.4291988325854,14.3092865753935,-6.49563719176273));
#1395=CARTESIAN_POINT('Ctrl Pts',(40.4291988325854,14.3092865753935,-6.49563719176273));
#1396=CARTESIAN_POINT('Ctrl Pts',(-40.4291988325854,14.4876590296911,-7.40039684266785));
#1397=CARTESIAN_POINT('Ctrl Pts',(40.4291988325854,14.4876590296911,-7.40039684266785));
#1398=CARTESIAN_POINT('Ctrl Pts',(-40.4291988325854,14.6544638957871,-8.27200844379284));
#1399=CARTESIAN_POINT('Ctrl Pts',(40.4291988325854,14.6544638957871,-8.27200844379284));
#1400=CARTESIAN_POINT('Ctrl Pts',(-40.4291988325854,14.803153451723,-9.11557273900464));
#1401=CARTESIAN_POINT('Ctrl Pts',(40.4291988325854,14.803153451723,-9.11557273900464));
#1402=CARTESIAN_POINT('Ctrl Pts',(-40.4291988325854,14.9279530776956,-9.93658566942782));
#1403=CARTESIAN_POINT('Ctrl Pts',(40.4291988325854,14.9279530776956,-9.93658566942782));
#1404=CARTESIAN_POINT('Ctrl Pts',(-40.4291988325854,15.0248881398752,-10.7391841273988));
#1405=CARTESIAN_POINT('Ctrl Pts',(40.4291988325854,15.0248881398752,-10.7391841273988));
#1406=CARTESIAN_POINT('Ctrl Pts',(-40.4291988325854,15.0917984035254,-11.5258074579747));
#1407=CARTESIAN_POINT('Ctrl Pts',(40.4291988325854,15.0917984035254,-11.5258074579747));
#1408=CARTESIAN_POINT('Ctrl Pts',(-40.4291988325854,15.1205292782541,-12.1433765600658));
#1409=CARTESIAN_POINT('Ctrl Pts',(40.4291988325854,15.1205292782541,-12.1433765600658));
#1410=CARTESIAN_POINT('Ctrl Pts',(-40.4291988325854,15.1280393668594,-12.6001692578521));
#1411=CARTESIAN_POINT('Ctrl Pts',(40.4291988325854,15.1280393668594,-12.6001692578521));
#1412=CARTESIAN_POINT('Ctrl Pts',(-40.4291988325854,15.1268177072847,-12.9018662113522));
#1413=CARTESIAN_POINT('Ctrl Pts',(40.4291988325854,15.1268177072847,-12.9018662113522));
#1414=CARTESIAN_POINT('Ctrl Pts',(-40.4291988325854,15.1246498113808,-13.0520067666914));
#1415=CARTESIAN_POINT('Ctrl Pts',(40.4291988325854,15.1246498113808,-13.0520067666914));
#1416=CARTESIAN_POINT('Ctrl Pts',(-40.4291988325854,15.1089728863403,-14.1377333586892));
#1417=CARTESIAN_POINT('Ctrl Pts',(40.4291988325854,15.1089728863403,-14.1377333586892));
#1418=CARTESIAN_POINT('Ctrl Pts',(-40.4291988325854,15.0932959612998,-15.223459950687));
#1419=CARTESIAN_POINT('Ctrl Pts',(40.4291988325854,15.0932959612998,-15.223459950687));
#1420=CARTESIAN_POINT('Ctrl Pts',(-40.4291988325854,15.0776190362593,-16.3091865426848));
#1421=CARTESIAN_POINT('Ctrl Pts',(40.4291988325854,15.0776190362593,-16.3091865426848));
#1422=CARTESIAN_POINT('Ctrl Pts',(-40.4291988325854,15.0619421112188,-17.3949131346826));
#1423=CARTESIAN_POINT('Ctrl Pts',(40.4291988325854,15.0619421112188,-17.3949131346826));
#1424=CARTESIAN_POINT('Ctrl Pts',(-40.4291988325854,15.0462651861782,-18.4806397266804));
#1425=CARTESIAN_POINT('Ctrl Pts',(40.4291988325854,15.0462651861782,-18.4806397266804));
#1426=CARTESIAN_POINT('Origin',(2.22044604925031E-14,6.14555417471264,13.));
#1427=CARTESIAN_POINT('',(2.00000000000002,6.14555417471264,13.5));
#1428=CARTESIAN_POINT('Origin',(2.22044604925031E-14,6.14555417471264,13.5));
#1429=CARTESIAN_POINT('',(1.50000000000002,6.14555417471264,13.));
#1430=CARTESIAN_POINT('Origin',(2.00000000000002,6.14555417471264,13.));
#1431=CARTESIAN_POINT('',(-1.49999999999998,6.14555417471264,13.));
#1432=CARTESIAN_POINT('Origin',(2.22044604925031E-14,6.14555417471264,13.));
#1433=CARTESIAN_POINT('Origin',(2.22044604925031E-14,6.14555417471264,13.));
#1434=CARTESIAN_POINT('Origin',(2.22044604925031E-14,6.14555417471264,13.5));
#1435=CARTESIAN_POINT('',(-1.49999999999998,6.14555417471264,12.5));
#1436=CARTESIAN_POINT('',(-1.49999999999998,6.14555417471264,13.5));
#1437=CARTESIAN_POINT('Origin',(2.22044604925031E-14,6.14555417471264,12.5));
#1438=CARTESIAN_POINT('Origin',(0.,-4.44089209850063E-15,13.5));
#1439=CARTESIAN_POINT('',(-12.4999999999999,-6.60000000000002,13.5));
#1440=CARTESIAN_POINT('',(-12.5,6.60000000000001,13.5));
#1441=CARTESIAN_POINT('',(-12.5,3.3,13.5));
#1442=CARTESIAN_POINT('',(12.5,-6.60000000000004,13.5));
#1443=CARTESIAN_POINT('Origin',(4.88498130835069E-14,-6.60000000000005,
13.5));
#1444=CARTESIAN_POINT('',(12.5,6.60000000000002,13.5));
#1445=CARTESIAN_POINT('',(12.5,-3.30000000000001,13.5));
#1446=CARTESIAN_POINT('',(12.1684958092965,9.45966951571914,13.5));
#1447=CARTESIAN_POINT('Origin',(1.77635683940025E-14,6.60000000000001,13.5));
#1448=CARTESIAN_POINT('',(-12.1684958092965,9.45966951571915,13.5));
#1449=CARTESIAN_POINT('Ctrl Pts',(-12.1684958092964,9.45966951571915,13.5));
#1450=CARTESIAN_POINT('Ctrl Pts',(-8.11233053947788,9.45966951571915,13.5));
#1451=CARTESIAN_POINT('Ctrl Pts',(-4.05616526965932,9.45966951571915,13.5));
#1452=CARTESIAN_POINT('Ctrl Pts',(4.05616526987166,9.45966951571915,13.5));
#1453=CARTESIAN_POINT('Ctrl Pts',(8.11233053958408,9.45966951571915,13.5));
#1454=CARTESIAN_POINT('Ctrl Pts',(12.1684958092965,9.45966951571915,13.5));
#1455=CARTESIAN_POINT('Origin',(1.77635683940025E-14,6.60000000000001,13.5));
#1456=CARTESIAN_POINT('Origin',(4.88498130835069E-14,-6.60000000000005,
-4.50000000000203));
#1457=CARTESIAN_POINT('',(3.05698286877634,-31.5790352653668,-4.67307692307903));
#1458=CARTESIAN_POINT('',(2.99999999999745,-31.1134202619961,-4.00000000000203));
#1459=CARTESIAN_POINT('Origin',(2.99999999999745,-31.1134202619961,-4.50000000000203));
#1460=CARTESIAN_POINT('',(-3.00000000000255,-31.1134202619955,-4.00000000000203));
#1461=CARTESIAN_POINT('Origin',(4.88498130835069E-14,-6.60000000000005,
-4.00000000000203));
#1462=CARTESIAN_POINT('',(-3.05698286878153,-31.5790352653662,-4.67307692307903));
#1463=CARTESIAN_POINT('Origin',(-3.00000000000255,-31.1134202619955,-4.50000000000203));
#1464=CARTESIAN_POINT('Origin',(4.88498130835069E-14,-6.60000000000005,
-4.67307692307903));
#1465=CARTESIAN_POINT('Ctrl Pts',(-7.1372051001039,-31.5908179178397,-0.519230769232773));
#1466=CARTESIAN_POINT('Ctrl Pts',(-7.13702606284404,-31.5535373482059,-1.45184851655629));
#1467=CARTESIAN_POINT('Ctrl Pts',(-6.60119221476978,-31.4609218808119,-2.99936471159787));
#1468=CARTESIAN_POINT('Ctrl Pts',(-4.88114074320675,-31.4168297015302,-4.39092678348983));
#1469=CARTESIAN_POINT('Ctrl Pts',(-3.66303954191132,-31.504864872171,-4.67307692307903));
#1470=CARTESIAN_POINT('Ctrl Pts',(-3.05698286878153,-31.5790352653662,-4.67307692307903));
#1471=CARTESIAN_POINT('Ctrl Pts',(-7.05254780027362,-31.6149567802409,-0.520197022348628));
#1472=CARTESIAN_POINT('Ctrl Pts',(-7.05196519427694,-31.5785114196967,-1.43402797855387));
#1473=CARTESIAN_POINT('Ctrl Pts',(-6.52534863542012,-31.4899735369424,-2.94974847495265));
#1474=CARTESIAN_POINT('Ctrl Pts',(-4.84281755119264,-31.4515150196943,-4.30974902167482));
#1475=CARTESIAN_POINT('Ctrl Pts',(-3.65337831748063,-31.5383074201143,-4.58630286310915));
#1476=CARTESIAN_POINT('Ctrl Pts',(-3.06083591175957,-31.6105190193022,-4.58711014384037));
#1477=CARTESIAN_POINT('Ctrl Pts',(-6.87068424899649,-31.6173054419194,-0.520291036790041));
#1478=CARTESIAN_POINT('Ctrl Pts',(-6.86919330045766,-31.5822124746559,-1.39330381777408));
#1479=CARTESIAN_POINT('Ctrl Pts',(-6.36138310686846,-31.5002659490638,-2.8398740778841));
#1480=CARTESIAN_POINT('Ctrl Pts',(-4.75667014509985,-31.4711319729948,-4.13059440858703));
#1481=CARTESIAN_POINT('Ctrl Pts',(-3.62691752904635,-31.5560310926775,-4.39513827589457));
#1482=CARTESIAN_POINT('Ctrl Pts',(-3.06262416876308,-31.6251311177901,-4.39789147779636));
#1483=CARTESIAN_POINT('Ctrl Pts',(-6.59215491353086,-31.4607319603559,-0.514023566024205));
#1484=CARTESIAN_POINT('Ctrl Pts',(-6.58990991604015,-31.426275927908,-1.32337182318548));
#1485=CARTESIAN_POINT('Ctrl Pts',(-6.11232921870963,-31.3472897910974,-2.66235541376576));
#1486=CARTESIAN_POINT('Ctrl Pts',(-4.61734080840532,-31.3225789749842,-3.85025829975206));
#1487=CARTESIAN_POINT('Ctrl Pts',(-3.56911163660462,-31.4072606179957,-4.0956598739133));
#1488=CARTESIAN_POINT('Ctrl Pts',(-3.0442974621909,-31.4753810310494,-4.10025744005966));
#1489=CARTESIAN_POINT('Ctrl Pts',(-6.50000000000255,-31.242345810397,-0.505281799558622));
#1490=CARTESIAN_POINT('Ctrl Pts',(-6.49879167836478,-31.2069770375869,-1.2919266996407));
#1491=CARTESIAN_POINT('Ctrl Pts',(-6.03517115614401,-31.1232511289448,-2.59573932881783));
#1492=CARTESIAN_POINT('Ctrl Pts',(-4.56765570822605,-31.0919371727016,-3.75871954998043));
#1493=CARTESIAN_POINT('Ctrl Pts',(-3.53295422165096,-31.1788669172796,-3.99746413075791));
#1494=CARTESIAN_POINT('Ctrl Pts',(-3.01669651957404,-31.2498498623849,-4.00000000000203));
#1495=CARTESIAN_POINT('Ctrl Pts',(-6.50000000000255,-31.110396292576,-0.500000000001942));
#1496=CARTESIAN_POINT('Ctrl Pts',(-6.50000000000257,-31.0744472467455,-1.28581680561713));
#1497=CARTESIAN_POINT('Ctrl Pts',(-6.04127045090657,-30.9877877692525,-2.58974248847623));
#1498=CARTESIAN_POINT('Ctrl Pts',(-4.56616932315521,-30.95226411664,-3.7622623823852));
#1499=CARTESIAN_POINT('Ctrl Pts',(-3.5204146818163,-31.0406324221099,-4.00000000000203));
#1500=CARTESIAN_POINT('Ctrl Pts',(-3.00000000000255,-31.1134202619955,-4.00000000000203));
#1501=CARTESIAN_POINT('',(-6.50000000000255,-31.110396292576,-0.500000000001985));
#1502=CARTESIAN_POINT('Ctrl Pts',(-3.00000000000255,-31.1134202619955,-4.00000000000203));
#1503=CARTESIAN_POINT('Ctrl Pts',(-3.5204146818163,-31.0406324221099,-4.00000000000203));
#1504=CARTESIAN_POINT('Ctrl Pts',(-4.56616932315521,-30.95226411664,-3.7622623823852));
#1505=CARTESIAN_POINT('Ctrl Pts',(-6.04127045090657,-30.9877877692525,-2.58974248847623));
#1506=CARTESIAN_POINT('Ctrl Pts',(-6.50000000000257,-31.0744472467455,-1.28581680561713));
#1507=CARTESIAN_POINT('Ctrl Pts',(-6.50000000000255,-31.110396292576,-0.500000000001942));
#1508=CARTESIAN_POINT('',(-7.1372051001039,-31.5908179178397,-0.519230769232773));
#1509=CARTESIAN_POINT('Origin',(-7.00000000000255,-31.110396292576,-0.50000000000193));
#1510=CARTESIAN_POINT('Ctrl Pts',(-7.1372051001039,-31.5908179178397,-0.519230769232773));
#1511=CARTESIAN_POINT('Ctrl Pts',(-7.13702606284404,-31.5535373482059,-1.45184851655629));
#1512=CARTESIAN_POINT('Ctrl Pts',(-6.60119221476978,-31.4609218808119,-2.99936471159787));
#1513=CARTESIAN_POINT('Ctrl Pts',(-4.88114074320675,-31.4168297015302,-4.39092678348983));
#1514=CARTESIAN_POINT('Ctrl Pts',(-3.66303954191132,-31.504864872171,-4.67307692307903));
#1515=CARTESIAN_POINT('Ctrl Pts',(-3.05698286878153,-31.5790352653662,-4.67307692307903));
#1516=CARTESIAN_POINT('Ctrl Pts',(-6.50000000000255,-31.110396292576,-0.50000000000193));
#1517=CARTESIAN_POINT('Ctrl Pts',(-6.50000000000255,-31.123732152291,-0.166844559279017));
#1518=CARTESIAN_POINT('Ctrl Pts',(-6.50000000000255,-31.123732152291,0.166844559274957));
#1519=CARTESIAN_POINT('Ctrl Pts',(-6.50000000000255,-31.1103962925762,0.499999999997874));
#1520=CARTESIAN_POINT('Ctrl Pts',(-6.50000000000255,-31.19836263779,-0.503521199706383));
#1521=CARTESIAN_POINT('Ctrl Pts',(-6.49999996794702,-31.211799060909,-0.168018331511132));
#1522=CARTESIAN_POINT('Ctrl Pts',(-6.49999996794702,-31.2117990609091,0.168018331507043));
#1523=CARTESIAN_POINT('Ctrl Pts',(-6.50000000000255,-31.1983626377902,0.503521199702298));
#1524=CARTESIAN_POINT('Ctrl Pts',(-6.54764416731404,-31.3737513109488,-0.510541822679733));
#1525=CARTESIAN_POINT('Ctrl Pts',(-6.54765142578565,-31.3873882932892,-0.170355222879267));
#1526=CARTESIAN_POINT('Ctrl Pts',(-6.54765142578565,-31.3873882932893,0.170355222875123));
#1527=CARTESIAN_POINT('Ctrl Pts',(-6.54764416731404,-31.373751310949,0.510541822675592));
#1528=CARTESIAN_POINT('Ctrl Pts',(-6.77475914667461,-31.5984111279518,-0.519534717397695));
#1529=CARTESIAN_POINT('Ctrl Pts',(-6.77479785876872,-31.6122921283132,-0.173366653684659));
#1530=CARTESIAN_POINT('Ctrl Pts',(-6.77479785876871,-31.6122921283133,0.173366653680442));
#1531=CARTESIAN_POINT('Ctrl Pts',(-6.77475914667461,-31.598411127952,0.519534717393481));
#1532=CARTESIAN_POINT('Ctrl Pts',(-7.01021915035847,-31.6270262114416,-0.520680148906552));
#1533=CARTESIAN_POINT('Ctrl Pts',(-7.01028120627519,-31.6409164305089,-0.173716597283856));
#1534=CARTESIAN_POINT('Ctrl Pts',(-7.01028120627519,-31.6409164305089,0.17371659727963));
#1535=CARTESIAN_POINT('Ctrl Pts',(-7.01021915035847,-31.6270262114418,0.520680148902329));
#1536=CARTESIAN_POINT('Ctrl Pts',(-7.13720510010391,-31.5908179178397,-0.519230769232773));
#1537=CARTESIAN_POINT('Ctrl Pts',(-7.13727151677023,-31.6046477270945,-0.173261657712824));
#1538=CARTESIAN_POINT('Ctrl Pts',(-7.13727151677023,-31.6046477270946,0.173261657708609));
#1539=CARTESIAN_POINT('Ctrl Pts',(-7.13720510010391,-31.5908179178398,0.519230769228562));
#1540=CARTESIAN_POINT('',(-6.50000000000255,-31.1103962925762,0.499999999997923));
#1541=CARTESIAN_POINT('',(-7.13720510010391,-31.5908179178398,0.519230769228562));
#1542=CARTESIAN_POINT('Origin',(-7.00000000000255,-31.1103962925762,0.499999999997874));
#1543=CARTESIAN_POINT('Ctrl Pts',(-7.13720510010391,-31.5908179178398,0.519230769228562));
#1544=CARTESIAN_POINT('Ctrl Pts',(-7.13727151677023,-31.6046477270946,0.173261657708609));
#1545=CARTESIAN_POINT('Ctrl Pts',(-7.13727151677023,-31.6046477270945,-0.173261657712824));
#1546=CARTESIAN_POINT('Ctrl Pts',(-7.13720510010391,-31.5908179178397,-0.519230769232773));
#1547=CARTESIAN_POINT('Ctrl Pts',(-6.50000000000255,-31.110396292576,-0.50000000000193));
#1548=CARTESIAN_POINT('Ctrl Pts',(-6.50000000000255,-31.123732152291,-0.166844559279017));
#1549=CARTESIAN_POINT('Ctrl Pts',(-6.50000000000255,-31.123732152291,0.166844559274957));
#1550=CARTESIAN_POINT('Ctrl Pts',(-6.50000000000255,-31.1103962925762,0.499999999997874));
#1551=CARTESIAN_POINT('Ctrl Pts',(-3.05698286877247,-31.5790352653689,4.67307692307482));
#1552=CARTESIAN_POINT('Ctrl Pts',(-3.96606571134251,-31.4677799407926,4.67307692307688));
#1553=CARTESIAN_POINT('Ctrl Pts',(-6.11025789249249,-31.3873484559592,3.91516614411921));
#1554=CARTESIAN_POINT('Ctrl Pts',(-7.13696638432648,-31.5411106101571,1.76271813469573));
#1555=CARTESIAN_POINT('Ctrl Pts',(-7.13720510010391,-31.5908179178398,0.519230769228584));
#1556=CARTESIAN_POINT('Ctrl Pts',(-3.06083591175071,-31.6105190193048,4.58711014383618));
#1557=CARTESIAN_POINT('Ctrl Pts',(-3.9496474015317,-31.5022018787353,4.58589922562801));
#1558=CARTESIAN_POINT('Ctrl Pts',(-6.0432774176554,-31.4203437376049,3.84556818175998));
#1559=CARTESIAN_POINT('Ctrl Pts',(-7.05177099412985,-31.566363082023,1.73863539270044));
#1560=CARTESIAN_POINT('Ctrl Pts',(-7.05254780027362,-31.6149567802411,0.520197022344431));
#1561=CARTESIAN_POINT('Ctrl Pts',(-3.06262416875473,-31.6251311177934,4.39789147779122));
#1562=CARTESIAN_POINT('Ctrl Pts',(-3.90906219139142,-31.5214813272106,4.39376168478527));
#1563=CARTESIAN_POINT('Ctrl Pts',(-5.89752120485025,-31.4370564016134,3.69193278129368));
#1564=CARTESIAN_POINT('Ctrl Pts',(-6.86869632234944,-31.5705149304446,1.68430530325294));
#1565=CARTESIAN_POINT('Ctrl Pts',(-6.8706842489956,-31.6173054419203,0.52029103678587));
#1566=CARTESIAN_POINT('Ctrl Pts',(-3.04429746218318,-31.4753810310531,4.10025744005323));
#1567=CARTESIAN_POINT('Ctrl Pts',(-3.83151684718441,-31.3732006550557,4.09336110727531));
#1568=CARTESIAN_POINT('Ctrl Pts',(-5.67669957588983,-31.2868563306375,3.44832515779974));
#1569=CARTESIAN_POINT('Ctrl Pts',(-6.58916159067684,-31.4147906932778,1.59315200307922));
#1570=CARTESIAN_POINT('Ctrl Pts',(-6.59215491352877,-31.460731960357,0.514023566020095));
#1571=CARTESIAN_POINT('Ctrl Pts',(-3.01669651956631,-31.2498498623874,3.99999999999801));
#1572=CARTESIAN_POINT('Ctrl Pts',(-3.79108122665835,-31.1433756985484,3.99619620520125));
#1573=CARTESIAN_POINT('Ctrl Pts',(-5.61194313423658,-31.0579690491983,3.36343807523469));
#1574=CARTESIAN_POINT('Ctrl Pts',(-6.49838890832615,-31.1951875590693,1.55413916600336));
#1575=CARTESIAN_POINT('Ctrl Pts',(-6.50000000000255,-31.2423458103972,0.505281799554542));
#1576=CARTESIAN_POINT('Ctrl Pts',(-2.99999999999476,-31.1134202619981,3.99999999999797));
#1577=CARTESIAN_POINT('Ctrl Pts',(-3.78062016182757,-31.0042387624426,3.99999999999971));
#1578=CARTESIAN_POINT('Ctrl Pts',(-5.62091842708779,-30.9194400780344,3.36138999180392));
#1579=CARTESIAN_POINT('Ctrl Pts',(-6.50000000000257,-31.0624643457322,1.54775324312294));
#1580=CARTESIAN_POINT('Ctrl Pts',(-6.50000000000255,-31.1103962925762,0.499999999997905));
#1581=CARTESIAN_POINT('',(-2.99999999999866,-31.1134202619981,3.99999999999797));
#1582=CARTESIAN_POINT('Ctrl Pts',(-6.50000000000255,-31.1103962925762,0.499999999997905));
#1583=CARTESIAN_POINT('Ctrl Pts',(-6.50000000000257,-31.0624643457322,1.54775324312294));
#1584=CARTESIAN_POINT('Ctrl Pts',(-5.62091842708779,-30.9194400780344,3.36138999180392));
#1585=CARTESIAN_POINT('Ctrl Pts',(-3.78062016182757,-31.0042387624426,3.99999999999971));
#1586=CARTESIAN_POINT('Ctrl Pts',(-2.99999999999476,-31.1134202619981,3.99999999999797));
#1587=CARTESIAN_POINT('',(-3.05698286877247,-31.5790352653689,4.67307692307482));
#1588=CARTESIAN_POINT('Origin',(-2.99999999999365,-31.1134202619981,4.49999999999797));
#1589=CARTESIAN_POINT('Ctrl Pts',(-3.05698286877247,-31.5790352653689,4.67307692307482));
#1590=CARTESIAN_POINT('Ctrl Pts',(-3.96606571134251,-31.4677799407926,4.67307692307688));
#1591=CARTESIAN_POINT('Ctrl Pts',(-6.11025789249249,-31.3873484559592,3.91516614411921));
#1592=CARTESIAN_POINT('Ctrl Pts',(-7.13696638432648,-31.5411106101571,1.76271813469573));
#1593=CARTESIAN_POINT('Ctrl Pts',(-7.13720510010391,-31.5908179178398,0.519230769228584));
#1594=CARTESIAN_POINT('Origin',(4.87537360909913E-14,-6.60000000000005,
4.49999999999797));
#1595=CARTESIAN_POINT('',(2.99999999999745,-31.1134202619976,3.99999999999797));
#1596=CARTESIAN_POINT('',(3.05698286877634,-31.5790352653684,4.67307692307482));
#1597=CARTESIAN_POINT('Origin',(2.99999999999745,-31.1134202619976,4.49999999999797));
#1598=CARTESIAN_POINT('Origin',(4.88498130835069E-14,-6.60000000000005,
4.67307692307482));
#1599=CARTESIAN_POINT('Origin',(4.87750865337725E-14,-6.60000000000005,
3.99999999999797));
#1600=CARTESIAN_POINT('Ctrl Pts',(7.13720510009871,-31.5908179178414,0.519230769228562));
#1601=CARTESIAN_POINT('Ctrl Pts',(7.13702606283885,-31.5535373482079,1.45184851655209));
#1602=CARTESIAN_POINT('Ctrl Pts',(6.60119221476458,-31.4609218808143,2.99936471159367));
#1603=CARTESIAN_POINT('Ctrl Pts',(4.88114074320157,-31.4168297015327,4.39092678348562));
#1604=CARTESIAN_POINT('Ctrl Pts',(3.66303954190614,-31.5048648721733,4.67307692307482));
#1605=CARTESIAN_POINT('Ctrl Pts',(3.05698286877634,-31.5790352653684,4.67307692307482));
#1606=CARTESIAN_POINT('Ctrl Pts',(7.05254780026842,-31.6149567802426,0.520197022344408));
#1607=CARTESIAN_POINT('Ctrl Pts',(7.05196519427175,-31.5785114196986,1.43402797854965));
#1608=CARTESIAN_POINT('Ctrl Pts',(6.52534863541493,-31.4899735369448,2.94974847494844));
#1609=CARTESIAN_POINT('Ctrl Pts',(4.84281755118746,-31.4515150196968,4.30974902167061));
#1610=CARTESIAN_POINT('Ctrl Pts',(3.65337831747544,-31.5383074201166,4.58630286310494));
#1611=CARTESIAN_POINT('Ctrl Pts',(3.06083591175437,-31.6105190193044,4.58711014383617));
#1612=CARTESIAN_POINT('Ctrl Pts',(6.87068424899132,-31.6173054419211,0.52029103678582));
#1613=CARTESIAN_POINT('Ctrl Pts',(6.8691933004525,-31.5822124746578,1.39330381776986));
#1614=CARTESIAN_POINT('Ctrl Pts',(6.36138310686331,-31.5002659490661,2.83987407787991));
#1615=CARTESIAN_POINT('Ctrl Pts',(4.75667014509468,-31.4711319729973,4.13059440858285));
#1616=CARTESIAN_POINT('Ctrl Pts',(3.62691752904117,-31.5560310926798,4.3951382758904));
#1617=CARTESIAN_POINT('Ctrl Pts',(3.06262416875787,-31.6251311177922,4.39789147779218));
#1618=CARTESIAN_POINT('Ctrl Pts',(6.59215491352573,-31.4607319603575,0.514023566020034));
#1619=CARTESIAN_POINT('Ctrl Pts',(6.58990991603505,-31.4262759279099,1.32337182318131));
#1620=CARTESIAN_POINT('Ctrl Pts',(6.11232921870455,-31.3472897910997,2.66235541376164));
#1621=CARTESIAN_POINT('Ctrl Pts',(4.6173408084002,-31.3225789749866,3.85025829974798));
#1622=CARTESIAN_POINT('Ctrl Pts',(3.56911163659947,-31.4072606179979,4.09565987390922));
#1623=CARTESIAN_POINT('Ctrl Pts',(3.04429746218572,-31.4753810310515,4.10025744005557));
#1624=CARTESIAN_POINT('Ctrl Pts',(6.49999999999745,-31.2423458103987,0.505281799554523));
#1625=CARTESIAN_POINT('Ctrl Pts',(6.49879167835969,-31.2069770375888,1.2919266996366));
#1626=CARTESIAN_POINT('Ctrl Pts',(6.03517115613892,-31.1232511289471,2.59573932881376));
#1627=CARTESIAN_POINT('Ctrl Pts',(4.56765570822095,-31.091937172704,3.75871954997637));
#1628=CARTESIAN_POINT('Ctrl Pts',(3.53295422164586,-31.1788669172818,3.99746413075386));
#1629=CARTESIAN_POINT('Ctrl Pts',(3.01669651956891,-31.249849862387,3.99999999999797));
#1630=CARTESIAN_POINT('Ctrl Pts',(6.49999999999745,-31.1103962925777,0.499999999997887));
#1631=CARTESIAN_POINT('Ctrl Pts',(6.49999999999747,-31.0744472467474,1.28581680561307));
#1632=CARTESIAN_POINT('Ctrl Pts',(6.04127045090147,-30.9877877692549,2.58974248847218));
#1633=CARTESIAN_POINT('Ctrl Pts',(4.56616932315012,-30.9522641166424,3.76226238238114));
#1634=CARTESIAN_POINT('Ctrl Pts',(3.52041468181122,-31.0406324221122,3.99999999999797));
#1635=CARTESIAN_POINT('Ctrl Pts',(2.99999999999745,-31.1134202619976,3.99999999999797));
#1636=CARTESIAN_POINT('',(6.49999999999745,-31.1103962925777,0.49999999999793));
#1637=CARTESIAN_POINT('Ctrl Pts',(2.99999999999745,-31.1134202619976,3.99999999999797));
#1638=CARTESIAN_POINT('Ctrl Pts',(3.52041468181122,-31.0406324221122,3.99999999999797));
#1639=CARTESIAN_POINT('Ctrl Pts',(4.56616932315012,-30.9522641166424,3.76226238238114));
#1640=CARTESIAN_POINT('Ctrl Pts',(6.04127045090147,-30.9877877692549,2.58974248847218));
#1641=CARTESIAN_POINT('Ctrl Pts',(6.49999999999747,-31.0744472467474,1.28581680561307));
#1642=CARTESIAN_POINT('Ctrl Pts',(6.49999999999745,-31.1103962925777,0.499999999997887));
#1643=CARTESIAN_POINT('',(7.13720510009871,-31.5908179178414,0.519230769228562));
#1644=CARTESIAN_POINT('Origin',(6.99999999999745,-31.1103962925777,0.499999999997874));
#1645=CARTESIAN_POINT('Ctrl Pts',(7.13720510009871,-31.5908179178414,0.519230769228562));
#1646=CARTESIAN_POINT('Ctrl Pts',(7.13702606283885,-31.5535373482079,1.45184851655209));
#1647=CARTESIAN_POINT('Ctrl Pts',(6.60119221476458,-31.4609218808143,2.99936471159367));
#1648=CARTESIAN_POINT('Ctrl Pts',(4.88114074320157,-31.4168297015327,4.39092678348562));
#1649=CARTESIAN_POINT('Ctrl Pts',(3.66303954190614,-31.5048648721733,4.67307692307482));
#1650=CARTESIAN_POINT('Ctrl Pts',(3.05698286877634,-31.5790352653684,4.67307692307482));
#1651=CARTESIAN_POINT('Ctrl Pts',(6.49999999999745,-31.1103962925777,0.499999999997874));
#1652=CARTESIAN_POINT('Ctrl Pts',(6.49999999999745,-31.1237321522925,0.166844559274956));
#1653=CARTESIAN_POINT('Ctrl Pts',(6.49999999999745,-31.1237321522925,-0.166844559279016));
#1654=CARTESIAN_POINT('Ctrl Pts',(6.49999999999745,-31.1103962925775,-0.50000000000193));
#1655=CARTESIAN_POINT('Ctrl Pts',(6.49999999999745,-31.1983626377917,0.503521199702298));
#1656=CARTESIAN_POINT('Ctrl Pts',(6.49999996794193,-31.2117990609105,0.168018331507043));
#1657=CARTESIAN_POINT('Ctrl Pts',(6.49999996794193,-31.2117990609105,-0.168018331511132));
#1658=CARTESIAN_POINT('Ctrl Pts',(6.49999999999745,-31.1983626377915,-0.503521199706382));
#1659=CARTESIAN_POINT('Ctrl Pts',(6.54764416730893,-31.3737513109504,0.51054182267559));
#1660=CARTESIAN_POINT('Ctrl Pts',(6.54765142578054,-31.3873882932908,0.17035522287512));
#1661=CARTESIAN_POINT('Ctrl Pts',(6.54765142578054,-31.3873882932907,-0.170355222879265));
#1662=CARTESIAN_POINT('Ctrl Pts',(6.54764416730893,-31.3737513109503,-0.510541822679731));
#1663=CARTESIAN_POINT('Ctrl Pts',(6.77475914666946,-31.5984111279534,0.519534717393479));
#1664=CARTESIAN_POINT('Ctrl Pts',(6.77479785876356,-31.6122921283147,0.17336665368044));
#1665=CARTESIAN_POINT('Ctrl Pts',(6.77479785876356,-31.6122921283147,-0.173366653684659));
#1666=CARTESIAN_POINT('Ctrl Pts',(6.77475914666946,-31.5984111279532,-0.519534717397693));
#1667=CARTESIAN_POINT('Ctrl Pts',(7.01021915035328,-31.6270262114432,0.520680148902327));
#1668=CARTESIAN_POINT('Ctrl Pts',(7.01028120626999,-31.6409164305104,0.173716597279628));
#1669=CARTESIAN_POINT('Ctrl Pts',(7.01028120626999,-31.6409164305103,-0.173716597283855));
#1670=CARTESIAN_POINT('Ctrl Pts',(7.01021915035328,-31.6270262114431,-0.520680148906551));
#1671=CARTESIAN_POINT('Ctrl Pts',(7.1372051000987,-31.5908179178414,0.519230769228562));
#1672=CARTESIAN_POINT('Ctrl Pts',(7.13727151676503,-31.6046477270961,0.173261657708608));
#1673=CARTESIAN_POINT('Ctrl Pts',(7.13727151676503,-31.604647727096,-0.173261657712824));
#1674=CARTESIAN_POINT('Ctrl Pts',(7.1372051000987,-31.5908179178412,-0.519230769232773));
#1675=CARTESIAN_POINT('',(6.49999999999745,-31.1103962925775,-0.500000000001979));
#1676=CARTESIAN_POINT('',(7.1372051000987,-31.5908179178412,-0.519230769232773));
#1677=CARTESIAN_POINT('Origin',(6.99999999999745,-31.1103962925775,-0.50000000000193));
#1678=CARTESIAN_POINT('Ctrl Pts',(7.1372051000987,-31.5908179178412,-0.519230769232773));
#1679=CARTESIAN_POINT('Ctrl Pts',(7.13727151676503,-31.604647727096,-0.173261657712824));
#1680=CARTESIAN_POINT('Ctrl Pts',(7.13727151676503,-31.6046477270961,0.173261657708608));
#1681=CARTESIAN_POINT('Ctrl Pts',(7.1372051000987,-31.5908179178414,0.519230769228562));
#1682=CARTESIAN_POINT('Ctrl Pts',(6.49999999999745,-31.1103962925777,0.499999999997874));
#1683=CARTESIAN_POINT('Ctrl Pts',(6.49999999999745,-31.1237321522925,0.166844559274956));
#1684=CARTESIAN_POINT('Ctrl Pts',(6.49999999999745,-31.1237321522925,-0.166844559279016));
#1685=CARTESIAN_POINT('Ctrl Pts',(6.49999999999745,-31.1103962925775,-0.50000000000193));
#1686=CARTESIAN_POINT('Ctrl Pts',(3.05698286877634,-31.5790352653668,-4.67307692307903));
#1687=CARTESIAN_POINT('Ctrl Pts',(3.96606787780439,-31.4677796756558,-4.67307692307903));
#1688=CARTESIAN_POINT('Ctrl Pts',(6.11037998766122,-31.3873516080584,-3.91505495243605));
#1689=CARTESIAN_POINT('Ctrl Pts',(7.13696638375239,-31.5411104916993,-1.76272109808561));
#1690=CARTESIAN_POINT('Ctrl Pts',(7.1372051000987,-31.5908179178412,-0.519230769232795));
#1691=CARTESIAN_POINT('Ctrl Pts',(3.06083591175437,-31.6105190193029,-4.58711014384037));
#1692=CARTESIAN_POINT('Ctrl Pts',(3.94964951968418,-31.5022016206006,-4.58589922274443));
#1693=CARTESIAN_POINT('Ctrl Pts',(6.04339685985045,-31.4203465104506,-3.84545943941935));
#1694=CARTESIAN_POINT('Ctrl Pts',(7.05177099227342,-31.566362966219,-1.73863829639546));
#1695=CARTESIAN_POINT('Ctrl Pts',(7.05254780026842,-31.6149567802424,-0.520197022348648));
#1696=CARTESIAN_POINT('Ctrl Pts',(3.06262416875788,-31.6251311177907,-4.39789147779636));
#1697=CARTESIAN_POINT('Ctrl Pts',(3.90906420856208,-31.5214810801981,-4.39376167494671));
#1698=CARTESIAN_POINT('Ctrl Pts',(5.89763514540043,-31.4370585482287,-3.69182940411533));
#1699=CARTESIAN_POINT('Ctrl Pts',(6.86869631760767,-31.5705148189372,-1.68430807724851));
#1700=CARTESIAN_POINT('Ctrl Pts',(6.87068424899131,-31.6173054419209,-0.52029103679006));
#1701=CARTESIAN_POINT('Ctrl Pts',(3.04429746218572,-31.4753810310501,-4.10025744005966));
#1702=CARTESIAN_POINT('Ctrl Pts',(3.83151872322903,-31.3732004115446,-4.0933610908452));
#1703=CARTESIAN_POINT('Ctrl Pts',(5.67680574499662,-31.2868581752319,-3.4482298398157));
#1704=CARTESIAN_POINT('Ctrl Pts',(6.58916158354032,-31.4147905837939,-1.59315457478123));
#1705=CARTESIAN_POINT('Ctrl Pts',(6.59215491352573,-31.4607319603573,-0.514023566024222));
#1706=CARTESIAN_POINT('Ctrl Pts',(3.01669651956891,-31.2498498623855,-4.00000000000203));
#1707=CARTESIAN_POINT('Ctrl Pts',(3.79108307211643,-31.1433754448059,-3.99619619613866));
#1708=CARTESIAN_POINT('Ctrl Pts',(5.61204733304073,-31.057971325703,-3.36334493134893));
#1709=CARTESIAN_POINT('Ctrl Pts',(6.4983889044816,-31.1951874466863,-1.55414166556558));
#1710=CARTESIAN_POINT('Ctrl Pts',(6.49999999999745,-31.2423458103985,-0.50528179955864));
#1711=CARTESIAN_POINT('Ctrl Pts',(2.99999999999745,-31.1134202619961,-4.00000000000203));
#1712=CARTESIAN_POINT('Ctrl Pts',(3.78062202214563,-31.004238502248,-4.00000000000203));
#1713=CARTESIAN_POINT('Ctrl Pts',(5.6210231350099,-30.91944262995,-3.36129630251581));
#1714=CARTESIAN_POINT('Ctrl Pts',(6.49999999999747,-31.0624642315053,-1.54775574005385));
#1715=CARTESIAN_POINT('Ctrl Pts',(6.49999999999745,-31.1103962925775,-0.50000000000196));
#1716=CARTESIAN_POINT('Ctrl Pts',(6.49999999999745,-31.1103962925775,-0.50000000000196));
#1717=CARTESIAN_POINT('Ctrl Pts',(6.49999999999747,-31.0624642315053,-1.54775574005385));
#1718=CARTESIAN_POINT('Ctrl Pts',(5.6210231350099,-30.91944262995,-3.36129630251581));
#1719=CARTESIAN_POINT('Ctrl Pts',(3.78062202214563,-31.004238502248,-4.00000000000203));
#1720=CARTESIAN_POINT('Ctrl Pts',(2.99999999999745,-31.1134202619961,-4.00000000000203));
#1721=CARTESIAN_POINT('Ctrl Pts',(3.05698286877634,-31.5790352653668,-4.67307692307903));
#1722=CARTESIAN_POINT('Ctrl Pts',(3.96606787780439,-31.4677796756558,-4.67307692307903));
#1723=CARTESIAN_POINT('Ctrl Pts',(6.11037998766122,-31.3873516080584,-3.91505495243605));
#1724=CARTESIAN_POINT('Ctrl Pts',(7.13696638375239,-31.5411104916993,-1.76272109808561));
#1725=CARTESIAN_POINT('Ctrl Pts',(7.1372051000987,-31.5908179178412,-0.519230769232795));
#1726=CARTESIAN_POINT('Origin',(-3.00000000000255,0.,0.499999999997972));
#1727=CARTESIAN_POINT('',(-6.50000000000255,-30.7298549502452,0.500000000001965));
#1728=CARTESIAN_POINT('',(-6.50000000000255,0.,0.499999999997972));
#1729=CARTESIAN_POINT('',(-3.00000000000255,-30.7571517786802,3.99999999999797));
#1730=CARTESIAN_POINT('Ctrl Pts',(-6.50000000000255,-30.7298549502456,0.499999999997972));
#1731=CARTESIAN_POINT('Ctrl Pts',(-6.50000000000255,-30.7186894668924,0.769313638860393));
#1732=CARTESIAN_POINT('Ctrl Pts',(-6.46891598388709,-30.7068444087415,1.03770718922828));
#1733=CARTESIAN_POINT('Ctrl Pts',(-6.34463703044708,-30.6826147771005,1.56713647058305));
#1734=CARTESIAN_POINT('Ctrl Pts',(-6.25065880735709,-30.6703111917967,1.82612676767546));
#1735=CARTESIAN_POINT('Ctrl Pts',(-5.91982051206802,-30.6403991097693,2.48452419615408));
#1736=CARTESIAN_POINT('Ctrl Pts',(-5.6323892609263,-30.6251330423153,2.85255045356111));
#1737=CARTESIAN_POINT('Ctrl Pts',(-4.94655440460597,-30.6185106648274,3.4421359150475));
#1738=CARTESIAN_POINT('Ctrl Pts',(-4.5602642248101,-30.6265157431203,3.66390508761026));
#1739=CARTESIAN_POINT('Ctrl Pts',(-3.77395897097223,-30.6737742482913,3.93563756077719));
#1740=CARTESIAN_POINT('Ctrl Pts',(-3.38769007930291,-30.709005778334,3.99999999999757));
#1741=CARTESIAN_POINT('Ctrl Pts',(-3.00000000000619,-30.7571517786798,3.99999999999797));
#1742=CARTESIAN_POINT('',(-3.00000000000255,0.,3.99999999999797));
#1743=CARTESIAN_POINT('Origin',(-6.50000000000255,0.,3.99999999999797));
#1744=CARTESIAN_POINT('',(-6.50000000000255,-30.7298549502451,-0.500000000006021));
#1745=CARTESIAN_POINT('',(-6.50000000000255,0.,-0.500000000002028));
#1746=CARTESIAN_POINT('Ctrl Pts',(-6.50000000000255,-30.7298549502454,0.50000000000197));
#1747=CARTESIAN_POINT('Ctrl Pts',(-6.50000000000255,-30.7368754509214,0.330664152741499));
#1748=CARTESIAN_POINT('Ctrl Pts',(-6.50000000000255,-30.7402154091459,0.163699788216839));
#1749=CARTESIAN_POINT('Ctrl Pts',(-6.50000000000255,-30.7402154091459,-0.163699788218146));
#1750=CARTESIAN_POINT('Ctrl Pts',(-6.50000000000255,-30.7368754509213,-0.330664152744166));
#1751=CARTESIAN_POINT('Ctrl Pts',(-6.50000000000255,-30.7298549502452,-0.500000000006027));
#1752=CARTESIAN_POINT('Origin',(-3.00000000000255,0.,-0.500000000002028));
#1753=CARTESIAN_POINT('',(-3.00000000000255,-30.7571517786788,-4.00000000000203));
#1754=CARTESIAN_POINT('',(-3.00000000000255,0.,-4.00000000000203));
#1755=CARTESIAN_POINT('Ctrl Pts',(-3.00000000000272,-30.7571517786788,-4.00000000000203));
#1756=CARTESIAN_POINT('Ctrl Pts',(-3.22551052463163,-30.7291463424384,-4.00000000000202));
#1757=CARTESIAN_POINT('Ctrl Pts',(-3.45101504062297,-30.7053874311488,-3.97821153238391));
#1758=CARTESIAN_POINT('Ctrl Pts',(-3.95005715003455,-30.6621014398699,-3.880363300822));
#1759=CARTESIAN_POINT('Ctrl Pts',(-4.21943469485124,-30.6452472404965,-3.79285525618631));
#1760=CARTESIAN_POINT('Ctrl Pts',(-4.84565694870402,-30.6197057876497,-3.50165779190501));
#1761=CARTESIAN_POINT('Ctrl Pts',(-5.18269510749446,-30.6181494723249,-3.26629325052834));
#1762=CARTESIAN_POINT('Ctrl Pts',(-5.79854835492416,-30.6324299483984,-2.65204896659243));
#1763=CARTESIAN_POINT('Ctrl Pts',(-6.05764332247619,-30.6501085611139,-2.26458342863289));
#1764=CARTESIAN_POINT('Ctrl Pts',(-6.40962252152067,-30.6895861394048,-1.41393815102463));
#1765=CARTESIAN_POINT('Ctrl Pts',(-6.50000000000255,-30.7108152224481,-0.95924195252865));
#1766=CARTESIAN_POINT('Ctrl Pts',(-6.50000000000255,-30.7298549502454,-0.500000000002028));
#1767=CARTESIAN_POINT('Origin',(-6.50000000000255,0.,-4.00000000000203));
#1768=CARTESIAN_POINT('',(2.99999999999745,-30.7571517786795,-4.00000000000203));
#1769=CARTESIAN_POINT('',(2.99999999999745,0.,-4.00000000000203));
#1770=CARTESIAN_POINT('Origin',(4.88498130835069E-14,-6.60000000000005,
-4.00000000000203));
#1771=CARTESIAN_POINT('Ctrl Pts',(12.5,-6.60000000000005,13.5));
#1772=CARTESIAN_POINT('Ctrl Pts',(12.5,-19.1,13.5));
#1773=CARTESIAN_POINT('Ctrl Pts',(4.88498130835069E-14,-19.1,13.5));
#1774=CARTESIAN_POINT('Ctrl Pts',(-12.4999999999999,-19.1,13.5));
#1775=CARTESIAN_POINT('Ctrl Pts',(-12.4999999999999,-6.60000000000005,13.5));
#1776=CARTESIAN_POINT('Ctrl Pts',(26.,-6.60000000000005,13.5));
#1777=CARTESIAN_POINT('Ctrl Pts',(26.,-32.6,13.5));
#1778=CARTESIAN_POINT('Ctrl Pts',(4.88498130835069E-14,-32.6,13.5));
#1779=CARTESIAN_POINT('Ctrl Pts',(-25.9999999999999,-32.6,13.5));
#1780=CARTESIAN_POINT('Ctrl Pts',(-25.9999999999999,-6.60000000000005,13.5));
#1781=CARTESIAN_POINT('Ctrl Pts',(26.,-6.60000000000005,0.));
#1782=CARTESIAN_POINT('Ctrl Pts',(26.,-32.6,0.));
#1783=CARTESIAN_POINT('Ctrl Pts',(4.88498130835069E-14,-32.6,0.));
#1784=CARTESIAN_POINT('Ctrl Pts',(-25.9999999999999,-32.6,0.));
#1785=CARTESIAN_POINT('Ctrl Pts',(-25.9999999999999,-6.60000000000005,0.));
#1786=CARTESIAN_POINT('Ctrl Pts',(26.,-6.60000000000005,-13.5));
#1787=CARTESIAN_POINT('Ctrl Pts',(26.,-32.6,-13.5));
#1788=CARTESIAN_POINT('Ctrl Pts',(4.88498130835069E-14,-32.6,-13.5));
#1789=CARTESIAN_POINT('Ctrl Pts',(-25.9999999999999,-32.6,-13.5));
#1790=CARTESIAN_POINT('Ctrl Pts',(-25.9999999999999,-6.60000000000005,-13.5));
#1791=CARTESIAN_POINT('Ctrl Pts',(12.5,-6.60000000000005,-13.5));
#1792=CARTESIAN_POINT('Ctrl Pts',(12.5,-19.1,-13.5));
#1793=CARTESIAN_POINT('Ctrl Pts',(4.88498130835069E-14,-19.1,-13.5));
#1794=CARTESIAN_POINT('Ctrl Pts',(-12.4999999999999,-19.1,-13.5));
#1795=CARTESIAN_POINT('Ctrl Pts',(-12.4999999999999,-6.60000000000005,-13.5));
#1796=CARTESIAN_POINT('',(12.5,-6.60000000000004,-13.5));
#1797=CARTESIAN_POINT('Origin',(12.5,-6.60000000000004,0.));
#1798=CARTESIAN_POINT('',(-12.4999999999999,-6.60000000000002,-13.5));
#1799=CARTESIAN_POINT('Origin',(-12.4999999999999,-6.60000000000002,0.));
#1800=CARTESIAN_POINT('Origin',(4.88498130835069E-14,-6.60000000000005,
-13.5));
#1801=CARTESIAN_POINT('',(-3.49999999999998,-25.099978049498,-11.9249541954851));
#1802=CARTESIAN_POINT('',(3.49999999999998,-25.099978049498,-11.9249541954851));
#1803=CARTESIAN_POINT('Ctrl Pts',(-3.49999999999998,-25.099978049498,-11.9249541954851));
#1804=CARTESIAN_POINT('Ctrl Pts',(-2.47462066069816,-25.099978049498,-12.0261039769158));
#1805=CARTESIAN_POINT('Ctrl Pts',(-0.793960218466739,-25.099978049498,-12.1111058608775));
#1806=CARTESIAN_POINT('Ctrl Pts',(1.44416667838415,-25.099978049498,-12.0824247667601));
#1807=CARTESIAN_POINT('Ctrl Pts',(2.81641377379877,-25.099978049498,-11.9923873831056));
#1808=CARTESIAN_POINT('Ctrl Pts',(3.49999999999998,-25.099978049498,-11.9249541954851));
#1809=CARTESIAN_POINT('',(3.49999999999998,-21.099978049498,-13.2819784059527));
#1810=CARTESIAN_POINT('Ctrl Pts',(3.49999999999998,-25.099978049498,-11.9249541954851));
#1811=CARTESIAN_POINT('Ctrl Pts',(3.80713542531941,-25.099978049498,-11.8946564510797));
#1812=CARTESIAN_POINT('Ctrl Pts',(4.42576850365427,-24.9528755445577,-11.9015516045008));
#1813=CARTESIAN_POINT('Ctrl Pts',(5.37775075187747,-24.162680862716,-12.1760669632994));
#1814=CARTESIAN_POINT('Ctrl Pts',(5.64544012233031,-22.9353770947602,-12.653490375862));
#1815=CARTESIAN_POINT('Ctrl Pts',(5.13823514936968,-21.8382550054675,-13.0268603374363));
#1816=CARTESIAN_POINT('Ctrl Pts',(4.42084333206392,-21.2450104198796,-13.2137599143307));
#1817=CARTESIAN_POINT('Ctrl Pts',(3.80711292474401,-21.099978049498,-13.2688681833684));
#1818=CARTESIAN_POINT('Ctrl Pts',(3.49999999999998,-21.099978049498,-13.2819784059527));
#1819=CARTESIAN_POINT('',(-3.49999999999998,-21.099978049498,-13.2819784059527));
#1820=CARTESIAN_POINT('Ctrl Pts',(3.49999999999998,-21.099978049498,-13.2819784059527));
#1821=CARTESIAN_POINT('Ctrl Pts',(2.47190801884907,-21.099978049498,-13.3258662192751));
#1822=CARTESIAN_POINT('Ctrl Pts',(0.794454818125251,-21.099978049498,-13.3576021127083));
#1823=CARTESIAN_POINT('Ctrl Pts',(-1.44436996550176,-21.099978049498,-13.3471798004498));
#1824=CARTESIAN_POINT('Ctrl Pts',(-2.81460534589937,-21.099978049498,-13.3112369481676));
#1825=CARTESIAN_POINT('Ctrl Pts',(-3.49999999999998,-21.099978049498,-13.2819784059527));
#1826=CARTESIAN_POINT('Ctrl Pts',(-3.49999999999998,-21.099978049498,-13.2819784059527));
#1827=CARTESIAN_POINT('Ctrl Pts',(-3.80793534720498,-21.099978049498,-13.2688330753001));
#1828=CARTESIAN_POINT('Ctrl Pts',(-4.42286002558792,-21.245413374885,-13.2136273500191));
#1829=CARTESIAN_POINT('Ctrl Pts',(-5.13961456639527,-21.8393942775974,-13.0264204536699));
#1830=CARTESIAN_POINT('Ctrl Pts',(-5.64646832443655,-22.9387612237622,-12.6523916370139));
#1831=CARTESIAN_POINT('Ctrl Pts',(-5.37744360710666,-24.1637653356263,-12.1755828294572));
#1832=CARTESIAN_POINT('Ctrl Pts',(-4.42276968626528,-24.9543487741651,-11.9012354546291));
#1833=CARTESIAN_POINT('Ctrl Pts',(-3.80705457026987,-25.099978049498,-11.8946644271236));
#1834=CARTESIAN_POINT('Ctrl Pts',(-3.49999999999997,-25.099978049498,-11.9249541954851));
#1835=CARTESIAN_POINT('Ctrl Pts',(-17.6729280716005,13.01921235121,-9.29362645242951));
#1836=CARTESIAN_POINT('Ctrl Pts',(-17.9544106975761,13.1325706526702,-10.0041670632436));
#1837=CARTESIAN_POINT('Ctrl Pts',(-18.2125346709966,13.2390227037172,-10.7307276814482));
#1838=CARTESIAN_POINT('Ctrl Pts',(-18.4063904054147,13.3198919486682,-11.4854374167731));
#1839=CARTESIAN_POINT('Ctrl Pts',(-18.8432504834018,13.4905230060074,-8.66992609718872));
#1840=CARTESIAN_POINT('Ctrl Pts',(-19.1385173597233,13.6159379092931,-9.41325674188217));
#1841=CARTESIAN_POINT('Ctrl Pts',(-19.4109954324833,13.7344075053839,-10.2162843959547));
#1842=CARTESIAN_POINT('Ctrl Pts',(-19.6159406953863,13.8244703609287,-11.0643339659299));
#1843=CARTESIAN_POINT('Ctrl Pts',(-20.1255705990501,13.6819557847366,-8.04655330739399));
#1844=CARTESIAN_POINT('Ctrl Pts',(-20.4361111581658,13.8195651597777,-8.82265533919415));
#1845=CARTESIAN_POINT('Ctrl Pts',(-20.7214841789539,13.9571072774593,-9.70210520641443));
#1846=CARTESIAN_POINT('Ctrl Pts',(-20.9358724190882,14.0628111008646,-10.6434329961661));
#1847=CARTESIAN_POINT('Ctrl Pts',(-21.4085645390416,13.5768915613836,-7.47762583140645));
#1848=CARTESIAN_POINT('Ctrl Pts',(-21.7343900727377,13.7257506421004,-8.28370442188412));
#1849=CARTESIAN_POINT('Ctrl Pts',(-22.0326351400063,13.8881729796015,-9.23171982230559));
#1850=CARTESIAN_POINT('Ctrl Pts',(-22.256439116856,14.0150971946642,-10.2577305534675));
#1851=CARTESIAN_POINT('',(-18.4063904054147,13.3198919486682,-11.485437416773));
#1852=CARTESIAN_POINT('',(-21.7990641780356,13.7661073318824,-8.55078294219177));
#1853=CARTESIAN_POINT('Ctrl Pts',(-18.4063904054147,13.3198919486682,-11.4854374167731));
#1854=CARTESIAN_POINT('Ctrl Pts',(-18.7401354346446,13.4591176909502,-11.2622875851038));
#1855=CARTESIAN_POINT('Ctrl Pts',(-19.0729301700703,13.5703302527752,-11.0220360767085));
#1856=CARTESIAN_POINT('Ctrl Pts',(-20.251792090528,13.8702780024788,-10.106406242927));
#1857=CARTESIAN_POINT('Ctrl Pts',(-21.061539257172,13.9000341681326,-9.35567384164585));
#1858=CARTESIAN_POINT('Ctrl Pts',(-21.7990641780355,13.7661073318824,-8.55078294219192));
#1859=CARTESIAN_POINT('',(-21.4085645390416,13.5768915613836,-7.47762583140646));
#1860=CARTESIAN_POINT('Ctrl Pts',(-21.7970966952842,13.7659686184545,-8.55144129495431));
#1861=CARTESIAN_POINT('Ctrl Pts',(-21.6745900285303,13.7029477842708,-8.17205260844349));
#1862=CARTESIAN_POINT('Ctrl Pts',(-21.5439585064593,13.6387486580199,-7.81258478068588));
#1863=CARTESIAN_POINT('Ctrl Pts',(-21.4085645390416,13.5768915613836,-7.47762583140645));
#1864=CARTESIAN_POINT('',(-18.1160374274937,13.1995965072023,-10.5010511177495));
#1865=CARTESIAN_POINT('Ctrl Pts',(-21.4085645390416,13.5768915613836,-7.4776258314065));
#1866=CARTESIAN_POINT('Ctrl Pts',(-21.3150904343432,13.5973117198259,-7.58820190412752));
#1867=CARTESIAN_POINT('Ctrl Pts',(-21.2201397144368,13.6148564310757,-7.6980347690635));
#1868=CARTESIAN_POINT('Ctrl Pts',(-21.1237646216551,13.6294302264238,-7.80690795292201));
#1869=CARTESIAN_POINT('Ctrl Pts',(-21.0192981916911,13.6452275899033,-7.92492177276096));
#1870=CARTESIAN_POINT('Ctrl Pts',(-20.9131580586496,13.657534650191,-8.04180770682808));
#1871=CARTESIAN_POINT('Ctrl Pts',(-20.8054180281692,13.6662483760119,-8.15735246363566));
#1872=CARTESIAN_POINT('Ctrl Pts',(-20.6975070860446,13.67497592471,-8.27308051298803));
#1873=CARTESIAN_POINT('Ctrl Pts',(-20.5879910991931,13.6800993237316,-8.3874636531675));
#1874=CARTESIAN_POINT('Ctrl Pts',(-20.4769525217074,13.6815247285403,-8.50034466786939));
#1875=CARTESIAN_POINT('Ctrl Pts',(-20.3609717074293,13.6830135769579,-8.61824992474599));
#1876=CARTESIAN_POINT('Ctrl Pts',(-20.2433295538369,13.6804684615613,-8.73451654348141));
#1877=CARTESIAN_POINT('Ctrl Pts',(-20.1241311503206,13.673784222039,-8.84902266562627));
#1878=CARTESIAN_POINT('Ctrl Pts',(-20.0156336722388,13.6677000538819,-8.95324910751766));
#1879=CARTESIAN_POINT('Ctrl Pts',(-19.9058468677617,13.6581868495772,-9.05601796518946));
#1880=CARTESIAN_POINT('Ctrl Pts',(-19.7948596368354,13.645161062613,-9.15727327002337));
#1881=CARTESIAN_POINT('Ctrl Pts',(-19.6761437616202,13.6312282192858,-9.26557953222324));
#1882=CARTESIAN_POINT('Ctrl Pts',(-19.5564011539504,13.6133192984472,-9.37186844015947));
#1883=CARTESIAN_POINT('Ctrl Pts',(-19.4357500218668,13.5913757245668,-9.47596108215724));
#1884=CARTESIAN_POINT('Ctrl Pts',(-19.3139456959025,13.569222412123,-9.58104865056553));
#1885=CARTESIAN_POINT('Ctrl Pts',(-19.1912153021504,13.542957267313,-9.68389781548185));
#1886=CARTESIAN_POINT('Ctrl Pts',(-19.0676954315655,13.5125190026111,-9.78437559064678));
#1887=CARTESIAN_POINT('Ctrl Pts',(-18.9434218513537,13.481895005743,-9.885466474181));
#1888=CARTESIAN_POINT('Ctrl Pts',(-18.8183490282309,13.4470471009423,-9.98415706978979));
#1889=CARTESIAN_POINT('Ctrl Pts',(-18.6926326009503,13.4079072147105,-10.080362040416));
#1890=CARTESIAN_POINT('Ctrl Pts',(-18.5655995198127,13.3683574084445,-10.1775745853773));
#1891=CARTESIAN_POINT('Ctrl Pts',(-18.4379091459814,13.3244255322297,-10.2722493184692));
#1892=CARTESIAN_POINT('Ctrl Pts',(-18.309740712554,13.2760311908763,-10.3643471187963));
#1893=CARTESIAN_POINT('Ctrl Pts',(-18.2451672357278,13.2516492834415,-10.4107475858703));
#1894=CARTESIAN_POINT('Ctrl Pts',(-18.1804727177214,13.2261344733522,-10.4564946997539));
#1895=CARTESIAN_POINT('Ctrl Pts',(-18.1156820206563,13.1994751834463,-10.5015878729294));
#1896=CARTESIAN_POINT('Ctrl Pts',(-18.115571736251,13.1994298122084,-10.5012550407887));
#1897=CARTESIAN_POINT('Ctrl Pts',(-18.2226912763668,13.2434989060683,-10.8245249427576));
#1898=CARTESIAN_POINT('Ctrl Pts',(-18.320804317385,13.2841886854243,-11.1522378132727));
#1899=CARTESIAN_POINT('Ctrl Pts',(-18.4063904054147,13.3198919486682,-11.4854374167731));
#1900=CARTESIAN_POINT('Ctrl Pts',(-12.5,6.60000000000001,12.5));
#1901=CARTESIAN_POINT('Ctrl Pts',(-12.5,8.85955667731008,12.5));
#1902=CARTESIAN_POINT('Ctrl Pts',(-11.7089526963142,10.9761200572512,12.5));
#1903=CARTESIAN_POINT('Ctrl Pts',(-25.,6.60000000000001,12.5));
#1904=CARTESIAN_POINT('Ctrl Pts',(-25.,11.1191133546202,12.5));
#1905=CARTESIAN_POINT('Ctrl Pts',(-23.4179053926284,15.3522401145025,12.5));
#1906=CARTESIAN_POINT('Ctrl Pts',(-25.,6.60000000000001,1.38777878078145E-15));
#1907=CARTESIAN_POINT('Ctrl Pts',(-25.,11.1191133546202,1.38777878078145E-15));
#1908=CARTESIAN_POINT('Ctrl Pts',(-23.4179053926284,15.3522401145025,1.38777878078145E-15));
#1909=CARTESIAN_POINT('Ctrl Pts',(-25.,6.60000000000001,-12.5));
#1910=CARTESIAN_POINT('Ctrl Pts',(-25.,11.1191133546202,-12.5));
#1911=CARTESIAN_POINT('Ctrl Pts',(-23.4179053926284,15.3522401145025,-12.5));
#1912=CARTESIAN_POINT('Ctrl Pts',(-12.5,6.60000000000001,-12.5));
#1913=CARTESIAN_POINT('Ctrl Pts',(-12.5,8.85955667731008,-12.5));
#1914=CARTESIAN_POINT('Ctrl Pts',(-11.7089526963142,10.9761200572512,-12.5));
#1915=CARTESIAN_POINT('',(-15.2982617311697,9.87281199241695,12.0980401715583));
#1916=CARTESIAN_POINT('Ctrl Pts',(-15.2982617311697,9.87281199241695,12.0980401715583));
#1917=CARTESIAN_POINT('Ctrl Pts',(-16.4243536019178,9.95852806463006,11.8071708064543));
#1918=CARTESIAN_POINT('Ctrl Pts',(-17.497271237459,10.0876571843829,11.3611489413968));
#1919=CARTESIAN_POINT('Ctrl Pts',(-19.8822633019255,10.463534653197,9.9397595318922));
#1920=CARTESIAN_POINT('Ctrl Pts',(-21.0879388902755,10.7292675116051,8.83930700291214));
#1921=CARTESIAN_POINT('Ctrl Pts',(-22.9366371455937,11.230769669233,6.30965683365991));
#1922=CARTESIAN_POINT('Ctrl Pts',(-23.5953864773049,11.4625134626104,4.92382220438738));
#1923=CARTESIAN_POINT('Ctrl Pts',(-24.3824373256997,11.9365057407611,1.90331973175089));
#1924=CARTESIAN_POINT('Ctrl Pts',(-24.4715403914938,12.1793179104831,0.290855617175146));
#1925=CARTESIAN_POINT('Ctrl Pts',(-24.0078342737856,12.7023373987126,-2.86686209322546));
#1926=CARTESIAN_POINT('Ctrl Pts',(-23.4657218819276,12.9795342736995,-4.36792697604757));
#1927=CARTESIAN_POINT('Ctrl Pts',(-22.2957004140199,13.3598962757442,-6.33486965381105));
#1928=CARTESIAN_POINT('Ctrl Pts',(-21.8809499646842,13.4736952240815,-6.91881304205991));
#1929=CARTESIAN_POINT('Ctrl Pts',(-21.4085645390416,13.5768915613836,-7.47762583140646));
#1930=CARTESIAN_POINT('',(-12.0954545527926,9.75435875596437,12.5));
#1931=CARTESIAN_POINT('Ctrl Pts',(-12.0954545527926,9.75435875596437,12.5));
#1932=CARTESIAN_POINT('Ctrl Pts',(-12.8812077946717,9.75435875596437,12.5));
#1933=CARTESIAN_POINT('Ctrl Pts',(-13.7394759362401,9.776217523306,12.4258243452545));
#1934=CARTESIAN_POINT('Ctrl Pts',(-14.8204322196663,9.83866066622902,12.2139294594044));
#1935=CARTESIAN_POINT('Ctrl Pts',(-15.061136469557,9.85476244728131,12.159289591865));
#1936=CARTESIAN_POINT('Ctrl Pts',(-15.2982617311697,9.87281199241695,12.0980401715583));
#1937=CARTESIAN_POINT('',(-12.5,6.60000000000001,12.5));
#1938=CARTESIAN_POINT('Origin',(1.77635683940025E-14,6.60000000000001,12.5));
#1939=CARTESIAN_POINT('',(-12.5,6.60000000000001,-12.5));
#1940=CARTESIAN_POINT('Origin',(-12.5,6.60000000000001,0.));
#1941=CARTESIAN_POINT('',(-11.7089526963142,10.9761200572512,-12.5));
#1942=CARTESIAN_POINT('Origin',(1.77635683940025E-14,6.60000000000001,-12.5));
#1943=CARTESIAN_POINT('Ctrl Pts',(-11.7089526963142,10.9761200572512,-12.5));
#1944=CARTESIAN_POINT('Ctrl Pts',(-12.0483893747329,11.0713980840469,-12.5000001852596));
#1945=CARTESIAN_POINT('Ctrl Pts',(-12.3866017138617,11.1700462068462,-12.4851909998828));
#1946=CARTESIAN_POINT('Ctrl Pts',(-12.7228532211215,11.2716775192439,-12.4555320590552));
#1947=CARTESIAN_POINT('Ctrl Pts',(-12.7608635696968,11.2831660673307,-12.452179370205));
#1948=CARTESIAN_POINT('Ctrl Pts',(-12.7988488620447,11.2946926810932,-12.4486369257875));
#1949=CARTESIAN_POINT('Ctrl Pts',(-12.8368080343086,11.3062567604235,-12.4449046674674));
#1950=CARTESIAN_POINT('Ctrl Pts',(-13.183522800496,11.4118817470087,-12.4108146440653));
#1951=CARTESIAN_POINT('Ctrl Pts',(-13.5274054984033,11.5204379584685,-12.3609519976352));
#1952=CARTESIAN_POINT('Ctrl Pts',(-13.8676096218264,11.6313838725783,-12.2954425904112));
#1953=CARTESIAN_POINT('Ctrl Pts',(-14.0497529400781,11.6907836727309,-12.260369233015));
#1954=CARTESIAN_POINT('Ctrl Pts',(-14.230841806033,11.7508675458343,-12.2208107791844));
#1955=CARTESIAN_POINT('Ctrl Pts',(-14.4107463064757,11.8115463061453,-12.1767865448862));
#1956=CARTESIAN_POINT('Ctrl Pts',(-14.7856514465137,11.9379955004441,-12.085043916525));
#1957=CARTESIAN_POINT('Ctrl Pts',(-15.1542574609003,12.066641377983,-11.9741898775931));
#1958=CARTESIAN_POINT('Ctrl Pts',(-15.5154802493619,12.1965819662197,-11.8447457194872));
#1959=CARTESIAN_POINT('Ctrl Pts',(-15.8948130155888,12.3330371522031,-11.70881185226));
#1960=CARTESIAN_POINT('Ctrl Pts',(-16.2660036787924,12.4709199683714,-11.5523771000866));
#1961=CARTESIAN_POINT('Ctrl Pts',(-16.6277967662219,12.6091267991387,-11.3760451560629));
#1962=CARTESIAN_POINT('Ctrl Pts',(-16.9104121257281,12.7170873282936,-11.2383031220547));
#1963=CARTESIAN_POINT('Ctrl Pts',(-17.1872931003456,12.8252442821817,-11.0884198554269));
#1964=CARTESIAN_POINT('Ctrl Pts',(-17.4578412571431,12.9330496560873,-10.92668311106));
#1965=CARTESIAN_POINT('Ctrl Pts',(-17.682222599207,13.0224589308167,-10.7925454100619));
#1966=CARTESIAN_POINT('Ctrl Pts',(-17.9017106618843,13.1114113892692,-10.6505766217897));
#1967=CARTESIAN_POINT('Ctrl Pts',(-18.1160374274937,13.1995965072023,-10.5010511177495));
#1968=CARTESIAN_POINT('Ctrl Pts',(-129.422162962013,6.39482818404139,23.9002485096752));
#1969=CARTESIAN_POINT('Ctrl Pts',(129.422162962013,6.39482818404139,23.9002485096752));
#1970=CARTESIAN_POINT('Ctrl Pts',(-129.422162962013,7.0904249457165,21.5398068420518));
#1971=CARTESIAN_POINT('Ctrl Pts',(129.422162962013,7.0904249457165,21.5398068420518));
#1972=CARTESIAN_POINT('Ctrl Pts',(-129.422162962013,7.78602170739161,19.1793651744285));
#1973=CARTESIAN_POINT('Ctrl Pts',(129.422162962013,7.78602170739161,19.1793651744285));
#1974=CARTESIAN_POINT('Ctrl Pts',(-129.422162962013,8.48161846906672,16.8189235068051));
#1975=CARTESIAN_POINT('Ctrl Pts',(129.422162962013,8.48161846906672,16.8189235068051));
#1976=CARTESIAN_POINT('Ctrl Pts',(-129.422162962013,9.17721523074184,14.4584818391817));
#1977=CARTESIAN_POINT('Ctrl Pts',(129.422162962013,9.17721523074184,14.4584818391817));
#1978=CARTESIAN_POINT('Ctrl Pts',(-129.422162962013,9.87281199241695,12.0980401715583));
#1979=CARTESIAN_POINT('Ctrl Pts',(129.422162962013,9.87281199241695,12.0980401715583));
#1980=CARTESIAN_POINT('Ctrl Pts',(-129.422162962013,9.9176939793262,11.9457374038295));
#1981=CARTESIAN_POINT('Ctrl Pts',(129.422162962013,9.9176939793262,11.9457374038295));
#1982=CARTESIAN_POINT('Ctrl Pts',(-129.422162962013,10.0062855604378,11.6405535796275));
#1983=CARTESIAN_POINT('Ctrl Pts',(129.422162962013,10.0062855604378,11.6405535796275));
#1984=CARTESIAN_POINT('Ctrl Pts',(-129.422162962013,10.1356557355727,11.18104297366));
#1985=CARTESIAN_POINT('Ctrl Pts',(129.422162962013,10.1356557355727,11.18104297366));
#1986=CARTESIAN_POINT('Ctrl Pts',(-129.422162962013,10.3011048432257,10.5648311438908));
#1987=CARTESIAN_POINT('Ctrl Pts',(129.422162962013,10.3011048432257,10.5648311438908));
#1988=CARTESIAN_POINT('Ctrl Pts',(-129.422162962013,10.4962010240264,9.78826876481225));
#1989=CARTESIAN_POINT('Ctrl Pts',(129.422162962013,10.4962010240264,9.78826876481225));
#1990=CARTESIAN_POINT('Ctrl Pts',(-129.422162962013,10.6797663074811,9.00478414098019));
#1991=CARTESIAN_POINT('Ctrl Pts',(129.422162962013,10.6797663074811,9.00478414098019));
#1992=CARTESIAN_POINT('Ctrl Pts',(-129.422162962013,10.8522451750401,8.21358633114073));
#1993=CARTESIAN_POINT('Ctrl Pts',(129.422162962013,10.8522451750401,8.21358633114073));
#1994=CARTESIAN_POINT('Ctrl Pts',(-129.422162962013,11.0144679995678,7.41376694010848));
#1995=CARTESIAN_POINT('Ctrl Pts',(129.422162962013,11.0144679995678,7.41376694010848));
#1996=CARTESIAN_POINT('Ctrl Pts',(-129.422162962013,11.1677179952666,6.60434155511762));
#1997=CARTESIAN_POINT('Ctrl Pts',(129.422162962013,11.1677179952666,6.60434155511762));
#1998=CARTESIAN_POINT('Ctrl Pts',(-129.422162962013,11.3135966377473,5.78427572418373));
#1999=CARTESIAN_POINT('Ctrl Pts',(129.422162962013,11.3135966377473,5.78427572418373));
#2000=CARTESIAN_POINT('Ctrl Pts',(-129.422162962013,11.4539262475714,4.95250616084639));
#2001=CARTESIAN_POINT('Ctrl Pts',(129.422162962013,11.4539262475714,4.95250616084639));
#2002=CARTESIAN_POINT('Ctrl Pts',(-129.422162962013,11.590641983571,4.10798398387897));
#2003=CARTESIAN_POINT('Ctrl Pts',(129.422162962013,11.590641983571,4.10798398387897));
#2004=CARTESIAN_POINT('Ctrl Pts',(-129.422162962013,11.7256896816825,3.24966778128887));
#2005=CARTESIAN_POINT('Ctrl Pts',(129.422162962013,11.7256896816825,3.24966778128887));
#2006=CARTESIAN_POINT('Ctrl Pts',(-129.422162962013,11.8609262414349,2.37668421079058));
#2007=CARTESIAN_POINT('Ctrl Pts',(129.422162962013,11.8609262414349,2.37668421079058));
#2008=CARTESIAN_POINT('Ctrl Pts',(-129.422162962013,11.9980307319859,1.48882882861264));
#2009=CARTESIAN_POINT('Ctrl Pts',(129.422162962013,11.9980307319859,1.48882882861264));
#2010=CARTESIAN_POINT('Ctrl Pts',(-129.422162962013,12.1384112669662,0.587013458501309));
#2011=CARTESIAN_POINT('Ctrl Pts',(129.422162962013,12.1384112669662,0.587013458501309));
#2012=CARTESIAN_POINT('Ctrl Pts',(-129.422162962013,12.2831129607248,-0.326277919930438));
#2013=CARTESIAN_POINT('Ctrl Pts',(129.422162962013,12.2831129607248,-0.326277919930438));
#2014=CARTESIAN_POINT('Ctrl Pts',(-129.422162962013,12.4327186344139,-1.24646750738728));
#2015=CARTESIAN_POINT('Ctrl Pts',(129.422162962013,12.4327186344139,-1.24646750738728));
#2016=CARTESIAN_POINT('Ctrl Pts',(-129.422162962013,12.5872586251699,-2.16653339594746));
#2017=CARTESIAN_POINT('Ctrl Pts',(129.422162962013,12.5872586251699,-2.16653339594746));
#2018=CARTESIAN_POINT('Ctrl Pts',(-129.422162962013,12.7462222520711,-3.07847460452134));
#2019=CARTESIAN_POINT('Ctrl Pts',(129.422162962013,12.7462222520711,-3.07847460452134));
#2020=CARTESIAN_POINT('Ctrl Pts',(-129.422162962013,12.908559862255,-3.97458819110781));
#2021=CARTESIAN_POINT('Ctrl Pts',(129.422162962013,12.908559862255,-3.97458819110781));
#2022=CARTESIAN_POINT('Ctrl Pts',(-129.422162962013,13.072677354954,-4.84887775167955));
#2023=CARTESIAN_POINT('Ctrl Pts',(129.422162962013,13.072677354954,-4.84887775167955));
#2024=CARTESIAN_POINT('Ctrl Pts',(-129.422162962013,13.2364429601449,-5.69828398653891));
#2025=CARTESIAN_POINT('Ctrl Pts',(129.422162962013,13.2364429601449,-5.69828398653891));
#2026=CARTESIAN_POINT('Ctrl Pts',(-129.422162962013,13.3971477580726,-6.52436531200505));
#2027=CARTESIAN_POINT('Ctrl Pts',(129.422162962013,13.3971477580726,-6.52436531200505));
#2028=CARTESIAN_POINT('Ctrl Pts',(-129.422162962013,13.5517366909727,-7.33235658786114));
#2029=CARTESIAN_POINT('Ctrl Pts',(129.422162962013,13.5517366909727,-7.33235658786114));
#2030=CARTESIAN_POINT('Ctrl Pts',(-129.422162962013,13.697110351734,-8.12953662899698));
#2031=CARTESIAN_POINT('Ctrl Pts',(129.422162962013,13.697110351734,-8.12953662899698));
#2032=CARTESIAN_POINT('Ctrl Pts',(-129.422162962013,13.8304094411545,-8.9238254374747));
#2033=CARTESIAN_POINT('Ctrl Pts',(129.422162962013,13.8304094411545,-8.9238254374747));
#2034=CARTESIAN_POINT('Ctrl Pts',(-129.422162962013,13.9492952199098,-9.72235260169016));
#2035=CARTESIAN_POINT('Ctrl Pts',(129.422162962013,13.9492952199098,-9.72235260169016));
#2036=CARTESIAN_POINT('Ctrl Pts',(-129.422162962013,14.0522754429304,-10.5298865761616));
#2037=CARTESIAN_POINT('Ctrl Pts',(129.422162962013,14.0522754429304,-10.5298865761616));
#2038=CARTESIAN_POINT('Ctrl Pts',(-129.422162962013,14.1385450519744,-11.3491843071422));
#2039=CARTESIAN_POINT('Ctrl Pts',(129.422162962013,14.1385450519744,-11.3491843071422));
#2040=CARTESIAN_POINT('Ctrl Pts',(-129.422162962013,14.1939264167693,-12.0150973974552));
#2041=CARTESIAN_POINT('Ctrl Pts',(129.422162962013,14.1939264167693,-12.0150973974552));
#2042=CARTESIAN_POINT('Ctrl Pts',(-129.422162962013,14.2277720851322,-12.5205991775863));
#2043=CARTESIAN_POINT('Ctrl Pts',(129.422162962013,14.2277720851322,-12.5205991775863));
#2044=CARTESIAN_POINT('Ctrl Pts',(-129.422162962013,14.2469240521863,-12.8602921554196));
#2045=CARTESIAN_POINT('Ctrl Pts',(129.422162962013,14.2469240521863,-12.8602921554196));
#2046=CARTESIAN_POINT('Ctrl Pts',(-129.422162962013,14.2556470859043,-13.0308115782652));
#2047=CARTESIAN_POINT('Ctrl Pts',(129.422162962013,14.2556470859043,-13.0308115782652));
#2048=CARTESIAN_POINT('Ctrl Pts',(-129.422162962013,15.2204311622096,-31.890583210581));
#2049=CARTESIAN_POINT('Ctrl Pts',(129.422162962013,15.2204311622096,-31.890583210581));
#2050=CARTESIAN_POINT('Ctrl Pts',(-129.422162962013,16.1852152385149,-50.7503548428968));
#2051=CARTESIAN_POINT('Ctrl Pts',(129.422162962013,16.1852152385149,-50.7503548428968));
#2052=CARTESIAN_POINT('Ctrl Pts',(-129.422162962013,17.1499993148202,-69.6101264752127));
#2053=CARTESIAN_POINT('Ctrl Pts',(129.422162962013,17.1499993148202,-69.6101264752127));
#2054=CARTESIAN_POINT('Ctrl Pts',(-129.422162962013,18.1147833911256,-88.4698981075285));
#2055=CARTESIAN_POINT('Ctrl Pts',(129.422162962013,18.1147833911256,-88.4698981075285));
#2056=CARTESIAN_POINT('Ctrl Pts',(-129.422162962013,19.0795674674309,-107.329669739844));
#2057=CARTESIAN_POINT('Ctrl Pts',(129.422162962013,19.0795674674309,-107.329669739844));
#2058=CARTESIAN_POINT('Ctrl Pts',(-21.7990641780357,13.7661073318824,-8.5507829421918));
#2059=CARTESIAN_POINT('Ctrl Pts',(-22.3621143133123,13.663863297634,-7.9363034622444));
#2060=CARTESIAN_POINT('Ctrl Pts',(-22.8701240278187,13.5412066038101,-7.27705249542171));
#2061=CARTESIAN_POINT('Ctrl Pts',(-24.2779121222598,13.1165609495309,-5.06839213440934));
#2062=CARTESIAN_POINT('Ctrl Pts',(-24.9315108502023,12.7936551448843,-3.39449388464798));
#2063=CARTESIAN_POINT('Ctrl Pts',(-25.489026893625,12.2235523971134,0.00578934332341491));
#2064=CARTESIAN_POINT('Ctrl Pts',(-25.4385134958391,11.9718620776273,1.67225087294761));
#2065=CARTESIAN_POINT('Ctrl Pts',(-24.6924123624595,11.4513811184876,5.00028315355635));
#2066=CARTESIAN_POINT('Ctrl Pts',(-23.9649826195676,11.1800215060966,6.61898368915999));
#2067=CARTESIAN_POINT('Ctrl Pts',(-21.9712354002325,10.602591538934,9.40486872464683));
#2068=CARTESIAN_POINT('Ctrl Pts',(-20.7439842293294,10.3065769291384,10.565886021984));
#2069=CARTESIAN_POINT('Ctrl Pts',(-18.2214223864895,9.86007860002398,12.1600432156698));
#2070=CARTESIAN_POINT('Ctrl Pts',(-17.0180705079855,9.69917481485933,12.6872614726589));
#2071=CARTESIAN_POINT('Ctrl Pts',(-15.057238715238,9.54320353870654,13.2165352120835));
#2072=CARTESIAN_POINT('Ctrl Pts',(-14.3570199126447,9.50489141228968,13.3465437810593));
#2073=CARTESIAN_POINT('Ctrl Pts',(-13.1567628711194,9.46724911787654,13.4742793386311));
#2074=CARTESIAN_POINT('Ctrl Pts',(-12.6627616122598,9.45966951571914,13.5));
#2075=CARTESIAN_POINT('Ctrl Pts',(-12.1684958092965,9.45966951571914,13.5));
#2076=CARTESIAN_POINT('',(21.8006066546004,13.7658271603516,-8.54909931140447));
#2077=CARTESIAN_POINT('Ctrl Pts',(12.1684958092922,9.45966951571914,13.5));
#2078=CARTESIAN_POINT('Ctrl Pts',(12.5137986035093,9.45966951571911,13.5000000000001));
#2079=CARTESIAN_POINT('Ctrl Pts',(12.8586700916046,9.46336884747798,13.487446668376));
#2080=CARTESIAN_POINT('Ctrl Pts',(13.8475612545619,9.48486115742618,13.4145145520547));
#2081=CARTESIAN_POINT('Ctrl Pts',(14.4862819208789,9.51207713121627,13.3221597250938));
#2082=CARTESIAN_POINT('Ctrl Pts',(16.2637019413685,9.62660366656573,12.9335247845912));
#2083=CARTESIAN_POINT('Ctrl Pts',(17.2853607115318,9.73785293971918,12.5562513080683));
#2084=CARTESIAN_POINT('Ctrl Pts',(19.4271021583981,10.0543329413494,11.4817467699094));
#2085=CARTESIAN_POINT('Ctrl Pts',(20.531718193843,10.275034081424,10.6893509754262));
#2086=CARTESIAN_POINT('Ctrl Pts',(22.5962083934112,10.7664529822577,8.65707095742621));
#2087=CARTESIAN_POINT('Ctrl Pts',(23.4970724952992,11.031327345241,7.38122374142134));
#2088=CARTESIAN_POINT('Ctrl Pts',(24.8810109318601,11.549568595669,4.43177786703921));
#2089=CARTESIAN_POINT('Ctrl Pts',(25.2981394375713,11.8004680725658,2.75612757104302));
#2090=CARTESIAN_POINT('Ctrl Pts',(25.457810367326,12.3392829224123,-0.698595770158884));
#2091=CARTESIAN_POINT('Ctrl Pts',(25.1823912276006,12.6246647031568,-2.43234167986101));
#2092=CARTESIAN_POINT('Ctrl Pts',(23.9513184917093,13.2338579182895,-5.72538115638191));
#2093=CARTESIAN_POINT('Ctrl Pts',(23.0009086787762,13.5477498539731,-7.238750884834));
#2094=CARTESIAN_POINT('Ctrl Pts',(21.8006066546003,13.7658271603516,-8.54909931140441));
#2095=CARTESIAN_POINT('',(21.4099971495325,13.5765785255402,-7.47593082520462));
#2096=CARTESIAN_POINT('Ctrl Pts',(21.4099971495324,13.5765785255402,-7.47593082520439));
#2097=CARTESIAN_POINT('Ctrl Pts',(21.5454231763733,13.6384429291609,-7.8108910468414));
#2098=CARTESIAN_POINT('Ctrl Pts',(21.676091504508,13.7026536185146,-8.17035960155172));
#2099=CARTESIAN_POINT('Ctrl Pts',(21.7986372081544,13.76568980351,-8.54975826378528));
#2100=CARTESIAN_POINT('',(15.2982617311697,9.87281199241695,12.0980401715583));
#2101=CARTESIAN_POINT('Ctrl Pts',(21.4099971495325,13.5765785255402,-7.47593082520462));
#2102=CARTESIAN_POINT('Ctrl Pts',(21.6577820931575,13.5224234714571,-7.18271230442745));
#2103=CARTESIAN_POINT('Ctrl Pts',(21.8927238622322,13.464697412167,-6.87902358402407));
#2104=CARTESIAN_POINT('Ctrl Pts',(23.0729028623428,13.1427247533316,-5.20487730082391));
#2105=CARTESIAN_POINT('Ctrl Pts',(23.7555671395384,12.8460870201582,-3.67734536873602));
#2106=CARTESIAN_POINT('Ctrl Pts',(24.4249548698752,12.3113799853555,-0.539205781479022));
#2107=CARTESIAN_POINT('Ctrl Pts',(24.4510165529444,12.0718218501028,1.01493483833915));
#2108=CARTESIAN_POINT('Ctrl Pts',(23.8998388097305,11.5932325148186,4.10373254151411));
#2109=CARTESIAN_POINT('Ctrl Pts',(23.3099386088882,11.3554280915126,5.60136883802576));
#2110=CARTESIAN_POINT('Ctrl Pts',(21.5958561375529,10.8524638914913,8.26749471074748));
#2111=CARTESIAN_POINT('Ctrl Pts',(20.490095495683,10.590673883273,9.41603059637002));
#2112=CARTESIAN_POINT('Ctrl Pts',(18.5399047654544,10.2462331348867,10.7700757831362));
#2113=CARTESIAN_POINT('Ctrl Pts',(17.8449757280599,10.1410850294897,11.157056935657));
#2114=CARTESIAN_POINT('Ctrl Pts',(16.5274593148915,9.98073611455808,11.7289960902145));
#2115=CARTESIAN_POINT('Ctrl Pts',(15.9204556167474,9.92017226329014,11.9373275821411));
#2116=CARTESIAN_POINT('Ctrl Pts',(15.2982617311697,9.87281199241695,12.0980401715583));
#2117=CARTESIAN_POINT('',(12.0954545527926,9.75435875596437,12.5));
#2118=CARTESIAN_POINT('Ctrl Pts',(15.2982617311697,9.87281199241695,12.0980401715583));
#2119=CARTESIAN_POINT('Ctrl Pts',(15.061136469557,9.85476244728131,12.159289591865));
#2120=CARTESIAN_POINT('Ctrl Pts',(14.8204322196663,9.83866066622902,12.2139294594044));
#2121=CARTESIAN_POINT('Ctrl Pts',(13.7394759362401,9.776217523306,12.4258243452545));
#2122=CARTESIAN_POINT('Ctrl Pts',(12.8812077946718,9.75435875596437,12.5));
#2123=CARTESIAN_POINT('Ctrl Pts',(12.0954545527926,9.75435875596437,12.5));
#2124=CARTESIAN_POINT('Ctrl Pts',(15.2982617311697,9.87281199241695,12.0980401715583));
#2125=CARTESIAN_POINT('Ctrl Pts',(15.061136469557,9.85476244728131,12.159289591865));
#2126=CARTESIAN_POINT('Ctrl Pts',(14.8204322196663,9.83866066622902,12.2139294594044));
#2127=CARTESIAN_POINT('Ctrl Pts',(13.7394759362401,9.776217523306,12.4258243452545));
#2128=CARTESIAN_POINT('Ctrl Pts',(12.8812077946718,9.75435875596437,12.5));
#2129=CARTESIAN_POINT('Ctrl Pts',(12.0954545527926,9.75435875596437,12.5));
#2130=CARTESIAN_POINT('',(0.,9.87281199241695,12.0980401715583));
#2131=CARTESIAN_POINT('Ctrl Pts',(-12.0954545527926,9.75435875596437,12.5));
#2132=CARTESIAN_POINT('Ctrl Pts',(-12.8812077946717,9.75435875596437,12.5));
#2133=CARTESIAN_POINT('Ctrl Pts',(-13.7394759362401,9.776217523306,12.4258243452545));
#2134=CARTESIAN_POINT('Ctrl Pts',(-14.8204322196663,9.83866066622902,12.2139294594044));
#2135=CARTESIAN_POINT('Ctrl Pts',(-15.061136469557,9.85476244728131,12.159289591865));
#2136=CARTESIAN_POINT('Ctrl Pts',(-15.2982617311697,9.87281199241695,12.0980401715583));
#2137=CARTESIAN_POINT('Ctrl Pts',(18.4079571364904,13.3196896992293,-11.4845710365578));
#2138=CARTESIAN_POINT('Ctrl Pts',(18.214016285857,13.2387793253775,-10.7296446514605));
#2139=CARTESIAN_POINT('Ctrl Pts',(17.9557821641184,13.1322754414072,-10.0028814397982));
#2140=CARTESIAN_POINT('Ctrl Pts',(17.6742084316923,13.0188750785432,-9.29213221758867));
#2141=CARTESIAN_POINT('Ctrl Pts',(19.6175673093436,13.8243281546183,-11.0633588649258));
#2142=CARTESIAN_POINT('Ctrl Pts',(19.4125297637379,13.7342172394695,-10.2150704869235));
#2143=CARTESIAN_POINT('Ctrl Pts',(19.139933955837,13.6156877407626,-9.41186327611461));
#2144=CARTESIAN_POINT('Ctrl Pts',(18.8445702443815,13.4902239259573,-8.66836085488486));
#2145=CARTESIAN_POINT('Ctrl Pts',(20.9375829033446,14.0626893125719,-10.6423492898927));
#2146=CARTESIAN_POINT('Ctrl Pts',(20.7230953432872,13.9569284482076,-9.70076056929329));
#2147=CARTESIAN_POINT('Ctrl Pts',(20.4375943864093,13.8193220582356,-8.82115418163988));
#2148=CARTESIAN_POINT('Ctrl Pts',(20.1269466964978,13.6816656325714,-8.04491716633467));
#2149=CARTESIAN_POINT('Ctrl Pts',(22.2582337101428,14.0149514724298,-10.2565527378345));
#2150=CARTESIAN_POINT('Ctrl Pts',(22.0343233870581,13.8879599731207,-9.23026243168947));
#2151=CARTESIAN_POINT('Ctrl Pts',(21.7359401671406,13.7254736151257,-8.28211223631073));
#2152=CARTESIAN_POINT('Ctrl Pts',(21.4099971495324,13.5765785255402,-7.47593082520439));
#2153=CARTESIAN_POINT('',(18.4079571364904,13.3196896992293,-11.4845710365578));
#2154=CARTESIAN_POINT('Ctrl Pts',(21.8002826986978,13.7665364065222,-8.55485537571179));
#2155=CARTESIAN_POINT('Ctrl Pts',(21.678337870863,13.7886361177201,-8.68797143511376));
#2156=CARTESIAN_POINT('Ctrl Pts',(21.5543874673861,13.8062070697533,-8.81960546874554));
#2157=CARTESIAN_POINT('Ctrl Pts',(21.4285412463884,13.8191680616506,-8.94956323875848));
#2158=CARTESIAN_POINT('Ctrl Pts',(21.2960732924366,13.8328110305393,-9.08635908179032));
#2159=CARTESIAN_POINT('Ctrl Pts',(21.1615044921771,13.8413468418022,-9.22129786809551));
#2160=CARTESIAN_POINT('Ctrl Pts',(21.0249736697669,13.8446777799615,-9.35420948239413));
#2161=CARTESIAN_POINT('Ctrl Pts',(20.8781594297314,13.8482596023355,-9.49713191778754));
#2162=CARTESIAN_POINT('Ctrl Pts',(20.7290759363359,13.8458238753613,-9.63771052264777));
#2163=CARTESIAN_POINT('Ctrl Pts',(20.5779145105538,13.8372327261531,-9.77579396655071));
#2164=CARTESIAN_POINT('Ctrl Pts',(20.4267530847718,13.8286415769449,-9.91387741045366));
#2165=CARTESIAN_POINT('Ctrl Pts',(20.273513290352,13.8138956032414,-10.0494666065255));
#2166=CARTESIAN_POINT('Ctrl Pts',(20.1184117070116,13.7928297876997,-10.1824584247199));
#2167=CARTESIAN_POINT('Ctrl Pts',(19.9793042422715,13.7739362849412,-10.3017360894719));
#2168=CARTESIAN_POINT('Ctrl Pts',(19.8390843852244,13.7500109699379,-10.4186114655478));
#2169=CARTESIAN_POINT('Ctrl Pts',(19.6979283930145,13.7209810647631,-10.5328368211955));
#2170=CARTESIAN_POINT('Ctrl Pts',(19.5624753778672,13.6931240243087,-10.6424472499598));
#2171=CARTESIAN_POINT('Ctrl Pts',(19.4261603691036,13.6605667781725,-10.7496177632108));
#2172=CARTESIAN_POINT('Ctrl Pts',(19.2891615058404,13.6232402464842,-10.8541762822673));
#2173=CARTESIAN_POINT('Ctrl Pts',(19.1526771520495,13.5860538973761,-10.9583421239892));
#2174=CARTESIAN_POINT('Ctrl Pts',(19.0155139547356,13.5441342499977,-11.0599156124825));
#2175=CARTESIAN_POINT('Ctrl Pts',(18.8778716116667,13.4974046168248,-11.1587718349219));
#2176=CARTESIAN_POINT('Ctrl Pts',(18.7406855160326,13.4508298798473,-11.2573003755092));
#2177=CARTESIAN_POINT('Ctrl Pts',(18.6030233230562,13.3994771914614,-11.3531297376992));
#2178=CARTESIAN_POINT('Ctrl Pts',(18.4651079836121,13.3432590563926,-11.446180050294));
#2179=CARTESIAN_POINT('Ctrl Pts',(18.4460622786877,13.3354954963982,-11.4590300262571));
#2180=CARTESIAN_POINT('Ctrl Pts',(18.4270117872358,13.3276391276781,-11.471827070465));
#2181=CARTESIAN_POINT('Ctrl Pts',(18.4079571364904,13.3196896992293,-11.4845710365577));
#2182=CARTESIAN_POINT('',(18.1175685556167,13.1993714394692,-10.500171775491));
#2183=CARTESIAN_POINT('Ctrl Pts',(18.4079571364904,13.3196896992293,-11.4845710365578));
#2184=CARTESIAN_POINT('Ctrl Pts',(18.3223570584499,13.2839781186449,-11.151367602273));
#2185=CARTESIAN_POINT('Ctrl Pts',(18.2242320520251,13.243280683774,-10.8236506166365));
#2186=CARTESIAN_POINT('Ctrl Pts',(18.1171034520133,13.1992050288544,-10.5003754515521));
#2187=CARTESIAN_POINT('Ctrl Pts',(18.1175685556167,13.1993714394692,-10.500171775491));
#2188=CARTESIAN_POINT('Ctrl Pts',(18.4189532255776,13.3233846939986,-10.2898489898467));
#2189=CARTESIAN_POINT('Ctrl Pts',(18.7186292619448,13.4231052363236,-10.0644447399528));
#2190=CARTESIAN_POINT('Ctrl Pts',(19.8761055989052,13.7200224400119,-9.12905969951977));
#2191=CARTESIAN_POINT('Ctrl Pts',(20.6861540746187,13.7347792632289,-8.33249697727168));
#2192=CARTESIAN_POINT('Ctrl Pts',(21.4099971495326,13.5765785255402,-7.47593082520454));
#2193=CARTESIAN_POINT('Ctrl Pts',(11.7091950246472,10.9754716174118,12.5));
#2194=CARTESIAN_POINT('Ctrl Pts',(12.5,8.85919924896161,12.5));
#2195=CARTESIAN_POINT('Ctrl Pts',(12.5,6.60000000000001,12.5));
#2196=CARTESIAN_POINT('Ctrl Pts',(23.4183900492945,15.3509432348237,12.5));
#2197=CARTESIAN_POINT('Ctrl Pts',(25.,11.1183984979232,12.5));
#2198=CARTESIAN_POINT('Ctrl Pts',(25.,6.60000000000001,12.5));
#2199=CARTESIAN_POINT('Ctrl Pts',(23.4183900492945,15.3509432348237,0.));
#2200=CARTESIAN_POINT('Ctrl Pts',(25.,11.1183984979232,0.));
#2201=CARTESIAN_POINT('Ctrl Pts',(25.,6.60000000000001,0.));
#2202=CARTESIAN_POINT('Ctrl Pts',(23.4183900492945,15.3509432348237,-12.5));
#2203=CARTESIAN_POINT('Ctrl Pts',(25.,11.1183984979232,-12.5));
#2204=CARTESIAN_POINT('Ctrl Pts',(25.,6.60000000000001,-12.5));
#2205=CARTESIAN_POINT('Ctrl Pts',(11.7091950246472,10.9754716174118,-12.5));
#2206=CARTESIAN_POINT('Ctrl Pts',(12.5,8.85919924896161,-12.5));
#2207=CARTESIAN_POINT('Ctrl Pts',(12.5,6.60000000000001,-12.5));
#2208=CARTESIAN_POINT('',(11.7091950246472,10.9754716174118,-12.5));
#2209=CARTESIAN_POINT('Ctrl Pts',(18.1175685556169,13.1993714394693,-10.500171775491));
#2210=CARTESIAN_POINT('Ctrl Pts',(17.6892700171541,13.0231358808661,-10.7990626705672));
#2211=CARTESIAN_POINT('Ctrl Pts',(17.2407064025025,12.8439828697482,-11.0675287731169));
#2212=CARTESIAN_POINT('Ctrl Pts',(16.7741475918392,12.6644017416083,-11.3035086009311));
#2213=CARTESIAN_POINT('Ctrl Pts',(16.6674681746187,12.6233402298419,-11.357465765455));
#2214=CARTESIAN_POINT('Ctrl Pts',(16.559847940629,12.5822561240971,-11.4097244970885));
#2215=CARTESIAN_POINT('Ctrl Pts',(16.4513140246532,12.5411787708863,-11.4602601523361));
#2216=CARTESIAN_POINT('Ctrl Pts',(16.1049021848472,12.4100706156871,-11.621556730947));
#2217=CARTESIAN_POINT('Ctrl Pts',(15.7505173090104,12.2795405310574,-11.7646762065752));
#2218=CARTESIAN_POINT('Ctrl Pts',(15.3892683394536,12.1505175050672,-11.8892048497567));
#2219=CARTESIAN_POINT('Ctrl Pts',(15.0418463122566,12.0264328847024,-12.0089671115322));
#2220=CARTESIAN_POINT('Ctrl Pts',(14.6880755870127,11.9037423195254,-12.1115344476334));
#2221=CARTESIAN_POINT('Ctrl Pts',(14.3289425872793,11.7832236943002,-12.1965388404083));
#2222=CARTESIAN_POINT('Ctrl Pts',(14.2171562716915,11.7457102018514,-12.2229979179203));
#2223=CARTESIAN_POINT('Ctrl Pts',(14.1048504200798,11.7084067685569,-12.2477553700373));
#2224=CARTESIAN_POINT('Ctrl Pts',(13.9920547809436,11.6713358036481,-12.2708000981481));
#2225=CARTESIAN_POINT('Ctrl Pts',(13.6568530380813,11.5611697356852,-12.3392835349694));
#2226=CARTESIAN_POINT('Ctrl Pts',(13.3181137631435,11.4533194699079,-12.3924807354625));
#2227=CARTESIAN_POINT('Ctrl Pts',(12.9766521077094,11.3483035347161,-12.4303104858787));
#2228=CARTESIAN_POINT('Ctrl Pts',(12.8362381752878,11.3051194752689,-12.4458666220772));
#2229=CARTESIAN_POINT('Ctrl Pts',(12.6953638958991,11.2624140970384,-12.4588241648664));
#2230=CARTESIAN_POINT('Ctrl Pts',(12.554085951558,11.2202208672875,-12.4691774670312));
#2231=CARTESIAN_POINT('Ctrl Pts',(12.2734945989054,11.1364211244202,-12.4897401038419));
#2232=CARTESIAN_POINT('Ctrl Pts',(11.9917246027604,11.0547666881055,-12.5000003908964));
#2233=CARTESIAN_POINT('Ctrl Pts',(11.7091950246472,10.9754716174118,-12.5));
#2234=CARTESIAN_POINT('',(12.5,6.60000000000002,-12.5));
#2235=CARTESIAN_POINT('Origin',(1.77635683940025E-14,6.60000000000001,-12.5));
#2236=CARTESIAN_POINT('',(12.5,6.60000000000002,12.5));
#2237=CARTESIAN_POINT('Origin',(12.5,6.60000000000002,0.));
#2238=CARTESIAN_POINT('Origin',(1.77635683940025E-14,6.60000000000001,12.5));
#2239=CARTESIAN_POINT('Ctrl Pts',(-19.9999435633553,14.009565996847,-13.5));
#2240=CARTESIAN_POINT('Ctrl Pts',(-19.9999435633553,14.009565996847,-3.5));
#2241=CARTESIAN_POINT('Ctrl Pts',(-19.1999051745769,13.6508303429272,-13.5));
#2242=CARTESIAN_POINT('Ctrl Pts',(-19.1999051745769,13.6508303429272,-3.5));
#2243=CARTESIAN_POINT('Ctrl Pts',(-17.5998317476118,12.9646854941084,-13.5));
#2244=CARTESIAN_POINT('Ctrl Pts',(-17.5998317476118,12.9646854941084,-3.5));
#2245=CARTESIAN_POINT('Ctrl Pts',(-15.1997316586306,12.0294447160643,-13.5));
#2246=CARTESIAN_POINT('Ctrl Pts',(-15.1997316586306,12.0294447160643,-3.5));
#2247=CARTESIAN_POINT('Ctrl Pts',(-11.9996186429847,10.9735270973615,-13.5));
#2248=CARTESIAN_POINT('Ctrl Pts',(-11.9996186429847,10.9735270973615,-3.5));
#2249=CARTESIAN_POINT('Ctrl Pts',(-7.99951374561976,9.99369299633699,-13.5));
#2250=CARTESIAN_POINT('Ctrl Pts',(-7.99951374561976,9.99369299633699,-3.5));
#2251=CARTESIAN_POINT('Ctrl Pts',(-3.99944847112599,9.3843141287638,-13.5));
#2252=CARTESIAN_POINT('Ctrl Pts',(-3.99944847112599,9.3843141287638,-3.5));
#2253=CARTESIAN_POINT('Ctrl Pts',(0.000573946764409576,9.17562435819452,
-13.5));
#2254=CARTESIAN_POINT('Ctrl Pts',(0.000573946764409576,9.17562435819452,
-3.5));
#2255=CARTESIAN_POINT('Ctrl Pts',(4.00055174232241,9.38413240344233,-13.5));
#2256=CARTESIAN_POINT('Ctrl Pts',(4.00055174232241,9.38413240344233,-3.5));
#2257=CARTESIAN_POINT('Ctrl Pts',(8.00048668036488,9.99333803224873,-13.5));
#2258=CARTESIAN_POINT('Ctrl Pts',(8.00048668036488,9.99333803224873,-3.5));
#2259=CARTESIAN_POINT('Ctrl Pts',(12.0003819943126,10.9730102521317,-13.5));
#2260=CARTESIAN_POINT('Ctrl Pts',(12.0003819943126,10.9730102521317,-3.5));
#2261=CARTESIAN_POINT('Ctrl Pts',(15.2002691466245,12.0288084860101,-13.5));
#2262=CARTESIAN_POINT('Ctrl Pts',(15.2002691466245,12.0288084860101,-3.5));
#2263=CARTESIAN_POINT('Ctrl Pts',(17.6001691830065,12.9639653183703,-13.5));
#2264=CARTESIAN_POINT('Ctrl Pts',(17.6001691830065,12.9639653183703,-3.5));
#2265=CARTESIAN_POINT('Ctrl Pts',(19.2000958393509,13.6500566587094,-13.5));
#2266=CARTESIAN_POINT('Ctrl Pts',(19.2000958393509,13.6500566587094,-3.5));
#2267=CARTESIAN_POINT('Ctrl Pts',(20.000057492161,14.0087661716421,-13.5));
#2268=CARTESIAN_POINT('Ctrl Pts',(20.000057492161,14.0087661716421,-3.5));
#2269=CARTESIAN_POINT('Ctrl Pts',(11.7091950246472,10.9754716174118,-12.5));
#2270=CARTESIAN_POINT('Ctrl Pts',(11.037544391088,10.786965391532,-12.5));
#2271=CARTESIAN_POINT('Ctrl Pts',(10.3658922044479,10.612979737292,-12.5));
#2272=CARTESIAN_POINT('Ctrl Pts',(9.69423840018098,10.454118130092,-12.5));
#2273=CARTESIAN_POINT('Ctrl Pts',(8.80246365747941,10.2431928468791,-12.5));
#2274=CARTESIAN_POINT('Ctrl Pts',(7.91068606255669,10.0589344847843,-12.5));
#2275=CARTESIAN_POINT('Ctrl Pts',(7.0189054544273,9.90284818400439,-12.5));
#2276=CARTESIAN_POINT('Ctrl Pts',(6.41560605279203,9.79725408271358,-12.5));
#2277=CARTESIAN_POINT('Ctrl Pts',(5.81230527176366,9.70455665643573,-12.5));
#2278=CARTESIAN_POINT('Ctrl Pts',(5.20900306401706,9.62519837317915,-12.5));
#2279=CARTESIAN_POINT('Ctrl Pts',(4.68789832640138,9.55665233299721,-12.5));
#2280=CARTESIAN_POINT('Ctrl Pts',(4.16679252427825,9.49805893567096,-12.5));
#2281=CARTESIAN_POINT('Ctrl Pts',(3.64568563136002,9.44966395885916,-12.5));
#2282=CARTESIAN_POINT('Ctrl Pts',(3.17457274695287,9.4059119044794,-12.5));
#2283=CARTESIAN_POINT('Ctrl Pts',(2.70345897095197,9.37049583170645,-12.5));
#2284=CARTESIAN_POINT('Ctrl Pts',(2.23234428842983,9.34355530578029,-12.5));
#2285=CARTESIAN_POINT('Ctrl Pts',(1.7926736931446,9.31841289882358,-12.5));
#2286=CARTESIAN_POINT('Ctrl Pts',(1.35300230826783,9.3006528010966,-12.5));
#2287=CARTESIAN_POINT('Ctrl Pts',(0.91333012649425,9.29034331354855,-12.5));
#2288=CARTESIAN_POINT('Ctrl Pts',(0.492485701161072,9.28047530155576,-12.5));
#2289=CARTESIAN_POINT('Ctrl Pts',(0.071640545682284,9.27743380743249,-12.5));
#2290=CARTESIAN_POINT('Ctrl Pts',(-0.349205341191021,9.28123050797029,-12.5));
#2291=CARTESIAN_POINT('Ctrl Pts',(-0.783060292569493,9.28514457100051,-12.5));
#2292=CARTESIAN_POINT('Ctrl Pts',(-1.21691602123903,9.29632593978677,-12.5));
#2293=CARTESIAN_POINT('Ctrl Pts',(-1.65077252252795,9.31473093652736,-12.5));
#2294=CARTESIAN_POINT('Ctrl Pts',(-2.12844297300931,9.33499460218195,-12.5));
#2295=CARTESIAN_POINT('Ctrl Pts',(-2.60611436002787,9.36401445023498,-12.5));
#2296=CARTESIAN_POINT('Ctrl Pts',(-3.08378667038448,9.40166707488908,-12.5));
#2297=CARTESIAN_POINT('Ctrl Pts',(-3.60533791816535,9.44277846641166,-12.5));
#2298=CARTESIAN_POINT('Ctrl Pts',(-4.12689026662898,9.49418072435013,-12.5));
#2299=CARTESIAN_POINT('Ctrl Pts',(-4.64844369141312,9.55564607306587,-12.5));
#2300=CARTESIAN_POINT('Ctrl Pts',(-5.23820278744304,9.62514949644146,-12.5));
#2301=CARTESIAN_POINT('Ctrl Pts',(-5.82796325961456,9.70751919688999,-12.5));
#2302=CARTESIAN_POINT('Ctrl Pts',(-6.41772506539839,9.80235754593236,-12.5));
#2303=CARTESIAN_POINT('Ctrl Pts',(-7.29959058118988,9.94416847498007,-12.5));
#2304=CARTESIAN_POINT('Ctrl Pts',(-8.18145907835839,10.1138538784958,-12.5));
#2305=CARTESIAN_POINT('Ctrl Pts',(-9.06333040147588,10.3099605775464,-12.5));
#2306=CARTESIAN_POINT('Ctrl Pts',(-9.72446897893447,10.4569816912187,-12.5));
#2307=CARTESIAN_POINT('Ctrl Pts',(-10.3856091442944,10.6188489368452,-12.5));
#2308=CARTESIAN_POINT('Ctrl Pts',(-11.0467508341879,10.7949698544724,-12.5));
#2309=CARTESIAN_POINT('Ctrl Pts',(-11.2674846189879,10.853770921361,-12.5));
#2310=CARTESIAN_POINT('Ctrl Pts',(-11.4882185737647,10.9141611913415,-12.5));
#2311=CARTESIAN_POINT('Ctrl Pts',(-11.7089526963142,10.9761200572512,-12.5));
#2312=CARTESIAN_POINT('',(11.7091950246473,10.9754716174119,-13.5));
#2313=CARTESIAN_POINT('Ctrl Pts',(11.7091950246473,10.9754716174119,-13.5));
#2314=CARTESIAN_POINT('Ctrl Pts',(11.7260681180235,10.9802072388679,-13.4999999942003));
#2315=CARTESIAN_POINT('Ctrl Pts',(11.7429395827017,10.9849515711039,-13.4999661149126));
#2316=CARTESIAN_POINT('Ctrl Pts',(11.7598093509316,10.9897045806829,-13.4998983238934));
#2317=CARTESIAN_POINT('Ctrl Pts',(12.119332515995,11.0909992175822,-13.4984535831332));
#2318=CARTESIAN_POINT('Ctrl Pts',(12.4773902823187,11.1960436431237,-13.4816136087785));
#2319=CARTESIAN_POINT('Ctrl Pts',(12.8332486174817,11.3044158305433,-13.4493480655673));
#2320=CARTESIAN_POINT('Ctrl Pts',(12.9132035044074,11.3287650873537,-13.4420985856363));
#2321=CARTESIAN_POINT('Ctrl Pts',(12.9930473598789,11.3532821269419,-13.4340703935923));
#2322=CARTESIAN_POINT('Ctrl Pts',(13.0727718582708,11.377961806164,-13.4252631453616));
#2323=CARTESIAN_POINT('Ctrl Pts',(13.4411201288688,11.4919884522231,-13.3845713289196));
#2324=CARTESIAN_POINT('Ctrl Pts',(13.8061989126847,11.6092678994962,-13.3273275388137));
#2325=CARTESIAN_POINT('Ctrl Pts',(14.1671442363659,11.7291956828271,-13.2536848880114));
#2326=CARTESIAN_POINT('Ctrl Pts',(14.3969321127135,11.8055450599728,-13.2068019192452));
#2327=CARTESIAN_POINT('Ctrl Pts',(14.6250447179248,11.8829666671994,-13.1532725721237));
#2328=CARTESIAN_POINT('Ctrl Pts',(14.8512591288605,11.9612936288328,-13.0931363531918));
#2329=CARTESIAN_POINT('Ctrl Pts',(15.2563666664176,12.101562510998,-12.9854436758389));
#2330=CARTESIAN_POINT('Ctrl Pts',(15.6540911198753,12.2442887218175,-12.8569066858431));
#2331=CARTESIAN_POINT('Ctrl Pts',(16.0432699370305,12.3884077666102,-12.7081415523704));
#2332=CARTESIAN_POINT('Ctrl Pts',(16.4518202990284,12.5397003995219,-12.5519715696946));
#2333=CARTESIAN_POINT('Ctrl Pts',(16.8509531265972,12.6925278333912,-12.3735095971429));
#2334=CARTESIAN_POINT('Ctrl Pts',(17.2393234898718,12.845599402604,-12.1734684699849));
#2335=CARTESIAN_POINT('Ctrl Pts',(17.5656993927607,12.9742365910527,-12.0053593410064));
#2336=CARTESIAN_POINT('Ctrl Pts',(17.8844745582878,13.1030449579486,-11.8220104411888));
#2337=CARTESIAN_POINT('Ctrl Pts',(18.1948507822605,13.2312301842615,-11.623844833678));
#2338=CARTESIAN_POINT('Ctrl Pts',(18.2663779009343,13.2607708487407,-11.5781769834024));
#2339=CARTESIAN_POINT('Ctrl Pts',(18.3374159819116,13.290260565706,-11.5317497532032));
#2340=CARTESIAN_POINT('Ctrl Pts',(18.4079571364904,13.3196896992293,-11.4845710365578));
#2341=CARTESIAN_POINT('',(-11.7089526963143,10.9761200572513,-13.5));
#2342=CARTESIAN_POINT('Ctrl Pts',(-11.7089526963143,10.9761200572513,-13.5));
#2343=CARTESIAN_POINT('Ctrl Pts',(-10.9670636484863,10.7678758424314,-13.5));
#2344=CARTESIAN_POINT('Ctrl Pts',(-9.42515384531031,10.3657602711929,-13.5));
#2345=CARTESIAN_POINT('Ctrl Pts',(-7.08323231794429,9.85421042830771,-13.5));
#2346=CARTESIAN_POINT('Ctrl Pts',(-3.94131490192844,9.38128117545735,-13.5));
#2347=CARTESIAN_POINT('Ctrl Pts',(0.000573946764409576,9.17562435819452,
-13.5));
#2348=CARTESIAN_POINT('Ctrl Pts',(3.94231472573602,9.38109666496824,-13.5));
#2349=CARTESIAN_POINT('Ctrl Pts',(7.08402689618158,9.85386382081473,-13.5));
#2350=CARTESIAN_POINT('Ctrl Pts',(9.42573491341875,10.3652801116477,-13.5));
#2351=CARTESIAN_POINT('Ctrl Pts',(10.9674546126443,10.7672939151021,-13.5));
#2352=CARTESIAN_POINT('Ctrl Pts',(11.7091950246473,10.9754716174119,-13.5));
#2353=CARTESIAN_POINT('Ctrl Pts',(-18.4063904054168,13.3198919486691,-11.485437416773));
#2354=CARTESIAN_POINT('Ctrl Pts',(-18.0012541110885,13.1508844837987,-11.7563186710477));
#2355=CARTESIAN_POINT('Ctrl Pts',(-17.5803563292908,12.9801440209014,-12.002000812173));
#2356=CARTESIAN_POINT('Ctrl Pts',(-17.1453805027084,12.8095091305661,-12.2211966680402));
#2357=CARTESIAN_POINT('Ctrl Pts',(-16.7166102943161,12.6413086168436,-12.43726534831));
#2358=CARTESIAN_POINT('Ctrl Pts',(-16.2741608669869,12.4732113759263,-12.627598089934));
#2359=CARTESIAN_POINT('Ctrl Pts',(-15.8196446302081,12.3069287488286,-12.7909620292245));
#2360=CARTESIAN_POINT('Ctrl Pts',(-15.4622285184868,12.1761697457064,-12.9194258755119));
#2361=CARTESIAN_POINT('Ctrl Pts',(-15.0986161726742,12.0469969592681,-13.0307563223363));
#2362=CARTESIAN_POINT('Ctrl Pts',(-14.7297555420618,11.9201829253488,-13.1246894390404));
#2363=CARTESIAN_POINT('Ctrl Pts',(-14.369347778866,11.796274981498,-13.2164699698743));
#2364=CARTESIAN_POINT('Ctrl Pts',(-14.0039295157733,11.6746191432086,-13.2916413942072));
#2365=CARTESIAN_POINT('Ctrl Pts',(-13.6343850089135,11.5558879710948,-13.3499575135761));
#2366=CARTESIAN_POINT('Ctrl Pts',(-13.2816097305069,11.4425445942606,-13.4056273581119));
#2367=CARTESIAN_POINT('Ctrl Pts',(-12.9257986217932,11.3320995630174,-13.4458229192408));
#2368=CARTESIAN_POINT('Ctrl Pts',(-12.5677254983377,11.2250441139187,-13.4705159772842));
#2369=CARTESIAN_POINT('Ctrl Pts',(-12.4533300663587,11.1908425680804,-13.4784047934413));
#2370=CARTESIAN_POINT('Ctrl Pts',(-12.3387037633573,11.1569865845977,-13.4847113572736));
#2371=CARTESIAN_POINT('Ctrl Pts',(-12.2238718210178,11.1234910438529,-13.4894347486218));
#2372=CARTESIAN_POINT('Ctrl Pts',(-12.0525165149563,11.073508099046,-13.4964831199514));
#2373=CARTESIAN_POINT('Ctrl Pts',(-11.8808516319541,11.0243711521899,-13.5000000953608));
#2374=CARTESIAN_POINT('Ctrl Pts',(-11.7089526963143,10.9761200572513,-13.5));
#2375=CARTESIAN_POINT('Origin',(0.,-4.44089209850063E-15,-12.5));
#2376=CARTESIAN_POINT('',(-12.4999999999999,-6.60000000000002,-12.5));
#2377=CARTESIAN_POINT('',(-12.5,3.3,-12.5));
#2378=CARTESIAN_POINT('',(12.5,-6.60000000000004,-12.5));
#2379=CARTESIAN_POINT('Origin',(4.88498130835069E-14,-6.60000000000005,
-12.5));
#2380=CARTESIAN_POINT('',(12.5,-3.30000000000001,-12.5));
#2381=CARTESIAN_POINT('Origin',(6.49999999999745,0.,3.99999999999797));
#2382=CARTESIAN_POINT('',(2.99999999999745,-30.7571517786809,3.99999999999797));
#2383=CARTESIAN_POINT('Origin',(4.87644113123819E-14,-6.60000000000005,
3.99999999999797));
#2384=CARTESIAN_POINT('',(2.99999999999745,0.,3.99999999999797));
#2385=CARTESIAN_POINT('Origin',(2.99999999999745,0.,0.499999999997973));
#2386=CARTESIAN_POINT('',(6.49999999999745,-30.7298549502466,0.500000000001969));
#2387=CARTESIAN_POINT('Ctrl Pts',(2.99999999999763,-30.7571517786808,3.99999999999797));
#2388=CARTESIAN_POINT('Ctrl Pts',(3.22551052462662,-30.7291463424405,3.99999999999796));
#2389=CARTESIAN_POINT('Ctrl Pts',(3.45101504061796,-30.7053874311509,3.97821153237984));
#2390=CARTESIAN_POINT('Ctrl Pts',(3.95005715002949,-30.6621014398721,3.88036330081793));
#2391=CARTESIAN_POINT('Ctrl Pts',(4.21943469484614,-30.6452472404987,3.79285525618226));
#2392=CARTESIAN_POINT('Ctrl Pts',(4.84565694869892,-30.6197057876519,3.50165779190096));
#2393=CARTESIAN_POINT('Ctrl Pts',(5.18269510748939,-30.6181494723271,3.26629325052427));
#2394=CARTESIAN_POINT('Ctrl Pts',(5.79854835491907,-30.6324299484005,2.65204896658835));
#2395=CARTESIAN_POINT('Ctrl Pts',(6.0576433224711,-30.650108561116,2.26458342862883));
#2396=CARTESIAN_POINT('Ctrl Pts',(6.40962252151558,-30.6895861394067,1.41393815102056));
#2397=CARTESIAN_POINT('Ctrl Pts',(6.49999999999745,-30.7108152224499,0.959241952524576));
#2398=CARTESIAN_POINT('Ctrl Pts',(6.49999999999745,-30.729854950247,0.499999999997972));
#2399=CARTESIAN_POINT('',(6.49999999999745,0.,0.499999999997973));
#2400=CARTESIAN_POINT('Origin',(6.49999999999745,0.,-4.00000000000203));
#2401=CARTESIAN_POINT('',(6.49999999999745,-30.7298549502465,-0.500000000006018));
#2402=CARTESIAN_POINT('Ctrl Pts',(6.49999999999745,-30.7298549502466,-0.50000000000602));
#2403=CARTESIAN_POINT('Ctrl Pts',(6.49999999999745,-30.7368754509227,-0.330664152744161));
#2404=CARTESIAN_POINT('Ctrl Pts',(6.49999999999745,-30.7402154091473,-0.163699788218145));
#2405=CARTESIAN_POINT('Ctrl Pts',(6.49999999999745,-30.7402154091473,0.163699788216842));
#2406=CARTESIAN_POINT('Ctrl Pts',(6.49999999999745,-30.7368754509228,0.330664152741504));
#2407=CARTESIAN_POINT('Ctrl Pts',(6.49999999999745,-30.7298549502468,0.500000000001978));
#2408=CARTESIAN_POINT('',(6.49999999999745,0.,-0.500000000002028));
#2409=CARTESIAN_POINT('Origin',(2.99999999999745,0.,-0.500000000002028));
#2410=CARTESIAN_POINT('Ctrl Pts',(6.49999999999745,-30.7298549502468,-0.500000000002028));
#2411=CARTESIAN_POINT('Ctrl Pts',(6.49999999999745,-30.7186894668936,-0.769313638864444));
#2412=CARTESIAN_POINT('Ctrl Pts',(6.46891598388199,-30.7068444087426,-1.03770718923232));
#2413=CARTESIAN_POINT('Ctrl Pts',(6.34463703044202,-30.6826147771013,-1.56713647058697));
#2414=CARTESIAN_POINT('Ctrl Pts',(6.25065880735205,-30.6703111917975,-1.82612676767937));
#2415=CARTESIAN_POINT('Ctrl Pts',(5.91982051206303,-30.6403991097697,-2.48452419615797));
#2416=CARTESIAN_POINT('Ctrl Pts',(5.63238926092133,-30.6251330423155,-2.85255045356502));
#2417=CARTESIAN_POINT('Ctrl Pts',(4.94655440460103,-30.6185106648273,-3.44213591505146));
#2418=CARTESIAN_POINT('Ctrl Pts',(4.56026422480517,-30.62651574312,-3.66390508761423));
#2419=CARTESIAN_POINT('Ctrl Pts',(3.77395897096725,-30.6737742482908,-3.93563756078123));
#2420=CARTESIAN_POINT('Ctrl Pts',(3.38769007929786,-30.7090057783333,-4.00000000000162));
#2421=CARTESIAN_POINT('Ctrl Pts',(3.0000000000011,-30.757151778679,-4.00000000000203));
#2422=CARTESIAN_POINT('Ctrl Pts',(6.00241011019766,-24.2458088943476,-11.4593012314885));
#2423=CARTESIAN_POINT('Ctrl Pts',(2.91653463095781E-5,-26.2875827956945,
-11.4593012314885));
#2424=CARTESIAN_POINT('Ctrl Pts',(-6.00235782887982,-24.2458266783091,-11.4593012314885));
#2425=CARTESIAN_POINT('Ctrl Pts',(5.3630373971616,-22.3661891250607,-12.5228766254296));
#2426=CARTESIAN_POINT('Ctrl Pts',(2.60586731194745E-5,-24.1904746351208,
-12.5228766254296));
#2427=CARTESIAN_POINT('Ctrl Pts',(-5.36299068481479,-22.3662050146865,-12.5228766254296));
#2428=CARTESIAN_POINT('Ctrl Pts',(4.64570503918521,-20.2573845831854,-12.8565504994923));
#2429=CARTESIAN_POINT('Ctrl Pts',(2.25731987482944E-5,-21.8376630260477,
-12.8565504994923));
#2430=CARTESIAN_POINT('Ctrl Pts',(-4.64566457484216,-20.2573983474964,-12.8565504994923));
#2431=CARTESIAN_POINT('',(-3.45643142641034,-24.8696872909105,-11.4832892252819));
#2432=CARTESIAN_POINT('',(3.45643142641034,-24.8696872909105,-11.483289225282));
#2433=CARTESIAN_POINT('Ctrl Pts',(-3.45643142641034,-24.8696872909105,-11.4832892252819));
#2434=CARTESIAN_POINT('Ctrl Pts',(-2.44468742965792,-24.8742924771887,-11.5806927185116));
#2435=CARTESIAN_POINT('Ctrl Pts',(-0.784516822237607,-24.8786739192311,
-11.6625463845487));
#2436=CARTESIAN_POINT('Ctrl Pts',(1.42691457086612,-24.8771663398762,-11.6349275531763));
#2437=CARTESIAN_POINT('Ctrl Pts',(2.7819354285754,-24.872757415096,-11.548224887435));
#2438=CARTESIAN_POINT('Ctrl Pts',(3.45643142641034,-24.8696872909105,-11.4832892252819));
#2439=CARTESIAN_POINT('',(-3.47900040220066,-21.0129798474585,-12.7900532798063));
#2440=CARTESIAN_POINT('Ctrl Pts',(-3.47900040220066,-21.0129798474585,-12.7900532798063));
#2441=CARTESIAN_POINT('Ctrl Pts',(-3.78456197527967,-21.0107998899813,-12.777394813252));
#2442=CARTESIAN_POINT('Ctrl Pts',(-4.3932076267781,-21.1462381296347,-12.7242337444628));
#2443=CARTESIAN_POINT('Ctrl Pts',(-5.0973935522408,-21.713609841265,-12.5439604368673));
#2444=CARTESIAN_POINT('Ctrl Pts',(-5.58840100541396,-22.7712216334168,-12.1837845393467));
#2445=CARTESIAN_POINT('Ctrl Pts',(-5.31340304811664,-23.9563640893491,-11.7246353172551));
#2446=CARTESIAN_POINT('Ctrl Pts',(-4.36741334574418,-24.7248307278493,-11.4604489563095));
#2447=CARTESIAN_POINT('Ctrl Pts',(-3.75940283049332,-24.8683082466491,-11.4541213001931));
#2448=CARTESIAN_POINT('Ctrl Pts',(-3.45643142641033,-24.8696872909105,-11.4832892252819));
#2449=CARTESIAN_POINT('',(3.47900040220066,-21.0129798474585,-12.7900532798063));
#2450=CARTESIAN_POINT('Ctrl Pts',(3.47900040220066,-21.0129798474585,-12.7900532798063));
#2451=CARTESIAN_POINT('Ctrl Pts',(2.45883365005036,-21.020257988217,-12.8323156185612));
#2452=CARTESIAN_POINT('Ctrl Pts',(0.790593775550653,-21.0274059240065,-12.8628761085339));
#2453=CARTESIAN_POINT('Ctrl Pts',(-1.43719145070844,-21.0249307077454,-12.8528398078405));
#2454=CARTESIAN_POINT('Ctrl Pts',(-2.79888923410046,-21.0178319412975,-12.8182281723095));
#2455=CARTESIAN_POINT('Ctrl Pts',(-3.47900040220066,-21.0129798474585,-12.7900532798063));
#2456=CARTESIAN_POINT('Ctrl Pts',(3.45643142641034,-24.8696872909105,-11.4832892252819));
#2457=CARTESIAN_POINT('Ctrl Pts',(3.75948261034439,-24.8683078835127,-11.4541136195583));
#2458=CARTESIAN_POINT('Ctrl Pts',(4.37038046242798,-24.7233943287541,-11.4607533969267));
#2459=CARTESIAN_POINT('Ctrl Pts',(5.31371349066947,-23.955313545116,-11.7251015202142));
#2460=CARTESIAN_POINT('Ctrl Pts',(5.58742002667093,-22.7679609203971,-12.1848425841634));
#2461=CARTESIAN_POINT('Ctrl Pts',(5.09603598876613,-21.7125207353516,-12.5443840286423));
#2462=CARTESIAN_POINT('Ctrl Pts',(4.39121240087776,-21.145865295172,-12.7243613989851));
#2463=CARTESIAN_POINT('Ctrl Pts',(3.7837458926078,-21.010805712132,-12.7774286210214));
#2464=CARTESIAN_POINT('Ctrl Pts',(3.47900040220066,-21.0129798474585,-12.7900532798063));
#2465=CARTESIAN_POINT('',(-3.45873605712174,-24.387763744914,-11.722003503706));
#2466=CARTESIAN_POINT('',(3.45873605712175,-24.387763744914,-11.722003503706));
#2467=CARTESIAN_POINT('Ctrl Pts',(-3.45873605712174,-24.387763744914,-11.722003503706));
#2468=CARTESIAN_POINT('Ctrl Pts',(-2.44592623733704,-24.3926163762881,-11.8124173094487));
#2469=CARTESIAN_POINT('Ctrl Pts',(-0.78520417720837,-24.3972443843996,-11.8879486940474));
#2470=CARTESIAN_POINT('Ctrl Pts',(1.42801350045766,-24.395650982162,-11.8624828657383));
#2471=CARTESIAN_POINT('Ctrl Pts',(2.78352951059861,-24.3909988324967,-11.7822793742011));
#2472=CARTESIAN_POINT('Ctrl Pts',(3.45873605712175,-24.387763744914,-11.722003503706));
#2473=CARTESIAN_POINT('',(3.47556941248054,-21.4952756847757,-12.6958977382992));
#2474=CARTESIAN_POINT('Ctrl Pts',(3.45873605712175,-24.387763744914,-11.722003503706));
#2475=CARTESIAN_POINT('Ctrl Pts',(3.68620606532889,-24.3866738778167,-11.7016971947302));
#2476=CARTESIAN_POINT('Ctrl Pts',(4.38047226621634,-24.2233632760893,-11.7079571246448));
#2477=CARTESIAN_POINT('Ctrl Pts',(5.1085246365384,-23.2790357251205,-12.0490108106127));
#2478=CARTESIAN_POINT('Ctrl Pts',(4.86299130071934,-22.1589991259707,-12.4462669287477));
#2479=CARTESIAN_POINT('Ctrl Pts',(4.15697909238936,-21.5946853561883,-12.6374851000106));
#2480=CARTESIAN_POINT('Ctrl Pts',(3.70378913855102,-21.4937446963117,-12.6848078300664));
#2481=CARTESIAN_POINT('Ctrl Pts',(3.47556941248054,-21.4952756847757,-12.6958977382992));
#2482=CARTESIAN_POINT('',(-3.47556941248054,-21.4952756847757,-12.6958977382992));
#2483=CARTESIAN_POINT('Ctrl Pts',(3.47556941248054,-21.4952756847757,-12.6958977382992));
#2484=CARTESIAN_POINT('Ctrl Pts',(2.4564713270449,-21.5021121990392,-12.7454188925058));
#2485=CARTESIAN_POINT('Ctrl Pts',(0.78969467315953,-21.508787429252,-12.7829359270054));
#2486=CARTESIAN_POINT('Ctrl Pts',(-1.43562333150549,-21.5064783535256,-12.7705003306445));
#2487=CARTESIAN_POINT('Ctrl Pts',(-2.79617068885677,-21.4998333609514,-12.7289118411036));
#2488=CARTESIAN_POINT('Ctrl Pts',(-3.47556941248054,-21.4952756847758,-12.6958977382992));
#2489=CARTESIAN_POINT('Ctrl Pts',(-3.47556941248054,-21.4952756847757,-12.6958977382992));
#2490=CARTESIAN_POINT('Ctrl Pts',(-3.70437835297377,-21.4937407436276,-12.6847791983));
#2491=CARTESIAN_POINT('Ctrl Pts',(-4.15939829361667,-21.5952728439946,-12.6381487548529));
#2492=CARTESIAN_POINT('Ctrl Pts',(-4.68601908792509,-22.0181309295526,-12.4929446333141));
#2493=CARTESIAN_POINT('Ctrl Pts',(-5.05844063648194,-22.8076071936043,-12.2204421258153));
#2494=CARTESIAN_POINT('Ctrl Pts',(-4.85402738617138,-23.7020906646522,-11.8900375402499));
#2495=CARTESIAN_POINT('Ctrl Pts',(-4.1414037927689,-24.2791172390246,-11.7061962343079));
#2496=CARTESIAN_POINT('Ctrl Pts',(-3.68609940116928,-24.386674388872,-11.7017067166684));
#2497=CARTESIAN_POINT('Ctrl Pts',(-3.45873605712174,-24.387763744914,-11.722003503706));
#2498=CARTESIAN_POINT('Ctrl Pts',(5.39677702274338,-24.166114131785,-12.1539066253941));
#2499=CARTESIAN_POINT('Ctrl Pts',(7.65415074990562E-7,-25.8241471995388,
-12.1539066253941));
#2500=CARTESIAN_POINT('Ctrl Pts',(-5.39677562394335,-24.1661145615334,-12.1539066253941));
#2501=CARTESIAN_POINT('Ctrl Pts',(4.92267876502846,-22.622959009829,-12.9344440507793));
#2502=CARTESIAN_POINT('Ctrl Pts',(6.98174585195843E-7,-24.1353365158757,
-12.9344440507793));
#2503=CARTESIAN_POINT('Ctrl Pts',(-4.92267748911078,-22.6229594018248,-12.9344440507793));
#2504=CARTESIAN_POINT('Ctrl Pts',(4.40518045824195,-20.9385399052953,-13.2665032978561));
#2505=CARTESIAN_POINT('Ctrl Pts',(6.24778745725817E-7,-22.2919282032382,
-13.2665032978561));
#2506=CARTESIAN_POINT('Ctrl Pts',(-4.40517931645554,-20.9385402560824,-13.2665032978561));
#2507=CARTESIAN_POINT('',(-3.49999999999998,-24.599978049498,-12.1728497923101));
#2508=CARTESIAN_POINT('',(3.49999999999998,-24.599978049498,-12.1728497923101));
#2509=CARTESIAN_POINT('Ctrl Pts',(-3.49999999999998,-24.599978049498,-12.1728497923101));
#2510=CARTESIAN_POINT('Ctrl Pts',(-2.47415217584798,-24.599978049498,-12.2667410521198));
#2511=CARTESIAN_POINT('Ctrl Pts',(-0.794089069082239,-24.599978049498,-12.3451774899723));
#2512=CARTESIAN_POINT('Ctrl Pts',(1.44425455566025,-24.599978049498,-12.3187322067282));
#2513=CARTESIAN_POINT('Ctrl Pts',(2.81610145056531,-24.599978049498,-12.2354439655166));
#2514=CARTESIAN_POINT('Ctrl Pts',(3.49999999999998,-24.599978049498,-12.1728497923101));
#2515=CARTESIAN_POINT('',(-3.49999999999998,-21.599978049498,-13.1842014974646));
#2516=CARTESIAN_POINT('Ctrl Pts',(-3.49999999999998,-21.599978049498,-13.1842014974646));
#2517=CARTESIAN_POINT('Ctrl Pts',(-3.73077796287174,-21.599978049498,-13.1726553213116));
#2518=CARTESIAN_POINT('Ctrl Pts',(-4.19070403127622,-21.7086984620074,-13.1242313992703));
#2519=CARTESIAN_POINT('Ctrl Pts',(-4.72633016160439,-22.1511643292191,-12.9734425038262));
#2520=CARTESIAN_POINT('Ctrl Pts',(-5.10984393266933,-22.9720354583479,-12.6904591306543));
#2521=CARTESIAN_POINT('Ctrl Pts',(-4.90969739617685,-23.8971120907205,-12.3473466764134));
#2522=CARTESIAN_POINT('Ctrl Pts',(-4.1910399754825,-24.4908656436592,-12.156434551012));
#2523=CARTESIAN_POINT('Ctrl Pts',(-3.73029021562277,-24.599978049498,-12.1517723596172));
#2524=CARTESIAN_POINT('Ctrl Pts',(-3.49999999999998,-24.599978049498,-12.1728497923101));
#2525=CARTESIAN_POINT('',(3.49999999999998,-21.599978049498,-13.1842014974646));
#2526=CARTESIAN_POINT('Ctrl Pts',(3.49999999999998,-21.599978049498,-13.1842014974646));
#2527=CARTESIAN_POINT('Ctrl Pts',(2.47213203462954,-21.599978049498,-13.2356273114483));
#2528=CARTESIAN_POINT('Ctrl Pts',(0.794420762553508,-21.599978049498,-13.2745873088133));
#2529=CARTESIAN_POINT('Ctrl Pts',(-1.44435889625854,-21.599978049498,-13.2616734202846));
#2530=CARTESIAN_POINT('Ctrl Pts',(-2.81475468975302,-21.599978049498,-13.2184853734537));
#2531=CARTESIAN_POINT('Ctrl Pts',(-3.49999999999998,-21.599978049498,-13.1842014974646));
#2532=CARTESIAN_POINT('Ctrl Pts',(3.49999999999998,-24.599978049498,-12.1728497923101));
#2533=CARTESIAN_POINT('Ctrl Pts',(3.730398252881,-24.599978049498,-12.1517624714506));
#2534=CARTESIAN_POINT('Ctrl Pts',(4.4330750943524,-24.4342712840348,-12.1582631679003));
#2535=CARTESIAN_POINT('Ctrl Pts',(5.16467699192661,-23.4606237690533,-12.5124343033286));
#2536=CARTESIAN_POINT('Ctrl Pts',(4.90636753857413,-22.2986026952627,-12.9249695029303));
#2537=CARTESIAN_POINT('Ctrl Pts',(4.18823494930749,-21.7080552614401,-13.1235422192418));
#2538=CARTESIAN_POINT('Ctrl Pts',(3.73018367794614,-21.599978049498,-13.1726850542997));
#2539=CARTESIAN_POINT('Ctrl Pts',(3.49999999999998,-21.599978049498,-13.1842014974646));
#2540=CARTESIAN_POINT('Ctrl Pts',(-12.5,6.60000000000001,13.5));
#2541=CARTESIAN_POINT('Ctrl Pts',(-12.5,8.85955667731007,13.5));
#2542=CARTESIAN_POINT('Ctrl Pts',(-11.7089526963142,10.9761200572512,13.5));
#2543=CARTESIAN_POINT('Ctrl Pts',(-26.,6.60000000000001,13.5));
#2544=CARTESIAN_POINT('Ctrl Pts',(-26.,11.2998778888049,13.5));
#2545=CARTESIAN_POINT('Ctrl Pts',(-24.3546216083335,15.7023297190825,13.5));
#2546=CARTESIAN_POINT('Ctrl Pts',(-26.,6.60000000000001,4.49640324973188E-15));
#2547=CARTESIAN_POINT('Ctrl Pts',(-26.,11.2998778888049,4.49640324973188E-15));
#2548=CARTESIAN_POINT('Ctrl Pts',(-24.3546216083335,15.7023297190825,4.49640324973188E-15));
#2549=CARTESIAN_POINT('Ctrl Pts',(-26.,6.60000000000001,-13.5));
#2550=CARTESIAN_POINT('Ctrl Pts',(-26.,11.2998778888049,-13.5));
#2551=CARTESIAN_POINT('Ctrl Pts',(-24.3546216083335,15.7023297190825,-13.5));
#2552=CARTESIAN_POINT('Ctrl Pts',(-12.5,6.60000000000001,-13.5));
#2553=CARTESIAN_POINT('Ctrl Pts',(-12.5,8.85955667731007,-13.5));
#2554=CARTESIAN_POINT('Ctrl Pts',(-11.7089526963142,10.9761200572512,-13.5));
#2555=CARTESIAN_POINT('',(-12.5,6.60000000000001,-13.5));
#2556=CARTESIAN_POINT('Origin',(1.77635683940025E-14,6.60000000000001,-13.5));
#2557=CARTESIAN_POINT('Origin',(-12.5,6.60000000000001,0.));
#2558=CARTESIAN_POINT('Ctrl Pts',(11.7091950246433,10.9754716174103,13.5));
#2559=CARTESIAN_POINT('Ctrl Pts',(12.4999999999958,8.85919924896084,13.5));
#2560=CARTESIAN_POINT('Ctrl Pts',(12.4999999999958,6.60000000000001,13.5));
#2561=CARTESIAN_POINT('Ctrl Pts',(24.3551256512643,15.7009809642158,13.5000000000042));
#2562=CARTESIAN_POINT('Ctrl Pts',(25.9999999999979,11.2991344378397,13.5000000000042));
#2563=CARTESIAN_POINT('Ctrl Pts',(25.9999999999979,6.60000000000001,13.5000000000042));
#2564=CARTESIAN_POINT('Ctrl Pts',(24.3551256512663,15.7009809642166,2.11181072629074E-12));
#2565=CARTESIAN_POINT('Ctrl Pts',(26.,11.2991344378401,2.11181072629074E-12));
#2566=CARTESIAN_POINT('Ctrl Pts',(26.,6.60000000000001,2.11181072629074E-12));
#2567=CARTESIAN_POINT('Ctrl Pts',(24.3551256512682,15.7009809642173,-13.5));
#2568=CARTESIAN_POINT('Ctrl Pts',(26.0000000000021,11.2991344378405,-13.5));
#2569=CARTESIAN_POINT('Ctrl Pts',(26.0000000000021,6.60000000000001,-13.5));
#2570=CARTESIAN_POINT('Ctrl Pts',(11.7091950246472,10.9754716174118,-13.5));
#2571=CARTESIAN_POINT('Ctrl Pts',(12.5,8.8591992489616,-13.5));
#2572=CARTESIAN_POINT('Ctrl Pts',(12.5,6.60000000000001,-13.5));
#2573=CARTESIAN_POINT('',(12.5,6.60000000000002,-13.5));
#2574=CARTESIAN_POINT('Origin',(12.5,6.60000000000002,0.));
#2575=CARTESIAN_POINT('Origin',(1.77635683940025E-14,6.60000000000001,-13.5));
#2576=CARTESIAN_POINT('Origin',(0.,9.87281199241695,12.0980401715583));
#2577=CARTESIAN_POINT('',(0.,9.75435875596437,12.5));
#2578=CARTESIAN_POINT('Origin',(0.,-4.44089209850063E-15,12.5));
#2579=CARTESIAN_POINT('',(12.5,-6.60000000000004,12.5));
#2580=CARTESIAN_POINT('',(12.5,-3.30000000000001,12.5));
#2581=CARTESIAN_POINT('',(-12.4999999999999,-6.60000000000002,12.5));
#2582=CARTESIAN_POINT('Origin',(4.88498130835069E-14,-6.60000000000005,
12.5));
#2583=CARTESIAN_POINT('',(-12.5,3.3,12.5));
#2584=CARTESIAN_POINT('Ctrl Pts',(12.5,-6.60000000000005,12.5));
#2585=CARTESIAN_POINT('Ctrl Pts',(12.5,-19.1,12.5));
#2586=CARTESIAN_POINT('Ctrl Pts',(4.88498130835069E-14,-19.1,12.5));
#2587=CARTESIAN_POINT('Ctrl Pts',(-12.4999999999999,-19.1,12.5));
#2588=CARTESIAN_POINT('Ctrl Pts',(-12.4999999999999,-6.60000000000005,12.5));
#2589=CARTESIAN_POINT('Ctrl Pts',(25.,-6.60000000000005,12.5));
#2590=CARTESIAN_POINT('Ctrl Pts',(25.,-31.6,12.5));
#2591=CARTESIAN_POINT('Ctrl Pts',(4.88498130835069E-14,-31.6,12.5));
#2592=CARTESIAN_POINT('Ctrl Pts',(-24.9999999999999,-31.6,12.5));
#2593=CARTESIAN_POINT('Ctrl Pts',(-24.9999999999999,-6.60000000000005,12.5));
#2594=CARTESIAN_POINT('Ctrl Pts',(25.,-6.60000000000005,0.));
#2595=CARTESIAN_POINT('Ctrl Pts',(25.,-31.6,0.));
#2596=CARTESIAN_POINT('Ctrl Pts',(4.88498130835069E-14,-31.6,0.));
#2597=CARTESIAN_POINT('Ctrl Pts',(-24.9999999999999,-31.6,0.));
#2598=CARTESIAN_POINT('Ctrl Pts',(-24.9999999999999,-6.60000000000005,0.));
#2599=CARTESIAN_POINT('Ctrl Pts',(25.,-6.60000000000005,-12.5));
#2600=CARTESIAN_POINT('Ctrl Pts',(25.,-31.6,-12.5));
#2601=CARTESIAN_POINT('Ctrl Pts',(4.88498130835069E-14,-31.6,-12.5));
#2602=CARTESIAN_POINT('Ctrl Pts',(-24.9999999999999,-31.6,-12.5));
#2603=CARTESIAN_POINT('Ctrl Pts',(-24.9999999999999,-6.60000000000005,-12.5));
#2604=CARTESIAN_POINT('Ctrl Pts',(12.5,-6.60000000000005,-12.5));
#2605=CARTESIAN_POINT('Ctrl Pts',(12.5,-19.1,-12.5));
#2606=CARTESIAN_POINT('Ctrl Pts',(4.88498130835069E-14,-19.1,-12.5));
#2607=CARTESIAN_POINT('Ctrl Pts',(-12.4999999999999,-19.1,-12.5));
#2608=CARTESIAN_POINT('Ctrl Pts',(-12.4999999999999,-6.60000000000005,-12.5));
#2609=CARTESIAN_POINT('Origin',(12.5,-6.60000000000004,0.));
#2610=CARTESIAN_POINT('Origin',(-12.4999999999999,-6.60000000000002,0.));
#2611=CARTESIAN_POINT('Origin',(-12.5,3.3,0.));
#2612=CARTESIAN_POINT('Origin',(12.5,-3.30000000000001,0.));
#2613=CARTESIAN_POINT('Origin',(0.,-4.44089209850063E-15,-13.5));
#2614=CARTESIAN_POINT('',(12.5,-3.30000000000001,-13.5));
#2615=CARTESIAN_POINT('',(-12.5,3.3,-13.5));
#2616=CARTESIAN_POINT('Origin',(-12.5,3.3,0.));
#2617=CARTESIAN_POINT('Origin',(12.5,-3.30000000000001,0.));
#2618=CARTESIAN_POINT('Ctrl Pts',(-3.45873605712174,-24.387763744914,-11.722003503706));
#2619=CARTESIAN_POINT('Ctrl Pts',(-3.47249070474782,-24.458501846442,-11.8722855999074));
#2620=CARTESIAN_POINT('Ctrl Pts',(-3.4862453523739,-24.52923994797,-12.0225676961087));
#2621=CARTESIAN_POINT('Ctrl Pts',(-3.49999999999998,-24.599978049498,-12.1728497923101));
#2622=CARTESIAN_POINT('Ctrl Pts',(-2.44592623733704,-24.3926163762881,-11.8124173094487));
#2623=CARTESIAN_POINT('Ctrl Pts',(-2.45531393408572,-24.4617170937926,-11.9638620786111));
#2624=CARTESIAN_POINT('Ctrl Pts',(-2.46476447909929,-24.5308773319935,-12.1152962829574));
#2625=CARTESIAN_POINT('Ctrl Pts',(-2.47415217584798,-24.599978049498,-12.2667410521198));
#2626=CARTESIAN_POINT('Ctrl Pts',(-0.78520417720837,-24.3972443843996,-11.8879486940474));
#2627=CARTESIAN_POINT('Ctrl Pts',(-0.788161114074616,-24.4648222294946,
-12.0403584269973));
#2628=CARTESIAN_POINT('Ctrl Pts',(-0.791132132215993,-24.5324002044031,
-12.1927677570224));
#2629=CARTESIAN_POINT('Ctrl Pts',(-0.794089069082239,-24.599978049498,-12.3451774899723));
#2630=CARTESIAN_POINT('Ctrl Pts',(1.42801350045766,-24.395650982162,-11.8624828657383));
#2631=CARTESIAN_POINT('Ctrl Pts',(1.43343323069509,-24.4637536951793,-12.0145671048489));
#2632=CARTESIAN_POINT('Ctrl Pts',(1.43883482542282,-24.5318753364808,-12.1666479676176));
#2633=CARTESIAN_POINT('Ctrl Pts',(1.44425455566025,-24.599978049498,-12.3187322067282));
#2634=CARTESIAN_POINT('Ctrl Pts',(2.78352951059861,-24.3909988324967,-11.7822793742011));
#2635=CARTESIAN_POINT('Ctrl Pts',(2.79440848841114,-24.4606520938627,-11.933336850673));
#2636=CARTESIAN_POINT('Ctrl Pts',(2.80522247275278,-24.530324788132,-12.0843864890447));
#2637=CARTESIAN_POINT('Ctrl Pts',(2.81610145056531,-24.599978049498,-12.2354439655166));
#2638=CARTESIAN_POINT('Ctrl Pts',(3.45873605712175,-24.387763744914,-11.722003503706));
#2639=CARTESIAN_POINT('Ctrl Pts',(3.47249070474783,-24.458501846442,-11.8722855999074));
#2640=CARTESIAN_POINT('Ctrl Pts',(3.4862453523739,-24.52923994797,-12.0225676961087));
#2641=CARTESIAN_POINT('Ctrl Pts',(3.49999999999998,-24.599978049498,-12.1728497923101));
#2642=CARTESIAN_POINT('',(-3.49999999999998,-24.599978049498,-12.1728497923101));
#2643=CARTESIAN_POINT('',(3.49999999999998,-24.599978049498,-12.1728497923101));
#2644=CARTESIAN_POINT('Ctrl Pts',(3.45873605712175,-24.387763744914,-11.722003503706));
#2645=CARTESIAN_POINT('Ctrl Pts',(3.47249070474783,-24.458501846442,-11.8722855999074));
#2646=CARTESIAN_POINT('Ctrl Pts',(3.4862453523739,-24.52923994797,-12.0225676961087));
#2647=CARTESIAN_POINT('Ctrl Pts',(3.49999999999998,-24.599978049498,-12.1728497923101));
#2648=CARTESIAN_POINT('Ctrl Pts',(3.68620606532889,-24.3866738778167,-11.7016971947302));
#2649=CARTESIAN_POINT('Ctrl Pts',(3.70091083963631,-24.4577930863019,-11.851723153854));
#2650=CARTESIAN_POINT('Ctrl Pts',(3.71569347857358,-24.5288588410128,-12.0017365123267));
#2651=CARTESIAN_POINT('Ctrl Pts',(3.730398252881,-24.599978049498,-12.1517624714506));
#2652=CARTESIAN_POINT('Ctrl Pts',(4.38047226621634,-24.2233632760893,-11.7079571246448));
#2653=CARTESIAN_POINT('Ctrl Pts',(4.39801647348339,-24.2936573085176,-11.8580558034732));
#2654=CARTESIAN_POINT('Ctrl Pts',(4.41553088708535,-24.3639772516064,-12.0081644890718));
#2655=CARTESIAN_POINT('Ctrl Pts',(4.4330750943524,-24.4342712840348,-12.1582631679003));
#2656=CARTESIAN_POINT('Ctrl Pts',(5.1085246365384,-23.2790357251205,-12.0490108106127));
#2657=CARTESIAN_POINT('Ctrl Pts',(5.1272269451026,-23.3395701351049,-12.2034821093153));
#2658=CARTESIAN_POINT('Ctrl Pts',(5.14597468336241,-23.400089359069,-12.357963004626));
#2659=CARTESIAN_POINT('Ctrl Pts',(5.16467699192661,-23.4606237690533,-12.5124343033286));
#2660=CARTESIAN_POINT('Ctrl Pts',(4.86299130071934,-22.1589991259707,-12.4462669287477));
#2661=CARTESIAN_POINT('Ctrl Pts',(4.87745473527717,-22.2055352142211,-12.6058415765667));
#2662=CARTESIAN_POINT('Ctrl Pts',(4.8919041040163,-22.2520666070123,-12.7653948551112));
#2663=CARTESIAN_POINT('Ctrl Pts',(4.90636753857413,-22.2986026952627,-12.9249695029303));
#2664=CARTESIAN_POINT('Ctrl Pts',(4.15697909238936,-21.5946853561883,-12.6374851000106));
#2665=CARTESIAN_POINT('Ctrl Pts',(4.16739528105724,-21.6324731229872,-12.7995005909797));
#2666=CARTESIAN_POINT('Ctrl Pts',(4.17781876063961,-21.6702674946413,-12.9615267282727));
#2667=CARTESIAN_POINT('Ctrl Pts',(4.18823494930749,-21.7080552614401,-13.1235422192418));
#2668=CARTESIAN_POINT('Ctrl Pts',(3.70378913855102,-21.4937446963117,-12.6848078300664));
#2669=CARTESIAN_POINT('Ctrl Pts',(3.7125920563033,-21.5291614953984,-12.8474405581871));
#2670=CARTESIAN_POINT('Ctrl Pts',(3.72138076019386,-21.5645612504114,-13.010052326179));
#2671=CARTESIAN_POINT('Ctrl Pts',(3.73018367794614,-21.599978049498,-13.1726850542997));
#2672=CARTESIAN_POINT('Ctrl Pts',(3.47556941248054,-21.4952756847757,-12.6958977382992));
#2673=CARTESIAN_POINT('Ctrl Pts',(3.48371294165369,-21.5301764730165,-12.858665658021));
#2674=CARTESIAN_POINT('Ctrl Pts',(3.49185647082684,-21.5650772612573,-13.0214335777428));
#2675=CARTESIAN_POINT('Ctrl Pts',(3.49999999999998,-21.599978049498,-13.1842014974646));
#2676=CARTESIAN_POINT('',(3.49999999999998,-21.599978049498,-13.1842014974646));
#2677=CARTESIAN_POINT('Ctrl Pts',(3.47556941248054,-21.4952756847757,-12.6958977382992));
#2678=CARTESIAN_POINT('Ctrl Pts',(3.48371294165369,-21.5301764730165,-12.858665658021));
#2679=CARTESIAN_POINT('Ctrl Pts',(3.49185647082684,-21.5650772612573,-13.0214335777428));
#2680=CARTESIAN_POINT('Ctrl Pts',(3.49999999999998,-21.599978049498,-13.1842014974646));
#2681=CARTESIAN_POINT('Ctrl Pts',(2.4564713270449,-21.5021121990392,-12.7454188925058));
#2682=CARTESIAN_POINT('Ctrl Pts',(2.46167782599633,-21.53470433771,-12.9088195332504));
#2683=CARTESIAN_POINT('Ctrl Pts',(2.46692553567811,-21.5673859108272,-13.0722266707038));
#2684=CARTESIAN_POINT('Ctrl Pts',(2.47213203462954,-21.599978049498,-13.2356273114483));
#2685=CARTESIAN_POINT('Ctrl Pts',(0.78969467315953,-21.508787429252,-12.7829359270054));
#2686=CARTESIAN_POINT('Ctrl Pts',(0.791268823160645,-21.5391844207901,-12.9468198432155));
#2687=CARTESIAN_POINT('Ctrl Pts',(0.792846612552392,-21.5695810579599,-13.1107033926031));
#2688=CARTESIAN_POINT('Ctrl Pts',(0.794420762553508,-21.599978049498,-13.2745873088133));
#2689=CARTESIAN_POINT('Ctrl Pts',(-1.43562333150549,-21.5064783535256,-12.7705003306445));
#2690=CARTESIAN_POINT('Ctrl Pts',(-1.43853923641413,-21.5376354396265,-12.934224008125));
#2691=CARTESIAN_POINT('Ctrl Pts',(-1.4414429913499,-21.5688209633971,-13.0979497428041));
#2692=CARTESIAN_POINT('Ctrl Pts',(-1.44435889625854,-21.599978049498,-13.2616734202846));
#2693=CARTESIAN_POINT('Ctrl Pts',(-2.79617068885677,-21.4998333609514,-12.7289118411036));
#2694=CARTESIAN_POINT('Ctrl Pts',(-2.80237448875768,-21.533205829124,-12.8921036470471));
#2695=CARTESIAN_POINT('Ctrl Pts',(-2.80855088985211,-21.5666055813255,-13.0552935675102));
#2696=CARTESIAN_POINT('Ctrl Pts',(-2.81475468975302,-21.599978049498,-13.2184853734537));
#2697=CARTESIAN_POINT('Ctrl Pts',(-3.47556941248054,-21.4952756847758,-12.6958977382992));
#2698=CARTESIAN_POINT('Ctrl Pts',(-3.48371294165368,-21.5301764730165,-12.858665658021));
#2699=CARTESIAN_POINT('Ctrl Pts',(-3.49185647082683,-21.5650772612573,-13.0214335777428));
#2700=CARTESIAN_POINT('Ctrl Pts',(-3.49999999999998,-21.599978049498,-13.1842014974646));
#2701=CARTESIAN_POINT('',(-3.49999999999998,-21.599978049498,-13.1842014974646));
#2702=CARTESIAN_POINT('Ctrl Pts',(-3.47556941248054,-21.4952756847757,-12.6958977382992));
#2703=CARTESIAN_POINT('Ctrl Pts',(-3.48371294165368,-21.5301764730165,-12.858665658021));
#2704=CARTESIAN_POINT('Ctrl Pts',(-3.49185647082683,-21.5650772612573,-13.0214335777428));
#2705=CARTESIAN_POINT('Ctrl Pts',(-3.49999999999998,-21.599978049498,-13.1842014974646));
#2706=CARTESIAN_POINT('Ctrl Pts',(-3.70437835297377,-21.4937407436276,-12.6847791983));
#2707=CARTESIAN_POINT('Ctrl Pts',(-3.71316782058378,-21.5291456683244,-12.8474015349978));
#2708=CARTESIAN_POINT('Ctrl Pts',(-3.72198849526172,-21.5645731248013,-13.0100329846137));
#2709=CARTESIAN_POINT('Ctrl Pts',(-3.73077796287174,-21.599978049498,-13.1726553213116));
#2710=CARTESIAN_POINT('Ctrl Pts',(-4.15939829361667,-21.5952728439946,-12.6381487548529));
#2711=CARTESIAN_POINT('Ctrl Pts',(-4.16983570314,-21.6330796987595,-12.8001781345363));
#2712=CARTESIAN_POINT('Ctrl Pts',(-4.18026662175289,-21.6708916072425,-12.962202019587));
#2713=CARTESIAN_POINT('Ctrl Pts',(-4.19070403127622,-21.7086984620074,-13.1242313992703));
#2714=CARTESIAN_POINT('Ctrl Pts',(-4.68601908792509,-22.0181309295526,-12.4929446333141));
#2715=CARTESIAN_POINT('Ctrl Pts',(-4.69945165014502,-22.0624747333123,-12.6531077627942));
#2716=CARTESIAN_POINT('Ctrl Pts',(-4.71289759938446,-22.1068205254594,-12.8132793743462));
#2717=CARTESIAN_POINT('Ctrl Pts',(-4.72633016160439,-22.1511643292191,-12.9734425038262));
#2718=CARTESIAN_POINT('Ctrl Pts',(-5.05844063648194,-22.8076071936043,-12.2204421258153));
#2719=CARTESIAN_POINT('Ctrl Pts',(-5.0755760956398,-22.8624157009561,-12.3771142635714));
#2720=CARTESIAN_POINT('Ctrl Pts',(-5.09270847351147,-22.9172269509962,-12.5337869928982));
#2721=CARTESIAN_POINT('Ctrl Pts',(-5.10984393266933,-22.9720354583479,-12.6904591306543));
#2722=CARTESIAN_POINT('Ctrl Pts',(-4.85402738617138,-23.7020906646522,-11.8900375402499));
#2723=CARTESIAN_POINT('Ctrl Pts',(-4.87258643109137,-23.7670997654595,-12.0424749381057));
#2724=CARTESIAN_POINT('Ctrl Pts',(-4.89113835125686,-23.8321029899132,-12.1949092785577));
#2725=CARTESIAN_POINT('Ctrl Pts',(-4.90969739617685,-23.8971120907205,-12.3473466764134));
#2726=CARTESIAN_POINT('Ctrl Pts',(-4.1414037927689,-24.2791172390246,-11.7061962343079));
#2727=CARTESIAN_POINT('Ctrl Pts',(-4.15794610225361,-24.3497019280265,-11.8562716881614));
#2728=CARTESIAN_POINT('Ctrl Pts',(-4.17449766599779,-24.4202809546573,-12.0063590971585));
#2729=CARTESIAN_POINT('Ctrl Pts',(-4.1910399754825,-24.4908656436592,-12.156434551012));
#2730=CARTESIAN_POINT('Ctrl Pts',(-3.68609940116928,-24.386674388872,-11.7017067166684));
#2731=CARTESIAN_POINT('Ctrl Pts',(-3.70083981300402,-24.4577805309961,-11.8517306119122));
#2732=CARTESIAN_POINT('Ctrl Pts',(-3.71554980378803,-24.5288719073739,-12.0017484643734));
#2733=CARTESIAN_POINT('Ctrl Pts',(-3.73029021562277,-24.599978049498,-12.1517723596172));
#2734=CARTESIAN_POINT('Ctrl Pts',(-3.45873605712174,-24.387763744914,-11.722003503706));
#2735=CARTESIAN_POINT('Ctrl Pts',(-3.47249070474782,-24.458501846442,-11.8722855999074));
#2736=CARTESIAN_POINT('Ctrl Pts',(-3.4862453523739,-24.52923994797,-12.0225676961087));
#2737=CARTESIAN_POINT('Ctrl Pts',(-3.49999999999998,-24.599978049498,-12.1728497923101));
#2738=CARTESIAN_POINT('Ctrl Pts',(-3.45643142641034,-24.8696872909105,-11.4832892252819));
#2739=CARTESIAN_POINT('Ctrl Pts',(-3.47095428427355,-24.9464508771064,-11.6305108820163));
#2740=CARTESIAN_POINT('Ctrl Pts',(-3.48547714213676,-25.0232144633022,-11.7777325387507));
#2741=CARTESIAN_POINT('Ctrl Pts',(-3.49999999999998,-25.099978049498,-11.9249541954851));
#2742=CARTESIAN_POINT('Ctrl Pts',(-2.44468742965792,-24.8742924771887,-11.5806927185116));
#2743=CARTESIAN_POINT('Ctrl Pts',(-2.45464281291766,-24.9495021555389,-11.729167597036));
#2744=CARTESIAN_POINT('Ctrl Pts',(-2.46466527743842,-25.0247683711478,-11.8776290983914));
#2745=CARTESIAN_POINT('Ctrl Pts',(-2.47462066069816,-25.099978049498,-12.0261039769158));
#2746=CARTESIAN_POINT('Ctrl Pts',(-0.784516822237607,-24.8786739192311,
-11.6625463845487));
#2747=CARTESIAN_POINT('Ctrl Pts',(-0.787659438910092,-24.952441913568,-11.8120663501513));
#2748=CARTESIAN_POINT('Ctrl Pts',(-0.790817601794254,-25.0262100551612,
-11.9615858952748));
#2749=CARTESIAN_POINT('Ctrl Pts',(-0.793960218466739,-25.099978049498,-12.1111058608775));
#2750=CARTESIAN_POINT('Ctrl Pts',(1.42691457086612,-24.8771663398762,-11.6349275531763));
#2751=CARTESIAN_POINT('Ctrl Pts',(1.43267171463029,-24.9514309170267,-11.7840947151112));
#2752=CARTESIAN_POINT('Ctrl Pts',(1.43840953461999,-25.0257134723475,-11.9332576048252));
#2753=CARTESIAN_POINT('Ctrl Pts',(1.44416667838415,-25.099978049498,-12.0824247667601));
#2754=CARTESIAN_POINT('Ctrl Pts',(2.7819354285754,-24.872757415096,-11.548224887435));
#2755=CARTESIAN_POINT('Ctrl Pts',(2.79345178617073,-24.9484914319759,-11.6962820184681));
#2756=CARTESIAN_POINT('Ctrl Pts',(2.80489741620343,-25.0242440326181,-11.8443302520725));
#2757=CARTESIAN_POINT('Ctrl Pts',(2.81641377379877,-25.099978049498,-11.9923873831056));
#2758=CARTESIAN_POINT('Ctrl Pts',(3.45643142641034,-24.8696872909105,-11.4832892252819));
#2759=CARTESIAN_POINT('Ctrl Pts',(3.47095428427356,-24.9464508771064,-11.6305108820163));
#2760=CARTESIAN_POINT('Ctrl Pts',(3.48547714213677,-25.0232144633022,-11.7777325387507));
#2761=CARTESIAN_POINT('Ctrl Pts',(3.49999999999998,-25.099978049498,-11.9249541954851));
#2762=CARTESIAN_POINT('',(3.49999999999998,-25.099978049498,-11.9249541954851));
#2763=CARTESIAN_POINT('',(-3.49999999999998,-25.099978049498,-11.9249541954851));
#2764=CARTESIAN_POINT('Ctrl Pts',(-3.47900040220066,-21.0129798474585,-12.7900532798063));
#2765=CARTESIAN_POINT('Ctrl Pts',(-3.48600026813376,-21.0419792481383,-12.9540283218551));
#2766=CARTESIAN_POINT('Ctrl Pts',(-3.49300013406687,-21.0709786488182,-13.1180033639039));
#2767=CARTESIAN_POINT('Ctrl Pts',(-3.49999999999998,-21.099978049498,-13.2819784059527));
#2768=CARTESIAN_POINT('Ctrl Pts',(-3.78456197527967,-21.0107998899813,-12.777394813252));
#2769=CARTESIAN_POINT('Ctrl Pts',(-3.79233948180909,-21.0405165091771,-12.9412018629315));
#2770=CARTESIAN_POINT('Ctrl Pts',(-3.80015784067556,-21.0702614303022,-13.1050260256206));
#2771=CARTESIAN_POINT('Ctrl Pts',(-3.80793534720498,-21.099978049498,-13.2688330753001));
#2772=CARTESIAN_POINT('Ctrl Pts',(-4.3932076267781,-21.1462381296347,-12.7242337444628));
#2773=CARTESIAN_POINT('Ctrl Pts',(-4.40309129900276,-21.1792931371301,-12.887367443492));
#2774=CARTESIAN_POINT('Ctrl Pts',(-4.41297635336326,-21.2123583673896,-13.05049365099));
#2775=CARTESIAN_POINT('Ctrl Pts',(-4.42286002558792,-21.245413374885,-13.2136273500191));
#2776=CARTESIAN_POINT('Ctrl Pts',(-5.0973935522408,-21.713609841265,-12.5439604368673));
#2777=CARTESIAN_POINT('Ctrl Pts',(-5.11146295947017,-21.7555354495457,-12.7047770726627));
#2778=CARTESIAN_POINT('Ctrl Pts',(-5.12554515916591,-21.7974686693167,-12.8656038178745));
#2779=CARTESIAN_POINT('Ctrl Pts',(-5.13961456639527,-21.8393942775974,-13.0264204536699));
#2780=CARTESIAN_POINT('Ctrl Pts',(-5.58840100541396,-22.7712216334168,-12.1837845393467));
#2781=CARTESIAN_POINT('Ctrl Pts',(-5.6077577420194,-22.8270656764945,-12.339987619546));
#2782=CARTESIAN_POINT('Ctrl Pts',(-5.6271115878311,-22.8829171806845,-12.4961885568147));
#2783=CARTESIAN_POINT('Ctrl Pts',(-5.64646832443655,-22.9387612237622,-12.6523916370139));
#2784=CARTESIAN_POINT('Ctrl Pts',(-5.31340304811664,-23.9563640893491,-11.7246353172551));
#2785=CARTESIAN_POINT('Ctrl Pts',(-5.33475741635317,-24.0254987924781,-11.8749551436503));
#2786=CARTESIAN_POINT('Ctrl Pts',(-5.35608923887013,-24.0946306324973,-12.025263003062));
#2787=CARTESIAN_POINT('Ctrl Pts',(-5.37744360710666,-24.1637653356263,-12.1755828294572));
#2788=CARTESIAN_POINT('Ctrl Pts',(-4.36741334574418,-24.7248307278493,-11.4604489563095));
#2789=CARTESIAN_POINT('Ctrl Pts',(-4.38585552434599,-24.8013350311844,-11.6073729874291));
#2790=CARTESIAN_POINT('Ctrl Pts',(-4.40432750766348,-24.8778444708299,-11.7543114235096));
#2791=CARTESIAN_POINT('Ctrl Pts',(-4.42276968626528,-24.9543487741651,-11.9012354546291));
#2792=CARTESIAN_POINT('Ctrl Pts',(-3.75940283049332,-24.8683082466491,-11.4541213001931));
#2793=CARTESIAN_POINT('Ctrl Pts',(-3.77530399177725,-24.9455377952176,-11.6009709929384));
#2794=CARTESIAN_POINT('Ctrl Pts',(-3.79115340898594,-25.0227485009295,-11.7478147343782));
#2795=CARTESIAN_POINT('Ctrl Pts',(-3.80705457026987,-25.099978049498,-11.8946644271236));
#2796=CARTESIAN_POINT('Ctrl Pts',(-3.45643142641033,-24.8696872909105,-11.4832892252819));
#2797=CARTESIAN_POINT('Ctrl Pts',(-3.47095428427355,-24.9464508771064,-11.6305108820163));
#2798=CARTESIAN_POINT('Ctrl Pts',(-3.48547714213676,-25.0232144633022,-11.7777325387507));
#2799=CARTESIAN_POINT('Ctrl Pts',(-3.49999999999997,-25.099978049498,-11.9249541954851));
#2800=CARTESIAN_POINT('',(-3.49999999999998,-21.099978049498,-13.2819784059527));
#2801=CARTESIAN_POINT('Ctrl Pts',(3.47900040220066,-21.0129798474585,-12.7900532798063));
#2802=CARTESIAN_POINT('Ctrl Pts',(3.48600026813377,-21.0419792481383,-12.9540283218551));
#2803=CARTESIAN_POINT('Ctrl Pts',(3.49300013406688,-21.0709786488182,-13.1180033639039));
#2804=CARTESIAN_POINT('Ctrl Pts',(3.49999999999998,-21.099978049498,-13.2819784059527));
#2805=CARTESIAN_POINT('Ctrl Pts',(2.45883365005036,-21.020257988217,-12.8323156185612));
#2806=CARTESIAN_POINT('Ctrl Pts',(2.46317892599234,-21.0467989536259,-12.9968292123431));
#2807=CARTESIAN_POINT('Ctrl Pts',(2.4675627429071,-21.0734370840892,-13.1613526254931));
#2808=CARTESIAN_POINT('Ctrl Pts',(2.47190801884907,-21.099978049498,-13.3258662192751));
#2809=CARTESIAN_POINT('Ctrl Pts',(0.790593775550653,-21.0274059240065,-12.8628761085339));
#2810=CARTESIAN_POINT('Ctrl Pts',(0.791880332293537,-21.0515968157008,-13.027784904356));
#2811=CARTESIAN_POINT('Ctrl Pts',(0.793168261382368,-21.0757871578037,-13.1926933168863));
#2812=CARTESIAN_POINT('Ctrl Pts',(0.794454818125251,-21.099978049498,-13.3576021127083));
#2813=CARTESIAN_POINT('Ctrl Pts',(-1.43719145070844,-21.0249307077454,-12.8528398078405));
#2814=CARTESIAN_POINT('Ctrl Pts',(-1.43958810650493,-21.0499361889284,-13.017618767391));
#2815=CARTESIAN_POINT('Ctrl Pts',(-1.44197330970528,-21.074972568315,-13.1824008408993));
#2816=CARTESIAN_POINT('Ctrl Pts',(-1.44436996550176,-21.099978049498,-13.3471798004498));
#2817=CARTESIAN_POINT('Ctrl Pts',(-2.79888923410046,-21.0178319412975,-12.8182281723095));
#2818=CARTESIAN_POINT('Ctrl Pts',(-2.80413458666342,-21.0452042604218,-12.9825647067157));
#2819=CARTESIAN_POINT('Ctrl Pts',(-2.80935999333641,-21.0726057303737,-13.1469004137614));
#2820=CARTESIAN_POINT('Ctrl Pts',(-2.81460534589937,-21.099978049498,-13.3112369481676));
#2821=CARTESIAN_POINT('Ctrl Pts',(-3.47900040220066,-21.0129798474585,-12.7900532798063));
#2822=CARTESIAN_POINT('Ctrl Pts',(-3.48600026813376,-21.0419792481383,-12.9540283218551));
#2823=CARTESIAN_POINT('Ctrl Pts',(-3.49300013406687,-21.0709786488182,-13.1180033639039));
#2824=CARTESIAN_POINT('Ctrl Pts',(-3.49999999999998,-21.099978049498,-13.2819784059527));
#2825=CARTESIAN_POINT('',(3.49999999999998,-21.099978049498,-13.2819784059527));
#2826=CARTESIAN_POINT('Ctrl Pts',(3.45643142641034,-24.8696872909105,-11.4832892252819));
#2827=CARTESIAN_POINT('Ctrl Pts',(3.47095428427355,-24.9464508771064,-11.6305108820163));
#2828=CARTESIAN_POINT('Ctrl Pts',(3.48547714213677,-25.0232144633022,-11.7777325387507));
#2829=CARTESIAN_POINT('Ctrl Pts',(3.49999999999998,-25.099978049498,-11.9249541954851));
#2830=CARTESIAN_POINT('Ctrl Pts',(3.75948261034439,-24.8683078835127,-11.4541136195583));
#2831=CARTESIAN_POINT('Ctrl Pts',(3.77538299075405,-24.9455401761557,-11.6009627559605));
#2832=CARTESIAN_POINT('Ctrl Pts',(3.79123504490975,-25.022745756855,-11.7478073146775));
#2833=CARTESIAN_POINT('Ctrl Pts',(3.80713542531941,-25.099978049498,-11.8946564510797));
#2834=CARTESIAN_POINT('Ctrl Pts',(4.37038046242798,-24.7233943287541,-11.4607533969267));
#2835=CARTESIAN_POINT('Ctrl Pts',(4.38882926551954,-24.7998910773949,-11.6076793681515));
#2836=CARTESIAN_POINT('Ctrl Pts',(4.4073197005627,-24.8763787959168,-11.754625633276));
#2837=CARTESIAN_POINT('Ctrl Pts',(4.42576850365427,-24.9528755445577,-11.9015516045008));
#2838=CARTESIAN_POINT('Ctrl Pts',(5.31371349066947,-23.955313545116,-11.7251015202142));
#2839=CARTESIAN_POINT('Ctrl Pts',(5.33507192810793,-24.0244302241001,-11.875431654684));
#2840=CARTESIAN_POINT('Ctrl Pts',(5.35639231443902,-24.0935641837319,-12.0257368288297));
#2841=CARTESIAN_POINT('Ctrl Pts',(5.37775075187747,-24.162680862716,-12.1760669632994));
#2842=CARTESIAN_POINT('Ctrl Pts',(5.58742002667093,-22.7679609203971,-12.1848425841634));
#2843=CARTESIAN_POINT('Ctrl Pts',(5.60676360072917,-22.8237672203132,-12.3410590449331));
#2844=CARTESIAN_POINT('Ctrl Pts',(5.62609654827207,-22.8795707948442,-12.4972739150923));
#2845=CARTESIAN_POINT('Ctrl Pts',(5.64544012233031,-22.9353770947602,-12.653490375862));
#2846=CARTESIAN_POINT('Ctrl Pts',(5.09603598876613,-21.7125207353516,-12.5443840286423));
#2847=CARTESIAN_POINT('Ctrl Pts',(5.11009518287702,-21.7544255577572,-12.705206273789));
#2848=CARTESIAN_POINT('Ctrl Pts',(5.12417595525879,-21.7963501830619,-12.8660380922896));
#2849=CARTESIAN_POINT('Ctrl Pts',(5.13823514936968,-21.8382550054675,-13.0268603374363));
#2850=CARTESIAN_POINT('Ctrl Pts',(4.39121240087776,-21.145865295172,-12.7243613989851));
#2851=CARTESIAN_POINT('Ctrl Pts',(4.40109298936142,-21.1789134290467,-12.8874967550454));
#2852=CARTESIAN_POINT('Ctrl Pts',(4.41096274358026,-21.211962286005,-13.0506245582704));
#2853=CARTESIAN_POINT('Ctrl Pts',(4.42084333206392,-21.2450104198796,-13.2137599143307));
#2854=CARTESIAN_POINT('Ctrl Pts',(3.7837458926078,-21.010805712132,-12.7774286210214));
#2855=CARTESIAN_POINT('Ctrl Pts',(3.79152370937241,-21.0405243485178,-12.9412350267981));
#2856=CARTESIAN_POINT('Ctrl Pts',(3.7993351079794,-21.0702594131123,-13.1050617775917));
#2857=CARTESIAN_POINT('Ctrl Pts',(3.80711292474401,-21.099978049498,-13.2688681833684));
#2858=CARTESIAN_POINT('Ctrl Pts',(3.47900040220066,-21.0129798474585,-12.7900532798063));
#2859=CARTESIAN_POINT('Ctrl Pts',(3.48600026813377,-21.0419792481383,-12.9540283218551));
#2860=CARTESIAN_POINT('Ctrl Pts',(3.49300013406688,-21.0709786488182,-13.1180033639039));
#2861=CARTESIAN_POINT('Ctrl Pts',(3.49999999999998,-21.099978049498,-13.2819784059527));
#2862=UNCERTAINTY_MEASURE_WITH_UNIT(LENGTH_MEASURE(0.01),#2866,
'DISTANCE_ACCURACY_VALUE',
'Maximum model space distance between geometric entities at asserted c
onnectivities');
#2863=UNCERTAINTY_MEASURE_WITH_UNIT(LENGTH_MEASURE(0.01),#2866,
'DISTANCE_ACCURACY_VALUE',
'Maximum model space distance between geometric entities at asserted c
onnectivities');
#2864=(
GEOMETRIC_REPRESENTATION_CONTEXT(3)
GLOBAL_UNCERTAINTY_ASSIGNED_CONTEXT((#2862))
GLOBAL_UNIT_ASSIGNED_CONTEXT((#2866,#2868,#2869))
REPRESENTATION_CONTEXT('','3D')
);
#2865=(
GEOMETRIC_REPRESENTATION_CONTEXT(3)
GLOBAL_UNCERTAINTY_ASSIGNED_CONTEXT((#2863))
GLOBAL_UNIT_ASSIGNED_CONTEXT((#2866,#2868,#2869))
REPRESENTATION_CONTEXT('','3D')
);
#2866=(
LENGTH_UNIT()
NAMED_UNIT(*)
SI_UNIT(.MILLI.,.METRE.)
);
#2867=(
LENGTH_UNIT()
NAMED_UNIT(*)
SI_UNIT($,.METRE.)
);
#2868=(
NAMED_UNIT(*)
PLANE_ANGLE_UNIT()
SI_UNIT($,.RADIAN.)
);
#2869=(
NAMED_UNIT(*)
SI_UNIT($,.STERADIAN.)
SOLID_ANGLE_UNIT()
);
#2870=SHAPE_DEFINITION_REPRESENTATION(#2871,#2872);
#2871=PRODUCT_DEFINITION_SHAPE('',$,#2874);
#2872=SHAPE_REPRESENTATION('',(#914),#2864);
#2873=PRODUCT_DEFINITION_CONTEXT('part definition',#2878,'design');
#2874=PRODUCT_DEFINITION('Pixel Buds Pro Case',
'Pixel Buds Pro Case v17',#2875,#2873);
#2875=PRODUCT_DEFINITION_FORMATION('',$,#2880);
#2876=PRODUCT_RELATED_PRODUCT_CATEGORY('Pixel Buds Pro Case v17',
'Pixel Buds Pro Case v17',(#2880));
#2877=APPLICATION_PROTOCOL_DEFINITION('international standard',
'automotive_design',2009,#2878);
#2878=APPLICATION_CONTEXT(
'Core Data for Automotive Mechanical Design Process');
#2879=PRODUCT_CONTEXT('part definition',#2878,'mechanical');
#2880=PRODUCT('Pixel Buds Pro Case','Pixel Buds Pro Case v17',$,(#2879));
#2881=PRESENTATION_STYLE_ASSIGNMENT((#2883));
#2882=PRESENTATION_STYLE_ASSIGNMENT((#2884));
#2883=SURFACE_STYLE_USAGE(.BOTH.,#2885);
#2884=SURFACE_STYLE_USAGE(.BOTH.,#2886);
#2885=SURFACE_SIDE_STYLE('',(#2887));
#2886=SURFACE_SIDE_STYLE('',(#2888));
#2887=SURFACE_STYLE_FILL_AREA(#2889);
#2888=SURFACE_STYLE_FILL_AREA(#2890);
#2889=FILL_AREA_STYLE('Steel - Satin',(#2891));
#2890=FILL_AREA_STYLE('ABS (White)',(#2892));
#2891=FILL_AREA_STYLE_COLOUR('Steel - Satin',#2893);
#2892=FILL_AREA_STYLE_COLOUR('ABS (White)',#2894);
#2893=COLOUR_RGB('Steel - Satin',0.627450980392157,0.627450980392157,0.627450980392157);
#2894=COLOUR_RGB('ABS (White)',0.964705882352941,0.964705882352941,0.952941176470588);
ENDSEC;
END-ISO-10303-21;
