solid OpenSCAD_Model
  facet normal -0.281241 -0.196931 0.939213
    outer loop
      vertex 1.55171 1.74118 50.9319
      vertex 1.268 1.57738 50.8126
      vertex 1.35251 1.45669 50.8126
    endloop
  endfacet
  facet normal 0.852573 -0.396676 -0.340247
    outer loop
      vertex 219.673 1.03407 1.48236
      vertex 219.57 1.09369 1.15476
      vertex 219.815 1.33927 1.48236
    endloop
  endfacet
  facet normal -0.0999411 -0.142658 0.984713
    outer loop
      vertex 1.88796 1.86647 50.9924
      vertex 1.66727 1.60347 50.9319
      vertex 1.91284 1.84904 50.9924
    endloop
  endfacet
  facet normal -0.21189 -0.454443 0.865207
    outer loop
      vertex 1.57738 1.268 50.8126
      vertex 1.42642 1.00654 50.6383
      vertex 1.71091 1.20574 50.8126
    endloop
  endfacet
  facet normal 0.0151724 -0.173508 0.984715
    outer loop
      vertex 218.03 1.82834 50.9924
      vertex 218 1.48236 50.9319
      vertex 218.09 1.49023 50.9319
    endloop
  endfacet
  facet normal 0.0820488 -0.936525 -0.340866
    outer loop
      vertex 218.335 0.0974979 1.48236
      vertex 218 0.0681486 1.48236
      vertex 218 0.187385 1.15476
    endloop
  endfacet
  facet normal 0.980813 0.0877135 0.174106
    outer loop
      vertex 219.962 6.34597 49.1743
      vertex 219.902 6.33546 49.5176
      vertex 219.932 6 49.5176
    endloop
  endfacet
  facet normal -0.892637 -0.416254 -0.173009
    outer loop
      vertex 0.274541 1.00381 1.82569
      vertex 0.127767 1.31856 1.82569
      vertex 0.184653 1.33927 1.48236
    endloop
  endfacet
  facet normal -0.612997 -0.612997 0.498468
    outer loop
      vertex 0.834873 0.611456 49.8452
      vertex 0.744987 0.946918 50.1472
      vertex 0.611456 0.834873 49.8452
    endloop
  endfacet
  facet normal -0.612997 -0.612997 0.498468
    outer loop
      vertex 0.744987 0.946918 50.1472
      vertex 0.834873 0.611456 49.8452
      vertex 0.946918 0.744987 50.1472
    endloop
  endfacet
  facet normal -0.145085 -0.311174 0.939213
    outer loop
      vertex 1.74118 1.55171 50.9319
      vertex 1.57738 1.268 50.8126
      vertex 1.82296 1.51358 50.9319
    endloop
  endfacet
  facet normal 0.19871 -0.741236 0.641158
    outer loop
      vertex 218.484 0.671075 50.4142
      vertex 218.246 0.607272 50.4142
      vertex 218.56 0.460498 50.1472
    endloop
  endfacet
  facet normal -0.527731 0.369527 0.76482
    outer loop
      vertex 0.91665 6.90904 50.4142
      vertex 0.775255 6.70711 50.4142
      vertex 1.12123 6.73738 50.6383
    endloop
  endfacet
  facet normal 0.981497 -0.0851082 -0.171525
    outer loop
      vertex 219.962 1.65403 1.82569
      vertex 219.932 2 1.48236
      vertex 219.992 2 1.82569
    endloop
  endfacet
  facet normal 0.166754 -0.622032 0.765029
    outer loop
      vertex 218.392 0.922029 50.6383
      vertex 218.246 0.607272 50.4142
      vertex 218.484 0.671075 50.4142
    endloop
  endfacet
  facet normal -0.41073 -0.287603 0.865209
    outer loop
      vertex 1.268 1.57738 50.8126
      vertex 1.00654 1.42642 50.6383
      vertex 1.35251 1.45669 50.8126
    endloop
  endfacet
  facet normal 0.770442 -0.539064 -0.340337
    outer loop
      vertex 219.673 1.03407 1.48236
      vertex 219.48 0.75823 1.48236
      vertex 219.57 1.09369 1.15476
    endloop
  endfacet
  facet normal 0.254365 -0.95144 0.173379
    outer loop
      vertex 218.661 0.184653 49.5176
      vertex 218.335 0.0974979 49.5176
      vertex 218.346 0.0378799 49.1743
    endloop
  endfacet
  facet normal -0.64179 -0.0561505 0.764822
    outer loop
      vertex 0.870275 1.8008 50.6383
      vertex 0.585787 2 50.4142
      vertex 0.607272 1.75443 50.4142
    endloop
  endfacet
  facet normal -0.695303 -0.324223 0.641431
    outer loop
      vertex 0.775255 1.29289 50.4142
      vertex 0.460498 1.43967 50.1472
      vertex 0.581187 1.18085 50.1472
    endloop
  endfacet
  facet normal -0.852032 -0.397303 0.340869
    outer loop
      vertex 0.296699 1.38005 49.8452
      vertex 0.184653 1.33927 49.5176
      vertex 0.430229 1.09369 49.8452
    endloop
  endfacet
  facet normal -0.819156 -0.57357 0
    outer loop
      vertex 0.473742 0.719317 1.82569
      vertex 0.274541 1.00381 49.1743
      vertex 0.274541 1.00381 1.82569
    endloop
  endfacet
  facet normal -0.819156 -0.57357 0
    outer loop
      vertex 0.274541 1.00381 49.1743
      vertex 0.473742 0.719317 1.82569
      vertex 0.473742 0.719317 49.1743
    endloop
  endfacet
  facet normal 1 -0 0
    outer loop
      vertex 219.992 2 49.1743
      vertex 219.992 6 49
      vertex 219.992 6 49.1743
    endloop
  endfacet
  facet normal 1 0 0
    outer loop
      vertex 219.992 6 49
      vertex 219.992 2 49.1743
      vertex 219.992 6 6
    endloop
  endfacet
  facet normal 1 0 0
    outer loop
      vertex 219.992 2 1.82569
      vertex 219.992 6 6
      vertex 219.992 2 49.1743
    endloop
  endfacet
  facet normal 1 -0 0
    outer loop
      vertex 219.992 6 4.17431
      vertex 219.992 24 1.82569
      vertex 219.992 24 4.17431
    endloop
  endfacet
  facet normal 1 0 0
    outer loop
      vertex 219.992 6 4.17431
      vertex 219.992 2 1.82569
      vertex 219.992 24 1.82569
    endloop
  endfacet
  facet normal 1 0 0
    outer loop
      vertex 219.992 6 6
      vertex 219.992 2 1.82569
      vertex 219.992 6 4.17431
    endloop
  endfacet
  facet normal -0.416252 0.892636 0.173017
    outer loop
      vertex 1.33927 7.81535 49.5176
      vertex 1.00381 7.72546 49.1743
      vertex 1.03407 7.67303 49.5176
    endloop
  endfacet
  facet normal -0.564936 0.806792 0.173012
    outer loop
      vertex 1.00381 7.72546 49.1743
      vertex 0.75823 7.47988 49.5176
      vertex 1.03407 7.67303 49.5176
    endloop
  endfacet
  facet normal -0.397315 0.852027 0.340868
    outer loop
      vertex 1.33927 7.81535 49.5176
      vertex 1.03407 7.67303 49.5176
      vertex 1.09369 7.56977 49.8452
    endloop
  endfacet
  facet normal -0.41624 -0.892643 0.173009
    outer loop
      vertex 1.03407 0.326968 49.5176
      vertex 1.00381 0.274541 49.1743
      vertex 1.33927 0.184653 49.5176
    endloop
  endfacet
  facet normal 0.0560467 -0.641727 0.764883
    outer loop
      vertex 218.199 0.870275 50.6383
      vertex 218 0.585787 50.4142
      vertex 218.246 0.607272 50.4142
    endloop
  endfacet
  facet normal 0.862677 -0.0758091 -0.500041
    outer loop
      vertex 219.813 2 1.15476
      vertex 219.613 1.71551 0.852848
      vertex 219.638 2 0.852848
    endloop
  endfacet
  facet normal 0.129886 -0.484368 0.865169
    outer loop
      vertex 218.289 1.20574 50.8126
      vertex 218.199 0.870275 50.6383
      vertex 218.392 0.922029 50.6383
    endloop
  endfacet
  facet normal -0.0151921 -0.173522 0.984713
    outer loop
      vertex 1.96973 1.82834 50.9924
      vertex 1.91011 1.49023 50.9319
      vertex 2 1.48236 50.9319
    endloop
  endfacet
  facet normal -0.287588 -0.410733 0.865212
    outer loop
      vertex 1.45669 1.35251 50.8126
      vertex 1.26262 1.12123 50.6383
      vertex 1.42642 1.00654 50.6383
    endloop
  endfacet
  facet normal -0.0450794 -0.168251 0.984713
    outer loop
      vertex 1.96973 1.82834 50.9924
      vertex 1.82296 1.51358 50.9319
      vertex 1.91011 1.49023 50.9319
    endloop
  endfacet
  facet normal -0.499981 0 0.866037
    outer loop
      vertex 0.852848 6 50.6383
      vertex 1.15476 2 50.8126
      vertex 1.15476 6 50.8126
    endloop
  endfacet
  facet normal -0.499981 0 0.866037
    outer loop
      vertex 1.15476 2 50.8126
      vertex 0.852848 6 50.6383
      vertex 0.852848 2 50.6383
    endloop
  endfacet
  facet normal -0.785686 -0.366366 0.498471
    outer loop
      vertex 0.581187 1.18085 50.1472
      vertex 0.296699 1.38005 49.8452
      vertex 0.430229 1.09369 49.8452
    endloop
  endfacet
  facet normal -0.34202 0 -0.939693
    outer loop
      vertex 1.15476 2 0.187385
      vertex 1.48236 24 0.0681486
      vertex 1.48236 2 0.0681486
    endloop
  endfacet
  facet normal -0.34202 0 -0.939693
    outer loop
      vertex 1.48236 24 0.0681486
      vertex 1.15476 2 0.187385
      vertex 1.15476 24 0.187385
    endloop
  endfacet
  facet normal -0.806802 -0.56492 0.173019
    outer loop
      vertex 0.520116 0.75823 49.5176
      vertex 0.274541 1.00381 49.1743
      vertex 0.473742 0.719317 49.1743
    endloop
  endfacet
  facet normal -0.806796 -0.564933 0.173005
    outer loop
      vertex 0.326968 1.03407 49.5176
      vertex 0.274541 1.00381 49.1743
      vertex 0.520116 0.75823 49.5176
    endloop
  endfacet
  facet normal 0.0871487 -0.996195 0
    outer loop
      vertex 218 0.00761127 1.82569
      vertex 218.346 0.0378799 49.1743
      vertex 218 0.00761127 49.1743
    endloop
  endfacet
  facet normal 0.0871487 -0.996195 0
    outer loop
      vertex 218.346 0.0378799 49.1743
      vertex 218 0.00761127 1.82569
      vertex 218.346 0.0378799 1.82569
    endloop
  endfacet
  facet normal 0.36675 -0.78552 -0.498449
    outer loop
      vertex 218.906 0.430229 1.15476
      vertex 218.62 0.296699 1.15476
      vertex 218.819 0.581187 0.852848
    endloop
  endfacet
  facet normal 0.0858346 -0.981174 -0.173005
    outer loop
      vertex 218.346 0.0378799 1.82569
      vertex 218 0.00761127 1.82569
      vertex 218 0.0681486 1.48236
    endloop
  endfacet
  facet normal 0 -0.499981 0.866037
    outer loop
      vertex 2 1.15476 50.8126
      vertex 218 0.852848 50.6383
      vertex 218 1.15476 50.8126
    endloop
  endfacet
  facet normal 0 -0.499981 0.866037
    outer loop
      vertex 218 0.852848 50.6383
      vertex 2 1.15476 50.8126
      vertex 2 0.852848 50.6383
    endloop
  endfacet
  facet normal -0.281224 -0.196944 0.939216
    outer loop
      vertex 1.55171 1.74118 50.9319
      vertex 1.35251 1.45669 50.8126
      vertex 1.60347 1.66727 50.9319
    endloop
  endfacet
  facet normal 0.0436675 -0.499543 0.865188
    outer loop
      vertex 218.147 1.16761 50.8126
      vertex 218 1.15476 50.8126
      vertex 218.199 0.870275 50.6383
    endloop
  endfacet
  facet normal 0 -0.173645 -0.984808
    outer loop
      vertex 2 1.48236 0.0681486
      vertex 218 1.82569 0.00761127
      vertex 218 1.48236 0.0681486
    endloop
  endfacet
  facet normal -0 -0.173645 -0.984808
    outer loop
      vertex 218 1.82569 0.00761127
      vertex 2 1.48236 0.0681486
      vertex 2 1.82569 0.00761127
    endloop
  endfacet
  facet normal -0.996195 0.0871562 0
    outer loop
      vertex 0.00761127 6 49
      vertex 0.0378799 6.34597 49.1743
      vertex 0.0378799 6.34597 49
    endloop
  endfacet
  facet normal -0.996195 0.0871562 0
    outer loop
      vertex 0.0378799 6.34597 49.1743
      vertex 0.00761127 6 49
      vertex 0.00761127 6 49.1743
    endloop
  endfacet
  facet normal -0.996195 0.0871562 0
    outer loop
      vertex 0.00761127 6 6
      vertex 0.0378799 6.34597 4.34597
      vertex 0.00761127 6 4.17431
    endloop
  endfacet
  facet normal -0.996195 0.0871562 0
    outer loop
      vertex 0.0378799 6.34597 4.34597
      vertex 0.00761127 6 6
      vertex 0.0378799 6.34597 6
    endloop
  endfacet
  facet normal 0.422351 -0.906432 0
    outer loop
      vertex 218.681 0.127767 1.82569
      vertex 218.996 0.274541 49.1743
      vertex 218.681 0.127767 49.1743
    endloop
  endfacet
  facet normal 0.422351 -0.906432 0
    outer loop
      vertex 218.996 0.274541 49.1743
      vertex 218.681 0.127767 1.82569
      vertex 218.996 0.274541 1.82569
    endloop
  endfacet
  facet normal -0.36634 -0.785629 -0.49858
    outer loop
      vertex 1.38005 0.296699 1.15476
      vertex 1.09369 0.430229 1.15476
      vertex 1.18085 0.581187 0.852848
    endloop
  endfacet
  facet normal 0.0859574 -0.981139 0.17314
    outer loop
      vertex 218.335 0.0974979 49.5176
      vertex 218 0.0681486 49.5176
      vertex 218.346 0.0378799 49.1743
    endloop
  endfacet
  facet normal 0.0756868 -0.863602 0.498461
    outer loop
      vertex 218 0.361696 50.1472
      vertex 218 0.187385 49.8452
      vertex 218.284 0.386586 50.1472
    endloop
  endfacet
  facet normal -0.0450794 0.168251 0.984713
    outer loop
      vertex 1.91011 6.50977 50.9319
      vertex 1.82296 6.48642 50.9319
      vertex 1.96973 6.17166 50.9924
    endloop
  endfacet
  facet normal -0.168251 -0.0450794 0.984713
    outer loop
      vertex 1.82834 1.96973 50.9924
      vertex 1.49023 1.91011 50.9319
      vertex 1.51358 1.82296 50.9319
    endloop
  endfacet
  facet normal -0.342181 0 0.939634
    outer loop
      vertex 1.15476 6 50.8126
      vertex 1.48236 2 50.9319
      vertex 1.48236 6 50.9319
    endloop
  endfacet
  facet normal -0.342181 0 0.939634
    outer loop
      vertex 1.48236 2 50.9319
      vertex 1.15476 6 50.8126
      vertex 1.15476 2 50.8126
    endloop
  endfacet
  facet normal -0.142658 -0.0999411 0.984713
    outer loop
      vertex 1.84904 1.91284 50.9924
      vertex 1.60347 1.66727 50.9319
      vertex 1.86647 1.88796 50.9924
    endloop
  endfacet
  facet normal -0.16826 -0.0450605 0.984712
    outer loop
      vertex 1.82834 1.96973 50.9924
      vertex 1.51358 1.82296 50.9319
      vertex 1.8362 1.94038 50.9924
    endloop
  endfacet
  facet normal 0 -0.642803 0.766031
    outer loop
      vertex 2 0.852848 50.6383
      vertex 218 0.585787 50.4142
      vertex 218 0.852848 50.6383
    endloop
  endfacet
  facet normal 0 -0.642803 0.766031
    outer loop
      vertex 218 0.585787 50.4142
      vertex 2 0.852848 50.6383
      vertex 2 0.585787 50.4142
    endloop
  endfacet
  facet normal -0.583874 -0.272271 0.764827
    outer loop
      vertex 0.922029 1.60765 50.6383
      vertex 0.775255 1.29289 50.4142
      vertex 1.00654 1.42642 50.6383
    endloop
  endfacet
  facet normal -0.710131 -0.497236 0.498468
    outer loop
      vertex 0.744987 0.946918 50.1472
      vertex 0.581187 1.18085 50.1472
      vertex 0.611456 0.834873 49.8452
    endloop
  endfacet
  facet normal 0.243505 -0.908202 0.340402
    outer loop
      vertex 218.62 0.296699 49.8452
      vertex 218.315 0.214923 49.8452
      vertex 218.335 0.0974979 49.5176
    endloop
  endfacet
  facet normal -0.741103 -0.19858 -0.641351
    outer loop
      vertex 0.460498 1.43967 0.852848
      vertex 0.386586 1.71551 0.852848
      vertex 0.607272 1.75443 0.585787
    endloop
  endfacet
  facet normal -0.081937 -0.936533 -0.340869
    outer loop
      vertex 2 0.0681486 1.48236
      vertex 1.66454 0.0974979 1.48236
      vertex 2 0.187385 1.15476
    endloop
  endfacet
  facet normal -0.254911 -0.951362 -0.173007
    outer loop
      vertex 1.65403 0.0378799 1.82569
      vertex 1.31856 0.127767 1.82569
      vertex 1.33927 0.184653 1.48236
    endloop
  endfacet
  facet normal 0 -1 0
    outer loop
      vertex 2 0.00761127 1.82569
      vertex 218 0.00761127 49.1743
      vertex 2 0.00761127 49.1743
    endloop
  endfacet
  facet normal 0 -1 -0
    outer loop
      vertex 218 0.00761127 49.1743
      vertex 2 0.00761127 1.82569
      vertex 218 0.00761127 1.82569
    endloop
  endfacet
  facet normal 0.166804 -0.622042 0.76501
    outer loop
      vertex 218.392 0.922029 50.6383
      vertex 218.199 0.870275 50.6383
      vertex 218.246 0.607272 50.4142
    endloop
  endfacet
  facet normal 0.0889945 -0.331585 0.939218
    outer loop
      vertex 218.177 1.51358 50.9319
      vertex 218.09 1.49023 50.9319
      vertex 218.147 1.16761 50.8126
    endloop
  endfacet
  facet normal 0.324052 0.695414 0.641396
    outer loop
      vertex 218.819 7.41881 50.1472
      vertex 218.56 7.5395 50.1472
      vertex 218.707 7.22474 50.4142
    endloop
  endfacet
  facet normal -0.573568 0.819158 0
    outer loop
      vertex 1.00381 7.72546 49
      vertex 0.719317 7.52626 49.1743
      vertex 1.00381 7.72546 49.1743
    endloop
  endfacet
  facet normal -0.573568 0.819158 0
    outer loop
      vertex 0.719317 7.52626 49.1743
      vertex 1.00381 7.72546 49
      vertex 0.719317 7.52626 49
    endloop
  endfacet
  facet normal -0.573568 0.819158 0
    outer loop
      vertex 1.00381 7.72546 5.72546
      vertex 0.719317 7.52626 6
      vertex 1.00381 7.72546 6
    endloop
  endfacet
  facet normal -0.573563 0.819162 8.90744e-06
    outer loop
      vertex 0.852848 7.61976 5.6383
      vertex 0.719317 7.52626 6
      vertex 1.00381 7.72546 5.72546
    endloop
  endfacet
  facet normal -0.573579 0.81915 0
    outer loop
      vertex 0.719317 7.52626 6
      vertex 0.852848 7.61976 5.6383
      vertex 0.719317 7.52626 5.52626
    endloop
  endfacet
  facet normal -0.0668498 0.76426 0.641434
    outer loop
      vertex 2 7.6383 50.1472
      vertex 1.75443 7.39273 50.4142
      vertex 2 7.41421 50.4142
    endloop
  endfacet
  facet normal -0.342027 -0.029945 0.939213
    outer loop
      vertex 1.48236 2 50.9319
      vertex 1.15476 2 50.8126
      vertex 1.49023 1.91011 50.9319
    endloop
  endfacet
  facet normal -0.806796 0.564933 0.173005
    outer loop
      vertex 0.520116 7.24177 49.5176
      vertex 0.274541 6.99619 49.1743
      vertex 0.326968 6.96593 49.5176
    endloop
  endfacet
  facet normal -0.939693 0 -0.34202
    outer loop
      vertex 0.187385 2 1.15476
      vertex 0.0681486 24 1.48236
      vertex 0.187385 24 1.15476
    endloop
  endfacet
  facet normal -0.939693 -0 -0.34202
    outer loop
      vertex 0.0681486 24 1.48236
      vertex 0.187385 2 1.15476
      vertex 0.0681486 2 1.48236
    endloop
  endfacet
  facet normal -0.765972 0 0.642874
    outer loop
      vertex 0.361696 2 50.1472
      vertex 0.585787 6 50.4142
      vertex 0.361696 6 50.1472
    endloop
  endfacet
  facet normal -0.765972 0 0.642874
    outer loop
      vertex 0.585787 6 50.4142
      vertex 0.361696 2 50.1472
      vertex 0.585787 2 50.4142
    endloop
  endfacet
  facet normal -0.984806 0 0.17366
    outer loop
      vertex 0.00761127 2 49.1743
      vertex 0.0681486 6 49.5176
      vertex 0.00761127 6 49.1743
    endloop
  endfacet
  facet normal -0.984806 0 0.17366
    outer loop
      vertex 0.0681486 6 49.5176
      vertex 0.00761127 2 49.1743
      vertex 0.0681486 2 49.5176
    endloop
  endfacet
  facet normal 0.86523 -0 0.501375
    outer loop
      vertex 219.638 2 50.1472
      vertex 219.813 6 49.8452
      vertex 219.638 6 50.1472
    endloop
  endfacet
  facet normal 0.86523 0 0.501375
    outer loop
      vertex 219.813 6 49.8452
      vertex 219.638 2 50.1472
      vertex 219.813 2 49.8452
    endloop
  endfacet
  facet normal 0.980815 -0.0877138 -0.174091
    outer loop
      vertex 219.962 1.65403 1.82569
      vertex 219.902 1.66454 1.48236
      vertex 219.932 2 1.48236
    endloop
  endfacet
  facet normal 0.0151814 -0.173612 -0.984697
    outer loop
      vertex 218.09 1.49023 0.0681486
      vertex 218 1.48236 0.0681486
      vertex 218.03 1.82834 0.00761127
    endloop
  endfacet
  facet normal -0.497239 -0.710126 0.498472
    outer loop
      vertex 1.18085 0.581187 50.1472
      vertex 0.834873 0.611456 49.8452
      vertex 1.09369 0.430229 49.8452
    endloop
  endfacet
  facet normal 0.242796 -0.908168 0.340999
    outer loop
      vertex 218.62 0.296699 49.8452
      vertex 218.335 0.0974979 49.5176
      vertex 218.661 0.184653 49.5176
    endloop
  endfacet
  facet normal -0.029945 -0.342027 0.939213
    outer loop
      vertex 2 1.48236 50.9319
      vertex 1.91011 1.49023 50.9319
      vertex 2 1.15476 50.8126
    endloop
  endfacet
  facet normal 0.807194 -0.564624 0.172159
    outer loop
      vertex 219.725 1.00381 49.1743
      vertex 219.48 0.75823 49.5176
      vertex 219.526 0.719317 49.1743
    endloop
  endfacet
  facet normal 0.819428 -0.573182 0
    outer loop
      vertex 219.526 0.719317 49.1743
      vertex 219.725 1.00381 1.82569
      vertex 219.725 1.00381 49.1743
    endloop
  endfacet
  facet normal 0.819428 -0.573182 0
    outer loop
      vertex 219.725 1.00381 1.82569
      vertex 219.526 0.719317 49.1743
      vertex 219.526 0.719317 1.82569
    endloop
  endfacet
  facet normal 0.255268 -0.951358 -0.1725
    outer loop
      vertex 218.681 0.127767 1.82569
      vertex 218.346 0.0378799 1.82569
      vertex 218.661 0.184653 1.48236
    endloop
  endfacet
  facet normal 0.168088 -0.0462892 0.984685
    outer loop
      vertex 218.51 1.91011 50.9319
      vertex 218.172 1.96973 50.9924
      vertex 218.486 1.82296 50.9319
    endloop
  endfacet
  facet normal -0.311172 -0.145088 0.939213
    outer loop
      vertex 1.51358 1.82296 50.9319
      vertex 1.20574 1.71091 50.8126
      vertex 1.268 1.57738 50.8126
    endloop
  endfacet
  facet normal -0.710126 -0.497239 0.498472
    outer loop
      vertex 0.581187 1.18085 50.1472
      vertex 0.430229 1.09369 49.8452
      vertex 0.611456 0.834873 49.8452
    endloop
  endfacet
  facet normal -0.770092 -0.539228 0.340868
    outer loop
      vertex 0.611456 0.834873 49.8452
      vertex 0.430229 1.09369 49.8452
      vertex 0.520116 0.75823 49.5176
    endloop
  endfacet
  facet normal -0.707107 -0.707107 0
    outer loop
      vertex 0.719317 0.473742 1.82569
      vertex 0.473742 0.719317 49.1743
      vertex 0.473742 0.719317 1.82569
    endloop
  endfacet
  facet normal -0.707107 -0.707107 0
    outer loop
      vertex 0.473742 0.719317 49.1743
      vertex 0.719317 0.473742 1.82569
      vertex 0.719317 0.473742 49.1743
    endloop
  endfacet
  facet normal -0.981173 -0.085842 -0.173004
    outer loop
      vertex 0.0378799 1.65403 1.82569
      vertex 0.00761127 2 1.82569
      vertex 0.0681486 2 1.48236
    endloop
  endfacet
  facet normal 0.936787 -0.0833334 -0.339832
    outer loop
      vertex 219.902 1.66454 1.48236
      vertex 219.785 1.68524 1.15476
      vertex 219.813 2 1.15476
    endloop
  endfacet
  facet normal 0.0442083 -0.168734 -0.98467
    outer loop
      vertex 218.177 1.51358 0.0681486
      vertex 218.03 1.82834 0.00761127
      vertex 218.06 1.8362 0.00761127
    endloop
  endfacet
  facet normal 0.173306 -0.0114507 -0.984801
    outer loop
      vertex 218.518 2 0.0681486
      vertex 218.172 1.96973 0.00761127
      vertex 218.174 2 0.00761127
    endloop
  endfacet
  facet normal -0.936533 -0.081937 -0.340869
    outer loop
      vertex 0.0974979 1.66454 1.48236
      vertex 0.0681486 2 1.48236
      vertex 0.187385 2 1.15476
    endloop
  endfacet
  facet normal -0.0858423 -0.98117 0.17302
    outer loop
      vertex 1.66454 0.0974979 49.5176
      vertex 1.65403 0.0378799 49.1743
      vertex 2 0.0681486 49.5176
    endloop
  endfacet
  facet normal -0.397303 -0.852032 0.340869
    outer loop
      vertex 1.38005 0.296699 49.8452
      vertex 1.09369 0.430229 49.8452
      vertex 1.33927 0.184653 49.5176
    endloop
  endfacet
  facet normal -0.242771 -0.242771 0.939215
    outer loop
      vertex 1.60347 1.66727 50.9319
      vertex 1.45669 1.35251 50.8126
      vertex 1.66727 1.60347 50.9319
    endloop
  endfacet
  facet normal -0.242771 -0.242771 0.939215
    outer loop
      vertex 1.45669 1.35251 50.8126
      vertex 1.60347 1.66727 50.9319
      vertex 1.35251 1.45669 50.8126
    endloop
  endfacet
  facet normal 0.939911 -0 0.341421
    outer loop
      vertex 219.813 2 49.8452
      vertex 219.932 6 49.5176
      vertex 219.813 6 49.8452
    endloop
  endfacet
  facet normal 0.939911 0 0.341421
    outer loop
      vertex 219.932 6 49.5176
      vertex 219.813 2 49.8452
      vertex 219.932 2 49.5176
    endloop
  endfacet
  facet normal 0.43996 -0.628536 0.641388
    outer loop
      vertex 218.909 0.91665 50.4142
      vertex 218.707 0.775255 50.4142
      vertex 219.053 0.744987 50.1472
    endloop
  endfacet
  facet normal 0.740376 -0.198992 -0.642063
    outer loop
      vertex 219.54 1.43967 0.852848
      vertex 219.329 1.51631 0.585787
      vertex 219.393 1.75443 0.585787
    endloop
  endfacet
  facet normal 0.583991 -0.271842 0.76489
    outer loop
      vertex 219.329 1.51631 50.4142
      vertex 219.078 1.60765 50.6383
      vertex 219.225 1.29289 50.4142
    endloop
  endfacet
  facet normal 0.157835 -0.0745048 0.984651
    outer loop
      vertex 218.164 1.94038 50.9924
      vertex 218.151 1.91284 50.9924
      vertex 218.486 1.82296 50.9319
    endloop
  endfacet
  facet normal 0.342542 0.0303403 0.939013
    outer loop
      vertex 218.832 6.14677 50.8126
      vertex 218.51 6.08989 50.9319
      vertex 218.845 6 50.8126
    endloop
  endfacet
  facet normal -0.642803 0 0.766031
    outer loop
      vertex 0.585787 6 50.4142
      vertex 0.852848 2 50.6383
      vertex 0.852848 6 50.6383
    endloop
  endfacet
  facet normal -0.642803 0 0.766031
    outer loop
      vertex 0.852848 2 50.6383
      vertex 0.585787 6 50.4142
      vertex 0.585787 2 50.4142
    endloop
  endfacet
  facet normal -0.311174 -0.145085 0.939213
    outer loop
      vertex 1.51358 1.82296 50.9319
      vertex 1.268 1.57738 50.8126
      vertex 1.55171 1.74118 50.9319
    endloop
  endfacet
  facet normal -0.996195 -0.0871562 0
    outer loop
      vertex 0.0378799 1.65403 1.82569
      vertex 0.00761127 2 49.1743
      vertex 0.00761127 2 1.82569
    endloop
  endfacet
  facet normal -0.996195 -0.0871562 0
    outer loop
      vertex 0.00761127 2 49.1743
      vertex 0.0378799 1.65403 1.82569
      vertex 0.0378799 1.65403 49.1743
    endloop
  endfacet
  facet normal -0.908078 -0.24332 -0.340866
    outer loop
      vertex 0.296699 1.38005 1.15476
      vertex 0.0974979 1.66454 1.48236
      vertex 0.214923 1.68524 1.15476
    endloop
  endfacet
  facet normal -0.908078 -0.243317 0.34087
    outer loop
      vertex 0.296699 1.38005 49.8452
      vertex 0.0974979 1.66454 49.5176
      vertex 0.184653 1.33927 49.5176
    endloop
  endfacet
  facet normal -0.837369 -0.224375 0.498467
    outer loop
      vertex 0.386586 1.71551 50.1472
      vertex 0.214923 1.68524 49.8452
      vertex 0.460498 1.43967 50.1472
    endloop
  endfacet
  facet normal 0.695102 -0.324965 -0.641273
    outer loop
      vertex 219.419 1.18085 0.852848
      vertex 219.225 1.29289 0.585787
      vertex 219.54 1.43967 0.852848
    endloop
  endfacet
  facet normal -0.500004 0 -0.866023
    outer loop
      vertex 0.852848 2 0.361696
      vertex 1.15476 24 0.187385
      vertex 1.15476 2 0.187385
    endloop
  endfacet
  facet normal -0.500004 0 -0.866023
    outer loop
      vertex 1.15476 24 0.187385
      vertex 0.852848 2 0.361696
      vertex 0.852848 24 0.361696
    endloop
  endfacet
  facet normal -0.837369 -0.224374 0.498468
    outer loop
      vertex 0.460498 1.43967 50.1472
      vertex 0.214923 1.68524 49.8452
      vertex 0.296699 1.38005 49.8452
    endloop
  endfacet
  facet normal -0.331641 -0.0888561 0.939212
    outer loop
      vertex 1.49023 1.91011 50.9319
      vertex 1.16761 1.85323 50.8126
      vertex 1.51358 1.82296 50.9319
    endloop
  endfacet
  facet normal -0.965927 0.258814 0
    outer loop
      vertex 0.0378799 6.34597 49
      vertex 0.127767 6.68144 49.1743
      vertex 0.127767 6.68144 49
    endloop
  endfacet
  facet normal -0.965927 0.258814 0
    outer loop
      vertex 0.127767 6.68144 49.1743
      vertex 0.0378799 6.34597 49
      vertex 0.0378799 6.34597 49.1743
    endloop
  endfacet
  facet normal -0.965926 0.258817 8.45489e-07
    outer loop
      vertex 0.0378799 6.34597 6
      vertex 0.127767 6.68144 4.68144
      vertex 0.0681486 6.45894 4.51764
    endloop
  endfacet
  facet normal -0.965929 0.258807 0
    outer loop
      vertex 0.0378799 6.34597 6
      vertex 0.0681486 6.45894 4.51764
      vertex 0.0378799 6.34597 4.34597
    endloop
  endfacet
  facet normal -0.965927 0.258814 0
    outer loop
      vertex 0.127767 6.68144 4.68144
      vertex 0.0378799 6.34597 6
      vertex 0.127767 6.68144 6
    endloop
  endfacet
  facet normal -0.696448 0.696434 0.173031
    outer loop
      vertex 0.473742 7.28068 49.1743
      vertex 0.75823 7.47988 49.5176
      vertex 0.719317 7.52626 49.1743
    endloop
  endfacet
  facet normal -0.696437 0.696449 0.173013
    outer loop
      vertex 0.75823 7.47988 49.5176
      vertex 0.473742 7.28068 49.1743
      vertex 0.520116 7.24177 49.5176
    endloop
  endfacet
  facet normal -0.029945 0.342027 0.939213
    outer loop
      vertex 2 6.84524 50.8126
      vertex 1.91011 6.50977 50.9319
      vertex 2 6.51764 50.9319
    endloop
  endfacet
  facet normal -0.366365 0.785684 0.498474
    outer loop
      vertex 1.38005 7.7033 49.8452
      vertex 1.09369 7.56977 49.8452
      vertex 1.18085 7.41881 50.1472
    endloop
  endfacet
  facet normal -0.8068 0.564925 0.173014
    outer loop
      vertex 0.473742 7.28068 49.1743
      vertex 0.274541 6.99619 49.1743
      vertex 0.520116 7.24177 49.5176
    endloop
  endfacet
  facet normal 0.996262 0.0863885 0
    outer loop
      vertex 219.992 6 49.1743
      vertex 219.962 6.34597 49
      vertex 219.962 6.34597 49.1743
    endloop
  endfacet
  facet normal 0.996262 0.0863885 0
    outer loop
      vertex 219.962 6.34597 49
      vertex 219.992 6 49.1743
      vertex 219.992 6 49
    endloop
  endfacet
  facet normal 0.996262 0.0863885 0
    outer loop
      vertex 219.992 6 6
      vertex 219.962 6.34597 4.34597
      vertex 219.962 6.34597 6
    endloop
  endfacet
  facet normal 0.996262 0.0863885 0
    outer loop
      vertex 219.962 6.34597 4.34597
      vertex 219.992 6 6
      vertex 219.992 6 4.17431
    endloop
  endfacet
  facet normal 0.981494 0.085108 0.17154
    outer loop
      vertex 219.962 6.34597 49.1743
      vertex 219.932 6 49.5176
      vertex 219.992 6 49.1743
    endloop
  endfacet
  facet normal 0.641909 -0.0547814 -0.764822
    outer loop
      vertex 219.414 2 0.585787
      vertex 219.13 1.8008 0.361696
      vertex 219.147 2 0.361696
    endloop
  endfacet
  facet normal 0.936608 -0.0837603 -0.340221
    outer loop
      vertex 219.902 1.66454 1.48236
      vertex 219.813 2 1.15476
      vertex 219.932 2 1.48236
    endloop
  endfacet
  facet normal 0.129892 -0.484391 -0.865155
    outer loop
      vertex 218.392 0.922029 0.361696
      vertex 218.199 0.870275 0.361696
      vertex 218.289 1.20574 0.187385
    endloop
  endfacet
  facet normal 0.696702 -0.696368 -0.172272
    outer loop
      vertex 219.526 0.719317 1.82569
      vertex 219.242 0.520116 1.48236
      vertex 219.48 0.75823 1.48236
    endloop
  endfacet
  facet normal 0.697241 -0.695608 -0.173159
    outer loop
      vertex 219.242 0.520116 1.48236
      vertex 219.526 0.719317 1.82569
      vertex 219.281 0.473742 1.82569
    endloop
  endfacet
  facet normal 0.045168 -0.168292 -0.984702
    outer loop
      vertex 218.09 1.49023 0.0681486
      vertex 218.03 1.82834 0.00761127
      vertex 218.177 1.51358 0.0681486
    endloop
  endfacet
  facet normal 0.0754869 -0.863475 -0.498711
    outer loop
      vertex 218.315 0.214923 1.15476
      vertex 218 0.187385 1.15476
      vertex 218.284 0.386586 0.852848
    endloop
  endfacet
  facet normal 0.483791 -0.130247 0.865438
    outer loop
      vertex 219.13 1.8008 50.6383
      vertex 218.794 1.71091 50.8126
      vertex 219.078 1.60765 50.6383
    endloop
  endfacet
  facet normal 0.342735 0 0.939432
    outer loop
      vertex 218.518 6 50.9319
      vertex 218.845 2 50.8126
      vertex 218.845 6 50.8126
    endloop
  endfacet
  facet normal 0.342735 0 0.939432
    outer loop
      vertex 218.845 2 50.8126
      vertex 218.518 6 50.9319
      vertex 218.518 2 50.9319
    endloop
  endfacet
  facet normal -0.243333 0.908079 0.340854
    outer loop
      vertex 1.66454 7.9025 49.5176
      vertex 1.38005 7.7033 49.8452
      vertex 1.68524 7.78508 49.8452
    endloop
  endfacet
  facet normal 0.0562031 -0.641787 0.764821
    outer loop
      vertex 218 0.852848 50.6383
      vertex 218 0.585787 50.4142
      vertex 218.199 0.870275 50.6383
    endloop
  endfacet
  facet normal 0.0437428 -0.499502 0.865208
    outer loop
      vertex 218 1.15476 50.8126
      vertex 218 0.852848 50.6383
      vertex 218.199 0.870275 50.6383
    endloop
  endfacet
  facet normal 0.259153 -0.965836 0
    outer loop
      vertex 218.346 0.0378799 1.82569
      vertex 218.681 0.127767 49.1743
      vertex 218.346 0.0378799 49.1743
    endloop
  endfacet
  facet normal 0.259153 -0.965836 0
    outer loop
      vertex 218.681 0.127767 49.1743
      vertex 218.346 0.0378799 1.82569
      vertex 218.681 0.127767 1.82569
    endloop
  endfacet
  facet normal -0.57357 -0.819156 0
    outer loop
      vertex 0.719317 0.473742 1.82569
      vertex 1.00381 0.274541 49.1743
      vertex 0.719317 0.473742 49.1743
    endloop
  endfacet
  facet normal -0.57357 -0.819156 -0
    outer loop
      vertex 1.00381 0.274541 49.1743
      vertex 0.719317 0.473742 1.82569
      vertex 1.00381 0.274541 1.82569
    endloop
  endfacet
  facet normal 0.324889 -0.695434 0.640951
    outer loop
      vertex 218.707 0.775255 50.4142
      vertex 218.484 0.671075 50.4142
      vertex 218.56 0.460498 50.1472
    endloop
  endfacet
  facet normal 0.255267 -0.951356 0.172514
    outer loop
      vertex 218.661 0.184653 49.5176
      vertex 218.346 0.0378799 49.1743
      vertex 218.681 0.127767 49.1743
    endloop
  endfacet
  facet normal 0.416043 -0.892893 0.172193
    outer loop
      vertex 218.996 0.274541 49.1743
      vertex 218.661 0.184653 49.5176
      vertex 218.681 0.127767 49.1743
    endloop
  endfacet
  facet normal 0.980813 -0.0877135 0.174106
    outer loop
      vertex 219.932 2 49.5176
      vertex 219.902 1.66454 49.5176
      vertex 219.962 1.65403 49.1743
    endloop
  endfacet
  facet normal 0 -0.765972 0.642874
    outer loop
      vertex 2 0.361696 50.1472
      vertex 218 0.585787 50.4142
      vertex 2 0.585787 50.4142
    endloop
  endfacet
  facet normal 0 -0.765972 0.642874
    outer loop
      vertex 218 0.585787 50.4142
      vertex 2 0.361696 50.1472
      vertex 218 0.361696 50.1472
    endloop
  endfacet
  facet normal 0.366047 -0.785542 -0.498933
    outer loop
      vertex 218.62 0.296699 1.15476
      vertex 218.56 0.460498 0.852848
      vertex 218.819 0.581187 0.852848
    endloop
  endfacet
  facet normal 0.564234 -0.807258 -0.173131
    outer loop
      vertex 219.281 0.473742 1.82569
      vertex 218.996 0.274541 1.82569
      vertex 219.242 0.520116 1.48236
    endloop
  endfacet
  facet normal -0.77009 -0.53923 0.34087
    outer loop
      vertex 0.430229 1.09369 49.8452
      vertex 0.326968 1.03407 49.5176
      vertex 0.520116 0.75823 49.5176
    endloop
  endfacet
  facet normal -0.908078 -0.243317 -0.34087
    outer loop
      vertex 0.184653 1.33927 1.48236
      vertex 0.0974979 1.66454 1.48236
      vertex 0.296699 1.38005 1.15476
    endloop
  endfacet
  facet normal 0 -0.342181 0.939634
    outer loop
      vertex 2 1.48236 50.9319
      vertex 218 1.15476 50.8126
      vertex 218 1.48236 50.9319
    endloop
  endfacet
  facet normal 0 -0.342181 0.939634
    outer loop
      vertex 218 1.15476 50.8126
      vertex 2 1.48236 50.9319
      vertex 2 1.15476 50.8126
    endloop
  endfacet
  facet normal -0.416254 -0.892637 -0.173009
    outer loop
      vertex 1.31856 0.127767 1.82569
      vertex 1.00381 0.274541 1.82569
      vertex 1.33927 0.184653 1.48236
    endloop
  endfacet
  facet normal -0.710079 -0.4972 -0.498577
    outer loop
      vertex 0.611456 0.834873 1.15476
      vertex 0.581187 1.18085 0.852848
      vertex 0.744987 0.946918 0.852848
    endloop
  endfacet
  facet normal -0.0561456 -0.641774 -0.764836
    outer loop
      vertex 2 0.585787 0.585787
      vertex 1.8008 0.870275 0.361696
      vertex 2 0.852848 0.361696
    endloop
  endfacet
  facet normal -0.0152001 -0.173625 -0.984694
    outer loop
      vertex 2 1.48236 0.0681486
      vertex 1.96973 1.82834 0.00761127
      vertex 2 1.82569 0.00761127
    endloop
  endfacet
  facet normal -0.0858425 -0.981173 -0.173005
    outer loop
      vertex 2 0.0681486 1.48236
      vertex 1.65403 0.0378799 1.82569
      vertex 1.66454 0.0974979 1.48236
    endloop
  endfacet
  facet normal -0.258814 -0.965927 0
    outer loop
      vertex 1.31856 0.127767 1.82569
      vertex 1.65403 0.0378799 49.1743
      vertex 1.31856 0.127767 49.1743
    endloop
  endfacet
  facet normal -0.258814 -0.965927 -0
    outer loop
      vertex 1.65403 0.0378799 49.1743
      vertex 1.31856 0.127767 1.82569
      vertex 1.65403 0.0378799 1.82569
    endloop
  endfacet
  facet normal -0.0871562 -0.996195 0
    outer loop
      vertex 1.65403 0.0378799 1.82569
      vertex 2 0.00761127 49.1743
      vertex 1.65403 0.0378799 49.1743
    endloop
  endfacet
  facet normal -0.0871562 -0.996195 -0
    outer loop
      vertex 2 0.00761127 49.1743
      vertex 1.65403 0.0378799 1.82569
      vertex 2 0.00761127 1.82569
    endloop
  endfacet
  facet normal -0.852032 -0.397303 -0.340869
    outer loop
      vertex 0.430229 1.09369 1.15476
      vertex 0.184653 1.33927 1.48236
      vertex 0.296699 1.38005 1.15476
    endloop
  endfacet
  facet normal -0.129757 -0.484316 0.865217
    outer loop
      vertex 1.85323 1.16761 50.8126
      vertex 1.71091 1.20574 50.8126
      vertex 1.8008 0.870275 50.6383
    endloop
  endfacet
  facet normal -0.272271 -0.583874 0.764827
    outer loop
      vertex 1.42642 1.00654 50.6383
      vertex 1.29289 0.775255 50.4142
      vertex 1.60765 0.922029 50.6383
    endloop
  endfacet
  facet normal 0.13007 -0.484396 0.865126
    outer loop
      vertex 218.289 1.20574 50.8126
      vertex 218.147 1.16761 50.8126
      vertex 218.199 0.870275 50.6383
    endloop
  endfacet
  facet normal 0.371017 -0.527298 0.764397
    outer loop
      vertex 218.737 1.12123 50.6383
      vertex 218.574 1.00654 50.6383
      vertex 218.707 0.775255 50.4142
    endloop
  endfacet
  facet normal 0.0998381 -0.142736 -0.984713
    outer loop
      vertex 218.259 1.55171 0.0681486
      vertex 218.087 1.84904 0.00761127
      vertex 218.333 1.60347 0.0681486
    endloop
  endfacet
  facet normal -0.397302 0.852029 0.340878
    outer loop
      vertex 1.33927 7.81535 49.5176
      vertex 1.09369 7.56977 49.8452
      vertex 1.38005 7.7033 49.8452
    endloop
  endfacet
  facet normal 0.0299084 -0.342028 0.939214
    outer loop
      vertex 218 1.48236 50.9319
      vertex 218 1.15476 50.8126
      vertex 218.09 1.49023 50.9319
    endloop
  endfacet
  facet normal 0.045141 0.168191 0.98472
    outer loop
      vertex 218.09 6.50977 50.9319
      vertex 218.03 6.17166 50.9924
      vertex 218.177 6.48642 50.9319
    endloop
  endfacet
  facet normal -0.173521 -0.015191 0.984713
    outer loop
      vertex 1.82569 2 50.9924
      vertex 1.48236 2 50.9319
      vertex 1.82834 1.96973 50.9924
    endloop
  endfacet
  facet normal 0.0298981 -0.342025 0.939215
    outer loop
      vertex 218.09 1.49023 50.9319
      vertex 218 1.15476 50.8126
      vertex 218.147 1.16761 50.8126
    endloop
  endfacet
  facet normal -0.499503 0.043699 0.865209
    outer loop
      vertex 0.870275 6.1992 50.6383
      vertex 0.852848 6 50.6383
      vertex 1.15476 6 50.8126
    endloop
  endfacet
  facet normal -0.951362 -0.254911 -0.173007
    outer loop
      vertex 0.127767 1.31856 1.82569
      vertex 0.0378799 1.65403 1.82569
      vertex 0.184653 1.33927 1.48236
    endloop
  endfacet
  facet normal -0.806798 -0.564934 -0.172991
    outer loop
      vertex 0.520116 0.75823 1.48236
      vertex 0.274541 1.00381 1.82569
      vertex 0.326968 1.03407 1.48236
    endloop
  endfacet
  facet normal -0.892643 -0.41624 0.173009
    outer loop
      vertex 0.326968 1.03407 49.5176
      vertex 0.184653 1.33927 49.5176
      vertex 0.274541 1.00381 49.1743
    endloop
  endfacet
  facet normal -0.984808 0 -0.173645
    outer loop
      vertex 0.0681486 2 1.48236
      vertex 0.00761127 24 1.82569
      vertex 0.0681486 24 1.48236
    endloop
  endfacet
  facet normal -0.984808 -0 -0.173645
    outer loop
      vertex 0.00761127 24 1.82569
      vertex 0.0681486 2 1.48236
      vertex 0.00761127 2 1.82569
    endloop
  endfacet
  facet normal -0.0299309 -0.341866 -0.939272
    outer loop
      vertex 2 1.15476 0.187385
      vertex 1.91011 1.49023 0.0681486
      vertex 2 1.48236 0.0681486
    endloop
  endfacet
  facet normal -0.936533 -0.0819363 -0.340869
    outer loop
      vertex 0.214923 1.68524 1.15476
      vertex 0.0974979 1.66454 1.48236
      vertex 0.187385 2 1.15476
    endloop
  endfacet
  facet normal 0.074941 -0.157586 -0.984658
    outer loop
      vertex 218.177 1.51358 0.0681486
      vertex 218.06 1.8362 0.00761127
      vertex 218.087 1.84904 0.00761127
    endloop
  endfacet
  facet normal -0.936533 -0.081937 0.340869
    outer loop
      vertex 0.187385 2 49.8452
      vertex 0.0681486 2 49.5176
      vertex 0.0974979 1.66454 49.5176
    endloop
  endfacet
  facet normal -0.785686 -0.366369 0.498469
    outer loop
      vertex 0.460498 1.43967 50.1472
      vertex 0.296699 1.38005 49.8452
      vertex 0.581187 1.18085 50.1472
    endloop
  endfacet
  facet normal -0.741034 -0.198562 0.641438
    outer loop
      vertex 0.607272 1.75443 50.4142
      vertex 0.386586 1.71551 50.1472
      vertex 0.460498 1.43967 50.1472
    endloop
  endfacet
  facet normal -0.484316 -0.129757 0.865217
    outer loop
      vertex 1.16761 1.85323 50.8126
      vertex 0.870275 1.8008 50.6383
      vertex 1.20574 1.71091 50.8126
    endloop
  endfacet
  facet normal -0.369514 0.527738 0.764821
    outer loop
      vertex 1.29289 7.22474 50.4142
      vertex 1.26262 6.87877 50.6383
      vertex 1.42642 6.99346 50.6383
    endloop
  endfacet
  facet normal -0.819153 0.573574 0
    outer loop
      vertex 0.274541 6.99619 49
      vertex 0.473742 7.28068 49.1743
      vertex 0.473742 7.28068 49
    endloop
  endfacet
  facet normal -0.819153 0.573574 0
    outer loop
      vertex 0.473742 7.28068 49.1743
      vertex 0.274541 6.99619 49
      vertex 0.274541 6.99619 49.1743
    endloop
  endfacet
  facet normal -0.819142 0.573591 9.70928e-06
    outer loop
      vertex 0.274541 6.99619 6
      vertex 0.473742 7.28068 5.28068
      vertex 0.361696 7.12067 5.14715
    endloop
  endfacet
  facet normal -0.819173 0.573546 0
    outer loop
      vertex 0.274541 6.99619 6
      vertex 0.361696 7.12067 5.14715
      vertex 0.274541 6.99619 4.99619
    endloop
  endfacet
  facet normal -0.819153 0.573574 0
    outer loop
      vertex 0.473742 7.28068 5.28068
      vertex 0.274541 6.99619 6
      vertex 0.473742 7.28068 6
    endloop
  endfacet
  facet normal -0.908078 0.243317 0.34087
    outer loop
      vertex 0.184653 6.66073 49.5176
      vertex 0.0974979 6.33546 49.5176
      vertex 0.296699 6.61995 49.8452
    endloop
  endfacet
  facet normal -0.0561367 0.641782 0.764829
    outer loop
      vertex 2 7.41421 50.4142
      vertex 1.75443 7.39273 50.4142
      vertex 1.8008 7.12972 50.6383
    endloop
  endfacet
  facet normal -0.0437315 0.499492 0.865214
    outer loop
      vertex 2 6.84524 50.8126
      vertex 1.8008 7.12972 50.6383
      vertex 1.85323 6.83239 50.8126
    endloop
  endfacet
  facet normal -0.77009 0.53923 0.34087
    outer loop
      vertex 0.520116 7.24177 49.5176
      vertex 0.326968 6.96593 49.5176
      vertex 0.430229 6.90631 49.8452
    endloop
  endfacet
  facet normal -0.173522 -0.0151921 0.984713
    outer loop
      vertex 1.82834 1.96973 50.9924
      vertex 1.48236 2 50.9319
      vertex 1.49023 1.91011 50.9319
    endloop
  endfacet
  facet normal -0 0.173542 0.984827
    outer loop
      vertex 2 6.51764 50.9319
      vertex 218 6.17431 50.9924
      vertex 218 6.51764 50.9319
    endloop
  endfacet
  facet normal 0 0.173542 0.984827
    outer loop
      vertex 218 6.17431 50.9924
      vertex 2 6.51764 50.9319
      vertex 2 6.17431 50.9924
    endloop
  endfacet
  facet normal 0.697245 0.695598 0.173185
    outer loop
      vertex 219.242 7.47988 49.5176
      vertex 219.526 7.28068 49.1743
      vertex 219.281 7.52626 49.1743
    endloop
  endfacet
  facet normal 0.696695 0.696373 0.17228
    outer loop
      vertex 219.526 7.28068 49.1743
      vertex 219.242 7.47988 49.5176
      vertex 219.48 7.24177 49.5176
    endloop
  endfacet
  facet normal 0.951299 -0.254444 -0.174037
    outer loop
      vertex 219.962 1.65403 1.82569
      vertex 219.815 1.33927 1.48236
      vertex 219.902 1.66454 1.48236
    endloop
  endfacet
  facet normal 0.951229 -0.255196 -0.173318
    outer loop
      vertex 219.872 1.31856 1.82569
      vertex 219.815 1.33927 1.48236
      vertex 219.962 1.65403 1.82569
    endloop
  endfacet
  facet normal 0.939911 0 -0.341421
    outer loop
      vertex 219.932 2 1.48236
      vertex 219.813 24 1.15476
      vertex 219.932 24 1.48236
    endloop
  endfacet
  facet normal 0.939911 0 -0.341421
    outer loop
      vertex 219.813 24 1.15476
      vertex 219.932 2 1.48236
      vertex 219.813 2 1.15476
    endloop
  endfacet
  facet normal 0.908229 -0.242924 -0.340745
    outer loop
      vertex 219.815 1.33927 1.48236
      vertex 219.703 1.38005 1.15476
      vertex 219.902 1.66454 1.48236
    endloop
  endfacet
  facet normal 0.397454 -0.851796 -0.341284
    outer loop
      vertex 218.966 0.326968 1.48236
      vertex 218.661 0.184653 1.48236
      vertex 218.906 0.430229 1.15476
    endloop
  endfacet
  facet normal 0.0669951 -0.764428 -0.641218
    outer loop
      vertex 218.284 0.386586 0.852848
      vertex 218 0.361696 0.852848
      vertex 218.246 0.607272 0.585787
    endloop
  endfacet
  facet normal 0.0818792 -0.936595 -0.340712
    outer loop
      vertex 218.335 0.0974979 1.48236
      vertex 218 0.187385 1.15476
      vertex 218.315 0.214923 1.15476
    endloop
  endfacet
  facet normal 0.528021 0.367487 0.765602
    outer loop
      vertex 219.225 6.70711 50.4142
      vertex 218.879 6.73738 50.6383
      vertex 218.993 6.57358 50.6383
    endloop
  endfacet
  facet normal 0.353387 -0.354911 0.865538
    outer loop
      vertex 218.647 1.45669 50.8126
      vertex 218.737 1.12123 50.6383
      vertex 218.879 1.26262 50.6383
    endloop
  endfacet
  facet normal 0.354917 -0.354304 0.86516
    outer loop
      vertex 218.737 1.12123 50.6383
      vertex 218.647 1.45669 50.8126
      vertex 218.543 1.35251 50.8126
    endloop
  endfacet
  facet normal 0.259161 0.965834 -0
    outer loop
      vertex 218.681 7.87223 49
      vertex 218.346 7.96212 49.1743
      vertex 218.681 7.87223 49.1743
    endloop
  endfacet
  facet normal 0.259161 0.965834 0
    outer loop
      vertex 218.346 7.96212 49.1743
      vertex 218.681 7.87223 49
      vertex 218.346 7.96212 49
    endloop
  endfacet
  facet normal 0.25916 0.965832 0.00216094
    outer loop
      vertex 218.518 7.91612 5.93185
      vertex 218.346 7.96212 6
      vertex 218.681 7.87223 6
    endloop
  endfacet
  facet normal 0.258362 0.966048 0
    outer loop
      vertex 218.346 7.96212 6
      vertex 218.518 7.91612 5.93185
      vertex 218.346 7.96212 5.96212
    endloop
  endfacet
  facet normal 0.260003 0.965608 0
    outer loop
      vertex 218.518 7.91612 5.93185
      vertex 218.681 7.87223 6
      vertex 218.681 7.87223 5.87223
    endloop
  endfacet
  facet normal 0.0858382 0.98117 0.173027
    outer loop
      vertex 218 7.99239 49.1743
      vertex 218 7.93185 49.5176
      vertex 218.346 7.96212 49.1743
    endloop
  endfacet
  facet normal 0.331599 0.0885383 0.939257
    outer loop
      vertex 218.794 6.28909 50.8126
      vertex 218.486 6.17704 50.9319
      vertex 218.832 6.14677 50.8126
    endloop
  endfacet
  facet normal -0.254919 0.95136 0.173005
    outer loop
      vertex 1.65403 7.96212 49.1743
      vertex 1.31856 7.87223 49.1743
      vertex 1.33927 7.81535 49.5176
    endloop
  endfacet
  facet normal -0.539234 0.770088 0.340868
    outer loop
      vertex 1.03407 7.67303 49.5176
      vertex 0.75823 7.47988 49.5176
      vertex 1.09369 7.56977 49.8452
    endloop
  endfacet
  facet normal 0.0818855 0.936599 0.3407
    outer loop
      vertex 218.335 7.9025 49.5176
      vertex 218 7.81262 49.8452
      vertex 218.315 7.78508 49.8452
    endloop
  endfacet
  facet normal -0.0888522 -0.33164 0.939212
    outer loop
      vertex 1.82296 1.51358 50.9319
      vertex 1.71091 1.20574 50.8126
      vertex 1.85323 1.16761 50.8126
    endloop
  endfacet
  facet normal -0.043699 -0.499503 0.865209
    outer loop
      vertex 2 1.15476 50.8126
      vertex 1.8008 0.870275 50.6383
      vertex 2 0.852848 50.6383
    endloop
  endfacet
  facet normal -0.564922 -0.806804 -0.173004
    outer loop
      vertex 1.00381 0.274541 1.82569
      vertex 0.719317 0.473742 1.82569
      vertex 0.75823 0.520116 1.48236
    endloop
  endfacet
  facet normal 0.0858344 -0.981171 0.173019
    outer loop
      vertex 218 0.0681486 49.5176
      vertex 218 0.00761127 49.1743
      vertex 218.346 0.0378799 49.1743
    endloop
  endfacet
  facet normal 0.497065 -0.710379 0.498285
    outer loop
      vertex 219.165 0.611456 49.8452
      vertex 218.819 0.581187 50.1472
      vertex 218.906 0.430229 49.8452
    endloop
  endfacet
  facet normal 0.707935 -0.706278 0
    outer loop
      vertex 219.281 0.473742 49.1743
      vertex 219.526 0.719317 1.82569
      vertex 219.526 0.719317 49.1743
    endloop
  endfacet
  facet normal 0.707935 -0.706278 0
    outer loop
      vertex 219.526 0.719317 1.82569
      vertex 219.281 0.473742 49.1743
      vertex 219.281 0.473742 1.82569
    endloop
  endfacet
  facet normal 0.981494 -0.085108 0.17154
    outer loop
      vertex 219.992 2 49.1743
      vertex 219.932 2 49.5176
      vertex 219.962 1.65403 49.1743
    endloop
  endfacet
  facet normal 0.538867 -0.770119 0.341378
    outer loop
      vertex 219.165 0.611456 49.8452
      vertex 218.906 0.430229 49.8452
      vertex 219.242 0.520116 49.5176
    endloop
  endfacet
  facet normal 0.807196 -0.564625 -0.172144
    outer loop
      vertex 219.526 0.719317 1.82569
      vertex 219.48 0.75823 1.48236
      vertex 219.725 1.00381 1.82569
    endloop
  endfacet
  facet normal 0.695009 -0.323521 0.642103
    outer loop
      vertex 219.329 1.51631 50.4142
      vertex 219.225 1.29289 50.4142
      vertex 219.54 1.43967 50.1472
    endloop
  endfacet
  facet normal 0.366777 -0.785577 0.49834
    outer loop
      vertex 218.819 0.581187 50.1472
      vertex 218.62 0.296699 49.8452
      vertex 218.906 0.430229 49.8452
    endloop
  endfacet
  facet normal -0.44004 -0.628433 0.641434
    outer loop
      vertex 1.09096 0.91665 50.4142
      vertex 0.946918 0.744987 50.1472
      vertex 1.29289 0.775255 50.4142
    endloop
  endfacet
  facet normal -0.043731 -0.499486 0.865218
    outer loop
      vertex 1.85323 1.16761 50.8126
      vertex 1.8008 0.870275 50.6383
      vertex 2 1.15476 50.8126
    endloop
  endfacet
  facet normal -0.366369 -0.785686 0.498469
    outer loop
      vertex 1.43967 0.460498 50.1472
      vertex 1.18085 0.581187 50.1472
      vertex 1.38005 0.296699 49.8452
    endloop
  endfacet
  facet normal -0.664759 -0.664759 0.340868
    outer loop
      vertex 0.520116 0.75823 49.5176
      vertex 0.834873 0.611456 49.8452
      vertex 0.611456 0.834873 49.8452
    endloop
  endfacet
  facet normal -0.664759 -0.664759 0.340868
    outer loop
      vertex 0.834873 0.611456 49.8452
      vertex 0.520116 0.75823 49.5176
      vertex 0.75823 0.520116 49.5176
    endloop
  endfacet
  facet normal -0.354547 -0.354547 0.865213
    outer loop
      vertex 1.35251 1.45669 50.8126
      vertex 1.26262 1.12123 50.6383
      vertex 1.45669 1.35251 50.8126
    endloop
  endfacet
  facet normal -0.354547 -0.354547 0.865213
    outer loop
      vertex 1.26262 1.12123 50.6383
      vertex 1.35251 1.45669 50.8126
      vertex 1.12123 1.26262 50.6383
    endloop
  endfacet
  facet normal -0.497236 -0.710131 0.498468
    outer loop
      vertex 0.946918 0.744987 50.1472
      vertex 0.834873 0.611456 49.8452
      vertex 1.18085 0.581187 50.1472
    endloop
  endfacet
  facet normal -0.0668714 -0.764329 -0.641349
    outer loop
      vertex 2 0.361696 0.852848
      vertex 1.75443 0.607272 0.585787
      vertex 2 0.585787 0.585787
    endloop
  endfacet
  facet normal -0.397303 -0.852032 -0.340869
    outer loop
      vertex 1.33927 0.184653 1.48236
      vertex 1.09369 0.430229 1.15476
      vertex 1.38005 0.296699 1.15476
    endloop
  endfacet
  facet normal -0.539228 -0.770092 -0.340868
    outer loop
      vertex 1.09369 0.430229 1.15476
      vertex 0.75823 0.520116 1.48236
      vertex 0.834873 0.611456 1.15476
    endloop
  endfacet
  facet normal 0.0734655 -0.15799 -0.984704
    outer loop
      vertex 218.177 1.51358 0.0681486
      vertex 218.087 1.84904 0.00761127
      vertex 218.259 1.55171 0.0681486
    endloop
  endfacet
  facet normal -0.628499 -0.440077 -0.641343
    outer loop
      vertex 0.744987 0.946918 0.852848
      vertex 0.581187 1.18085 0.852848
      vertex 0.775255 1.29289 0.585787
    endloop
  endfacet
  facet normal -0.641774 -0.0561456 -0.764836
    outer loop
      vertex 0.870275 1.8008 0.361696
      vertex 0.585787 2 0.585787
      vertex 0.852848 2 0.361696
    endloop
  endfacet
  facet normal -0.173645 0 -0.984808
    outer loop
      vertex 1.48236 2 0.0681486
      vertex 1.82569 24 0.00761127
      vertex 1.82569 2 0.00761127
    endloop
  endfacet
  facet normal -0.173645 0 -0.984808
    outer loop
      vertex 1.82569 24 0.00761127
      vertex 1.48236 2 0.0681486
      vertex 1.48236 24 0.0681486
    endloop
  endfacet
  facet normal -0.085842 -0.981173 -0.173004
    outer loop
      vertex 2 0.00761127 1.82569
      vertex 1.65403 0.0378799 1.82569
      vertex 2 0.0681486 1.48236
    endloop
  endfacet
  facet normal -0.0561469 -0.641789 0.764823
    outer loop
      vertex 2 0.852848 50.6383
      vertex 1.8008 0.870275 50.6383
      vertex 2 0.585787 50.4142
    endloop
  endfacet
  facet normal -0.145088 -0.311172 0.939213
    outer loop
      vertex 1.82296 1.51358 50.9319
      vertex 1.57738 1.268 50.8126
      vertex 1.71091 1.20574 50.8126
    endloop
  endfacet
  facet normal 0.641954 -0.0548969 -0.764776
    outer loop
      vertex 219.393 1.75443 0.585787
      vertex 219.13 1.8008 0.361696
      vertex 219.414 2 0.585787
    endloop
  endfacet
  facet normal 0.324082 -0.695483 -0.641307
    outer loop
      vertex 218.819 0.581187 0.852848
      vertex 218.56 0.460498 0.852848
      vertex 218.707 0.775255 0.585787
    endloop
  endfacet
  facet normal 0.0298943 -0.341867 -0.939273
    outer loop
      vertex 218.09 1.49023 0.0681486
      vertex 218 1.15476 0.187385
      vertex 218 1.48236 0.0681486
    endloop
  endfacet
  facet normal 0.985071 0 -0.17215
    outer loop
      vertex 219.992 2 1.82569
      vertex 219.932 24 1.48236
      vertex 219.992 24 1.82569
    endloop
  endfacet
  facet normal 0.985071 0 -0.17215
    outer loop
      vertex 219.932 24 1.48236
      vertex 219.992 2 1.82569
      vertex 219.932 2 1.48236
    endloop
  endfacet
  facet normal 0 1 -0
    outer loop
      vertex 218 7.99239 49
      vertex 2 7.99239 49.1743
      vertex 218 7.99239 49.1743
    endloop
  endfacet
  facet normal 0 1 0
    outer loop
      vertex 2 7.99239 49.1743
      vertex 218 7.99239 49
      vertex 2 7.99239 49
    endloop
  endfacet
  facet normal 0 1 -0
    outer loop
      vertex 218 7.99239 5.99239
      vertex 2 7.99239 6
      vertex 218 7.99239 6
    endloop
  endfacet
  facet normal 0 1 0
    outer loop
      vertex 2 7.99239 6
      vertex 218 7.99239 5.99239
      vertex 2 7.99239 5.99239
    endloop
  endfacet
  facet normal 0 0.984804 0.173668
    outer loop
      vertex 218 7.99239 49.1743
      vertex 2 7.93185 49.5176
      vertex 218 7.93185 49.5176
    endloop
  endfacet
  facet normal 0 0.984804 0.173668
    outer loop
      vertex 2 7.93185 49.5176
      vertex 218 7.99239 49.1743
      vertex 2 7.99239 49.1743
    endloop
  endfacet
  facet normal -0.224384 0.837364 0.49847
    outer loop
      vertex 1.68524 7.78508 49.8452
      vertex 1.38005 7.7033 49.8452
      vertex 1.43967 7.5395 50.1472
    endloop
  endfacet
  facet normal -0.145085 0.311174 0.939213
    outer loop
      vertex 1.82296 6.48642 50.9319
      vertex 1.57738 6.732 50.8126
      vertex 1.74118 6.44829 50.9319
    endloop
  endfacet
  facet normal 0.283345 -0.195516 0.938877
    outer loop
      vertex 218.448 1.74118 50.9319
      vertex 218.397 1.66727 50.9319
      vertex 218.647 1.45669 50.8126
    endloop
  endfacet
  facet normal 0.709442 0.497364 0.499321
    outer loop
      vertex 219.389 7.16513 49.8452
      vertex 219.255 7.05308 50.1472
      vertex 219.419 6.81915 50.1472
    endloop
  endfacet
  facet normal -0.0450605 -0.16826 0.984712
    outer loop
      vertex 1.94038 1.8362 50.9924
      vertex 1.82296 1.51358 50.9319
      vertex 1.96973 1.82834 50.9924
    endloop
  endfacet
  facet normal -0.157871 -0.0736045 0.984713
    outer loop
      vertex 1.8362 1.94038 50.9924
      vertex 1.51358 1.82296 50.9319
      vertex 1.84904 1.91284 50.9924
    endloop
  endfacet
  facet normal -0.86361 -0.0755563 0.498467
    outer loop
      vertex 0.386586 1.71551 50.1472
      vertex 0.187385 2 49.8452
      vertex 0.214923 1.68524 49.8452
    endloop
  endfacet
  facet normal -1 0 0
    outer loop
      vertex 0.00761127 24 1.82569
      vertex 0.00761127 6 4.17431
      vertex 0.00761127 24 4.17431
    endloop
  endfacet
  facet normal -1 0 0
    outer loop
      vertex 0.00761127 2 1.82569
      vertex 0.00761127 6 6
      vertex 0.00761127 6 4.17431
    endloop
  endfacet
  facet normal -1 0 0
    outer loop
      vertex 0.00761127 6 6
      vertex 0.00761127 2 49.1743
      vertex 0.00761127 6 49
    endloop
  endfacet
  facet normal -1 0 0
    outer loop
      vertex 0.00761127 2 1.82569
      vertex 0.00761127 6 4.17431
      vertex 0.00761127 24 1.82569
    endloop
  endfacet
  facet normal -1 -0 0
    outer loop
      vertex 0.00761127 6 6
      vertex 0.00761127 2 1.82569
      vertex 0.00761127 2 49.1743
    endloop
  endfacet
  facet normal -1 0 0
    outer loop
      vertex 0.00761127 6 49
      vertex 0.00761127 2 49.1743
      vertex 0.00761127 6 49.1743
    endloop
  endfacet
  facet normal -0.0888104 -0.331484 -0.939271
    outer loop
      vertex 1.85323 1.16761 0.187385
      vertex 1.71091 1.20574 0.187385
      vertex 1.82296 1.51358 0.0681486
    endloop
  endfacet
  facet normal -0.863548 -0.0755517 -0.498575
    outer loop
      vertex 0.386586 1.71551 0.852848
      vertex 0.187385 2 1.15476
      vertex 0.361696 2 0.852848
    endloop
  endfacet
  facet normal -0.852032 -0.397303 0.34087
    outer loop
      vertex 0.430229 1.09369 49.8452
      vertex 0.184653 1.33927 49.5176
      vertex 0.326968 1.03407 49.5176
    endloop
  endfacet
  facet normal -0.741038 -0.198557 0.641434
    outer loop
      vertex 0.607272 1.75443 50.4142
      vertex 0.460498 1.43967 50.1472
      vertex 0.671075 1.51631 50.4142
    endloop
  endfacet
  facet normal -0.695303 -0.324217 0.641434
    outer loop
      vertex 0.671075 1.51631 50.4142
      vertex 0.460498 1.43967 50.1472
      vertex 0.775255 1.29289 50.4142
    endloop
  endfacet
  facet normal -0.342027 -0.0299451 0.939213
    outer loop
      vertex 1.49023 1.91011 50.9319
      vertex 1.15476 2 50.8126
      vertex 1.16761 1.85323 50.8126
    endloop
  endfacet
  facet normal -0.499503 -0.043699 0.865209
    outer loop
      vertex 1.15476 2 50.8126
      vertex 0.852848 2 50.6383
      vertex 0.870275 1.8008 50.6383
    endloop
  endfacet
  facet normal -0.936533 -0.0819363 0.340869
    outer loop
      vertex 0.187385 2 49.8452
      vertex 0.0974979 1.66454 49.5176
      vertex 0.214923 1.68524 49.8452
    endloop
  endfacet
  facet normal -0.908078 -0.24332 0.340866
    outer loop
      vertex 0.214923 1.68524 49.8452
      vertex 0.0974979 1.66454 49.5176
      vertex 0.296699 1.38005 49.8452
    endloop
  endfacet
  facet normal -0.173521 0.015191 0.984713
    outer loop
      vertex 1.82834 6.03027 50.9924
      vertex 1.48236 6 50.9319
      vertex 1.82569 6 50.9924
    endloop
  endfacet
  facet normal -0.906304 0.422627 0
    outer loop
      vertex 0.127767 6.68144 49
      vertex 0.274541 6.99619 49.1743
      vertex 0.274541 6.99619 49
    endloop
  endfacet
  facet normal -0.906304 0.422627 0
    outer loop
      vertex 0.274541 6.99619 49.1743
      vertex 0.127767 6.68144 49
      vertex 0.127767 6.68144 49.1743
    endloop
  endfacet
  facet normal -0.906302 0.42263 1.11937e-06
    outer loop
      vertex 0.127767 6.68144 6
      vertex 0.274541 6.99619 4.99619
      vertex 0.187385 6.80929 4.84524
    endloop
  endfacet
  facet normal -0.906306 0.422622 0
    outer loop
      vertex 0.127767 6.68144 6
      vertex 0.187385 6.80929 4.84524
      vertex 0.127767 6.68144 4.68144
    endloop
  endfacet
  facet normal -0.906304 0.422627 0
    outer loop
      vertex 0.274541 6.99619 4.99619
      vertex 0.127767 6.68144 6
      vertex 0.274541 6.99619 6
    endloop
  endfacet
  facet normal -0.564917 0.806802 0.173033
    outer loop
      vertex 1.00381 7.72546 49.1743
      vertex 0.719317 7.52626 49.1743
      vertex 0.75823 7.47988 49.5176
    endloop
  endfacet
  facet normal -0.707114 0.7071 0
    outer loop
      vertex 0.473742 7.28068 49
      vertex 0.719317 7.52626 49.1743
      vertex 0.719317 7.52626 49
    endloop
  endfacet
  facet normal -0.707114 0.7071 0
    outer loop
      vertex 0.719317 7.52626 49.1743
      vertex 0.473742 7.28068 49
      vertex 0.473742 7.28068 49.1743
    endloop
  endfacet
  facet normal -0.707109 0.707105 5.20074e-06
    outer loop
      vertex 0.473742 7.28068 6
      vertex 0.719317 7.52626 5.52626
      vertex 0.585787 7.39273 5.41421
    endloop
  endfacet
  facet normal -0.707123 0.707091 0
    outer loop
      vertex 0.473742 7.28068 6
      vertex 0.585787 7.39273 5.41421
      vertex 0.473742 7.28068 5.28068
    endloop
  endfacet
  facet normal -0.707114 0.7071 0
    outer loop
      vertex 0.719317 7.52626 5.52626
      vertex 0.473742 7.28068 6
      vertex 0.719317 7.52626 6
    endloop
  endfacet
  facet normal -0.366371 0.785684 0.49847
    outer loop
      vertex 1.38005 7.7033 49.8452
      vertex 1.18085 7.41881 50.1472
      vertex 1.43967 7.5395 50.1472
    endloop
  endfacet
  facet normal -0.211905 0.454426 0.865213
    outer loop
      vertex 1.60765 7.07797 50.6383
      vertex 1.42642 6.99346 50.6383
      vertex 1.71091 6.79426 50.8126
    endloop
  endfacet
  facet normal -0.785686 0.366369 0.498469
    outer loop
      vertex 0.581187 6.81915 50.1472
      vertex 0.296699 6.61995 49.8452
      vertex 0.460498 6.56033 50.1472
    endloop
  endfacet
  facet normal 0.324919 0.695431 0.640939
    outer loop
      vertex 218.56 7.5395 50.1472
      vertex 218.484 7.32893 50.4142
      vertex 218.707 7.22474 50.4142
    endloop
  endfacet
  facet normal -0.936533 0.081937 0.340869
    outer loop
      vertex 0.0974979 6.33546 49.5176
      vertex 0.0681486 6 49.5176
      vertex 0.187385 6 49.8452
    endloop
  endfacet
  facet normal -0.939693 0 0.34202
    outer loop
      vertex 0.0681486 2 49.5176
      vertex 0.187385 6 49.8452
      vertex 0.0681486 6 49.5176
    endloop
  endfacet
  facet normal -0.939693 0 0.34202
    outer loop
      vertex 0.187385 6 49.8452
      vertex 0.0681486 2 49.5176
      vertex 0.187385 2 49.8452
    endloop
  endfacet
  facet normal -0.497244 0.71012 0.498475
    outer loop
      vertex 1.09369 7.56977 49.8452
      vertex 0.834873 7.38854 49.8452
      vertex 1.18085 7.41881 50.1472
    endloop
  endfacet
  facet normal -0.539234 0.770088 0.340868
    outer loop
      vertex 1.09369 7.56977 49.8452
      vertex 0.75823 7.47988 49.5176
      vertex 0.834873 7.38854 49.8452
    endloop
  endfacet
  facet normal -0.454443 0.21189 0.865207
    outer loop
      vertex 1.268 6.42262 50.8126
      vertex 1.00654 6.57358 50.6383
      vertex 1.20574 6.28909 50.8126
    endloop
  endfacet
  facet normal 0.965846 0.259117 0
    outer loop
      vertex 219.962 6.34597 49.1743
      vertex 219.872 6.68144 49
      vertex 219.872 6.68144 49.1743
    endloop
  endfacet
  facet normal 0.965846 0.259117 0
    outer loop
      vertex 219.872 6.68144 49
      vertex 219.962 6.34597 49.1743
      vertex 219.962 6.34597 49
    endloop
  endfacet
  facet normal 0.965846 0.259117 0
    outer loop
      vertex 219.962 6.34597 6
      vertex 219.872 6.68144 4.68144
      vertex 219.872 6.68144 6
    endloop
  endfacet
  facet normal 0.965564 0.260166 0.000286069
    outer loop
      vertex 219.872 6.68144 4.68144
      vertex 219.962 6.34597 6
      vertex 219.932 6.45894 4.51764
    endloop
  endfacet
  facet normal 0.966501 0.256661 0
    outer loop
      vertex 219.932 6.45894 4.51764
      vertex 219.962 6.34597 6
      vertex 219.962 6.34597 4.34597
    endloop
  endfacet
  facet normal 0.852657 -0.396017 -0.340803
    outer loop
      vertex 219.815 1.33927 1.48236
      vertex 219.57 1.09369 1.15476
      vertex 219.703 1.38005 1.15476
    endloop
  endfacet
  facet normal 0.908281 -0.244042 -0.339806
    outer loop
      vertex 219.902 1.66454 1.48236
      vertex 219.703 1.38005 1.15476
      vertex 219.785 1.68524 1.15476
    endloop
  endfacet
  facet normal 0.862994 -0.0767691 -0.499347
    outer loop
      vertex 219.785 1.68524 1.15476
      vertex 219.613 1.71551 0.852848
      vertex 219.813 2 1.15476
    endloop
  endfacet
  facet normal 0.0859577 -0.981142 -0.173126
    outer loop
      vertex 218.346 0.0378799 1.82569
      vertex 218 0.0681486 1.48236
      vertex 218.335 0.0974979 1.48236
    endloop
  endfacet
  facet normal 0 -0.984808 -0.173645
    outer loop
      vertex 2 0.0681486 1.48236
      vertex 218 0.00761127 1.82569
      vertex 2 0.00761127 1.82569
    endloop
  endfacet
  facet normal 0 -0.984808 -0.173645
    outer loop
      vertex 218 0.00761127 1.82569
      vertex 2 0.0681486 1.48236
      vertex 218 0.0681486 1.48236
    endloop
  endfacet
  facet normal 0.288758 -0.410022 -0.865159
    outer loop
      vertex 218.574 1.00654 0.361696
      vertex 218.423 1.268 0.187385
      vertex 218.543 1.35251 0.187385
    endloop
  endfacet
  facet normal 0.32492 -0.695499 -0.640865
    outer loop
      vertex 218.56 0.460498 0.852848
      vertex 218.484 0.671075 0.585787
      vertex 218.707 0.775255 0.585787
    endloop
  endfacet
  facet normal 0.39768 -0.851767 -0.341093
    outer loop
      vertex 218.661 0.184653 1.48236
      vertex 218.62 0.296699 1.15476
      vertex 218.906 0.430229 1.15476
    endloop
  endfacet
  facet normal 0.254365 -0.951443 -0.173364
    outer loop
      vertex 218.346 0.0378799 1.82569
      vertex 218.335 0.0974979 1.48236
      vertex 218.661 0.184653 1.48236
    endloop
  endfacet
  facet normal 0.331736 -0.0913559 0.938938
    outer loop
      vertex 218.51 1.91011 50.9319
      vertex 218.486 1.82296 50.9319
      vertex 218.832 1.85323 50.8126
    endloop
  endfacet
  facet normal 0.527485 -0.370935 0.764308
    outer loop
      vertex 219.225 1.29289 50.4142
      vertex 218.879 1.26262 50.6383
      vertex 219.083 1.09096 50.4142
    endloop
  endfacet
  facet normal 0.342542 -0.0303403 0.939013
    outer loop
      vertex 218.845 2 50.8126
      vertex 218.51 1.91011 50.9319
      vertex 218.832 1.85323 50.8126
    endloop
  endfacet
  facet normal 0.7661 -0 0.642721
    outer loop
      vertex 219.414 2 50.4142
      vertex 219.638 6 50.1472
      vertex 219.414 6 50.4142
    endloop
  endfacet
  facet normal 0.7661 0 0.642721
    outer loop
      vertex 219.638 6 50.1472
      vertex 219.414 2 50.4142
      vertex 219.638 2 50.1472
    endloop
  endfacet
  facet normal 0.951226 -0.255195 0.173332
    outer loop
      vertex 219.962 1.65403 49.1743
      vertex 219.815 1.33927 49.5176
      vertex 219.872 1.31856 49.1743
    endloop
  endfacet
  facet normal 0.770442 -0.539064 0.340337
    outer loop
      vertex 219.57 1.09369 49.8452
      vertex 219.48 0.75823 49.5176
      vertex 219.673 1.03407 49.5176
    endloop
  endfacet
  facet normal 0.951226 0.255195 0.173332
    outer loop
      vertex 219.872 6.68144 49.1743
      vertex 219.815 6.66073 49.5176
      vertex 219.962 6.34597 49.1743
    endloop
  endfacet
  facet normal 0.707942 0.70627 0
    outer loop
      vertex 219.526 7.28068 49.1743
      vertex 219.281 7.52626 49
      vertex 219.281 7.52626 49.1743
    endloop
  endfacet
  facet normal 0.707942 0.70627 0
    outer loop
      vertex 219.281 7.52626 49
      vertex 219.526 7.28068 49.1743
      vertex 219.526 7.28068 49
    endloop
  endfacet
  facet normal 0.707942 0.70627 0
    outer loop
      vertex 219.526 7.28068 6
      vertex 219.281 7.52626 5.52626
      vertex 219.281 7.52626 6
    endloop
  endfacet
  facet normal 0.708339 0.705872 -0.000411305
    outer loop
      vertex 219.281 7.52626 5.52626
      vertex 219.526 7.28068 6
      vertex 219.414 7.39273 5.41421
    endloop
  endfacet
  facet normal 0.707265 0.706949 0
    outer loop
      vertex 219.414 7.39273 5.41421
      vertex 219.526 7.28068 6
      vertex 219.526 7.28068 5.28068
    endloop
  endfacet
  facet normal 0 0.866075 0.499914
    outer loop
      vertex 218 7.81262 49.8452
      vertex 2 7.6383 50.1472
      vertex 218 7.6383 50.1472
    endloop
  endfacet
  facet normal 0 0.866075 0.499914
    outer loop
      vertex 2 7.6383 50.1472
      vertex 218 7.81262 49.8452
      vertex 2 7.81262 49.8452
    endloop
  endfacet
  facet normal -0.129758 0.484322 0.865214
    outer loop
      vertex 1.8008 7.12972 50.6383
      vertex 1.71091 6.79426 50.8126
      vertex 1.85323 6.83239 50.8126
    endloop
  endfacet
  facet normal -0.0819363 -0.936533 0.340869
    outer loop
      vertex 1.68524 0.214923 49.8452
      vertex 1.66454 0.0974979 49.5176
      vertex 2 0.187385 49.8452
    endloop
  endfacet
  facet normal -0.0858418 -0.981171 0.173019
    outer loop
      vertex 2 0.0681486 49.5176
      vertex 1.65403 0.0378799 49.1743
      vertex 2 0.00761127 49.1743
    endloop
  endfacet
  facet normal -0.081937 -0.936533 0.340869
    outer loop
      vertex 2 0.187385 49.8452
      vertex 1.66454 0.0974979 49.5176
      vertex 2 0.0681486 49.5176
    endloop
  endfacet
  facet normal -0.0755563 -0.86361 0.498467
    outer loop
      vertex 1.71551 0.386586 50.1472
      vertex 1.68524 0.214923 49.8452
      vertex 2 0.187385 49.8452
    endloop
  endfacet
  facet normal 0.19854 -0.741384 0.64104
    outer loop
      vertex 218.56 0.460498 50.1472
      vertex 218.246 0.607272 50.4142
      vertex 218.284 0.386586 50.1472
    endloop
  endfacet
  facet normal 0 -0.866086 0.499895
    outer loop
      vertex 2 0.187385 49.8452
      vertex 218 0.361696 50.1472
      vertex 2 0.361696 50.1472
    endloop
  endfacet
  facet normal 0 -0.866086 0.499895
    outer loop
      vertex 218 0.361696 50.1472
      vertex 2 0.187385 49.8452
      vertex 218 0.187385 49.8452
    endloop
  endfacet
  facet normal 0.892345 -0.416758 0.173302
    outer loop
      vertex 219.815 1.33927 49.5176
      vertex 219.725 1.00381 49.1743
      vertex 219.872 1.31856 49.1743
    endloop
  endfacet
  facet normal 0.538904 -0.77007 0.34143
    outer loop
      vertex 219.242 0.520116 49.5176
      vertex 218.906 0.430229 49.8452
      vertex 218.966 0.326968 49.5176
    endloop
  endfacet
  facet normal 0.965846 -0.259117 0
    outer loop
      vertex 219.872 1.31856 49.1743
      vertex 219.962 1.65403 1.82569
      vertex 219.962 1.65403 49.1743
    endloop
  endfacet
  facet normal 0.965846 -0.259117 0
    outer loop
      vertex 219.962 1.65403 1.82569
      vertex 219.872 1.31856 49.1743
      vertex 219.872 1.31856 1.82569
    endloop
  endfacet
  facet normal 0.324051 -0.695418 0.641393
    outer loop
      vertex 218.707 0.775255 50.4142
      vertex 218.56 0.460498 50.1472
      vertex 218.819 0.581187 50.1472
    endloop
  endfacet
  facet normal 0.439966 -0.628523 0.641395
    outer loop
      vertex 219.053 0.744987 50.1472
      vertex 218.707 0.775255 50.4142
      vertex 218.819 0.581187 50.1472
    endloop
  endfacet
  facet normal 0.224192 -0.837172 0.498879
    outer loop
      vertex 218.56 0.460498 50.1472
      vertex 218.284 0.386586 50.1472
      vertex 218.315 0.214923 49.8452
    endloop
  endfacet
  facet normal 0.572885 -0.819636 0
    outer loop
      vertex 218.996 0.274541 1.82569
      vertex 219.281 0.473742 49.1743
      vertex 218.996 0.274541 49.1743
    endloop
  endfacet
  facet normal 0.572885 -0.819636 0
    outer loop
      vertex 219.281 0.473742 49.1743
      vertex 218.996 0.274541 1.82569
      vertex 219.281 0.473742 1.82569
    endloop
  endfacet
  facet normal 0.641924 -0.0547827 0.764809
    outer loop
      vertex 219.147 2 50.6383
      vertex 219.13 1.8008 50.6383
      vertex 219.414 2 50.4142
    endloop
  endfacet
  facet normal 0.642889 0 0.765959
    outer loop
      vertex 219.147 6 50.6383
      vertex 219.414 2 50.4142
      vertex 219.414 6 50.4142
    endloop
  endfacet
  facet normal 0.642889 0 0.765959
    outer loop
      vertex 219.414 2 50.4142
      vertex 219.147 6 50.6383
      vertex 219.147 2 50.6383
    endloop
  endfacet
  facet normal -0.539228 -0.770092 0.340868
    outer loop
      vertex 0.834873 0.611456 49.8452
      vertex 0.75823 0.520116 49.5176
      vertex 1.09369 0.430229 49.8452
    endloop
  endfacet
  facet normal -0.224375 -0.837369 0.498467
    outer loop
      vertex 1.71551 0.386586 50.1472
      vertex 1.43967 0.460498 50.1472
      vertex 1.68524 0.214923 49.8452
    endloop
  endfacet
  facet normal -0.696443 -0.696443 0.173019
    outer loop
      vertex 0.719317 0.473742 49.1743
      vertex 0.520116 0.75823 49.5176
      vertex 0.473742 0.719317 49.1743
    endloop
  endfacet
  facet normal -0.696443 -0.696443 0.173019
    outer loop
      vertex 0.520116 0.75823 49.5176
      vertex 0.719317 0.473742 49.1743
      vertex 0.75823 0.520116 49.5176
    endloop
  endfacet
  facet normal -0.564933 -0.806796 0.173005
    outer loop
      vertex 1.03407 0.326968 49.5176
      vertex 0.75823 0.520116 49.5176
      vertex 1.00381 0.274541 49.1743
    endloop
  endfacet
  facet normal -0.56492 -0.806802 0.173019
    outer loop
      vertex 0.75823 0.520116 49.5176
      vertex 0.719317 0.473742 49.1743
      vertex 1.00381 0.274541 49.1743
    endloop
  endfacet
  facet normal -0.628433 -0.44004 0.641434
    outer loop
      vertex 0.775255 1.29289 50.4142
      vertex 0.744987 0.946918 50.1472
      vertex 0.91665 1.09096 50.4142
    endloop
  endfacet
  facet normal -0.272263 -0.583884 0.764822
    outer loop
      vertex 1.60765 0.922029 50.6383
      vertex 1.29289 0.775255 50.4142
      vertex 1.51631 0.671075 50.4142
    endloop
  endfacet
  facet normal -0.287603 -0.41073 0.865209
    outer loop
      vertex 1.45669 1.35251 50.8126
      vertex 1.42642 1.00654 50.6383
      vertex 1.57738 1.268 50.8126
    endloop
  endfacet
  facet normal -0.36951 -0.527734 0.764826
    outer loop
      vertex 1.42642 1.00654 50.6383
      vertex 1.26262 1.12123 50.6383
      vertex 1.29289 0.775255 50.4142
    endloop
  endfacet
  facet normal -0.416241 -0.892646 -0.172994
    outer loop
      vertex 1.33927 0.184653 1.48236
      vertex 1.00381 0.274541 1.82569
      vertex 1.03407 0.326968 1.48236
    endloop
  endfacet
  facet normal -0.0819363 -0.936533 -0.340869
    outer loop
      vertex 2 0.187385 1.15476
      vertex 1.66454 0.0974979 1.48236
      vertex 1.68524 0.214923 1.15476
    endloop
  endfacet
  facet normal 0 -0.766044 -0.642788
    outer loop
      vertex 2 0.585787 0.585787
      vertex 218 0.361696 0.852848
      vertex 2 0.361696 0.852848
    endloop
  endfacet
  facet normal 0 -0.766044 -0.642788
    outer loop
      vertex 218 0.361696 0.852848
      vertex 2 0.585787 0.585787
      vertex 218 0.585787 0.585787
    endloop
  endfacet
  facet normal -0.785629 -0.366343 -0.498578
    outer loop
      vertex 0.581187 1.18085 0.852848
      vertex 0.296699 1.38005 1.15476
      vertex 0.460498 1.43967 0.852848
    endloop
  endfacet
  facet normal -0.892646 -0.416241 -0.172994
    outer loop
      vertex 0.274541 1.00381 1.82569
      vertex 0.184653 1.33927 1.48236
      vertex 0.326968 1.03407 1.48236
    endloop
  endfacet
  facet normal -0.696444 -0.696444 -0.173005
    outer loop
      vertex 0.75823 0.520116 1.48236
      vertex 0.473742 0.719317 1.82569
      vertex 0.520116 0.75823 1.48236
    endloop
  endfacet
  facet normal -0.696444 -0.696444 -0.173005
    outer loop
      vertex 0.473742 0.719317 1.82569
      vertex 0.75823 0.520116 1.48236
      vertex 0.719317 0.473742 1.82569
    endloop
  endfacet
  facet normal -0.770092 -0.539228 -0.340868
    outer loop
      vertex 0.520116 0.75823 1.48236
      vertex 0.430229 1.09369 1.15476
      vertex 0.611456 0.834873 1.15476
    endloop
  endfacet
  facet normal -0.0450874 -0.168361 -0.984694
    outer loop
      vertex 1.96973 1.82834 0.00761127
      vertex 1.82296 1.51358 0.0681486
      vertex 1.94038 1.8362 0.00761127
    endloop
  endfacet
  facet normal 0.173317 0 -0.984866
    outer loop
      vertex 218.174 2 0.00761127
      vertex 218.518 24 0.0681486
      vertex 218.518 2 0.0681486
    endloop
  endfacet
  facet normal 0.173317 0 -0.984866
    outer loop
      vertex 218.518 24 0.0681486
      vertex 218.174 2 0.00761127
      vertex 218.174 24 0.00761127
    endloop
  endfacet
  facet normal 0.173636 -0.0154532 -0.984689
    outer loop
      vertex 218.51 1.91011 0.0681486
      vertex 218.172 1.96973 0.00761127
      vertex 218.518 2 0.0681486
    endloop
  endfacet
  facet normal 0.0153369 -0.173625 -0.984692
    outer loop
      vertex 218.03 1.82834 0.00761127
      vertex 218 1.48236 0.0681486
      vertex 218 1.82569 0.00761127
    endloop
  endfacet
  facet normal -0.0299311 -0.341866 -0.939272
    outer loop
      vertex 2 1.15476 0.187385
      vertex 1.85323 1.16761 0.187385
      vertex 1.91011 1.49023 0.0681486
    endloop
  endfacet
  facet normal -0.695368 -0.324254 -0.641344
    outer loop
      vertex 0.581187 1.18085 0.852848
      vertex 0.460498 1.43967 0.852848
      vertex 0.775255 1.29289 0.585787
    endloop
  endfacet
  facet normal -0.129763 -0.484339 -0.865203
    outer loop
      vertex 1.8008 0.870275 0.361696
      vertex 1.71091 1.20574 0.187385
      vertex 1.85323 1.16761 0.187385
    endloop
  endfacet
  facet normal -0.0561491 -0.641775 -0.764834
    outer loop
      vertex 2 0.585787 0.585787
      vertex 1.75443 0.607272 0.585787
      vertex 1.8008 0.870275 0.361696
    endloop
  endfacet
  facet normal -0.366343 -0.785629 -0.498578
    outer loop
      vertex 1.38005 0.296699 1.15476
      vertex 1.18085 0.581187 0.852848
      vertex 1.43967 0.460498 0.852848
    endloop
  endfacet
  facet normal -0.341866 -0.0299309 -0.939272
    outer loop
      vertex 1.49023 1.91011 0.0681486
      vertex 1.15476 2 0.187385
      vertex 1.48236 2 0.0681486
    endloop
  endfacet
  facet normal -0.0152012 -0.173625 -0.984694
    outer loop
      vertex 2 1.48236 0.0681486
      vertex 1.91011 1.49023 0.0681486
      vertex 1.96973 1.82834 0.00761127
    endloop
  endfacet
  facet normal -0.196931 -0.281241 0.939213
    outer loop
      vertex 1.74118 1.55171 50.9319
      vertex 1.45669 1.35251 50.8126
      vertex 1.57738 1.268 50.8126
    endloop
  endfacet
  facet normal -0.196944 -0.281224 0.939216
    outer loop
      vertex 1.66727 1.60347 50.9319
      vertex 1.45669 1.35251 50.8126
      vertex 1.74118 1.55171 50.9319
    endloop
  endfacet
  facet normal -0.0299451 -0.342027 0.939213
    outer loop
      vertex 1.91011 1.49023 50.9319
      vertex 1.85323 1.16761 50.8126
      vertex 2 1.15476 50.8126
    endloop
  endfacet
  facet normal -0.0888561 -0.331641 0.939212
    outer loop
      vertex 1.91011 1.49023 50.9319
      vertex 1.82296 1.51358 50.9319
      vertex 1.85323 1.16761 50.8126
    endloop
  endfacet
  facet normal 0.0996474 -0.142925 -0.984704
    outer loop
      vertex 218.333 1.60347 0.0681486
      vertex 218.087 1.84904 0.00761127
      vertex 218.112 1.86647 0.00761127
    endloop
  endfacet
  facet normal 0 -0.642788 -0.766044
    outer loop
      vertex 2 0.585787 0.585787
      vertex 218 0.852848 0.361696
      vertex 218 0.585787 0.585787
    endloop
  endfacet
  facet normal -0 -0.642788 -0.766044
    outer loop
      vertex 218 0.852848 0.361696
      vertex 2 0.585787 0.585787
      vertex 2 0.852848 0.361696
    endloop
  endfacet
  facet normal 0.144676 -0.31113 -0.939291
    outer loop
      vertex 218.423 1.268 0.187385
      vertex 218.177 1.51358 0.0681486
      vertex 218.259 1.55171 0.0681486
    endloop
  endfacet
  facet normal 0.371009 -0.527286 -0.76441
    outer loop
      vertex 218.707 0.775255 0.585787
      vertex 218.574 1.00654 0.361696
      vertex 218.737 1.12123 0.361696
    endloop
  endfacet
  facet normal 0.695075 -0.323551 -0.642017
    outer loop
      vertex 219.54 1.43967 0.852848
      vertex 219.225 1.29289 0.585787
      vertex 219.329 1.51631 0.585787
    endloop
  endfacet
  facet normal 0 -0.500004 -0.866023
    outer loop
      vertex 2 0.852848 0.361696
      vertex 218 1.15476 0.187385
      vertex 218 0.852848 0.361696
    endloop
  endfacet
  facet normal -0 -0.500004 -0.866023
    outer loop
      vertex 218 1.15476 0.187385
      vertex 2 0.852848 0.361696
      vertex 2 1.15476 0.187385
    endloop
  endfacet
  facet normal 0.0437449 -0.499526 -0.865194
    outer loop
      vertex 218.199 0.870275 0.361696
      vertex 218 0.852848 0.361696
      vertex 218 1.15476 0.187385
    endloop
  endfacet
  facet normal 0.765256 -0.067248 -0.640204
    outer loop
      vertex 219.613 1.71551 0.852848
      vertex 219.393 1.75443 0.585787
      vertex 219.638 2 0.852848
    endloop
  endfacet
  facet normal 0.837551 -0.221655 -0.499378
    outer loop
      vertex 219.785 1.68524 1.15476
      vertex 219.54 1.43967 0.852848
      vertex 219.613 1.71551 0.852848
    endloop
  endfacet
  facet normal 0.353403 -0.354928 -0.865524
    outer loop
      vertex 218.737 1.12123 0.361696
      vertex 218.647 1.45669 0.187385
      vertex 218.879 1.26262 0.361696
    endloop
  endfacet
  facet normal 0.354934 -0.354321 -0.865147
    outer loop
      vertex 218.647 1.45669 0.187385
      vertex 218.737 1.12123 0.361696
      vertex 218.543 1.35251 0.187385
    endloop
  endfacet
  facet normal 0.499895 0 -0.866086
    outer loop
      vertex 218.845 2 0.187385
      vertex 219.147 24 0.361696
      vertex 219.147 2 0.361696
    endloop
  endfacet
  facet normal 0.499895 0 -0.866086
    outer loop
      vertex 219.147 24 0.361696
      vertex 218.845 2 0.187385
      vertex 218.845 24 0.187385
    endloop
  endfacet
  facet normal -0.422617 0.906308 0
    outer loop
      vertex 1.31856 7.87223 49
      vertex 1.00381 7.72546 49.1743
      vertex 1.31856 7.87223 49.1743
    endloop
  endfacet
  facet normal -0.422617 0.906308 0
    outer loop
      vertex 1.00381 7.72546 49.1743
      vertex 1.31856 7.87223 49
      vertex 1.00381 7.72546 49
    endloop
  endfacet
  facet normal -0.422613 0.90631 0
    outer loop
      vertex 1.15476 7.79585 5.81262
      vertex 1.31856 7.87223 6
      vertex 1.31856 7.87223 5.87223
    endloop
  endfacet
  facet normal -0.422617 0.906308 4.93278e-06
    outer loop
      vertex 1.31856 7.87223 6
      vertex 1.15476 7.79585 5.81262
      vertex 1.00381 7.72546 6
    endloop
  endfacet
  facet normal -0.422622 0.906306 0
    outer loop
      vertex 1.00381 7.72546 6
      vertex 1.15476 7.79585 5.81262
      vertex 1.00381 7.72546 5.72546
    endloop
  endfacet
  facet normal 0.416035 0.8929 0.172178
    outer loop
      vertex 218.681 7.87223 49.1743
      vertex 218.661 7.81535 49.5176
      vertex 218.996 7.72546 49.1743
    endloop
  endfacet
  facet normal -0.243302 0.908078 0.340879
    outer loop
      vertex 1.66454 7.9025 49.5176
      vertex 1.33927 7.81535 49.5176
      vertex 1.38005 7.7033 49.8452
    endloop
  endfacet
  facet normal 0.0820512 0.93653 0.34085
    outer loop
      vertex 218 7.93185 49.5176
      vertex 218 7.81262 49.8452
      vertex 218.335 7.9025 49.5176
    endloop
  endfacet
  facet normal 0.0441818 -0.168633 0.984688
    outer loop
      vertex 218.06 1.8362 50.9924
      vertex 218.03 1.82834 50.9924
      vertex 218.177 1.51358 50.9319
    endloop
  endfacet
  facet normal 0.0890382 -0.331587 0.939213
    outer loop
      vertex 218.177 1.51358 50.9319
      vertex 218.147 1.16761 50.8126
      vertex 218.289 1.20574 50.8126
    endloop
  endfacet
  facet normal 0.283345 0.195516 0.938877
    outer loop
      vertex 218.647 6.54331 50.8126
      vertex 218.397 6.33273 50.9319
      vertex 218.448 6.25882 50.9319
    endloop
  endfacet
  facet normal 0.173533 0.015444 0.984707
    outer loop
      vertex 218.51 6.08989 50.9319
      vertex 218.172 6.03027 50.9924
      vertex 218.518 6 50.9319
    endloop
  endfacet
  facet normal -0.015191 -0.173521 0.984713
    outer loop
      vertex 2 1.82569 50.9924
      vertex 1.96973 1.82834 50.9924
      vertex 2 1.48236 50.9319
    endloop
  endfacet
  facet normal -0.0999199 -0.142679 0.984712
    outer loop
      vertex 1.91284 1.84904 50.9924
      vertex 1.66727 1.60347 50.9319
      vertex 1.74118 1.55171 50.9319
    endloop
  endfacet
  facet normal -0.0736073 -0.157871 0.984713
    outer loop
      vertex 1.91284 1.84904 50.9924
      vertex 1.74118 1.55171 50.9319
      vertex 1.82296 1.51358 50.9319
    endloop
  endfacet
  facet normal -0.157871 -0.0736073 0.984713
    outer loop
      vertex 1.84904 1.91284 50.9924
      vertex 1.51358 1.82296 50.9319
      vertex 1.55171 1.74118 50.9319
    endloop
  endfacet
  facet normal -0.142679 -0.0999199 0.984712
    outer loop
      vertex 1.84904 1.91284 50.9924
      vertex 1.55171 1.74118 50.9319
      vertex 1.60347 1.66727 50.9319
    endloop
  endfacet
  facet normal -0.981171 -0.0858418 0.173019
    outer loop
      vertex 0.0681486 2 49.5176
      vertex 0.00761127 2 49.1743
      vertex 0.0378799 1.65403 49.1743
    endloop
  endfacet
  facet normal -0.981173 -0.0858425 -0.173005
    outer loop
      vertex 0.0974979 1.66454 1.48236
      vertex 0.0378799 1.65403 1.82569
      vertex 0.0681486 2 1.48236
    endloop
  endfacet
  facet normal -0.951361 -0.254914 -0.173004
    outer loop
      vertex 0.184653 1.33927 1.48236
      vertex 0.0378799 1.65403 1.82569
      vertex 0.0974979 1.66454 1.48236
    endloop
  endfacet
  facet normal -0.965927 -0.258814 0
    outer loop
      vertex 0.127767 1.31856 1.82569
      vertex 0.0378799 1.65403 49.1743
      vertex 0.0378799 1.65403 1.82569
    endloop
  endfacet
  facet normal -0.965927 -0.258814 0
    outer loop
      vertex 0.0378799 1.65403 49.1743
      vertex 0.127767 1.31856 1.82569
      vertex 0.127767 1.31856 49.1743
    endloop
  endfacet
  facet normal -0.906304 -0.422627 0
    outer loop
      vertex 0.274541 1.00381 1.82569
      vertex 0.127767 1.31856 49.1743
      vertex 0.127767 1.31856 1.82569
    endloop
  endfacet
  facet normal -0.906304 -0.422627 0
    outer loop
      vertex 0.127767 1.31856 49.1743
      vertex 0.274541 1.00381 1.82569
      vertex 0.274541 1.00381 49.1743
    endloop
  endfacet
  facet normal -0.0999797 -0.142765 -0.984694
    outer loop
      vertex 1.74118 1.55171 0.0681486
      vertex 1.66727 1.60347 0.0681486
      vertex 1.91284 1.84904 0.00761127
    endloop
  endfacet
  facet normal -0.695368 -0.324248 -0.641347
    outer loop
      vertex 0.775255 1.29289 0.585787
      vertex 0.460498 1.43967 0.852848
      vertex 0.671075 1.51631 0.585787
    endloop
  endfacet
  facet normal -0.622277 -0.166736 -0.764834
    outer loop
      vertex 0.671075 1.51631 0.585787
      vertex 0.607272 1.75443 0.585787
      vertex 0.922029 1.60765 0.361696
    endloop
  endfacet
  facet normal -0.866023 0 -0.500004
    outer loop
      vertex 0.361696 2 0.852848
      vertex 0.187385 24 1.15476
      vertex 0.361696 24 0.852848
    endloop
  endfacet
  facet normal -0.866023 -0 -0.500004
    outer loop
      vertex 0.187385 24 1.15476
      vertex 0.361696 2 0.852848
      vertex 0.187385 2 1.15476
    endloop
  endfacet
  facet normal -0.622291 -0.16674 0.764821
    outer loop
      vertex 0.922029 1.60765 50.6383
      vertex 0.607272 1.75443 50.4142
      vertex 0.671075 1.51631 50.4142
    endloop
  endfacet
  facet normal -0.583884 -0.272263 0.764822
    outer loop
      vertex 0.922029 1.60765 50.6383
      vertex 0.671075 1.51631 50.4142
      vertex 0.775255 1.29289 50.4142
    endloop
  endfacet
  facet normal -0.484319 -0.129772 0.865214
    outer loop
      vertex 1.20574 1.71091 50.8126
      vertex 0.870275 1.8008 50.6383
      vertex 0.922029 1.60765 50.6383
    endloop
  endfacet
  facet normal -0.33164 -0.0888522 0.939212
    outer loop
      vertex 1.51358 1.82296 50.9319
      vertex 1.16761 1.85323 50.8126
      vertex 1.20574 1.71091 50.8126
    endloop
  endfacet
  facet normal -0.770096 0.539225 0.340863
    outer loop
      vertex 0.520116 7.24177 49.5176
      vertex 0.430229 6.90631 49.8452
      vertex 0.611456 7.16513 49.8452
    endloop
  endfacet
  facet normal -0.892635 0.416253 0.173024
    outer loop
      vertex 0.274541 6.99619 49.1743
      vertex 0.127767 6.68144 49.1743
      vertex 0.184653 6.66073 49.5176
    endloop
  endfacet
  facet normal -0.981171 0.0858418 0.173019
    outer loop
      vertex 0.0378799 6.34597 49.1743
      vertex 0.00761127 6 49.1743
      vertex 0.0681486 6 49.5176
    endloop
  endfacet
  facet normal -0.86361 -0.0755572 0.498466
    outer loop
      vertex 0.361696 2 50.1472
      vertex 0.187385 2 49.8452
      vertex 0.386586 1.71551 50.1472
    endloop
  endfacet
  facet normal -0.866086 0 0.499895
    outer loop
      vertex 0.187385 2 49.8452
      vertex 0.361696 6 50.1472
      vertex 0.187385 6 49.8452
    endloop
  endfacet
  facet normal -0.866086 0 0.499895
    outer loop
      vertex 0.361696 6 50.1472
      vertex 0.187385 2 49.8452
      vertex 0.361696 2 50.1472
    endloop
  endfacet
  facet normal -0.892643 0.41624 0.173009
    outer loop
      vertex 0.274541 6.99619 49.1743
      vertex 0.184653 6.66073 49.5176
      vertex 0.326968 6.96593 49.5176
    endloop
  endfacet
  facet normal -0.852032 0.397303 0.34087
    outer loop
      vertex 0.326968 6.96593 49.5176
      vertex 0.184653 6.66073 49.5176
      vertex 0.430229 6.90631 49.8452
    endloop
  endfacet
  facet normal -0.664753 0.664765 0.340868
    outer loop
      vertex 0.520116 7.24177 49.5176
      vertex 0.834873 7.38854 49.8452
      vertex 0.75823 7.47988 49.5176
    endloop
  endfacet
  facet normal -0.66475 0.664771 0.340862
    outer loop
      vertex 0.834873 7.38854 49.8452
      vertex 0.520116 7.24177 49.5176
      vertex 0.611456 7.16513 49.8452
    endloop
  endfacet
  facet normal -0.785686 0.366366 0.498471
    outer loop
      vertex 0.430229 6.90631 49.8452
      vertex 0.296699 6.61995 49.8452
      vertex 0.581187 6.81915 50.1472
    endloop
  endfacet
  facet normal -0.287603 0.41073 0.865209
    outer loop
      vertex 1.57738 6.732 50.8126
      vertex 1.42642 6.99346 50.6383
      vertex 1.45669 6.64749 50.8126
    endloop
  endfacet
  facet normal -0.272272 0.583881 0.764821
    outer loop
      vertex 1.60765 7.07797 50.6383
      vertex 1.29289 7.22474 50.4142
      vertex 1.42642 6.99346 50.6383
    endloop
  endfacet
  facet normal -0.542479 0.542479 0.64143
    outer loop
      vertex 0.946918 7.25501 50.1472
      vertex 0.91665 6.90904 50.4142
      vertex 1.09096 7.08335 50.4142
    endloop
  endfacet
  facet normal -0.542477 0.54248 0.641431
    outer loop
      vertex 0.91665 6.90904 50.4142
      vertex 0.946918 7.25501 50.1472
      vertex 0.744987 7.05308 50.1472
    endloop
  endfacet
  facet normal -0.0736045 0.157871 0.984713
    outer loop
      vertex 1.94038 6.1638 50.9924
      vertex 1.82296 6.48642 50.9319
      vertex 1.91284 6.15096 50.9924
    endloop
  endfacet
  facet normal 0.157835 0.0745048 0.984651
    outer loop
      vertex 218.486 6.17704 50.9319
      vertex 218.151 6.08716 50.9924
      vertex 218.164 6.05962 50.9924
    endloop
  endfacet
  facet normal -0.0999411 0.142658 0.984713
    outer loop
      vertex 1.91284 6.15096 50.9924
      vertex 1.66727 6.39653 50.9319
      vertex 1.88796 6.13353 50.9924
    endloop
  endfacet
  facet normal -0.454424 0.211907 0.865213
    outer loop
      vertex 1.00654 6.57358 50.6383
      vertex 0.922029 6.39235 50.6383
      vertex 1.20574 6.28909 50.8126
    endloop
  endfacet
  facet normal 0.628324 -0.440492 -0.64123
    outer loop
      vertex 219.255 0.946918 0.852848
      vertex 219.225 1.29289 0.585787
      vertex 219.419 1.18085 0.852848
    endloop
  endfacet
  facet normal 0.622062 -0.167193 -0.764908
    outer loop
      vertex 219.329 1.51631 0.585787
      vertex 219.078 1.60765 0.361696
      vertex 219.393 1.75443 0.585787
    endloop
  endfacet
  facet normal 0.838066 -0.225176 -0.496932
    outer loop
      vertex 219.703 1.38005 1.15476
      vertex 219.54 1.43967 0.852848
      vertex 219.785 1.68524 1.15476
    endloop
  endfacet
  facet normal 0.865167 0 -0.501484
    outer loop
      vertex 219.813 2 1.15476
      vertex 219.638 24 0.852848
      vertex 219.813 24 1.15476
    endloop
  endfacet
  facet normal 0.865167 0 -0.501484
    outer loop
      vertex 219.638 24 0.852848
      vertex 219.813 2 1.15476
      vertex 219.638 2 0.852848
    endloop
  endfacet
  facet normal 0.893171 -0.415565 -0.171904
    outer loop
      vertex 219.725 1.00381 1.82569
      vertex 219.673 1.03407 1.48236
      vertex 219.815 1.33927 1.48236
    endloop
  endfacet
  facet normal 0.742539 -0.19651 -0.640328
    outer loop
      vertex 219.54 1.43967 0.852848
      vertex 219.393 1.75443 0.585787
      vertex 219.613 1.71551 0.852848
    endloop
  endfacet
  facet normal 0.0756813 -0.863539 -0.49857
    outer loop
      vertex 218.284 0.386586 0.852848
      vertex 218 0.187385 1.15476
      vertex 218 0.361696 0.852848
    endloop
  endfacet
  facet normal 0.242796 -0.908168 -0.340999
    outer loop
      vertex 218.661 0.184653 1.48236
      vertex 218.335 0.0974979 1.48236
      vertex 218.62 0.296699 1.15476
    endloop
  endfacet
  facet normal 0.224456 -0.837152 -0.498794
    outer loop
      vertex 218.62 0.296699 1.15476
      vertex 218.315 0.214923 1.15476
      vertex 218.56 0.460498 0.852848
    endloop
  endfacet
  facet normal 0.243505 -0.908202 -0.340402
    outer loop
      vertex 218.335 0.0974979 1.48236
      vertex 218.315 0.214923 1.15476
      vertex 218.62 0.296699 1.15476
    endloop
  endfacet
  facet normal 0.538904 -0.77007 -0.34143
    outer loop
      vertex 218.966 0.326968 1.48236
      vertex 218.906 0.430229 1.15476
      vertex 219.242 0.520116 1.48236
    endloop
  endfacet
  facet normal 0.416044 -0.892895 -0.172179
    outer loop
      vertex 218.681 0.127767 1.82569
      vertex 218.661 0.184653 1.48236
      vertex 218.996 0.274541 1.82569
    endloop
  endfacet
  facet normal 0.538867 -0.770119 -0.341378
    outer loop
      vertex 219.242 0.520116 1.48236
      vertex 218.906 0.430229 1.15476
      vertex 219.165 0.611456 1.15476
    endloop
  endfacet
  facet normal 0.497029 -0.710328 -0.498394
    outer loop
      vertex 218.906 0.430229 1.15476
      vertex 218.819 0.581187 0.852848
      vertex 219.165 0.611456 1.15476
    endloop
  endfacet
  facet normal 0.411018 -0.286057 0.865584
    outer loop
      vertex 218.993 1.42642 50.6383
      vertex 218.647 1.45669 50.8126
      vertex 218.879 1.26262 50.6383
    endloop
  endfacet
  facet normal 0.499417 -0.0426209 0.865313
    outer loop
      vertex 219.147 2 50.6383
      vertex 218.845 2 50.8126
      vertex 219.13 1.8008 50.6383
    endloop
  endfacet
  facet normal 0.342575 -0.0304884 0.938995
    outer loop
      vertex 218.518 2 50.9319
      vertex 218.51 1.91011 50.9319
      vertex 218.845 2 50.8126
    endloop
  endfacet
  facet normal 0.498586 0.0441617 0.865715
    outer loop
      vertex 219.13 6.1992 50.6383
      vertex 218.832 6.14677 50.8126
      vertex 218.845 6 50.8126
    endloop
  endfacet
  facet normal 0.366076 0.785596 0.498825
    outer loop
      vertex 218.62 7.7033 49.8452
      vertex 218.56 7.5395 50.1472
      vertex 218.819 7.41881 50.1472
    endloop
  endfacet
  facet normal 0.951296 0.254443 0.174052
    outer loop
      vertex 219.962 6.34597 49.1743
      vertex 219.815 6.66073 49.5176
      vertex 219.902 6.33546 49.5176
    endloop
  endfacet
  facet normal 0.807139 -0.564739 0.172037
    outer loop
      vertex 219.673 1.03407 49.5176
      vertex 219.48 0.75823 49.5176
      vertex 219.725 1.00381 49.1743
    endloop
  endfacet
  facet normal 0.996262 -0.0863885 0
    outer loop
      vertex 219.962 1.65403 49.1743
      vertex 219.992 2 1.82569
      vertex 219.992 2 49.1743
    endloop
  endfacet
  facet normal 0.996262 -0.0863885 0
    outer loop
      vertex 219.992 2 1.82569
      vertex 219.962 1.65403 49.1743
      vertex 219.962 1.65403 1.82569
    endloop
  endfacet
  facet normal 0.243518 0.908204 0.34039
    outer loop
      vertex 218.335 7.9025 49.5176
      vertex 218.315 7.78508 49.8452
      vertex 218.62 7.7033 49.8452
    endloop
  endfacet
  facet normal 0.224482 0.837209 0.498688
    outer loop
      vertex 218.62 7.7033 49.8452
      vertex 218.315 7.78508 49.8452
      vertex 218.56 7.5395 50.1472
    endloop
  endfacet
  facet normal 0.893169 0.415564 0.171919
    outer loop
      vertex 219.725 6.99619 49.1743
      vertex 219.673 6.96593 49.5176
      vertex 219.815 6.66073 49.5176
    endloop
  endfacet
  facet normal 0.892345 0.416758 0.173302
    outer loop
      vertex 219.872 6.68144 49.1743
      vertex 219.725 6.99619 49.1743
      vertex 219.815 6.66073 49.5176
    endloop
  endfacet
  facet normal 0.255276 0.951356 0.172498
    outer loop
      vertex 218.681 7.87223 49.1743
      vertex 218.346 7.96212 49.1743
      vertex 218.661 7.81535 49.5176
    endloop
  endfacet
  facet normal 0.564229 0.807256 0.173159
    outer loop
      vertex 219.281 7.52626 49.1743
      vertex 218.996 7.72546 49.1743
      vertex 219.242 7.47988 49.5176
    endloop
  endfacet
  facet normal -0.198559 0.741043 0.641428
    outer loop
      vertex 1.71551 7.61341 50.1472
      vertex 1.43967 7.5395 50.1472
      vertex 1.75443 7.39273 50.4142
    endloop
  endfacet
  facet normal -0.198551 0.74105 0.641422
    outer loop
      vertex 1.75443 7.39273 50.4142
      vertex 1.43967 7.5395 50.1472
      vertex 1.51631 7.32893 50.4142
    endloop
  endfacet
  facet normal -0.0437067 0.499505 0.865208
    outer loop
      vertex 2 7.14715 50.6383
      vertex 1.8008 7.12972 50.6383
      vertex 2 6.84524 50.8126
    endloop
  endfacet
  facet normal 0 -0.939693 0.34202
    outer loop
      vertex 2 0.0681486 49.5176
      vertex 218 0.187385 49.8452
      vertex 2 0.187385 49.8452
    endloop
  endfacet
  facet normal 0 -0.939693 0.34202
    outer loop
      vertex 218 0.187385 49.8452
      vertex 2 0.0681486 49.5176
      vertex 218 0.0681486 49.5176
    endloop
  endfacet
  facet normal 0 -0.984806 0.17366
    outer loop
      vertex 2 0.00761127 49.1743
      vertex 218 0.0681486 49.5176
      vertex 2 0.0681486 49.5176
    endloop
  endfacet
  facet normal 0 -0.984806 0.17366
    outer loop
      vertex 218 0.0681486 49.5176
      vertex 2 0.00761127 49.1743
      vertex 218 0.00761127 49.1743
    endloop
  endfacet
  facet normal -0.0561505 -0.64179 0.764822
    outer loop
      vertex 1.8008 0.870275 50.6383
      vertex 1.75443 0.607272 50.4142
      vertex 2 0.585787 50.4142
    endloop
  endfacet
  facet normal -0.366366 -0.785686 0.498471
    outer loop
      vertex 1.18085 0.581187 50.1472
      vertex 1.09369 0.430229 49.8452
      vertex 1.38005 0.296699 49.8452
    endloop
  endfacet
  facet normal -0.243317 -0.908078 0.34087
    outer loop
      vertex 1.38005 0.296699 49.8452
      vertex 1.33927 0.184653 49.5176
      vertex 1.66454 0.0974979 49.5176
    endloop
  endfacet
  facet normal -0.254914 -0.951359 0.173019
    outer loop
      vertex 1.66454 0.0974979 49.5176
      vertex 1.33927 0.184653 49.5176
      vertex 1.65403 0.0378799 49.1743
    endloop
  endfacet
  facet normal 0.0669888 -0.764356 0.641305
    outer loop
      vertex 218.246 0.607272 50.4142
      vertex 218 0.361696 50.1472
      vertex 218.284 0.386586 50.1472
    endloop
  endfacet
  facet normal 0.0667488 -0.764264 0.64144
    outer loop
      vertex 218 0.585787 50.4142
      vertex 218 0.361696 50.1472
      vertex 218.246 0.607272 50.4142
    endloop
  endfacet
  facet normal 0.0754924 -0.863538 0.498602
    outer loop
      vertex 218.284 0.386586 50.1472
      vertex 218 0.187385 49.8452
      vertex 218.315 0.214923 49.8452
    endloop
  endfacet
  facet normal 0.39768 -0.851767 0.341093
    outer loop
      vertex 218.906 0.430229 49.8452
      vertex 218.62 0.296699 49.8452
      vertex 218.661 0.184653 49.5176
    endloop
  endfacet
  facet normal 0.807141 -0.564741 -0.172022
    outer loop
      vertex 219.725 1.00381 1.82569
      vertex 219.48 0.75823 1.48236
      vertex 219.673 1.03407 1.48236
    endloop
  endfacet
  facet normal 0.892347 -0.416759 -0.173288
    outer loop
      vertex 219.872 1.31856 1.82569
      vertex 219.725 1.00381 1.82569
      vertex 219.815 1.33927 1.48236
    endloop
  endfacet
  facet normal 0.497159 -0.710227 0.498408
    outer loop
      vertex 219.053 0.744987 50.1472
      vertex 218.819 0.581187 50.1472
      vertex 219.165 0.611456 49.8452
    endloop
  endfacet
  facet normal 0.627184 -0.441045 0.641965
    outer loop
      vertex 219.225 1.29289 50.4142
      vertex 219.083 1.09096 50.4142
      vertex 219.255 0.946918 50.1472
    endloop
  endfacet
  facet normal 0.288519 -0.41005 0.865226
    outer loop
      vertex 218.737 1.12123 50.6383
      vertex 218.543 1.35251 50.8126
      vertex 218.574 1.00654 50.6383
    endloop
  endfacet
  facet normal 0.397454 -0.851796 0.341284
    outer loop
      vertex 218.906 0.430229 49.8452
      vertex 218.661 0.184653 49.5176
      vertex 218.966 0.326968 49.5176
    endloop
  endfacet
  facet normal 0.564232 -0.807256 0.173145
    outer loop
      vertex 219.242 0.520116 49.5176
      vertex 218.996 0.274541 49.1743
      vertex 219.281 0.473742 49.1743
    endloop
  endfacet
  facet normal 0.906054 -0.423161 0
    outer loop
      vertex 219.725 1.00381 49.1743
      vertex 219.872 1.31856 1.82569
      vertex 219.872 1.31856 49.1743
    endloop
  endfacet
  facet normal 0.906054 -0.423161 0
    outer loop
      vertex 219.872 1.31856 1.82569
      vertex 219.725 1.00381 49.1743
      vertex 219.725 1.00381 1.82569
    endloop
  endfacet
  facet normal -0.254911 -0.951359 0.173021
    outer loop
      vertex 1.33927 0.184653 49.5176
      vertex 1.31856 0.127767 49.1743
      vertex 1.65403 0.0378799 49.1743
    endloop
  endfacet
  facet normal -0.416253 -0.892635 0.173024
    outer loop
      vertex 1.33927 0.184653 49.5176
      vertex 1.00381 0.274541 49.1743
      vertex 1.31856 0.127767 49.1743
    endloop
  endfacet
  facet normal -0.397303 -0.852032 0.34087
    outer loop
      vertex 1.09369 0.430229 49.8452
      vertex 1.03407 0.326968 49.5176
      vertex 1.33927 0.184653 49.5176
    endloop
  endfacet
  facet normal -0.53923 -0.77009 0.34087
    outer loop
      vertex 1.09369 0.430229 49.8452
      vertex 0.75823 0.520116 49.5176
      vertex 1.03407 0.326968 49.5176
    endloop
  endfacet
  facet normal -0.542477 -0.542477 0.641434
    outer loop
      vertex 0.91665 1.09096 50.4142
      vertex 0.946918 0.744987 50.1472
      vertex 1.09096 0.91665 50.4142
    endloop
  endfacet
  facet normal -0.542477 -0.542477 0.641434
    outer loop
      vertex 0.946918 0.744987 50.1472
      vertex 0.91665 1.09096 50.4142
      vertex 0.744987 0.946918 50.1472
    endloop
  endfacet
  facet normal -0.62844 -0.440036 0.64143
    outer loop
      vertex 0.775255 1.29289 50.4142
      vertex 0.581187 1.18085 50.1472
      vertex 0.744987 0.946918 50.1472
    endloop
  endfacet
  facet normal -0.324223 -0.695303 0.641431
    outer loop
      vertex 1.29289 0.775255 50.4142
      vertex 1.18085 0.581187 50.1472
      vertex 1.43967 0.460498 50.1472
    endloop
  endfacet
  facet normal -0.440036 -0.62844 0.64143
    outer loop
      vertex 1.29289 0.775255 50.4142
      vertex 0.946918 0.744987 50.1472
      vertex 1.18085 0.581187 50.1472
    endloop
  endfacet
  facet normal -0.45555 -0.45555 0.764819
    outer loop
      vertex 1.12123 1.26262 50.6383
      vertex 1.09096 0.91665 50.4142
      vertex 1.26262 1.12123 50.6383
    endloop
  endfacet
  facet normal -0.45555 -0.45555 0.764819
    outer loop
      vertex 1.09096 0.91665 50.4142
      vertex 1.12123 1.26262 50.6383
      vertex 0.91665 1.09096 50.4142
    endloop
  endfacet
  facet normal -0.324217 -0.695303 0.641434
    outer loop
      vertex 1.51631 0.671075 50.4142
      vertex 1.29289 0.775255 50.4142
      vertex 1.43967 0.460498 50.1472
    endloop
  endfacet
  facet normal -0.166741 -0.622291 0.764821
    outer loop
      vertex 1.8008 0.870275 50.6383
      vertex 1.60765 0.922029 50.6383
      vertex 1.75443 0.607272 50.4142
    endloop
  endfacet
  facet normal -0.254914 -0.951361 -0.173004
    outer loop
      vertex 1.65403 0.0378799 1.82569
      vertex 1.33927 0.184653 1.48236
      vertex 1.66454 0.0974979 1.48236
    endloop
  endfacet
  facet normal -0.243317 -0.908078 -0.34087
    outer loop
      vertex 1.66454 0.0974979 1.48236
      vertex 1.33927 0.184653 1.48236
      vertex 1.38005 0.296699 1.15476
    endloop
  endfacet
  facet normal -0.422627 -0.906304 0
    outer loop
      vertex 1.00381 0.274541 1.82569
      vertex 1.31856 0.127767 49.1743
      vertex 1.00381 0.274541 49.1743
    endloop
  endfacet
  facet normal -0.422627 -0.906304 -0
    outer loop
      vertex 1.31856 0.127767 49.1743
      vertex 1.00381 0.274541 1.82569
      vertex 1.31856 0.127767 1.82569
    endloop
  endfacet
  facet normal -0.287602 -0.410752 -0.865198
    outer loop
      vertex 1.42642 1.00654 0.361696
      vertex 1.26262 1.12123 0.361696
      vertex 1.45669 1.35251 0.187385
    endloop
  endfacet
  facet normal -0.24332 -0.908078 -0.340866
    outer loop
      vertex 1.66454 0.0974979 1.48236
      vertex 1.38005 0.296699 1.15476
      vertex 1.68524 0.214923 1.15476
    endloop
  endfacet
  facet normal 0.16675 -0.622018 -0.765041
    outer loop
      vertex 218.484 0.671075 0.585787
      vertex 218.246 0.607272 0.585787
      vertex 218.392 0.922029 0.361696
    endloop
  endfacet
  facet normal 0 -0.866023 -0.500004
    outer loop
      vertex 2 0.361696 0.852848
      vertex 218 0.187385 1.15476
      vertex 2 0.187385 1.15476
    endloop
  endfacet
  facet normal 0 -0.866023 -0.500004
    outer loop
      vertex 218 0.187385 1.15476
      vertex 2 0.361696 0.852848
      vertex 218 0.361696 0.852848
    endloop
  endfacet
  facet normal -0.785629 -0.36634 -0.49858
    outer loop
      vertex 0.430229 1.09369 1.15476
      vertex 0.296699 1.38005 1.15476
      vertex 0.581187 1.18085 0.852848
    endloop
  endfacet
  facet normal -0.710074 -0.497203 -0.498581
    outer loop
      vertex 0.611456 0.834873 1.15476
      vertex 0.430229 1.09369 1.15476
      vertex 0.581187 1.18085 0.852848
    endloop
  endfacet
  facet normal -0.806804 -0.564922 -0.173004
    outer loop
      vertex 0.473742 0.719317 1.82569
      vertex 0.274541 1.00381 1.82569
      vertex 0.520116 0.75823 1.48236
    endloop
  endfacet
  facet normal 0.144055 -0.0984297 -0.984662
    outer loop
      vertex 218.397 1.66727 0.0681486
      vertex 218.134 1.88796 0.00761127
      vertex 218.151 1.91284 0.00761127
    endloop
  endfacet
  facet normal -0.173625 -0.0152012 -0.984694
    outer loop
      vertex 1.49023 1.91011 0.0681486
      vertex 1.48236 2 0.0681486
      vertex 1.82834 1.96973 0.00761127
    endloop
  endfacet
  facet normal -0.454465 -0.2119 -0.865194
    outer loop
      vertex 1.268 1.57738 0.187385
      vertex 1.00654 1.42642 0.361696
      vertex 1.20574 1.71091 0.187385
    endloop
  endfacet
  facet normal 0.15793 -0.0745493 -0.984632
    outer loop
      vertex 218.486 1.82296 0.0681486
      vertex 218.151 1.91284 0.00761127
      vertex 218.164 1.94038 0.00761127
    endloop
  endfacet
  facet normal -0.19858 -0.741103 -0.641351
    outer loop
      vertex 1.71551 0.386586 0.852848
      vertex 1.43967 0.460498 0.852848
      vertex 1.75443 0.607272 0.585787
    endloop
  endfacet
  facet normal -0.272265 -0.58386 -0.764839
    outer loop
      vertex 1.60765 0.922029 0.361696
      vertex 1.29289 0.775255 0.585787
      vertex 1.42642 1.00654 0.361696
    endloop
  endfacet
  facet normal -0.527719 -0.369518 -0.764833
    outer loop
      vertex 0.91665 1.09096 0.585787
      vertex 0.775255 1.29289 0.585787
      vertex 1.12123 1.26262 0.361696
    endloop
  endfacet
  facet normal -0.198576 -0.741108 -0.641348
    outer loop
      vertex 1.75443 0.607272 0.585787
      vertex 1.43967 0.460498 0.852848
      vertex 1.51631 0.671075 0.585787
    endloop
  endfacet
  facet normal -0.612952 -0.612952 -0.498577
    outer loop
      vertex 0.946918 0.744987 0.852848
      vertex 0.611456 0.834873 1.15476
      vertex 0.744987 0.946918 0.852848
    endloop
  endfacet
  facet normal -0.612952 -0.612952 -0.498577
    outer loop
      vertex 0.611456 0.834873 1.15476
      vertex 0.946918 0.744987 0.852848
      vertex 0.834873 0.611456 1.15476
    endloop
  endfacet
  facet normal -0.527721 -0.369502 -0.764839
    outer loop
      vertex 1.12123 1.26262 0.361696
      vertex 0.775255 1.29289 0.585787
      vertex 1.00654 1.42642 0.361696
    endloop
  endfacet
  facet normal -0.628492 -0.440081 -0.641348
    outer loop
      vertex 0.91665 1.09096 0.585787
      vertex 0.744987 0.946918 0.852848
      vertex 0.775255 1.29289 0.585787
    endloop
  endfacet
  facet normal 0.123065 -0.123451 -0.98469
    outer loop
      vertex 218.333 1.60347 0.0681486
      vertex 218.134 1.88796 0.00761127
      vertex 218.397 1.66727 0.0681486
    endloop
  endfacet
  facet normal 0.121601 -0.124486 -0.984742
    outer loop
      vertex 218.134 1.88796 0.00761127
      vertex 218.333 1.60347 0.0681486
      vertex 218.112 1.86647 0.00761127
    endloop
  endfacet
  facet normal -0.272257 -0.58387 -0.764834
    outer loop
      vertex 1.51631 0.671075 0.585787
      vertex 1.29289 0.775255 0.585787
      vertex 1.60765 0.922029 0.361696
    endloop
  endfacet
  facet normal 0.0889964 -0.331432 -0.939272
    outer loop
      vertex 218.289 1.20574 0.187385
      vertex 218.147 1.16761 0.187385
      vertex 218.177 1.51358 0.0681486
    endloop
  endfacet
  facet normal 0.271474 -0.584637 -0.764527
    outer loop
      vertex 218.707 0.775255 0.585787
      vertex 218.392 0.922029 0.361696
      vertex 218.574 1.00654 0.361696
    endloop
  endfacet
  facet normal 0.49861 -0.0441638 -0.865701
    outer loop
      vertex 219.13 1.8008 0.361696
      vertex 218.832 1.85323 0.187385
      vertex 218.845 2 0.187385
    endloop
  endfacet
  facet normal 0.410424 -0.289055 -0.86487
    outer loop
      vertex 218.993 1.42642 0.361696
      vertex 218.647 1.45669 0.187385
      vertex 218.732 1.57738 0.187385
    endloop
  endfacet
  facet normal 0.143484 -0.0990079 -0.984688
    outer loop
      vertex 218.397 1.66727 0.0681486
      vertex 218.151 1.91284 0.00761127
      vertex 218.448 1.74118 0.0681486
    endloop
  endfacet
  facet normal 0.311027 -0.144522 -0.939348
    outer loop
      vertex 218.732 1.57738 0.187385
      vertex 218.448 1.74118 0.0681486
      vertex 218.486 1.82296 0.0681486
    endloop
  endfacet
  facet normal 0.198559 -0.741453 -0.640953
    outer loop
      vertex 218.284 0.386586 0.852848
      vertex 218.246 0.607272 0.585787
      vertex 218.56 0.460498 0.852848
    endloop
  endfacet
  facet normal 0.27252 -0.583337 -0.765147
    outer loop
      vertex 218.484 0.671075 0.585787
      vertex 218.392 0.922029 0.361696
      vertex 218.707 0.775255 0.585787
    endloop
  endfacet
  facet normal 0.440001 -0.628595 -0.641302
    outer loop
      vertex 219.053 0.744987 0.852848
      vertex 218.707 0.775255 0.585787
      vertex 218.909 0.91665 0.585787
    endloop
  endfacet
  facet normal 0.342414 -0.0304741 -0.939055
    outer loop
      vertex 218.845 2 0.187385
      vertex 218.51 1.91011 0.0681486
      vertex 218.518 2 0.0681486
    endloop
  endfacet
  facet normal 0.342573 0 -0.939491
    outer loop
      vertex 218.518 2 0.0681486
      vertex 218.845 24 0.187385
      vertex 218.845 2 0.187385
    endloop
  endfacet
  facet normal 0.342573 0 -0.939491
    outer loop
      vertex 218.845 24 0.187385
      vertex 218.518 2 0.0681486
      vertex 218.518 24 0.0681486
    endloop
  endfacet
  facet normal 0.642874 0 -0.765972
    outer loop
      vertex 219.147 2 0.361696
      vertex 219.414 24 0.585787
      vertex 219.414 2 0.585787
    endloop
  endfacet
  facet normal 0.642874 0 -0.765972
    outer loop
      vertex 219.414 24 0.585787
      vertex 219.147 2 0.361696
      vertex 219.147 24 0.361696
    endloop
  endfacet
  facet normal -0.0819426 0.936538 0.340856
    outer loop
      vertex 2 7.81262 49.8452
      vertex 1.66454 7.9025 49.5176
      vertex 1.68524 7.78508 49.8452
    endloop
  endfacet
  facet normal -0.416245 0.892641 0.173009
    outer loop
      vertex 1.31856 7.87223 49.1743
      vertex 1.00381 7.72546 49.1743
      vertex 1.33927 7.81535 49.5176
    endloop
  endfacet
  facet normal -0.0668655 0.764266 0.641425
    outer loop
      vertex 2 7.6383 50.1472
      vertex 1.71551 7.61341 50.1472
      vertex 1.75443 7.39273 50.4142
    endloop
  endfacet
  facet normal -0.0755562 0.863599 0.498485
    outer loop
      vertex 2 7.81262 49.8452
      vertex 1.71551 7.61341 50.1472
      vertex 2 7.6383 50.1472
    endloop
  endfacet
  facet normal -0.0858455 0.981169 0.173026
    outer loop
      vertex 2 7.99239 49.1743
      vertex 1.65403 7.96212 49.1743
      vertex 2 7.93185 49.5176
    endloop
  endfacet
  facet normal 0 0.939699 0.342003
    outer loop
      vertex 218 7.93185 49.5176
      vertex 2 7.81262 49.8452
      vertex 218 7.81262 49.8452
    endloop
  endfacet
  facet normal 0 0.939699 0.342003
    outer loop
      vertex 2 7.81262 49.8452
      vertex 218 7.93185 49.5176
      vertex 2 7.93185 49.5176
    endloop
  endfacet
  facet normal -0.311172 0.145088 0.939213
    outer loop
      vertex 1.268 6.42262 50.8126
      vertex 1.20574 6.28909 50.8126
      vertex 1.51358 6.17704 50.9319
    endloop
  endfacet
  facet normal 0.158118 0.0734715 0.984683
    outer loop
      vertex 218.448 6.25882 50.9319
      vertex 218.151 6.08716 50.9924
      vertex 218.486 6.17704 50.9319
    endloop
  endfacet
  facet normal 0.0997784 -0.142651 0.984731
    outer loop
      vertex 218.333 1.60347 50.9319
      vertex 218.087 1.84904 50.9924
      vertex 218.259 1.55171 50.9319
    endloop
  endfacet
  facet normal 0.0734216 -0.157896 0.984722
    outer loop
      vertex 218.259 1.55171 50.9319
      vertex 218.087 1.84904 50.9924
      vertex 218.177 1.51358 50.9319
    endloop
  endfacet
  facet normal 0.366776 0.785575 0.498344
    outer loop
      vertex 218.906 7.56977 49.8452
      vertex 218.62 7.7033 49.8452
      vertex 218.819 7.41881 50.1472
    endloop
  endfacet
  facet normal 0.144744 0.311277 0.939232
    outer loop
      vertex 218.423 6.732 50.8126
      vertex 218.177 6.48642 50.9319
      vertex 218.259 6.44829 50.9319
    endloop
  endfacet
  facet normal 0.0299084 0.342028 0.939214
    outer loop
      vertex 218 6.84524 50.8126
      vertex 218 6.51764 50.9319
      vertex 218.09 6.50977 50.9319
    endloop
  endfacet
  facet normal 0.499871 0 0.8661
    outer loop
      vertex 218.845 6 50.8126
      vertex 219.147 2 50.6383
      vertex 219.147 6 50.6383
    endloop
  endfacet
  facet normal 0.499871 0 0.8661
    outer loop
      vertex 219.147 2 50.6383
      vertex 218.845 6 50.8126
      vertex 218.845 2 50.8126
    endloop
  endfacet
  facet normal 0 -0.173542 0.984827
    outer loop
      vertex 2 1.82569 50.9924
      vertex 218 1.48236 50.9319
      vertex 218 1.82569 50.9924
    endloop
  endfacet
  facet normal 0 -0.173542 0.984827
    outer loop
      vertex 218 1.48236 50.9319
      vertex 2 1.82569 50.9924
      vertex 2 1.48236 50.9319
    endloop
  endfacet
  facet normal 0.168282 0.0458689 0.984671
    outer loop
      vertex 218.486 6.17704 50.9319
      vertex 218.164 6.05962 50.9924
      vertex 218.172 6.03027 50.9924
    endloop
  endfacet
  facet normal -0.0736045 -0.157871 0.984713
    outer loop
      vertex 1.91284 1.84904 50.9924
      vertex 1.82296 1.51358 50.9319
      vertex 1.94038 1.8362 50.9924
    endloop
  endfacet
  facet normal -0.123168 -0.123168 0.984713
    outer loop
      vertex 1.86647 1.88796 50.9924
      vertex 1.66727 1.60347 50.9319
      vertex 1.88796 1.86647 50.9924
    endloop
  endfacet
  facet normal -0.123168 -0.123168 0.984713
    outer loop
      vertex 1.66727 1.60347 50.9319
      vertex 1.86647 1.88796 50.9924
      vertex 1.60347 1.66727 50.9319
    endloop
  endfacet
  facet normal -0.951359 -0.254911 0.173021
    outer loop
      vertex 0.184653 1.33927 49.5176
      vertex 0.0378799 1.65403 49.1743
      vertex 0.127767 1.31856 49.1743
    endloop
  endfacet
  facet normal -0.892635 -0.416253 0.173024
    outer loop
      vertex 0.184653 1.33927 49.5176
      vertex 0.127767 1.31856 49.1743
      vertex 0.274541 1.00381 49.1743
    endloop
  endfacet
  facet normal -0.142765 -0.0999797 -0.984694
    outer loop
      vertex 1.60347 1.66727 0.0681486
      vertex 1.55171 1.74118 0.0681486
      vertex 1.84904 1.91284 0.00761127
    endloop
  endfacet
  facet normal -0.863547 -0.0755508 -0.498576
    outer loop
      vertex 0.214923 1.68524 1.15476
      vertex 0.187385 2 1.15476
      vertex 0.386586 1.71551 0.852848
    endloop
  endfacet
  facet normal -0.741108 -0.198576 -0.641348
    outer loop
      vertex 0.671075 1.51631 0.585787
      vertex 0.460498 1.43967 0.852848
      vertex 0.607272 1.75443 0.585787
    endloop
  endfacet
  facet normal -0.766044 0 -0.642788
    outer loop
      vertex 0.585787 2 0.585787
      vertex 0.361696 24 0.852848
      vertex 0.585787 24 0.585787
    endloop
  endfacet
  facet normal -0.766044 -0 -0.642788
    outer loop
      vertex 0.361696 24 0.852848
      vertex 0.585787 2 0.585787
      vertex 0.361696 2 0.852848
    endloop
  endfacet
  facet normal -0.123242 -0.123242 -0.984694
    outer loop
      vertex 1.66727 1.60347 0.0681486
      vertex 1.86647 1.88796 0.00761127
      vertex 1.88796 1.86647 0.00761127
    endloop
  endfacet
  facet normal -0.123242 -0.123242 -0.984694
    outer loop
      vertex 1.86647 1.88796 0.00761127
      vertex 1.66727 1.60347 0.0681486
      vertex 1.60347 1.66727 0.0681486
    endloop
  endfacet
  facet normal -0.454424 -0.211907 0.865213
    outer loop
      vertex 1.20574 1.71091 50.8126
      vertex 0.922029 1.60765 50.6383
      vertex 1.00654 1.42642 50.6383
    endloop
  endfacet
  facet normal -0.454443 -0.21189 0.865207
    outer loop
      vertex 1.20574 1.71091 50.8126
      vertex 1.00654 1.42642 50.6383
      vertex 1.268 1.57738 50.8126
    endloop
  endfacet
  facet normal -0.123168 0.123168 0.984713
    outer loop
      vertex 1.66727 6.39653 50.9319
      vertex 1.86647 6.11204 50.9924
      vertex 1.88796 6.13353 50.9924
    endloop
  endfacet
  facet normal -0.123168 0.123168 0.984713
    outer loop
      vertex 1.86647 6.11204 50.9924
      vertex 1.66727 6.39653 50.9319
      vertex 1.60347 6.33273 50.9319
    endloop
  endfacet
  facet normal -0.499486 -0.043731 0.865218
    outer loop
      vertex 1.15476 2 50.8126
      vertex 0.870275 1.8008 50.6383
      vertex 1.16761 1.85323 50.8126
    endloop
  endfacet
  facet normal -0.641789 -0.0561469 0.764823
    outer loop
      vertex 0.852848 2 50.6383
      vertex 0.585787 2 50.4142
      vertex 0.870275 1.8008 50.6383
    endloop
  endfacet
  facet normal -0.622291 -0.166741 0.764821
    outer loop
      vertex 0.870275 1.8008 50.6383
      vertex 0.607272 1.75443 50.4142
      vertex 0.922029 1.60765 50.6383
    endloop
  endfacet
  facet normal -0.951359 0.254911 0.173021
    outer loop
      vertex 0.127767 6.68144 49.1743
      vertex 0.0378799 6.34597 49.1743
      vertex 0.184653 6.66073 49.5176
    endloop
  endfacet
  facet normal -0.86361 0.0755563 0.498467
    outer loop
      vertex 0.214923 6.31476 49.8452
      vertex 0.187385 6 49.8452
      vertex 0.386586 6.28449 50.1472
    endloop
  endfacet
  facet normal -0.764257 -0.0668648 0.641436
    outer loop
      vertex 0.607272 1.75443 50.4142
      vertex 0.361696 2 50.1472
      vertex 0.386586 1.71551 50.1472
    endloop
  endfacet
  facet normal -0.764258 -0.0668651 0.641435
    outer loop
      vertex 0.585787 2 50.4142
      vertex 0.361696 2 50.1472
      vertex 0.607272 1.75443 50.4142
    endloop
  endfacet
  facet normal -0.764258 0.0668651 0.641435
    outer loop
      vertex 0.607272 6.24557 50.4142
      vertex 0.361696 6 50.1472
      vertex 0.585787 6 50.4142
    endloop
  endfacet
  facet normal -0.628434 0.440041 0.641432
    outer loop
      vertex 0.91665 6.90904 50.4142
      vertex 0.744987 7.05308 50.1472
      vertex 0.775255 6.70711 50.4142
    endloop
  endfacet
  facet normal -0.497237 0.710132 0.498466
    outer loop
      vertex 1.18085 7.41881 50.1472
      vertex 0.834873 7.38854 49.8452
      vertex 0.946918 7.25501 50.1472
    endloop
  endfacet
  facet normal -0.612996 0.612999 0.498466
    outer loop
      vertex 0.834873 7.38854 49.8452
      vertex 0.744987 7.05308 50.1472
      vertex 0.946918 7.25501 50.1472
    endloop
  endfacet
  facet normal -0.612984 0.613003 0.498475
    outer loop
      vertex 0.744987 7.05308 50.1472
      vertex 0.834873 7.38854 49.8452
      vertex 0.611456 7.16513 49.8452
    endloop
  endfacet
  facet normal -0.0561566 0.64179 0.764821
    outer loop
      vertex 2 7.41421 50.4142
      vertex 1.8008 7.12972 50.6383
      vertex 2 7.14715 50.6383
    endloop
  endfacet
  facet normal -0.0299451 0.342027 0.939213
    outer loop
      vertex 2 6.84524 50.8126
      vertex 1.85323 6.83239 50.8126
      vertex 1.91011 6.50977 50.9319
    endloop
  endfacet
  facet normal -0.0999199 0.142679 0.984712
    outer loop
      vertex 1.74118 6.44829 50.9319
      vertex 1.66727 6.39653 50.9319
      vertex 1.91284 6.15096 50.9924
    endloop
  endfacet
  facet normal -0.324247 0.6953 0.641422
    outer loop
      vertex 1.43967 7.5395 50.1472
      vertex 1.29289 7.22474 50.4142
      vertex 1.51631 7.32893 50.4142
    endloop
  endfacet
  facet normal -0.324224 0.695299 0.641434
    outer loop
      vertex 1.43967 7.5395 50.1472
      vertex 1.18085 7.41881 50.1472
      vertex 1.29289 7.22474 50.4142
    endloop
  endfacet
  facet normal -0.710128 0.497235 0.498472
    outer loop
      vertex 0.611456 7.16513 49.8452
      vertex 0.430229 6.90631 49.8452
      vertex 0.581187 6.81915 50.1472
    endloop
  endfacet
  facet normal -0.354547 0.354547 0.865213
    outer loop
      vertex 1.26262 6.87877 50.6383
      vertex 1.35251 6.54331 50.8126
      vertex 1.45669 6.64749 50.8126
    endloop
  endfacet
  facet normal -0.354547 0.354547 0.865213
    outer loop
      vertex 1.35251 6.54331 50.8126
      vertex 1.26262 6.87877 50.6383
      vertex 1.12123 6.73738 50.6383
    endloop
  endfacet
  facet normal -0.242771 0.242771 0.939215
    outer loop
      vertex 1.45669 6.64749 50.8126
      vertex 1.60347 6.33273 50.9319
      vertex 1.66727 6.39653 50.9319
    endloop
  endfacet
  facet normal -0.242771 0.242771 0.939215
    outer loop
      vertex 1.60347 6.33273 50.9319
      vertex 1.45669 6.64749 50.8126
      vertex 1.35251 6.54331 50.8126
    endloop
  endfacet
  facet normal 0.196876 -0.281469 -0.939156
    outer loop
      vertex 218.543 1.35251 0.187385
      vertex 218.259 1.55171 0.0681486
      vertex 218.333 1.60347 0.0681486
    endloop
  endfacet
  facet normal 0.62212 -0.167488 -0.764797
    outer loop
      vertex 219.393 1.75443 0.585787
      vertex 219.078 1.60765 0.361696
      vertex 219.13 1.8008 0.361696
    endloop
  endfacet
  facet normal 0.766173 0 -0.642635
    outer loop
      vertex 219.638 2 0.852848
      vertex 219.414 24 0.585787
      vertex 219.638 24 0.852848
    endloop
  endfacet
  facet normal 0.766173 0 -0.642635
    outer loop
      vertex 219.414 24 0.585787
      vertex 219.638 2 0.852848
      vertex 219.414 2 0.585787
    endloop
  endfacet
  facet normal 0.764533 -0.0653793 -0.64126
    outer loop
      vertex 219.638 2 0.852848
      vertex 219.393 1.75443 0.585787
      vertex 219.414 2 0.585787
    endloop
  endfacet
  facet normal 0.786098 -0.367506 -0.496981
    outer loop
      vertex 219.703 1.38005 1.15476
      vertex 219.419 1.18085 0.852848
      vertex 219.54 1.43967 0.852848
    endloop
  endfacet
  facet normal 0.527472 -0.370926 -0.764321
    outer loop
      vertex 219.083 1.09096 0.585787
      vertex 218.879 1.26262 0.361696
      vertex 219.225 1.29289 0.585787
    endloop
  endfacet
  facet normal 0.664057 -0.66579 -0.340224
    outer loop
      vertex 219.48 0.75823 1.48236
      vertex 219.165 0.611456 1.15476
      vertex 219.389 0.834873 1.15476
    endloop
  endfacet
  facet normal 0.664756 -0.664437 -0.341501
    outer loop
      vertex 219.165 0.611456 1.15476
      vertex 219.48 0.75823 1.48236
      vertex 219.242 0.520116 1.48236
    endloop
  endfacet
  facet normal 0.542201 -0.542386 -0.641744
    outer loop
      vertex 219.053 0.744987 0.852848
      vertex 219.083 1.09096 0.585787
      vertex 219.255 0.946918 0.852848
    endloop
  endfacet
  facet normal 0.543058 -0.542092 -0.641267
    outer loop
      vertex 219.083 1.09096 0.585787
      vertex 219.053 0.744987 0.852848
      vertex 218.909 0.91665 0.585787
    endloop
  endfacet
  facet normal 0 -0.939693 -0.34202
    outer loop
      vertex 2 0.187385 1.15476
      vertex 218 0.0681486 1.48236
      vertex 2 0.0681486 1.48236
    endloop
  endfacet
  facet normal 0 -0.939693 -0.34202
    outer loop
      vertex 218 0.0681486 1.48236
      vertex 2 0.187385 1.15476
      vertex 218 0.187385 1.15476
    endloop
  endfacet
  facet normal 0.564756 -0.807011 -0.17258
    outer loop
      vertex 218.996 0.274541 1.82569
      vertex 218.966 0.326968 1.48236
      vertex 219.242 0.520116 1.48236
    endloop
  endfacet
  facet normal 0.416488 -0.892589 -0.172692
    outer loop
      vertex 218.996 0.274541 1.82569
      vertex 218.661 0.184653 1.48236
      vertex 218.966 0.326968 1.48236
    endloop
  endfacet
  facet normal 0.770624 -0.538925 -0.340145
    outer loop
      vertex 219.48 0.75823 1.48236
      vertex 219.389 0.834873 1.15476
      vertex 219.57 1.09369 1.15476
    endloop
  endfacet
  facet normal 0.498586 -0.0441617 0.865715
    outer loop
      vertex 218.845 2 50.8126
      vertex 218.832 1.85323 50.8126
      vertex 219.13 1.8008 50.6383
    endloop
  endfacet
  facet normal 0.311174 -0.14459 0.939289
    outer loop
      vertex 218.486 1.82296 50.9319
      vertex 218.448 1.74118 50.9319
      vertex 218.732 1.57738 50.8126
    endloop
  endfacet
  facet normal 0.837611 0.221671 0.499269
    outer loop
      vertex 219.785 6.31476 49.8452
      vertex 219.54 6.56033 50.1472
      vertex 219.613 6.28449 50.1472
    endloop
  endfacet
  facet normal 0.936608 0.0837603 0.340221
    outer loop
      vertex 219.902 6.33546 49.5176
      vertex 219.813 6 49.8452
      vertex 219.932 6 49.5176
    endloop
  endfacet
  facet normal 0.740306 -0.198974 0.64215
    outer loop
      vertex 219.393 1.75443 50.4142
      vertex 219.329 1.51631 50.4142
      vertex 219.54 1.43967 50.1472
    endloop
  endfacet
  facet normal 0.863057 0.0767747 0.499238
    outer loop
      vertex 219.785 6.31476 49.8452
      vertex 219.613 6.28449 50.1472
      vertex 219.813 6 49.8452
    endloop
  endfacet
  facet normal 0.786226 -0.365163 0.498502
    outer loop
      vertex 219.703 1.38005 49.8452
      vertex 219.419 1.18085 50.1472
      vertex 219.57 1.09369 49.8452
    endloop
  endfacet
  facet normal 0.765184 -0.0672417 0.64029
    outer loop
      vertex 219.638 2 50.1472
      vertex 219.393 1.75443 50.4142
      vertex 219.613 1.71551 50.1472
    endloop
  endfacet
  facet normal 0.622077 -0.167197 0.764896
    outer loop
      vertex 219.393 1.75443 50.4142
      vertex 219.078 1.60765 50.6383
      vertex 219.329 1.51631 50.4142
    endloop
  endfacet
  facet normal 0.838126 -0.225192 0.496823
    outer loop
      vertex 219.785 1.68524 49.8452
      vertex 219.54 1.43967 50.1472
      vertex 219.703 1.38005 49.8452
    endloop
  endfacet
  facet normal 0.538908 0.770068 0.341428
    outer loop
      vertex 218.966 7.67303 49.5176
      vertex 218.906 7.56977 49.8452
      vertex 219.242 7.47988 49.5176
    endloop
  endfacet
  facet normal 0.852573 0.396676 0.340247
    outer loop
      vertex 219.673 6.96593 49.5176
      vertex 219.57 6.90631 49.8452
      vertex 219.815 6.66073 49.5176
    endloop
  endfacet
  facet normal 0.770442 0.539064 0.340337
    outer loop
      vertex 219.673 6.96593 49.5176
      vertex 219.48 7.24177 49.5176
      vertex 219.57 6.90631 49.8452
    endloop
  endfacet
  facet normal 0.572883 0.819637 -0
    outer loop
      vertex 219.281 7.52626 49
      vertex 218.996 7.72546 49.1743
      vertex 219.281 7.52626 49.1743
    endloop
  endfacet
  facet normal 0.572883 0.819637 0
    outer loop
      vertex 218.996 7.72546 49.1743
      vertex 219.281 7.52626 49
      vertex 218.996 7.72546 49
    endloop
  endfacet
  facet normal 0.572883 0.819637 0
    outer loop
      vertex 219.281 7.52626 6
      vertex 218.996 7.72546 5.72546
      vertex 218.996 7.72546 6
    endloop
  endfacet
  facet normal 0.573245 0.819384 -0.000559883
    outer loop
      vertex 219.281 7.52626 6
      vertex 219.147 7.61976 5.6383
      vertex 218.996 7.72546 5.72546
    endloop
  endfacet
  facet normal 0.572229 0.820094 0
    outer loop
      vertex 219.147 7.61976 5.6383
      vertex 219.281 7.52626 6
      vertex 219.281 7.52626 5.52626
    endloop
  endfacet
  facet normal 0.422342 0.906437 -0
    outer loop
      vertex 218.996 7.72546 49
      vertex 218.681 7.87223 49.1743
      vertex 218.996 7.72546 49.1743
    endloop
  endfacet
  facet normal 0.422342 0.906437 0
    outer loop
      vertex 218.681 7.87223 49.1743
      vertex 218.996 7.72546 49
      vertex 218.681 7.87223 49
    endloop
  endfacet
  facet normal 0.422342 0.906437 0.000162476
    outer loop
      vertex 218.845 7.79585 5.81262
      vertex 218.681 7.87223 6
      vertex 218.996 7.72546 6
    endloop
  endfacet
  facet normal 0.422189 0.906508 0
    outer loop
      vertex 218.681 7.87223 6
      vertex 218.845 7.79585 5.81262
      vertex 218.681 7.87223 5.87223
    endloop
  endfacet
  facet normal 0.422508 0.906359 0
    outer loop
      vertex 218.845 7.79585 5.81262
      vertex 218.996 7.72546 6
      vertex 218.996 7.72546 5.72546
    endloop
  endfacet
  facet normal -0.166727 0.622285 0.764829
    outer loop
      vertex 1.75443 7.39273 50.4142
      vertex 1.60765 7.07797 50.6383
      vertex 1.8008 7.12972 50.6383
    endloop
  endfacet
  facet normal -0.129763 0.484323 0.865213
    outer loop
      vertex 1.8008 7.12972 50.6383
      vertex 1.60765 7.07797 50.6383
      vertex 1.71091 6.79426 50.8126
    endloop
  endfacet
  facet normal 0.0818792 -0.936595 0.340712
    outer loop
      vertex 218.315 0.214923 49.8452
      vertex 218 0.187385 49.8452
      vertex 218.335 0.0974979 49.5176
    endloop
  endfacet
  facet normal 0.0820488 -0.936525 0.340866
    outer loop
      vertex 218 0.187385 49.8452
      vertex 218 0.0681486 49.5176
      vertex 218.335 0.0974979 49.5176
    endloop
  endfacet
  facet normal -0.24332 -0.908078 0.340866
    outer loop
      vertex 1.68524 0.214923 49.8452
      vertex 1.38005 0.296699 49.8452
      vertex 1.66454 0.0974979 49.5176
    endloop
  endfacet
  facet normal -0.224374 -0.837369 0.498468
    outer loop
      vertex 1.43967 0.460498 50.1472
      vertex 1.38005 0.296699 49.8452
      vertex 1.68524 0.214923 49.8452
    endloop
  endfacet
  facet normal -0.0755572 -0.86361 0.498466
    outer loop
      vertex 2 0.361696 50.1472
      vertex 1.71551 0.386586 50.1472
      vertex 2 0.187385 49.8452
    endloop
  endfacet
  facet normal -0.198562 -0.741034 0.641438
    outer loop
      vertex 1.75443 0.607272 50.4142
      vertex 1.43967 0.460498 50.1472
      vertex 1.71551 0.386586 50.1472
    endloop
  endfacet
  facet normal -0.198557 -0.741038 0.641434
    outer loop
      vertex 1.51631 0.671075 50.4142
      vertex 1.43967 0.460498 50.1472
      vertex 1.75443 0.607272 50.4142
    endloop
  endfacet
  facet normal -0.16674 -0.622291 0.764821
    outer loop
      vertex 1.60765 0.922029 50.6383
      vertex 1.51631 0.671075 50.4142
      vertex 1.75443 0.607272 50.4142
    endloop
  endfacet
  facet normal 0.366074 -0.785599 0.498823
    outer loop
      vertex 218.819 0.581187 50.1472
      vertex 218.56 0.460498 50.1472
      vertex 218.62 0.296699 49.8452
    endloop
  endfacet
  facet normal 0.224472 -0.837213 0.498685
    outer loop
      vertex 218.56 0.460498 50.1472
      vertex 218.315 0.214923 49.8452
      vertex 218.62 0.296699 49.8452
    endloop
  endfacet
  facet normal 0.985068 -0 0.172165
    outer loop
      vertex 219.932 2 49.5176
      vertex 219.992 6 49.1743
      vertex 219.932 6 49.5176
    endloop
  endfacet
  facet normal 0.985068 0 0.172165
    outer loop
      vertex 219.992 6 49.1743
      vertex 219.932 2 49.5176
      vertex 219.992 2 49.1743
    endloop
  endfacet
  facet normal 0.27148 -0.58465 0.764515
    outer loop
      vertex 218.574 1.00654 50.6383
      vertex 218.392 0.922029 50.6383
      vertex 218.707 0.775255 50.4142
    endloop
  endfacet
  facet normal 0.272527 -0.583351 0.765135
    outer loop
      vertex 218.707 0.775255 50.4142
      vertex 218.392 0.922029 50.6383
      vertex 218.484 0.671075 50.4142
    endloop
  endfacet
  facet normal 0.612918 -0.613127 0.498405
    outer loop
      vertex 219.165 0.611456 49.8452
      vertex 219.255 0.946918 50.1472
      vertex 219.053 0.744987 50.1472
    endloop
  endfacet
  facet normal 0.611925 -0.613521 0.499139
    outer loop
      vertex 219.255 0.946918 50.1472
      vertex 219.165 0.611456 49.8452
      vertex 219.389 0.834873 49.8452
    endloop
  endfacet
  facet normal 0.628265 -0.44045 0.641316
    outer loop
      vertex 219.419 1.18085 50.1472
      vertex 219.225 1.29289 50.4142
      vertex 219.255 0.946918 50.1472
    endloop
  endfacet
  facet normal 0.664057 -0.66579 0.340224
    outer loop
      vertex 219.165 0.611456 49.8452
      vertex 219.48 0.75823 49.5176
      vertex 219.389 0.834873 49.8452
    endloop
  endfacet
  facet normal 0.664756 -0.664437 0.341501
    outer loop
      vertex 219.48 0.75823 49.5176
      vertex 219.165 0.611456 49.8452
      vertex 219.242 0.520116 49.5176
    endloop
  endfacet
  facet normal 0.6967 -0.696367 0.172286
    outer loop
      vertex 219.242 0.520116 49.5176
      vertex 219.526 0.719317 49.1743
      vertex 219.48 0.75823 49.5176
    endloop
  endfacet
  facet normal 0.697239 -0.695607 0.173173
    outer loop
      vertex 219.526 0.719317 49.1743
      vertex 219.242 0.520116 49.5176
      vertex 219.281 0.473742 49.1743
    endloop
  endfacet
  facet normal 0.416487 -0.892587 0.172707
    outer loop
      vertex 218.966 0.326968 49.5176
      vertex 218.661 0.184653 49.5176
      vertex 218.996 0.274541 49.1743
    endloop
  endfacet
  facet normal 0.564754 -0.807009 0.172595
    outer loop
      vertex 219.242 0.520116 49.5176
      vertex 218.966 0.326968 49.5176
      vertex 218.996 0.274541 49.1743
    endloop
  endfacet
  facet normal -0.369527 -0.527731 0.76482
    outer loop
      vertex 1.26262 1.12123 50.6383
      vertex 1.09096 0.91665 50.4142
      vertex 1.29289 0.775255 50.4142
    endloop
  endfacet
  facet normal -0.410733 -0.287588 0.865212
    outer loop
      vertex 1.35251 1.45669 50.8126
      vertex 1.00654 1.42642 50.6383
      vertex 1.12123 1.26262 50.6383
    endloop
  endfacet
  facet normal -0.527734 -0.36951 0.764826
    outer loop
      vertex 1.00654 1.42642 50.6383
      vertex 0.775255 1.29289 50.4142
      vertex 1.12123 1.26262 50.6383
    endloop
  endfacet
  facet normal -0.129772 -0.484319 0.865214
    outer loop
      vertex 1.71091 1.20574 50.8126
      vertex 1.60765 0.922029 50.6383
      vertex 1.8008 0.870275 50.6383
    endloop
  endfacet
  facet normal -0.211907 -0.454424 0.865213
    outer loop
      vertex 1.71091 1.20574 50.8126
      vertex 1.42642 1.00654 50.6383
      vertex 1.60765 0.922029 50.6383
    endloop
  endfacet
  facet normal -0.497203 -0.710074 -0.498581
    outer loop
      vertex 1.09369 0.430229 1.15476
      vertex 0.834873 0.611456 1.15476
      vertex 1.18085 0.581187 0.852848
    endloop
  endfacet
  facet normal -0.564934 -0.806798 -0.172991
    outer loop
      vertex 1.00381 0.274541 1.82569
      vertex 0.75823 0.520116 1.48236
      vertex 1.03407 0.326968 1.48236
    endloop
  endfacet
  facet normal -0.0755508 -0.863547 -0.498576
    outer loop
      vertex 2 0.187385 1.15476
      vertex 1.68524 0.214923 1.15476
      vertex 1.71551 0.386586 0.852848
    endloop
  endfacet
  facet normal -0.324254 -0.695368 -0.641344
    outer loop
      vertex 1.43967 0.460498 0.852848
      vertex 1.18085 0.581187 0.852848
      vertex 1.29289 0.775255 0.585787
    endloop
  endfacet
  facet normal 0.198729 -0.741305 -0.641072
    outer loop
      vertex 218.56 0.460498 0.852848
      vertex 218.246 0.607272 0.585787
      vertex 218.484 0.671075 0.585787
    endloop
  endfacet
  facet normal 0.224176 -0.837112 -0.498988
    outer loop
      vertex 218.315 0.214923 1.15476
      vertex 218.284 0.386586 0.852848
      vertex 218.56 0.460498 0.852848
    endloop
  endfacet
  facet normal -0.837308 -0.224359 -0.498576
    outer loop
      vertex 0.460498 1.43967 0.852848
      vertex 0.214923 1.68524 1.15476
      vertex 0.386586 1.71551 0.852848
    endloop
  endfacet
  facet normal -0.837308 -0.224358 -0.498577
    outer loop
      vertex 0.296699 1.38005 1.15476
      vertex 0.214923 1.68524 1.15476
      vertex 0.460498 1.43967 0.852848
    endloop
  endfacet
  facet normal -0.77009 -0.53923 -0.34087
    outer loop
      vertex 0.520116 0.75823 1.48236
      vertex 0.326968 1.03407 1.48236
      vertex 0.430229 1.09369 1.15476
    endloop
  endfacet
  facet normal -0.852032 -0.397303 -0.34087
    outer loop
      vertex 0.326968 1.03407 1.48236
      vertex 0.184653 1.33927 1.48236
      vertex 0.430229 1.09369 1.15476
    endloop
  endfacet
  facet normal -0.58387 -0.272257 -0.764834
    outer loop
      vertex 0.775255 1.29289 0.585787
      vertex 0.671075 1.51631 0.585787
      vertex 0.922029 1.60765 0.361696
    endloop
  endfacet
  facet normal -0.499527 -0.0437011 -0.865196
    outer loop
      vertex 0.870275 1.8008 0.361696
      vertex 0.852848 2 0.361696
      vertex 1.15476 2 0.187385
    endloop
  endfacet
  facet normal -0.145019 -0.311025 -0.939272
    outer loop
      vertex 1.71091 1.20574 0.187385
      vertex 1.57738 1.268 0.187385
      vertex 1.82296 1.51358 0.0681486
    endloop
  endfacet
  facet normal -0.324248 -0.695368 -0.641347
    outer loop
      vertex 1.43967 0.460498 0.852848
      vertex 1.29289 0.775255 0.585787
      vertex 1.51631 0.671075 0.585787
    endloop
  endfacet
  facet normal -0.157965 -0.0736514 -0.984694
    outer loop
      vertex 1.55171 1.74118 0.0681486
      vertex 1.51358 1.82296 0.0681486
      vertex 1.84904 1.91284 0.00761127
    endloop
  endfacet
  facet normal -0.4972 -0.710079 -0.498577
    outer loop
      vertex 1.18085 0.581187 0.852848
      vertex 0.834873 0.611456 1.15476
      vertex 0.946918 0.744987 0.852848
    endloop
  endfacet
  facet normal -0.129778 -0.484341 -0.8652
    outer loop
      vertex 1.8008 0.870275 0.361696
      vertex 1.60765 0.922029 0.361696
      vertex 1.71091 1.20574 0.187385
    endloop
  endfacet
  facet normal -0.196839 -0.281108 -0.939272
    outer loop
      vertex 1.57738 1.268 0.187385
      vertex 1.45669 1.35251 0.187385
      vertex 1.74118 1.55171 0.0681486
    endloop
  endfacet
  facet normal -0.242656 -0.242656 -0.939274
    outer loop
      vertex 1.45669 1.35251 0.187385
      vertex 1.60347 1.66727 0.0681486
      vertex 1.66727 1.60347 0.0681486
    endloop
  endfacet
  facet normal -0.242656 -0.242656 -0.939274
    outer loop
      vertex 1.60347 1.66727 0.0681486
      vertex 1.45669 1.35251 0.187385
      vertex 1.35251 1.45669 0.187385
    endloop
  endfacet
  facet normal -0.542528 -0.542528 -0.641347
    outer loop
      vertex 0.946918 0.744987 0.852848
      vertex 0.91665 1.09096 0.585787
      vertex 1.09096 0.91665 0.585787
    endloop
  endfacet
  facet normal -0.542528 -0.542528 -0.641347
    outer loop
      vertex 0.91665 1.09096 0.585787
      vertex 0.946918 0.744987 0.852848
      vertex 0.744987 0.946918 0.852848
    endloop
  endfacet
  facet normal -0.664759 -0.664759 -0.340868
    outer loop
      vertex 0.834873 0.611456 1.15476
      vertex 0.520116 0.75823 1.48236
      vertex 0.611456 0.834873 1.15476
    endloop
  endfacet
  facet normal -0.664759 -0.664759 -0.340868
    outer loop
      vertex 0.520116 0.75823 1.48236
      vertex 0.834873 0.611456 1.15476
      vertex 0.75823 0.520116 1.48236
    endloop
  endfacet
  facet normal -0.0736514 -0.157965 -0.984694
    outer loop
      vertex 1.82296 1.51358 0.0681486
      vertex 1.74118 1.55171 0.0681486
      vertex 1.91284 1.84904 0.00761127
    endloop
  endfacet
  facet normal -0.211917 -0.454446 -0.8652
    outer loop
      vertex 1.60765 0.922029 0.361696
      vertex 1.42642 1.00654 0.361696
      vertex 1.71091 1.20574 0.187385
    endloop
  endfacet
  facet normal 0 -0.34202 -0.939693
    outer loop
      vertex 2 1.15476 0.187385
      vertex 218 1.48236 0.0681486
      vertex 218 1.15476 0.187385
    endloop
  endfacet
  facet normal -0 -0.34202 -0.939693
    outer loop
      vertex 218 1.48236 0.0681486
      vertex 2 1.15476 0.187385
      vertex 2 1.48236 0.0681486
    endloop
  endfacet
  facet normal 0.483814 -0.130253 -0.865424
    outer loop
      vertex 219.078 1.60765 0.361696
      vertex 218.794 1.71091 0.187385
      vertex 219.13 1.8008 0.361696
    endloop
  endfacet
  facet normal 0.528009 -0.367479 -0.765615
    outer loop
      vertex 219.225 1.29289 0.585787
      vertex 218.879 1.26262 0.361696
      vertex 218.993 1.42642 0.361696
    endloop
  endfacet
  facet normal 0.158213 -0.0735155 -0.984664
    outer loop
      vertex 218.448 1.74118 0.0681486
      vertex 218.151 1.91284 0.00761127
      vertex 218.486 1.82296 0.0681486
    endloop
  endfacet
  facet normal 0.627243 -0.441086 -0.641879
    outer loop
      vertex 219.255 0.946918 0.852848
      vertex 219.083 1.09096 0.585787
      vertex 219.225 1.29289 0.585787
    endloop
  endfacet
  facet normal 0.612873 -0.613083 -0.498514
    outer loop
      vertex 219.255 0.946918 0.852848
      vertex 219.165 0.611456 1.15476
      vertex 219.053 0.744987 0.852848
    endloop
  endfacet
  facet normal 0.61188 -0.613477 -0.499248
    outer loop
      vertex 219.165 0.611456 1.15476
      vertex 219.255 0.946918 0.852848
      vertex 219.389 0.834873 1.15476
    endloop
  endfacet
  facet normal -0.2549 0.951362 0.173024
    outer loop
      vertex 1.65403 7.96212 49.1743
      vertex 1.33927 7.81535 49.5176
      vertex 1.66454 7.9025 49.5176
    endloop
  endfacet
  facet normal 0.416498 0.89258 0.172715
    outer loop
      vertex 218.996 7.72546 49.1743
      vertex 218.661 7.81535 49.5176
      vertex 218.966 7.67303 49.5176
    endloop
  endfacet
  facet normal 0.0859594 0.981138 0.173146
    outer loop
      vertex 218.346 7.96212 49.1743
      vertex 218 7.93185 49.5176
      vertex 218.335 7.9025 49.5176
    endloop
  endfacet
  facet normal -0.0871602 0.996194 0
    outer loop
      vertex 2 7.99239 49
      vertex 1.65403 7.96212 49.1743
      vertex 2 7.99239 49.1743
    endloop
  endfacet
  facet normal -0.0871602 0.996194 0
    outer loop
      vertex 1.65403 7.96212 49.1743
      vertex 2 7.99239 49
      vertex 1.65403 7.96212 49
    endloop
  endfacet
  facet normal -0.0871549 0.996195 0
    outer loop
      vertex 1.82569 7.97714 5.99239
      vertex 2 7.99239 6
      vertex 2 7.99239 5.99239
    endloop
  endfacet
  facet normal -0.0871602 0.996194 0.000121534
    outer loop
      vertex 2 7.99239 6
      vertex 1.82569 7.97714 5.99239
      vertex 1.65403 7.96212 6
    endloop
  endfacet
  facet normal -0.0871655 0.996194 0
    outer loop
      vertex 1.65403 7.96212 6
      vertex 1.82569 7.97714 5.99239
      vertex 1.65403 7.96212 5.96212
    endloop
  endfacet
  facet normal 0.0748962 -0.157492 0.984676
    outer loop
      vertex 218.087 1.84904 50.9924
      vertex 218.06 1.8362 50.9924
      vertex 218.177 1.51358 50.9319
    endloop
  endfacet
  facet normal 0.483626 -0.12913 0.865697
    outer loop
      vertex 218.832 1.85323 50.8126
      vertex 218.794 1.71091 50.8126
      vertex 219.13 1.8008 50.6383
    endloop
  endfacet
  facet normal 0.280584 -0.197611 0.939267
    outer loop
      vertex 218.732 1.57738 50.8126
      vertex 218.448 1.74118 50.9319
      vertex 218.647 1.45669 50.8126
    endloop
  endfacet
  facet normal 0.144663 -0.311352 0.939219
    outer loop
      vertex 218.423 1.268 50.8126
      vertex 218.177 1.51358 50.9319
      vertex 218.289 1.20574 50.8126
    endloop
  endfacet
  facet normal 0.288744 -0.410003 0.865173
    outer loop
      vertex 218.543 1.35251 50.8126
      vertex 218.423 1.268 50.8126
      vertex 218.574 1.00654 50.6383
    endloop
  endfacet
  facet normal -0 0.499983 0.866035
    outer loop
      vertex 2 7.14715 50.6383
      vertex 218 6.84524 50.8126
      vertex 218 7.14715 50.6383
    endloop
  endfacet
  facet normal 0 0.499983 0.866035
    outer loop
      vertex 218 6.84524 50.8126
      vertex 2 7.14715 50.6383
      vertex 2 6.84524 50.8126
    endloop
  endfacet
  facet normal 0.0436681 0.499549 0.865184
    outer loop
      vertex 218.199 7.12972 50.6383
      vertex 218 6.84524 50.8126
      vertex 218.147 6.83239 50.8126
    endloop
  endfacet
  facet normal 0.0756858 0.863591 0.498481
    outer loop
      vertex 218 7.81262 49.8452
      vertex 218 7.6383 50.1472
      vertex 218.284 7.61341 50.1472
    endloop
  endfacet
  facet normal 0.280584 0.197611 0.939267
    outer loop
      vertex 218.647 6.54331 50.8126
      vertex 218.448 6.25882 50.9319
      vertex 218.732 6.42262 50.8126
    endloop
  endfacet
  facet normal 0.483626 0.12913 0.865697
    outer loop
      vertex 219.13 6.1992 50.6383
      vertex 218.794 6.28909 50.8126
      vertex 218.832 6.14677 50.8126
    endloop
  endfacet
  facet normal 0.27148 0.584658 0.764509
    outer loop
      vertex 218.707 7.22474 50.4142
      vertex 218.392 7.07797 50.6383
      vertex 218.574 6.99346 50.6383
    endloop
  endfacet
  facet normal 0.045141 -0.168191 0.98472
    outer loop
      vertex 218.177 1.51358 50.9319
      vertex 218.03 1.82834 50.9924
      vertex 218.09 1.49023 50.9319
    endloop
  endfacet
  facet normal 0.144744 -0.311277 0.939232
    outer loop
      vertex 218.259 1.55171 50.9319
      vertex 218.177 1.51358 50.9319
      vertex 218.423 1.268 50.8126
    endloop
  endfacet
  facet normal -0.98117 -0.0858423 0.17302
    outer loop
      vertex 0.0681486 2 49.5176
      vertex 0.0378799 1.65403 49.1743
      vertex 0.0974979 1.66454 49.5176
    endloop
  endfacet
  facet normal -0.951359 -0.254914 0.173019
    outer loop
      vertex 0.0974979 1.66454 49.5176
      vertex 0.0378799 1.65403 49.1743
      vertex 0.184653 1.33927 49.5176
    endloop
  endfacet
  facet normal -0.100001 -0.142744 -0.984695
    outer loop
      vertex 1.91284 1.84904 0.00761127
      vertex 1.66727 1.60347 0.0681486
      vertex 1.88796 1.86647 0.00761127
    endloop
  endfacet
  facet normal -0.642788 0 -0.766044
    outer loop
      vertex 0.585787 2 0.585787
      vertex 0.852848 24 0.361696
      vertex 0.852848 2 0.361696
    endloop
  endfacet
  facet normal -0.642788 0 -0.766044
    outer loop
      vertex 0.852848 24 0.361696
      vertex 0.585787 2 0.585787
      vertex 0.585787 24 0.585787
    endloop
  endfacet
  facet normal -0.168352 -0.0451064 -0.984694
    outer loop
      vertex 1.51358 1.82296 0.0681486
      vertex 1.49023 1.91011 0.0681486
      vertex 1.82834 1.96973 0.00761127
    endloop
  endfacet
  facet normal -0.951359 0.254914 0.173019
    outer loop
      vertex 0.184653 6.66073 49.5176
      vertex 0.0378799 6.34597 49.1743
      vertex 0.0974979 6.33546 49.5176
    endloop
  endfacet
  facet normal -0.98117 0.0858423 0.17302
    outer loop
      vertex 0.0974979 6.33546 49.5176
      vertex 0.0378799 6.34597 49.1743
      vertex 0.0681486 6 49.5176
    endloop
  endfacet
  facet normal -0.641789 0.0561469 0.764823
    outer loop
      vertex 0.870275 6.1992 50.6383
      vertex 0.585787 6 50.4142
      vertex 0.852848 6 50.6383
    endloop
  endfacet
  facet normal -0.168251 0.0450794 0.984713
    outer loop
      vertex 1.51358 6.17704 50.9319
      vertex 1.49023 6.08989 50.9319
      vertex 1.82834 6.03027 50.9924
    endloop
  endfacet
  facet normal -0.837369 0.224375 0.498467
    outer loop
      vertex 0.460498 6.56033 50.1472
      vertex 0.214923 6.31476 49.8452
      vertex 0.386586 6.28449 50.1472
    endloop
  endfacet
  facet normal -0.64179 0.0561505 0.764822
    outer loop
      vertex 0.607272 6.24557 50.4142
      vertex 0.585787 6 50.4142
      vertex 0.870275 6.1992 50.6383
    endloop
  endfacet
  facet normal -0.440032 0.628443 0.641429
    outer loop
      vertex 1.29289 7.22474 50.4142
      vertex 0.946918 7.25501 50.1472
      vertex 1.09096 7.08335 50.4142
    endloop
  endfacet
  facet normal 0.168282 -0.0458689 0.984671
    outer loop
      vertex 218.172 1.96973 50.9924
      vertex 218.164 1.94038 50.9924
      vertex 218.486 1.82296 50.9319
    endloop
  endfacet
  facet normal 0.173214 0 0.984884
    outer loop
      vertex 218.174 6 50.9924
      vertex 218.518 2 50.9319
      vertex 218.518 6 50.9319
    endloop
  endfacet
  facet normal 0.173214 0 0.984884
    outer loop
      vertex 218.518 2 50.9319
      vertex 218.174 6 50.9924
      vertex 218.174 2 50.9924
    endloop
  endfacet
  facet normal 0.173533 -0.015444 0.984707
    outer loop
      vertex 218.518 2 50.9319
      vertex 218.172 1.96973 50.9924
      vertex 218.51 1.91011 50.9319
    endloop
  endfacet
  facet normal -0.287588 0.410733 0.865212
    outer loop
      vertex 1.42642 6.99346 50.6383
      vertex 1.26262 6.87877 50.6383
      vertex 1.45669 6.64749 50.8126
    endloop
  endfacet
  facet normal -0.21189 0.454443 0.865207
    outer loop
      vertex 1.71091 6.79426 50.8126
      vertex 1.42642 6.99346 50.6383
      vertex 1.57738 6.732 50.8126
    endloop
  endfacet
  facet normal -0.272282 0.583868 0.764827
    outer loop
      vertex 1.51631 7.32893 50.4142
      vertex 1.29289 7.22474 50.4142
      vertex 1.60765 7.07797 50.6383
    endloop
  endfacet
  facet normal -0.16673 0.622286 0.764828
    outer loop
      vertex 1.75443 7.39273 50.4142
      vertex 1.51631 7.32893 50.4142
      vertex 1.60765 7.07797 50.6383
    endloop
  endfacet
  facet normal 0.311097 -0.144447 -0.939337
    outer loop
      vertex 218.732 1.57738 0.187385
      vertex 218.486 1.82296 0.0681486
      vertex 218.794 1.71091 0.187385
    endloop
  endfacet
  facet normal 0.499441 -0.042623 -0.865299
    outer loop
      vertex 219.13 1.8008 0.361696
      vertex 218.845 2 0.187385
      vertex 219.147 2 0.361696
    endloop
  endfacet
  facet normal 0.582361 -0.273137 -0.76567
    outer loop
      vertex 219.225 1.29289 0.585787
      vertex 218.993 1.42642 0.361696
      vertex 219.078 1.60765 0.361696
    endloop
  endfacet
  facet normal 0.583977 -0.271836 -0.764903
    outer loop
      vertex 219.225 1.29289 0.585787
      vertex 219.078 1.60765 0.361696
      vertex 219.329 1.51631 0.585787
    endloop
  endfacet
  facet normal 0.280452 -0.197518 -0.939326
    outer loop
      vertex 218.647 1.45669 0.187385
      vertex 218.448 1.74118 0.0681486
      vertex 218.732 1.57738 0.187385
    endloop
  endfacet
  facet normal 0.411038 -0.28607 -0.86557
    outer loop
      vertex 218.879 1.26262 0.361696
      vertex 218.647 1.45669 0.187385
      vertex 218.993 1.42642 0.361696
    endloop
  endfacet
  facet normal 0.710323 -0.496754 -0.498675
    outer loop
      vertex 219.57 1.09369 1.15476
      vertex 219.389 0.834873 1.15476
      vertex 219.419 1.18085 0.852848
    endloop
  endfacet
  facet normal 0.786169 -0.365136 -0.498612
    outer loop
      vertex 219.57 1.09369 1.15476
      vertex 219.419 1.18085 0.852848
      vertex 219.703 1.38005 1.15476
    endloop
  endfacet
  facet normal 0.837611 -0.221671 0.499269
    outer loop
      vertex 219.613 1.71551 50.1472
      vertex 219.54 1.43967 50.1472
      vertex 219.785 1.68524 49.8452
    endloop
  endfacet
  facet normal 0.764462 -0.0653732 0.641346
    outer loop
      vertex 219.414 2 50.4142
      vertex 219.393 1.75443 50.4142
      vertex 219.638 2 50.1472
    endloop
  endfacet
  facet normal 0.908229 -0.242924 0.340745
    outer loop
      vertex 219.902 1.66454 49.5176
      vertex 219.703 1.38005 49.8452
      vertex 219.815 1.33927 49.5176
    endloop
  endfacet
  facet normal 0.852657 -0.396017 0.340803
    outer loop
      vertex 219.703 1.38005 49.8452
      vertex 219.57 1.09369 49.8452
      vertex 219.815 1.33927 49.5176
    endloop
  endfacet
  facet normal 0.906054 0.423161 0
    outer loop
      vertex 219.872 6.68144 49.1743
      vertex 219.725 6.99619 49
      vertex 219.725 6.99619 49.1743
    endloop
  endfacet
  facet normal 0.906054 0.423161 0
    outer loop
      vertex 219.725 6.99619 49
      vertex 219.872 6.68144 49.1743
      vertex 219.872 6.68144 49
    endloop
  endfacet
  facet normal 0.906054 0.423161 0
    outer loop
      vertex 219.872 6.68144 6
      vertex 219.725 6.99619 4.99619
      vertex 219.725 6.99619 6
    endloop
  endfacet
  facet normal 0.904998 0.425414 0.000861029
    outer loop
      vertex 219.725 6.99619 4.99619
      vertex 219.872 6.68144 6
      vertex 219.813 6.80929 4.84524
    endloop
  endfacet
  facet normal 0.90798 0.419013 0
    outer loop
      vertex 219.813 6.80929 4.84524
      vertex 219.872 6.68144 6
      vertex 219.872 6.68144 4.68144
    endloop
  endfacet
  facet normal 0.819425 0.573186 0
    outer loop
      vertex 219.725 6.99619 49.1743
      vertex 219.526 7.28068 49
      vertex 219.526 7.28068 49.1743
    endloop
  endfacet
  facet normal 0.819425 0.573186 0
    outer loop
      vertex 219.526 7.28068 49
      vertex 219.725 6.99619 49.1743
      vertex 219.725 6.99619 49
    endloop
  endfacet
  facet normal 0.819425 0.573186 0
    outer loop
      vertex 219.725 6.99619 6
      vertex 219.526 7.28068 5.28068
      vertex 219.526 7.28068 6
    endloop
  endfacet
  facet normal 0.819293 0.573376 0.0001118
    outer loop
      vertex 219.526 7.28068 5.28068
      vertex 219.725 6.99619 6
      vertex 219.638 7.12067 5.14715
    endloop
  endfacet
  facet normal 0.819652 0.572861 0
    outer loop
      vertex 219.638 7.12067 5.14715
      vertex 219.725 6.99619 6
      vertex 219.725 6.99619 4.99619
    endloop
  endfacet
  facet normal 0.807139 0.564739 0.172037
    outer loop
      vertex 219.725 6.99619 49.1743
      vertex 219.48 7.24177 49.5176
      vertex 219.673 6.96593 49.5176
    endloop
  endfacet
  facet normal 0.807191 0.564628 0.172154
    outer loop
      vertex 219.526 7.28068 49.1743
      vertex 219.48 7.24177 49.5176
      vertex 219.725 6.99619 49.1743
    endloop
  endfacet
  facet normal 0.936787 0.0833334 0.339832
    outer loop
      vertex 219.902 6.33546 49.5176
      vertex 219.785 6.31476 49.8452
      vertex 219.813 6 49.8452
    endloop
  endfacet
  facet normal 0.456346 0.455535 0.764354
    outer loop
      vertex 218.909 7.08335 50.4142
      vertex 218.879 6.73738 50.6383
      vertex 219.083 6.90904 50.4142
    endloop
  endfacet
  facet normal 0.454279 0.456239 0.765164
    outer loop
      vertex 218.879 6.73738 50.6383
      vertex 218.909 7.08335 50.4142
      vertex 218.737 6.87877 50.6383
    endloop
  endfacet
  facet normal 0.564758 0.807005 0.172601
    outer loop
      vertex 218.996 7.72546 49.1743
      vertex 218.966 7.67303 49.5176
      vertex 219.242 7.47988 49.5176
    endloop
  endfacet
  facet normal -0.0668648 -0.764257 0.641436
    outer loop
      vertex 1.75443 0.607272 50.4142
      vertex 1.71551 0.386586 50.1472
      vertex 2 0.361696 50.1472
    endloop
  endfacet
  facet normal -0.0668651 -0.764258 0.641435
    outer loop
      vertex 2 0.585787 50.4142
      vertex 1.75443 0.607272 50.4142
      vertex 2 0.361696 50.1472
    endloop
  endfacet
  facet normal 0.951296 -0.254443 0.174052
    outer loop
      vertex 219.902 1.66454 49.5176
      vertex 219.815 1.33927 49.5176
      vertex 219.962 1.65403 49.1743
    endloop
  endfacet
  facet normal 0.54215 -0.542335 0.641831
    outer loop
      vertex 219.083 1.09096 50.4142
      vertex 219.053 0.744987 50.1472
      vertex 219.255 0.946918 50.1472
    endloop
  endfacet
  facet normal 0.543007 -0.542041 0.641354
    outer loop
      vertex 219.053 0.744987 50.1472
      vertex 219.083 1.09096 50.4142
      vertex 218.909 0.91665 50.4142
    endloop
  endfacet
  facet normal 0.211289 -0.454749 0.865194
    outer loop
      vertex 218.423 1.268 50.8126
      vertex 218.289 1.20574 50.8126
      vertex 218.574 1.00654 50.6383
    endloop
  endfacet
  facet normal 0.211205 -0.454844 0.865165
    outer loop
      vertex 218.574 1.00654 50.6383
      vertex 218.289 1.20574 50.8126
      vertex 218.392 0.922029 50.6383
    endloop
  endfacet
  facet normal 0.770624 -0.538925 0.340145
    outer loop
      vertex 219.57 1.09369 49.8452
      vertex 219.389 0.834873 49.8452
      vertex 219.48 0.75823 49.5176
    endloop
  endfacet
  facet normal -0.527731 -0.369527 0.76482
    outer loop
      vertex 1.12123 1.26262 50.6383
      vertex 0.775255 1.29289 50.4142
      vertex 0.91665 1.09096 50.4142
    endloop
  endfacet
  facet normal -0.53923 -0.77009 -0.34087
    outer loop
      vertex 1.03407 0.326968 1.48236
      vertex 0.75823 0.520116 1.48236
      vertex 1.09369 0.430229 1.15476
    endloop
  endfacet
  facet normal -0.397303 -0.852032 -0.34087
    outer loop
      vertex 1.33927 0.184653 1.48236
      vertex 1.03407 0.326968 1.48236
      vertex 1.09369 0.430229 1.15476
    endloop
  endfacet
  facet normal 0.0667551 -0.764335 -0.641354
    outer loop
      vertex 218.246 0.607272 0.585787
      vertex 218 0.361696 0.852848
      vertex 218 0.585787 0.585787
    endloop
  endfacet
  facet normal 0.1668 -0.622027 -0.765023
    outer loop
      vertex 218.246 0.607272 0.585787
      vertex 218.199 0.870275 0.361696
      vertex 218.392 0.922029 0.361696
    endloop
  endfacet
  facet normal 0.168382 -0.0458964 -0.984653
    outer loop
      vertex 218.486 1.82296 0.0681486
      vertex 218.164 1.94038 0.00761127
      vertex 218.172 1.96973 0.00761127
    endloop
  endfacet
  facet normal -0.764329 -0.0668711 -0.641349
    outer loop
      vertex 0.386586 1.71551 0.852848
      vertex 0.361696 2 0.852848
      vertex 0.607272 1.75443 0.585787
    endloop
  endfacet
  facet normal -0.764329 -0.0668714 -0.641349
    outer loop
      vertex 0.607272 1.75443 0.585787
      vertex 0.361696 2 0.852848
      vertex 0.585787 2 0.585787
    endloop
  endfacet
  facet normal -0.58386 -0.272265 -0.764839
    outer loop
      vertex 1.00654 1.42642 0.361696
      vertex 0.775255 1.29289 0.585787
      vertex 0.922029 1.60765 0.361696
    endloop
  endfacet
  facet normal -0.354564 -0.354564 -0.865199
    outer loop
      vertex 1.26262 1.12123 0.361696
      vertex 1.35251 1.45669 0.187385
      vertex 1.45669 1.35251 0.187385
    endloop
  endfacet
  facet normal -0.354564 -0.354564 -0.865199
    outer loop
      vertex 1.35251 1.45669 0.187385
      vertex 1.26262 1.12123 0.361696
      vertex 1.12123 1.26262 0.361696
    endloop
  endfacet
  facet normal -0.454446 -0.211917 -0.8652
    outer loop
      vertex 1.00654 1.42642 0.361696
      vertex 0.922029 1.60765 0.361696
      vertex 1.20574 1.71091 0.187385
    endloop
  endfacet
  facet normal -0.484341 -0.129778 -0.8652
    outer loop
      vertex 0.922029 1.60765 0.361696
      vertex 0.870275 1.8008 0.361696
      vertex 1.20574 1.71091 0.187385
    endloop
  endfacet
  facet normal -0.142744 -0.100001 -0.984695
    outer loop
      vertex 1.86647 1.88796 0.00761127
      vertex 1.60347 1.66727 0.0681486
      vertex 1.84904 1.91284 0.00761127
    endloop
  endfacet
  facet normal 0 0 -1
    outer loop
      vertex 218 1.82569 0.00761127
      vertex 218.174 2 0.00761127
      vertex 218.172 1.96973 0.00761127
    endloop
  endfacet
  facet normal 0 0 -1
    outer loop
      vertex 218.174 2 0.00761127
      vertex 196.674 16.7048 0.00761127
      vertex 218.174 24 0.00761127
    endloop
  endfacet
  facet normal 0 0 -1
    outer loop
      vertex 218 1.82569 0.00761127
      vertex 218.172 1.96973 0.00761127
      vertex 218.164 1.94038 0.00761127
    endloop
  endfacet
  facet normal -0 0 -1
    outer loop
      vertex 218.174 2 0.00761127
      vertex 218 1.82569 0.00761127
      vertex 196.597 16.4186 0.00761127
    endloop
  endfacet
  facet normal 0 0 -1
    outer loop
      vertex 218 1.82569 0.00761127
      vertex 218.164 1.94038 0.00761127
      vertex 218.151 1.91284 0.00761127
    endloop
  endfacet
  facet normal 0 -0 -1
    outer loop
      vertex 218 24.1743 0.00761127
      vertex 218.174 24 0.00761127
      vertex 196.674 16.7048 0.00761127
    endloop
  endfacet
  facet normal 0 0 -1
    outer loop
      vertex 218 1.82569 0.00761127
      vertex 218.151 1.91284 0.00761127
      vertex 218.134 1.88796 0.00761127
    endloop
  endfacet
  facet normal 0 0 -1
    outer loop
      vertex 218.172 24.0303 0.00761127
      vertex 218 24.1743 0.00761127
      vertex 218.164 24.0596 0.00761127
    endloop
  endfacet
  facet normal 0 0 -1
    outer loop
      vertex 218 1.82569 0.00761127
      vertex 218.134 1.88796 0.00761127
      vertex 218.112 1.86647 0.00761127
    endloop
  endfacet
  facet normal 0 0 -1
    outer loop
      vertex 218.164 24.0596 0.00761127
      vertex 218 24.1743 0.00761127
      vertex 218.151 24.0872 0.00761127
    endloop
  endfacet
  facet normal 0 0 -1
    outer loop
      vertex 218 1.82569 0.00761127
      vertex 218.112 1.86647 0.00761127
      vertex 218.087 1.84904 0.00761127
    endloop
  endfacet
  facet normal 0 0 -1
    outer loop
      vertex 218.151 24.0872 0.00761127
      vertex 218 24.1743 0.00761127
      vertex 218.134 24.112 0.00761127
    endloop
  endfacet
  facet normal 0 0 -1
    outer loop
      vertex 218 1.82569 0.00761127
      vertex 218.087 1.84904 0.00761127
      vertex 218.06 1.8362 0.00761127
    endloop
  endfacet
  facet normal 0 0 -1
    outer loop
      vertex 218.134 24.112 0.00761127
      vertex 218 24.1743 0.00761127
      vertex 218.112 24.1335 0.00761127
    endloop
  endfacet
  facet normal 0 0 -1
    outer loop
      vertex 218 1.82569 0.00761127
      vertex 218.06 1.8362 0.00761127
      vertex 218.03 1.82834 0.00761127
    endloop
  endfacet
  facet normal 0 0 -1
    outer loop
      vertex 218.112 24.1335 0.00761127
      vertex 218 24.1743 0.00761127
      vertex 218.087 24.151 0.00761127
    endloop
  endfacet
  facet normal 0 0 -1
    outer loop
      vertex 218.087 24.151 0.00761127
      vertex 218 24.1743 0.00761127
      vertex 218.06 24.1638 0.00761127
    endloop
  endfacet
  facet normal 0 0 -1
    outer loop
      vertex 218.06 24.1638 0.00761127
      vertex 218 24.1743 0.00761127
      vertex 218.03 24.1717 0.00761127
    endloop
  endfacet
  facet normal 0 0 -1
    outer loop
      vertex 218.174 24 0.00761127
      vertex 218 24.1743 0.00761127
      vertex 218.172 24.0303 0.00761127
    endloop
  endfacet
  facet normal 0 0 -1
    outer loop
      vertex 218 24.1743 0.00761127
      vertex 196.674 16.7048 0.00761127
      vertex 196.7 17 0.00761127
    endloop
  endfacet
  facet normal 0 0 -1
    outer loop
      vertex 218.174 2 0.00761127
      vertex 196.597 16.4186 0.00761127
      vertex 196.674 16.7048 0.00761127
    endloop
  endfacet
  facet normal 0 0 -1
    outer loop
      vertex 218 1.82569 0.00761127
      vertex 196.472 16.15 0.00761127
      vertex 196.597 16.4186 0.00761127
    endloop
  endfacet
  facet normal 0 0 -1
    outer loop
      vertex 218 1.82569 0.00761127
      vertex 196.302 15.9073 0.00761127
      vertex 196.472 16.15 0.00761127
    endloop
  endfacet
  facet normal 0 0 -1
    outer loop
      vertex 218 1.82569 0.00761127
      vertex 196.093 15.6977 0.00761127
      vertex 196.302 15.9073 0.00761127
    endloop
  endfacet
  facet normal 0 0 -1
    outer loop
      vertex 218 1.82569 0.00761127
      vertex 195.85 15.5278 0.00761127
      vertex 196.093 15.6977 0.00761127
    endloop
  endfacet
  facet normal 0 0 -1
    outer loop
      vertex 218 1.82569 0.00761127
      vertex 195.581 15.4025 0.00761127
      vertex 195.85 15.5278 0.00761127
    endloop
  endfacet
  facet normal 0 0 -1
    outer loop
      vertex 218 1.82569 0.00761127
      vertex 195.295 15.3258 0.00761127
      vertex 195.581 15.4025 0.00761127
    endloop
  endfacet
  facet normal 0 0 -1
    outer loop
      vertex 218 1.82569 0.00761127
      vertex 195 15.3 0.00761127
      vertex 195.295 15.3258 0.00761127
    endloop
  endfacet
  facet normal 0 0 -1
    outer loop
      vertex 218 1.82569 0.00761127
      vertex 194.705 15.3258 0.00761127
      vertex 195 15.3 0.00761127
    endloop
  endfacet
  facet normal 0 0 -1
    outer loop
      vertex 218 1.82569 0.00761127
      vertex 194.419 15.4025 0.00761127
      vertex 194.705 15.3258 0.00761127
    endloop
  endfacet
  facet normal 0 0 -1
    outer loop
      vertex 138.581 15.4025 0.00761127
      vertex 194.419 15.4025 0.00761127
      vertex 218 1.82569 0.00761127
    endloop
  endfacet
  facet normal 0 0 -1
    outer loop
      vertex 193.326 16.7048 0.00761127
      vertex 139.7 17 0.00761127
      vertex 193.3 17 0.00761127
    endloop
  endfacet
  facet normal 0 0 -1
    outer loop
      vertex 139.674 16.7048 0.00761127
      vertex 193.326 16.7048 0.00761127
      vertex 193.403 16.4186 0.00761127
    endloop
  endfacet
  facet normal 0 0 -1
    outer loop
      vertex 139.597 16.4186 0.00761127
      vertex 193.403 16.4186 0.00761127
      vertex 193.528 16.15 0.00761127
    endloop
  endfacet
  facet normal 0 0 -1
    outer loop
      vertex 139.472 16.15 0.00761127
      vertex 193.528 16.15 0.00761127
      vertex 193.698 15.9073 0.00761127
    endloop
  endfacet
  facet normal 0 0 -1
    outer loop
      vertex 139.302 15.9073 0.00761127
      vertex 193.698 15.9073 0.00761127
      vertex 193.907 15.6977 0.00761127
    endloop
  endfacet
  facet normal 0 0 -1
    outer loop
      vertex 139.093 15.6977 0.00761127
      vertex 193.907 15.6977 0.00761127
      vertex 194.15 15.5278 0.00761127
    endloop
  endfacet
  facet normal 0 0 -1
    outer loop
      vertex 194.419 15.4025 0.00761127
      vertex 138.581 15.4025 0.00761127
      vertex 194.15 15.5278 0.00761127
    endloop
  endfacet
  facet normal 0 0 -1
    outer loop
      vertex 193.326 16.7048 0.00761127
      vertex 139.674 16.7048 0.00761127
      vertex 139.7 17 0.00761127
    endloop
  endfacet
  facet normal 0 0 -1
    outer loop
      vertex 193.403 16.4186 0.00761127
      vertex 139.597 16.4186 0.00761127
      vertex 139.674 16.7048 0.00761127
    endloop
  endfacet
  facet normal 0 0 -1
    outer loop
      vertex 193.528 16.15 0.00761127
      vertex 139.472 16.15 0.00761127
      vertex 139.597 16.4186 0.00761127
    endloop
  endfacet
  facet normal 0 0 -1
    outer loop
      vertex 193.698 15.9073 0.00761127
      vertex 139.302 15.9073 0.00761127
      vertex 139.472 16.15 0.00761127
    endloop
  endfacet
  facet normal 0 0 -1
    outer loop
      vertex 193.907 15.6977 0.00761127
      vertex 139.093 15.6977 0.00761127
      vertex 139.302 15.9073 0.00761127
    endloop
  endfacet
  facet normal 0 0 -1
    outer loop
      vertex 194.15 15.5278 0.00761127
      vertex 138.85 15.5278 0.00761127
      vertex 139.093 15.6977 0.00761127
    endloop
  endfacet
  facet normal -0 0 -1
    outer loop
      vertex 194.15 15.5278 0.00761127
      vertex 138.581 15.4025 0.00761127
      vertex 138.85 15.5278 0.00761127
    endloop
  endfacet
  facet normal 0 0 -1
    outer loop
      vertex 218 1.82569 0.00761127
      vertex 138.295 15.3258 0.00761127
      vertex 138.581 15.4025 0.00761127
    endloop
  endfacet
  facet normal 0 0 -1
    outer loop
      vertex 218 1.82569 0.00761127
      vertex 138 15.3 0.00761127
      vertex 138.295 15.3258 0.00761127
    endloop
  endfacet
  facet normal 0 0 -1
    outer loop
      vertex 82 15.3 0.00761127
      vertex 138 15.3 0.00761127
      vertex 218 1.82569 0.00761127
    endloop
  endfacet
  facet normal 0 0 -1
    outer loop
      vertex 136.326 16.7048 0.00761127
      vertex 83.7 17 0.00761127
      vertex 136.3 17 0.00761127
    endloop
  endfacet
  facet normal 0 0 -1
    outer loop
      vertex 83.6742 16.7048 0.00761127
      vertex 136.326 16.7048 0.00761127
      vertex 136.403 16.4186 0.00761127
    endloop
  endfacet
  facet normal 0 0 -1
    outer loop
      vertex 83.5975 16.4186 0.00761127
      vertex 136.403 16.4186 0.00761127
      vertex 136.528 16.15 0.00761127
    endloop
  endfacet
  facet normal 0 0 -1
    outer loop
      vertex 83.4722 16.15 0.00761127
      vertex 136.528 16.15 0.00761127
      vertex 136.698 15.9073 0.00761127
    endloop
  endfacet
  facet normal 0 0 -1
    outer loop
      vertex 83.3023 15.9073 0.00761127
      vertex 136.698 15.9073 0.00761127
      vertex 136.907 15.6977 0.00761127
    endloop
  endfacet
  facet normal 0 0 -1
    outer loop
      vertex 83.0927 15.6977 0.00761127
      vertex 136.907 15.6977 0.00761127
      vertex 137.15 15.5278 0.00761127
    endloop
  endfacet
  facet normal 0 0 -1
    outer loop
      vertex 82.85 15.5278 0.00761127
      vertex 137.15 15.5278 0.00761127
      vertex 137.419 15.4025 0.00761127
    endloop
  endfacet
  facet normal 0 0 -1
    outer loop
      vertex 82.5814 15.4025 0.00761127
      vertex 137.419 15.4025 0.00761127
      vertex 137.705 15.3258 0.00761127
    endloop
  endfacet
  facet normal 0 0 -1
    outer loop
      vertex 138 15.3 0.00761127
      vertex 82 15.3 0.00761127
      vertex 137.705 15.3258 0.00761127
    endloop
  endfacet
  facet normal 0 0 -1
    outer loop
      vertex 136.326 16.7048 0.00761127
      vertex 83.6742 16.7048 0.00761127
      vertex 83.7 17 0.00761127
    endloop
  endfacet
  facet normal 0 0 -1
    outer loop
      vertex 136.403 16.4186 0.00761127
      vertex 83.5975 16.4186 0.00761127
      vertex 83.6742 16.7048 0.00761127
    endloop
  endfacet
  facet normal 0 0 -1
    outer loop
      vertex 136.528 16.15 0.00761127
      vertex 83.4722 16.15 0.00761127
      vertex 83.5975 16.4186 0.00761127
    endloop
  endfacet
  facet normal 0 0 -1
    outer loop
      vertex 136.698 15.9073 0.00761127
      vertex 83.3023 15.9073 0.00761127
      vertex 83.4722 16.15 0.00761127
    endloop
  endfacet
  facet normal 0 0 -1
    outer loop
      vertex 136.907 15.6977 0.00761127
      vertex 83.0927 15.6977 0.00761127
      vertex 83.3023 15.9073 0.00761127
    endloop
  endfacet
  facet normal 0 0 -1
    outer loop
      vertex 137.15 15.5278 0.00761127
      vertex 82.85 15.5278 0.00761127
      vertex 83.0927 15.6977 0.00761127
    endloop
  endfacet
  facet normal 0 0 -1
    outer loop
      vertex 137.419 15.4025 0.00761127
      vertex 82.5814 15.4025 0.00761127
      vertex 82.85 15.5278 0.00761127
    endloop
  endfacet
  facet normal 0 0 -1
    outer loop
      vertex 137.705 15.3258 0.00761127
      vertex 82.2952 15.3258 0.00761127
      vertex 82.5814 15.4025 0.00761127
    endloop
  endfacet
  facet normal -0 0 -1
    outer loop
      vertex 137.705 15.3258 0.00761127
      vertex 82 15.3 0.00761127
      vertex 82.2952 15.3258 0.00761127
    endloop
  endfacet
  facet normal 0 0 -1
    outer loop
      vertex 2 1.82569 0.00761127
      vertex 82 15.3 0.00761127
      vertex 218 1.82569 0.00761127
    endloop
  endfacet
  facet normal 0 0 -1
    outer loop
      vertex 80.3258 16.7048 0.00761127
      vertex 26.7 17 0.00761127
      vertex 80.3 17 0.00761127
    endloop
  endfacet
  facet normal 0 0 -1
    outer loop
      vertex 26.6742 16.7048 0.00761127
      vertex 80.3258 16.7048 0.00761127
      vertex 80.4025 16.4186 0.00761127
    endloop
  endfacet
  facet normal 0 0 -1
    outer loop
      vertex 26.5975 16.4186 0.00761127
      vertex 80.4025 16.4186 0.00761127
      vertex 80.5278 16.15 0.00761127
    endloop
  endfacet
  facet normal 0 0 -1
    outer loop
      vertex 26.4722 16.15 0.00761127
      vertex 80.5278 16.15 0.00761127
      vertex 80.6977 15.9073 0.00761127
    endloop
  endfacet
  facet normal 0 0 -1
    outer loop
      vertex 26.3023 15.9073 0.00761127
      vertex 80.6977 15.9073 0.00761127
      vertex 80.9073 15.6977 0.00761127
    endloop
  endfacet
  facet normal 0 0 -1
    outer loop
      vertex 26.0927 15.6977 0.00761127
      vertex 80.9073 15.6977 0.00761127
      vertex 81.15 15.5278 0.00761127
    endloop
  endfacet
  facet normal 0 0 -1
    outer loop
      vertex 25.85 15.5278 0.00761127
      vertex 81.15 15.5278 0.00761127
      vertex 81.4186 15.4025 0.00761127
    endloop
  endfacet
  facet normal 0 0 -1
    outer loop
      vertex 2 1.82569 0.00761127
      vertex 81.4186 15.4025 0.00761127
      vertex 81.7048 15.3258 0.00761127
    endloop
  endfacet
  facet normal -0 0 -1
    outer loop
      vertex 82 15.3 0.00761127
      vertex 2 1.82569 0.00761127
      vertex 81.7048 15.3258 0.00761127
    endloop
  endfacet
  facet normal 0 0 -1
    outer loop
      vertex 80.3258 16.7048 0.00761127
      vertex 26.6742 16.7048 0.00761127
      vertex 26.7 17 0.00761127
    endloop
  endfacet
  facet normal 0 0 -1
    outer loop
      vertex 80.4025 16.4186 0.00761127
      vertex 26.5975 16.4186 0.00761127
      vertex 26.6742 16.7048 0.00761127
    endloop
  endfacet
  facet normal 0 0 -1
    outer loop
      vertex 80.5278 16.15 0.00761127
      vertex 26.4722 16.15 0.00761127
      vertex 26.5975 16.4186 0.00761127
    endloop
  endfacet
  facet normal 0 0 -1
    outer loop
      vertex 80.6977 15.9073 0.00761127
      vertex 26.3023 15.9073 0.00761127
      vertex 26.4722 16.15 0.00761127
    endloop
  endfacet
  facet normal 0 0 -1
    outer loop
      vertex 80.9073 15.6977 0.00761127
      vertex 26.0927 15.6977 0.00761127
      vertex 26.3023 15.9073 0.00761127
    endloop
  endfacet
  facet normal 0 0 -1
    outer loop
      vertex 81.15 15.5278 0.00761127
      vertex 25.85 15.5278 0.00761127
      vertex 26.0927 15.6977 0.00761127
    endloop
  endfacet
  facet normal -0 0 -1
    outer loop
      vertex 81.4186 15.4025 0.00761127
      vertex 2 1.82569 0.00761127
      vertex 25.5814 15.4025 0.00761127
    endloop
  endfacet
  facet normal 0 0 -1
    outer loop
      vertex 81.4186 15.4025 0.00761127
      vertex 25.5814 15.4025 0.00761127
      vertex 25.85 15.5278 0.00761127
    endloop
  endfacet
  facet normal 0 0 -1
    outer loop
      vertex 25.5814 15.4025 0.00761127
      vertex 2 1.82569 0.00761127
      vertex 25.2952 15.3258 0.00761127
    endloop
  endfacet
  facet normal -0 0 -1
    outer loop
      vertex 23.4025 16.4186 0.00761127
      vertex 1.82569 2 0.00761127
      vertex 23.3258 16.7048 0.00761127
    endloop
  endfacet
  facet normal 0 0 -1
    outer loop
      vertex 1.82569 2 0.00761127
      vertex 23.4025 16.4186 0.00761127
      vertex 2 1.82569 0.00761127
    endloop
  endfacet
  facet normal -0 0 -1
    outer loop
      vertex 23.5278 16.15 0.00761127
      vertex 2 1.82569 0.00761127
      vertex 23.4025 16.4186 0.00761127
    endloop
  endfacet
  facet normal -0 0 -1
    outer loop
      vertex 23.6977 15.9073 0.00761127
      vertex 2 1.82569 0.00761127
      vertex 23.5278 16.15 0.00761127
    endloop
  endfacet
  facet normal -0 0 -1
    outer loop
      vertex 23.9073 15.6977 0.00761127
      vertex 2 1.82569 0.00761127
      vertex 23.6977 15.9073 0.00761127
    endloop
  endfacet
  facet normal -0 0 -1
    outer loop
      vertex 24.15 15.5278 0.00761127
      vertex 2 1.82569 0.00761127
      vertex 23.9073 15.6977 0.00761127
    endloop
  endfacet
  facet normal -0 0 -1
    outer loop
      vertex 24.4186 15.4025 0.00761127
      vertex 2 1.82569 0.00761127
      vertex 24.15 15.5278 0.00761127
    endloop
  endfacet
  facet normal -0 0 -1
    outer loop
      vertex 24.7048 15.3258 0.00761127
      vertex 2 1.82569 0.00761127
      vertex 24.4186 15.4025 0.00761127
    endloop
  endfacet
  facet normal -0 0 -1
    outer loop
      vertex 25 15.3 0.00761127
      vertex 2 1.82569 0.00761127
      vertex 24.7048 15.3258 0.00761127
    endloop
  endfacet
  facet normal 0 0 -1
    outer loop
      vertex 25.2952 15.3258 0.00761127
      vertex 2 1.82569 0.00761127
      vertex 25 15.3 0.00761127
    endloop
  endfacet
  facet normal 0 0 -1
    outer loop
      vertex 196.674 17.2952 0.00761127
      vertex 218 24.1743 0.00761127
      vertex 196.7 17 0.00761127
    endloop
  endfacet
  facet normal 0 0 -1
    outer loop
      vertex 196.597 17.5814 0.00761127
      vertex 218 24.1743 0.00761127
      vertex 196.674 17.2952 0.00761127
    endloop
  endfacet
  facet normal 0 0 -1
    outer loop
      vertex 196.472 17.85 0.00761127
      vertex 218 24.1743 0.00761127
      vertex 196.597 17.5814 0.00761127
    endloop
  endfacet
  facet normal 0 0 -1
    outer loop
      vertex 196.302 18.0927 0.00761127
      vertex 218 24.1743 0.00761127
      vertex 196.472 17.85 0.00761127
    endloop
  endfacet
  facet normal 0 0 -1
    outer loop
      vertex 196.093 18.3023 0.00761127
      vertex 218 24.1743 0.00761127
      vertex 196.302 18.0927 0.00761127
    endloop
  endfacet
  facet normal 0 0 -1
    outer loop
      vertex 195.85 18.4722 0.00761127
      vertex 218 24.1743 0.00761127
      vertex 196.093 18.3023 0.00761127
    endloop
  endfacet
  facet normal 0 0 -1
    outer loop
      vertex 195.581 18.5975 0.00761127
      vertex 218 24.1743 0.00761127
      vertex 195.85 18.4722 0.00761127
    endloop
  endfacet
  facet normal 0 0 -1
    outer loop
      vertex 195.295 18.6742 0.00761127
      vertex 218 24.1743 0.00761127
      vertex 195.581 18.5975 0.00761127
    endloop
  endfacet
  facet normal 0 0 -1
    outer loop
      vertex 195 18.7 0.00761127
      vertex 218 24.1743 0.00761127
      vertex 195.295 18.6742 0.00761127
    endloop
  endfacet
  facet normal 0 0 -1
    outer loop
      vertex 194.705 18.6742 0.00761127
      vertex 218 24.1743 0.00761127
      vertex 195 18.7 0.00761127
    endloop
  endfacet
  facet normal 0 0 -1
    outer loop
      vertex 139.7 17 0.00761127
      vertex 193.326 17.2952 0.00761127
      vertex 193.3 17 0.00761127
    endloop
  endfacet
  facet normal 0 0 -1
    outer loop
      vertex 139.674 17.2952 0.00761127
      vertex 193.326 17.2952 0.00761127
      vertex 139.7 17 0.00761127
    endloop
  endfacet
  facet normal 0 0 -1
    outer loop
      vertex 193.326 17.2952 0.00761127
      vertex 139.674 17.2952 0.00761127
      vertex 193.403 17.5814 0.00761127
    endloop
  endfacet
  facet normal 0 0 -1
    outer loop
      vertex 139.597 17.5814 0.00761127
      vertex 193.403 17.5814 0.00761127
      vertex 139.674 17.2952 0.00761127
    endloop
  endfacet
  facet normal 0 0 -1
    outer loop
      vertex 193.403 17.5814 0.00761127
      vertex 139.597 17.5814 0.00761127
      vertex 193.528 17.85 0.00761127
    endloop
  endfacet
  facet normal 0 0 -1
    outer loop
      vertex 139.472 17.85 0.00761127
      vertex 193.528 17.85 0.00761127
      vertex 139.597 17.5814 0.00761127
    endloop
  endfacet
  facet normal 0 0 -1
    outer loop
      vertex 193.528 17.85 0.00761127
      vertex 139.472 17.85 0.00761127
      vertex 193.698 18.0927 0.00761127
    endloop
  endfacet
  facet normal 0 0 -1
    outer loop
      vertex 139.302 18.0927 0.00761127
      vertex 193.698 18.0927 0.00761127
      vertex 139.472 17.85 0.00761127
    endloop
  endfacet
  facet normal 0 0 -1
    outer loop
      vertex 193.698 18.0927 0.00761127
      vertex 139.302 18.0927 0.00761127
      vertex 193.907 18.3023 0.00761127
    endloop
  endfacet
  facet normal 0 0 -1
    outer loop
      vertex 139.093 18.3023 0.00761127
      vertex 193.907 18.3023 0.00761127
      vertex 139.302 18.0927 0.00761127
    endloop
  endfacet
  facet normal 0 0 -1
    outer loop
      vertex 193.907 18.3023 0.00761127
      vertex 139.093 18.3023 0.00761127
      vertex 194.15 18.4722 0.00761127
    endloop
  endfacet
  facet normal 0 0 -1
    outer loop
      vertex 138.85 18.4722 0.00761127
      vertex 194.15 18.4722 0.00761127
      vertex 139.093 18.3023 0.00761127
    endloop
  endfacet
  facet normal 0 0 -1
    outer loop
      vertex 194.15 18.4722 0.00761127
      vertex 138.85 18.4722 0.00761127
      vertex 194.419 18.5975 0.00761127
    endloop
  endfacet
  facet normal 0 0 -1
    outer loop
      vertex 138.581 18.5975 0.00761127
      vertex 194.419 18.5975 0.00761127
      vertex 138.85 18.4722 0.00761127
    endloop
  endfacet
  facet normal 0 0 -1
    outer loop
      vertex 194.419 18.5975 0.00761127
      vertex 138.581 18.5975 0.00761127
      vertex 194.705 18.6742 0.00761127
    endloop
  endfacet
  facet normal 0 0 -1
    outer loop
      vertex 138.295 18.6742 0.00761127
      vertex 194.705 18.6742 0.00761127
      vertex 138.581 18.5975 0.00761127
    endloop
  endfacet
  facet normal 0 0 -1
    outer loop
      vertex 194.705 18.6742 0.00761127
      vertex 138.295 18.6742 0.00761127
      vertex 218 24.1743 0.00761127
    endloop
  endfacet
  facet normal 0 0 -1
    outer loop
      vertex 138 18.7 0.00761127
      vertex 218 24.1743 0.00761127
      vertex 138.295 18.6742 0.00761127
    endloop
  endfacet
  facet normal 0 0 -1
    outer loop
      vertex 83.7 17 0.00761127
      vertex 136.326 17.2952 0.00761127
      vertex 136.3 17 0.00761127
    endloop
  endfacet
  facet normal 0 0 -1
    outer loop
      vertex 83.6742 17.2952 0.00761127
      vertex 136.326 17.2952 0.00761127
      vertex 83.7 17 0.00761127
    endloop
  endfacet
  facet normal 0 0 -1
    outer loop
      vertex 136.326 17.2952 0.00761127
      vertex 83.6742 17.2952 0.00761127
      vertex 136.403 17.5814 0.00761127
    endloop
  endfacet
  facet normal 0 0 -1
    outer loop
      vertex 83.5975 17.5814 0.00761127
      vertex 136.403 17.5814 0.00761127
      vertex 83.6742 17.2952 0.00761127
    endloop
  endfacet
  facet normal 0 0 -1
    outer loop
      vertex 136.403 17.5814 0.00761127
      vertex 83.5975 17.5814 0.00761127
      vertex 136.528 17.85 0.00761127
    endloop
  endfacet
  facet normal 0 0 -1
    outer loop
      vertex 83.4722 17.85 0.00761127
      vertex 136.528 17.85 0.00761127
      vertex 83.5975 17.5814 0.00761127
    endloop
  endfacet
  facet normal 0 0 -1
    outer loop
      vertex 136.528 17.85 0.00761127
      vertex 83.4722 17.85 0.00761127
      vertex 136.698 18.0927 0.00761127
    endloop
  endfacet
  facet normal 0 0 -1
    outer loop
      vertex 83.3023 18.0927 0.00761127
      vertex 136.698 18.0927 0.00761127
      vertex 83.4722 17.85 0.00761127
    endloop
  endfacet
  facet normal 0 0 -1
    outer loop
      vertex 136.698 18.0927 0.00761127
      vertex 83.3023 18.0927 0.00761127
      vertex 136.907 18.3023 0.00761127
    endloop
  endfacet
  facet normal 0 0 -1
    outer loop
      vertex 83.0927 18.3023 0.00761127
      vertex 136.907 18.3023 0.00761127
      vertex 83.3023 18.0927 0.00761127
    endloop
  endfacet
  facet normal 0 0 -1
    outer loop
      vertex 136.907 18.3023 0.00761127
      vertex 83.0927 18.3023 0.00761127
      vertex 137.15 18.4722 0.00761127
    endloop
  endfacet
  facet normal 0 0 -1
    outer loop
      vertex 82.85 18.4722 0.00761127
      vertex 137.15 18.4722 0.00761127
      vertex 83.0927 18.3023 0.00761127
    endloop
  endfacet
  facet normal 0 0 -1
    outer loop
      vertex 137.15 18.4722 0.00761127
      vertex 82.85 18.4722 0.00761127
      vertex 137.419 18.5975 0.00761127
    endloop
  endfacet
  facet normal 0 0 -1
    outer loop
      vertex 82.5814 18.5975 0.00761127
      vertex 137.419 18.5975 0.00761127
      vertex 82.85 18.4722 0.00761127
    endloop
  endfacet
  facet normal 0 0 -1
    outer loop
      vertex 137.419 18.5975 0.00761127
      vertex 82.5814 18.5975 0.00761127
      vertex 137.705 18.6742 0.00761127
    endloop
  endfacet
  facet normal 0 0 -1
    outer loop
      vertex 82.2952 18.6742 0.00761127
      vertex 137.705 18.6742 0.00761127
      vertex 82.5814 18.5975 0.00761127
    endloop
  endfacet
  facet normal 0 0 -1
    outer loop
      vertex 137.705 18.6742 0.00761127
      vertex 82.2952 18.6742 0.00761127
      vertex 138 18.7 0.00761127
    endloop
  endfacet
  facet normal 0 0 -1
    outer loop
      vertex 82 18.7 0.00761127
      vertex 138 18.7 0.00761127
      vertex 82.2952 18.6742 0.00761127
    endloop
  endfacet
  facet normal 0 0 -1
    outer loop
      vertex 138 18.7 0.00761127
      vertex 82 18.7 0.00761127
      vertex 218 24.1743 0.00761127
    endloop
  endfacet
  facet normal 0 0 -1
    outer loop
      vertex 26.7 17 0.00761127
      vertex 80.3258 17.2952 0.00761127
      vertex 80.3 17 0.00761127
    endloop
  endfacet
  facet normal 0 0 -1
    outer loop
      vertex 26.6742 17.2952 0.00761127
      vertex 80.3258 17.2952 0.00761127
      vertex 26.7 17 0.00761127
    endloop
  endfacet
  facet normal 0 0 -1
    outer loop
      vertex 80.3258 17.2952 0.00761127
      vertex 26.6742 17.2952 0.00761127
      vertex 80.4025 17.5814 0.00761127
    endloop
  endfacet
  facet normal 0 0 -1
    outer loop
      vertex 26.5975 17.5814 0.00761127
      vertex 80.4025 17.5814 0.00761127
      vertex 26.6742 17.2952 0.00761127
    endloop
  endfacet
  facet normal 0 0 -1
    outer loop
      vertex 80.4025 17.5814 0.00761127
      vertex 26.5975 17.5814 0.00761127
      vertex 80.5278 17.85 0.00761127
    endloop
  endfacet
  facet normal 0 0 -1
    outer loop
      vertex 26.4722 17.85 0.00761127
      vertex 80.5278 17.85 0.00761127
      vertex 26.5975 17.5814 0.00761127
    endloop
  endfacet
  facet normal 0 0 -1
    outer loop
      vertex 80.5278 17.85 0.00761127
      vertex 26.4722 17.85 0.00761127
      vertex 80.6977 18.0927 0.00761127
    endloop
  endfacet
  facet normal 0 0 -1
    outer loop
      vertex 26.3023 18.0927 0.00761127
      vertex 80.6977 18.0927 0.00761127
      vertex 26.4722 17.85 0.00761127
    endloop
  endfacet
  facet normal 0 0 -1
    outer loop
      vertex 80.6977 18.0927 0.00761127
      vertex 26.3023 18.0927 0.00761127
      vertex 80.9073 18.3023 0.00761127
    endloop
  endfacet
  facet normal 0 0 -1
    outer loop
      vertex 26.0927 18.3023 0.00761127
      vertex 80.9073 18.3023 0.00761127
      vertex 26.3023 18.0927 0.00761127
    endloop
  endfacet
  facet normal 0 0 -1
    outer loop
      vertex 80.9073 18.3023 0.00761127
      vertex 26.0927 18.3023 0.00761127
      vertex 81.15 18.4722 0.00761127
    endloop
  endfacet
  facet normal 0 0 -1
    outer loop
      vertex 25.85 18.4722 0.00761127
      vertex 81.15 18.4722 0.00761127
      vertex 26.0927 18.3023 0.00761127
    endloop
  endfacet
  facet normal 0 0 -1
    outer loop
      vertex 81.15 18.4722 0.00761127
      vertex 25.85 18.4722 0.00761127
      vertex 81.4186 18.5975 0.00761127
    endloop
  endfacet
  facet normal 0 0 -1
    outer loop
      vertex 25.5814 18.5975 0.00761127
      vertex 81.4186 18.5975 0.00761127
      vertex 25.85 18.4722 0.00761127
    endloop
  endfacet
  facet normal 0 0 -1
    outer loop
      vertex 81.4186 18.5975 0.00761127
      vertex 25.5814 18.5975 0.00761127
      vertex 81.7048 18.6742 0.00761127
    endloop
  endfacet
  facet normal 0 0 -1
    outer loop
      vertex 25.2952 18.6742 0.00761127
      vertex 81.7048 18.6742 0.00761127
      vertex 25.5814 18.5975 0.00761127
    endloop
  endfacet
  facet normal 0 0 -1
    outer loop
      vertex 2 24.1743 0.00761127
      vertex 81.7048 18.6742 0.00761127
      vertex 25.2952 18.6742 0.00761127
    endloop
  endfacet
  facet normal 0 0 -1
    outer loop
      vertex 81.7048 18.6742 0.00761127
      vertex 2 24.1743 0.00761127
      vertex 82 18.7 0.00761127
    endloop
  endfacet
  facet normal 0 0 -1
    outer loop
      vertex 2 24.1743 0.00761127
      vertex 25.2952 18.6742 0.00761127
      vertex 25 18.7 0.00761127
    endloop
  endfacet
  facet normal 0 0 -1
    outer loop
      vertex 1.82569 24 0.00761127
      vertex 23.3258 16.7048 0.00761127
      vertex 1.82569 2 0.00761127
    endloop
  endfacet
  facet normal 0 -0 -1
    outer loop
      vertex 2 24.1743 0.00761127
      vertex 23.3258 16.7048 0.00761127
      vertex 1.82569 24 0.00761127
    endloop
  endfacet
  facet normal 0 0 -1
    outer loop
      vertex 23.3258 16.7048 0.00761127
      vertex 2 24.1743 0.00761127
      vertex 23.3 17 0.00761127
    endloop
  endfacet
  facet normal 0 0 -1
    outer loop
      vertex 23.3 17 0.00761127
      vertex 2 24.1743 0.00761127
      vertex 23.3258 17.2952 0.00761127
    endloop
  endfacet
  facet normal 0 0 -1
    outer loop
      vertex 23.3258 17.2952 0.00761127
      vertex 2 24.1743 0.00761127
      vertex 23.4025 17.5814 0.00761127
    endloop
  endfacet
  facet normal 0 0 -1
    outer loop
      vertex 82 18.7 0.00761127
      vertex 2 24.1743 0.00761127
      vertex 218 24.1743 0.00761127
    endloop
  endfacet
  facet normal 0 0 -1
    outer loop
      vertex 24.7048 18.6742 0.00761127
      vertex 2 24.1743 0.00761127
      vertex 25 18.7 0.00761127
    endloop
  endfacet
  facet normal 0 0 -1
    outer loop
      vertex 24.4186 18.5975 0.00761127
      vertex 2 24.1743 0.00761127
      vertex 24.7048 18.6742 0.00761127
    endloop
  endfacet
  facet normal 0 0 -1
    outer loop
      vertex 24.15 18.4722 0.00761127
      vertex 2 24.1743 0.00761127
      vertex 24.4186 18.5975 0.00761127
    endloop
  endfacet
  facet normal 0 0 -1
    outer loop
      vertex 23.9073 18.3023 0.00761127
      vertex 2 24.1743 0.00761127
      vertex 24.15 18.4722 0.00761127
    endloop
  endfacet
  facet normal 0 0 -1
    outer loop
      vertex 23.4025 17.5814 0.00761127
      vertex 2 24.1743 0.00761127
      vertex 23.5278 17.85 0.00761127
    endloop
  endfacet
  facet normal 0 0 -1
    outer loop
      vertex 1.82569 2 0.00761127
      vertex 2 1.82569 0.00761127
      vertex 1.96973 1.82834 0.00761127
    endloop
  endfacet
  facet normal 0 0 -1
    outer loop
      vertex 23.5278 17.85 0.00761127
      vertex 2 24.1743 0.00761127
      vertex 23.6977 18.0927 0.00761127
    endloop
  endfacet
  facet normal 0 0 -1
    outer loop
      vertex 1.82569 2 0.00761127
      vertex 1.96973 1.82834 0.00761127
      vertex 1.94038 1.8362 0.00761127
    endloop
  endfacet
  facet normal 0 0 -1
    outer loop
      vertex 23.6977 18.0927 0.00761127
      vertex 2 24.1743 0.00761127
      vertex 23.9073 18.3023 0.00761127
    endloop
  endfacet
  facet normal 0 0 -1
    outer loop
      vertex 1.82569 2 0.00761127
      vertex 1.94038 1.8362 0.00761127
      vertex 1.91284 1.84904 0.00761127
    endloop
  endfacet
  facet normal 0 0 -1
    outer loop
      vertex 2 24.1743 0.00761127
      vertex 1.82569 24 0.00761127
      vertex 1.96973 24.1717 0.00761127
    endloop
  endfacet
  facet normal 0 0 -1
    outer loop
      vertex 1.82569 2 0.00761127
      vertex 1.91284 1.84904 0.00761127
      vertex 1.88796 1.86647 0.00761127
    endloop
  endfacet
  facet normal 0 0 -1
    outer loop
      vertex 1.96973 24.1717 0.00761127
      vertex 1.82569 24 0.00761127
      vertex 1.94038 24.1638 0.00761127
    endloop
  endfacet
  facet normal 0 0 -1
    outer loop
      vertex 1.82569 2 0.00761127
      vertex 1.88796 1.86647 0.00761127
      vertex 1.86647 1.88796 0.00761127
    endloop
  endfacet
  facet normal 0 0 -1
    outer loop
      vertex 1.94038 24.1638 0.00761127
      vertex 1.82569 24 0.00761127
      vertex 1.91284 24.151 0.00761127
    endloop
  endfacet
  facet normal 0 0 -1
    outer loop
      vertex 1.82569 2 0.00761127
      vertex 1.86647 1.88796 0.00761127
      vertex 1.84904 1.91284 0.00761127
    endloop
  endfacet
  facet normal 0 0 -1
    outer loop
      vertex 1.91284 24.151 0.00761127
      vertex 1.82569 24 0.00761127
      vertex 1.88796 24.1335 0.00761127
    endloop
  endfacet
  facet normal 0 0 -1
    outer loop
      vertex 1.82569 2 0.00761127
      vertex 1.84904 1.91284 0.00761127
      vertex 1.8362 1.94038 0.00761127
    endloop
  endfacet
  facet normal 0 0 -1
    outer loop
      vertex 1.88796 24.1335 0.00761127
      vertex 1.82569 24 0.00761127
      vertex 1.86647 24.112 0.00761127
    endloop
  endfacet
  facet normal 0 0 -1
    outer loop
      vertex 1.82569 2 0.00761127
      vertex 1.8362 1.94038 0.00761127
      vertex 1.82834 1.96973 0.00761127
    endloop
  endfacet
  facet normal 0 0 -1
    outer loop
      vertex 1.86647 24.112 0.00761127
      vertex 1.82569 24 0.00761127
      vertex 1.84904 24.0872 0.00761127
    endloop
  endfacet
  facet normal 0 0 -1
    outer loop
      vertex 1.84904 24.0872 0.00761127
      vertex 1.82569 24 0.00761127
      vertex 1.8362 24.0596 0.00761127
    endloop
  endfacet
  facet normal 0 0 -1
    outer loop
      vertex 1.8362 24.0596 0.00761127
      vertex 1.82569 24 0.00761127
      vertex 1.82834 24.0303 0.00761127
    endloop
  endfacet
  facet normal -0.145017 -0.311028 -0.939272
    outer loop
      vertex 1.82296 1.51358 0.0681486
      vertex 1.57738 1.268 0.187385
      vertex 1.74118 1.55171 0.0681486
    endloop
  endfacet
  facet normal -0.043733 -0.499509 -0.865204
    outer loop
      vertex 2 1.15476 0.187385
      vertex 1.8008 0.870275 0.361696
      vertex 1.85323 1.16761 0.187385
    endloop
  endfacet
  facet normal -0.0437011 -0.499527 -0.865196
    outer loop
      vertex 2 0.852848 0.361696
      vertex 1.8008 0.870275 0.361696
      vertex 2 1.15476 0.187385
    endloop
  endfacet
  facet normal -0.0668711 -0.764329 -0.641349
    outer loop
      vertex 2 0.361696 0.852848
      vertex 1.71551 0.386586 0.852848
      vertex 1.75443 0.607272 0.585787
    endloop
  endfacet
  facet normal -0.0755517 -0.863548 -0.498575
    outer loop
      vertex 2 0.187385 1.15476
      vertex 1.71551 0.386586 0.852848
      vertex 2 0.361696 0.852848
    endloop
  endfacet
  facet normal -0.440077 -0.628499 -0.641343
    outer loop
      vertex 1.18085 0.581187 0.852848
      vertex 0.946918 0.744987 0.852848
      vertex 1.29289 0.775255 0.585787
    endloop
  endfacet
  facet normal -0.440081 -0.628492 -0.641348
    outer loop
      vertex 1.29289 0.775255 0.585787
      vertex 0.946918 0.744987 0.852848
      vertex 1.09096 0.91665 0.585787
    endloop
  endfacet
  facet normal -0.369502 -0.527721 -0.764839
    outer loop
      vertex 1.29289 0.775255 0.585787
      vertex 1.26262 1.12123 0.361696
      vertex 1.42642 1.00654 0.361696
    endloop
  endfacet
  facet normal -0.369518 -0.527719 -0.764833
    outer loop
      vertex 1.29289 0.775255 0.585787
      vertex 1.09096 0.91665 0.585787
      vertex 1.26262 1.12123 0.361696
    endloop
  endfacet
  facet normal -0.455539 -0.455539 -0.764832
    outer loop
      vertex 1.09096 0.91665 0.585787
      vertex 1.12123 1.26262 0.361696
      vertex 1.26262 1.12123 0.361696
    endloop
  endfacet
  facet normal -0.455539 -0.455539 -0.764832
    outer loop
      vertex 1.12123 1.26262 0.361696
      vertex 1.09096 0.91665 0.585787
      vertex 0.91665 1.09096 0.585787
    endloop
  endfacet
  facet normal -0.2119 -0.454465 -0.865194
    outer loop
      vertex 1.71091 1.20574 0.187385
      vertex 1.42642 1.00654 0.361696
      vertex 1.57738 1.268 0.187385
    endloop
  endfacet
  facet normal -0.287616 -0.410749 -0.865195
    outer loop
      vertex 1.57738 1.268 0.187385
      vertex 1.42642 1.00654 0.361696
      vertex 1.45669 1.35251 0.187385
    endloop
  endfacet
  facet normal 0.0560454 -0.641712 -0.764896
    outer loop
      vertex 218.246 0.607272 0.585787
      vertex 218 0.585787 0.585787
      vertex 218.199 0.870275 0.361696
    endloop
  endfacet
  facet normal 0.0562018 -0.641772 -0.764833
    outer loop
      vertex 218.199 0.870275 0.361696
      vertex 218 0.585787 0.585787
      vertex 218 0.852848 0.361696
    endloop
  endfacet
  facet normal 0.453747 -0.212815 -0.865346
    outer loop
      vertex 218.993 1.42642 0.361696
      vertex 218.794 1.71091 0.187385
      vertex 219.078 1.60765 0.361696
    endloop
  endfacet
  facet normal 0.168188 -0.0463169 -0.984666
    outer loop
      vertex 218.486 1.82296 0.0681486
      vertex 218.172 1.96973 0.00761127
      vertex 218.51 1.91011 0.0681486
    endloop
  endfacet
  facet normal 0.709395 -0.497327 -0.499424
    outer loop
      vertex 219.389 0.834873 1.15476
      vertex 219.255 0.946918 0.852848
      vertex 219.419 1.18085 0.852848
    endloop
  endfacet
  facet normal -0.258822 0.965925 0
    outer loop
      vertex 1.65403 7.96212 49
      vertex 1.31856 7.87223 49.1743
      vertex 1.65403 7.96212 49.1743
    endloop
  endfacet
  facet normal -0.258822 0.965925 0
    outer loop
      vertex 1.31856 7.87223 49.1743
      vertex 1.65403 7.96212 49
      vertex 1.31856 7.87223 49
    endloop
  endfacet
  facet normal -0.258825 0.965924 0
    outer loop
      vertex 1.48236 7.91612 5.93185
      vertex 1.65403 7.96212 6
      vertex 1.65403 7.96212 5.96212
    endloop
  endfacet
  facet normal -0.258822 0.965925 -8.60627e-06
    outer loop
      vertex 1.65403 7.96212 6
      vertex 1.48236 7.91612 5.93185
      vertex 1.31856 7.87223 6
    endloop
  endfacet
  facet normal -0.258819 0.965926 0
    outer loop
      vertex 1.31856 7.87223 6
      vertex 1.48236 7.91612 5.93185
      vertex 1.31856 7.87223 5.87223
    endloop
  endfacet
  facet normal -0.224367 0.837362 0.498482
    outer loop
      vertex 1.68524 7.78508 49.8452
      vertex 1.43967 7.5395 50.1472
      vertex 1.71551 7.61341 50.1472
    endloop
  endfacet
  facet normal -0.0755609 0.863601 0.498482
    outer loop
      vertex 2 7.81262 49.8452
      vertex 1.68524 7.78508 49.8452
      vertex 1.71551 7.61341 50.1472
    endloop
  endfacet
  facet normal -0.0858443 0.981169 0.173025
    outer loop
      vertex 2 7.93185 49.5176
      vertex 1.65403 7.96212 49.1743
      vertex 1.66454 7.9025 49.5176
    endloop
  endfacet
  facet normal -0.0819395 0.936539 0.340853
    outer loop
      vertex 2 7.93185 49.5176
      vertex 1.66454 7.9025 49.5176
      vertex 2 7.81262 49.8452
    endloop
  endfacet
  facet normal 0.0871527 0.996195 -0
    outer loop
      vertex 218.346 7.96212 49
      vertex 218 7.99239 49.1743
      vertex 218.346 7.96212 49.1743
    endloop
  endfacet
  facet normal 0.0871527 0.996195 0
    outer loop
      vertex 218 7.99239 49.1743
      vertex 218.346 7.96212 49
      vertex 218 7.99239 49
    endloop
  endfacet
  facet normal 0.0871521 0.996189 -0.00360178
    outer loop
      vertex 218.346 7.96212 6
      vertex 218.174 7.97714 5.99239
      vertex 218 7.99239 6
    endloop
  endfacet
  facet normal 0.0869945 0.996209 0
    outer loop
      vertex 218.174 7.97714 5.99239
      vertex 218.346 7.96212 6
      vertex 218.346 7.96212 5.96212
    endloop
  endfacet
  facet normal 0.087309 0.996181 0
    outer loop
      vertex 218 7.99239 6
      vertex 218.174 7.97714 5.99239
      vertex 218 7.99239 5.99239
    endloop
  endfacet
  facet normal 0.0562129 0.641788 0.764819
    outer loop
      vertex 218 7.41421 50.4142
      vertex 218 7.14715 50.6383
      vertex 218.199 7.12972 50.6383
    endloop
  endfacet
  facet normal 0.198704 0.741248 0.641146
    outer loop
      vertex 218.56 7.5395 50.1472
      vertex 218.246 7.39273 50.4142
      vertex 218.484 7.32893 50.4142
    endloop
  endfacet
  facet normal 0.25435 0.951443 0.173384
    outer loop
      vertex 218.346 7.96212 49.1743
      vertex 218.335 7.9025 49.5176
      vertex 218.661 7.81535 49.5176
    endloop
  endfacet
  facet normal 0.242782 0.908169 0.341008
    outer loop
      vertex 218.661 7.81535 49.5176
      vertex 218.335 7.9025 49.5176
      vertex 218.62 7.7033 49.8452
    endloop
  endfacet
  facet normal 0.410404 -0.289041 0.864883
    outer loop
      vertex 218.732 1.57738 50.8126
      vertex 218.647 1.45669 50.8126
      vertex 218.993 1.42642 50.6383
    endloop
  endfacet
  facet normal 0.243411 -0.242991 0.938992
    outer loop
      vertex 218.397 1.66727 50.9319
      vertex 218.543 1.35251 50.8126
      vertex 218.647 1.45669 50.8126
    endloop
  endfacet
  facet normal 0.24263 -0.24339 0.939091
    outer loop
      vertex 218.543 1.35251 50.8126
      vertex 218.397 1.66727 50.9319
      vertex 218.333 1.60347 50.9319
    endloop
  endfacet
  facet normal 0.528021 -0.367487 0.765602
    outer loop
      vertex 218.993 1.42642 50.6383
      vertex 218.879 1.26262 50.6383
      vertex 219.225 1.29289 50.4142
    endloop
  endfacet
  facet normal 0.582375 -0.273144 0.765658
    outer loop
      vertex 219.078 1.60765 50.6383
      vertex 218.993 1.42642 50.6383
      vertex 219.225 1.29289 50.4142
    endloop
  endfacet
  facet normal 0.455303 -0.211404 0.864874
    outer loop
      vertex 218.794 1.71091 50.8126
      vertex 218.732 1.57738 50.8126
      vertex 218.993 1.42642 50.6383
    endloop
  endfacet
  facet normal 0.453725 -0.212805 0.86536
    outer loop
      vertex 219.078 1.60765 50.6383
      vertex 218.794 1.71091 50.8126
      vertex 218.993 1.42642 50.6383
    endloop
  endfacet
  facet normal 0.197669 -0.280681 0.939226
    outer loop
      vertex 218.543 1.35251 50.8126
      vertex 218.259 1.55171 50.9319
      vertex 218.423 1.268 50.8126
    endloop
  endfacet
  facet normal 0.196969 -0.281602 0.939097
    outer loop
      vertex 218.333 1.60347 50.9319
      vertex 218.259 1.55171 50.9319
      vertex 218.543 1.35251 50.8126
    endloop
  endfacet
  facet normal 0.0437506 0.499504 0.865206
    outer loop
      vertex 218 7.14715 50.6383
      vertex 218 6.84524 50.8126
      vertex 218.199 7.12972 50.6383
    endloop
  endfacet
  facet normal 0.196969 0.281602 0.939097
    outer loop
      vertex 218.543 6.64749 50.8126
      vertex 218.259 6.44829 50.9319
      vertex 218.333 6.39653 50.9319
    endloop
  endfacet
  facet normal 0.369277 0.527576 0.765048
    outer loop
      vertex 218.909 7.08335 50.4142
      vertex 218.707 7.22474 50.4142
      vertex 218.737 6.87877 50.6383
    endloop
  endfacet
  facet normal 0.852657 0.396017 0.340803
    outer loop
      vertex 219.815 6.66073 49.5176
      vertex 219.57 6.90631 49.8452
      vertex 219.703 6.61995 49.8452
    endloop
  endfacet
  facet normal 0.499417 0.0426209 0.865313
    outer loop
      vertex 219.13 6.1992 50.6383
      vertex 218.845 6 50.8126
      vertex 219.147 6 50.6383
    endloop
  endfacet
  facet normal 0.331736 0.0913559 0.938938
    outer loop
      vertex 218.832 6.14677 50.8126
      vertex 218.486 6.17704 50.9319
      vertex 218.51 6.08989 50.9319
    endloop
  endfacet
  facet normal 0.342575 0.0304884 0.938995
    outer loop
      vertex 218.845 6 50.8126
      vertex 218.51 6.08989 50.9319
      vertex 218.518 6 50.9319
    endloop
  endfacet
  facet normal 0.411018 0.286057 0.865584
    outer loop
      vertex 218.879 6.73738 50.6383
      vertex 218.647 6.54331 50.8126
      vertex 218.993 6.57358 50.6383
    endloop
  endfacet
  facet normal 0.311174 0.14459 0.939289
    outer loop
      vertex 218.732 6.42262 50.8126
      vertex 218.448 6.25882 50.9319
      vertex 218.486 6.17704 50.9319
    endloop
  endfacet
  facet normal 0.143398 -0.0989487 0.984706
    outer loop
      vertex 218.448 1.74118 50.9319
      vertex 218.151 1.91284 50.9924
      vertex 218.397 1.66727 50.9319
    endloop
  endfacet
  facet normal -0.33164 0.0888522 0.939212
    outer loop
      vertex 1.20574 6.28909 50.8126
      vertex 1.16761 6.14677 50.8126
      vertex 1.51358 6.17704 50.9319
    endloop
  endfacet
  facet normal 0.0153277 -0.173521 0.984711
    outer loop
      vertex 218 1.82569 50.9924
      vertex 218 1.48236 50.9319
      vertex 218.03 1.82834 50.9924
    endloop
  endfacet
  facet normal -0.173625 -0.0152001 -0.984694
    outer loop
      vertex 1.82834 1.96973 0.00761127
      vertex 1.48236 2 0.0681486
      vertex 1.82569 2 0.00761127
    endloop
  endfacet
  facet normal -0.16826 0.0450605 0.984712
    outer loop
      vertex 1.8362 6.05962 50.9924
      vertex 1.51358 6.17704 50.9319
      vertex 1.82834 6.03027 50.9924
    endloop
  endfacet
  facet normal -0.41073 0.287603 0.865209
    outer loop
      vertex 1.35251 6.54331 50.8126
      vertex 1.00654 6.57358 50.6383
      vertex 1.268 6.42262 50.8126
    endloop
  endfacet
  facet normal -0.628438 0.440038 0.641429
    outer loop
      vertex 0.744987 7.05308 50.1472
      vertex 0.581187 6.81915 50.1472
      vertex 0.775255 6.70711 50.4142
    endloop
  endfacet
  facet normal -0.622291 0.166741 0.764821
    outer loop
      vertex 0.922029 6.39235 50.6383
      vertex 0.607272 6.24557 50.4142
      vertex 0.870275 6.1992 50.6383
    endloop
  endfacet
  facet normal -0.837369 0.224374 0.498468
    outer loop
      vertex 0.296699 6.61995 49.8452
      vertex 0.214923 6.31476 49.8452
      vertex 0.460498 6.56033 50.1472
    endloop
  endfacet
  facet normal -0.86361 0.0755572 0.498466
    outer loop
      vertex 0.386586 6.28449 50.1472
      vertex 0.187385 6 49.8452
      vertex 0.361696 6 50.1472
    endloop
  endfacet
  facet normal -0.741038 0.198557 0.641434
    outer loop
      vertex 0.671075 6.48369 50.4142
      vertex 0.460498 6.56033 50.1472
      vertex 0.607272 6.24557 50.4142
    endloop
  endfacet
  facet normal -0.852032 0.397303 0.340869
    outer loop
      vertex 0.430229 6.90631 49.8452
      vertex 0.184653 6.66073 49.5176
      vertex 0.296699 6.61995 49.8452
    endloop
  endfacet
  facet normal -0.369518 0.527738 0.76482
    outer loop
      vertex 1.29289 7.22474 50.4142
      vertex 1.09096 7.08335 50.4142
      vertex 1.26262 6.87877 50.6383
    endloop
  endfacet
  facet normal -0.440034 0.628438 0.641432
    outer loop
      vertex 1.18085 7.41881 50.1472
      vertex 0.946918 7.25501 50.1472
      vertex 1.29289 7.22474 50.4142
    endloop
  endfacet
  facet normal -0.695303 0.324223 0.641431
    outer loop
      vertex 0.581187 6.81915 50.1472
      vertex 0.460498 6.56033 50.1472
      vertex 0.775255 6.70711 50.4142
    endloop
  endfacet
  facet normal -0.710126 0.497237 0.498474
    outer loop
      vertex 0.611456 7.16513 49.8452
      vertex 0.581187 6.81915 50.1472
      vertex 0.744987 7.05308 50.1472
    endloop
  endfacet
  facet normal -0.0888561 0.331641 0.939212
    outer loop
      vertex 1.85323 6.83239 50.8126
      vertex 1.82296 6.48642 50.9319
      vertex 1.91011 6.50977 50.9319
    endloop
  endfacet
  facet normal -0.0888522 0.33164 0.939212
    outer loop
      vertex 1.85323 6.83239 50.8126
      vertex 1.71091 6.79426 50.8126
      vertex 1.82296 6.48642 50.9319
    endloop
  endfacet
  facet normal 0.0153277 0.173521 0.984711
    outer loop
      vertex 218 6.51764 50.9319
      vertex 218 6.17431 50.9924
      vertex 218.03 6.17166 50.9924
    endloop
  endfacet
  facet normal -0.0151921 0.173522 0.984713
    outer loop
      vertex 2 6.51764 50.9319
      vertex 1.91011 6.50977 50.9319
      vertex 1.96973 6.17166 50.9924
    endloop
  endfacet
  facet normal -0.0736073 0.157871 0.984713
    outer loop
      vertex 1.82296 6.48642 50.9319
      vertex 1.74118 6.44829 50.9319
      vertex 1.91284 6.15096 50.9924
    endloop
  endfacet
  facet normal -0.145088 0.311172 0.939213
    outer loop
      vertex 1.71091 6.79426 50.8126
      vertex 1.57738 6.732 50.8126
      vertex 1.82296 6.48642 50.9319
    endloop
  endfacet
  facet normal 0.455324 -0.211414 -0.864861
    outer loop
      vertex 218.993 1.42642 0.361696
      vertex 218.732 1.57738 0.187385
      vertex 218.794 1.71091 0.187385
    endloop
  endfacet
  facet normal 0.211215 -0.454865 -0.865151
    outer loop
      vertex 218.392 0.922029 0.361696
      vertex 218.289 1.20574 0.187385
      vertex 218.574 1.00654 0.361696
    endloop
  endfacet
  facet normal 0.197576 -0.280549 -0.939285
    outer loop
      vertex 218.423 1.268 0.187385
      vertex 218.259 1.55171 0.0681486
      vertex 218.543 1.35251 0.187385
    endloop
  endfacet
  facet normal 0.331443 -0.0884967 -0.939316
    outer loop
      vertex 218.794 1.71091 0.187385
      vertex 218.486 1.82296 0.0681486
      vertex 218.832 1.85323 0.187385
    endloop
  endfacet
  facet normal 0.483649 -0.129136 -0.865683
    outer loop
      vertex 219.13 1.8008 0.361696
      vertex 218.794 1.71091 0.187385
      vertex 218.832 1.85323 0.187385
    endloop
  endfacet
  facet normal 0.695037 -0.324934 0.641359
    outer loop
      vertex 219.54 1.43967 50.1472
      vertex 219.225 1.29289 50.4142
      vertex 219.419 1.18085 50.1472
    endloop
  endfacet
  facet normal 0.786154 -0.367532 0.496872
    outer loop
      vertex 219.54 1.43967 50.1472
      vertex 219.419 1.18085 50.1472
      vertex 219.703 1.38005 49.8452
    endloop
  endfacet
  facet normal 0.893169 -0.415564 0.171919
    outer loop
      vertex 219.815 1.33927 49.5176
      vertex 219.673 1.03407 49.5176
      vertex 219.725 1.00381 49.1743
    endloop
  endfacet
  facet normal 0.852573 -0.396676 0.340247
    outer loop
      vertex 219.815 1.33927 49.5176
      vertex 219.57 1.09369 49.8452
      vertex 219.673 1.03407 49.5176
    endloop
  endfacet
  facet normal 0.66475 0.664443 0.341502
    outer loop
      vertex 219.165 7.38854 49.8452
      vertex 219.48 7.24177 49.5176
      vertex 219.242 7.47988 49.5176
    endloop
  endfacet
  facet normal 0.664048 0.665802 0.340218
    outer loop
      vertex 219.48 7.24177 49.5176
      vertex 219.165 7.38854 49.8452
      vertex 219.389 7.16513 49.8452
    endloop
  endfacet
  facet normal 0.710377 0.496786 0.498566
    outer loop
      vertex 219.57 6.90631 49.8452
      vertex 219.389 7.16513 49.8452
      vertex 219.419 6.81915 50.1472
    endloop
  endfacet
  facet normal 0.86274 0.0758146 0.499932
    outer loop
      vertex 219.813 6 49.8452
      vertex 219.613 6.28449 50.1472
      vertex 219.638 6 50.1472
    endloop
  endfacet
  facet normal 0.936608 -0.0837603 0.340221
    outer loop
      vertex 219.932 2 49.5176
      vertex 219.813 2 49.8452
      vertex 219.902 1.66454 49.5176
    endloop
  endfacet
  facet normal 0.908281 -0.244042 0.339806
    outer loop
      vertex 219.785 1.68524 49.8452
      vertex 219.703 1.38005 49.8452
      vertex 219.902 1.66454 49.5176
    endloop
  endfacet
  facet normal 0.369286 -0.527569 0.765048
    outer loop
      vertex 218.737 1.12123 50.6383
      vertex 218.707 0.775255 50.4142
      vertex 218.909 0.91665 50.4142
    endloop
  endfacet
  facet normal 0.456346 -0.455535 0.764354
    outer loop
      vertex 218.879 1.26262 50.6383
      vertex 218.909 0.91665 50.4142
      vertex 219.083 1.09096 50.4142
    endloop
  endfacet
  facet normal 0.454279 -0.456239 0.765164
    outer loop
      vertex 218.909 0.91665 50.4142
      vertex 218.879 1.26262 50.6383
      vertex 218.737 1.12123 50.6383
    endloop
  endfacet
  facet normal -0.331485 -0.0888143 -0.939271
    outer loop
      vertex 1.51358 1.82296 0.0681486
      vertex 1.16761 1.85323 0.187385
      vertex 1.49023 1.91011 0.0681486
    endloop
  endfacet
  facet normal -0.622277 -0.166737 -0.764833
    outer loop
      vertex 0.922029 1.60765 0.361696
      vertex 0.607272 1.75443 0.585787
      vertex 0.870275 1.8008 0.361696
    endloop
  endfacet
  facet normal -0.641775 -0.0561491 -0.764834
    outer loop
      vertex 0.607272 1.75443 0.585787
      vertex 0.585787 2 0.585787
      vertex 0.870275 1.8008 0.361696
    endloop
  endfacet
  facet normal -0.484339 -0.129763 -0.865203
    outer loop
      vertex 1.20574 1.71091 0.187385
      vertex 0.870275 1.8008 0.361696
      vertex 1.16761 1.85323 0.187385
    endloop
  endfacet
  facet normal -0.499509 -0.043733 -0.865204
    outer loop
      vertex 1.16761 1.85323 0.187385
      vertex 0.870275 1.8008 0.361696
      vertex 1.15476 2 0.187385
    endloop
  endfacet
  facet normal -0.410752 -0.287602 -0.865198
    outer loop
      vertex 1.12123 1.26262 0.361696
      vertex 1.00654 1.42642 0.361696
      vertex 1.35251 1.45669 0.187385
    endloop
  endfacet
  facet normal -0.331484 -0.0888104 -0.939271
    outer loop
      vertex 1.20574 1.71091 0.187385
      vertex 1.16761 1.85323 0.187385
      vertex 1.51358 1.82296 0.0681486
    endloop
  endfacet
  facet normal -0.281092 -0.196852 -0.939275
    outer loop
      vertex 1.60347 1.66727 0.0681486
      vertex 1.35251 1.45669 0.187385
      vertex 1.55171 1.74118 0.0681486
    endloop
  endfacet
  facet normal -0.0451064 -0.168352 -0.984694
    outer loop
      vertex 1.91011 1.49023 0.0681486
      vertex 1.82296 1.51358 0.0681486
      vertex 1.96973 1.82834 0.00761127
    endloop
  endfacet
  facet normal -0.0888143 -0.331485 -0.939271
    outer loop
      vertex 1.85323 1.16761 0.187385
      vertex 1.82296 1.51358 0.0681486
      vertex 1.91011 1.49023 0.0681486
    endloop
  endfacet
  facet normal -0.196852 -0.281092 -0.939275
    outer loop
      vertex 1.74118 1.55171 0.0681486
      vertex 1.45669 1.35251 0.187385
      vertex 1.66727 1.60347 0.0681486
    endloop
  endfacet
  facet normal -0.166737 -0.622277 -0.764833
    outer loop
      vertex 1.75443 0.607272 0.585787
      vertex 1.60765 0.922029 0.361696
      vertex 1.8008 0.870275 0.361696
    endloop
  endfacet
  facet normal -0.166736 -0.622277 -0.764834
    outer loop
      vertex 1.75443 0.607272 0.585787
      vertex 1.51631 0.671075 0.585787
      vertex 1.60765 0.922029 0.361696
    endloop
  endfacet
  facet normal -0.224359 -0.837308 -0.498576
    outer loop
      vertex 1.68524 0.214923 1.15476
      vertex 1.43967 0.460498 0.852848
      vertex 1.71551 0.386586 0.852848
    endloop
  endfacet
  facet normal -0.224358 -0.837308 -0.498577
    outer loop
      vertex 1.68524 0.214923 1.15476
      vertex 1.38005 0.296699 1.15476
      vertex 1.43967 0.460498 0.852848
    endloop
  endfacet
  facet normal 0.497123 -0.710176 -0.498517
    outer loop
      vertex 219.165 0.611456 1.15476
      vertex 218.819 0.581187 0.852848
      vertex 219.053 0.744987 0.852848
    endloop
  endfacet
  facet normal 0.440008 -0.628583 -0.641309
    outer loop
      vertex 218.819 0.581187 0.852848
      vertex 218.707 0.775255 0.585787
      vertex 219.053 0.744987 0.852848
    endloop
  endfacet
  facet normal 0.158118 -0.0734715 0.984683
    outer loop
      vertex 218.486 1.82296 50.9319
      vertex 218.151 1.91284 50.9924
      vertex 218.448 1.74118 50.9319
    endloop
  endfacet
  facet normal 0.311243 -0.144515 0.939278
    outer loop
      vertex 218.794 1.71091 50.8126
      vertex 218.486 1.82296 50.9319
      vertex 218.732 1.57738 50.8126
    endloop
  endfacet
  facet normal 0.331599 -0.0885383 0.939257
    outer loop
      vertex 218.832 1.85323 50.8126
      vertex 218.486 1.82296 50.9319
      vertex 218.794 1.71091 50.8126
    endloop
  endfacet
  facet normal -0 0.342181 0.939634
    outer loop
      vertex 2 6.84524 50.8126
      vertex 218 6.51764 50.9319
      vertex 218 6.84524 50.8126
    endloop
  endfacet
  facet normal 0 0.342181 0.939634
    outer loop
      vertex 218 6.51764 50.9319
      vertex 2 6.84524 50.8126
      vertex 2 6.51764 50.9319
    endloop
  endfacet
  facet normal 0.198537 0.741393 0.64103
    outer loop
      vertex 218.284 7.61341 50.1472
      vertex 218.246 7.39273 50.4142
      vertex 218.56 7.5395 50.1472
    endloop
  endfacet
  facet normal 0.0667334 0.764266 0.641439
    outer loop
      vertex 218 7.6383 50.1472
      vertex 218 7.41421 50.4142
      vertex 218.246 7.39273 50.4142
    endloop
  endfacet
  facet normal 0.224184 0.837166 0.498894
    outer loop
      vertex 218.315 7.78508 49.8452
      vertex 218.284 7.61341 50.1472
      vertex 218.56 7.5395 50.1472
    endloop
  endfacet
  facet normal 0.0754971 0.863528 0.498617
    outer loop
      vertex 218.315 7.78508 49.8452
      vertex 218 7.81262 49.8452
      vertex 218.284 7.61341 50.1472
    endloop
  endfacet
  facet normal 0.641924 0.0547827 0.764809
    outer loop
      vertex 219.414 6 50.4142
      vertex 219.13 6.1992 50.6383
      vertex 219.147 6 50.6383
    endloop
  endfacet
  facet normal 0.641969 0.0548982 0.764763
    outer loop
      vertex 219.393 6.24557 50.4142
      vertex 219.13 6.1992 50.6383
      vertex 219.414 6 50.4142
    endloop
  endfacet
  facet normal 0.311243 0.144515 0.939278
    outer loop
      vertex 218.732 6.42262 50.8126
      vertex 218.486 6.17704 50.9319
      vertex 218.794 6.28909 50.8126
    endloop
  endfacet
  facet normal 0.764462 0.0653732 0.641346
    outer loop
      vertex 219.638 6 50.1472
      vertex 219.393 6.24557 50.4142
      vertex 219.414 6 50.4142
    endloop
  endfacet
  facet normal 0.173202 0.0114438 0.98482
    outer loop
      vertex 218.518 6 50.9319
      vertex 218.172 6.03027 50.9924
      vertex 218.174 6 50.9924
    endloop
  endfacet
  facet normal 0.410404 0.289041 0.864883
    outer loop
      vertex 218.993 6.57358 50.6383
      vertex 218.647 6.54331 50.8126
      vertex 218.732 6.42262 50.8126
    endloop
  endfacet
  facet normal 0 0 1
    outer loop
      vertex 218 6.17431 50.9924
      vertex 218.174 6 50.9924
      vertex 218.172 6.03027 50.9924
    endloop
  endfacet
  facet normal 0 0 1
    outer loop
      vertex 218.174 6 50.9924
      vertex 218 6.17431 50.9924
      vertex 218.174 2 50.9924
    endloop
  endfacet
  facet normal 0 0 1
    outer loop
      vertex 218 6.17431 50.9924
      vertex 218.172 6.03027 50.9924
      vertex 218.164 6.05962 50.9924
    endloop
  endfacet
  facet normal 0 0 1
    outer loop
      vertex 218 1.82569 50.9924
      vertex 218.174 2 50.9924
      vertex 218 6.17431 50.9924
    endloop
  endfacet
  facet normal 0 0 1
    outer loop
      vertex 218 6.17431 50.9924
      vertex 218.164 6.05962 50.9924
      vertex 218.151 6.08716 50.9924
    endloop
  endfacet
  facet normal 0 0 1
    outer loop
      vertex 218.174 2 50.9924
      vertex 218 1.82569 50.9924
      vertex 218.172 1.96973 50.9924
    endloop
  endfacet
  facet normal 0 0 1
    outer loop
      vertex 218 6.17431 50.9924
      vertex 218.151 6.08716 50.9924
      vertex 218.134 6.11204 50.9924
    endloop
  endfacet
  facet normal 0 0 1
    outer loop
      vertex 218.172 1.96973 50.9924
      vertex 218 1.82569 50.9924
      vertex 218.164 1.94038 50.9924
    endloop
  endfacet
  facet normal 0 0 1
    outer loop
      vertex 218 6.17431 50.9924
      vertex 218.134 6.11204 50.9924
      vertex 218.112 6.13353 50.9924
    endloop
  endfacet
  facet normal 0 0 1
    outer loop
      vertex 218.164 1.94038 50.9924
      vertex 218 1.82569 50.9924
      vertex 218.151 1.91284 50.9924
    endloop
  endfacet
  facet normal 0 0 1
    outer loop
      vertex 218 6.17431 50.9924
      vertex 218.112 6.13353 50.9924
      vertex 218.087 6.15096 50.9924
    endloop
  endfacet
  facet normal 0 0 1
    outer loop
      vertex 218.151 1.91284 50.9924
      vertex 218 1.82569 50.9924
      vertex 218.134 1.88796 50.9924
    endloop
  endfacet
  facet normal 0 0 1
    outer loop
      vertex 218 6.17431 50.9924
      vertex 218.087 6.15096 50.9924
      vertex 218.06 6.1638 50.9924
    endloop
  endfacet
  facet normal 0 0 1
    outer loop
      vertex 218.134 1.88796 50.9924
      vertex 218 1.82569 50.9924
      vertex 218.112 1.86647 50.9924
    endloop
  endfacet
  facet normal 0 0 1
    outer loop
      vertex 218 6.17431 50.9924
      vertex 218.06 6.1638 50.9924
      vertex 218.03 6.17166 50.9924
    endloop
  endfacet
  facet normal 0 0 1
    outer loop
      vertex 218.112 1.86647 50.9924
      vertex 218 1.82569 50.9924
      vertex 218.087 1.84904 50.9924
    endloop
  endfacet
  facet normal 0 0 1
    outer loop
      vertex 218.087 1.84904 50.9924
      vertex 218 1.82569 50.9924
      vertex 218.06 1.8362 50.9924
    endloop
  endfacet
  facet normal 0 0 1
    outer loop
      vertex 218.06 1.8362 50.9924
      vertex 218 1.82569 50.9924
      vertex 218.03 1.82834 50.9924
    endloop
  endfacet
  facet normal -0 0 1
    outer loop
      vertex 2 6.17431 50.9924
      vertex 218 1.82569 50.9924
      vertex 218 6.17431 50.9924
    endloop
  endfacet
  facet normal 0 0 1
    outer loop
      vertex 2 6.17431 50.9924
      vertex 2 1.82569 50.9924
      vertex 218 1.82569 50.9924
    endloop
  endfacet
  facet normal 0 0 1
    outer loop
      vertex 1.82569 6 50.9924
      vertex 2 6.17431 50.9924
      vertex 1.96973 6.17166 50.9924
    endloop
  endfacet
  facet normal 0 0 1
    outer loop
      vertex 2 6.17431 50.9924
      vertex 1.82569 6 50.9924
      vertex 2 1.82569 50.9924
    endloop
  endfacet
  facet normal 0 0 1
    outer loop
      vertex 1.82569 6 50.9924
      vertex 1.96973 6.17166 50.9924
      vertex 1.94038 6.1638 50.9924
    endloop
  endfacet
  facet normal -0 0 1
    outer loop
      vertex 1.82569 2 50.9924
      vertex 2 1.82569 50.9924
      vertex 1.82569 6 50.9924
    endloop
  endfacet
  facet normal 0 0 1
    outer loop
      vertex 1.82569 6 50.9924
      vertex 1.94038 6.1638 50.9924
      vertex 1.91284 6.15096 50.9924
    endloop
  endfacet
  facet normal 0 0 1
    outer loop
      vertex 2 1.82569 50.9924
      vertex 1.82569 2 50.9924
      vertex 1.96973 1.82834 50.9924
    endloop
  endfacet
  facet normal 0 0 1
    outer loop
      vertex 1.82569 6 50.9924
      vertex 1.91284 6.15096 50.9924
      vertex 1.88796 6.13353 50.9924
    endloop
  endfacet
  facet normal 0 0 1
    outer loop
      vertex 1.96973 1.82834 50.9924
      vertex 1.82569 2 50.9924
      vertex 1.94038 1.8362 50.9924
    endloop
  endfacet
  facet normal 0 0 1
    outer loop
      vertex 1.82569 6 50.9924
      vertex 1.88796 6.13353 50.9924
      vertex 1.86647 6.11204 50.9924
    endloop
  endfacet
  facet normal 0 0 1
    outer loop
      vertex 1.94038 1.8362 50.9924
      vertex 1.82569 2 50.9924
      vertex 1.91284 1.84904 50.9924
    endloop
  endfacet
  facet normal 0 0 1
    outer loop
      vertex 1.82569 6 50.9924
      vertex 1.86647 6.11204 50.9924
      vertex 1.84904 6.08716 50.9924
    endloop
  endfacet
  facet normal 0 0 1
    outer loop
      vertex 1.91284 1.84904 50.9924
      vertex 1.82569 2 50.9924
      vertex 1.88796 1.86647 50.9924
    endloop
  endfacet
  facet normal 0 0 1
    outer loop
      vertex 1.82569 6 50.9924
      vertex 1.84904 6.08716 50.9924
      vertex 1.8362 6.05962 50.9924
    endloop
  endfacet
  facet normal 0 0 1
    outer loop
      vertex 1.88796 1.86647 50.9924
      vertex 1.82569 2 50.9924
      vertex 1.86647 1.88796 50.9924
    endloop
  endfacet
  facet normal 0 0 1
    outer loop
      vertex 1.82569 6 50.9924
      vertex 1.8362 6.05962 50.9924
      vertex 1.82834 6.03027 50.9924
    endloop
  endfacet
  facet normal 0 0 1
    outer loop
      vertex 1.86647 1.88796 50.9924
      vertex 1.82569 2 50.9924
      vertex 1.84904 1.91284 50.9924
    endloop
  endfacet
  facet normal 0 0 1
    outer loop
      vertex 1.84904 1.91284 50.9924
      vertex 1.82569 2 50.9924
      vertex 1.8362 1.94038 50.9924
    endloop
  endfacet
  facet normal 0 0 1
    outer loop
      vertex 1.8362 1.94038 50.9924
      vertex 1.82569 2 50.9924
      vertex 1.82834 1.96973 50.9924
    endloop
  endfacet
  facet normal 0.0995878 -0.14284 0.984723
    outer loop
      vertex 218.112 1.86647 50.9924
      vertex 218.087 1.84904 50.9924
      vertex 218.333 1.60347 50.9319
    endloop
  endfacet
  facet normal 0.168088 0.0462892 0.984685
    outer loop
      vertex 218.486 6.17704 50.9319
      vertex 218.172 6.03027 50.9924
      vertex 218.51 6.08989 50.9319
    endloop
  endfacet
  facet normal 0.173202 -0.0114438 0.98482
    outer loop
      vertex 218.174 2 50.9924
      vertex 218.172 1.96973 50.9924
      vertex 218.518 2 50.9319
    endloop
  endfacet
  facet normal -0.168361 -0.0450874 -0.984694
    outer loop
      vertex 1.8362 1.94038 0.00761127
      vertex 1.51358 1.82296 0.0681486
      vertex 1.82834 1.96973 0.00761127
    endloop
  endfacet
  facet normal -0.0736486 -0.157966 -0.984694
    outer loop
      vertex 1.94038 1.8362 0.00761127
      vertex 1.82296 1.51358 0.0681486
      vertex 1.91284 1.84904 0.00761127
    endloop
  endfacet
  facet normal -0.173542 0 0.984827
    outer loop
      vertex 1.48236 6 50.9319
      vertex 1.82569 2 50.9924
      vertex 1.82569 6 50.9924
    endloop
  endfacet
  facet normal -0.173542 0 0.984827
    outer loop
      vertex 1.82569 2 50.9924
      vertex 1.48236 6 50.9319
      vertex 1.48236 2 50.9319
    endloop
  endfacet
  facet normal -0.342027 0.0299451 0.939213
    outer loop
      vertex 1.16761 6.14677 50.8126
      vertex 1.15476 6 50.8126
      vertex 1.49023 6.08989 50.9319
    endloop
  endfacet
  facet normal -0.622291 0.16674 0.764821
    outer loop
      vertex 0.671075 6.48369 50.4142
      vertex 0.607272 6.24557 50.4142
      vertex 0.922029 6.39235 50.6383
    endloop
  endfacet
  facet normal -0.484319 0.129772 0.865214
    outer loop
      vertex 0.922029 6.39235 50.6383
      vertex 0.870275 6.1992 50.6383
      vertex 1.20574 6.28909 50.8126
    endloop
  endfacet
  facet normal -0.410733 0.287588 0.865212
    outer loop
      vertex 1.12123 6.73738 50.6383
      vertex 1.00654 6.57358 50.6383
      vertex 1.35251 6.54331 50.8126
    endloop
  endfacet
  facet normal -0.741034 0.198562 0.641438
    outer loop
      vertex 0.460498 6.56033 50.1472
      vertex 0.386586 6.28449 50.1472
      vertex 0.607272 6.24557 50.4142
    endloop
  endfacet
  facet normal -0.764257 0.0668648 0.641436
    outer loop
      vertex 0.386586 6.28449 50.1472
      vertex 0.361696 6 50.1472
      vertex 0.607272 6.24557 50.4142
    endloop
  endfacet
  facet normal -0.908078 0.24332 0.340866
    outer loop
      vertex 0.296699 6.61995 49.8452
      vertex 0.0974979 6.33546 49.5176
      vertex 0.214923 6.31476 49.8452
    endloop
  endfacet
  facet normal -0.936533 0.0819363 0.340869
    outer loop
      vertex 0.214923 6.31476 49.8452
      vertex 0.0974979 6.33546 49.5176
      vertex 0.187385 6 49.8452
    endloop
  endfacet
  facet normal -0.45555 0.45555 0.764819
    outer loop
      vertex 1.09096 7.08335 50.4142
      vertex 1.12123 6.73738 50.6383
      vertex 1.26262 6.87877 50.6383
    endloop
  endfacet
  facet normal -0.45555 0.45555 0.764819
    outer loop
      vertex 1.12123 6.73738 50.6383
      vertex 1.09096 7.08335 50.4142
      vertex 0.91665 6.90904 50.4142
    endloop
  endfacet
  facet normal 0.143398 0.0989487 0.984706
    outer loop
      vertex 218.397 6.33273 50.9319
      vertex 218.151 6.08716 50.9924
      vertex 218.448 6.25882 50.9319
    endloop
  endfacet
  facet normal -0.196931 0.281241 0.939213
    outer loop
      vertex 1.57738 6.732 50.8126
      vertex 1.45669 6.64749 50.8126
      vertex 1.74118 6.44829 50.9319
    endloop
  endfacet
  facet normal -0.196944 0.281224 0.939216
    outer loop
      vertex 1.74118 6.44829 50.9319
      vertex 1.45669 6.64749 50.8126
      vertex 1.66727 6.39653 50.9319
    endloop
  endfacet
  facet normal 0.144595 -0.311206 -0.939278
    outer loop
      vertex 218.289 1.20574 0.187385
      vertex 218.177 1.51358 0.0681486
      vertex 218.423 1.268 0.187385
    endloop
  endfacet
  facet normal 0.211299 -0.454771 -0.86518
    outer loop
      vertex 218.574 1.00654 0.361696
      vertex 218.289 1.20574 0.187385
      vertex 218.423 1.268 0.187385
    endloop
  endfacet
  facet normal 0.243297 -0.242876 -0.939051
    outer loop
      vertex 218.543 1.35251 0.187385
      vertex 218.397 1.66727 0.0681486
      vertex 218.647 1.45669 0.187385
    endloop
  endfacet
  facet normal 0.242516 -0.243276 -0.93915
    outer loop
      vertex 218.397 1.66727 0.0681486
      vertex 218.543 1.35251 0.187385
      vertex 218.333 1.60347 0.0681486
    endloop
  endfacet
  facet normal 0.283212 -0.195424 -0.938936
    outer loop
      vertex 218.647 1.45669 0.187385
      vertex 218.397 1.66727 0.0681486
      vertex 218.448 1.74118 0.0681486
    endloop
  endfacet
  facet normal 0.288533 -0.410069 -0.865212
    outer loop
      vertex 218.574 1.00654 0.361696
      vertex 218.543 1.35251 0.187385
      vertex 218.737 1.12123 0.361696
    endloop
  endfacet
  facet normal 0.33158 -0.091313 -0.938998
    outer loop
      vertex 218.832 1.85323 0.187385
      vertex 218.486 1.82296 0.0681486
      vertex 218.51 1.91011 0.0681486
    endloop
  endfacet
  facet normal 0.342381 -0.030326 -0.939072
    outer loop
      vertex 218.832 1.85323 0.187385
      vertex 218.51 1.91011 0.0681486
      vertex 218.845 2 0.187385
    endloop
  endfacet
  facet normal 0.709447 -0.497364 0.499314
    outer loop
      vertex 219.419 1.18085 50.1472
      vertex 219.255 0.946918 50.1472
      vertex 219.389 0.834873 49.8452
    endloop
  endfacet
  facet normal 0.710374 -0.49679 0.498566
    outer loop
      vertex 219.419 1.18085 50.1472
      vertex 219.389 0.834873 49.8452
      vertex 219.57 1.09369 49.8452
    endloop
  endfacet
  facet normal 0.936787 -0.0833334 0.339832
    outer loop
      vertex 219.813 2 49.8452
      vertex 219.785 1.68524 49.8452
      vertex 219.902 1.66454 49.5176
    endloop
  endfacet
  facet normal 0.742469 -0.196492 0.640414
    outer loop
      vertex 219.613 1.71551 50.1472
      vertex 219.393 1.75443 50.4142
      vertex 219.54 1.43967 50.1472
    endloop
  endfacet
  facet normal 0.641969 -0.0548982 0.764763
    outer loop
      vertex 219.414 2 50.4142
      vertex 219.13 1.8008 50.6383
      vertex 219.393 1.75443 50.4142
    endloop
  endfacet
  facet normal 0.622135 -0.167492 0.764784
    outer loop
      vertex 219.13 1.8008 50.6383
      vertex 219.078 1.60765 50.6383
      vertex 219.393 1.75443 50.4142
    endloop
  endfacet
  facet normal 0.770628 0.538922 0.340141
    outer loop
      vertex 219.48 7.24177 49.5176
      vertex 219.389 7.16513 49.8452
      vertex 219.57 6.90631 49.8452
    endloop
  endfacet
  facet normal 0.611912 0.613528 0.499146
    outer loop
      vertex 219.165 7.38854 49.8452
      vertex 219.255 7.05308 50.1472
      vertex 219.389 7.16513 49.8452
    endloop
  endfacet
  facet normal 0.612917 0.613129 0.498403
    outer loop
      vertex 219.255 7.05308 50.1472
      vertex 219.165 7.38854 49.8452
      vertex 219.053 7.25501 50.1472
    endloop
  endfacet
  facet normal -0.157966 -0.0736486 -0.984694
    outer loop
      vertex 1.84904 1.91284 0.00761127
      vertex 1.51358 1.82296 0.0681486
      vertex 1.8362 1.94038 0.00761127
    endloop
  endfacet
  facet normal -0.341866 -0.0299311 -0.939272
    outer loop
      vertex 1.16761 1.85323 0.187385
      vertex 1.15476 2 0.187385
      vertex 1.49023 1.91011 0.0681486
    endloop
  endfacet
  facet normal -0.281108 -0.196839 -0.939272
    outer loop
      vertex 1.35251 1.45669 0.187385
      vertex 1.268 1.57738 0.187385
      vertex 1.55171 1.74118 0.0681486
    endloop
  endfacet
  facet normal -0.410749 -0.287616 -0.865195
    outer loop
      vertex 1.35251 1.45669 0.187385
      vertex 1.00654 1.42642 0.361696
      vertex 1.268 1.57738 0.187385
    endloop
  endfacet
  facet normal 0.143969 -0.0983708 0.984681
    outer loop
      vertex 218.151 1.91284 50.9924
      vertex 218.134 1.88796 50.9924
      vertex 218.397 1.66727 50.9319
    endloop
  endfacet
  facet normal 0.0298981 0.342025 0.939215
    outer loop
      vertex 218.147 6.83239 50.8126
      vertex 218 6.84524 50.8126
      vertex 218.09 6.50977 50.9319
    endloop
  endfacet
  facet normal 0.0889945 0.331585 0.939218
    outer loop
      vertex 218.147 6.83239 50.8126
      vertex 218.09 6.50977 50.9319
      vertex 218.177 6.48642 50.9319
    endloop
  endfacet
  facet normal 0.0669896 0.764365 0.641295
    outer loop
      vertex 218.284 7.61341 50.1472
      vertex 218 7.6383 50.1472
      vertex 218.246 7.39273 50.4142
    endloop
  endfacet
  facet normal 0.056033 0.641719 0.764891
    outer loop
      vertex 218.246 7.39273 50.4142
      vertex 218 7.41421 50.4142
      vertex 218.199 7.12972 50.6383
    endloop
  endfacet
  facet normal 0.455303 0.211404 0.864874
    outer loop
      vertex 218.993 6.57358 50.6383
      vertex 218.732 6.42262 50.8126
      vertex 218.794 6.28909 50.8126
    endloop
  endfacet
  facet normal 0.583991 0.271842 0.76489
    outer loop
      vertex 219.225 6.70711 50.4142
      vertex 219.078 6.39235 50.6383
      vertex 219.329 6.48369 50.4142
    endloop
  endfacet
  facet normal 0.908281 0.244042 0.339806
    outer loop
      vertex 219.902 6.33546 49.5176
      vertex 219.703 6.61995 49.8452
      vertex 219.785 6.31476 49.8452
    endloop
  endfacet
  facet normal 0.908229 0.242924 0.340745
    outer loop
      vertex 219.815 6.66073 49.5176
      vertex 219.703 6.61995 49.8452
      vertex 219.902 6.33546 49.5176
    endloop
  endfacet
  facet normal 0.439951 0.628546 0.641383
    outer loop
      vertex 219.053 7.25501 50.1472
      vertex 218.707 7.22474 50.4142
      vertex 218.909 7.08335 50.4142
    endloop
  endfacet
  facet normal 0.627186 0.441046 0.641963
    outer loop
      vertex 219.255 7.05308 50.1472
      vertex 219.083 6.90904 50.4142
      vertex 219.225 6.70711 50.4142
    endloop
  endfacet
  facet normal -0.0450605 0.16826 0.984712
    outer loop
      vertex 1.96973 6.17166 50.9924
      vertex 1.82296 6.48642 50.9319
      vertex 1.94038 6.1638 50.9924
    endloop
  endfacet
  facet normal -0.157871 0.0736045 0.984713
    outer loop
      vertex 1.84904 6.08716 50.9924
      vertex 1.51358 6.17704 50.9319
      vertex 1.8362 6.05962 50.9924
    endloop
  endfacet
  facet normal -0.583874 0.272271 0.764827
    outer loop
      vertex 1.00654 6.57358 50.6383
      vertex 0.775255 6.70711 50.4142
      vertex 0.922029 6.39235 50.6383
    endloop
  endfacet
  facet normal -0.527734 0.36951 0.764826
    outer loop
      vertex 1.12123 6.73738 50.6383
      vertex 0.775255 6.70711 50.4142
      vertex 1.00654 6.57358 50.6383
    endloop
  endfacet
  facet normal -0.015191 0.173521 0.984713
    outer loop
      vertex 2 6.51764 50.9319
      vertex 1.96973 6.17166 50.9924
      vertex 2 6.17431 50.9924
    endloop
  endfacet
  facet normal 0.130077 -0.484418 -0.865112
    outer loop
      vertex 218.199 0.870275 0.361696
      vertex 218.147 1.16761 0.187385
      vertex 218.289 1.20574 0.187385
    endloop
  endfacet
  facet normal 0.0436696 -0.499566 -0.865174
    outer loop
      vertex 218.199 0.870275 0.361696
      vertex 218 1.15476 0.187385
      vertex 218.147 1.16761 0.187385
    endloop
  endfacet
  facet normal 0.456335 -0.455524 -0.764366
    outer loop
      vertex 218.909 0.91665 0.585787
      vertex 218.879 1.26262 0.361696
      vertex 219.083 1.09096 0.585787
    endloop
  endfacet
  facet normal 0.454268 -0.456228 -0.765177
    outer loop
      vertex 218.879 1.26262 0.361696
      vertex 218.909 0.91665 0.585787
      vertex 218.737 1.12123 0.361696
    endloop
  endfacet
  facet normal 0.369277 -0.527557 -0.765061
    outer loop
      vertex 218.909 0.91665 0.585787
      vertex 218.707 0.775255 0.585787
      vertex 218.737 1.12123 0.361696
    endloop
  endfacet
  facet normal 0.863057 -0.0767747 0.499238
    outer loop
      vertex 219.813 2 49.8452
      vertex 219.613 1.71551 50.1472
      vertex 219.785 1.68524 49.8452
    endloop
  endfacet
  facet normal 0.86274 -0.0758146 0.499932
    outer loop
      vertex 219.638 2 50.1472
      vertex 219.613 1.71551 50.1472
      vertex 219.813 2 49.8452
    endloop
  endfacet
  facet normal 0.538872 0.770115 0.341378
    outer loop
      vertex 219.242 7.47988 49.5176
      vertex 218.906 7.56977 49.8452
      vertex 219.165 7.38854 49.8452
    endloop
  endfacet
  facet normal 0.49707 0.710374 0.498288
    outer loop
      vertex 218.906 7.56977 49.8452
      vertex 218.819 7.41881 50.1472
      vertex 219.165 7.38854 49.8452
    endloop
  endfacet
  facet normal -0.311028 -0.145017 -0.939272
    outer loop
      vertex 1.55171 1.74118 0.0681486
      vertex 1.268 1.57738 0.187385
      vertex 1.51358 1.82296 0.0681486
    endloop
  endfacet
  facet normal -0.311025 -0.145019 -0.939272
    outer loop
      vertex 1.268 1.57738 0.187385
      vertex 1.20574 1.71091 0.187385
      vertex 1.51358 1.82296 0.0681486
    endloop
  endfacet
  facet normal 0.122992 -0.123377 0.984709
    outer loop
      vertex 218.134 1.88796 50.9924
      vertex 218.333 1.60347 50.9319
      vertex 218.397 1.66727 50.9319
    endloop
  endfacet
  facet normal 0.121528 -0.124412 0.98476
    outer loop
      vertex 218.333 1.60347 50.9319
      vertex 218.134 1.88796 50.9924
      vertex 218.112 1.86647 50.9924
    endloop
  endfacet
  facet normal 0.144663 0.311352 0.939219
    outer loop
      vertex 218.289 6.79426 50.8126
      vertex 218.177 6.48642 50.9319
      vertex 218.423 6.732 50.8126
    endloop
  endfacet
  facet normal 0.166745 0.622027 0.765035
    outer loop
      vertex 218.484 7.32893 50.4142
      vertex 218.246 7.39273 50.4142
      vertex 218.392 7.07797 50.6383
    endloop
  endfacet
  facet normal 0 0.765973 0.642872
    outer loop
      vertex 218 7.6383 50.1472
      vertex 2 7.41421 50.4142
      vertex 218 7.41421 50.4142
    endloop
  endfacet
  facet normal 0 0.765973 0.642872
    outer loop
      vertex 2 7.41421 50.4142
      vertex 218 7.6383 50.1472
      vertex 2 7.6383 50.1472
    endloop
  endfacet
  facet normal -0 0.642805 0.76603
    outer loop
      vertex 2 7.41421 50.4142
      vertex 218 7.14715 50.6383
      vertex 218 7.41421 50.4142
    endloop
  endfacet
  facet normal 0 0.642805 0.76603
    outer loop
      vertex 218 7.14715 50.6383
      vertex 2 7.41421 50.4142
      vertex 2 7.14715 50.6383
    endloop
  endfacet
  facet normal 0.166789 0.622035 0.765018
    outer loop
      vertex 218.246 7.39273 50.4142
      vertex 218.199 7.12972 50.6383
      vertex 218.392 7.07797 50.6383
    endloop
  endfacet
  facet normal 0.272546 0.583335 0.76514
    outer loop
      vertex 218.484 7.32893 50.4142
      vertex 218.392 7.07797 50.6383
      vertex 218.707 7.22474 50.4142
    endloop
  endfacet
  facet normal 0.582375 0.273144 0.765658
    outer loop
      vertex 219.225 6.70711 50.4142
      vertex 218.993 6.57358 50.6383
      vertex 219.078 6.39235 50.6383
    endloop
  endfacet
  facet normal 0.622135 0.167492 0.764784
    outer loop
      vertex 219.393 6.24557 50.4142
      vertex 219.078 6.39235 50.6383
      vertex 219.13 6.1992 50.6383
    endloop
  endfacet
  facet normal 0.0995878 0.14284 0.984723
    outer loop
      vertex 218.333 6.39653 50.9319
      vertex 218.087 6.15096 50.9924
      vertex 218.112 6.13353 50.9924
    endloop
  endfacet
  facet normal -0.142658 0.0999411 0.984713
    outer loop
      vertex 1.86647 6.11204 50.9924
      vertex 1.60347 6.33273 50.9319
      vertex 1.84904 6.08716 50.9924
    endloop
  endfacet
  facet normal -0.331641 0.0888561 0.939212
    outer loop
      vertex 1.51358 6.17704 50.9319
      vertex 1.16761 6.14677 50.8126
      vertex 1.49023 6.08989 50.9319
    endloop
  endfacet
  facet normal -0.157871 0.0736073 0.984713
    outer loop
      vertex 1.55171 6.25882 50.9319
      vertex 1.51358 6.17704 50.9319
      vertex 1.84904 6.08716 50.9924
    endloop
  endfacet
  facet normal -0.342027 0.029945 0.939213
    outer loop
      vertex 1.49023 6.08989 50.9319
      vertex 1.15476 6 50.8126
      vertex 1.48236 6 50.9319
    endloop
  endfacet
  facet normal -0.173522 0.0151921 0.984713
    outer loop
      vertex 1.49023 6.08989 50.9319
      vertex 1.48236 6 50.9319
      vertex 1.82834 6.03027 50.9924
    endloop
  endfacet
  facet normal -0.583884 0.272263 0.764822
    outer loop
      vertex 0.775255 6.70711 50.4142
      vertex 0.671075 6.48369 50.4142
      vertex 0.922029 6.39235 50.6383
    endloop
  endfacet
  facet normal -0.695303 0.324217 0.641434
    outer loop
      vertex 0.775255 6.70711 50.4142
      vertex 0.460498 6.56033 50.1472
      vertex 0.671075 6.48369 50.4142
    endloop
  endfacet
  facet normal 0.0298841 -0.341864 -0.939274
    outer loop
      vertex 218.147 1.16761 0.187385
      vertex 218 1.15476 0.187385
      vertex 218.09 1.49023 0.0681486
    endloop
  endfacet
  facet normal 0.0889526 -0.331429 -0.939277
    outer loop
      vertex 218.147 1.16761 0.187385
      vertex 218.09 1.49023 0.0681486
      vertex 218.177 1.51358 0.0681486
    endloop
  endfacet
  facet normal 0.397465 0.851791 0.341282
    outer loop
      vertex 218.966 7.67303 49.5176
      vertex 218.661 7.81535 49.5176
      vertex 218.906 7.56977 49.8452
    endloop
  endfacet
  facet normal 0.397678 0.851764 0.341102
    outer loop
      vertex 218.661 7.81535 49.5176
      vertex 218.62 7.7033 49.8452
      vertex 218.906 7.56977 49.8452
    endloop
  endfacet
  facet normal 0.49716 0.710228 0.498406
    outer loop
      vertex 219.165 7.38854 49.8452
      vertex 218.819 7.41881 50.1472
      vertex 219.053 7.25501 50.1472
    endloop
  endfacet
  facet normal 0.439965 0.628522 0.641398
    outer loop
      vertex 218.819 7.41881 50.1472
      vertex 218.707 7.22474 50.4142
      vertex 219.053 7.25501 50.1472
    endloop
  endfacet
  facet normal 0.371021 0.527303 0.764392
    outer loop
      vertex 218.707 7.22474 50.4142
      vertex 218.574 6.99346 50.6383
      vertex 218.737 6.87877 50.6383
    endloop
  endfacet
  facet normal 0.197669 0.280681 0.939226
    outer loop
      vertex 218.423 6.732 50.8126
      vertex 218.259 6.44829 50.9319
      vertex 218.543 6.64749 50.8126
    endloop
  endfacet
  facet normal 0.130072 0.484401 0.865122
    outer loop
      vertex 218.199 7.12972 50.6383
      vertex 218.147 6.83239 50.8126
      vertex 218.289 6.79426 50.8126
    endloop
  endfacet
  facet normal 0.0890382 0.331587 0.939213
    outer loop
      vertex 218.289 6.79426 50.8126
      vertex 218.147 6.83239 50.8126
      vertex 218.177 6.48642 50.9319
    endloop
  endfacet
  facet normal 0.838126 0.225192 0.496823
    outer loop
      vertex 219.703 6.61995 49.8452
      vertex 219.54 6.56033 50.1472
      vertex 219.785 6.31476 49.8452
    endloop
  endfacet
  facet normal 0.622077 0.167197 0.764896
    outer loop
      vertex 219.329 6.48369 50.4142
      vertex 219.078 6.39235 50.6383
      vertex 219.393 6.24557 50.4142
    endloop
  endfacet
  facet normal 0.786154 0.367532 0.496872
    outer loop
      vertex 219.703 6.61995 49.8452
      vertex 219.419 6.81915 50.1472
      vertex 219.54 6.56033 50.1472
    endloop
  endfacet
  facet normal 0.786226 0.365163 0.498502
    outer loop
      vertex 219.57 6.90631 49.8452
      vertex 219.419 6.81915 50.1472
      vertex 219.703 6.61995 49.8452
    endloop
  endfacet
  facet normal 0.453725 0.212805 0.86536
    outer loop
      vertex 218.993 6.57358 50.6383
      vertex 218.794 6.28909 50.8126
      vertex 219.078 6.39235 50.6383
    endloop
  endfacet
  facet normal 0.483791 0.130247 0.865438
    outer loop
      vertex 219.078 6.39235 50.6383
      vertex 218.794 6.28909 50.8126
      vertex 219.13 6.1992 50.6383
    endloop
  endfacet
  facet normal 0.0997784 0.142651 0.984731
    outer loop
      vertex 218.259 6.44829 50.9319
      vertex 218.087 6.15096 50.9924
      vertex 218.333 6.39653 50.9319
    endloop
  endfacet
  facet normal 0.143969 0.0983708 0.984681
    outer loop
      vertex 218.397 6.33273 50.9319
      vertex 218.134 6.11204 50.9924
      vertex 218.151 6.08716 50.9924
    endloop
  endfacet
  facet normal -0.142679 0.0999199 0.984712
    outer loop
      vertex 1.60347 6.33273 50.9319
      vertex 1.55171 6.25882 50.9319
      vertex 1.84904 6.08716 50.9924
    endloop
  endfacet
  facet normal -0.281224 0.196944 0.939216
    outer loop
      vertex 1.60347 6.33273 50.9319
      vertex 1.35251 6.54331 50.8126
      vertex 1.55171 6.25882 50.9319
    endloop
  endfacet
  facet normal -0.311174 0.145085 0.939213
    outer loop
      vertex 1.55171 6.25882 50.9319
      vertex 1.268 6.42262 50.8126
      vertex 1.51358 6.17704 50.9319
    endloop
  endfacet
  facet normal -0.281241 0.196931 0.939213
    outer loop
      vertex 1.35251 6.54331 50.8126
      vertex 1.268 6.42262 50.8126
      vertex 1.55171 6.25882 50.9319
    endloop
  endfacet
  facet normal -0.484316 0.129757 0.865217
    outer loop
      vertex 1.20574 6.28909 50.8126
      vertex 0.870275 6.1992 50.6383
      vertex 1.16761 6.14677 50.8126
    endloop
  endfacet
  facet normal -0.499486 0.043731 0.865218
    outer loop
      vertex 1.16761 6.14677 50.8126
      vertex 0.870275 6.1992 50.6383
      vertex 1.15476 6 50.8126
    endloop
  endfacet
  facet normal 0.243411 0.242991 0.938992
    outer loop
      vertex 218.543 6.64749 50.8126
      vertex 218.397 6.33273 50.9319
      vertex 218.647 6.54331 50.8126
    endloop
  endfacet
  facet normal 0.24263 0.24339 0.939091
    outer loop
      vertex 218.397 6.33273 50.9319
      vertex 218.543 6.64749 50.8126
      vertex 218.333 6.39653 50.9319
    endloop
  endfacet
  facet normal 0.211289 0.454749 0.865194
    outer loop
      vertex 218.574 6.99346 50.6383
      vertex 218.289 6.79426 50.8126
      vertex 218.423 6.732 50.8126
    endloop
  endfacet
  facet normal 0.527485 0.370935 0.764308
    outer loop
      vertex 219.083 6.90904 50.4142
      vertex 218.879 6.73738 50.6383
      vertex 219.225 6.70711 50.4142
    endloop
  endfacet
  facet normal 0.695037 0.324934 0.641359
    outer loop
      vertex 219.419 6.81915 50.1472
      vertex 219.225 6.70711 50.4142
      vertex 219.54 6.56033 50.1472
    endloop
  endfacet
  facet normal 0.765184 0.0672417 0.64029
    outer loop
      vertex 219.613 6.28449 50.1472
      vertex 219.393 6.24557 50.4142
      vertex 219.638 6 50.1472
    endloop
  endfacet
  facet normal 0.54215 0.542338 0.641828
    outer loop
      vertex 219.053 7.25501 50.1472
      vertex 219.083 6.90904 50.4142
      vertex 219.255 7.05308 50.1472
    endloop
  endfacet
  facet normal 0.543009 0.542043 0.64135
    outer loop
      vertex 219.083 6.90904 50.4142
      vertex 219.053 7.25501 50.1472
      vertex 218.909 7.08335 50.4142
    endloop
  endfacet
  facet normal 0.695009 0.323521 0.642103
    outer loop
      vertex 219.54 6.56033 50.1472
      vertex 219.225 6.70711 50.4142
      vertex 219.329 6.48369 50.4142
    endloop
  endfacet
  facet normal 0.628263 0.440453 0.641316
    outer loop
      vertex 219.255 7.05308 50.1472
      vertex 219.225 6.70711 50.4142
      vertex 219.419 6.81915 50.1472
    endloop
  endfacet
  facet normal 0.0748962 0.157492 0.984676
    outer loop
      vertex 218.177 6.48642 50.9319
      vertex 218.06 6.1638 50.9924
      vertex 218.087 6.15096 50.9924
    endloop
  endfacet
  facet normal 0.0734216 0.157896 0.984722
    outer loop
      vertex 218.177 6.48642 50.9319
      vertex 218.087 6.15096 50.9924
      vertex 218.259 6.44829 50.9319
    endloop
  endfacet
  facet normal 0.0441818 0.168633 0.984688
    outer loop
      vertex 218.177 6.48642 50.9319
      vertex 218.03 6.17166 50.9924
      vertex 218.06 6.1638 50.9924
    endloop
  endfacet
  facet normal 0.353387 0.354911 0.865538
    outer loop
      vertex 218.737 6.87877 50.6383
      vertex 218.647 6.54331 50.8126
      vertex 218.879 6.73738 50.6383
    endloop
  endfacet
  facet normal 0.354917 0.354304 0.86516
    outer loop
      vertex 218.647 6.54331 50.8126
      vertex 218.737 6.87877 50.6383
      vertex 218.543 6.64749 50.8126
    endloop
  endfacet
  facet normal 0.288744 0.410003 0.865173
    outer loop
      vertex 218.574 6.99346 50.6383
      vertex 218.423 6.732 50.8126
      vertex 218.543 6.64749 50.8126
    endloop
  endfacet
  facet normal 0.288519 0.41005 0.865226
    outer loop
      vertex 218.574 6.99346 50.6383
      vertex 218.543 6.64749 50.8126
      vertex 218.737 6.87877 50.6383
    endloop
  endfacet
  facet normal 0.740306 0.198974 0.64215
    outer loop
      vertex 219.54 6.56033 50.1472
      vertex 219.329 6.48369 50.4142
      vertex 219.393 6.24557 50.4142
    endloop
  endfacet
  facet normal 0.742469 0.196492 0.640414
    outer loop
      vertex 219.54 6.56033 50.1472
      vertex 219.393 6.24557 50.4142
      vertex 219.613 6.28449 50.1472
    endloop
  endfacet
  facet normal 0.122992 0.123377 0.984709
    outer loop
      vertex 218.333 6.39653 50.9319
      vertex 218.134 6.11204 50.9924
      vertex 218.397 6.33273 50.9319
    endloop
  endfacet
  facet normal 0.121528 0.124412 0.98476
    outer loop
      vertex 218.134 6.11204 50.9924
      vertex 218.333 6.39653 50.9319
      vertex 218.112 6.13353 50.9924
    endloop
  endfacet
  facet normal 0.0151724 0.173508 0.984715
    outer loop
      vertex 218.09 6.50977 50.9319
      vertex 218 6.51764 50.9319
      vertex 218.03 6.17166 50.9924
    endloop
  endfacet
  facet normal 0.129877 0.484373 0.865168
    outer loop
      vertex 218.392 7.07797 50.6383
      vertex 218.199 7.12972 50.6383
      vertex 218.289 6.79426 50.8126
    endloop
  endfacet
  facet normal 0.211203 0.454845 0.865164
    outer loop
      vertex 218.392 7.07797 50.6383
      vertex 218.289 6.79426 50.8126
      vertex 218.574 6.99346 50.6383
    endloop
  endfacet
  facet normal -0.770153 0.539157 -0.340844
    outer loop
      vertex 0.430229 24.9063 1.15476
      vertex 0.326968 24.9659 1.48236
      vertex 0.520116 25.2418 1.48236
    endloop
  endfacet
  facet normal -0.806847 0.564845 -0.173056
    outer loop
      vertex 0.326968 24.9659 1.48236
      vertex 0.274541 24.9962 1.82569
      vertex 0.520116 25.2418 1.48236
    endloop
  endfacet
  facet normal 0.22413 0.837077 -0.499067
    outer loop
      vertex 218.56 25.5395 0.852848
      vertex 218.284 25.6134 0.852848
      vertex 218.315 25.7851 1.15476
    endloop
  endfacet
  facet normal 0.936609 0.0837504 -0.340221
    outer loop
      vertex 219.932 24 1.48236
      vertex 219.813 24 1.15476
      vertex 219.902 24.3355 1.48236
    endloop
  endfacet
  facet normal 0.644304 0 0.76477
    outer loop
      vertex 219.414 24 5.41421
      vertex 219.281 7.52626 5.52626
      vertex 219.414 7.39273 5.41421
    endloop
  endfacet
  facet normal 0.642872 -0 0.765973
    outer loop
      vertex 219.147 7.61976 5.6383
      vertex 219.414 24 5.41421
      vertex 219.147 24 5.6383
    endloop
  endfacet
  facet normal 0.641461 3.91817e-05 0.767156
    outer loop
      vertex 219.414 24 5.41421
      vertex 219.147 7.61976 5.6383
      vertex 219.281 7.52626 5.52626
    endloop
  endfacet
  facet normal -0.696474 0.696403 -0.173055
    outer loop
      vertex 0.75823 25.4799 1.48236
      vertex 0.473742 25.2807 1.82569
      vertex 0.719317 25.5263 1.82569
    endloop
  endfacet
  facet normal -0.696427 0.696468 -0.172979
    outer loop
      vertex 0.473742 25.2807 1.82569
      vertex 0.75823 25.4799 1.48236
      vertex 0.520116 25.2418 1.48236
    endloop
  endfacet
  facet normal -0.0561882 0.641774 -0.764832
    outer loop
      vertex 1.8008 25.1297 0.361696
      vertex 1.75443 25.3927 0.585787
      vertex 2 25.4142 0.585787
    endloop
  endfacet
  facet normal -0.0669167 0.764313 0.641364
    outer loop
      vertex 2 25.6383 5.14715
      vertex 1.75443 25.3927 5.41421
      vertex 2 25.4142 5.41421
    endloop
  endfacet
  facet normal 0.0757127 0.863551 -0.498546
    outer loop
      vertex 218.284 25.6134 0.852848
      vertex 218 25.6383 0.852848
      vertex 218 25.8126 1.15476
    endloop
  endfacet
  facet normal 0 0.866037 -0.499981
    outer loop
      vertex 218 25.6383 0.852848
      vertex 2 25.8126 1.15476
      vertex 218 25.8126 1.15476
    endloop
  endfacet
  facet normal 0 0.866037 -0.499981
    outer loop
      vertex 2 25.8126 1.15476
      vertex 218 25.6383 0.852848
      vertex 2 25.6383 0.852848
    endloop
  endfacet
  facet normal -0.0859319 0.981184 0.1729
    outer loop
      vertex 2 25.9924 4.17431
      vertex 1.65403 25.9621 4.17431
      vertex 2 25.9319 4.51764
    endloop
  endfacet
  facet normal 0.415869 0.892969 0.172217
    outer loop
      vertex 218.681 25.8722 4.17431
      vertex 218.661 25.8153 4.51764
      vertex 218.996 25.7255 4.17431
    endloop
  endfacet
  facet normal -0.366253 0.785619 -0.498659
    outer loop
      vertex 1.18085 25.4188 0.852848
      vertex 1.09369 25.5698 1.15476
      vertex 1.38005 25.7033 1.15476
    endloop
  endfacet
  facet normal 0.168193 0.0463449 0.984664
    outer loop
      vertex 218.486 24.177 5.93185
      vertex 218.172 24.0303 5.99239
      vertex 218.51 24.0899 5.93185
    endloop
  endfacet
  facet normal 0 0.984827 -0.173542
    outer loop
      vertex 218 25.9319 1.48236
      vertex 2 25.9924 1.82569
      vertex 218 25.9924 1.82569
    endloop
  endfacet
  facet normal 0 0.984827 -0.173542
    outer loop
      vertex 2 25.9924 1.82569
      vertex 218 25.9319 1.48236
      vertex 2 25.9319 1.48236
    endloop
  endfacet
  facet normal 0.0859245 0.981184 0.1729
    outer loop
      vertex 218 25.9924 4.17431
      vertex 218 25.9319 4.51764
      vertex 218.346 25.9621 4.17431
    endloop
  endfacet
  facet normal 0.664708 0.664429 -0.34161
    outer loop
      vertex 219.48 25.2418 1.48236
      vertex 219.165 25.3885 1.15476
      vertex 219.242 25.4799 1.48236
    endloop
  endfacet
  facet normal 0.664006 0.665789 -0.340325
    outer loop
      vertex 219.165 25.3885 1.15476
      vertex 219.48 25.2418 1.48236
      vertex 219.389 25.1651 1.15476
    endloop
  endfacet
  facet normal 0 0.766031 -0.642803
    outer loop
      vertex 218 25.4142 0.585787
      vertex 2 25.6383 0.852848
      vertex 218 25.6383 0.852848
    endloop
  endfacet
  facet normal 0 0.766031 -0.642803
    outer loop
      vertex 2 25.6383 0.852848
      vertex 218 25.4142 0.585787
      vertex 2 25.4142 0.585787
    endloop
  endfacet
  facet normal -0.981174 0.0858324 0.173002
    outer loop
      vertex 0.0974979 24.3355 4.51764
      vertex 0.0378799 24.346 4.17431
      vertex 0.0681486 24 4.51764
    endloop
  endfacet
  facet normal -0.806814 0.564914 0.172983
    outer loop
      vertex 0.473742 25.2807 4.17431
      vertex 0.274541 24.9962 4.17431
      vertex 0.520116 25.2418 4.51764
    endloop
  endfacet
  facet normal 0.198524 0.741442 -0.640978
    outer loop
      vertex 218.56 25.5395 0.852848
      vertex 218.246 25.3927 0.585787
      vertex 218.284 25.6134 0.852848
    endloop
  endfacet
  facet normal -0.863544 0.0755409 0.498584
    outer loop
      vertex 0.214923 24.3148 4.84524
      vertex 0.187385 24 4.84524
      vertex 0.386586 24.2845 5.14715
    endloop
  endfacet
  facet normal 0.0753798 0.863441 -0.498786
    outer loop
      vertex 218.284 25.6134 0.852848
      vertex 218 25.8126 1.15476
      vertex 218.315 25.7851 1.15476
    endloop
  endfacet
  facet normal -0.892664 0.4162 0.172998
    outer loop
      vertex 0.274541 24.9962 4.17431
      vertex 0.127767 24.6814 4.17431
      vertex 0.184653 24.6607 4.51764
    endloop
  endfacet
  facet normal -0.76433 0.0668633 -0.64135
    outer loop
      vertex 0.585787 24 0.585787
      vertex 0.361696 24 0.852848
      vertex 0.607272 24.2456 0.585787
    endloop
  endfacet
  facet normal 0.06702 0.764405 -0.641243
    outer loop
      vertex 218.246 25.3927 0.585787
      vertex 218 25.6383 0.852848
      vertex 218.284 25.6134 0.852848
    endloop
  endfacet
  facet normal 0.852671 0.395968 -0.340826
    outer loop
      vertex 219.703 24.6199 1.15476
      vertex 219.57 24.9063 1.15476
      vertex 219.815 24.6607 1.48236
    endloop
  endfacet
  facet normal 0.837533 0.221682 0.499396
    outer loop
      vertex 219.785 24.3148 4.84524
      vertex 219.54 24.5603 5.14715
      vertex 219.613 24.2845 5.14715
    endloop
  endfacet
  facet normal 0.90608 0.423106 0
    outer loop
      vertex 219.872 24.6814 4.17431
      vertex 219.725 24.9962 1.82569
      vertex 219.725 24.9962 4.17431
    endloop
  endfacet
  facet normal 0.90608 0.423106 0
    outer loop
      vertex 219.725 24.9962 1.82569
      vertex 219.872 24.6814 4.17431
      vertex 219.872 24.6814 1.82569
    endloop
  endfacet
  facet normal 0 1 -0
    outer loop
      vertex 218 25.9924 1.82569
      vertex 2 25.9924 4.17431
      vertex 218 25.9924 4.17431
    endloop
  endfacet
  facet normal 0 1 0
    outer loop
      vertex 2 25.9924 4.17431
      vertex 218 25.9924 1.82569
      vertex 2 25.9924 1.82569
    endloop
  endfacet
  facet normal -0.806814 0.564914 -0.172983
    outer loop
      vertex 0.520116 25.2418 1.48236
      vertex 0.274541 24.9962 1.82569
      vertex 0.473742 25.2807 1.82569
    endloop
  endfacet
  facet normal 0.35341 0.35491 0.865529
    outer loop
      vertex 218.737 24.8788 5.6383
      vertex 218.647 24.5433 5.81262
      vertex 218.879 24.7374 5.6383
    endloop
  endfacet
  facet normal 0.354972 0.35429 0.865144
    outer loop
      vertex 218.647 24.5433 5.81262
      vertex 218.737 24.8788 5.6383
      vertex 218.543 24.6475 5.81262
    endloop
  endfacet
  facet normal 0.0150495 0.173648 0.984693
    outer loop
      vertex 218 24.5176 5.93185
      vertex 218 24.1743 5.99239
      vertex 218.03 24.1717 5.99239
    endloop
  endfacet
  facet normal 0.622099 0.167525 0.764806
    outer loop
      vertex 219.393 24.2456 5.41421
      vertex 219.078 24.3923 5.6383
      vertex 219.13 24.1992 5.6383
    endloop
  endfacet
  facet normal -0.819163 0.573561 0
    outer loop
      vertex 0.274541 24.9962 1.82569
      vertex 0.473742 25.2807 4.17431
      vertex 0.473742 25.2807 1.82569
    endloop
  endfacet
  facet normal -0.819163 0.573561 0
    outer loop
      vertex 0.473742 25.2807 4.17431
      vertex 0.274541 24.9962 1.82569
      vertex 0.274541 24.9962 4.17431
    endloop
  endfacet
  facet normal -0.0859319 0.981184 -0.1729
    outer loop
      vertex 2 25.9319 1.48236
      vertex 1.65403 25.9621 1.82569
      vertex 2 25.9924 1.82569
    endloop
  endfacet
  facet normal -0.628432 0.440091 -0.641399
    outer loop
      vertex 0.775255 24.7071 0.585787
      vertex 0.581187 24.8192 0.852848
      vertex 0.744987 25.0531 0.852848
    endloop
  endfacet
  facet normal -0.287569 0.41073 -0.86522
    outer loop
      vertex 1.45669 24.6475 0.187385
      vertex 1.42642 24.9935 0.361696
      vertex 1.57738 24.732 0.187385
    endloop
  endfacet
  facet normal 0.0150488 0.17364 -0.984694
    outer loop
      vertex 218.03 24.1717 0.00761127
      vertex 218 24.1743 0.00761127
      vertex 218 24.5176 0.0681486
    endloop
  endfacet
  facet normal 0.908264 0.244109 0.339805
    outer loop
      vertex 219.902 24.3355 4.51764
      vertex 219.703 24.6199 4.84524
      vertex 219.785 24.3148 4.84524
    endloop
  endfacet
  facet normal 0.0150488 0.17364 -0.984694
    outer loop
      vertex 218.03 24.1717 0.00761127
      vertex 218 24.5176 0.0681486
      vertex 218.09 24.5098 0.0681486
    endloop
  endfacet
  facet normal 0.0668004 0.76432 -0.641367
    outer loop
      vertex 218.246 25.3927 0.585787
      vertex 218 25.4142 0.585787
      vertex 218 25.6383 0.852848
    endloop
  endfacet
  facet normal 0.981497 0.0851009 -0.171525
    outer loop
      vertex 219.992 24 1.82569
      vertex 219.932 24 1.48236
      vertex 219.962 24.346 1.82569
    endloop
  endfacet
  facet normal 0.53884 0.77017 -0.341306
    outer loop
      vertex 219.242 25.4799 1.48236
      vertex 218.906 25.5698 1.15476
      vertex 218.966 25.673 1.48236
    endloop
  endfacet
  facet normal 0.41102 0.286058 -0.865583
    outer loop
      vertex 218.993 24.5736 0.361696
      vertex 218.647 24.5433 0.187385
      vertex 218.879 24.7374 0.361696
    endloop
  endfacet
  facet normal -0.695376 0.324157 0.641385
    outer loop
      vertex 0.581187 24.8192 5.14715
      vertex 0.460498 24.5603 5.14715
      vertex 0.775255 24.7071 5.41421
    endloop
  endfacet
  facet normal -0.224313 0.837272 0.498657
    outer loop
      vertex 1.68524 25.7851 4.84524
      vertex 1.43967 25.5395 5.14715
      vertex 1.71551 25.6134 5.14715
    endloop
  endfacet
  facet normal -0.173653 0 0.984807
    outer loop
      vertex 1.48236 24 5.93185
      vertex 1.82569 7.97714 5.99239
      vertex 1.82569 24 5.99239
    endloop
  endfacet
  facet normal -0.173658 -1.08178e-07 0.984806
    outer loop
      vertex 1.82569 7.97714 5.99239
      vertex 1.48236 24 5.93185
      vertex 1.65403 7.96212 5.96212
    endloop
  endfacet
  facet normal -0.173648 0 0.984808
    outer loop
      vertex 1.65403 7.96212 5.96212
      vertex 1.48236 24 5.93185
      vertex 1.48236 7.91612 5.93185
    endloop
  endfacet
  facet normal 0.255301 0.951342 0.172538
    outer loop
      vertex 218.681 25.8722 4.17431
      vertex 218.346 25.9621 4.17431
      vertex 218.661 25.8153 4.51764
    endloop
  endfacet
  facet normal -0.936534 0.0819273 0.34087
    outer loop
      vertex 0.0974979 24.3355 4.51764
      vertex 0.0681486 24 4.51764
      vertex 0.187385 24 4.84524
    endloop
  endfacet
  facet normal -0.36958 0.527787 0.764756
    outer loop
      vertex 1.29289 25.2247 5.41421
      vertex 1.26262 24.8788 5.6383
      vertex 1.42642 24.9935 5.6383
    endloop
  endfacet
  facet normal -0.863546 0.0755489 0.498578
    outer loop
      vertex 0.386586 24.2845 5.14715
      vertex 0.187385 24 4.84524
      vertex 0.361696 24 5.14715
    endloop
  endfacet
  facet normal -0.196931 0.280987 -0.939289
    outer loop
      vertex 1.66727 24.3965 0.0681486
      vertex 1.45669 24.6475 0.187385
      vertex 1.74118 24.4483 0.0681486
    endloop
  endfacet
  facet normal -0.52773 0.369581 0.764795
    outer loop
      vertex 0.91665 24.909 5.41421
      vertex 0.775255 24.7071 5.41421
      vertex 1.12123 24.7374 5.6383
    endloop
  endfacet
  facet normal 0.243298 0.242831 0.939063
    outer loop
      vertex 218.543 24.6475 5.81262
      vertex 218.397 24.3327 5.93185
      vertex 218.647 24.5433 5.81262
    endloop
  endfacet
  facet normal 0.242486 0.243246 0.939166
    outer loop
      vertex 218.397 24.3327 5.93185
      vertex 218.543 24.6475 5.81262
      vertex 218.333 24.3965 5.93185
    endloop
  endfacet
  facet normal 0.564645 0.807053 0.172748
    outer loop
      vertex 218.996 25.7255 4.17431
      vertex 218.966 25.673 4.51764
      vertex 219.242 25.4799 4.51764
    endloop
  endfacet
  facet normal 0.311069 0.144466 -0.939343
    outer loop
      vertex 218.794 24.2891 0.187385
      vertex 218.486 24.177 0.0681486
      vertex 218.732 24.4226 0.187385
    endloop
  endfacet
  facet normal -0.710093 0.497249 0.498508
    outer loop
      vertex 0.611456 25.1651 4.84524
      vertex 0.430229 24.9063 4.84524
      vertex 0.581187 24.8192 5.14715
    endloop
  endfacet
  facet normal 0 0.866035 0.499983
    outer loop
      vertex 218 25.8126 4.84524
      vertex 2 25.6383 5.14715
      vertex 218 25.6383 5.14715
    endloop
  endfacet
  facet normal 0 0.866035 0.499983
    outer loop
      vertex 2 25.6383 5.14715
      vertex 218 25.8126 4.84524
      vertex 2 25.8126 4.84524
    endloop
  endfacet
  facet normal -0.710095 0.49725 -0.498506
    outer loop
      vertex 0.581187 24.8192 0.852848
      vertex 0.430229 24.9063 1.15476
      vertex 0.611456 25.1651 1.15476
    endloop
  endfacet
  facet normal -0.440056 0.628469 -0.641388
    outer loop
      vertex 1.29289 25.2247 0.585787
      vertex 0.946918 25.255 0.852848
      vertex 1.18085 25.4188 0.852848
    endloop
  endfacet
  facet normal 0.283189 0.195435 -0.93894
    outer loop
      vertex 218.448 24.2588 0.0681486
      vertex 218.397 24.3327 0.0681486
      vertex 218.647 24.5433 0.187385
    endloop
  endfacet
  facet normal 0.981497 0.0851009 0.171525
    outer loop
      vertex 219.962 24.346 4.17431
      vertex 219.932 24 4.51764
      vertex 219.992 24 4.17431
    endloop
  endfacet
  facet normal 0.980817 0.0877034 0.174089
    outer loop
      vertex 219.962 24.346 4.17431
      vertex 219.902 24.3355 4.51764
      vertex 219.932 24 4.51764
    endloop
  endfacet
  facet normal 0.770582 0.538931 0.340229
    outer loop
      vertex 219.48 25.2418 4.51764
      vertex 219.389 25.1651 4.84524
      vertex 219.57 24.9063 4.84524
    endloop
  endfacet
  facet normal -0.0296649 0.341869 -0.939279
    outer loop
      vertex 2 24.5176 0.0681486
      vertex 1.91011 24.5098 0.0681486
      vertex 2 24.8452 0.187385
    endloop
  endfacet
  facet normal -0.142572 0.100203 -0.984699
    outer loop
      vertex 1.84904 24.0872 0.00761127
      vertex 1.60347 24.3327 0.0681486
      vertex 1.86647 24.112 0.00761127
    endloop
  endfacet
  facet normal 0.439849 0.628801 -0.641204
    outer loop
      vertex 218.909 25.0834 0.585787
      vertex 218.707 25.2247 0.585787
      vertex 219.053 25.255 0.852848
    endloop
  endfacet
  facet normal 0.996262 0.0863811 0
    outer loop
      vertex 219.992 24 4.17431
      vertex 219.962 24.346 1.82569
      vertex 219.962 24.346 4.17431
    endloop
  endfacet
  facet normal 0.996262 0.0863811 0
    outer loop
      vertex 219.962 24.346 1.82569
      vertex 219.992 24 4.17431
      vertex 219.992 24 1.82569
    endloop
  endfacet
  facet normal 0.807205 0.564618 0.172123
    outer loop
      vertex 219.526 25.2807 4.17431
      vertex 219.48 25.2418 4.51764
      vertex 219.725 24.9962 4.17431
    endloop
  endfacet
  facet normal 0.936609 0.0837504 0.340221
    outer loop
      vertex 219.902 24.3355 4.51764
      vertex 219.813 24 4.84524
      vertex 219.932 24 4.51764
    endloop
  endfacet
  facet normal 0.852671 0.395968 0.340826
    outer loop
      vertex 219.815 24.6607 4.51764
      vertex 219.57 24.9063 4.84524
      vertex 219.703 24.6199 4.84524
    endloop
  endfacet
  facet normal -0.892664 0.4162 -0.172998
    outer loop
      vertex 0.184653 24.6607 1.48236
      vertex 0.127767 24.6814 1.82569
      vertex 0.274541 24.9962 1.82569
    endloop
  endfacet
  facet normal -0.996195 0.0871487 0
    outer loop
      vertex 0.00761127 24 1.82569
      vertex 0.0378799 24.346 4.17431
      vertex 0.0378799 24.346 1.82569
    endloop
  endfacet
  facet normal -0.996195 0.0871487 0
    outer loop
      vertex 0.0378799 24.346 4.17431
      vertex 0.00761127 24 1.82569
      vertex 0.00761127 24 4.17431
    endloop
  endfacet
  facet normal -0.951349 0.254961 -0.173
    outer loop
      vertex 0.184653 24.6607 1.48236
      vertex 0.0378799 24.346 1.82569
      vertex 0.127767 24.6814 1.82569
    endloop
  endfacet
  facet normal -0.564823 0.80684 -0.173159
    outer loop
      vertex 1.03407 25.673 1.48236
      vertex 0.75823 25.4799 1.48236
      vertex 1.00381 25.7255 1.82569
    endloop
  endfacet
  facet normal -0.173633 0.0151857 0.984693
    outer loop
      vertex 1.82834 24.0303 5.99239
      vertex 1.48236 24 5.93185
      vertex 1.82569 24 5.99239
    endloop
  endfacet
  facet normal -0.0889958 0.331452 0.939265
    outer loop
      vertex 1.85323 24.8324 5.81262
      vertex 1.82296 24.4864 5.93185
      vertex 1.91011 24.5098 5.93185
    endloop
  endfacet
  facet normal -0.564914 0.806797 0.173063
    outer loop
      vertex 1.00381 25.7255 4.17431
      vertex 0.719317 25.5263 4.17431
      vertex 0.75823 25.4799 4.51764
    endloop
  endfacet
  facet normal -0.641772 0.0561454 0.764837
    outer loop
      vertex 0.870275 24.1992 5.6383
      vertex 0.585787 24 5.41421
      vertex 0.852848 24 5.6383
    endloop
  endfacet
  facet normal 0.197555 0.280551 0.939289
    outer loop
      vertex 218.423 24.732 5.81262
      vertex 218.259 24.4483 5.93185
      vertex 218.543 24.6475 5.81262
    endloop
  endfacet
  facet normal -0.936534 0.0819259 0.340868
    outer loop
      vertex 0.214923 24.3148 4.84524
      vertex 0.0974979 24.3355 4.51764
      vertex 0.187385 24 4.84524
    endloop
  endfacet
  facet normal -0.741116 0.198595 0.641333
    outer loop
      vertex 0.671075 24.4837 5.41421
      vertex 0.460498 24.5603 5.14715
      vertex 0.607272 24.2456 5.41421
    endloop
  endfacet
  facet normal -0.641771 0.0561419 0.764839
    outer loop
      vertex 0.607272 24.2456 5.41421
      vertex 0.585787 24 5.41421
      vertex 0.870275 24.1992 5.6383
    endloop
  endfacet
  facet normal -0.764329 0.0668632 0.641351
    outer loop
      vertex 0.607272 24.2456 5.41421
      vertex 0.361696 24 5.14715
      vertex 0.585787 24 5.41421
    endloop
  endfacet
  facet normal 0.22413 0.837076 0.499069
    outer loop
      vertex 218.315 25.7851 4.84524
      vertex 218.284 25.6134 5.14715
      vertex 218.56 25.5395 5.14715
    endloop
  endfacet
  facet normal -0 0.642872 0.765973
    outer loop
      vertex 2 25.4142 5.41421
      vertex 218 25.1472 5.6383
      vertex 218 25.4142 5.41421
    endloop
  endfacet
  facet normal 0 0.642872 0.765973
    outer loop
      vertex 218 25.1472 5.6383
      vertex 2 25.4142 5.41421
      vertex 2 25.1472 5.6383
    endloop
  endfacet
  facet normal 0.0872384 0.996187 -0
    outer loop
      vertex 218.346 25.9621 1.82569
      vertex 218 25.9924 4.17431
      vertex 218.346 25.9621 4.17431
    endloop
  endfacet
  facet normal 0.0872384 0.996187 0
    outer loop
      vertex 218 25.9924 4.17431
      vertex 218.346 25.9621 1.82569
      vertex 218 25.9924 1.82569
    endloop
  endfacet
  facet normal 0 0.984827 0.173542
    outer loop
      vertex 218 25.9924 4.17431
      vertex 2 25.9319 4.51764
      vertex 218 25.9319 4.51764
    endloop
  endfacet
  facet normal 0 0.984827 0.173542
    outer loop
      vertex 2 25.9319 4.51764
      vertex 218 25.9924 4.17431
      vertex 2 25.9924 4.17431
    endloop
  endfacet
  facet normal 0.280446 0.197497 0.939332
    outer loop
      vertex 218.647 24.5433 5.81262
      vertex 218.448 24.2588 5.93185
      vertex 218.732 24.4226 5.81262
    endloop
  endfacet
  facet normal 0.69511 0.324868 0.641313
    outer loop
      vertex 219.419 24.8192 5.14715
      vertex 219.225 24.7071 5.41421
      vertex 219.54 24.5603 5.14715
    endloop
  endfacet
  facet normal 0.951286 0.254495 0.174029
    outer loop
      vertex 219.962 24.346 4.17431
      vertex 219.815 24.6607 4.51764
      vertex 219.902 24.3355 4.51764
    endloop
  endfacet
  facet normal 0.69727 0.695567 -0.173209
    outer loop
      vertex 219.526 25.2807 1.82569
      vertex 219.242 25.4799 1.48236
      vertex 219.281 25.5263 1.82569
    endloop
  endfacet
  facet normal 0.696685 0.696392 -0.172246
    outer loop
      vertex 219.242 25.4799 1.48236
      vertex 219.526 25.2807 1.82569
      vertex 219.48 25.2418 1.48236
    endloop
  endfacet
  facet normal -0.32426 0.695318 0.641396
    outer loop
      vertex 1.43967 25.5395 5.14715
      vertex 1.18085 25.4188 5.14715
      vertex 1.29289 25.2247 5.41421
    endloop
  endfacet
  facet normal -0.272282 0.583972 0.764747
    outer loop
      vertex 1.60765 25.078 5.6383
      vertex 1.29289 25.2247 5.41421
      vertex 1.42642 24.9935 5.6383
    endloop
  endfacet
  facet normal -0.366369 0.785615 0.498581
    outer loop
      vertex 1.38005 25.7033 4.84524
      vertex 1.18085 25.4188 5.14715
      vertex 1.43967 25.5395 5.14715
    endloop
  endfacet
  facet normal -0.0755829 0.863558 0.498553
    outer loop
      vertex 2 25.8126 4.84524
      vertex 1.71551 25.6134 5.14715
      vertex 2 25.6383 5.14715
    endloop
  endfacet
  facet normal -0.0820725 0.936464 -0.341026
    outer loop
      vertex 2 25.8126 1.15476
      vertex 1.66454 25.9025 1.48236
      vertex 2 25.9319 1.48236
    endloop
  endfacet
  facet normal -0.416192 0.892633 -0.173178
    outer loop
      vertex 1.03407 25.673 1.48236
      vertex 1.00381 25.7255 1.82569
      vertex 1.33927 25.8153 1.48236
    endloop
  endfacet
  facet normal -0.539347 0.769952 -0.340997
    outer loop
      vertex 0.834873 25.3885 1.15476
      vertex 0.75823 25.4799 1.48236
      vertex 1.09369 25.5698 1.15476
    endloop
  endfacet
  facet normal -0.32426 0.695319 -0.641395
    outer loop
      vertex 1.29289 25.2247 0.585787
      vertex 1.18085 25.4188 0.852848
      vertex 1.43967 25.5395 0.852848
    endloop
  endfacet
  facet normal -0.484345 0.129783 -0.865197
    outer loop
      vertex 1.16761 24.1468 0.187385
      vertex 0.870275 24.1992 0.361696
      vertex 1.20574 24.2891 0.187385
    endloop
  endfacet
  facet normal -0.981174 0.0858324 -0.173002
    outer loop
      vertex 0.0681486 24 1.48236
      vertex 0.0378799 24.346 1.82569
      vertex 0.0974979 24.3355 1.48236
    endloop
  endfacet
  facet normal 0.198712 0.741278 -0.641109
    outer loop
      vertex 218.484 25.3289 0.585787
      vertex 218.246 25.3927 0.585787
      vertex 218.56 25.5395 0.852848
    endloop
  endfacet
  facet normal 0.422176 0.906514 -0
    outer loop
      vertex 218.996 25.7255 1.82569
      vertex 218.681 25.8722 4.17431
      vertex 218.996 25.7255 4.17431
    endloop
  endfacet
  facet normal 0.422176 0.906514 0
    outer loop
      vertex 218.681 25.8722 4.17431
      vertex 218.996 25.7255 1.82569
      vertex 218.681 25.8722 1.82569
    endloop
  endfacet
  facet normal 0.353396 0.354896 -0.86554
    outer loop
      vertex 218.647 24.5433 0.187385
      vertex 218.737 24.8788 0.361696
      vertex 218.879 24.7374 0.361696
    endloop
  endfacet
  facet normal 0.354958 0.354277 -0.865155
    outer loop
      vertex 218.737 24.8788 0.361696
      vertex 218.647 24.5433 0.187385
      vertex 218.543 24.6475 0.187385
    endloop
  endfacet
  facet normal 0.369103 0.527663 -0.765071
    outer loop
      vertex 218.737 24.8788 0.361696
      vertex 218.707 25.2247 0.585787
      vertex 218.909 25.0834 0.585787
    endloop
  endfacet
  facet normal 0.862991 0.076759 0.499355
    outer loop
      vertex 219.785 24.3148 4.84524
      vertex 219.613 24.2845 5.14715
      vertex 219.813 24 4.84524
    endloop
  endfacet
  facet normal 0.936788 0.0833229 0.339832
    outer loop
      vertex 219.902 24.3355 4.51764
      vertex 219.785 24.3148 4.84524
      vertex 219.813 24 4.84524
    endloop
  endfacet
  facet normal 0.838053 0.225239 0.496926
    outer loop
      vertex 219.703 24.6199 4.84524
      vertex 219.54 24.5603 5.14715
      vertex 219.785 24.3148 4.84524
    endloop
  endfacet
  facet normal 0.0817692 0.936629 0.340646
    outer loop
      vertex 218.335 25.9025 4.51764
      vertex 218 25.8126 4.84524
      vertex 218.315 25.7851 4.84524
    endloop
  endfacet
  facet normal -0.369581 0.527788 -0.764755
    outer loop
      vertex 1.42642 24.9935 0.361696
      vertex 1.26262 24.8788 0.361696
      vertex 1.29289 25.2247 0.585787
    endloop
  endfacet
  facet normal 0.255301 0.951342 -0.172538
    outer loop
      vertex 218.661 25.8153 1.48236
      vertex 218.346 25.9621 1.82569
      vertex 218.681 25.8722 1.82569
    endloop
  endfacet
  facet normal 0.439987 0.628552 -0.641353
    outer loop
      vertex 219.053 25.255 0.852848
      vertex 218.707 25.2247 0.585787
      vertex 218.819 25.4188 0.852848
    endloop
  endfacet
  facet normal 0.985071 -0 0.17215
    outer loop
      vertex 219.932 6.45894 4.51764
      vertex 219.992 24 4.17431
      vertex 219.932 24 4.51764
    endloop
  endfacet
  facet normal 0.985072 -9.68904e-08 0.172145
    outer loop
      vertex 219.962 6.34597 4.34597
      vertex 219.992 24 4.17431
      vertex 219.932 6.45894 4.51764
    endloop
  endfacet
  facet normal 0.98507 0 0.172155
    outer loop
      vertex 219.992 24 4.17431
      vertex 219.962 6.34597 4.34597
      vertex 219.992 6 4.17431
    endloop
  endfacet
  facet normal 0.980817 0.0877034 -0.174089
    outer loop
      vertex 219.932 24 1.48236
      vertex 219.902 24.3355 1.48236
      vertex 219.962 24.346 1.82569
    endloop
  endfacet
  facet normal 0.641949 0.0548898 0.76478
    outer loop
      vertex 219.393 24.2456 5.41421
      vertex 219.13 24.1992 5.6383
      vertex 219.414 24 5.41421
    endloop
  endfacet
  facet normal 0.211205 0.454903 0.865133
    outer loop
      vertex 218.392 25.078 5.6383
      vertex 218.289 24.7943 5.81262
      vertex 218.574 24.9935 5.6383
    endloop
  endfacet
  facet normal -0.173634 0.0152002 0.984693
    outer loop
      vertex 1.49023 24.0899 5.93185
      vertex 1.48236 24 5.93185
      vertex 1.82834 24.0303 5.99239
    endloop
  endfacet
  facet normal -0.123278 0.123221 0.984692
    outer loop
      vertex 1.66727 24.3965 5.93185
      vertex 1.86647 24.112 5.99239
      vertex 1.88796 24.1335 5.99239
    endloop
  endfacet
  facet normal -0.123244 0.123244 0.984694
    outer loop
      vertex 1.86647 24.112 5.99239
      vertex 1.66727 24.3965 5.93185
      vertex 1.60347 24.3327 5.93185
    endloop
  endfacet
  facet normal 0.33155 0.0913572 0.939004
    outer loop
      vertex 218.832 24.1468 5.81262
      vertex 218.486 24.177 5.93185
      vertex 218.51 24.0899 5.93185
    endloop
  endfacet
  facet normal -0 0.499914 0.866075
    outer loop
      vertex 2 25.1472 5.6383
      vertex 218 24.8452 5.81262
      vertex 218 25.1472 5.6383
    endloop
  endfacet
  facet normal 0 0.499914 0.866075
    outer loop
      vertex 218 24.8452 5.81262
      vertex 2 25.1472 5.6383
      vertex 2 24.8452 5.81262
    endloop
  endfacet
  facet normal 0.0734287 0.158036 0.984699
    outer loop
      vertex 218.177 24.4864 5.93185
      vertex 218.087 24.151 5.99239
      vertex 218.259 24.4483 5.93185
    endloop
  endfacet
  facet normal -0.892638 0.416238 -0.173042
    outer loop
      vertex 0.326968 24.9659 1.48236
      vertex 0.184653 24.6607 1.48236
      vertex 0.274541 24.9962 1.82569
    endloop
  endfacet
  facet normal -0.852039 0.397306 -0.340848
    outer loop
      vertex 0.430229 24.9063 1.15476
      vertex 0.184653 24.6607 1.48236
      vertex 0.326968 24.9659 1.48236
    endloop
  endfacet
  facet normal -0.981174 0.0858346 -0.173005
    outer loop
      vertex 0.0681486 24 1.48236
      vertex 0.00761127 24 1.82569
      vertex 0.0378799 24.346 1.82569
    endloop
  endfacet
  facet normal -0.142578 0.100207 0.984698
    outer loop
      vertex 1.86647 24.112 5.99239
      vertex 1.60347 24.3327 5.93185
      vertex 1.84904 24.0872 5.99239
    endloop
  endfacet
  facet normal -0.695378 0.324282 0.641319
    outer loop
      vertex 0.775255 24.7071 5.41421
      vertex 0.460498 24.5603 5.14715
      vertex 0.671075 24.4837 5.41421
    endloop
  endfacet
  facet normal -0.83729 0.224386 0.498594
    outer loop
      vertex 0.460498 24.5603 5.14715
      vertex 0.214923 24.3148 4.84524
      vertex 0.386586 24.2845 5.14715
    endloop
  endfacet
  facet normal -0.324287 0.695318 0.641382
    outer loop
      vertex 1.43967 25.5395 5.14715
      vertex 1.29289 25.2247 5.41421
      vertex 1.51631 25.3289 5.41421
    endloop
  endfacet
  facet normal -0.542717 0.542437 0.641265
    outer loop
      vertex 0.946918 25.255 5.14715
      vertex 0.91665 24.909 5.41421
      vertex 1.09096 25.0834 5.41421
    endloop
  endfacet
  facet normal -0.542446 0.542529 0.641416
    outer loop
      vertex 0.91665 24.909 5.41421
      vertex 0.946918 25.255 5.14715
      vertex 0.744987 25.0531 5.14715
    endloop
  endfacet
  facet normal -0.369343 0.527824 0.764845
    outer loop
      vertex 1.29289 25.2247 5.41421
      vertex 1.09096 25.0834 5.41421
      vertex 1.26262 24.8788 5.6383
    endloop
  endfacet
  facet normal 0.0747491 0.157674 0.984658
    outer loop
      vertex 218.177 24.4864 5.93185
      vertex 218.06 24.1638 5.99239
      vertex 218.087 24.151 5.99239
    endloop
  endfacet
  facet normal -0.852046 0.397254 0.340892
    outer loop
      vertex 0.430229 24.9063 4.84524
      vertex 0.184653 24.6607 4.51764
      vertex 0.296699 24.6199 4.84524
    endloop
  endfacet
  facet normal -0.908059 0.243364 0.340884
    outer loop
      vertex 0.184653 24.6607 4.51764
      vertex 0.0974979 24.3355 4.51764
      vertex 0.296699 24.6199 4.84524
    endloop
  endfacet
  facet normal -0.951349 0.254966 0.172996
    outer loop
      vertex 0.184653 24.6607 4.51764
      vertex 0.0378799 24.346 4.17431
      vertex 0.0974979 24.3355 4.51764
    endloop
  endfacet
  facet normal -0.951349 0.254961 0.173
    outer loop
      vertex 0.127767 24.6814 4.17431
      vertex 0.0378799 24.346 4.17431
      vertex 0.184653 24.6607 4.51764
    endloop
  endfacet
  facet normal -0.642786 0 0.766046
    outer loop
      vertex 0.585787 24 5.41421
      vertex 0.852848 7.61976 5.6383
      vertex 0.852848 24 5.6383
    endloop
  endfacet
  facet normal -0.642768 5.01192e-07 0.766061
    outer loop
      vertex 0.852848 7.61976 5.6383
      vertex 0.585787 24 5.41421
      vertex 0.719317 7.52626 5.52626
    endloop
  endfacet
  facet normal -0.642805 0 0.76603
    outer loop
      vertex 0.719317 7.52626 5.52626
      vertex 0.585787 24 5.41421
      vertex 0.585787 7.39273 5.41421
    endloop
  endfacet
  facet normal -0.766043 0 0.642789
    outer loop
      vertex 0.361696 24 5.14715
      vertex 0.585787 7.39273 5.41421
      vertex 0.585787 24 5.41421
    endloop
  endfacet
  facet normal -0.766044 -4.55129e-08 0.642788
    outer loop
      vertex 0.361696 24 5.14715
      vertex 0.473742 7.28068 5.28068
      vertex 0.585787 7.39273 5.41421
    endloop
  endfacet
  facet normal -0.766042 0 0.642791
    outer loop
      vertex 0.473742 7.28068 5.28068
      vertex 0.361696 24 5.14715
      vertex 0.361696 7.12067 5.14715
    endloop
  endfacet
  facet normal -0.622256 0.166775 0.764842
    outer loop
      vertex 0.922029 24.3923 5.6383
      vertex 0.607272 24.2456 5.41421
      vertex 0.870275 24.1992 5.6383
    endloop
  endfacet
  facet normal -0.342003 0 0.939699
    outer loop
      vertex 1.15476 24 5.81262
      vertex 1.48236 7.91612 5.93185
      vertex 1.48236 24 5.93185
    endloop
  endfacet
  facet normal -0.342028 -5.81072e-07 0.93969
    outer loop
      vertex 1.48236 7.91612 5.93185
      vertex 1.15476 24 5.81262
      vertex 1.31856 7.87223 5.87223
    endloop
  endfacet
  facet normal -0.341978 0 0.939708
    outer loop
      vertex 1.31856 7.87223 5.87223
      vertex 1.15476 24 5.81262
      vertex 1.15476 7.79585 5.81262
    endloop
  endfacet
  facet normal 0.416438 0.892577 -0.172876
    outer loop
      vertex 218.966 25.673 1.48236
      vertex 218.661 25.8153 1.48236
      vertex 218.996 25.7255 1.82569
    endloop
  endfacet
  facet normal 0.0817692 0.936629 -0.340646
    outer loop
      vertex 218.315 25.7851 1.15476
      vertex 218 25.8126 1.15476
      vertex 218.335 25.9025 1.48236
    endloop
  endfacet
  facet normal 0.397622 0.851835 0.340989
    outer loop
      vertex 218.661 25.8153 4.51764
      vertex 218.62 25.7033 4.84524
      vertex 218.906 25.5698 4.84524
    endloop
  endfacet
  facet normal 0.786147 0.367415 0.496969
    outer loop
      vertex 219.703 24.6199 4.84524
      vertex 219.419 24.8192 5.14715
      vertex 219.54 24.5603 5.14715
    endloop
  endfacet
  facet normal 0.0753796 0.863439 0.498789
    outer loop
      vertex 218.315 25.7851 4.84524
      vertex 218 25.8126 4.84524
      vertex 218.284 25.6134 5.14715
    endloop
  endfacet
  facet normal 0.951216 0.255246 0.173311
    outer loop
      vertex 219.872 24.6814 4.17431
      vertex 219.815 24.6607 4.51764
      vertex 219.962 24.346 4.17431
    endloop
  endfacet
  facet normal 0.69727 0.695567 0.173209
    outer loop
      vertex 219.242 25.4799 4.51764
      vertex 219.526 25.2807 4.17431
      vertex 219.281 25.5263 4.17431
    endloop
  endfacet
  facet normal 0.696685 0.696392 0.172246
    outer loop
      vertex 219.526 25.2807 4.17431
      vertex 219.242 25.4799 4.51764
      vertex 219.48 25.2418 4.51764
    endloop
  endfacet
  facet normal 0.807189 0.564652 0.172087
    outer loop
      vertex 219.725 24.9962 4.17431
      vertex 219.48 25.2418 4.51764
      vertex 219.673 24.9659 4.51764
    endloop
  endfacet
  facet normal 0.908211 0.242972 0.34076
    outer loop
      vertex 219.815 24.6607 4.51764
      vertex 219.703 24.6199 4.84524
      vertex 219.902 24.3355 4.51764
    endloop
  endfacet
  facet normal -0.166747 0.622349 0.764773
    outer loop
      vertex 1.75443 25.3927 5.41421
      vertex 1.51631 25.3289 5.41421
      vertex 1.60765 25.078 5.6383
    endloop
  endfacet
  facet normal -0.198545 0.741091 0.641377
    outer loop
      vertex 1.71551 25.6134 5.14715
      vertex 1.43967 25.5395 5.14715
      vertex 1.75443 25.3927 5.41421
    endloop
  endfacet
  facet normal -0.224418 0.837288 0.498584
    outer loop
      vertex 1.68524 25.7851 4.84524
      vertex 1.38005 25.7033 4.84524
      vertex 1.43967 25.5395 5.14715
    endloop
  endfacet
  facet normal -0.0859904 0.981168 -0.172957
    outer loop
      vertex 1.66454 25.9025 1.48236
      vertex 1.65403 25.9621 1.82569
      vertex 2 25.9319 1.48236
    endloop
  endfacet
  facet normal -0.416079 0.892711 0.173047
    outer loop
      vertex 1.31856 25.8722 4.17431
      vertex 1.00381 25.7255 4.17431
      vertex 1.33927 25.8153 4.51764
    endloop
  endfacet
  facet normal -0.243444 0.908085 0.34076
    outer loop
      vertex 1.66454 25.9025 4.51764
      vertex 1.33927 25.8153 4.51764
      vertex 1.38005 25.7033 4.84524
    endloop
  endfacet
  facet normal -0.573568 0.819158 0
    outer loop
      vertex 1.00381 25.7255 1.82569
      vertex 0.719317 25.5263 4.17431
      vertex 1.00381 25.7255 4.17431
    endloop
  endfacet
  facet normal -0.573568 0.819158 0
    outer loop
      vertex 0.719317 25.5263 4.17431
      vertex 1.00381 25.7255 1.82569
      vertex 0.719317 25.5263 1.82569
    endloop
  endfacet
  facet normal -0.324287 0.695319 -0.64138
    outer loop
      vertex 1.51631 25.3289 0.585787
      vertex 1.29289 25.2247 0.585787
      vertex 1.43967 25.5395 0.852848
    endloop
  endfacet
  facet normal -0.416079 0.892711 -0.173047
    outer loop
      vertex 1.33927 25.8153 1.48236
      vertex 1.00381 25.7255 1.82569
      vertex 1.31856 25.8722 1.82569
    endloop
  endfacet
  facet normal 0 0.939634 -0.342181
    outer loop
      vertex 218 25.8126 1.15476
      vertex 2 25.9319 1.48236
      vertex 218 25.9319 1.48236
    endloop
  endfacet
  facet normal 0 0.939634 -0.342181
    outer loop
      vertex 2 25.9319 1.48236
      vertex 218 25.8126 1.15476
      vertex 2 25.8126 1.15476
    endloop
  endfacet
  facet normal 0.499914 0 0.866075
    outer loop
      vertex 219.147 24 5.6383
      vertex 218.996 7.72546 5.72546
      vertex 219.147 7.61976 5.6383
    endloop
  endfacet
  facet normal 0.499914 -0 0.866075
    outer loop
      vertex 218.845 7.79585 5.81262
      vertex 219.147 24 5.6383
      vertex 218.845 24 5.81262
    endloop
  endfacet
  facet normal 0.499914 8.69268e-16 0.866075
    outer loop
      vertex 219.147 24 5.6383
      vertex 218.845 7.79585 5.81262
      vertex 218.996 7.72546 5.72546
    endloop
  endfacet
  facet normal 0.196946 0.281352 0.939177
    outer loop
      vertex 218.543 24.6475 5.81262
      vertex 218.259 24.4483 5.93185
      vertex 218.333 24.3965 5.93185
    endloop
  endfacet
  facet normal -0.612948 0.612994 -0.498531
    outer loop
      vertex 0.946918 25.255 0.852848
      vertex 0.611456 25.1651 1.15476
      vertex 0.834873 25.3885 1.15476
    endloop
  endfacet
  facet normal -0.612934 0.613028 -0.498506
    outer loop
      vertex 0.611456 25.1651 1.15476
      vertex 0.946918 25.255 0.852848
      vertex 0.744987 25.0531 0.852848
    endloop
  endfacet
  facet normal -0.770051 0.539235 -0.340952
    outer loop
      vertex 0.611456 25.1651 1.15476
      vertex 0.430229 24.9063 1.15476
      vertex 0.520116 25.2418 1.48236
    endloop
  endfacet
  facet normal -0.0755831 0.863559 -0.498551
    outer loop
      vertex 2 25.6383 0.852848
      vertex 1.71551 25.6134 0.852848
      vertex 2 25.8126 1.15476
    endloop
  endfacet
  facet normal -0.0668959 0.764306 -0.641374
    outer loop
      vertex 1.75443 25.3927 0.585787
      vertex 1.71551 25.6134 0.852848
      vertex 2 25.6383 0.852848
    endloop
  endfacet
  facet normal 0 0.499895 -0.866086
    outer loop
      vertex 2 24.8452 0.187385
      vertex 218 25.1472 0.361696
      vertex 218 24.8452 0.187385
    endloop
  endfacet
  facet normal 0 0.499895 -0.866086
    outer loop
      vertex 218 25.1472 0.361696
      vertex 2 24.8452 0.187385
      vertex 2 25.1472 0.361696
    endloop
  endfacet
  facet normal -0.369344 0.527825 -0.764844
    outer loop
      vertex 1.26262 24.8788 0.361696
      vertex 1.09096 25.0834 0.585787
      vertex 1.29289 25.2247 0.585787
    endloop
  endfacet
  facet normal -0.211899 0.454466 -0.865193
    outer loop
      vertex 1.71091 24.7943 0.187385
      vertex 1.42642 24.9935 0.361696
      vertex 1.60765 25.078 0.361696
    endloop
  endfacet
  facet normal -0.410734 0.287589 -0.865211
    outer loop
      vertex 1.35251 24.5433 0.187385
      vertex 1.00654 24.5736 0.361696
      vertex 1.12123 24.7374 0.361696
    endloop
  endfacet
  facet normal 0.695086 0.323585 -0.641987
    outer loop
      vertex 219.329 24.4837 0.585787
      vertex 219.225 24.7071 0.585787
      vertex 219.54 24.5603 0.852848
    endloop
  endfacet
  facet normal 0.951216 0.255246 -0.173311
    outer loop
      vertex 219.962 24.346 1.82569
      vertex 219.815 24.6607 1.48236
      vertex 219.872 24.6814 1.82569
    endloop
  endfacet
  facet normal 0.224516 0.837133 -0.498799
    outer loop
      vertex 218.56 25.5395 0.852848
      vertex 218.315 25.7851 1.15476
      vertex 218.62 25.7033 1.15476
    endloop
  endfacet
  facet normal 0 0.17366 -0.984806
    outer loop
      vertex 2 24.1743 0.00761127
      vertex 218 24.5176 0.0681486
      vertex 218 24.1743 0.00761127
    endloop
  endfacet
  facet normal 0 0.17366 -0.984806
    outer loop
      vertex 218 24.5176 0.0681486
      vertex 2 24.1743 0.00761127
      vertex 2 24.5176 0.0681486
    endloop
  endfacet
  facet normal 0.324959 0.695451 -0.640898
    outer loop
      vertex 218.707 25.2247 0.585787
      vertex 218.484 25.3289 0.585787
      vertex 218.56 25.5395 0.852848
    endloop
  endfacet
  facet normal -0.123273 0.123215 -0.984694
    outer loop
      vertex 1.86647 24.112 0.00761127
      vertex 1.66727 24.3965 0.0681486
      vertex 1.88796 24.1335 0.00761127
    endloop
  endfacet
  facet normal -0.123239 0.123239 -0.984695
    outer loop
      vertex 1.66727 24.3965 0.0681486
      vertex 1.86647 24.112 0.00761127
      vertex 1.60347 24.3327 0.0681486
    endloop
  endfacet
  facet normal 0.211197 0.454885 -0.865145
    outer loop
      vertex 218.574 24.9935 0.361696
      vertex 218.289 24.7943 0.187385
      vertex 218.392 25.078 0.361696
    endloop
  endfacet
  facet normal 0.366663 0.785511 -0.498529
    outer loop
      vertex 218.819 25.4188 0.852848
      vertex 218.62 25.7033 1.15476
      vertex 218.906 25.5698 1.15476
    endloop
  endfacet
  facet normal 0.342364 0.0303183 0.939078
    outer loop
      vertex 218.832 24.1468 5.81262
      vertex 218.51 24.0899 5.93185
      vertex 218.845 24 5.81262
    endloop
  endfacet
  facet normal 0.740384 0.199011 0.642048
    outer loop
      vertex 219.54 24.5603 5.14715
      vertex 219.329 24.4837 5.41421
      vertex 219.393 24.2456 5.41421
    endloop
  endfacet
  facet normal 0.742538 0.196538 0.64032
    outer loop
      vertex 219.54 24.5603 5.14715
      vertex 219.393 24.2456 5.41421
      vertex 219.613 24.2845 5.14715
    endloop
  endfacet
  facet normal 0.0296287 0.341869 -0.93928
    outer loop
      vertex 218.09 24.5098 0.0681486
      vertex 218 24.5176 0.0681486
      vertex 218 24.8452 0.187385
    endloop
  endfacet
  facet normal 0.0821845 0.936456 -0.341023
    outer loop
      vertex 218.335 25.9025 1.48236
      vertex 218 25.8126 1.15476
      vertex 218 25.9319 1.48236
    endloop
  endfacet
  facet normal 0.25449 0.951418 -0.173314
    outer loop
      vertex 218.661 25.8153 1.48236
      vertex 218.335 25.9025 1.48236
      vertex 218.346 25.9621 1.82569
    endloop
  endfacet
  facet normal 0.695111 0.324869 -0.641312
    outer loop
      vertex 219.54 24.5603 0.852848
      vertex 219.225 24.7071 0.585787
      vertex 219.419 24.8192 0.852848
    endloop
  endfacet
  facet normal 0.908211 0.242972 -0.34076
    outer loop
      vertex 219.902 24.3355 1.48236
      vertex 219.703 24.6199 1.15476
      vertex 219.815 24.6607 1.48236
    endloop
  endfacet
  facet normal 0.939911 -0 0.341421
    outer loop
      vertex 219.813 6.80929 4.84524
      vertex 219.932 24 4.51764
      vertex 219.813 24 4.84524
    endloop
  endfacet
  facet normal 0.940815 -5.3926e-05 0.338919
    outer loop
      vertex 219.872 6.68144 4.68144
      vertex 219.932 24 4.51764
      vertex 219.813 6.80929 4.84524
    endloop
  endfacet
  facet normal 0.938987 0 0.343951
    outer loop
      vertex 219.932 24 4.51764
      vertex 219.872 6.68144 4.68144
      vertex 219.932 6.45894 4.51764
    endloop
  endfacet
  facet normal 0.862676 0.0758063 0.500044
    outer loop
      vertex 219.813 24 4.84524
      vertex 219.613 24.2845 5.14715
      vertex 219.638 24 5.14715
    endloop
  endfacet
  facet normal 0.173325 0 0.984865
    outer loop
      vertex 218.518 24 5.93185
      vertex 218.346 7.96212 5.96212
      vertex 218.518 7.91612 5.93185
    endloop
  endfacet
  facet normal 0.173325 -0 0.984865
    outer loop
      vertex 218.174 7.97714 5.99239
      vertex 218.518 24 5.93185
      vertex 218.174 24 5.99239
    endloop
  endfacet
  facet normal 0.173325 -5.44512e-17 0.984865
    outer loop
      vertex 218.518 24 5.93185
      vertex 218.174 7.97714 5.99239
      vertex 218.346 7.96212 5.96212
    endloop
  endfacet
  facet normal 0.695085 0.323585 0.641989
    outer loop
      vertex 219.54 24.5603 5.14715
      vertex 219.225 24.7071 5.41421
      vertex 219.329 24.4837 5.41421
    endloop
  endfacet
  facet normal -0.158027 0.0735167 0.984694
    outer loop
      vertex 1.84904 24.0872 5.99239
      vertex 1.51358 24.177 5.93185
      vertex 1.8362 24.0596 5.99239
    endloop
  endfacet
  facet normal -0.0734595 0.158053 0.984694
    outer loop
      vertex 1.94038 24.1638 5.99239
      vertex 1.82296 24.4864 5.93185
      vertex 1.91284 24.151 5.99239
    endloop
  endfacet
  facet normal 0.129995 0.484497 0.86508
    outer loop
      vertex 218.199 25.1297 5.6383
      vertex 218.147 24.8324 5.81262
      vertex 218.289 24.7943 5.81262
    endloop
  endfacet
  facet normal -0.354601 0.354533 0.865196
    outer loop
      vertex 1.26262 24.8788 5.6383
      vertex 1.35251 24.5433 5.81262
      vertex 1.45669 24.6475 5.81262
    endloop
  endfacet
  facet normal -0.35457 0.354545 0.865204
    outer loop
      vertex 1.35251 24.5433 5.81262
      vertex 1.26262 24.8788 5.6383
      vertex 1.12123 24.7374 5.6383
    endloop
  endfacet
  facet normal -0.951349 0.254966 -0.172996
    outer loop
      vertex 0.0974979 24.3355 1.48236
      vertex 0.0378799 24.346 1.82569
      vertex 0.184653 24.6607 1.48236
    endloop
  endfacet
  facet normal -0.936534 0.0819273 -0.34087
    outer loop
      vertex 0.187385 24 1.15476
      vertex 0.0681486 24 1.48236
      vertex 0.0974979 24.3355 1.48236
    endloop
  endfacet
  facet normal -0.497217 0.710104 0.498525
    outer loop
      vertex 1.18085 25.4188 5.14715
      vertex 0.834873 25.3885 4.84524
      vertex 0.946918 25.255 5.14715
    endloop
  endfacet
  facet normal -0.696474 0.696403 0.173055
    outer loop
      vertex 0.473742 25.2807 4.17431
      vertex 0.75823 25.4799 4.51764
      vertex 0.719317 25.5263 4.17431
    endloop
  endfacet
  facet normal -0.696427 0.696468 0.172979
    outer loop
      vertex 0.75823 25.4799 4.51764
      vertex 0.473742 25.2807 4.17431
      vertex 0.520116 25.2418 4.51764
    endloop
  endfacet
  facet normal 0.283176 0.195426 0.938946
    outer loop
      vertex 218.647 24.5433 5.81262
      vertex 218.397 24.3327 5.93185
      vertex 218.448 24.2588 5.93185
    endloop
  endfacet
  facet normal -0.168345 0.0451602 0.984693
    outer loop
      vertex 1.8362 24.0596 5.99239
      vertex 1.51358 24.177 5.93185
      vertex 1.82834 24.0303 5.99239
    endloop
  endfacet
  facet normal -0.939693 0 0.34202
    outer loop
      vertex 0.0681486 24 4.51764
      vertex 0.187385 6.80929 4.84524
      vertex 0.187385 24 4.84524
    endloop
  endfacet
  facet normal -0.939693 -2.15447e-08 0.342019
    outer loop
      vertex 0.0681486 24 4.51764
      vertex 0.127767 6.68144 4.68144
      vertex 0.187385 6.80929 4.84524
    endloop
  endfacet
  facet normal -0.939692 0 0.342021
    outer loop
      vertex 0.127767 6.68144 4.68144
      vertex 0.0681486 24 4.51764
      vertex 0.0681486 6.45894 4.51764
    endloop
  endfacet
  facet normal -0.583919 0.272188 0.764822
    outer loop
      vertex 1.00654 24.5736 5.6383
      vertex 0.775255 24.7071 5.41421
      vertex 0.922029 24.3923 5.6383
    endloop
  endfacet
  facet normal -0.628431 0.44009 0.641401
    outer loop
      vertex 0.744987 25.0531 5.14715
      vertex 0.581187 24.8192 5.14715
      vertex 0.775255 24.7071 5.41421
    endloop
  endfacet
  facet normal -0.62842 0.440096 0.641408
    outer loop
      vertex 0.91665 24.909 5.41421
      vertex 0.744987 25.0531 5.14715
      vertex 0.775255 24.7071 5.41421
    endloop
  endfacet
  facet normal -0.440055 0.628468 0.641389
    outer loop
      vertex 1.18085 25.4188 5.14715
      vertex 0.946918 25.255 5.14715
      vertex 1.29289 25.2247 5.41421
    endloop
  endfacet
  facet normal -0.455541 0.455508 0.76485
    outer loop
      vertex 1.09096 25.0834 5.41421
      vertex 1.12123 24.7374 5.6383
      vertex 1.26262 24.8788 5.6383
    endloop
  endfacet
  facet normal -0.455692 0.455457 0.76479
    outer loop
      vertex 1.12123 24.7374 5.6383
      vertex 1.09096 25.0834 5.41421
      vertex 0.91665 24.909 5.41421
    endloop
  endfacet
  facet normal -0.454519 0.211869 0.865173
    outer loop
      vertex 1.00654 24.5736 5.6383
      vertex 0.922029 24.3923 5.6383
      vertex 1.20574 24.2891 5.81262
    endloop
  endfacet
  facet normal -0.287617 0.410738 0.8652
    outer loop
      vertex 1.42642 24.9935 5.6383
      vertex 1.26262 24.8788 5.6383
      vertex 1.45669 24.6475 5.81262
    endloop
  endfacet
  facet normal -0.892638 0.416238 0.173042
    outer loop
      vertex 0.274541 24.9962 4.17431
      vertex 0.184653 24.6607 4.51764
      vertex 0.326968 24.9659 4.51764
    endloop
  endfacet
  facet normal -0.852039 0.397306 0.340848
    outer loop
      vertex 0.326968 24.9659 4.51764
      vertex 0.184653 24.6607 4.51764
      vertex 0.430229 24.9063 4.84524
    endloop
  endfacet
  facet normal -0.906329 0.422572 0
    outer loop
      vertex 0.127767 24.6814 1.82569
      vertex 0.274541 24.9962 4.17431
      vertex 0.274541 24.9962 1.82569
    endloop
  endfacet
  facet normal -0.906329 0.422572 0
    outer loop
      vertex 0.274541 24.9962 4.17431
      vertex 0.127767 24.6814 1.82569
      vertex 0.127767 24.6814 4.17431
    endloop
  endfacet
  facet normal -0.785679 0.366253 0.498566
    outer loop
      vertex 0.581187 24.8192 5.14715
      vertex 0.296699 24.6199 4.84524
      vertex 0.460498 24.5603 5.14715
    endloop
  endfacet
  facet normal -0.785677 0.366311 0.498526
    outer loop
      vertex 0.430229 24.9063 4.84524
      vertex 0.296699 24.6199 4.84524
      vertex 0.581187 24.8192 5.14715
    endloop
  endfacet
  facet normal -0.866021 0 0.500007
    outer loop
      vertex 0.187385 24 4.84524
      vertex 0.361696 7.12067 5.14715
      vertex 0.361696 24 5.14715
    endloop
  endfacet
  facet normal -0.86603 -3.42472e-07 0.499992
    outer loop
      vertex 0.187385 24 4.84524
      vertex 0.274541 6.99619 4.99619
      vertex 0.361696 7.12067 5.14715
    endloop
  endfacet
  facet normal -0.866013 0 0.500021
    outer loop
      vertex 0.274541 6.99619 4.99619
      vertex 0.187385 24 4.84524
      vertex 0.187385 6.80929 4.84524
    endloop
  endfacet
  facet normal -0.281102 0.196818 0.939279
    outer loop
      vertex 1.35251 24.5433 5.81262
      vertex 1.268 24.4226 5.81262
      vertex 1.55171 24.2588 5.93185
    endloop
  endfacet
  facet normal -0.52774 0.369515 0.76482
    outer loop
      vertex 1.12123 24.7374 5.6383
      vertex 0.775255 24.7071 5.41421
      vertex 1.00654 24.5736 5.6383
    endloop
  endfacet
  facet normal -0.984808 0 0.173645
    outer loop
      vertex 0.00761127 24 4.17431
      vertex 0.0681486 6.45894 4.51764
      vertex 0.0681486 24 4.51764
    endloop
  endfacet
  facet normal -0.984809 -9.38521e-08 0.173641
    outer loop
      vertex 0.00761127 24 4.17431
      vertex 0.0378799 6.34597 4.34597
      vertex 0.0681486 6.45894 4.51764
    endloop
  endfacet
  facet normal -0.984807 0 0.17365
    outer loop
      vertex 0.0378799 6.34597 4.34597
      vertex 0.00761127 24 4.17431
      vertex 0.00761127 6 4.17431
    endloop
  endfacet
  facet normal 0.0861058 0.981137 0.173078
    outer loop
      vertex 218.346 25.9621 4.17431
      vertex 218 25.9319 4.51764
      vertex 218.335 25.9025 4.51764
    endloop
  endfacet
  facet normal 0.0821845 0.936456 0.341023
    outer loop
      vertex 218 25.9319 4.51764
      vertex 218 25.8126 4.84524
      vertex 218.335 25.9025 4.51764
    endloop
  endfacet
  facet normal 0.0861058 0.981137 -0.173078
    outer loop
      vertex 218.335 25.9025 1.48236
      vertex 218 25.9319 1.48236
      vertex 218.346 25.9621 1.82569
    endloop
  endfacet
  facet normal 0.0859245 0.981184 -0.1729
    outer loop
      vertex 218.346 25.9621 1.82569
      vertex 218 25.9319 1.48236
      vertex 218 25.9924 1.82569
    endloop
  endfacet
  facet normal 0.611884 0.613528 0.499181
    outer loop
      vertex 219.165 25.3885 4.84524
      vertex 219.255 25.0531 5.14715
      vertex 219.389 25.1651 4.84524
    endloop
  endfacet
  facet normal 0.612843 0.613147 0.498472
    outer loop
      vertex 219.255 25.0531 5.14715
      vertex 219.165 25.3885 4.84524
      vertex 219.053 25.255 5.14715
    endloop
  endfacet
  facet normal 0.838054 0.225239 -0.496923
    outer loop
      vertex 219.785 24.3148 1.15476
      vertex 219.54 24.5603 0.852848
      vertex 219.703 24.6199 1.15476
    endloop
  endfacet
  facet normal 0.53884 0.77017 0.341306
    outer loop
      vertex 218.966 25.673 4.51764
      vertex 218.906 25.5698 4.84524
      vertex 219.242 25.4799 4.51764
    endloop
  endfacet
  facet normal 0.564226 0.807251 0.17319
    outer loop
      vertex 219.281 25.5263 4.17431
      vertex 218.996 25.7255 4.17431
      vertex 219.242 25.4799 4.51764
    endloop
  endfacet
  facet normal 0.271491 0.584749 0.764435
    outer loop
      vertex 218.707 25.2247 5.41421
      vertex 218.392 25.078 5.6383
      vertex 218.574 24.9935 5.6383
    endloop
  endfacet
  facet normal 0.288548 0.410055 0.865214
    outer loop
      vertex 218.574 24.9935 5.6383
      vertex 218.543 24.6475 5.81262
      vertex 218.737 24.8788 5.6383
    endloop
  endfacet
  facet normal 0.166636 0.622065 0.765028
    outer loop
      vertex 218.246 25.3927 5.41421
      vertex 218.199 25.1297 5.6383
      vertex 218.392 25.078 5.6383
    endloop
  endfacet
  facet normal 0.366663 0.785509 0.498531
    outer loop
      vertex 218.906 25.5698 4.84524
      vertex 218.62 25.7033 4.84524
      vertex 218.819 25.4188 5.14715
    endloop
  endfacet
  facet normal 0 0.76603 0.642805
    outer loop
      vertex 218 25.6383 5.14715
      vertex 2 25.4142 5.41421
      vertex 218 25.4142 5.41421
    endloop
  endfacet
  facet normal 0 0.76603 0.642805
    outer loop
      vertex 2 25.4142 5.41421
      vertex 218 25.6383 5.14715
      vertex 2 25.6383 5.14715
    endloop
  endfacet
  facet normal 0.892374 0.416706 0.173277
    outer loop
      vertex 219.872 24.6814 4.17431
      vertex 219.725 24.9962 4.17431
      vertex 219.815 24.6607 4.51764
    endloop
  endfacet
  facet normal 0.819435 0.573172 0
    outer loop
      vertex 219.725 24.9962 4.17431
      vertex 219.526 25.2807 1.82569
      vertex 219.526 25.2807 4.17431
    endloop
  endfacet
  facet normal 0.819435 0.573172 0
    outer loop
      vertex 219.526 25.2807 1.82569
      vertex 219.725 24.9962 4.17431
      vertex 219.725 24.9962 1.82569
    endloop
  endfacet
  facet normal -0.255039 0.951337 0.172954
    outer loop
      vertex 1.65403 25.9621 4.17431
      vertex 1.33927 25.8153 4.51764
      vertex 1.66454 25.9025 4.51764
    endloop
  endfacet
  facet normal -0.0668958 0.764305 0.641375
    outer loop
      vertex 2 25.6383 5.14715
      vertex 1.71551 25.6134 5.14715
      vertex 1.75443 25.3927 5.41421
    endloop
  endfacet
  facet normal -0.539347 0.769952 0.340997
    outer loop
      vertex 1.09369 25.5698 4.84524
      vertex 0.75823 25.4799 4.51764
      vertex 0.834873 25.3885 4.84524
    endloop
  endfacet
  facet normal -0.397246 0.8521 0.340766
    outer loop
      vertex 1.33927 25.8153 4.51764
      vertex 1.09369 25.5698 4.84524
      vertex 1.38005 25.7033 4.84524
    endloop
  endfacet
  facet normal -0.0859904 0.981168 0.172957
    outer loop
      vertex 2 25.9319 4.51764
      vertex 1.65403 25.9621 4.17431
      vertex 1.66454 25.9025 4.51764
    endloop
  endfacet
  facet normal -0.39729 0.852094 -0.340728
    outer loop
      vertex 1.09369 25.5698 1.15476
      vertex 1.03407 25.673 1.48236
      vertex 1.33927 25.8153 1.48236
    endloop
  endfacet
  facet normal -0.254944 0.951346 -0.173045
    outer loop
      vertex 1.33927 25.8153 1.48236
      vertex 1.31856 25.8722 1.82569
      vertex 1.65403 25.9621 1.82569
    endloop
  endfacet
  facet normal -0.255039 0.951337 -0.172954
    outer loop
      vertex 1.66454 25.9025 1.48236
      vertex 1.33927 25.8153 1.48236
      vertex 1.65403 25.9621 1.82569
    endloop
  endfacet
  facet normal -0.539166 0.770189 -0.340747
    outer loop
      vertex 1.09369 25.5698 1.15476
      vertex 0.75823 25.4799 1.48236
      vertex 1.03407 25.673 1.48236
    endloop
  endfacet
  facet normal -0.564914 0.806797 -0.173063
    outer loop
      vertex 0.75823 25.4799 1.48236
      vertex 0.719317 25.5263 1.82569
      vertex 1.00381 25.7255 1.82569
    endloop
  endfacet
  facet normal 0.34161 0 0.939842
    outer loop
      vertex 218.845 24 5.81262
      vertex 218.681 7.87223 5.87223
      vertex 218.845 7.79585 5.81262
    endloop
  endfacet
  facet normal 0.342557 -0 0.939497
    outer loop
      vertex 218.518 7.91612 5.93185
      vertex 218.845 24 5.81262
      vertex 218.518 24 5.93185
    endloop
  endfacet
  facet normal 0.343504 -2.18219e-05 0.939151
    outer loop
      vertex 218.845 24 5.81262
      vertex 218.518 7.91612 5.93185
      vertex 218.681 7.87223 5.87223
    endloop
  endfacet
  facet normal -0.43993 0.628698 -0.64125
    outer loop
      vertex 1.09096 25.0834 0.585787
      vertex 0.946918 25.255 0.852848
      vertex 1.29289 25.2247 0.585787
    endloop
  endfacet
  facet normal -0.710073 0.497263 -0.498524
    outer loop
      vertex 0.744987 25.0531 0.852848
      vertex 0.581187 24.8192 0.852848
      vertex 0.611456 25.1651 1.15476
    endloop
  endfacet
  facet normal -0.0435689 0.499579 -0.865172
    outer loop
      vertex 1.85323 24.8324 0.187385
      vertex 1.8008 25.1297 0.361696
      vertex 2 24.8452 0.187385
    endloop
  endfacet
  facet normal -0.0669168 0.764314 -0.641362
    outer loop
      vertex 2 25.4142 0.585787
      vertex 1.75443 25.3927 0.585787
      vertex 2 25.6383 0.852848
    endloop
  endfacet
  facet normal -0.198545 0.741092 -0.641375
    outer loop
      vertex 1.75443 25.3927 0.585787
      vertex 1.43967 25.5395 0.852848
      vertex 1.71551 25.6134 0.852848
    endloop
  endfacet
  facet normal -0.0754435 0.863513 -0.498652
    outer loop
      vertex 1.71551 25.6134 0.852848
      vertex 1.68524 25.7851 1.15476
      vertex 2 25.8126 1.15476
    endloop
  endfacet
  facet normal -0.527741 0.369516 -0.764819
    outer loop
      vertex 1.00654 24.5736 0.361696
      vertex 0.775255 24.7071 0.585787
      vertex 1.12123 24.7374 0.361696
    endloop
  endfacet
  facet normal 0.0439182 0.499413 -0.86525
    outer loop
      vertex 218.199 25.1297 0.361696
      vertex 218 24.8452 0.187385
      vertex 218 25.1472 0.361696
    endloop
  endfacet
  facet normal -0.497218 0.710105 -0.498522
    outer loop
      vertex 0.946918 25.255 0.852848
      vertex 0.834873 25.3885 1.15476
      vertex 1.18085 25.4188 0.852848
    endloop
  endfacet
  facet normal -0.497315 0.709948 -0.498649
    outer loop
      vertex 1.18085 25.4188 0.852848
      vertex 0.834873 25.3885 1.15476
      vertex 1.09369 25.5698 1.15476
    endloop
  endfacet
  facet normal -0.542718 0.542438 -0.641263
    outer loop
      vertex 0.91665 24.909 0.585787
      vertex 0.946918 25.255 0.852848
      vertex 1.09096 25.0834 0.585787
    endloop
  endfacet
  facet normal -0.542447 0.54253 -0.641414
    outer loop
      vertex 0.946918 25.255 0.852848
      vertex 0.91665 24.909 0.585787
      vertex 0.744987 25.0531 0.852848
    endloop
  endfacet
  facet normal -0.0736113 0.158004 -0.984691
    outer loop
      vertex 1.91284 24.151 0.00761127
      vertex 1.74118 24.4483 0.0681486
      vertex 1.82296 24.4864 0.0681486
    endloop
  endfacet
  facet normal -0.287606 0.410722 -0.865211
    outer loop
      vertex 1.45669 24.6475 0.187385
      vertex 1.26262 24.8788 0.361696
      vertex 1.42642 24.9935 0.361696
    endloop
  endfacet
  facet normal -0.499514 0.0437245 -0.865202
    outer loop
      vertex 1.15476 24 0.187385
      vertex 0.870275 24.1992 0.361696
      vertex 1.16761 24.1468 0.187385
    endloop
  endfacet
  facet normal -0.863548 0.0755491 -0.498575
    outer loop
      vertex 0.361696 24 0.852848
      vertex 0.187385 24 1.15476
      vertex 0.386586 24.2845 0.852848
    endloop
  endfacet
  facet normal -0.785678 0.366312 -0.498523
    outer loop
      vertex 0.581187 24.8192 0.852848
      vertex 0.296699 24.6199 1.15476
      vertex 0.430229 24.9063 1.15476
    endloop
  endfacet
  facet normal -0.641774 0.0561456 -0.764836
    outer loop
      vertex 0.852848 24 0.361696
      vertex 0.585787 24 0.585787
      vertex 0.870275 24.1992 0.361696
    endloop
  endfacet
  facet normal 0.143492 0.099027 -0.984685
    outer loop
      vertex 218.448 24.2588 0.0681486
      vertex 218.151 24.0872 0.00761127
      vertex 218.397 24.3327 0.0681486
    endloop
  endfacet
  facet normal -0.168338 0.0451582 -0.984694
    outer loop
      vertex 1.82834 24.0303 0.00761127
      vertex 1.51358 24.177 0.0681486
      vertex 1.8362 24.0596 0.00761127
    endloop
  endfacet
  facet normal 0.243578 0.908207 -0.340339
    outer loop
      vertex 218.62 25.7033 1.15476
      vertex 218.315 25.7851 1.15476
      vertex 218.335 25.9025 1.48236
    endloop
  endfacet
  facet normal 0.242923 0.908175 -0.34089
    outer loop
      vertex 218.62 25.7033 1.15476
      vertex 218.335 25.9025 1.48236
      vertex 218.661 25.8153 1.48236
    endloop
  endfacet
  facet normal 0.951286 0.254495 -0.174029
    outer loop
      vertex 219.902 24.3355 1.48236
      vertex 219.815 24.6607 1.48236
      vertex 219.962 24.346 1.82569
    endloop
  endfacet
  facet normal 0.498614 0.0441552 -0.865699
    outer loop
      vertex 218.845 24 0.187385
      vertex 218.832 24.1468 0.187385
      vertex 219.13 24.1992 0.361696
    endloop
  endfacet
  facet normal 0.324088 0.695433 -0.641357
    outer loop
      vertex 218.707 25.2247 0.585787
      vertex 218.56 25.5395 0.852848
      vertex 218.819 25.4188 0.852848
    endloop
  endfacet
  facet normal 0.366074 0.785528 -0.498934
    outer loop
      vertex 218.819 25.4188 0.852848
      vertex 218.56 25.5395 0.852848
      vertex 218.62 25.7033 1.15476
    endloop
  endfacet
  facet normal 0.764534 0.0653714 -0.64126
    outer loop
      vertex 219.414 24 0.585787
      vertex 219.393 24.2456 0.585787
      vertex 219.638 24 0.852848
    endloop
  endfacet
  facet normal 0.166762 0.622091 -0.764979
    outer loop
      vertex 218.392 25.078 0.361696
      vertex 218.246 25.3927 0.585787
      vertex 218.484 25.3289 0.585787
    endloop
  endfacet
  facet normal 0.371088 0.527352 -0.764326
    outer loop
      vertex 218.737 24.8788 0.361696
      vertex 218.574 24.9935 0.361696
      vertex 218.707 25.2247 0.585787
    endloop
  endfacet
  facet normal 0.056444 0.641849 -0.764751
    outer loop
      vertex 218.199 25.1297 0.361696
      vertex 218 25.1472 0.361696
      vertex 218 25.4142 0.585787
    endloop
  endfacet
  facet normal 0.0560844 0.64171 -0.764894
    outer loop
      vertex 218.199 25.1297 0.361696
      vertex 218 25.4142 0.585787
      vertex 218.246 25.3927 0.585787
    endloop
  endfacet
  facet normal 0.243309 0.242842 -0.939057
    outer loop
      vertex 218.397 24.3327 0.0681486
      vertex 218.543 24.6475 0.187385
      vertex 218.647 24.5433 0.187385
    endloop
  endfacet
  facet normal 0.242497 0.243257 -0.93916
    outer loop
      vertex 218.543 24.6475 0.187385
      vertex 218.397 24.3327 0.0681486
      vertex 218.333 24.3965 0.0681486
    endloop
  endfacet
  facet normal 0.144652 0.31113 -0.939294
    outer loop
      vertex 218.423 24.732 0.187385
      vertex 218.177 24.4864 0.0681486
      vertex 218.289 24.7943 0.187385
    endloop
  endfacet
  facet normal 0.865165 -0 0.501487
    outer loop
      vertex 219.638 7.12067 5.14715
      vertex 219.813 24 4.84524
      vertex 219.638 24 5.14715
    endloop
  endfacet
  facet normal 0.866397 -5.08743e-05 0.499356
    outer loop
      vertex 219.725 6.99619 4.99619
      vertex 219.813 24 4.84524
      vertex 219.638 7.12067 5.14715
    endloop
  endfacet
  facet normal 0.863914 0 0.50364
    outer loop
      vertex 219.813 24 4.84524
      vertex 219.725 6.99619 4.99619
      vertex 219.813 6.80929 4.84524
    endloop
  endfacet
  facet normal 0.766171 -0 0.642636
    outer loop
      vertex 219.414 7.39273 5.41421
      vertex 219.638 24 5.14715
      vertex 219.414 24 5.41421
    endloop
  endfacet
  facet normal 0.766171 1.32762e-15 0.642636
    outer loop
      vertex 219.526 7.28068 5.28068
      vertex 219.638 24 5.14715
      vertex 219.414 7.39273 5.41421
    endloop
  endfacet
  facet normal 0.766171 0 0.642636
    outer loop
      vertex 219.638 24 5.14715
      vertex 219.526 7.28068 5.28068
      vertex 219.638 7.12067 5.14715
    endloop
  endfacet
  facet normal 0.786217 0.365108 0.498558
    outer loop
      vertex 219.57 24.9063 4.84524
      vertex 219.419 24.8192 5.14715
      vertex 219.703 24.6199 4.84524
    endloop
  endfacet
  facet normal 0.439986 0.628551 0.641355
    outer loop
      vertex 218.819 25.4188 5.14715
      vertex 218.707 25.2247 5.41421
      vertex 219.053 25.255 5.14715
    endloop
  endfacet
  facet normal 0.583935 0.271841 0.764933
    outer loop
      vertex 219.225 24.7071 5.41421
      vertex 219.078 24.3923 5.6383
      vertex 219.329 24.4837 5.41421
    endloop
  endfacet
  facet normal 0.622035 0.1672 0.764929
    outer loop
      vertex 219.329 24.4837 5.41421
      vertex 219.078 24.3923 5.6383
      vertex 219.393 24.2456 5.41421
    endloop
  endfacet
  facet normal -0.196827 0.281124 -0.93927
    outer loop
      vertex 1.74118 24.4483 0.0681486
      vertex 1.45669 24.6475 0.187385
      vertex 1.57738 24.732 0.187385
    endloop
  endfacet
  facet normal 0 0.34202 -0.939693
    outer loop
      vertex 2 24.5176 0.0681486
      vertex 218 24.8452 0.187385
      vertex 218 24.5176 0.0681486
    endloop
  endfacet
  facet normal 0 0.34202 -0.939693
    outer loop
      vertex 218 24.8452 0.187385
      vertex 2 24.5176 0.0681486
      vertex 2 24.8452 0.187385
    endloop
  endfacet
  facet normal -0.331471 0.0888616 -0.939271
    outer loop
      vertex 1.49023 24.0899 0.0681486
      vertex 1.16761 24.1468 0.187385
      vertex 1.51358 24.177 0.0681486
    endloop
  endfacet
  facet normal 0.0747459 0.157667 -0.984659
    outer loop
      vertex 218.087 24.151 0.00761127
      vertex 218.06 24.1638 0.00761127
      vertex 218.177 24.4864 0.0681486
    endloop
  endfacet
  facet normal -0.410752 0.287594 0.865201
    outer loop
      vertex 1.35251 24.5433 5.81262
      vertex 1.00654 24.5736 5.6383
      vertex 1.268 24.4226 5.81262
    endloop
  endfacet
  facet normal 0.157991 0.0744162 0.984632
    outer loop
      vertex 218.486 24.177 5.93185
      vertex 218.151 24.0872 5.99239
      vertex 218.164 24.0596 5.99239
    endloop
  endfacet
  facet normal 0.45382 0.212767 0.865319
    outer loop
      vertex 218.993 24.5736 5.6383
      vertex 218.794 24.2891 5.81262
      vertex 219.078 24.3923 5.6383
    endloop
  endfacet
  facet normal 0.49946 0.0426246 0.865288
    outer loop
      vertex 219.13 24.1992 5.6383
      vertex 218.845 24 5.81262
      vertex 219.147 24 5.6383
    endloop
  endfacet
  facet normal 0.641907 0.0547812 0.764823
    outer loop
      vertex 219.414 24 5.41421
      vertex 219.13 24.1992 5.6383
      vertex 219.147 24 5.6383
    endloop
  endfacet
  facet normal 0.342398 0.0304693 0.939061
    outer loop
      vertex 218.845 24 5.81262
      vertex 218.51 24.0899 5.93185
      vertex 218.518 24 5.93185
    endloop
  endfacet
  facet normal 0.311028 0.144487 0.939353
    outer loop
      vertex 218.732 24.4226 5.81262
      vertex 218.448 24.2588 5.93185
      vertex 218.486 24.177 5.93185
    endloop
  endfacet
  facet normal 0.498634 0.0441569 0.865687
    outer loop
      vertex 219.13 24.1992 5.6383
      vertex 218.832 24.1468 5.81262
      vertex 218.845 24 5.81262
    endloop
  endfacet
  facet normal 0.439849 0.6288 0.641205
    outer loop
      vertex 219.053 25.255 5.14715
      vertex 218.707 25.2247 5.41421
      vertex 218.909 25.0834 5.41421
    endloop
  endfacet
  facet normal -0.198559 0.741079 0.641387
    outer loop
      vertex 1.75443 25.3927 5.41421
      vertex 1.43967 25.5395 5.14715
      vertex 1.51631 25.3289 5.41421
    endloop
  endfacet
  facet normal 0.0435073 0.499655 0.865131
    outer loop
      vertex 218.199 25.1297 5.6383
      vertex 218 24.8452 5.81262
      vertex 218.147 24.8324 5.81262
    endloop
  endfacet
  facet normal 0.369102 0.527662 0.765073
    outer loop
      vertex 218.909 25.0834 5.41421
      vertex 218.707 25.2247 5.41421
      vertex 218.737 24.8788 5.6383
    endloop
  endfacet
  facet normal 0.0564439 0.641848 0.764752
    outer loop
      vertex 218 25.4142 5.41421
      vertex 218 25.1472 5.6383
      vertex 218.199 25.1297 5.6383
    endloop
  endfacet
  facet normal 0.0439199 0.499432 0.865239
    outer loop
      vertex 218 25.1472 5.6383
      vertex 218 24.8452 5.81262
      vertex 218.199 25.1297 5.6383
    endloop
  endfacet
  facet normal -0.497314 0.709947 0.498652
    outer loop
      vertex 1.09369 25.5698 4.84524
      vertex 0.834873 25.3885 4.84524
      vertex 1.18085 25.4188 5.14715
    endloop
  endfacet
  facet normal -0.366252 0.785618 0.498662
    outer loop
      vertex 1.38005 25.7033 4.84524
      vertex 1.09369 25.5698 4.84524
      vertex 1.18085 25.4188 5.14715
    endloop
  endfacet
  facet normal -0.484368 0.129819 0.865179
    outer loop
      vertex 0.922029 24.3923 5.6383
      vertex 0.870275 24.1992 5.6383
      vertex 1.20574 24.2891 5.81262
    endloop
  endfacet
  facet normal -0.142779 0.100003 0.98469
    outer loop
      vertex 1.60347 24.3327 5.93185
      vertex 1.55171 24.2588 5.93185
      vertex 1.84904 24.0872 5.99239
    endloop
  endfacet
  facet normal -0.34185 0.0299261 0.939278
    outer loop
      vertex 1.49023 24.0899 5.93185
      vertex 1.15476 24 5.81262
      vertex 1.48236 24 5.93185
    endloop
  endfacet
  facet normal -0.741103 0.198609 0.641343
    outer loop
      vertex 0.460498 24.5603 5.14715
      vertex 0.386586 24.2845 5.14715
      vertex 0.607272 24.2456 5.41421
    endloop
  endfacet
  facet normal -0.764331 0.0668689 0.641348
    outer loop
      vertex 0.386586 24.2845 5.14715
      vertex 0.361696 24 5.14715
      vertex 0.607272 24.2456 5.41421
    endloop
  endfacet
  facet normal -0.710072 0.497263 0.498526
    outer loop
      vertex 0.611456 25.1651 4.84524
      vertex 0.581187 24.8192 5.14715
      vertex 0.744987 25.0531 5.14715
    endloop
  endfacet
  facet normal -0.965914 0.258865 0
    outer loop
      vertex 0.0378799 24.346 1.82569
      vertex 0.127767 24.6814 4.17431
      vertex 0.127767 24.6814 1.82569
    endloop
  endfacet
  facet normal -0.965914 0.258865 0
    outer loop
      vertex 0.127767 24.6814 4.17431
      vertex 0.0378799 24.346 1.82569
      vertex 0.0378799 24.346 4.17431
    endloop
  endfacet
  facet normal -0.837295 0.22442 0.498571
    outer loop
      vertex 0.296699 24.6199 4.84524
      vertex 0.214923 24.3148 4.84524
      vertex 0.460498 24.5603 5.14715
    endloop
  endfacet
  facet normal -0.90806 0.243388 0.340865
    outer loop
      vertex 0.296699 24.6199 4.84524
      vertex 0.0974979 24.3355 4.51764
      vertex 0.214923 24.3148 4.84524
    endloop
  endfacet
  facet normal -0.583828 0.272261 0.764865
    outer loop
      vertex 0.775255 24.7071 5.41421
      vertex 0.671075 24.4837 5.41421
      vertex 0.922029 24.3923 5.6383
    endloop
  endfacet
  facet normal -0.622249 0.166742 0.764855
    outer loop
      vertex 0.671075 24.4837 5.41421
      vertex 0.607272 24.2456 5.41421
      vertex 0.922029 24.3923 5.6383
    endloop
  endfacet
  facet normal 0 0.939634 0.342181
    outer loop
      vertex 218 25.9319 4.51764
      vertex 2 25.8126 4.84524
      vertex 218 25.8126 4.84524
    endloop
  endfacet
  facet normal 0 0.939634 0.342181
    outer loop
      vertex 2 25.8126 4.84524
      vertex 218 25.9319 4.51764
      vertex 2 25.9319 4.51764
    endloop
  endfacet
  facet normal 0.242923 0.908175 0.34089
    outer loop
      vertex 218.661 25.8153 4.51764
      vertex 218.335 25.9025 4.51764
      vertex 218.62 25.7033 4.84524
    endloop
  endfacet
  facet normal 0.25449 0.951418 0.173314
    outer loop
      vertex 218.346 25.9621 4.17431
      vertex 218.335 25.9025 4.51764
      vertex 218.661 25.8153 4.51764
    endloop
  endfacet
  facet normal 0.965832 0.259168 0
    outer loop
      vertex 219.962 24.346 4.17431
      vertex 219.872 24.6814 1.82569
      vertex 219.872 24.6814 4.17431
    endloop
  endfacet
  facet normal 0.965832 0.259168 0
    outer loop
      vertex 219.872 24.6814 1.82569
      vertex 219.962 24.346 4.17431
      vertex 219.962 24.346 1.82569
    endloop
  endfacet
  facet normal 0.259188 0.965827 -0
    outer loop
      vertex 218.681 25.8722 1.82569
      vertex 218.346 25.9621 4.17431
      vertex 218.681 25.8722 4.17431
    endloop
  endfacet
  facet normal 0.259188 0.965827 0
    outer loop
      vertex 218.346 25.9621 4.17431
      vertex 218.681 25.8722 1.82569
      vertex 218.346 25.9621 1.82569
    endloop
  endfacet
  facet normal 0.416438 0.892577 0.172876
    outer loop
      vertex 218.996 25.7255 4.17431
      vertex 218.661 25.8153 4.51764
      vertex 218.966 25.673 4.51764
    endloop
  endfacet
  facet normal 0.397441 0.851858 0.341142
    outer loop
      vertex 218.966 25.673 4.51764
      vertex 218.661 25.8153 4.51764
      vertex 218.906 25.5698 4.84524
    endloop
  endfacet
  facet normal 0.198712 0.741277 0.64111
    outer loop
      vertex 218.56 25.5395 5.14715
      vertex 218.246 25.3927 5.41421
      vertex 218.484 25.3289 5.41421
    endloop
  endfacet
  facet normal 0.198523 0.741441 0.640979
    outer loop
      vertex 218.284 25.6134 5.14715
      vertex 218.246 25.3927 5.41421
      vertex 218.56 25.5395 5.14715
    endloop
  endfacet
  facet normal 0.0757126 0.863549 0.498548
    outer loop
      vertex 218 25.8126 4.84524
      vertex 218 25.6383 5.14715
      vertex 218.284 25.6134 5.14715
    endloop
  endfacet
  facet normal 0.324959 0.695449 0.640899
    outer loop
      vertex 218.56 25.5395 5.14715
      vertex 218.484 25.3289 5.41421
      vertex 218.707 25.2247 5.41421
    endloop
  endfacet
  facet normal -0.272329 0.583914 0.764775
    outer loop
      vertex 1.51631 25.3289 5.41421
      vertex 1.29289 25.2247 5.41421
      vertex 1.60765 25.078 5.6383
    endloop
  endfacet
  facet normal -0.28758 0.410746 0.865208
    outer loop
      vertex 1.57738 24.732 5.81262
      vertex 1.42642 24.9935 5.6383
      vertex 1.45669 24.6475 5.81262
    endloop
  endfacet
  facet normal -0.0754434 0.863512 0.498654
    outer loop
      vertex 2 25.8126 4.84524
      vertex 1.68524 25.7851 4.84524
      vertex 1.71551 25.6134 5.14715
    endloop
  endfacet
  facet normal -0.243393 0.908082 0.340803
    outer loop
      vertex 1.66454 25.9025 4.51764
      vertex 1.38005 25.7033 4.84524
      vertex 1.68524 25.7851 4.84524
    endloop
  endfacet
  facet normal -0.416192 0.892633 0.173178
    outer loop
      vertex 1.33927 25.8153 4.51764
      vertex 1.00381 25.7255 4.17431
      vertex 1.03407 25.673 4.51764
    endloop
  endfacet
  facet normal -0.564823 0.80684 0.173159
    outer loop
      vertex 1.00381 25.7255 4.17431
      vertex 0.75823 25.4799 4.51764
      vertex 1.03407 25.673 4.51764
    endloop
  endfacet
  facet normal -0.0872459 0.996187 0
    outer loop
      vertex 2 25.9924 1.82569
      vertex 1.65403 25.9621 4.17431
      vertex 2 25.9924 4.17431
    endloop
  endfacet
  facet normal -0.0872459 0.996187 0
    outer loop
      vertex 1.65403 25.9621 4.17431
      vertex 2 25.9924 1.82569
      vertex 1.65403 25.9621 1.82569
    endloop
  endfacet
  facet normal -0.664712 0.664751 -0.340976
    outer loop
      vertex 0.834873 25.3885 1.15476
      vertex 0.520116 25.2418 1.48236
      vertex 0.75823 25.4799 1.48236
    endloop
  endfacet
  facet normal -0.664708 0.664758 -0.340969
    outer loop
      vertex 0.520116 25.2418 1.48236
      vertex 0.834873 25.3885 1.15476
      vertex 0.611456 25.1651 1.15476
    endloop
  endfacet
  facet normal -0.045301 0.168302 0.984694
    outer loop
      vertex 1.96973 24.1717 5.99239
      vertex 1.82296 24.4864 5.93185
      vertex 1.94038 24.1638 5.99239
    endloop
  endfacet
  facet normal -0.36637 0.785616 -0.498579
    outer loop
      vertex 1.43967 25.5395 0.852848
      vertex 1.18085 25.4188 0.852848
      vertex 1.38005 25.7033 1.15476
    endloop
  endfacet
  facet normal -0.198559 0.74108 -0.641385
    outer loop
      vertex 1.51631 25.3289 0.585787
      vertex 1.43967 25.5395 0.852848
      vertex 1.75443 25.3927 0.585787
    endloop
  endfacet
  facet normal -0.243393 0.908082 -0.340803
    outer loop
      vertex 1.68524 25.7851 1.15476
      vertex 1.38005 25.7033 1.15476
      vertex 1.66454 25.9025 1.48236
    endloop
  endfacet
  facet normal -0.0818262 0.936567 -0.340802
    outer loop
      vertex 1.68524 25.7851 1.15476
      vertex 1.66454 25.9025 1.48236
      vertex 2 25.8126 1.15476
    endloop
  endfacet
  facet normal -0.224418 0.837289 -0.498582
    outer loop
      vertex 1.43967 25.5395 0.852848
      vertex 1.38005 25.7033 1.15476
      vertex 1.68524 25.7851 1.15476
    endloop
  endfacet
  facet normal -0.224313 0.837274 -0.498655
    outer loop
      vertex 1.71551 25.6134 0.852848
      vertex 1.43967 25.5395 0.852848
      vertex 1.68524 25.7851 1.15476
    endloop
  endfacet
  facet normal -0.242638 0.242638 -0.939284
    outer loop
      vertex 1.60347 24.3327 0.0681486
      vertex 1.45669 24.6475 0.187385
      vertex 1.66727 24.3965 0.0681486
    endloop
  endfacet
  facet normal -0.242669 0.242622 -0.93928
    outer loop
      vertex 1.45669 24.6475 0.187385
      vertex 1.60347 24.3327 0.0681486
      vertex 1.35251 24.5433 0.187385
    endloop
  endfacet
  facet normal -0.628421 0.440097 -0.641406
    outer loop
      vertex 0.775255 24.7071 0.585787
      vertex 0.744987 25.0531 0.852848
      vertex 0.91665 24.909 0.585787
    endloop
  endfacet
  facet normal -0.166574 0.622316 -0.764837
    outer loop
      vertex 1.8008 25.1297 0.361696
      vertex 1.60765 25.078 0.361696
      vertex 1.75443 25.3927 0.585787
    endloop
  endfacet
  facet normal -0.0734563 0.158046 -0.984696
    outer loop
      vertex 1.91284 24.151 0.00761127
      vertex 1.82296 24.4864 0.0681486
      vertex 1.94038 24.1638 0.00761127
    endloop
  endfacet
  facet normal 0.123063 0.123448 -0.984691
    outer loop
      vertex 218.134 24.112 0.00761127
      vertex 218.333 24.3965 0.0681486
      vertex 218.397 24.3327 0.0681486
    endloop
  endfacet
  facet normal 0.121632 0.12446 -0.984741
    outer loop
      vertex 218.333 24.3965 0.0681486
      vertex 218.134 24.112 0.00761127
      vertex 218.112 24.1335 0.00761127
    endloop
  endfacet
  facet normal -0.695377 0.324157 -0.641383
    outer loop
      vertex 0.775255 24.7071 0.585787
      vertex 0.460498 24.5603 0.852848
      vertex 0.581187 24.8192 0.852848
    endloop
  endfacet
  facet normal 0.0998999 0.142714 -0.984709
    outer loop
      vertex 218.112 24.1335 0.00761127
      vertex 218.087 24.151 0.00761127
      vertex 218.333 24.3965 0.0681486
    endloop
  endfacet
  facet normal 0.0444162 0.168669 -0.984671
    outer loop
      vertex 218.06 24.1638 0.00761127
      vertex 218.03 24.1717 0.00761127
      vertex 218.177 24.4864 0.0681486
    endloop
  endfacet
  facet normal 0.74254 0.196539 -0.640318
    outer loop
      vertex 219.613 24.2845 0.852848
      vertex 219.393 24.2456 0.585787
      vertex 219.54 24.5603 0.852848
    endloop
  endfacet
  facet normal 0.862677 0.0758064 -0.500041
    outer loop
      vertex 219.638 24 0.852848
      vertex 219.613 24.2845 0.852848
      vertex 219.813 24 1.15476
    endloop
  endfacet
  facet normal 0.765259 0.0672459 -0.640201
    outer loop
      vertex 219.638 24 0.852848
      vertex 219.393 24.2456 0.585787
      vertex 219.613 24.2845 0.852848
    endloop
  endfacet
  facet normal 0.499441 0.042623 -0.865299
    outer loop
      vertex 219.147 24 0.361696
      vertex 218.845 24 0.187385
      vertex 219.13 24.1992 0.361696
    endloop
  endfacet
  facet normal 0.740385 0.199012 -0.642047
    outer loop
      vertex 219.393 24.2456 0.585787
      vertex 219.329 24.4837 0.585787
      vertex 219.54 24.5603 0.852848
    endloop
  endfacet
  facet normal 0.627172 0.441102 -0.641937
    outer loop
      vertex 219.225 24.7071 0.585787
      vertex 219.083 24.909 0.585787
      vertex 219.255 25.0531 0.852848
    endloop
  endfacet
  facet normal 0.707971 0.706241 0
    outer loop
      vertex 219.526 25.2807 4.17431
      vertex 219.281 25.5263 1.82569
      vertex 219.281 25.5263 4.17431
    endloop
  endfacet
  facet normal 0.707971 0.706241 0
    outer loop
      vertex 219.281 25.5263 1.82569
      vertex 219.526 25.2807 4.17431
      vertex 219.526 25.2807 1.82569
    endloop
  endfacet
  facet normal 0.908264 0.244109 -0.339805
    outer loop
      vertex 219.785 24.3148 1.15476
      vertex 219.703 24.6199 1.15476
      vertex 219.902 24.3355 1.48236
    endloop
  endfacet
  facet normal 0.628257 0.440505 -0.641286
    outer loop
      vertex 219.419 24.8192 0.852848
      vertex 219.225 24.7071 0.585787
      vertex 219.255 25.0531 0.852848
    endloop
  endfacet
  facet normal 0.54212 0.542388 -0.641811
    outer loop
      vertex 219.083 24.909 0.585787
      vertex 219.053 25.255 0.852848
      vertex 219.255 25.0531 0.852848
    endloop
  endfacet
  facet normal 0.543248 0.542002 -0.641184
    outer loop
      vertex 219.053 25.255 0.852848
      vertex 219.083 24.909 0.585787
      vertex 218.909 25.0834 0.585787
    endloop
  endfacet
  facet normal 0.415869 0.892969 -0.172217
    outer loop
      vertex 218.996 25.7255 1.82569
      vertex 218.661 25.8153 1.48236
      vertex 218.681 25.8722 1.82569
    endloop
  endfacet
  facet normal 0.272594 0.583382 -0.765087
    outer loop
      vertex 218.707 25.2247 0.585787
      vertex 218.392 25.078 0.361696
      vertex 218.484 25.3289 0.585787
    endloop
  endfacet
  facet normal 0.271491 0.584751 -0.764434
    outer loop
      vertex 218.574 24.9935 0.361696
      vertex 218.392 25.078 0.361696
      vertex 218.707 25.2247 0.585787
    endloop
  endfacet
  facet normal 0 0.642874 -0.765972
    outer loop
      vertex 2 25.1472 0.361696
      vertex 218 25.4142 0.585787
      vertex 218 25.1472 0.361696
    endloop
  endfacet
  facet normal 0 0.642874 -0.765972
    outer loop
      vertex 218 25.4142 0.585787
      vertex 2 25.1472 0.361696
      vertex 2 25.4142 0.585787
    endloop
  endfacet
  facet normal 0.331566 0.0913615 -0.938998
    outer loop
      vertex 218.51 24.0899 0.0681486
      vertex 218.486 24.177 0.0681486
      vertex 218.832 24.1468 0.187385
    endloop
  endfacet
  facet normal -0.15802 0.0735136 -0.984696
    outer loop
      vertex 1.8362 24.0596 0.00761127
      vertex 1.51358 24.177 0.0681486
      vertex 1.84904 24.0872 0.00761127
    endloop
  endfacet
  facet normal 0.0452615 0.16828 -0.9847
    outer loop
      vertex 218.177 24.4864 0.0681486
      vertex 218.03 24.1717 0.00761127
      vertex 218.09 24.5098 0.0681486
    endloop
  endfacet
  facet normal 0.0435057 0.499635 -0.865143
    outer loop
      vertex 218.147 24.8324 0.187385
      vertex 218 24.8452 0.187385
      vertex 218.199 25.1297 0.361696
    endloop
  endfacet
  facet normal 0.765257 0.0672458 0.640202
    outer loop
      vertex 219.613 24.2845 5.14715
      vertex 219.393 24.2456 5.41421
      vertex 219.638 24 5.14715
    endloop
  endfacet
  facet normal 0.764533 0.0653713 0.641262
    outer loop
      vertex 219.638 24 5.14715
      vertex 219.393 24.2456 5.41421
      vertex 219.414 24 5.41421
    endloop
  endfacet
  facet normal 0.627172 0.441101 0.641939
    outer loop
      vertex 219.255 25.0531 5.14715
      vertex 219.083 24.909 5.41421
      vertex 219.225 24.7071 5.41421
    endloop
  endfacet
  facet normal 0.371087 0.527351 0.764327
    outer loop
      vertex 218.707 25.2247 5.41421
      vertex 218.574 24.9935 5.6383
      vertex 218.737 24.8788 5.6383
    endloop
  endfacet
  facet normal 0.49714 0.7102 0.498465
    outer loop
      vertex 219.165 25.3885 4.84524
      vertex 218.819 25.4188 5.14715
      vertex 219.053 25.255 5.14715
    endloop
  endfacet
  facet normal 0.542119 0.542387 0.641812
    outer loop
      vertex 219.053 25.255 5.14715
      vertex 219.083 24.909 5.41421
      vertex 219.255 25.0531 5.14715
    endloop
  endfacet
  facet normal 0.543247 0.542001 0.641185
    outer loop
      vertex 219.083 24.909 5.41421
      vertex 219.053 25.255 5.14715
      vertex 218.909 25.0834 5.41421
    endloop
  endfacet
  facet normal 0.288722 0.410019 0.865173
    outer loop
      vertex 218.574 24.9935 5.6383
      vertex 218.423 24.732 5.81262
      vertex 218.543 24.6475 5.81262
    endloop
  endfacet
  facet normal 0.144582 0.311174 0.93929
    outer loop
      vertex 218.423 24.732 5.81262
      vertex 218.177 24.4864 5.93185
      vertex 218.259 24.4483 5.93185
    endloop
  endfacet
  facet normal 0.410426 0.289033 0.864876
    outer loop
      vertex 218.993 24.5736 5.6383
      vertex 218.647 24.5433 5.81262
      vertex 218.732 24.4226 5.81262
    endloop
  endfacet
  facet normal 0.0891344 0.331397 0.939272
    outer loop
      vertex 218.147 24.8324 5.81262
      vertex 218.09 24.5098 5.93185
      vertex 218.177 24.4864 5.93185
    endloop
  endfacet
  facet normal 0.483841 0.130294 0.865403
    outer loop
      vertex 219.078 24.3923 5.6383
      vertex 218.794 24.2891 5.81262
      vertex 219.13 24.1992 5.6383
    endloop
  endfacet
  facet normal 0.582421 0.27306 0.765653
    outer loop
      vertex 219.225 24.7071 5.41421
      vertex 218.993 24.5736 5.6383
      vertex 219.078 24.3923 5.6383
    endloop
  endfacet
  facet normal -0.100258 0.142539 0.984698
    outer loop
      vertex 1.91284 24.151 5.99239
      vertex 1.66727 24.3965 5.93185
      vertex 1.88796 24.1335 5.99239
    endloop
  endfacet
  facet normal -0.196817 0.281111 0.939276
    outer loop
      vertex 1.57738 24.732 5.81262
      vertex 1.45669 24.6475 5.81262
      vertex 1.74118 24.4483 5.93185
    endloop
  endfacet
  facet normal -0.015069 0.173661 0.98469
    outer loop
      vertex 2 24.5176 5.93185
      vertex 1.91011 24.5098 5.93185
      vertex 1.96973 24.1717 5.99239
    endloop
  endfacet
  facet normal 0.123068 0.123454 0.98469
    outer loop
      vertex 218.333 24.3965 5.93185
      vertex 218.134 24.112 5.99239
      vertex 218.397 24.3327 5.93185
    endloop
  endfacet
  facet normal 0.121637 0.124466 0.98474
    outer loop
      vertex 218.134 24.112 5.99239
      vertex 218.333 24.3965 5.93185
      vertex 218.112 24.1335 5.99239
    endloop
  endfacet
  facet normal -0.0887285 0.331439 0.939295
    outer loop
      vertex 1.85323 24.8324 5.81262
      vertex 1.71091 24.7943 5.81262
      vertex 1.82296 24.4864 5.93185
    endloop
  endfacet
  facet normal 0.0296273 0.341853 0.939286
    outer loop
      vertex 218 24.8452 5.81262
      vertex 218 24.5176 5.93185
      vertex 218.09 24.5098 5.93185
    endloop
  endfacet
  facet normal 0.0889142 0.331386 0.939296
    outer loop
      vertex 218.289 24.7943 5.81262
      vertex 218.147 24.8324 5.81262
      vertex 218.177 24.4864 5.93185
    endloop
  endfacet
  facet normal 0.0670199 0.764404 0.641245
    outer loop
      vertex 218.284 25.6134 5.14715
      vertex 218 25.6383 5.14715
      vertex 218.246 25.3927 5.41421
    endloop
  endfacet
  facet normal 0.129776 0.484465 0.865131
    outer loop
      vertex 218.392 25.078 5.6383
      vertex 218.199 25.1297 5.6383
      vertex 218.289 24.7943 5.81262
    endloop
  endfacet
  facet normal -0.707143 0.707071 0
    outer loop
      vertex 0.473742 25.2807 1.82569
      vertex 0.719317 25.5263 4.17431
      vertex 0.719317 25.5263 1.82569
    endloop
  endfacet
  facet normal -0.707143 0.707071 0
    outer loop
      vertex 0.719317 25.5263 4.17431
      vertex 0.473742 25.2807 1.82569
      vertex 0.473742 25.2807 4.17431
    endloop
  endfacet
  facet normal -0.806847 0.564845 0.173056
    outer loop
      vertex 0.520116 25.2418 4.51764
      vertex 0.274541 24.9962 4.17431
      vertex 0.326968 24.9659 4.51764
    endloop
  endfacet
  facet normal -0.770153 0.539157 0.340844
    outer loop
      vertex 0.520116 25.2418 4.51764
      vertex 0.326968 24.9659 4.51764
      vertex 0.430229 24.9063 4.84524
    endloop
  endfacet
  facet normal -0.0452017 0.168347 0.984691
    outer loop
      vertex 1.91011 24.5098 5.93185
      vertex 1.82296 24.4864 5.93185
      vertex 1.96973 24.1717 5.99239
    endloop
  endfacet
  facet normal -0.0298165 0.341888 0.939268
    outer loop
      vertex 2 24.8452 5.81262
      vertex 1.85323 24.8324 5.81262
      vertex 1.91011 24.5098 5.93185
    endloop
  endfacet
  facet normal -0.168357 0.0451337 0.984692
    outer loop
      vertex 1.51358 24.177 5.93185
      vertex 1.49023 24.0899 5.93185
      vertex 1.82834 24.0303 5.99239
    endloop
  endfacet
  facet normal -0.331455 0.0888574 0.939277
    outer loop
      vertex 1.51358 24.177 5.93185
      vertex 1.16761 24.1468 5.81262
      vertex 1.49023 24.0899 5.93185
    endloop
  endfacet
  facet normal -0.34185 0.0299235 0.939278
    outer loop
      vertex 1.16761 24.1468 5.81262
      vertex 1.15476 24 5.81262
      vertex 1.49023 24.0899 5.93185
    endloop
  endfacet
  facet normal -0.664712 0.664751 0.340976
    outer loop
      vertex 0.520116 25.2418 4.51764
      vertex 0.834873 25.3885 4.84524
      vertex 0.75823 25.4799 4.51764
    endloop
  endfacet
  facet normal -0.664708 0.664758 0.340969
    outer loop
      vertex 0.834873 25.3885 4.84524
      vertex 0.520116 25.2418 4.51764
      vertex 0.611456 25.1651 4.84524
    endloop
  endfacet
  facet normal -0.770051 0.539235 0.340952
    outer loop
      vertex 0.520116 25.2418 4.51764
      vertex 0.430229 24.9063 4.84524
      vertex 0.611456 25.1651 4.84524
    endloop
  endfacet
  facet normal -0.439929 0.628697 0.641251
    outer loop
      vertex 1.29289 25.2247 5.41421
      vertex 0.946918 25.255 5.14715
      vertex 1.09096 25.0834 5.41421
    endloop
  endfacet
  facet normal -0.612947 0.612993 0.498533
    outer loop
      vertex 0.611456 25.1651 4.84524
      vertex 0.946918 25.255 5.14715
      vertex 0.834873 25.3885 4.84524
    endloop
  endfacet
  facet normal -0.612933 0.613027 0.498508
    outer loop
      vertex 0.946918 25.255 5.14715
      vertex 0.611456 25.1651 4.84524
      vertex 0.744987 25.0531 5.14715
    endloop
  endfacet
  facet normal -0.981174 0.0858346 0.173005
    outer loop
      vertex 0.0378799 24.346 4.17431
      vertex 0.00761127 24 4.17431
      vertex 0.0681486 24 4.51764
    endloop
  endfacet
  facet normal -0.0818262 0.936567 0.340802
    outer loop
      vertex 2 25.8126 4.84524
      vertex 1.66454 25.9025 4.51764
      vertex 1.68524 25.7851 4.84524
    endloop
  endfacet
  facet normal -0.0820725 0.936464 0.341026
    outer loop
      vertex 2 25.9319 4.51764
      vertex 1.66454 25.9025 4.51764
      vertex 2 25.8126 4.84524
    endloop
  endfacet
  facet normal 0.224516 0.837132 0.498801
    outer loop
      vertex 218.62 25.7033 4.84524
      vertex 218.315 25.7851 4.84524
      vertex 218.56 25.5395 5.14715
    endloop
  endfacet
  facet normal 0.243578 0.908207 0.340339
    outer loop
      vertex 218.335 25.9025 4.51764
      vertex 218.315 25.7851 4.84524
      vertex 218.62 25.7033 4.84524
    endloop
  endfacet
  facet normal 0.0668003 0.764319 0.641369
    outer loop
      vertex 218 25.6383 5.14715
      vertex 218 25.4142 5.41421
      vertex 218.246 25.3927 5.41421
    endloop
  endfacet
  facet normal 0.0560843 0.641709 0.764895
    outer loop
      vertex 218.246 25.3927 5.41421
      vertex 218 25.4142 5.41421
      vertex 218.199 25.1297 5.6383
    endloop
  endfacet
  facet normal -0.39729 0.852094 0.340728
    outer loop
      vertex 1.33927 25.8153 4.51764
      vertex 1.03407 25.673 4.51764
      vertex 1.09369 25.5698 4.84524
    endloop
  endfacet
  facet normal -0.539166 0.770189 0.340747
    outer loop
      vertex 1.03407 25.673 4.51764
      vertex 0.75823 25.4799 4.51764
      vertex 1.09369 25.5698 4.84524
    endloop
  endfacet
  facet normal -0.258849 0.965918 0
    outer loop
      vertex 1.65403 25.9621 1.82569
      vertex 1.31856 25.8722 4.17431
      vertex 1.65403 25.9621 4.17431
    endloop
  endfacet
  facet normal -0.258849 0.965918 0
    outer loop
      vertex 1.31856 25.8722 4.17431
      vertex 1.65403 25.9621 1.82569
      vertex 1.31856 25.8722 1.82569
    endloop
  endfacet
  facet normal -0.422452 0.906385 0
    outer loop
      vertex 1.31856 25.8722 1.82569
      vertex 1.00381 25.7255 4.17431
      vertex 1.31856 25.8722 4.17431
    endloop
  endfacet
  facet normal -0.422452 0.906385 0
    outer loop
      vertex 1.00381 25.7255 4.17431
      vertex 1.31856 25.8722 1.82569
      vertex 1.00381 25.7255 1.82569
    endloop
  endfacet
  facet normal -0.527731 0.369582 -0.764794
    outer loop
      vertex 1.12123 24.7374 0.361696
      vertex 0.775255 24.7071 0.585787
      vertex 0.91665 24.909 0.585787
    endloop
  endfacet
  facet normal -0.455542 0.45551 -0.764848
    outer loop
      vertex 1.12123 24.7374 0.361696
      vertex 1.09096 25.0834 0.585787
      vertex 1.26262 24.8788 0.361696
    endloop
  endfacet
  facet normal -0.455693 0.455458 -0.764789
    outer loop
      vertex 1.09096 25.0834 0.585787
      vertex 1.12123 24.7374 0.361696
      vertex 0.91665 24.909 0.585787
    endloop
  endfacet
  facet normal -0.27233 0.583915 -0.764774
    outer loop
      vertex 1.60765 25.078 0.361696
      vertex 1.29289 25.2247 0.585787
      vertex 1.51631 25.3289 0.585787
    endloop
  endfacet
  facet normal -0.0438742 0.499414 -0.865252
    outer loop
      vertex 2 24.8452 0.187385
      vertex 1.8008 25.1297 0.361696
      vertex 2 25.1472 0.361696
    endloop
  endfacet
  facet normal -0.272283 0.583974 -0.764746
    outer loop
      vertex 1.42642 24.9935 0.361696
      vertex 1.29289 25.2247 0.585787
      vertex 1.60765 25.078 0.361696
    endloop
  endfacet
  facet normal -0.211989 0.454364 -0.865225
    outer loop
      vertex 1.57738 24.732 0.187385
      vertex 1.42642 24.9935 0.361696
      vertex 1.71091 24.7943 0.187385
    endloop
  endfacet
  facet normal -0.0451998 0.16834 -0.984692
    outer loop
      vertex 1.96973 24.1717 0.00761127
      vertex 1.82296 24.4864 0.0681486
      vertex 1.91011 24.5098 0.0681486
    endloop
  endfacet
  facet normal 0.0734256 0.158029 -0.984701
    outer loop
      vertex 218.259 24.4483 0.0681486
      vertex 218.087 24.151 0.00761127
      vertex 218.177 24.4864 0.0681486
    endloop
  endfacet
  facet normal -0.354588 0.354519 -0.865207
    outer loop
      vertex 1.35251 24.5433 0.187385
      vertex 1.26262 24.8788 0.361696
      vertex 1.45669 24.6475 0.187385
    endloop
  endfacet
  facet normal -0.354557 0.354532 -0.865215
    outer loop
      vertex 1.26262 24.8788 0.361696
      vertex 1.35251 24.5433 0.187385
      vertex 1.12123 24.7374 0.361696
    endloop
  endfacet
  facet normal -0.622257 0.166775 -0.764841
    outer loop
      vertex 0.870275 24.1992 0.361696
      vertex 0.607272 24.2456 0.585787
      vertex 0.922029 24.3923 0.361696
    endloop
  endfacet
  facet normal -0.48435 0.129814 -0.86519
    outer loop
      vertex 1.20574 24.2891 0.187385
      vertex 0.870275 24.1992 0.361696
      vertex 0.922029 24.3923 0.361696
    endloop
  endfacet
  facet normal -0.764332 0.066869 -0.641346
    outer loop
      vertex 0.607272 24.2456 0.585787
      vertex 0.361696 24 0.852848
      vertex 0.386586 24.2845 0.852848
    endloop
  endfacet
  facet normal -0.78568 0.366253 -0.498563
    outer loop
      vertex 0.460498 24.5603 0.852848
      vertex 0.296699 24.6199 1.15476
      vertex 0.581187 24.8192 0.852848
    endloop
  endfacet
  facet normal 0.342414 0.0304707 -0.939055
    outer loop
      vertex 218.518 24 0.0681486
      vertex 218.51 24.0899 0.0681486
      vertex 218.845 24 0.187385
    endloop
  endfacet
  facet normal -0.0149146 0.173641 -0.984696
    outer loop
      vertex 2 24.1743 0.00761127
      vertex 1.96973 24.1717 0.00761127
      vertex 2 24.5176 0.0681486
    endloop
  endfacet
  facet normal 0.582422 0.273061 -0.765651
    outer loop
      vertex 219.078 24.3923 0.361696
      vertex 218.993 24.5736 0.361696
      vertex 219.225 24.7071 0.585787
    endloop
  endfacet
  facet normal 0.583936 0.271841 -0.764932
    outer loop
      vertex 219.329 24.4837 0.585787
      vertex 219.078 24.3923 0.361696
      vertex 219.225 24.7071 0.585787
    endloop
  endfacet
  facet normal 0.527485 0.37099 -0.764282
    outer loop
      vertex 219.225 24.7071 0.585787
      vertex 218.879 24.7374 0.361696
      vertex 219.083 24.909 0.585787
    endloop
  endfacet
  facet normal 0.528029 0.367492 -0.765595
    outer loop
      vertex 218.993 24.5736 0.361696
      vertex 218.879 24.7374 0.361696
      vertex 219.225 24.7071 0.585787
    endloop
  endfacet
  facet normal 0.936788 0.0833229 -0.339832
    outer loop
      vertex 219.813 24 1.15476
      vertex 219.785 24.3148 1.15476
      vertex 219.902 24.3355 1.48236
    endloop
  endfacet
  facet normal 0.837534 0.221682 -0.499393
    outer loop
      vertex 219.613 24.2845 0.852848
      vertex 219.54 24.5603 0.852848
      vertex 219.785 24.3148 1.15476
    endloop
  endfacet
  facet normal 0.786218 0.365108 -0.498555
    outer loop
      vertex 219.703 24.6199 1.15476
      vertex 219.419 24.8192 0.852848
      vertex 219.57 24.9063 1.15476
    endloop
  endfacet
  facet normal 0.710343 0.496801 -0.4986
    outer loop
      vertex 219.419 24.8192 0.852848
      vertex 219.389 25.1651 1.15476
      vertex 219.57 24.9063 1.15476
    endloop
  endfacet
  facet normal 0.622037 0.1672 -0.764928
    outer loop
      vertex 219.393 24.2456 0.585787
      vertex 219.078 24.3923 0.361696
      vertex 219.329 24.4837 0.585787
    endloop
  endfacet
  facet normal 0.497141 0.710202 -0.498462
    outer loop
      vertex 219.165 25.3885 1.15476
      vertex 218.819 25.4188 0.852848
      vertex 218.906 25.5698 1.15476
    endloop
  endfacet
  facet normal 0.497141 0.710202 -0.498462
    outer loop
      vertex 219.053 25.255 0.852848
      vertex 218.819 25.4188 0.852848
      vertex 219.165 25.3885 1.15476
    endloop
  endfacet
  facet normal 0.538985 0.769979 -0.341508
    outer loop
      vertex 219.165 25.3885 1.15476
      vertex 218.906 25.5698 1.15476
      vertex 219.242 25.4799 1.48236
    endloop
  endfacet
  facet normal 0.129771 0.484446 -0.865142
    outer loop
      vertex 218.289 24.7943 0.187385
      vertex 218.199 25.1297 0.361696
      vertex 218.392 25.078 0.361696
    endloop
  endfacet
  facet normal 0.166637 0.622067 -0.765026
    outer loop
      vertex 218.392 25.078 0.361696
      vertex 218.199 25.1297 0.361696
      vertex 218.246 25.3927 0.585787
    endloop
  endfacet
  facet normal 0.157985 0.074413 -0.984634
    outer loop
      vertex 218.164 24.0596 0.00761127
      vertex 218.151 24.0872 0.00761127
      vertex 218.486 24.177 0.0681486
    endloop
  endfacet
  facet normal 0.158233 0.0735066 -0.984662
    outer loop
      vertex 218.486 24.177 0.0681486
      vertex 218.151 24.0872 0.00761127
      vertex 218.448 24.2588 0.0681486
    endloop
  endfacet
  facet normal 0.288537 0.410039 -0.865225
    outer loop
      vertex 218.737 24.8788 0.361696
      vertex 218.543 24.6475 0.187385
      vertex 218.574 24.9935 0.361696
    endloop
  endfacet
  facet normal 0.311043 0.144494 -0.939347
    outer loop
      vertex 218.486 24.177 0.0681486
      vertex 218.448 24.2588 0.0681486
      vertex 218.732 24.4226 0.187385
    endloop
  endfacet
  facet normal 0.453802 0.212759 -0.865331
    outer loop
      vertex 219.078 24.3923 0.361696
      vertex 218.794 24.2891 0.187385
      vertex 218.993 24.5736 0.361696
    endloop
  endfacet
  facet normal 0.144589 0.311189 -0.939285
    outer loop
      vertex 218.259 24.4483 0.0681486
      vertex 218.177 24.4864 0.0681486
      vertex 218.423 24.732 0.187385
    endloop
  endfacet
  facet normal 0.197564 0.280565 -0.939283
    outer loop
      vertex 218.543 24.6475 0.187385
      vertex 218.259 24.4483 0.0681486
      vertex 218.423 24.732 0.187385
    endloop
  endfacet
  facet normal 0.366074 0.785527 0.498936
    outer loop
      vertex 218.62 25.7033 4.84524
      vertex 218.56 25.5395 5.14715
      vertex 218.819 25.4188 5.14715
    endloop
  endfacet
  facet normal 0.324088 0.695432 0.641359
    outer loop
      vertex 218.819 25.4188 5.14715
      vertex 218.56 25.5395 5.14715
      vertex 218.707 25.2247 5.41421
    endloop
  endfacet
  facet normal 0.85258 0.396679 0.340225
    outer loop
      vertex 219.673 24.9659 4.51764
      vertex 219.57 24.9063 4.84524
      vertex 219.815 24.6607 4.51764
    endloop
  endfacet
  facet normal 0.893164 0.415561 0.171951
    outer loop
      vertex 219.725 24.9962 4.17431
      vertex 219.673 24.9659 4.51764
      vertex 219.815 24.6607 4.51764
    endloop
  endfacet
  facet normal 0.538985 0.769979 0.341508
    outer loop
      vertex 219.242 25.4799 4.51764
      vertex 218.906 25.5698 4.84524
      vertex 219.165 25.3885 4.84524
    endloop
  endfacet
  facet normal 0.49714 0.7102 0.498465
    outer loop
      vertex 218.906 25.5698 4.84524
      vertex 218.819 25.4188 5.14715
      vertex 219.165 25.3885 4.84524
    endloop
  endfacet
  facet normal 0.173645 0.0154523 0.984687
    outer loop
      vertex 218.51 24.0899 5.93185
      vertex 218.172 24.0303 5.99239
      vertex 218.518 24 5.93185
    endloop
  endfacet
  facet normal 0.173313 0.0114398 0.9848
    outer loop
      vertex 218.518 24 5.93185
      vertex 218.172 24.0303 5.99239
      vertex 218.174 24 5.99239
    endloop
  endfacet
  facet normal 0.528027 0.367491 0.765596
    outer loop
      vertex 219.225 24.7071 5.41421
      vertex 218.879 24.7374 5.6383
      vertex 218.993 24.5736 5.6383
    endloop
  endfacet
  facet normal 0.411036 0.286069 0.865571
    outer loop
      vertex 218.879 24.7374 5.6383
      vertex 218.647 24.5433 5.81262
      vertex 218.993 24.5736 5.6383
    endloop
  endfacet
  facet normal 0.527483 0.370989 0.764283
    outer loop
      vertex 219.083 24.909 5.41421
      vertex 218.879 24.7374 5.6383
      vertex 219.225 24.7071 5.41421
    endloop
  endfacet
  facet normal 0.628256 0.440505 0.641288
    outer loop
      vertex 219.255 25.0531 5.14715
      vertex 219.225 24.7071 5.41421
      vertex 219.419 24.8192 5.14715
    endloop
  endfacet
  facet normal 0.456488 0.455441 0.764324
    outer loop
      vertex 218.909 25.0834 5.41421
      vertex 218.879 24.7374 5.6383
      vertex 219.083 24.909 5.41421
    endloop
  endfacet
  facet normal 0.45427 0.456198 0.765195
    outer loop
      vertex 218.879 24.7374 5.6383
      vertex 218.909 25.0834 5.41421
      vertex 218.737 24.8788 5.6383
    endloop
  endfacet
  facet normal 0.168366 0.0459703 0.984652
    outer loop
      vertex 218.486 24.177 5.93185
      vertex 218.164 24.0596 5.99239
      vertex 218.172 24.0303 5.99239
    endloop
  endfacet
  facet normal 0.483674 0.129161 0.865666
    outer loop
      vertex 219.13 24.1992 5.6383
      vertex 218.794 24.2891 5.81262
      vertex 218.832 24.1468 5.81262
    endloop
  endfacet
  facet normal 0.331412 0.0885008 0.939326
    outer loop
      vertex 218.794 24.2891 5.81262
      vertex 218.486 24.177 5.93185
      vertex 218.832 24.1468 5.81262
    endloop
  endfacet
  facet normal -0.211907 0.454484 0.865182
    outer loop
      vertex 1.60765 25.078 5.6383
      vertex 1.42642 24.9935 5.6383
      vertex 1.71091 24.7943 5.81262
    endloop
  endfacet
  facet normal -0.129662 0.484415 0.865176
    outer loop
      vertex 1.8008 25.1297 5.6383
      vertex 1.60765 25.078 5.6383
      vertex 1.71091 24.7943 5.81262
    endloop
  endfacet
  facet normal -0.14507 0.310935 0.939294
    outer loop
      vertex 1.71091 24.7943 5.81262
      vertex 1.57738 24.732 5.81262
      vertex 1.82296 24.4864 5.93185
    endloop
  endfacet
  facet normal -0.211997 0.454382 0.865213
    outer loop
      vertex 1.71091 24.7943 5.81262
      vertex 1.42642 24.9935 5.6383
      vertex 1.57738 24.732 5.81262
    endloop
  endfacet
  facet normal 0.0297696 0.341886 0.93927
    outer loop
      vertex 218.147 24.8324 5.81262
      vertex 218 24.8452 5.81262
      vertex 218.09 24.5098 5.93185
    endloop
  endfacet
  facet normal 0.0444181 0.168676 0.98467
    outer loop
      vertex 218.177 24.4864 5.93185
      vertex 218.03 24.1717 5.99239
      vertex 218.06 24.1638 5.99239
    endloop
  endfacet
  facet normal 0.211396 0.454688 0.8652
    outer loop
      vertex 218.574 24.9935 5.6383
      vertex 218.289 24.7943 5.81262
      vertex 218.423 24.732 5.81262
    endloop
  endfacet
  facet normal 0.144645 0.311116 0.9393
    outer loop
      vertex 218.289 24.7943 5.81262
      vertex 218.177 24.4864 5.93185
      vertex 218.423 24.732 5.81262
    endloop
  endfacet
  facet normal 0.0999041 0.14272 0.984708
    outer loop
      vertex 218.259 24.4483 5.93185
      vertex 218.087 24.151 5.99239
      vertex 218.333 24.3965 5.93185
    endloop
  endfacet
  facet normal 0.0999041 0.14272 0.984708
    outer loop
      vertex 218.333 24.3965 5.93185
      vertex 218.087 24.151 5.99239
      vertex 218.112 24.1335 5.99239
    endloop
  endfacet
  facet normal -0.0563874 0.64185 0.764755
    outer loop
      vertex 2 25.4142 5.41421
      vertex 1.8008 25.1297 5.6383
      vertex 2 25.1472 5.6383
    endloop
  endfacet
  facet normal -0.0438759 0.499433 0.865241
    outer loop
      vertex 2 25.1472 5.6383
      vertex 1.8008 25.1297 5.6383
      vertex 2 24.8452 5.81262
    endloop
  endfacet
  facet normal -0.0149153 0.173648 0.984695
    outer loop
      vertex 2 24.5176 5.93185
      vertex 1.96973 24.1717 5.99239
      vertex 2 24.1743 5.99239
    endloop
  endfacet
  facet normal -0 0.173668 0.984804
    outer loop
      vertex 2 24.5176 5.93185
      vertex 218 24.1743 5.99239
      vertex 218 24.5176 5.93185
    endloop
  endfacet
  facet normal 0 0.173668 0.984804
    outer loop
      vertex 218 24.1743 5.99239
      vertex 2 24.5176 5.93185
      vertex 2 24.1743 5.99239
    endloop
  endfacet
  facet normal -0.100046 0.142749 0.98469
    outer loop
      vertex 1.74118 24.4483 5.93185
      vertex 1.66727 24.3965 5.93185
      vertex 1.91284 24.151 5.99239
    endloop
  endfacet
  facet normal -0.196921 0.280974 0.939295
    outer loop
      vertex 1.74118 24.4483 5.93185
      vertex 1.45669 24.6475 5.81262
      vertex 1.66727 24.3965 5.93185
    endloop
  endfacet
  facet normal -0.41075 0.2876 0.865199
    outer loop
      vertex 1.12123 24.7374 5.6383
      vertex 1.00654 24.5736 5.6383
      vertex 1.35251 24.5433 5.81262
    endloop
  endfacet
  facet normal -0.157991 0.0736456 0.98469
    outer loop
      vertex 1.55171 24.2588 5.93185
      vertex 1.51358 24.177 5.93185
      vertex 1.84904 24.0872 5.99239
    endloop
  endfacet
  facet normal -0.499546 0.0437028 0.865184
    outer loop
      vertex 0.870275 24.1992 5.6383
      vertex 0.852848 24 5.6383
      vertex 1.15476 24 5.81262
    endloop
  endfacet
  facet normal -0.500024 0 0.866012
    outer loop
      vertex 0.852848 24 5.6383
      vertex 1.15476 7.79585 5.81262
      vertex 1.15476 24 5.81262
    endloop
  endfacet
  facet normal -0.500038 -3.67115e-07 0.866003
    outer loop
      vertex 1.15476 7.79585 5.81262
      vertex 0.852848 24 5.6383
      vertex 1.00381 7.72546 5.72546
    endloop
  endfacet
  facet normal -0.500009 0 0.86602
    outer loop
      vertex 1.00381 7.72546 5.72546
      vertex 0.852848 24 5.6383
      vertex 0.852848 7.61976 5.6383
    endloop
  endfacet
  facet normal 0.14389 0.0986343 0.984666
    outer loop
      vertex 218.397 24.3327 5.93185
      vertex 218.134 24.112 5.99239
      vertex 218.151 24.0872 5.99239
    endloop
  endfacet
  facet normal 0.166762 0.62209 0.76498
    outer loop
      vertex 218.484 25.3289 5.41421
      vertex 218.246 25.3927 5.41421
      vertex 218.392 25.078 5.6383
    endloop
  endfacet
  facet normal 0.272593 0.58338 0.765089
    outer loop
      vertex 218.484 25.3289 5.41421
      vertex 218.392 25.078 5.6383
      vertex 218.707 25.2247 5.41421
    endloop
  endfacet
  facet normal -0.243444 0.908085 -0.34076
    outer loop
      vertex 1.38005 25.7033 1.15476
      vertex 1.33927 25.8153 1.48236
      vertex 1.66454 25.9025 1.48236
    endloop
  endfacet
  facet normal -0.397246 0.8521 -0.340766
    outer loop
      vertex 1.38005 25.7033 1.15476
      vertex 1.09369 25.5698 1.15476
      vertex 1.33927 25.8153 1.48236
    endloop
  endfacet
  facet normal -0.254944 0.951346 0.173045
    outer loop
      vertex 1.65403 25.9621 4.17431
      vertex 1.31856 25.8722 4.17431
      vertex 1.33927 25.8153 4.51764
    endloop
  endfacet
  facet normal -0.145077 0.31095 -0.939288
    outer loop
      vertex 1.82296 24.4864 0.0681486
      vertex 1.57738 24.732 0.187385
      vertex 1.71091 24.7943 0.187385
    endloop
  endfacet
  facet normal -0.0298179 0.341904 -0.939262
    outer loop
      vertex 1.91011 24.5098 0.0681486
      vertex 1.85323 24.8324 0.187385
      vertex 2 24.8452 0.187385
    endloop
  endfacet
  facet normal -0.166748 0.62235 -0.764771
    outer loop
      vertex 1.60765 25.078 0.361696
      vertex 1.51631 25.3289 0.585787
      vertex 1.75443 25.3927 0.585787
    endloop
  endfacet
  facet normal -0.0563875 0.641851 -0.764753
    outer loop
      vertex 2 25.1472 0.361696
      vertex 1.8008 25.1297 0.361696
      vertex 2 25.4142 0.585787
    endloop
  endfacet
  facet normal -0.14493 0.311086 -0.939266
    outer loop
      vertex 1.74118 24.4483 0.0681486
      vertex 1.57738 24.732 0.187385
      vertex 1.82296 24.4864 0.0681486
    endloop
  endfacet
  facet normal -0.045299 0.168295 -0.984695
    outer loop
      vertex 1.94038 24.1638 0.00761127
      vertex 1.82296 24.4864 0.0681486
      vertex 1.96973 24.1717 0.00761127
    endloop
  endfacet
  facet normal -0.157985 0.0736425 -0.984692
    outer loop
      vertex 1.84904 24.0872 0.00761127
      vertex 1.51358 24.177 0.0681486
      vertex 1.55171 24.2588 0.0681486
    endloop
  endfacet
  facet normal -0.331469 0.0888187 -0.939276
    outer loop
      vertex 1.51358 24.177 0.0681486
      vertex 1.16761 24.1468 0.187385
      vertex 1.20574 24.2891 0.187385
    endloop
  endfacet
  facet normal -0.499527 0.0437011 -0.865196
    outer loop
      vertex 1.15476 24 0.187385
      vertex 0.852848 24 0.361696
      vertex 0.870275 24.1992 0.361696
    endloop
  endfacet
  facet normal -0.173625 0.0151851 -0.984695
    outer loop
      vertex 1.82569 24 0.00761127
      vertex 1.48236 24 0.0681486
      vertex 1.82834 24.0303 0.00761127
    endloop
  endfacet
  facet normal -0.641773 0.056142 -0.764837
    outer loop
      vertex 0.870275 24.1992 0.361696
      vertex 0.585787 24 0.585787
      vertex 0.607272 24.2456 0.585787
    endloop
  endfacet
  facet normal -0.583921 0.272188 -0.76482
    outer loop
      vertex 0.922029 24.3923 0.361696
      vertex 0.775255 24.7071 0.585787
      vertex 1.00654 24.5736 0.361696
    endloop
  endfacet
  facet normal -0.622251 0.166743 -0.764853
    outer loop
      vertex 0.922029 24.3923 0.361696
      vertex 0.607272 24.2456 0.585787
      vertex 0.671075 24.4837 0.585787
    endloop
  endfacet
  facet normal -0.741117 0.198595 -0.641331
    outer loop
      vertex 0.607272 24.2456 0.585787
      vertex 0.460498 24.5603 0.852848
      vertex 0.671075 24.4837 0.585787
    endloop
  endfacet
  facet normal -0.908059 0.243364 -0.340884
    outer loop
      vertex 0.296699 24.6199 1.15476
      vertex 0.0974979 24.3355 1.48236
      vertex 0.184653 24.6607 1.48236
    endloop
  endfacet
  facet normal -0.852046 0.397254 -0.340892
    outer loop
      vertex 0.296699 24.6199 1.15476
      vertex 0.184653 24.6607 1.48236
      vertex 0.430229 24.9063 1.15476
    endloop
  endfacet
  facet normal -0.837296 0.224421 -0.498568
    outer loop
      vertex 0.460498 24.5603 0.852848
      vertex 0.214923 24.3148 1.15476
      vertex 0.296699 24.6199 1.15476
    endloop
  endfacet
  facet normal -0.863545 0.075541 -0.498581
    outer loop
      vertex 0.386586 24.2845 0.852848
      vertex 0.187385 24 1.15476
      vertex 0.214923 24.3148 1.15476
    endloop
  endfacet
  facet normal 0.143884 0.0986301 -0.984667
    outer loop
      vertex 218.151 24.0872 0.00761127
      vertex 218.134 24.112 0.00761127
      vertex 218.397 24.3327 0.0681486
    endloop
  endfacet
  facet normal 0.280459 0.197506 -0.939326
    outer loop
      vertex 218.732 24.4226 0.187385
      vertex 218.448 24.2588 0.0681486
      vertex 218.647 24.5433 0.187385
    endloop
  endfacet
  facet normal -0.0150684 0.173653 -0.984692
    outer loop
      vertex 1.96973 24.1717 0.00761127
      vertex 1.91011 24.5098 0.0681486
      vertex 2 24.5176 0.0681486
    endloop
  endfacet
  facet normal -0.100042 0.142743 -0.984691
    outer loop
      vertex 1.91284 24.151 0.00761127
      vertex 1.66727 24.3965 0.0681486
      vertex 1.74118 24.4483 0.0681486
    endloop
  endfacet
  facet normal -0.100254 0.142532 -0.9847
    outer loop
      vertex 1.88796 24.1335 0.00761127
      vertex 1.66727 24.3965 0.0681486
      vertex 1.91284 24.151 0.00761127
    endloop
  endfacet
  facet normal 0.641909 0.0547814 -0.764822
    outer loop
      vertex 219.147 24 0.361696
      vertex 219.13 24.1992 0.361696
      vertex 219.414 24 0.585787
    endloop
  endfacet
  facet normal 0.483655 0.129156 -0.865677
    outer loop
      vertex 218.832 24.1468 0.187385
      vertex 218.794 24.2891 0.187385
      vertex 219.13 24.1992 0.361696
    endloop
  endfacet
  facet normal 0.483822 0.130289 -0.865414
    outer loop
      vertex 219.13 24.1992 0.361696
      vertex 218.794 24.2891 0.187385
      vertex 219.078 24.3923 0.361696
    endloop
  endfacet
  facet normal 0.45649 0.455443 -0.764323
    outer loop
      vertex 218.879 24.7374 0.361696
      vertex 218.909 25.0834 0.585787
      vertex 219.083 24.909 0.585787
    endloop
  endfacet
  facet normal 0.454271 0.456199 -0.765193
    outer loop
      vertex 218.909 25.0834 0.585787
      vertex 218.879 24.7374 0.361696
      vertex 218.737 24.8788 0.361696
    endloop
  endfacet
  facet normal 0.564226 0.807251 -0.17319
    outer loop
      vertex 219.242 25.4799 1.48236
      vertex 218.996 25.7255 1.82569
      vertex 219.281 25.5263 1.82569
    endloop
  endfacet
  facet normal 0.786149 0.367416 -0.496967
    outer loop
      vertex 219.54 24.5603 0.852848
      vertex 219.419 24.8192 0.852848
      vertex 219.703 24.6199 1.15476
    endloop
  endfacet
  facet normal 0.893164 0.415561 -0.171951
    outer loop
      vertex 219.815 24.6607 1.48236
      vertex 219.673 24.9659 1.48236
      vertex 219.725 24.9962 1.82569
    endloop
  endfacet
  facet normal 0.862992 0.0767591 -0.499352
    outer loop
      vertex 219.813 24 1.15476
      vertex 219.613 24.2845 0.852848
      vertex 219.785 24.3148 1.15476
    endloop
  endfacet
  facet normal 0.397622 0.851835 -0.340989
    outer loop
      vertex 218.906 25.5698 1.15476
      vertex 218.62 25.7033 1.15476
      vertex 218.661 25.8153 1.48236
    endloop
  endfacet
  facet normal 0.397441 0.851858 -0.341142
    outer loop
      vertex 218.906 25.5698 1.15476
      vertex 218.661 25.8153 1.48236
      vertex 218.966 25.673 1.48236
    endloop
  endfacet
  facet normal 0.564645 0.807053 -0.172748
    outer loop
      vertex 219.242 25.4799 1.48236
      vertex 218.966 25.673 1.48236
      vertex 218.996 25.7255 1.82569
    endloop
  endfacet
  facet normal 0.41041 0.289021 -0.864887
    outer loop
      vertex 218.732 24.4226 0.187385
      vertex 218.647 24.5433 0.187385
      vertex 218.993 24.5736 0.361696
    endloop
  endfacet
  facet normal 0.455284 0.211443 -0.864875
    outer loop
      vertex 218.794 24.2891 0.187385
      vertex 218.732 24.4226 0.187385
      vertex 218.993 24.5736 0.361696
    endloop
  endfacet
  facet normal 0.0891386 0.331413 -0.939266
    outer loop
      vertex 218.177 24.4864 0.0681486
      vertex 218.09 24.5098 0.0681486
      vertex 218.147 24.8324 0.187385
    endloop
  endfacet
  facet normal 0.029771 0.341902 -0.939264
    outer loop
      vertex 218.09 24.5098 0.0681486
      vertex 218 24.8452 0.187385
      vertex 218.147 24.8324 0.187385
    endloop
  endfacet
  facet normal 0.211388 0.45467 -0.865211
    outer loop
      vertex 218.423 24.732 0.187385
      vertex 218.289 24.7943 0.187385
      vertex 218.574 24.9935 0.361696
    endloop
  endfacet
  facet normal 0.288711 0.410003 -0.865184
    outer loop
      vertex 218.543 24.6475 0.187385
      vertex 218.423 24.732 0.187385
      vertex 218.574 24.9935 0.361696
    endloop
  endfacet
  facet normal 0.710342 0.4968 0.498602
    outer loop
      vertex 219.57 24.9063 4.84524
      vertex 219.389 25.1651 4.84524
      vertex 219.419 24.8192 5.14715
    endloop
  endfacet
  facet normal 0.770505 0.53899 0.340311
    outer loop
      vertex 219.673 24.9659 4.51764
      vertex 219.48 25.2418 4.51764
      vertex 219.57 24.9063 4.84524
    endloop
  endfacet
  facet normal 0.664708 0.664429 0.34161
    outer loop
      vertex 219.165 25.3885 4.84524
      vertex 219.48 25.2418 4.51764
      vertex 219.242 25.4799 4.51764
    endloop
  endfacet
  facet normal 0.664006 0.665789 0.340325
    outer loop
      vertex 219.48 25.2418 4.51764
      vertex 219.165 25.3885 4.84524
      vertex 219.389 25.1651 4.84524
    endloop
  endfacet
  facet normal 0.311054 0.14446 0.939349
    outer loop
      vertex 218.732 24.4226 5.81262
      vertex 218.486 24.177 5.93185
      vertex 218.794 24.2891 5.81262
    endloop
  endfacet
  facet normal 0.455302 0.211451 0.864863
    outer loop
      vertex 218.993 24.5736 5.6383
      vertex 218.732 24.4226 5.81262
      vertex 218.794 24.2891 5.81262
    endloop
  endfacet
  facet normal 0 0 1
    outer loop
      vertex 218 24.1743 5.99239
      vertex 218.174 24 5.99239
      vertex 218.172 24.0303 5.99239
    endloop
  endfacet
  facet normal 0 0 1
    outer loop
      vertex 218 24.1743 5.99239
      vertex 218.172 24.0303 5.99239
      vertex 218.164 24.0596 5.99239
    endloop
  endfacet
  facet normal 0 0 1
    outer loop
      vertex 218 24.1743 5.99239
      vertex 218.164 24.0596 5.99239
      vertex 218.151 24.0872 5.99239
    endloop
  endfacet
  facet normal 0 0 1
    outer loop
      vertex 218 24.1743 5.99239
      vertex 218.151 24.0872 5.99239
      vertex 218.134 24.112 5.99239
    endloop
  endfacet
  facet normal 0 0 1
    outer loop
      vertex 218 24.1743 5.99239
      vertex 218.134 24.112 5.99239
      vertex 218.112 24.1335 5.99239
    endloop
  endfacet
  facet normal 0 0 1
    outer loop
      vertex 218 24.1743 5.99239
      vertex 218.112 24.1335 5.99239
      vertex 218.087 24.151 5.99239
    endloop
  endfacet
  facet normal 0 0 1
    outer loop
      vertex 218 24.1743 5.99239
      vertex 218.087 24.151 5.99239
      vertex 218.06 24.1638 5.99239
    endloop
  endfacet
  facet normal 0 0 1
    outer loop
      vertex 218 24.1743 5.99239
      vertex 218.06 24.1638 5.99239
      vertex 218.03 24.1717 5.99239
    endloop
  endfacet
  facet normal 0 0 1
    outer loop
      vertex 218.174 24 5.99239
      vertex 218 24.1743 5.99239
      vertex 218 7.99239 5.99239
    endloop
  endfacet
  facet normal 0 0 1
    outer loop
      vertex 218.174 24 5.99239
      vertex 218 7.99239 5.99239
      vertex 218.174 7.97714 5.99239
    endloop
  endfacet
  facet normal 0 0 1
    outer loop
      vertex 218 24.1743 5.99239
      vertex 197.992 17 5.99239
      vertex 218 7.99239 5.99239
    endloop
  endfacet
  facet normal 0 0 1
    outer loop
      vertex 218 24.1743 5.99239
      vertex 197.953 17.4488 5.99239
      vertex 197.992 17 5.99239
    endloop
  endfacet
  facet normal 0 0 1
    outer loop
      vertex 218 24.1743 5.99239
      vertex 197.947 17.5196 5.99239
      vertex 197.953 17.4488 5.99239
    endloop
  endfacet
  facet normal 0 0 1
    outer loop
      vertex 218 24.1743 5.99239
      vertex 197.812 18.0234 5.99239
      vertex 197.947 17.5196 5.99239
    endloop
  endfacet
  facet normal 0 0 1
    outer loop
      vertex 218 24.1743 5.99239
      vertex 197.591 18.4961 5.99239
      vertex 197.812 18.0234 5.99239
    endloop
  endfacet
  facet normal 0 0 1
    outer loop
      vertex 218 24.1743 5.99239
      vertex 197.292 18.9233 5.99239
      vertex 197.591 18.4961 5.99239
    endloop
  endfacet
  facet normal 0 0 1
    outer loop
      vertex 218 24.1743 5.99239
      vertex 196.923 19.2921 5.99239
      vertex 197.292 18.9233 5.99239
    endloop
  endfacet
  facet normal 0 0 1
    outer loop
      vertex 218 24.1743 5.99239
      vertex 196.496 19.5913 5.99239
      vertex 196.923 19.2921 5.99239
    endloop
  endfacet
  facet normal 0 0 1
    outer loop
      vertex 218 24.1743 5.99239
      vertex 196.023 19.8117 5.99239
      vertex 196.496 19.5913 5.99239
    endloop
  endfacet
  facet normal 0 0 1
    outer loop
      vertex 218 24.1743 5.99239
      vertex 195.52 19.9467 5.99239
      vertex 196.023 19.8117 5.99239
    endloop
  endfacet
  facet normal 0 0 1
    outer loop
      vertex 218 24.1743 5.99239
      vertex 195.449 19.9529 5.99239
      vertex 195.52 19.9467 5.99239
    endloop
  endfacet
  facet normal 0 0 1
    outer loop
      vertex 218 24.1743 5.99239
      vertex 195 19.9922 5.99239
      vertex 195.449 19.9529 5.99239
    endloop
  endfacet
  facet normal 0 0 1
    outer loop
      vertex 218 24.1743 5.99239
      vertex 194.551 19.9529 5.99239
      vertex 195 19.9922 5.99239
    endloop
  endfacet
  facet normal 0 0 1
    outer loop
      vertex 218 24.1743 5.99239
      vertex 194.48 19.9467 5.99239
      vertex 194.551 19.9529 5.99239
    endloop
  endfacet
  facet normal 0 0 1
    outer loop
      vertex 140.953 17.4488 5.99239
      vertex 192.047 17.4488 5.99239
      vertex 192.053 17.5196 5.99239
    endloop
  endfacet
  facet normal 0 0 1
    outer loop
      vertex 192.047 17.4488 5.99239
      vertex 140.992 17 5.99239
      vertex 192.008 17 5.99239
    endloop
  endfacet
  facet normal 0 0 1
    outer loop
      vertex 140.947 17.5196 5.99239
      vertex 192.053 17.5196 5.99239
      vertex 192.188 18.0234 5.99239
    endloop
  endfacet
  facet normal 0 0 1
    outer loop
      vertex 140.812 18.0234 5.99239
      vertex 192.188 18.0234 5.99239
      vertex 192.409 18.4961 5.99239
    endloop
  endfacet
  facet normal 0 0 1
    outer loop
      vertex 140.591 18.4961 5.99239
      vertex 192.409 18.4961 5.99239
      vertex 192.708 18.9233 5.99239
    endloop
  endfacet
  facet normal 0 0 1
    outer loop
      vertex 140.292 18.9233 5.99239
      vertex 192.708 18.9233 5.99239
      vertex 193.077 19.2921 5.99239
    endloop
  endfacet
  facet normal 0 0 1
    outer loop
      vertex 139.923 19.2921 5.99239
      vertex 193.077 19.2921 5.99239
      vertex 193.504 19.5913 5.99239
    endloop
  endfacet
  facet normal 0 0 1
    outer loop
      vertex 139.496 19.5913 5.99239
      vertex 193.504 19.5913 5.99239
      vertex 193.977 19.8117 5.99239
    endloop
  endfacet
  facet normal 0 0 1
    outer loop
      vertex 139.023 19.8117 5.99239
      vertex 193.977 19.8117 5.99239
      vertex 194.48 19.9467 5.99239
    endloop
  endfacet
  facet normal 0 0 1
    outer loop
      vertex 138.52 19.9467 5.99239
      vertex 194.48 19.9467 5.99239
      vertex 218 24.1743 5.99239
    endloop
  endfacet
  facet normal 0 0 1
    outer loop
      vertex 192.047 17.4488 5.99239
      vertex 140.953 17.4488 5.99239
      vertex 140.992 17 5.99239
    endloop
  endfacet
  facet normal 0 0 1
    outer loop
      vertex 192.053 17.5196 5.99239
      vertex 140.947 17.5196 5.99239
      vertex 140.953 17.4488 5.99239
    endloop
  endfacet
  facet normal 0 0 1
    outer loop
      vertex 192.188 18.0234 5.99239
      vertex 140.812 18.0234 5.99239
      vertex 140.947 17.5196 5.99239
    endloop
  endfacet
  facet normal 0 0 1
    outer loop
      vertex 192.409 18.4961 5.99239
      vertex 140.591 18.4961 5.99239
      vertex 140.812 18.0234 5.99239
    endloop
  endfacet
  facet normal 0 0 1
    outer loop
      vertex 192.708 18.9233 5.99239
      vertex 140.292 18.9233 5.99239
      vertex 140.591 18.4961 5.99239
    endloop
  endfacet
  facet normal 0 0 1
    outer loop
      vertex 193.077 19.2921 5.99239
      vertex 139.923 19.2921 5.99239
      vertex 140.292 18.9233 5.99239
    endloop
  endfacet
  facet normal 0 0 1
    outer loop
      vertex 193.504 19.5913 5.99239
      vertex 139.496 19.5913 5.99239
      vertex 139.923 19.2921 5.99239
    endloop
  endfacet
  facet normal 0 0 1
    outer loop
      vertex 193.977 19.8117 5.99239
      vertex 139.023 19.8117 5.99239
      vertex 139.496 19.5913 5.99239
    endloop
  endfacet
  facet normal 0 0 1
    outer loop
      vertex 194.48 19.9467 5.99239
      vertex 138.52 19.9467 5.99239
      vertex 139.023 19.8117 5.99239
    endloop
  endfacet
  facet normal 0 0 1
    outer loop
      vertex 218 24.1743 5.99239
      vertex 138.449 19.9529 5.99239
      vertex 138.52 19.9467 5.99239
    endloop
  endfacet
  facet normal 0 0 1
    outer loop
      vertex 218 24.1743 5.99239
      vertex 138 19.9922 5.99239
      vertex 138.449 19.9529 5.99239
    endloop
  endfacet
  facet normal 0 0 1
    outer loop
      vertex 84.9529 17.4488 5.99239
      vertex 135.047 17.4488 5.99239
      vertex 135.053 17.5196 5.99239
    endloop
  endfacet
  facet normal 0 0 1
    outer loop
      vertex 135.047 17.4488 5.99239
      vertex 84.9922 17 5.99239
      vertex 135.008 17 5.99239
    endloop
  endfacet
  facet normal 0 0 1
    outer loop
      vertex 84.9467 17.5196 5.99239
      vertex 135.053 17.5196 5.99239
      vertex 135.188 18.0234 5.99239
    endloop
  endfacet
  facet normal 0 0 1
    outer loop
      vertex 84.8117 18.0234 5.99239
      vertex 135.188 18.0234 5.99239
      vertex 135.409 18.4961 5.99239
    endloop
  endfacet
  facet normal 0 0 1
    outer loop
      vertex 84.5913 18.4961 5.99239
      vertex 135.409 18.4961 5.99239
      vertex 135.708 18.9233 5.99239
    endloop
  endfacet
  facet normal 0 0 1
    outer loop
      vertex 84.2921 18.9233 5.99239
      vertex 135.708 18.9233 5.99239
      vertex 136.077 19.2921 5.99239
    endloop
  endfacet
  facet normal 0 0 1
    outer loop
      vertex 83.9233 19.2921 5.99239
      vertex 136.077 19.2921 5.99239
      vertex 136.504 19.5913 5.99239
    endloop
  endfacet
  facet normal 0 0 1
    outer loop
      vertex 83.4961 19.5913 5.99239
      vertex 136.504 19.5913 5.99239
      vertex 136.977 19.8117 5.99239
    endloop
  endfacet
  facet normal 0 0 1
    outer loop
      vertex 83.0234 19.8117 5.99239
      vertex 136.977 19.8117 5.99239
      vertex 137.48 19.9467 5.99239
    endloop
  endfacet
  facet normal 0 0 1
    outer loop
      vertex 82.5196 19.9467 5.99239
      vertex 137.48 19.9467 5.99239
      vertex 137.551 19.9529 5.99239
    endloop
  endfacet
  facet normal 0 0 1
    outer loop
      vertex 82.5196 19.9467 5.99239
      vertex 137.551 19.9529 5.99239
      vertex 138 19.9922 5.99239
    endloop
  endfacet
  facet normal 0 0 1
    outer loop
      vertex 135.047 17.4488 5.99239
      vertex 84.9529 17.4488 5.99239
      vertex 84.9922 17 5.99239
    endloop
  endfacet
  facet normal 0 0 1
    outer loop
      vertex 82 19.9922 5.99239
      vertex 138 19.9922 5.99239
      vertex 218 24.1743 5.99239
    endloop
  endfacet
  facet normal 0 0 1
    outer loop
      vertex 135.053 17.5196 5.99239
      vertex 84.9467 17.5196 5.99239
      vertex 84.9529 17.4488 5.99239
    endloop
  endfacet
  facet normal 0 0 1
    outer loop
      vertex 135.188 18.0234 5.99239
      vertex 84.8117 18.0234 5.99239
      vertex 84.9467 17.5196 5.99239
    endloop
  endfacet
  facet normal 0 0 1
    outer loop
      vertex 135.409 18.4961 5.99239
      vertex 84.5913 18.4961 5.99239
      vertex 84.8117 18.0234 5.99239
    endloop
  endfacet
  facet normal 0 0 1
    outer loop
      vertex 135.708 18.9233 5.99239
      vertex 84.2921 18.9233 5.99239
      vertex 84.5913 18.4961 5.99239
    endloop
  endfacet
  facet normal 0 0 1
    outer loop
      vertex 136.077 19.2921 5.99239
      vertex 83.9233 19.2921 5.99239
      vertex 84.2921 18.9233 5.99239
    endloop
  endfacet
  facet normal 0 0 1
    outer loop
      vertex 136.504 19.5913 5.99239
      vertex 83.4961 19.5913 5.99239
      vertex 83.9233 19.2921 5.99239
    endloop
  endfacet
  facet normal 0 0 1
    outer loop
      vertex 136.977 19.8117 5.99239
      vertex 83.0234 19.8117 5.99239
      vertex 83.4961 19.5913 5.99239
    endloop
  endfacet
  facet normal 0 0 1
    outer loop
      vertex 137.48 19.9467 5.99239
      vertex 82.5196 19.9467 5.99239
      vertex 83.0234 19.8117 5.99239
    endloop
  endfacet
  facet normal 0 0 1
    outer loop
      vertex 138 19.9922 5.99239
      vertex 82.4488 19.9529 5.99239
      vertex 82.5196 19.9467 5.99239
    endloop
  endfacet
  facet normal 0 0 1
    outer loop
      vertex 138 19.9922 5.99239
      vertex 82 19.9922 5.99239
      vertex 82.4488 19.9529 5.99239
    endloop
  endfacet
  facet normal 0 0 1
    outer loop
      vertex 27.9529 17.4488 5.99239
      vertex 79.0471 17.4488 5.99239
      vertex 79.0533 17.5196 5.99239
    endloop
  endfacet
  facet normal 0 0 1
    outer loop
      vertex 79.0471 17.4488 5.99239
      vertex 27.9922 17 5.99239
      vertex 79.0078 17 5.99239
    endloop
  endfacet
  facet normal 0 0 1
    outer loop
      vertex 27.9467 17.5196 5.99239
      vertex 79.0533 17.5196 5.99239
      vertex 79.1883 18.0234 5.99239
    endloop
  endfacet
  facet normal 0 0 1
    outer loop
      vertex 27.8117 18.0234 5.99239
      vertex 79.1883 18.0234 5.99239
      vertex 79.4087 18.4961 5.99239
    endloop
  endfacet
  facet normal 0 0 1
    outer loop
      vertex 27.5913 18.4961 5.99239
      vertex 79.4087 18.4961 5.99239
      vertex 79.7079 18.9233 5.99239
    endloop
  endfacet
  facet normal 0 0 1
    outer loop
      vertex 27.2921 18.9233 5.99239
      vertex 79.7079 18.9233 5.99239
      vertex 80.0767 19.2921 5.99239
    endloop
  endfacet
  facet normal 0 0 1
    outer loop
      vertex 26.9233 19.2921 5.99239
      vertex 80.0767 19.2921 5.99239
      vertex 80.5039 19.5913 5.99239
    endloop
  endfacet
  facet normal 0 0 1
    outer loop
      vertex 26.4961 19.5913 5.99239
      vertex 80.5039 19.5913 5.99239
      vertex 80.9766 19.8117 5.99239
    endloop
  endfacet
  facet normal 0 0 1
    outer loop
      vertex 26.0234 19.8117 5.99239
      vertex 80.9766 19.8117 5.99239
      vertex 81.4804 19.9467 5.99239
    endloop
  endfacet
  facet normal 0 0 1
    outer loop
      vertex 2 24.1743 5.99239
      vertex 81.4804 19.9467 5.99239
      vertex 81.5512 19.9529 5.99239
    endloop
  endfacet
  facet normal 0 0 1
    outer loop
      vertex 2 24.1743 5.99239
      vertex 81.5512 19.9529 5.99239
      vertex 82 19.9922 5.99239
    endloop
  endfacet
  facet normal 0 0 1
    outer loop
      vertex 79.0471 17.4488 5.99239
      vertex 27.9529 17.4488 5.99239
      vertex 27.9922 17 5.99239
    endloop
  endfacet
  facet normal 0 0 1
    outer loop
      vertex 79.0533 17.5196 5.99239
      vertex 27.9467 17.5196 5.99239
      vertex 27.9529 17.4488 5.99239
    endloop
  endfacet
  facet normal 0 0 1
    outer loop
      vertex 79.1883 18.0234 5.99239
      vertex 27.8117 18.0234 5.99239
      vertex 27.9467 17.5196 5.99239
    endloop
  endfacet
  facet normal 0 0 1
    outer loop
      vertex 79.4087 18.4961 5.99239
      vertex 27.5913 18.4961 5.99239
      vertex 27.8117 18.0234 5.99239
    endloop
  endfacet
  facet normal -0 0 1
    outer loop
      vertex 2 24.1743 5.99239
      vertex 82 19.9922 5.99239
      vertex 218 24.1743 5.99239
    endloop
  endfacet
  facet normal 0 0 1
    outer loop
      vertex 79.7079 18.9233 5.99239
      vertex 27.2921 18.9233 5.99239
      vertex 27.5913 18.4961 5.99239
    endloop
  endfacet
  facet normal 0 0 1
    outer loop
      vertex 80.0767 19.2921 5.99239
      vertex 26.9233 19.2921 5.99239
      vertex 27.2921 18.9233 5.99239
    endloop
  endfacet
  facet normal 0 0 1
    outer loop
      vertex 80.5039 19.5913 5.99239
      vertex 26.4961 19.5913 5.99239
      vertex 26.9233 19.2921 5.99239
    endloop
  endfacet
  facet normal 0 0 1
    outer loop
      vertex 80.9766 19.8117 5.99239
      vertex 26.0234 19.8117 5.99239
      vertex 26.4961 19.5913 5.99239
    endloop
  endfacet
  facet normal 0 0 1
    outer loop
      vertex 81.4804 19.9467 5.99239
      vertex 25.5196 19.9467 5.99239
      vertex 26.0234 19.8117 5.99239
    endloop
  endfacet
  facet normal 0 0 1
    outer loop
      vertex 81.4804 19.9467 5.99239
      vertex 2 24.1743 5.99239
      vertex 25.5196 19.9467 5.99239
    endloop
  endfacet
  facet normal 0 0 1
    outer loop
      vertex 25.5196 19.9467 5.99239
      vertex 2 24.1743 5.99239
      vertex 25.4488 19.9529 5.99239
    endloop
  endfacet
  facet normal 0 0 1
    outer loop
      vertex 2 24.1743 5.99239
      vertex 22.0471 17.4488 5.99239
      vertex 22.0533 17.5196 5.99239
    endloop
  endfacet
  facet normal 0 0 1
    outer loop
      vertex 22.0471 17.4488 5.99239
      vertex 2 24.1743 5.99239
      vertex 22.0078 17 5.99239
    endloop
  endfacet
  facet normal 0 0 1
    outer loop
      vertex 22.1883 18.0234 5.99239
      vertex 2 24.1743 5.99239
      vertex 22.0533 17.5196 5.99239
    endloop
  endfacet
  facet normal 0 0 1
    outer loop
      vertex 22.4087 18.4961 5.99239
      vertex 2 24.1743 5.99239
      vertex 22.1883 18.0234 5.99239
    endloop
  endfacet
  facet normal 0 0 1
    outer loop
      vertex 22.7079 18.9233 5.99239
      vertex 2 24.1743 5.99239
      vertex 22.4087 18.4961 5.99239
    endloop
  endfacet
  facet normal 0 0 1
    outer loop
      vertex 23.0767 19.2921 5.99239
      vertex 2 24.1743 5.99239
      vertex 22.7079 18.9233 5.99239
    endloop
  endfacet
  facet normal 0 0 1
    outer loop
      vertex 23.5039 19.5913 5.99239
      vertex 2 24.1743 5.99239
      vertex 23.0767 19.2921 5.99239
    endloop
  endfacet
  facet normal 0 0 1
    outer loop
      vertex 23.9766 19.8117 5.99239
      vertex 2 24.1743 5.99239
      vertex 23.5039 19.5913 5.99239
    endloop
  endfacet
  facet normal 0 0 1
    outer loop
      vertex 24.4804 19.9467 5.99239
      vertex 2 24.1743 5.99239
      vertex 23.9766 19.8117 5.99239
    endloop
  endfacet
  facet normal 0 0 1
    outer loop
      vertex 24.5512 19.9529 5.99239
      vertex 2 24.1743 5.99239
      vertex 24.4804 19.9467 5.99239
    endloop
  endfacet
  facet normal 0 0 1
    outer loop
      vertex 25 19.9922 5.99239
      vertex 2 24.1743 5.99239
      vertex 24.5512 19.9529 5.99239
    endloop
  endfacet
  facet normal 0 0 1
    outer loop
      vertex 25.4488 19.9529 5.99239
      vertex 2 24.1743 5.99239
      vertex 25 19.9922 5.99239
    endloop
  endfacet
  facet normal -0 0 1
    outer loop
      vertex 197.953 16.5512 5.99239
      vertex 218 7.99239 5.99239
      vertex 197.992 17 5.99239
    endloop
  endfacet
  facet normal -0 0 1
    outer loop
      vertex 197.947 16.4804 5.99239
      vertex 218 7.99239 5.99239
      vertex 197.953 16.5512 5.99239
    endloop
  endfacet
  facet normal -0 0 1
    outer loop
      vertex 197.812 15.9766 5.99239
      vertex 218 7.99239 5.99239
      vertex 197.947 16.4804 5.99239
    endloop
  endfacet
  facet normal -0 0 1
    outer loop
      vertex 197.591 15.5039 5.99239
      vertex 218 7.99239 5.99239
      vertex 197.812 15.9766 5.99239
    endloop
  endfacet
  facet normal -0 0 1
    outer loop
      vertex 197.292 15.0767 5.99239
      vertex 218 7.99239 5.99239
      vertex 197.591 15.5039 5.99239
    endloop
  endfacet
  facet normal -0 0 1
    outer loop
      vertex 196.923 14.7079 5.99239
      vertex 218 7.99239 5.99239
      vertex 197.292 15.0767 5.99239
    endloop
  endfacet
  facet normal -0 0 1
    outer loop
      vertex 196.496 14.4087 5.99239
      vertex 218 7.99239 5.99239
      vertex 196.923 14.7079 5.99239
    endloop
  endfacet
  facet normal -0 0 1
    outer loop
      vertex 196.023 14.1883 5.99239
      vertex 218 7.99239 5.99239
      vertex 196.496 14.4087 5.99239
    endloop
  endfacet
  facet normal -0 0 1
    outer loop
      vertex 195.52 14.0533 5.99239
      vertex 218 7.99239 5.99239
      vertex 196.023 14.1883 5.99239
    endloop
  endfacet
  facet normal -0 0 1
    outer loop
      vertex 195.449 14.0471 5.99239
      vertex 218 7.99239 5.99239
      vertex 195.52 14.0533 5.99239
    endloop
  endfacet
  facet normal -0 0 1
    outer loop
      vertex 195 14.0078 5.99239
      vertex 218 7.99239 5.99239
      vertex 195.449 14.0471 5.99239
    endloop
  endfacet
  facet normal 0 0 1
    outer loop
      vertex 194.551 14.0471 5.99239
      vertex 218 7.99239 5.99239
      vertex 195 14.0078 5.99239
    endloop
  endfacet
  facet normal 0 0 1
    outer loop
      vertex 194.48 14.0533 5.99239
      vertex 218 7.99239 5.99239
      vertex 194.551 14.0471 5.99239
    endloop
  endfacet
  facet normal -0 0 1
    outer loop
      vertex 140.992 17 5.99239
      vertex 192.047 16.5512 5.99239
      vertex 192.008 17 5.99239
    endloop
  endfacet
  facet normal 0 0 1
    outer loop
      vertex 140.953 16.5512 5.99239
      vertex 192.047 16.5512 5.99239
      vertex 140.992 17 5.99239
    endloop
  endfacet
  facet normal 0 0 1
    outer loop
      vertex 192.047 16.5512 5.99239
      vertex 140.953 16.5512 5.99239
      vertex 192.053 16.4804 5.99239
    endloop
  endfacet
  facet normal 0 0 1
    outer loop
      vertex 140.947 16.4804 5.99239
      vertex 192.053 16.4804 5.99239
      vertex 140.953 16.5512 5.99239
    endloop
  endfacet
  facet normal 0 0 1
    outer loop
      vertex 192.053 16.4804 5.99239
      vertex 140.947 16.4804 5.99239
      vertex 192.188 15.9766 5.99239
    endloop
  endfacet
  facet normal 0 0 1
    outer loop
      vertex 140.812 15.9766 5.99239
      vertex 192.188 15.9766 5.99239
      vertex 140.947 16.4804 5.99239
    endloop
  endfacet
  facet normal 0 0 1
    outer loop
      vertex 192.188 15.9766 5.99239
      vertex 140.812 15.9766 5.99239
      vertex 192.409 15.5039 5.99239
    endloop
  endfacet
  facet normal 0 0 1
    outer loop
      vertex 140.591 15.5039 5.99239
      vertex 192.409 15.5039 5.99239
      vertex 140.812 15.9766 5.99239
    endloop
  endfacet
  facet normal 0 0 1
    outer loop
      vertex 192.409 15.5039 5.99239
      vertex 140.591 15.5039 5.99239
      vertex 192.708 15.0767 5.99239
    endloop
  endfacet
  facet normal 0 0 1
    outer loop
      vertex 140.292 15.0767 5.99239
      vertex 192.708 15.0767 5.99239
      vertex 140.591 15.5039 5.99239
    endloop
  endfacet
  facet normal 0 0 1
    outer loop
      vertex 192.708 15.0767 5.99239
      vertex 140.292 15.0767 5.99239
      vertex 193.077 14.7079 5.99239
    endloop
  endfacet
  facet normal 0 0 1
    outer loop
      vertex 139.923 14.7079 5.99239
      vertex 193.077 14.7079 5.99239
      vertex 140.292 15.0767 5.99239
    endloop
  endfacet
  facet normal 0 0 1
    outer loop
      vertex 193.077 14.7079 5.99239
      vertex 139.923 14.7079 5.99239
      vertex 193.504 14.4087 5.99239
    endloop
  endfacet
  facet normal 0 0 1
    outer loop
      vertex 139.496 14.4087 5.99239
      vertex 193.504 14.4087 5.99239
      vertex 139.923 14.7079 5.99239
    endloop
  endfacet
  facet normal 0 0 1
    outer loop
      vertex 193.504 14.4087 5.99239
      vertex 139.496 14.4087 5.99239
      vertex 193.977 14.1883 5.99239
    endloop
  endfacet
  facet normal 0 0 1
    outer loop
      vertex 139.023 14.1883 5.99239
      vertex 193.977 14.1883 5.99239
      vertex 139.496 14.4087 5.99239
    endloop
  endfacet
  facet normal 0 0 1
    outer loop
      vertex 193.977 14.1883 5.99239
      vertex 139.023 14.1883 5.99239
      vertex 194.48 14.0533 5.99239
    endloop
  endfacet
  facet normal 0 0 1
    outer loop
      vertex 138.52 14.0533 5.99239
      vertex 194.48 14.0533 5.99239
      vertex 139.023 14.1883 5.99239
    endloop
  endfacet
  facet normal 0 0 1
    outer loop
      vertex 194.48 14.0533 5.99239
      vertex 138.52 14.0533 5.99239
      vertex 218 7.99239 5.99239
    endloop
  endfacet
  facet normal -0 0 1
    outer loop
      vertex 138.449 14.0471 5.99239
      vertex 218 7.99239 5.99239
      vertex 138.52 14.0533 5.99239
    endloop
  endfacet
  facet normal -0 0 1
    outer loop
      vertex 138 14.0078 5.99239
      vertex 218 7.99239 5.99239
      vertex 138.449 14.0471 5.99239
    endloop
  endfacet
  facet normal -0 0 1
    outer loop
      vertex 84.9922 17 5.99239
      vertex 135.047 16.5512 5.99239
      vertex 135.008 17 5.99239
    endloop
  endfacet
  facet normal 0 0 1
    outer loop
      vertex 84.9529 16.5512 5.99239
      vertex 135.047 16.5512 5.99239
      vertex 84.9922 17 5.99239
    endloop
  endfacet
  facet normal 0 0 1
    outer loop
      vertex 135.047 16.5512 5.99239
      vertex 84.9529 16.5512 5.99239
      vertex 135.053 16.4804 5.99239
    endloop
  endfacet
  facet normal 0 0 1
    outer loop
      vertex 84.9467 16.4804 5.99239
      vertex 135.053 16.4804 5.99239
      vertex 84.9529 16.5512 5.99239
    endloop
  endfacet
  facet normal 0 0 1
    outer loop
      vertex 135.053 16.4804 5.99239
      vertex 84.9467 16.4804 5.99239
      vertex 135.188 15.9766 5.99239
    endloop
  endfacet
  facet normal 0 0 1
    outer loop
      vertex 84.8117 15.9766 5.99239
      vertex 135.188 15.9766 5.99239
      vertex 84.9467 16.4804 5.99239
    endloop
  endfacet
  facet normal 0 0 1
    outer loop
      vertex 135.188 15.9766 5.99239
      vertex 84.8117 15.9766 5.99239
      vertex 135.409 15.5039 5.99239
    endloop
  endfacet
  facet normal 0 0 1
    outer loop
      vertex 84.5913 15.5039 5.99239
      vertex 135.409 15.5039 5.99239
      vertex 84.8117 15.9766 5.99239
    endloop
  endfacet
  facet normal 0 0 1
    outer loop
      vertex 135.409 15.5039 5.99239
      vertex 84.5913 15.5039 5.99239
      vertex 135.708 15.0767 5.99239
    endloop
  endfacet
  facet normal 0 0 1
    outer loop
      vertex 84.2921 15.0767 5.99239
      vertex 135.708 15.0767 5.99239
      vertex 84.5913 15.5039 5.99239
    endloop
  endfacet
  facet normal 0 0 1
    outer loop
      vertex 135.708 15.0767 5.99239
      vertex 84.2921 15.0767 5.99239
      vertex 136.077 14.7079 5.99239
    endloop
  endfacet
  facet normal 0 0 1
    outer loop
      vertex 83.9233 14.7079 5.99239
      vertex 136.077 14.7079 5.99239
      vertex 84.2921 15.0767 5.99239
    endloop
  endfacet
  facet normal 0 0 1
    outer loop
      vertex 136.077 14.7079 5.99239
      vertex 83.9233 14.7079 5.99239
      vertex 136.504 14.4087 5.99239
    endloop
  endfacet
  facet normal 0 0 1
    outer loop
      vertex 83.4961 14.4087 5.99239
      vertex 136.504 14.4087 5.99239
      vertex 83.9233 14.7079 5.99239
    endloop
  endfacet
  facet normal 0 0 1
    outer loop
      vertex 136.504 14.4087 5.99239
      vertex 83.4961 14.4087 5.99239
      vertex 136.977 14.1883 5.99239
    endloop
  endfacet
  facet normal 0 0 1
    outer loop
      vertex 83.0234 14.1883 5.99239
      vertex 136.977 14.1883 5.99239
      vertex 83.4961 14.4087 5.99239
    endloop
  endfacet
  facet normal 0 0 1
    outer loop
      vertex 136.977 14.1883 5.99239
      vertex 83.0234 14.1883 5.99239
      vertex 137.48 14.0533 5.99239
    endloop
  endfacet
  facet normal 0 0 1
    outer loop
      vertex 82.5196 14.0533 5.99239
      vertex 137.48 14.0533 5.99239
      vertex 83.0234 14.1883 5.99239
    endloop
  endfacet
  facet normal 0 0 1
    outer loop
      vertex 137.48 14.0533 5.99239
      vertex 82.5196 14.0533 5.99239
      vertex 137.551 14.0471 5.99239
    endloop
  endfacet
  facet normal 0 0 1
    outer loop
      vertex 137.551 14.0471 5.99239
      vertex 82.5196 14.0533 5.99239
      vertex 138 14.0078 5.99239
    endloop
  endfacet
  facet normal -0 0 1
    outer loop
      vertex 82.4488 14.0471 5.99239
      vertex 138 14.0078 5.99239
      vertex 82.5196 14.0533 5.99239
    endloop
  endfacet
  facet normal 0 0 1
    outer loop
      vertex 82 14.0078 5.99239
      vertex 138 14.0078 5.99239
      vertex 82.4488 14.0471 5.99239
    endloop
  endfacet
  facet normal 0 0 1
    outer loop
      vertex 138 14.0078 5.99239
      vertex 82 14.0078 5.99239
      vertex 218 7.99239 5.99239
    endloop
  endfacet
  facet normal 0 0 -1
    outer loop
      vertex 81.4804 14.0533 5.99239
      vertex 82 14.0078 5.99239
      vertex 81.5512 14.0471 5.99239
    endloop
  endfacet
  facet normal -0 0 1
    outer loop
      vertex 27.9922 17 5.99239
      vertex 79.0471 16.5512 5.99239
      vertex 79.0078 17 5.99239
    endloop
  endfacet
  facet normal 0 0 1
    outer loop
      vertex 27.9529 16.5512 5.99239
      vertex 79.0471 16.5512 5.99239
      vertex 27.9922 17 5.99239
    endloop
  endfacet
  facet normal 0 0 1
    outer loop
      vertex 79.0471 16.5512 5.99239
      vertex 27.9529 16.5512 5.99239
      vertex 79.0533 16.4804 5.99239
    endloop
  endfacet
  facet normal 0 0 1
    outer loop
      vertex 27.9467 16.4804 5.99239
      vertex 79.0533 16.4804 5.99239
      vertex 27.9529 16.5512 5.99239
    endloop
  endfacet
  facet normal 0 0 1
    outer loop
      vertex 79.0533 16.4804 5.99239
      vertex 27.9467 16.4804 5.99239
      vertex 79.1883 15.9766 5.99239
    endloop
  endfacet
  facet normal 0 0 1
    outer loop
      vertex 27.8117 15.9766 5.99239
      vertex 79.1883 15.9766 5.99239
      vertex 27.9467 16.4804 5.99239
    endloop
  endfacet
  facet normal 0 0 1
    outer loop
      vertex 79.1883 15.9766 5.99239
      vertex 27.8117 15.9766 5.99239
      vertex 79.4087 15.5039 5.99239
    endloop
  endfacet
  facet normal 0 0 1
    outer loop
      vertex 27.5913 15.5039 5.99239
      vertex 79.4087 15.5039 5.99239
      vertex 27.8117 15.9766 5.99239
    endloop
  endfacet
  facet normal 0 0 1
    outer loop
      vertex 79.4087 15.5039 5.99239
      vertex 27.5913 15.5039 5.99239
      vertex 79.7079 15.0767 5.99239
    endloop
  endfacet
  facet normal 0 0 1
    outer loop
      vertex 27.2921 15.0767 5.99239
      vertex 79.7079 15.0767 5.99239
      vertex 27.5913 15.5039 5.99239
    endloop
  endfacet
  facet normal 0 0 1
    outer loop
      vertex 79.7079 15.0767 5.99239
      vertex 27.2921 15.0767 5.99239
      vertex 80.0767 14.7079 5.99239
    endloop
  endfacet
  facet normal 0 0 1
    outer loop
      vertex 26.9233 14.7079 5.99239
      vertex 80.0767 14.7079 5.99239
      vertex 27.2921 15.0767 5.99239
    endloop
  endfacet
  facet normal 0 0 1
    outer loop
      vertex 80.0767 14.7079 5.99239
      vertex 26.9233 14.7079 5.99239
      vertex 80.5039 14.4087 5.99239
    endloop
  endfacet
  facet normal 0 0 1
    outer loop
      vertex 26.4961 14.4087 5.99239
      vertex 80.5039 14.4087 5.99239
      vertex 26.9233 14.7079 5.99239
    endloop
  endfacet
  facet normal 0 0 1
    outer loop
      vertex 80.5039 14.4087 5.99239
      vertex 26.4961 14.4087 5.99239
      vertex 80.9766 14.1883 5.99239
    endloop
  endfacet
  facet normal 0 0 1
    outer loop
      vertex 26.0234 14.1883 5.99239
      vertex 80.9766 14.1883 5.99239
      vertex 26.4961 14.4087 5.99239
    endloop
  endfacet
  facet normal 0 0 1
    outer loop
      vertex 80.9766 14.1883 5.99239
      vertex 26.0234 14.1883 5.99239
      vertex 81.4804 14.0533 5.99239
    endloop
  endfacet
  facet normal 0 0 1
    outer loop
      vertex 25.5196 14.0533 5.99239
      vertex 81.4804 14.0533 5.99239
      vertex 26.0234 14.1883 5.99239
    endloop
  endfacet
  facet normal 0 0 1
    outer loop
      vertex 2 7.99239 5.99239
      vertex 81.4804 14.0533 5.99239
      vertex 25.5196 14.0533 5.99239
    endloop
  endfacet
  facet normal 0 0 1
    outer loop
      vertex 81.4804 14.0533 5.99239
      vertex 2 7.99239 5.99239
      vertex 82 14.0078 5.99239
    endloop
  endfacet
  facet normal 0 0 1
    outer loop
      vertex 2 7.99239 5.99239
      vertex 25.5196 14.0533 5.99239
      vertex 25.4488 14.0471 5.99239
    endloop
  endfacet
  facet normal 0 0 1
    outer loop
      vertex 2 7.99239 5.99239
      vertex 25.4488 14.0471 5.99239
      vertex 25 14.0078 5.99239
    endloop
  endfacet
  facet normal 0 0 1
    outer loop
      vertex 2 7.99239 5.99239
      vertex 22.0471 16.5512 5.99239
      vertex 22.0078 17 5.99239
    endloop
  endfacet
  facet normal 0 0 1
    outer loop
      vertex 2 7.99239 5.99239
      vertex 22.0078 17 5.99239
      vertex 2 24.1743 5.99239
    endloop
  endfacet
  facet normal 0 0 1
    outer loop
      vertex 22.0471 16.5512 5.99239
      vertex 2 7.99239 5.99239
      vertex 22.0533 16.4804 5.99239
    endloop
  endfacet
  facet normal 0 0 1
    outer loop
      vertex 22.0533 16.4804 5.99239
      vertex 2 7.99239 5.99239
      vertex 22.1883 15.9766 5.99239
    endloop
  endfacet
  facet normal 0 0 1
    outer loop
      vertex 22.1883 15.9766 5.99239
      vertex 2 7.99239 5.99239
      vertex 22.4087 15.5039 5.99239
    endloop
  endfacet
  facet normal 0 0 1
    outer loop
      vertex 22.4087 15.5039 5.99239
      vertex 2 7.99239 5.99239
      vertex 22.7079 15.0767 5.99239
    endloop
  endfacet
  facet normal 0 0 1
    outer loop
      vertex 22.7079 15.0767 5.99239
      vertex 2 7.99239 5.99239
      vertex 23.0767 14.7079 5.99239
    endloop
  endfacet
  facet normal 0 0 1
    outer loop
      vertex 23.0767 14.7079 5.99239
      vertex 2 7.99239 5.99239
      vertex 23.5039 14.4087 5.99239
    endloop
  endfacet
  facet normal 0 0 1
    outer loop
      vertex 82 14.0078 5.99239
      vertex 2 7.99239 5.99239
      vertex 218 7.99239 5.99239
    endloop
  endfacet
  facet normal 0 0 1
    outer loop
      vertex 24.5512 14.0471 5.99239
      vertex 2 7.99239 5.99239
      vertex 25 14.0078 5.99239
    endloop
  endfacet
  facet normal 0 0 1
    outer loop
      vertex 24.4804 14.0533 5.99239
      vertex 2 7.99239 5.99239
      vertex 24.5512 14.0471 5.99239
    endloop
  endfacet
  facet normal 0 0 1
    outer loop
      vertex 23.9766 14.1883 5.99239
      vertex 2 7.99239 5.99239
      vertex 24.4804 14.0533 5.99239
    endloop
  endfacet
  facet normal 0 0 1
    outer loop
      vertex 23.5039 14.4087 5.99239
      vertex 2 7.99239 5.99239
      vertex 23.9766 14.1883 5.99239
    endloop
  endfacet
  facet normal 0 0 1
    outer loop
      vertex 1.82569 24 5.99239
      vertex 2 24.1743 5.99239
      vertex 1.96973 24.1717 5.99239
    endloop
  endfacet
  facet normal 0 0 1
    outer loop
      vertex 1.82569 24 5.99239
      vertex 1.96973 24.1717 5.99239
      vertex 1.94038 24.1638 5.99239
    endloop
  endfacet
  facet normal 0 0 1
    outer loop
      vertex 1.82569 24 5.99239
      vertex 1.94038 24.1638 5.99239
      vertex 1.91284 24.151 5.99239
    endloop
  endfacet
  facet normal 0 0 1
    outer loop
      vertex 1.82569 24 5.99239
      vertex 1.91284 24.151 5.99239
      vertex 1.88796 24.1335 5.99239
    endloop
  endfacet
  facet normal 0 0 1
    outer loop
      vertex 1.82569 24 5.99239
      vertex 1.88796 24.1335 5.99239
      vertex 1.86647 24.112 5.99239
    endloop
  endfacet
  facet normal 0 0 1
    outer loop
      vertex 1.82569 24 5.99239
      vertex 1.86647 24.112 5.99239
      vertex 1.84904 24.0872 5.99239
    endloop
  endfacet
  facet normal 0 0 1
    outer loop
      vertex 1.82569 24 5.99239
      vertex 1.84904 24.0872 5.99239
      vertex 1.8362 24.0596 5.99239
    endloop
  endfacet
  facet normal 0 0 1
    outer loop
      vertex 1.82569 24 5.99239
      vertex 1.8362 24.0596 5.99239
      vertex 1.82834 24.0303 5.99239
    endloop
  endfacet
  facet normal 0 0 1
    outer loop
      vertex 2 24.1743 5.99239
      vertex 1.82569 24 5.99239
      vertex 2 7.99239 5.99239
    endloop
  endfacet
  facet normal 0 0 1
    outer loop
      vertex 2 7.99239 5.99239
      vertex 1.82569 24 5.99239
      vertex 1.82569 7.97714 5.99239
    endloop
  endfacet
  facet normal -0.0435706 0.499598 0.865161
    outer loop
      vertex 2 24.8452 5.81262
      vertex 1.8008 25.1297 5.6383
      vertex 1.85323 24.8324 5.81262
    endloop
  endfacet
  facet normal -0.129682 0.484418 0.865172
    outer loop
      vertex 1.8008 25.1297 5.6383
      vertex 1.71091 24.7943 5.81262
      vertex 1.85323 24.8324 5.81262
    endloop
  endfacet
  facet normal 0.0150495 0.173648 0.984693
    outer loop
      vertex 218.09 24.5098 5.93185
      vertex 218 24.5176 5.93185
      vertex 218.03 24.1717 5.99239
    endloop
  endfacet
  facet normal 0.0452634 0.168287 0.984698
    outer loop
      vertex 218.09 24.5098 5.93185
      vertex 218.03 24.1717 5.99239
      vertex 218.177 24.4864 5.93185
    endloop
  endfacet
  facet normal -0 0.342003 0.939699
    outer loop
      vertex 2 24.8452 5.81262
      vertex 218 24.5176 5.93185
      vertex 218 24.8452 5.81262
    endloop
  endfacet
  facet normal 0 0.342003 0.939699
    outer loop
      vertex 218 24.5176 5.93185
      vertex 2 24.8452 5.81262
      vertex 2 24.5176 5.93185
    endloop
  endfacet
  facet normal -0.0296635 0.341853 0.939285
    outer loop
      vertex 2 24.8452 5.81262
      vertex 1.91011 24.5098 5.93185
      vertex 2 24.5176 5.93185
    endloop
  endfacet
  facet normal -0.0736145 0.15801 0.98469
    outer loop
      vertex 1.82296 24.4864 5.93185
      vertex 1.74118 24.4483 5.93185
      vertex 1.91284 24.151 5.99239
    endloop
  endfacet
  facet normal -0.144923 0.311071 0.939272
    outer loop
      vertex 1.82296 24.4864 5.93185
      vertex 1.57738 24.732 5.81262
      vertex 1.74118 24.4483 5.93185
    endloop
  endfacet
  facet normal -0.281056 0.196853 0.939285
    outer loop
      vertex 1.60347 24.3327 5.93185
      vertex 1.35251 24.5433 5.81262
      vertex 1.55171 24.2588 5.93185
    endloop
  endfacet
  facet normal -0.242626 0.242626 0.93929
    outer loop
      vertex 1.45669 24.6475 5.81262
      vertex 1.60347 24.3327 5.93185
      vertex 1.66727 24.3965 5.93185
    endloop
  endfacet
  facet normal -0.242657 0.242611 0.939286
    outer loop
      vertex 1.60347 24.3327 5.93185
      vertex 1.45669 24.6475 5.81262
      vertex 1.35251 24.5433 5.81262
    endloop
  endfacet
  facet normal -0.129677 0.484399 -0.865183
    outer loop
      vertex 1.85323 24.8324 0.187385
      vertex 1.71091 24.7943 0.187385
      vertex 1.8008 25.1297 0.361696
    endloop
  endfacet
  facet normal -0.129657 0.484396 -0.865187
    outer loop
      vertex 1.71091 24.7943 0.187385
      vertex 1.60765 25.078 0.361696
      vertex 1.8008 25.1297 0.361696
    endloop
  endfacet
  facet normal -0.0887327 0.331455 -0.939289
    outer loop
      vertex 1.82296 24.4864 0.0681486
      vertex 1.71091 24.7943 0.187385
      vertex 1.85323 24.8324 0.187385
    endloop
  endfacet
  facet normal -0.089 0.331468 -0.939259
    outer loop
      vertex 1.91011 24.5098 0.0681486
      vertex 1.82296 24.4864 0.0681486
      vertex 1.85323 24.8324 0.187385
    endloop
  endfacet
  facet normal -0.281069 0.196862 -0.939279
    outer loop
      vertex 1.55171 24.2588 0.0681486
      vertex 1.35251 24.5433 0.187385
      vertex 1.60347 24.3327 0.0681486
    endloop
  endfacet
  facet normal -0.142773 0.0999991 -0.984691
    outer loop
      vertex 1.84904 24.0872 0.00761127
      vertex 1.55171 24.2588 0.0681486
      vertex 1.60347 24.3327 0.0681486
    endloop
  endfacet
  facet normal -0.454501 0.211861 -0.865184
    outer loop
      vertex 1.20574 24.2891 0.187385
      vertex 0.922029 24.3923 0.361696
      vertex 1.00654 24.5736 0.361696
    endloop
  endfacet
  facet normal -0.310997 0.145039 -0.939279
    outer loop
      vertex 1.51358 24.177 0.0681486
      vertex 1.20574 24.2891 0.187385
      vertex 1.268 24.4226 0.187385
    endloop
  endfacet
  facet normal 0.168359 0.0459683 -0.984653
    outer loop
      vertex 218.172 24.0303 0.00761127
      vertex 218.164 24.0596 0.00761127
      vertex 218.486 24.177 0.0681486
    endloop
  endfacet
  facet normal 0.173306 0.0114393 -0.984802
    outer loop
      vertex 218.174 24 0.00761127
      vertex 218.172 24.0303 0.00761127
      vertex 218.518 24 0.0681486
    endloop
  endfacet
  facet normal -0.16835 0.0451318 -0.984694
    outer loop
      vertex 1.82834 24.0303 0.00761127
      vertex 1.49023 24.0899 0.0681486
      vertex 1.51358 24.177 0.0681486
    endloop
  endfacet
  facet normal -0.173627 0.0151996 -0.984694
    outer loop
      vertex 1.82834 24.0303 0.00761127
      vertex 1.48236 24 0.0681486
      vertex 1.49023 24.0899 0.0681486
    endloop
  endfacet
  facet normal -0.341866 0.0299249 -0.939272
    outer loop
      vertex 1.49023 24.0899 0.0681486
      vertex 1.15476 24 0.187385
      vertex 1.16761 24.1468 0.187385
    endloop
  endfacet
  facet normal -0.341866 0.0299276 -0.939272
    outer loop
      vertex 1.48236 24 0.0681486
      vertex 1.15476 24 0.187385
      vertex 1.49023 24.0899 0.0681486
    endloop
  endfacet
  facet normal -0.69538 0.324282 -0.641318
    outer loop
      vertex 0.671075 24.4837 0.585787
      vertex 0.460498 24.5603 0.852848
      vertex 0.775255 24.7071 0.585787
    endloop
  endfacet
  facet normal -0.583829 0.272262 -0.764864
    outer loop
      vertex 0.922029 24.3923 0.361696
      vertex 0.671075 24.4837 0.585787
      vertex 0.775255 24.7071 0.585787
    endloop
  endfacet
  facet normal -0.936534 0.0819259 -0.340868
    outer loop
      vertex 0.187385 24 1.15476
      vertex 0.0974979 24.3355 1.48236
      vertex 0.214923 24.3148 1.15476
    endloop
  endfacet
  facet normal -0.90806 0.243388 -0.340865
    outer loop
      vertex 0.214923 24.3148 1.15476
      vertex 0.0974979 24.3355 1.48236
      vertex 0.296699 24.6199 1.15476
    endloop
  endfacet
  facet normal 0.34238 0.0303198 -0.939072
    outer loop
      vertex 218.845 24 0.187385
      vertex 218.51 24.0899 0.0681486
      vertex 218.832 24.1468 0.187385
    endloop
  endfacet
  facet normal 0.331428 0.088505 -0.93932
    outer loop
      vertex 218.832 24.1468 0.187385
      vertex 218.486 24.177 0.0681486
      vertex 218.794 24.2891 0.187385
    endloop
  endfacet
  facet normal 0.807189 0.564652 -0.172087
    outer loop
      vertex 219.673 24.9659 1.48236
      vertex 219.48 25.2418 1.48236
      vertex 219.725 24.9962 1.82569
    endloop
  endfacet
  facet normal 0.807205 0.564618 -0.172123
    outer loop
      vertex 219.725 24.9962 1.82569
      vertex 219.48 25.2418 1.48236
      vertex 219.526 25.2807 1.82569
    endloop
  endfacet
  facet normal 0.641951 0.0548899 -0.764778
    outer loop
      vertex 219.414 24 0.585787
      vertex 219.13 24.1992 0.361696
      vertex 219.393 24.2456 0.585787
    endloop
  endfacet
  facet normal 0.622101 0.167526 -0.764804
    outer loop
      vertex 219.13 24.1992 0.361696
      vertex 219.078 24.3923 0.361696
      vertex 219.393 24.2456 0.585787
    endloop
  endfacet
  facet normal 0.770582 0.538931 -0.340229
    outer loop
      vertex 219.57 24.9063 1.15476
      vertex 219.389 25.1651 1.15476
      vertex 219.48 25.2418 1.48236
    endloop
  endfacet
  facet normal 0.572883 0.819637 -0
    outer loop
      vertex 219.281 25.5263 1.82569
      vertex 218.996 25.7255 4.17431
      vertex 219.281 25.5263 4.17431
    endloop
  endfacet
  facet normal 0.572883 0.819637 0
    outer loop
      vertex 218.996 25.7255 4.17431
      vertex 219.281 25.5263 1.82569
      vertex 218.996 25.7255 1.82569
    endloop
  endfacet
  facet normal 0.12999 0.484478 -0.865091
    outer loop
      vertex 218.289 24.7943 0.187385
      vertex 218.147 24.8324 0.187385
      vertex 218.199 25.1297 0.361696
    endloop
  endfacet
  facet normal 0.0889185 0.331402 -0.93929
    outer loop
      vertex 218.177 24.4864 0.0681486
      vertex 218.147 24.8324 0.187385
      vertex 218.289 24.7943 0.187385
    endloop
  endfacet
  facet normal 0.196956 0.281365 -0.939171
    outer loop
      vertex 218.333 24.3965 0.0681486
      vertex 218.259 24.4483 0.0681486
      vertex 218.543 24.6475 0.187385
    endloop
  endfacet
  facet normal 0.0998999 0.142714 -0.984709
    outer loop
      vertex 218.333 24.3965 0.0681486
      vertex 218.087 24.151 0.00761127
      vertex 218.259 24.4483 0.0681486
    endloop
  endfacet
  facet normal 0.709387 0.49739 0.499373
    outer loop
      vertex 219.389 25.1651 4.84524
      vertex 219.255 25.0531 5.14715
      vertex 219.419 24.8192 5.14715
    endloop
  endfacet
  facet normal 0.143498 0.0990312 0.984683
    outer loop
      vertex 218.397 24.3327 5.93185
      vertex 218.151 24.0872 5.99239
      vertex 218.448 24.2588 5.93185
    endloop
  endfacet
  facet normal 0.158239 0.0735097 0.984661
    outer loop
      vertex 218.448 24.2588 5.93185
      vertex 218.151 24.0872 5.99239
      vertex 218.486 24.177 5.93185
    endloop
  endfacet
  facet normal -0.0561881 0.641773 0.764834
    outer loop
      vertex 2 25.4142 5.41421
      vertex 1.75443 25.3927 5.41421
      vertex 1.8008 25.1297 5.6383
    endloop
  endfacet
  facet normal -0.166573 0.622314 0.764839
    outer loop
      vertex 1.75443 25.3927 5.41421
      vertex 1.60765 25.078 5.6383
      vertex 1.8008 25.1297 5.6383
    endloop
  endfacet
  facet normal -0.331453 0.0888145 0.939282
    outer loop
      vertex 1.20574 24.2891 5.81262
      vertex 1.16761 24.1468 5.81262
      vertex 1.51358 24.177 5.93185
    endloop
  endfacet
  facet normal -0.454443 0.211937 0.865196
    outer loop
      vertex 1.268 24.4226 5.81262
      vertex 1.00654 24.5736 5.6383
      vertex 1.20574 24.2891 5.81262
    endloop
  endfacet
  facet normal -0.281115 0.196827 -0.939273
    outer loop
      vertex 1.55171 24.2588 0.0681486
      vertex 1.268 24.4226 0.187385
      vertex 1.35251 24.5433 0.187385
    endloop
  endfacet
  facet normal -0.311043 0.144989 -0.939271
    outer loop
      vertex 1.51358 24.177 0.0681486
      vertex 1.268 24.4226 0.187385
      vertex 1.55171 24.2588 0.0681486
    endloop
  endfacet
  facet normal -0.837291 0.224387 -0.498592
    outer loop
      vertex 0.386586 24.2845 0.852848
      vertex 0.214923 24.3148 1.15476
      vertex 0.460498 24.5603 0.852848
    endloop
  endfacet
  facet normal -0.741104 0.19861 -0.641341
    outer loop
      vertex 0.607272 24.2456 0.585787
      vertex 0.386586 24.2845 0.852848
      vertex 0.460498 24.5603 0.852848
    endloop
  endfacet
  facet normal 0.173638 0.0154516 -0.984688
    outer loop
      vertex 218.518 24 0.0681486
      vertex 218.172 24.0303 0.00761127
      vertex 218.51 24.0899 0.0681486
    endloop
  endfacet
  facet normal 0.168186 0.046343 -0.984665
    outer loop
      vertex 218.51 24.0899 0.0681486
      vertex 218.172 24.0303 0.00761127
      vertex 218.486 24.177 0.0681486
    endloop
  endfacet
  facet normal 0.770505 0.53899 -0.340311
    outer loop
      vertex 219.57 24.9063 1.15476
      vertex 219.48 25.2418 1.48236
      vertex 219.673 24.9659 1.48236
    endloop
  endfacet
  facet normal 0.85258 0.396679 -0.340225
    outer loop
      vertex 219.815 24.6607 1.48236
      vertex 219.57 24.9063 1.15476
      vertex 219.673 24.9659 1.48236
    endloop
  endfacet
  facet normal 0.892374 0.416706 -0.173277
    outer loop
      vertex 219.815 24.6607 1.48236
      vertex 219.725 24.9962 1.82569
      vertex 219.872 24.6814 1.82569
    endloop
  endfacet
  facet normal -0.310982 0.145032 0.939285
    outer loop
      vertex 1.268 24.4226 5.81262
      vertex 1.20574 24.2891 5.81262
      vertex 1.51358 24.177 5.93185
    endloop
  endfacet
  facet normal -0.311029 0.144982 0.939277
    outer loop
      vertex 1.55171 24.2588 5.93185
      vertex 1.268 24.4226 5.81262
      vertex 1.51358 24.177 5.93185
    endloop
  endfacet
  facet normal -0.484364 0.129788 0.865186
    outer loop
      vertex 1.20574 24.2891 5.81262
      vertex 0.870275 24.1992 5.6383
      vertex 1.16761 24.1468 5.81262
    endloop
  endfacet
  facet normal -0.499533 0.0437262 0.86519
    outer loop
      vertex 1.16761 24.1468 5.81262
      vertex 0.870275 24.1992 5.6383
      vertex 1.15476 24 5.81262
    endloop
  endfacet
  facet normal -0.454425 0.211929 -0.865208
    outer loop
      vertex 1.20574 24.2891 0.187385
      vertex 1.00654 24.5736 0.361696
      vertex 1.268 24.4226 0.187385
    endloop
  endfacet
  facet normal -0.410736 0.287583 -0.865212
    outer loop
      vertex 1.268 24.4226 0.187385
      vertex 1.00654 24.5736 0.361696
      vertex 1.35251 24.5433 0.187385
    endloop
  endfacet
  facet normal 0.709388 0.497391 -0.49937
    outer loop
      vertex 219.419 24.8192 0.852848
      vertex 219.255 25.0531 0.852848
      vertex 219.389 25.1651 1.15476
    endloop
  endfacet
  facet normal 0.611885 0.613529 -0.499178
    outer loop
      vertex 219.255 25.0531 0.852848
      vertex 219.165 25.3885 1.15476
      vertex 219.389 25.1651 1.15476
    endloop
  endfacet
  facet normal 0.612844 0.613148 -0.498469
    outer loop
      vertex 219.165 25.3885 1.15476
      vertex 219.255 25.0531 0.852848
      vertex 219.053 25.255 0.852848
    endloop
  endfacet
  facet normal 1 -0 0
    outer loop
      vertex 220 6 49
      vertex 220 8 6
      vertex 220 8 49
    endloop
  endfacet
  facet normal 1 0 0
    outer loop
      vertex 220 8 6
      vertex 220 6 49
      vertex 220 6 6
    endloop
  endfacet
  facet normal -0 0 1
    outer loop
      vertex 219.962 6.34597 49
      vertex 220 6 49
      vertex 220 8 49
    endloop
  endfacet
  facet normal 0 0 1
    outer loop
      vertex 220 6 49
      vertex 219.962 6.34597 49
      vertex 219.992 6 49
    endloop
  endfacet
  facet normal 0 0 1
    outer loop
      vertex 220 8 49
      vertex 219.872 6.68144 49
      vertex 219.962 6.34597 49
    endloop
  endfacet
  facet normal 0 0 1
    outer loop
      vertex 220 8 49
      vertex 219.725 6.99619 49
      vertex 219.872 6.68144 49
    endloop
  endfacet
  facet normal 0 0 1
    outer loop
      vertex 220 8 49
      vertex 219.526 7.28068 49
      vertex 219.725 6.99619 49
    endloop
  endfacet
  facet normal 0 0 1
    outer loop
      vertex 220 8 49
      vertex 219.281 7.52626 49
      vertex 219.526 7.28068 49
    endloop
  endfacet
  facet normal 0 0 1
    outer loop
      vertex 220 8 49
      vertex 218.996 7.72546 49
      vertex 219.281 7.52626 49
    endloop
  endfacet
  facet normal 0 0 1
    outer loop
      vertex 220 8 49
      vertex 218.681 7.87223 49
      vertex 218.996 7.72546 49
    endloop
  endfacet
  facet normal 0 0 1
    outer loop
      vertex 220 8 49
      vertex 218.346 7.96212 49
      vertex 218.681 7.87223 49
    endloop
  endfacet
  facet normal 0 0 1
    outer loop
      vertex 220 8 49
      vertex 218 7.99239 49
      vertex 218.346 7.96212 49
    endloop
  endfacet
  facet normal 0 0 1
    outer loop
      vertex 220 8 49
      vertex 2 7.99239 49
      vertex 218 7.99239 49
    endloop
  endfacet
  facet normal -0 0 1
    outer loop
      vertex 0 8 49
      vertex 2 7.99239 49
      vertex 220 8 49
    endloop
  endfacet
  facet normal 0 0 1
    outer loop
      vertex 0 8 49
      vertex 1.65403 7.96212 49
      vertex 2 7.99239 49
    endloop
  endfacet
  facet normal 0 0 1
    outer loop
      vertex 0 8 49
      vertex 1.31856 7.87223 49
      vertex 1.65403 7.96212 49
    endloop
  endfacet
  facet normal 0 0 1
    outer loop
      vertex 0 8 49
      vertex 1.00381 7.72546 49
      vertex 1.31856 7.87223 49
    endloop
  endfacet
  facet normal 0 0 1
    outer loop
      vertex 0 8 49
      vertex 0.719317 7.52626 49
      vertex 1.00381 7.72546 49
    endloop
  endfacet
  facet normal 0 0 1
    outer loop
      vertex 0 8 49
      vertex 0.473742 7.28068 49
      vertex 0.719317 7.52626 49
    endloop
  endfacet
  facet normal 0 0 1
    outer loop
      vertex 0 8 49
      vertex 0.274541 6.99619 49
      vertex 0.473742 7.28068 49
    endloop
  endfacet
  facet normal 0 0 1
    outer loop
      vertex 0 8 49
      vertex 0.127767 6.68144 49
      vertex 0.274541 6.99619 49
    endloop
  endfacet
  facet normal 0 0 1
    outer loop
      vertex 0 8 49
      vertex 0.0378799 6.34597 49
      vertex 0.127767 6.68144 49
    endloop
  endfacet
  facet normal 0 0 1
    outer loop
      vertex 0 6 49
      vertex 0.0378799 6.34597 49
      vertex 0 8 49
    endloop
  endfacet
  facet normal 0 0 1
    outer loop
      vertex 0.0378799 6.34597 49
      vertex 0 6 49
      vertex 0.00761127 6 49
    endloop
  endfacet
  facet normal 0 0 -1
    outer loop
      vertex 219.962 6.34597 6
      vertex 220 6 6
      vertex 219.992 6 6
    endloop
  endfacet
  facet normal 0 0 -1
    outer loop
      vertex 220 6 6
      vertex 219.962 6.34597 6
      vertex 220 8 6
    endloop
  endfacet
  facet normal 0 0 -1
    outer loop
      vertex 219.872 6.68144 6
      vertex 220 8 6
      vertex 219.962 6.34597 6
    endloop
  endfacet
  facet normal 0 0 -1
    outer loop
      vertex 219.725 6.99619 6
      vertex 220 8 6
      vertex 219.872 6.68144 6
    endloop
  endfacet
  facet normal 0 0 -1
    outer loop
      vertex 219.526 7.28068 6
      vertex 220 8 6
      vertex 219.725 6.99619 6
    endloop
  endfacet
  facet normal 0 0 -1
    outer loop
      vertex 219.281 7.52626 6
      vertex 220 8 6
      vertex 219.526 7.28068 6
    endloop
  endfacet
  facet normal 0 0 -1
    outer loop
      vertex 218.996 7.72546 6
      vertex 220 8 6
      vertex 219.281 7.52626 6
    endloop
  endfacet
  facet normal 0 0 -1
    outer loop
      vertex 218.681 7.87223 6
      vertex 220 8 6
      vertex 218.996 7.72546 6
    endloop
  endfacet
  facet normal 0 0 -1
    outer loop
      vertex 218.346 7.96212 6
      vertex 220 8 6
      vertex 218.681 7.87223 6
    endloop
  endfacet
  facet normal 0 0 -1
    outer loop
      vertex 218 7.99239 6
      vertex 220 8 6
      vertex 218.346 7.96212 6
    endloop
  endfacet
  facet normal 0 0 -1
    outer loop
      vertex 2 7.99239 6
      vertex 220 8 6
      vertex 218 7.99239 6
    endloop
  endfacet
  facet normal 0 0 -1
    outer loop
      vertex 0 6 6
      vertex 0.0378799 6.34597 6
      vertex 0.00761127 6 6
    endloop
  endfacet
  facet normal 0 0 -1
    outer loop
      vertex 2 7.99239 6
      vertex 0 8 6
      vertex 220 8 6
    endloop
  endfacet
  facet normal 0 0 -1
    outer loop
      vertex 1.65403 7.96212 6
      vertex 0 8 6
      vertex 2 7.99239 6
    endloop
  endfacet
  facet normal 0 0 -1
    outer loop
      vertex 1.31856 7.87223 6
      vertex 0 8 6
      vertex 1.65403 7.96212 6
    endloop
  endfacet
  facet normal 0 0 -1
    outer loop
      vertex 1.00381 7.72546 6
      vertex 0 8 6
      vertex 1.31856 7.87223 6
    endloop
  endfacet
  facet normal 0 0 -1
    outer loop
      vertex 0.719317 7.52626 6
      vertex 0 8 6
      vertex 1.00381 7.72546 6
    endloop
  endfacet
  facet normal 0 0 -1
    outer loop
      vertex 0.473742 7.28068 6
      vertex 0 8 6
      vertex 0.719317 7.52626 6
    endloop
  endfacet
  facet normal 0 0 -1
    outer loop
      vertex 0.274541 6.99619 6
      vertex 0 8 6
      vertex 0.473742 7.28068 6
    endloop
  endfacet
  facet normal 0 0 -1
    outer loop
      vertex 0.127767 6.68144 6
      vertex 0 8 6
      vertex 0.274541 6.99619 6
    endloop
  endfacet
  facet normal 0 0 -1
    outer loop
      vertex 0.0378799 6.34597 6
      vertex 0 8 6
      vertex 0.127767 6.68144 6
    endloop
  endfacet
  facet normal 0 0 -1
    outer loop
      vertex 0 8 6
      vertex 0.0378799 6.34597 6
      vertex 0 6 6
    endloop
  endfacet
  facet normal -1 0 0
    outer loop
      vertex 0 6 6
      vertex 0 8 49
      vertex 0 8 6
    endloop
  endfacet
  facet normal -1 -0 0
    outer loop
      vertex 0 8 49
      vertex 0 6 6
      vertex 0 6 49
    endloop
  endfacet
  facet normal 0 1 -0
    outer loop
      vertex 220 8 6
      vertex 0 8 49
      vertex 220 8 49
    endloop
  endfacet
  facet normal 0 1 0
    outer loop
      vertex 0 8 49
      vertex 220 8 6
      vertex 0 8 6
    endloop
  endfacet
  facet normal 0 -1 0
    outer loop
      vertex 0 6 6
      vertex 0.00761127 6 49
      vertex 0 6 49
    endloop
  endfacet
  facet normal 0 -1 -0
    outer loop
      vertex 0.00761127 6 49
      vertex 0 6 6
      vertex 0.00761127 6 6
    endloop
  endfacet
  facet normal 0 -1 0
    outer loop
      vertex 219.992 6 6
      vertex 220 6 49
      vertex 219.992 6 49
    endloop
  endfacet
  facet normal 0 -1 -0
    outer loop
      vertex 220 6 49
      vertex 219.992 6 6
      vertex 220 6 6
    endloop
  endfacet
  facet normal 0.906243 -0.422756 0
    outer loop
      vertex 23.4025 17.5814 2.8
      vertex 23.5278 17.85 0.00761127
      vertex 23.5278 17.85 2.8
    endloop
  endfacet
  facet normal 0.906243 -0.422756 0
    outer loop
      vertex 23.5278 17.85 0.00761127
      vertex 23.4025 17.5814 2.8
      vertex 23.4025 17.5814 0.00761127
    endloop
  endfacet
  facet normal -0.965915 -0.25886 0
    outer loop
      vertex 26.6742 17.2952 0.00761127
      vertex 26.5975 17.5814 2.8
      vertex 26.5975 17.5814 0.00761127
    endloop
  endfacet
  facet normal -0.965915 -0.25886 0
    outer loop
      vertex 26.5975 17.5814 2.8
      vertex 26.6742 17.2952 0.00761127
      vertex 26.6742 17.2952 2.8
    endloop
  endfacet
  facet normal -0.996203 -0.0870665 0
    outer loop
      vertex 26.7 17 0.00761127
      vertex 26.6742 17.2952 2.8
      vertex 26.6742 17.2952 0.00761127
    endloop
  endfacet
  facet normal -0.996203 -0.0870665 0
    outer loop
      vertex 26.6742 17.2952 2.8
      vertex 26.7 17 0.00761127
      vertex 26.7 17 2.8
    endloop
  endfacet
  facet normal -0.906243 -0.422756 0
    outer loop
      vertex 26.5975 17.5814 0.00761127
      vertex 26.4722 17.85 2.8
      vertex 26.4722 17.85 0.00761127
    endloop
  endfacet
  facet normal -0.906243 -0.422756 0
    outer loop
      vertex 26.4722 17.85 2.8
      vertex 26.5975 17.5814 0.00761127
      vertex 26.5975 17.5814 2.8
    endloop
  endfacet
  facet normal 0.0870665 0.996203 -0
    outer loop
      vertex 25 15.3 0.00761127
      vertex 24.7048 15.3258 2.8
      vertex 25 15.3 2.8
    endloop
  endfacet
  facet normal 0.0870665 0.996203 0
    outer loop
      vertex 24.7048 15.3258 2.8
      vertex 25 15.3 0.00761127
      vertex 24.7048 15.3258 0.00761127
    endloop
  endfacet
  facet normal -0.996203 0.0870665 0
    outer loop
      vertex 26.6742 16.7048 0.00761127
      vertex 26.7 17 2.8
      vertex 26.7 17 0.00761127
    endloop
  endfacet
  facet normal -0.996203 0.0870665 0
    outer loop
      vertex 26.7 17 2.8
      vertex 26.6742 16.7048 0.00761127
      vertex 26.6742 16.7048 2.8
    endloop
  endfacet
  facet normal 0.996203 0.0870665 0
    outer loop
      vertex 23.3258 16.7048 2.8
      vertex 23.3 17 0.00761127
      vertex 23.3 17 2.8
    endloop
  endfacet
  facet normal 0.996203 0.0870665 0
    outer loop
      vertex 23.3 17 0.00761127
      vertex 23.3258 16.7048 2.8
      vertex 23.3258 16.7048 0.00761127
    endloop
  endfacet
  facet normal -0.0870665 -0.996203 0
    outer loop
      vertex 25 18.7 0.00761127
      vertex 25.2952 18.6742 2.8
      vertex 25 18.7 2.8
    endloop
  endfacet
  facet normal -0.0870665 -0.996203 -0
    outer loop
      vertex 25.2952 18.6742 2.8
      vertex 25 18.7 0.00761127
      vertex 25.2952 18.6742 0.00761127
    endloop
  endfacet
  facet normal 0.573485 0.819216 -0
    outer loop
      vertex 24.15 15.5278 0.00761127
      vertex 23.9073 15.6977 2.8
      vertex 24.15 15.5278 2.8
    endloop
  endfacet
  facet normal 0.573485 0.819216 0
    outer loop
      vertex 23.9073 15.6977 2.8
      vertex 24.15 15.5278 0.00761127
      vertex 23.9073 15.6977 0.00761127
    endloop
  endfacet
  facet normal -0.819216 -0.573485 0
    outer loop
      vertex 26.4722 17.85 0.00761127
      vertex 26.3023 18.0927 2.8
      vertex 26.3023 18.0927 0.00761127
    endloop
  endfacet
  facet normal -0.819216 -0.573485 0
    outer loop
      vertex 26.3023 18.0927 2.8
      vertex 26.4722 17.85 0.00761127
      vertex 26.4722 17.85 2.8
    endloop
  endfacet
  facet normal 0.25886 -0.965915 0
    outer loop
      vertex 24.4186 18.5975 0.00761127
      vertex 24.7048 18.6742 2.8
      vertex 24.4186 18.5975 2.8
    endloop
  endfacet
  facet normal 0.25886 -0.965915 0
    outer loop
      vertex 24.7048 18.6742 2.8
      vertex 24.4186 18.5975 0.00761127
      vertex 24.7048 18.6742 0.00761127
    endloop
  endfacet
  facet normal 0.422756 -0.906243 0
    outer loop
      vertex 24.15 18.4722 0.00761127
      vertex 24.4186 18.5975 2.8
      vertex 24.15 18.4722 2.8
    endloop
  endfacet
  facet normal 0.422756 -0.906243 0
    outer loop
      vertex 24.4186 18.5975 2.8
      vertex 24.15 18.4722 0.00761127
      vertex 24.4186 18.5975 0.00761127
    endloop
  endfacet
  facet normal 0.906243 0.422756 0
    outer loop
      vertex 23.5278 16.15 2.8
      vertex 23.4025 16.4186 0.00761127
      vertex 23.4025 16.4186 2.8
    endloop
  endfacet
  facet normal 0.906243 0.422756 0
    outer loop
      vertex 23.4025 16.4186 0.00761127
      vertex 23.5278 16.15 2.8
      vertex 23.5278 16.15 0.00761127
    endloop
  endfacet
  facet normal -0.906243 0.422756 0
    outer loop
      vertex 26.4722 16.15 0.00761127
      vertex 26.5975 16.4186 2.8
      vertex 26.5975 16.4186 0.00761127
    endloop
  endfacet
  facet normal -0.906243 0.422756 0
    outer loop
      vertex 26.5975 16.4186 2.8
      vertex 26.4722 16.15 0.00761127
      vertex 26.4722 16.15 2.8
    endloop
  endfacet
  facet normal 0.573485 -0.819216 0
    outer loop
      vertex 23.9073 18.3023 0.00761127
      vertex 24.15 18.4722 2.8
      vertex 23.9073 18.3023 2.8
    endloop
  endfacet
  facet normal 0.573485 -0.819216 0
    outer loop
      vertex 24.15 18.4722 2.8
      vertex 23.9073 18.3023 0.00761127
      vertex 24.15 18.4722 0.00761127
    endloop
  endfacet
  facet normal 0.819216 0.573485 0
    outer loop
      vertex 23.6977 15.9073 2.8
      vertex 23.5278 16.15 0.00761127
      vertex 23.5278 16.15 2.8
    endloop
  endfacet
  facet normal 0.819216 0.573485 0
    outer loop
      vertex 23.5278 16.15 0.00761127
      vertex 23.6977 15.9073 2.8
      vertex 23.6977 15.9073 0.00761127
    endloop
  endfacet
  facet normal 0.965915 -0.25886 0
    outer loop
      vertex 23.3258 17.2952 2.8
      vertex 23.4025 17.5814 0.00761127
      vertex 23.4025 17.5814 2.8
    endloop
  endfacet
  facet normal 0.965915 -0.25886 0
    outer loop
      vertex 23.4025 17.5814 0.00761127
      vertex 23.3258 17.2952 2.8
      vertex 23.3258 17.2952 0.00761127
    endloop
  endfacet
  facet normal 0.707107 0.707107 -0
    outer loop
      vertex 23.9073 15.6977 0.00761127
      vertex 23.6977 15.9073 2.8
      vertex 23.9073 15.6977 2.8
    endloop
  endfacet
  facet normal 0.707107 0.707107 0
    outer loop
      vertex 23.6977 15.9073 2.8
      vertex 23.9073 15.6977 0.00761127
      vertex 23.6977 15.9073 0.00761127
    endloop
  endfacet
  facet normal -0.25886 -0.965915 0
    outer loop
      vertex 25.2952 18.6742 0.00761127
      vertex 25.5814 18.5975 2.8
      vertex 25.2952 18.6742 2.8
    endloop
  endfacet
  facet normal -0.25886 -0.965915 -0
    outer loop
      vertex 25.5814 18.5975 2.8
      vertex 25.2952 18.6742 0.00761127
      vertex 25.5814 18.5975 0.00761127
    endloop
  endfacet
  facet normal -0.25886 0.965915 0
    outer loop
      vertex 25.5814 15.4025 0.00761127
      vertex 25.2952 15.3258 2.8
      vertex 25.5814 15.4025 2.8
    endloop
  endfacet
  facet normal -0.25886 0.965915 0
    outer loop
      vertex 25.2952 15.3258 2.8
      vertex 25.5814 15.4025 0.00761127
      vertex 25.2952 15.3258 0.00761127
    endloop
  endfacet
  facet normal 0.25886 0.965915 -0
    outer loop
      vertex 24.7048 15.3258 0.00761127
      vertex 24.4186 15.4025 2.8
      vertex 24.7048 15.3258 2.8
    endloop
  endfacet
  facet normal 0.25886 0.965915 0
    outer loop
      vertex 24.4186 15.4025 2.8
      vertex 24.7048 15.3258 0.00761127
      vertex 24.4186 15.4025 0.00761127
    endloop
  endfacet
  facet normal -0.422756 0.906243 0
    outer loop
      vertex 25.85 15.5278 0.00761127
      vertex 25.5814 15.4025 2.8
      vertex 25.85 15.5278 2.8
    endloop
  endfacet
  facet normal -0.422756 0.906243 0
    outer loop
      vertex 25.5814 15.4025 2.8
      vertex 25.85 15.5278 0.00761127
      vertex 25.5814 15.4025 0.00761127
    endloop
  endfacet
  facet normal -0.573485 -0.819216 0
    outer loop
      vertex 25.85 18.4722 0.00761127
      vertex 26.0927 18.3023 2.8
      vertex 25.85 18.4722 2.8
    endloop
  endfacet
  facet normal -0.573485 -0.819216 -0
    outer loop
      vertex 26.0927 18.3023 2.8
      vertex 25.85 18.4722 0.00761127
      vertex 26.0927 18.3023 0.00761127
    endloop
  endfacet
  facet normal 0.996203 -0.0870665 0
    outer loop
      vertex 23.3 17 2.8
      vertex 23.3258 17.2952 0.00761127
      vertex 23.3258 17.2952 2.8
    endloop
  endfacet
  facet normal 0.996203 -0.0870665 0
    outer loop
      vertex 23.3258 17.2952 0.00761127
      vertex 23.3 17 2.8
      vertex 23.3 17 0.00761127
    endloop
  endfacet
  facet normal -0.422756 -0.906243 0
    outer loop
      vertex 25.5814 18.5975 0.00761127
      vertex 25.85 18.4722 2.8
      vertex 25.5814 18.5975 2.8
    endloop
  endfacet
  facet normal -0.422756 -0.906243 -0
    outer loop
      vertex 25.85 18.4722 2.8
      vertex 25.5814 18.5975 0.00761127
      vertex 25.85 18.4722 0.00761127
    endloop
  endfacet
  facet normal 0.707107 -0.707107 0
    outer loop
      vertex 23.6977 18.0927 0.00761127
      vertex 23.9073 18.3023 2.8
      vertex 23.6977 18.0927 2.8
    endloop
  endfacet
  facet normal 0.707107 -0.707107 0
    outer loop
      vertex 23.9073 18.3023 2.8
      vertex 23.6977 18.0927 0.00761127
      vertex 23.9073 18.3023 0.00761127
    endloop
  endfacet
  facet normal -0.573485 0.819216 0
    outer loop
      vertex 26.0927 15.6977 0.00761127
      vertex 25.85 15.5278 2.8
      vertex 26.0927 15.6977 2.8
    endloop
  endfacet
  facet normal -0.573485 0.819216 0
    outer loop
      vertex 25.85 15.5278 2.8
      vertex 26.0927 15.6977 0.00761127
      vertex 25.85 15.5278 0.00761127
    endloop
  endfacet
  facet normal -0.0870665 0.996203 0
    outer loop
      vertex 25.2952 15.3258 0.00761127
      vertex 25 15.3 2.8
      vertex 25.2952 15.3258 2.8
    endloop
  endfacet
  facet normal -0.0870665 0.996203 0
    outer loop
      vertex 25 15.3 2.8
      vertex 25.2952 15.3258 0.00761127
      vertex 25 15.3 0.00761127
    endloop
  endfacet
  facet normal -0.965915 0.25886 0
    outer loop
      vertex 26.5975 16.4186 0.00761127
      vertex 26.6742 16.7048 2.8
      vertex 26.6742 16.7048 0.00761127
    endloop
  endfacet
  facet normal -0.965915 0.25886 0
    outer loop
      vertex 26.6742 16.7048 2.8
      vertex 26.5975 16.4186 0.00761127
      vertex 26.5975 16.4186 2.8
    endloop
  endfacet
  facet normal -0.707107 -0.707107 0
    outer loop
      vertex 26.3023 18.0927 0.00761127
      vertex 26.0927 18.3023 2.8
      vertex 26.0927 18.3023 0.00761127
    endloop
  endfacet
  facet normal -0.707107 -0.707107 0
    outer loop
      vertex 26.0927 18.3023 2.8
      vertex 26.3023 18.0927 0.00761127
      vertex 26.3023 18.0927 2.8
    endloop
  endfacet
  facet normal 0.422756 0.906243 -0
    outer loop
      vertex 24.4186 15.4025 0.00761127
      vertex 24.15 15.5278 2.8
      vertex 24.4186 15.4025 2.8
    endloop
  endfacet
  facet normal 0.422756 0.906243 0
    outer loop
      vertex 24.15 15.5278 2.8
      vertex 24.4186 15.4025 0.00761127
      vertex 24.15 15.5278 0.00761127
    endloop
  endfacet
  facet normal 0.0870665 -0.996203 0
    outer loop
      vertex 24.7048 18.6742 0.00761127
      vertex 25 18.7 2.8
      vertex 24.7048 18.6742 2.8
    endloop
  endfacet
  facet normal 0.0870665 -0.996203 0
    outer loop
      vertex 25 18.7 2.8
      vertex 24.7048 18.6742 0.00761127
      vertex 25 18.7 0.00761127
    endloop
  endfacet
  facet normal -0.819216 0.573485 0
    outer loop
      vertex 26.3023 15.9073 0.00761127
      vertex 26.4722 16.15 2.8
      vertex 26.4722 16.15 0.00761127
    endloop
  endfacet
  facet normal -0.819216 0.573485 0
    outer loop
      vertex 26.4722 16.15 2.8
      vertex 26.3023 15.9073 0.00761127
      vertex 26.3023 15.9073 2.8
    endloop
  endfacet
  facet normal 0.819216 -0.573485 0
    outer loop
      vertex 23.5278 17.85 2.8
      vertex 23.6977 18.0927 0.00761127
      vertex 23.6977 18.0927 2.8
    endloop
  endfacet
  facet normal 0.819216 -0.573485 0
    outer loop
      vertex 23.6977 18.0927 0.00761127
      vertex 23.5278 17.85 2.8
      vertex 23.5278 17.85 0.00761127
    endloop
  endfacet
  facet normal -0.707107 0.707107 0
    outer loop
      vertex 26.0927 15.6977 0.00761127
      vertex 26.3023 15.9073 2.8
      vertex 26.3023 15.9073 0.00761127
    endloop
  endfacet
  facet normal -0.707107 0.707107 0
    outer loop
      vertex 26.3023 15.9073 2.8
      vertex 26.0927 15.6977 0.00761127
      vertex 26.0927 15.6977 2.8
    endloop
  endfacet
  facet normal 0.965915 0.25886 0
    outer loop
      vertex 23.4025 16.4186 2.8
      vertex 23.3258 16.7048 0.00761127
      vertex 23.3258 16.7048 2.8
    endloop
  endfacet
  facet normal 0.965915 0.25886 0
    outer loop
      vertex 23.3258 16.7048 0.00761127
      vertex 23.4025 16.4186 2.8
      vertex 23.4025 16.4186 0.00761127
    endloop
  endfacet
  facet normal 0.655803 -0.655803 0.373959
    outer loop
      vertex 22.7079 18.9233 5.99239
      vertex 23.9073 18.3023 2.8
      vertex 23.0767 19.2921 5.99239
    endloop
  endfacet
  facet normal 0.655803 -0.655803 0.373959
    outer loop
      vertex 23.9073 18.3023 2.8
      vertex 22.7079 18.9233 5.99239
      vertex 23.6977 18.0927 2.8
    endloop
  endfacet
  facet normal -0.923904 -0.0809034 0.373973
    outer loop
      vertex 27.9922 17 5.99239
      vertex 27.9529 17.4488 5.99239
      vertex 26.7 17 2.8
    endloop
  endfacet
  facet normal -0.923909 -0.0809073 0.373961
    outer loop
      vertex 26.6742 17.2952 2.8
      vertex 27.9529 17.4488 5.99239
      vertex 27.9467 17.5196 5.99239
    endloop
  endfacet
  facet normal -0.923923 -0.0807494 0.373959
    outer loop
      vertex 27.9529 17.4488 5.99239
      vertex 26.6742 17.2952 2.8
      vertex 26.7 17 2.8
    endloop
  endfacet
  facet normal -0.0809073 0.923909 0.373961
    outer loop
      vertex 25.2952 15.3258 2.8
      vertex 25.4488 14.0471 5.99239
      vertex 25.5196 14.0533 5.99239
    endloop
  endfacet
  facet normal -0.0807494 0.923923 0.373959
    outer loop
      vertex 25.4488 14.0471 5.99239
      vertex 25.2952 15.3258 2.8
      vertex 25 15.3 2.8
    endloop
  endfacet
  facet normal 0.895839 -0.240052 0.373961
    outer loop
      vertex 22.0533 17.5196 5.99239
      vertex 23.4025 17.5814 2.8
      vertex 22.1883 18.0234 5.99239
    endloop
  endfacet
  facet normal 0.895833 -0.240078 0.373959
    outer loop
      vertex 23.4025 17.5814 2.8
      vertex 22.0533 17.5196 5.99239
      vertex 23.3258 17.2952 2.8
    endloop
  endfacet
  facet normal 0.0809034 0.923904 0.373973
    outer loop
      vertex 25 14.0078 5.99239
      vertex 25 15.3 2.8
      vertex 24.5512 14.0471 5.99239
    endloop
  endfacet
  facet normal 0.759659 -0.532046 0.37396
    outer loop
      vertex 22.4087 18.4961 5.99239
      vertex 23.6977 18.0927 2.8
      vertex 22.7079 18.9233 5.99239
    endloop
  endfacet
  facet normal 0.75977 -0.53187 0.373983
    outer loop
      vertex 23.6977 18.0927 2.8
      vertex 22.4087 18.4961 5.99239
      vertex 23.5278 17.85 2.8
    endloop
  endfacet
  facet normal -0.923923 0.0807494 0.373959
    outer loop
      vertex 26.6742 16.7048 2.8
      vertex 27.9529 16.5512 5.99239
      vertex 26.7 17 2.8
    endloop
  endfacet
  facet normal -0.923909 0.0809073 0.373961
    outer loop
      vertex 27.9529 16.5512 5.99239
      vertex 26.6742 16.7048 2.8
      vertex 27.9467 16.4804 5.99239
    endloop
  endfacet
  facet normal 0.923923 0.0807494 0.373959
    outer loop
      vertex 22.0471 16.5512 5.99239
      vertex 23.3258 16.7048 2.8
      vertex 23.3 17 2.8
    endloop
  endfacet
  facet normal 0.923909 0.0809073 0.373961
    outer loop
      vertex 23.3258 16.7048 2.8
      vertex 22.0471 16.5512 5.99239
      vertex 22.0533 16.4804 5.99239
    endloop
  endfacet
  facet normal -0.391917 0.840559 0.373979
    outer loop
      vertex 25.85 15.5278 2.8
      vertex 26.0234 14.1883 5.99239
      vertex 26.4961 14.4087 5.99239
    endloop
  endfacet
  facet normal -0.392083 0.840491 0.37396
    outer loop
      vertex 26.0234 14.1883 5.99239
      vertex 25.85 15.5278 2.8
      vertex 25.5814 15.4025 2.8
    endloop
  endfacet
  facet normal 0.923904 0.0809034 0.373973
    outer loop
      vertex 22.0471 16.5512 5.99239
      vertex 23.3 17 2.8
      vertex 22.0078 17 5.99239
    endloop
  endfacet
  facet normal -0.532046 0.759659 0.37396
    outer loop
      vertex 26.0927 15.6977 2.8
      vertex 26.4961 14.4087 5.99239
      vertex 26.9233 14.7079 5.99239
    endloop
  endfacet
  facet normal -0.53187 0.75977 0.373983
    outer loop
      vertex 26.4961 14.4087 5.99239
      vertex 26.0927 15.6977 2.8
      vertex 25.85 15.5278 2.8
    endloop
  endfacet
  facet normal -0.0809034 0.923904 0.373973
    outer loop
      vertex 25.4488 14.0471 5.99239
      vertex 25 15.3 2.8
      vertex 25 14.0078 5.99239
    endloop
  endfacet
  facet normal 0.392083 0.840491 0.37396
    outer loop
      vertex 24.15 15.5278 2.8
      vertex 23.9766 14.1883 5.99239
      vertex 24.4186 15.4025 2.8
    endloop
  endfacet
  facet normal 0.391917 0.840559 0.373979
    outer loop
      vertex 23.9766 14.1883 5.99239
      vertex 24.15 15.5278 2.8
      vertex 23.5039 14.4087 5.99239
    endloop
  endfacet
  facet normal -0.923904 0.0809034 0.373973
    outer loop
      vertex 27.9529 16.5512 5.99239
      vertex 27.9922 17 5.99239
      vertex 26.7 17 2.8
    endloop
  endfacet
  facet normal 0.240078 0.895833 0.373959
    outer loop
      vertex 24.4186 15.4025 2.8
      vertex 24.4804 14.0533 5.99239
      vertex 24.7048 15.3258 2.8
    endloop
  endfacet
  facet normal 0.240052 0.895839 0.373961
    outer loop
      vertex 24.4804 14.0533 5.99239
      vertex 24.4186 15.4025 2.8
      vertex 23.9766 14.1883 5.99239
    endloop
  endfacet
  facet normal 0.53187 0.75977 0.373983
    outer loop
      vertex 23.9073 15.6977 2.8
      vertex 23.5039 14.4087 5.99239
      vertex 24.15 15.5278 2.8
    endloop
  endfacet
  facet normal 0.532046 0.759659 0.37396
    outer loop
      vertex 23.5039 14.4087 5.99239
      vertex 23.9073 15.6977 2.8
      vertex 23.0767 14.7079 5.99239
    endloop
  endfacet
  facet normal -0.895833 0.240078 0.373959
    outer loop
      vertex 26.5975 16.4186 2.8
      vertex 27.9467 16.4804 5.99239
      vertex 26.6742 16.7048 2.8
    endloop
  endfacet
  facet normal -0.895839 0.240052 0.373961
    outer loop
      vertex 27.9467 16.4804 5.99239
      vertex 26.5975 16.4186 2.8
      vertex 27.8117 15.9766 5.99239
    endloop
  endfacet
  facet normal -0.75977 0.53187 0.373983
    outer loop
      vertex 26.3023 15.9073 2.8
      vertex 27.5913 15.5039 5.99239
      vertex 26.4722 16.15 2.8
    endloop
  endfacet
  facet normal -0.759659 0.532046 0.37396
    outer loop
      vertex 27.5913 15.5039 5.99239
      vertex 26.3023 15.9073 2.8
      vertex 27.2921 15.0767 5.99239
    endloop
  endfacet
  facet normal 0.840491 0.392083 0.37396
    outer loop
      vertex 22.1883 15.9766 5.99239
      vertex 23.5278 16.15 2.8
      vertex 23.4025 16.4186 2.8
    endloop
  endfacet
  facet normal 0.840559 0.391917 0.373979
    outer loop
      vertex 23.5278 16.15 2.8
      vertex 22.1883 15.9766 5.99239
      vertex 22.4087 15.5039 5.99239
    endloop
  endfacet
  facet normal -0.840491 0.392083 0.37396
    outer loop
      vertex 26.4722 16.15 2.8
      vertex 27.8117 15.9766 5.99239
      vertex 26.5975 16.4186 2.8
    endloop
  endfacet
  facet normal -0.840559 0.391917 0.373979
    outer loop
      vertex 27.8117 15.9766 5.99239
      vertex 26.4722 16.15 2.8
      vertex 27.5913 15.5039 5.99239
    endloop
  endfacet
  facet normal 0.840559 -0.391917 0.373979
    outer loop
      vertex 22.1883 18.0234 5.99239
      vertex 23.5278 17.85 2.8
      vertex 22.4087 18.4961 5.99239
    endloop
  endfacet
  facet normal 0.840491 -0.392083 0.37396
    outer loop
      vertex 23.5278 17.85 2.8
      vertex 22.1883 18.0234 5.99239
      vertex 23.4025 17.5814 2.8
    endloop
  endfacet
  facet normal -0.0807494 -0.923923 0.373959
    outer loop
      vertex 25.2952 18.6742 2.8
      vertex 25.4488 19.9529 5.99239
      vertex 25 18.7 2.8
    endloop
  endfacet
  facet normal -0.0809073 -0.923909 0.373961
    outer loop
      vertex 25.4488 19.9529 5.99239
      vertex 25.2952 18.6742 2.8
      vertex 25.5196 19.9467 5.99239
    endloop
  endfacet
  facet normal 0.240052 -0.895839 0.373961
    outer loop
      vertex 24.4186 18.5975 2.8
      vertex 24.4804 19.9467 5.99239
      vertex 23.9766 19.8117 5.99239
    endloop
  endfacet
  facet normal 0.240078 -0.895833 0.373959
    outer loop
      vertex 24.4804 19.9467 5.99239
      vertex 24.4186 18.5975 2.8
      vertex 24.7048 18.6742 2.8
    endloop
  endfacet
  facet normal 0.0807494 0.923923 0.373959
    outer loop
      vertex 24.7048 15.3258 2.8
      vertex 24.5512 14.0471 5.99239
      vertex 25 15.3 2.8
    endloop
  endfacet
  facet normal 0.0809073 0.923909 0.373961
    outer loop
      vertex 24.5512 14.0471 5.99239
      vertex 24.7048 15.3258 2.8
      vertex 24.4804 14.0533 5.99239
    endloop
  endfacet
  facet normal -0.655803 0.655803 0.373959
    outer loop
      vertex 26.3023 15.9073 2.8
      vertex 26.9233 14.7079 5.99239
      vertex 27.2921 15.0767 5.99239
    endloop
  endfacet
  facet normal -0.655803 0.655803 0.373959
    outer loop
      vertex 26.9233 14.7079 5.99239
      vertex 26.3023 15.9073 2.8
      vertex 26.0927 15.6977 2.8
    endloop
  endfacet
  facet normal 0.923909 -0.0809073 0.373961
    outer loop
      vertex 22.0471 17.4488 5.99239
      vertex 23.3258 17.2952 2.8
      vertex 22.0533 17.5196 5.99239
    endloop
  endfacet
  facet normal 0.923923 -0.0807494 0.373959
    outer loop
      vertex 23.3258 17.2952 2.8
      vertex 22.0471 17.4488 5.99239
      vertex 23.3 17 2.8
    endloop
  endfacet
  facet normal -0.392083 -0.840491 0.37396
    outer loop
      vertex 25.85 18.4722 2.8
      vertex 26.0234 19.8117 5.99239
      vertex 25.5814 18.5975 2.8
    endloop
  endfacet
  facet normal -0.391917 -0.840559 0.373979
    outer loop
      vertex 26.0234 19.8117 5.99239
      vertex 25.85 18.4722 2.8
      vertex 26.4961 19.5913 5.99239
    endloop
  endfacet
  facet normal -0.0809034 -0.923904 0.373973
    outer loop
      vertex 25.4488 19.9529 5.99239
      vertex 25 19.9922 5.99239
      vertex 25 18.7 2.8
    endloop
  endfacet
  facet normal 0.895833 0.240078 0.373959
    outer loop
      vertex 22.0533 16.4804 5.99239
      vertex 23.4025 16.4186 2.8
      vertex 23.3258 16.7048 2.8
    endloop
  endfacet
  facet normal 0.895839 0.240052 0.373961
    outer loop
      vertex 23.4025 16.4186 2.8
      vertex 22.0533 16.4804 5.99239
      vertex 22.1883 15.9766 5.99239
    endloop
  endfacet
  facet normal -0.53187 -0.75977 0.373983
    outer loop
      vertex 26.0927 18.3023 2.8
      vertex 26.4961 19.5913 5.99239
      vertex 25.85 18.4722 2.8
    endloop
  endfacet
  facet normal -0.532046 -0.759659 0.37396
    outer loop
      vertex 26.4961 19.5913 5.99239
      vertex 26.0927 18.3023 2.8
      vertex 26.9233 19.2921 5.99239
    endloop
  endfacet
  facet normal -0.240052 0.895839 0.373961
    outer loop
      vertex 25.5814 15.4025 2.8
      vertex 25.5196 14.0533 5.99239
      vertex 26.0234 14.1883 5.99239
    endloop
  endfacet
  facet normal -0.240078 0.895833 0.373959
    outer loop
      vertex 25.5196 14.0533 5.99239
      vertex 25.5814 15.4025 2.8
      vertex 25.2952 15.3258 2.8
    endloop
  endfacet
  facet normal 0.655803 0.655803 0.373959
    outer loop
      vertex 22.7079 15.0767 5.99239
      vertex 23.9073 15.6977 2.8
      vertex 23.6977 15.9073 2.8
    endloop
  endfacet
  facet normal 0.655803 0.655803 0.373959
    outer loop
      vertex 23.9073 15.6977 2.8
      vertex 22.7079 15.0767 5.99239
      vertex 23.0767 14.7079 5.99239
    endloop
  endfacet
  facet normal 0.75977 0.53187 0.373983
    outer loop
      vertex 22.4087 15.5039 5.99239
      vertex 23.6977 15.9073 2.8
      vertex 23.5278 16.15 2.8
    endloop
  endfacet
  facet normal 0.759659 0.532046 0.37396
    outer loop
      vertex 23.6977 15.9073 2.8
      vertex 22.4087 15.5039 5.99239
      vertex 22.7079 15.0767 5.99239
    endloop
  endfacet
  facet normal 0.532046 -0.759659 0.37396
    outer loop
      vertex 23.9073 18.3023 2.8
      vertex 23.5039 19.5913 5.99239
      vertex 23.0767 19.2921 5.99239
    endloop
  endfacet
  facet normal 0.53187 -0.75977 0.373983
    outer loop
      vertex 23.5039 19.5913 5.99239
      vertex 23.9073 18.3023 2.8
      vertex 24.15 18.4722 2.8
    endloop
  endfacet
  facet normal 0.391917 -0.840559 0.373979
    outer loop
      vertex 24.15 18.4722 2.8
      vertex 23.9766 19.8117 5.99239
      vertex 23.5039 19.5913 5.99239
    endloop
  endfacet
  facet normal 0.392083 -0.840491 0.37396
    outer loop
      vertex 23.9766 19.8117 5.99239
      vertex 24.15 18.4722 2.8
      vertex 24.4186 18.5975 2.8
    endloop
  endfacet
  facet normal 0.0809073 -0.923909 0.373961
    outer loop
      vertex 24.7048 18.6742 2.8
      vertex 24.5512 19.9529 5.99239
      vertex 24.4804 19.9467 5.99239
    endloop
  endfacet
  facet normal 0.0807494 -0.923923 0.373959
    outer loop
      vertex 24.5512 19.9529 5.99239
      vertex 24.7048 18.6742 2.8
      vertex 25 18.7 2.8
    endloop
  endfacet
  facet normal 0.923904 -0.0809034 0.373973
    outer loop
      vertex 23.3 17 2.8
      vertex 22.0471 17.4488 5.99239
      vertex 22.0078 17 5.99239
    endloop
  endfacet
  facet normal 0.0809034 -0.923904 0.373973
    outer loop
      vertex 25 18.7 2.8
      vertex 25 19.9922 5.99239
      vertex 24.5512 19.9529 5.99239
    endloop
  endfacet
  facet normal -0.240078 -0.895833 0.373959
    outer loop
      vertex 25.5814 18.5975 2.8
      vertex 25.5196 19.9467 5.99239
      vertex 25.2952 18.6742 2.8
    endloop
  endfacet
  facet normal -0.240052 -0.895839 0.373961
    outer loop
      vertex 25.5196 19.9467 5.99239
      vertex 25.5814 18.5975 2.8
      vertex 26.0234 19.8117 5.99239
    endloop
  endfacet
  facet normal -0.655803 -0.655803 0.373959
    outer loop
      vertex 26.0927 18.3023 2.8
      vertex 27.2921 18.9233 5.99239
      vertex 26.9233 19.2921 5.99239
    endloop
  endfacet
  facet normal -0.655803 -0.655803 0.373959
    outer loop
      vertex 27.2921 18.9233 5.99239
      vertex 26.0927 18.3023 2.8
      vertex 26.3023 18.0927 2.8
    endloop
  endfacet
  facet normal -0.840559 -0.391917 0.373979
    outer loop
      vertex 26.4722 17.85 2.8
      vertex 27.8117 18.0234 5.99239
      vertex 27.5913 18.4961 5.99239
    endloop
  endfacet
  facet normal -0.840491 -0.392083 0.37396
    outer loop
      vertex 27.8117 18.0234 5.99239
      vertex 26.4722 17.85 2.8
      vertex 26.5975 17.5814 2.8
    endloop
  endfacet
  facet normal -0.759659 -0.532046 0.37396
    outer loop
      vertex 26.3023 18.0927 2.8
      vertex 27.5913 18.4961 5.99239
      vertex 27.2921 18.9233 5.99239
    endloop
  endfacet
  facet normal -0.75977 -0.53187 0.373983
    outer loop
      vertex 27.5913 18.4961 5.99239
      vertex 26.3023 18.0927 2.8
      vertex 26.4722 17.85 2.8
    endloop
  endfacet
  facet normal -0.895839 -0.240052 0.373961
    outer loop
      vertex 26.5975 17.5814 2.8
      vertex 27.9467 17.5196 5.99239
      vertex 27.8117 18.0234 5.99239
    endloop
  endfacet
  facet normal -0.895833 -0.240078 0.373959
    outer loop
      vertex 27.9467 17.5196 5.99239
      vertex 26.5975 17.5814 2.8
      vertex 26.6742 17.2952 2.8
    endloop
  endfacet
  facet normal 0.906243 -0.422756 0
    outer loop
      vertex 80.4025 17.5814 2.8
      vertex 80.5278 17.85 0.00761127
      vertex 80.5278 17.85 2.8
    endloop
  endfacet
  facet normal 0.906243 -0.422756 0
    outer loop
      vertex 80.5278 17.85 0.00761127
      vertex 80.4025 17.5814 2.8
      vertex 80.4025 17.5814 0.00761127
    endloop
  endfacet
  facet normal -0.965915 -0.25886 0
    outer loop
      vertex 83.6742 17.2952 0.00761127
      vertex 83.5975 17.5814 2.8
      vertex 83.5975 17.5814 0.00761127
    endloop
  endfacet
  facet normal -0.965915 -0.25886 0
    outer loop
      vertex 83.5975 17.5814 2.8
      vertex 83.6742 17.2952 0.00761127
      vertex 83.6742 17.2952 2.8
    endloop
  endfacet
  facet normal -0.996203 -0.0870665 0
    outer loop
      vertex 83.7 17 0.00761127
      vertex 83.6742 17.2952 2.8
      vertex 83.6742 17.2952 0.00761127
    endloop
  endfacet
  facet normal -0.996203 -0.0870665 0
    outer loop
      vertex 83.6742 17.2952 2.8
      vertex 83.7 17 0.00761127
      vertex 83.7 17 2.8
    endloop
  endfacet
  facet normal -0.906243 -0.422756 0
    outer loop
      vertex 83.5975 17.5814 0.00761127
      vertex 83.4722 17.85 2.8
      vertex 83.4722 17.85 0.00761127
    endloop
  endfacet
  facet normal -0.906243 -0.422756 0
    outer loop
      vertex 83.4722 17.85 2.8
      vertex 83.5975 17.5814 0.00761127
      vertex 83.5975 17.5814 2.8
    endloop
  endfacet
  facet normal 0.0870665 0.996203 -0
    outer loop
      vertex 82 15.3 0.00761127
      vertex 81.7048 15.3258 2.8
      vertex 82 15.3 2.8
    endloop
  endfacet
  facet normal 0.0870665 0.996203 0
    outer loop
      vertex 81.7048 15.3258 2.8
      vertex 82 15.3 0.00761127
      vertex 81.7048 15.3258 0.00761127
    endloop
  endfacet
  facet normal -0.996203 0.0870665 0
    outer loop
      vertex 83.6742 16.7048 0.00761127
      vertex 83.7 17 2.8
      vertex 83.7 17 0.00761127
    endloop
  endfacet
  facet normal -0.996203 0.0870665 0
    outer loop
      vertex 83.7 17 2.8
      vertex 83.6742 16.7048 0.00761127
      vertex 83.6742 16.7048 2.8
    endloop
  endfacet
  facet normal 0.996203 0.0870665 0
    outer loop
      vertex 80.3258 16.7048 2.8
      vertex 80.3 17 0.00761127
      vertex 80.3 17 2.8
    endloop
  endfacet
  facet normal 0.996203 0.0870665 0
    outer loop
      vertex 80.3 17 0.00761127
      vertex 80.3258 16.7048 2.8
      vertex 80.3258 16.7048 0.00761127
    endloop
  endfacet
  facet normal -0.0870665 -0.996203 0
    outer loop
      vertex 82 18.7 0.00761127
      vertex 82.2952 18.6742 2.8
      vertex 82 18.7 2.8
    endloop
  endfacet
  facet normal -0.0870665 -0.996203 -0
    outer loop
      vertex 82.2952 18.6742 2.8
      vertex 82 18.7 0.00761127
      vertex 82.2952 18.6742 0.00761127
    endloop
  endfacet
  facet normal 0.573485 0.819216 -0
    outer loop
      vertex 81.15 15.5278 0.00761127
      vertex 80.9073 15.6977 2.8
      vertex 81.15 15.5278 2.8
    endloop
  endfacet
  facet normal 0.573485 0.819216 0
    outer loop
      vertex 80.9073 15.6977 2.8
      vertex 81.15 15.5278 0.00761127
      vertex 80.9073 15.6977 0.00761127
    endloop
  endfacet
  facet normal -0.819216 -0.573485 0
    outer loop
      vertex 83.4722 17.85 0.00761127
      vertex 83.3023 18.0927 2.8
      vertex 83.3023 18.0927 0.00761127
    endloop
  endfacet
  facet normal -0.819216 -0.573485 0
    outer loop
      vertex 83.3023 18.0927 2.8
      vertex 83.4722 17.85 0.00761127
      vertex 83.4722 17.85 2.8
    endloop
  endfacet
  facet normal 0.25886 -0.965915 0
    outer loop
      vertex 81.4186 18.5975 0.00761127
      vertex 81.7048 18.6742 2.8
      vertex 81.4186 18.5975 2.8
    endloop
  endfacet
  facet normal 0.25886 -0.965915 0
    outer loop
      vertex 81.7048 18.6742 2.8
      vertex 81.4186 18.5975 0.00761127
      vertex 81.7048 18.6742 0.00761127
    endloop
  endfacet
  facet normal 0.422756 -0.906243 0
    outer loop
      vertex 81.15 18.4722 0.00761127
      vertex 81.4186 18.5975 2.8
      vertex 81.15 18.4722 2.8
    endloop
  endfacet
  facet normal 0.422756 -0.906243 0
    outer loop
      vertex 81.4186 18.5975 2.8
      vertex 81.15 18.4722 0.00761127
      vertex 81.4186 18.5975 0.00761127
    endloop
  endfacet
  facet normal 0.906243 0.422756 0
    outer loop
      vertex 80.5278 16.15 2.8
      vertex 80.4025 16.4186 0.00761127
      vertex 80.4025 16.4186 2.8
    endloop
  endfacet
  facet normal 0.906243 0.422756 0
    outer loop
      vertex 80.4025 16.4186 0.00761127
      vertex 80.5278 16.15 2.8
      vertex 80.5278 16.15 0.00761127
    endloop
  endfacet
  facet normal -0.906243 0.422756 0
    outer loop
      vertex 83.4722 16.15 0.00761127
      vertex 83.5975 16.4186 2.8
      vertex 83.5975 16.4186 0.00761127
    endloop
  endfacet
  facet normal -0.906243 0.422756 0
    outer loop
      vertex 83.5975 16.4186 2.8
      vertex 83.4722 16.15 0.00761127
      vertex 83.4722 16.15 2.8
    endloop
  endfacet
  facet normal 0.573485 -0.819216 0
    outer loop
      vertex 80.9073 18.3023 0.00761127
      vertex 81.15 18.4722 2.8
      vertex 80.9073 18.3023 2.8
    endloop
  endfacet
  facet normal 0.573485 -0.819216 0
    outer loop
      vertex 81.15 18.4722 2.8
      vertex 80.9073 18.3023 0.00761127
      vertex 81.15 18.4722 0.00761127
    endloop
  endfacet
  facet normal 0.819216 0.573485 0
    outer loop
      vertex 80.6977 15.9073 2.8
      vertex 80.5278 16.15 0.00761127
      vertex 80.5278 16.15 2.8
    endloop
  endfacet
  facet normal 0.819216 0.573485 0
    outer loop
      vertex 80.5278 16.15 0.00761127
      vertex 80.6977 15.9073 2.8
      vertex 80.6977 15.9073 0.00761127
    endloop
  endfacet
  facet normal 0.965915 -0.25886 0
    outer loop
      vertex 80.3258 17.2952 2.8
      vertex 80.4025 17.5814 0.00761127
      vertex 80.4025 17.5814 2.8
    endloop
  endfacet
  facet normal 0.965915 -0.25886 0
    outer loop
      vertex 80.4025 17.5814 0.00761127
      vertex 80.3258 17.2952 2.8
      vertex 80.3258 17.2952 0.00761127
    endloop
  endfacet
  facet normal 0.707107 0.707107 0
    outer loop
      vertex 80.9073 15.6977 2.8
      vertex 80.6977 15.9073 0.00761127
      vertex 80.6977 15.9073 2.8
    endloop
  endfacet
  facet normal 0.707107 0.707107 0
    outer loop
      vertex 80.6977 15.9073 0.00761127
      vertex 80.9073 15.6977 2.8
      vertex 80.9073 15.6977 0.00761127
    endloop
  endfacet
  facet normal -0.25886 -0.965915 0
    outer loop
      vertex 82.2952 18.6742 0.00761127
      vertex 82.5814 18.5975 2.8
      vertex 82.2952 18.6742 2.8
    endloop
  endfacet
  facet normal -0.25886 -0.965915 -0
    outer loop
      vertex 82.5814 18.5975 2.8
      vertex 82.2952 18.6742 0.00761127
      vertex 82.5814 18.5975 0.00761127
    endloop
  endfacet
  facet normal -0.25886 0.965915 0
    outer loop
      vertex 82.5814 15.4025 0.00761127
      vertex 82.2952 15.3258 2.8
      vertex 82.5814 15.4025 2.8
    endloop
  endfacet
  facet normal -0.25886 0.965915 0
    outer loop
      vertex 82.2952 15.3258 2.8
      vertex 82.5814 15.4025 0.00761127
      vertex 82.2952 15.3258 0.00761127
    endloop
  endfacet
  facet normal 0.25886 0.965915 -0
    outer loop
      vertex 81.7048 15.3258 0.00761127
      vertex 81.4186 15.4025 2.8
      vertex 81.7048 15.3258 2.8
    endloop
  endfacet
  facet normal 0.25886 0.965915 0
    outer loop
      vertex 81.4186 15.4025 2.8
      vertex 81.7048 15.3258 0.00761127
      vertex 81.4186 15.4025 0.00761127
    endloop
  endfacet
  facet normal -0.422756 0.906243 0
    outer loop
      vertex 82.85 15.5278 0.00761127
      vertex 82.5814 15.4025 2.8
      vertex 82.85 15.5278 2.8
    endloop
  endfacet
  facet normal -0.422756 0.906243 0
    outer loop
      vertex 82.5814 15.4025 2.8
      vertex 82.85 15.5278 0.00761127
      vertex 82.5814 15.4025 0.00761127
    endloop
  endfacet
  facet normal -0.573485 -0.819216 0
    outer loop
      vertex 82.85 18.4722 0.00761127
      vertex 83.0927 18.3023 2.8
      vertex 82.85 18.4722 2.8
    endloop
  endfacet
  facet normal -0.573485 -0.819216 -0
    outer loop
      vertex 83.0927 18.3023 2.8
      vertex 82.85 18.4722 0.00761127
      vertex 83.0927 18.3023 0.00761127
    endloop
  endfacet
  facet normal 0.996203 -0.0870665 0
    outer loop
      vertex 80.3 17 2.8
      vertex 80.3258 17.2952 0.00761127
      vertex 80.3258 17.2952 2.8
    endloop
  endfacet
  facet normal 0.996203 -0.0870665 0
    outer loop
      vertex 80.3258 17.2952 0.00761127
      vertex 80.3 17 2.8
      vertex 80.3 17 0.00761127
    endloop
  endfacet
  facet normal -0.422756 -0.906243 0
    outer loop
      vertex 82.5814 18.5975 0.00761127
      vertex 82.85 18.4722 2.8
      vertex 82.5814 18.5975 2.8
    endloop
  endfacet
  facet normal -0.422756 -0.906243 -0
    outer loop
      vertex 82.85 18.4722 2.8
      vertex 82.5814 18.5975 0.00761127
      vertex 82.85 18.4722 0.00761127
    endloop
  endfacet
  facet normal 0.707107 -0.707107 0
    outer loop
      vertex 80.6977 18.0927 2.8
      vertex 80.9073 18.3023 0.00761127
      vertex 80.9073 18.3023 2.8
    endloop
  endfacet
  facet normal 0.707107 -0.707107 0
    outer loop
      vertex 80.9073 18.3023 0.00761127
      vertex 80.6977 18.0927 2.8
      vertex 80.6977 18.0927 0.00761127
    endloop
  endfacet
  facet normal -0.573485 0.819216 0
    outer loop
      vertex 83.0927 15.6977 0.00761127
      vertex 82.85 15.5278 2.8
      vertex 83.0927 15.6977 2.8
    endloop
  endfacet
  facet normal -0.573485 0.819216 0
    outer loop
      vertex 82.85 15.5278 2.8
      vertex 83.0927 15.6977 0.00761127
      vertex 82.85 15.5278 0.00761127
    endloop
  endfacet
  facet normal -0.0870665 0.996203 0
    outer loop
      vertex 82.2952 15.3258 0.00761127
      vertex 82 15.3 2.8
      vertex 82.2952 15.3258 2.8
    endloop
  endfacet
  facet normal -0.0870665 0.996203 0
    outer loop
      vertex 82 15.3 2.8
      vertex 82.2952 15.3258 0.00761127
      vertex 82 15.3 0.00761127
    endloop
  endfacet
  facet normal -0.965915 0.25886 0
    outer loop
      vertex 83.5975 16.4186 0.00761127
      vertex 83.6742 16.7048 2.8
      vertex 83.6742 16.7048 0.00761127
    endloop
  endfacet
  facet normal -0.965915 0.25886 0
    outer loop
      vertex 83.6742 16.7048 2.8
      vertex 83.5975 16.4186 0.00761127
      vertex 83.5975 16.4186 2.8
    endloop
  endfacet
  facet normal -0.707107 -0.707107 0
    outer loop
      vertex 83.0927 18.3023 0.00761127
      vertex 83.3023 18.0927 2.8
      vertex 83.0927 18.3023 2.8
    endloop
  endfacet
  facet normal -0.707107 -0.707107 -0
    outer loop
      vertex 83.3023 18.0927 2.8
      vertex 83.0927 18.3023 0.00761127
      vertex 83.3023 18.0927 0.00761127
    endloop
  endfacet
  facet normal 0.422756 0.906243 -0
    outer loop
      vertex 81.4186 15.4025 0.00761127
      vertex 81.15 15.5278 2.8
      vertex 81.4186 15.4025 2.8
    endloop
  endfacet
  facet normal 0.422756 0.906243 0
    outer loop
      vertex 81.15 15.5278 2.8
      vertex 81.4186 15.4025 0.00761127
      vertex 81.15 15.5278 0.00761127
    endloop
  endfacet
  facet normal 0.0870665 -0.996203 0
    outer loop
      vertex 81.7048 18.6742 0.00761127
      vertex 82 18.7 2.8
      vertex 81.7048 18.6742 2.8
    endloop
  endfacet
  facet normal 0.0870665 -0.996203 0
    outer loop
      vertex 82 18.7 2.8
      vertex 81.7048 18.6742 0.00761127
      vertex 82 18.7 0.00761127
    endloop
  endfacet
  facet normal -0.819216 0.573485 0
    outer loop
      vertex 83.3023 15.9073 0.00761127
      vertex 83.4722 16.15 2.8
      vertex 83.4722 16.15 0.00761127
    endloop
  endfacet
  facet normal -0.819216 0.573485 0
    outer loop
      vertex 83.4722 16.15 2.8
      vertex 83.3023 15.9073 0.00761127
      vertex 83.3023 15.9073 2.8
    endloop
  endfacet
  facet normal -0.707107 0.707107 0
    outer loop
      vertex 83.3023 15.9073 0.00761127
      vertex 83.0927 15.6977 2.8
      vertex 83.3023 15.9073 2.8
    endloop
  endfacet
  facet normal -0.707107 0.707107 0
    outer loop
      vertex 83.0927 15.6977 2.8
      vertex 83.3023 15.9073 0.00761127
      vertex 83.0927 15.6977 0.00761127
    endloop
  endfacet
  facet normal 0.819216 -0.573485 0
    outer loop
      vertex 80.5278 17.85 2.8
      vertex 80.6977 18.0927 0.00761127
      vertex 80.6977 18.0927 2.8
    endloop
  endfacet
  facet normal 0.819216 -0.573485 0
    outer loop
      vertex 80.6977 18.0927 0.00761127
      vertex 80.5278 17.85 2.8
      vertex 80.5278 17.85 0.00761127
    endloop
  endfacet
  facet normal 0.965915 0.25886 0
    outer loop
      vertex 80.4025 16.4186 2.8
      vertex 80.3258 16.7048 0.00761127
      vertex 80.3258 16.7048 2.8
    endloop
  endfacet
  facet normal 0.965915 0.25886 0
    outer loop
      vertex 80.3258 16.7048 0.00761127
      vertex 80.4025 16.4186 2.8
      vertex 80.4025 16.4186 0.00761127
    endloop
  endfacet
  facet normal 0.655803 -0.655803 0.373959
    outer loop
      vertex 79.7079 18.9233 5.99239
      vertex 80.9073 18.3023 2.8
      vertex 80.0767 19.2921 5.99239
    endloop
  endfacet
  facet normal 0.655803 -0.655803 0.373959
    outer loop
      vertex 80.9073 18.3023 2.8
      vertex 79.7079 18.9233 5.99239
      vertex 80.6977 18.0927 2.8
    endloop
  endfacet
  facet normal -0.923904 -0.0809034 0.373973
    outer loop
      vertex 84.9922 17 5.99239
      vertex 84.9529 17.4488 5.99239
      vertex 83.7 17 2.8
    endloop
  endfacet
  facet normal -0.923909 -0.0809073 0.373961
    outer loop
      vertex 83.6742 17.2952 2.8
      vertex 84.9529 17.4488 5.99239
      vertex 84.9467 17.5196 5.99239
    endloop
  endfacet
  facet normal -0.923923 -0.0807494 0.373959
    outer loop
      vertex 84.9529 17.4488 5.99239
      vertex 83.6742 17.2952 2.8
      vertex 83.7 17 2.8
    endloop
  endfacet
  facet normal -0.0809073 0.923909 0.373961
    outer loop
      vertex 82.2952 15.3258 2.8
      vertex 82.4488 14.0471 5.99239
      vertex 82.5196 14.0533 5.99239
    endloop
  endfacet
  facet normal -0.0807494 0.923923 0.373959
    outer loop
      vertex 82.4488 14.0471 5.99239
      vertex 82.2952 15.3258 2.8
      vertex 82 15.3 2.8
    endloop
  endfacet
  facet normal 0.895839 -0.240052 0.373961
    outer loop
      vertex 79.0533 17.5196 5.99239
      vertex 80.4025 17.5814 2.8
      vertex 79.1883 18.0234 5.99239
    endloop
  endfacet
  facet normal 0.895833 -0.240078 0.373959
    outer loop
      vertex 80.4025 17.5814 2.8
      vertex 79.0533 17.5196 5.99239
      vertex 80.3258 17.2952 2.8
    endloop
  endfacet
  facet normal 0.0809034 0.923904 0.373973
    outer loop
      vertex 82 14.0078 5.99239
      vertex 82 15.3 2.8
      vertex 81.5512 14.0471 5.99239
    endloop
  endfacet
  facet normal 0.759659 -0.532046 0.37396
    outer loop
      vertex 79.4087 18.4961 5.99239
      vertex 80.6977 18.0927 2.8
      vertex 79.7079 18.9233 5.99239
    endloop
  endfacet
  facet normal 0.75977 -0.53187 0.373983
    outer loop
      vertex 80.6977 18.0927 2.8
      vertex 79.4087 18.4961 5.99239
      vertex 80.5278 17.85 2.8
    endloop
  endfacet
  facet normal -0.923923 0.0807494 0.373959
    outer loop
      vertex 83.6742 16.7048 2.8
      vertex 84.9529 16.5512 5.99239
      vertex 83.7 17 2.8
    endloop
  endfacet
  facet normal -0.923909 0.0809073 0.373961
    outer loop
      vertex 84.9529 16.5512 5.99239
      vertex 83.6742 16.7048 2.8
      vertex 84.9467 16.4804 5.99239
    endloop
  endfacet
  facet normal 0.923923 0.0807494 0.373959
    outer loop
      vertex 79.0471 16.5512 5.99239
      vertex 80.3258 16.7048 2.8
      vertex 80.3 17 2.8
    endloop
  endfacet
  facet normal 0.923909 0.0809073 0.373961
    outer loop
      vertex 80.3258 16.7048 2.8
      vertex 79.0471 16.5512 5.99239
      vertex 79.0533 16.4804 5.99239
    endloop
  endfacet
  facet normal -0.391917 0.840559 0.373979
    outer loop
      vertex 82.85 15.5278 2.8
      vertex 83.0234 14.1883 5.99239
      vertex 83.4961 14.4087 5.99239
    endloop
  endfacet
  facet normal -0.392083 0.840491 0.37396
    outer loop
      vertex 83.0234 14.1883 5.99239
      vertex 82.85 15.5278 2.8
      vertex 82.5814 15.4025 2.8
    endloop
  endfacet
  facet normal 0.923904 0.0809034 0.373973
    outer loop
      vertex 79.0471 16.5512 5.99239
      vertex 80.3 17 2.8
      vertex 79.0078 17 5.99239
    endloop
  endfacet
  facet normal -0.532046 0.759659 0.37396
    outer loop
      vertex 83.0927 15.6977 2.8
      vertex 83.4961 14.4087 5.99239
      vertex 83.9233 14.7079 5.99239
    endloop
  endfacet
  facet normal -0.53187 0.75977 0.373983
    outer loop
      vertex 83.4961 14.4087 5.99239
      vertex 83.0927 15.6977 2.8
      vertex 82.85 15.5278 2.8
    endloop
  endfacet
  facet normal -0.0809034 0.923904 0.373973
    outer loop
      vertex 82.4488 14.0471 5.99239
      vertex 82 15.3 2.8
      vertex 82 14.0078 5.99239
    endloop
  endfacet
  facet normal 0.392083 0.840491 0.37396
    outer loop
      vertex 81.15 15.5278 2.8
      vertex 80.9766 14.1883 5.99239
      vertex 81.4186 15.4025 2.8
    endloop
  endfacet
  facet normal 0.391917 0.840559 0.373979
    outer loop
      vertex 80.9766 14.1883 5.99239
      vertex 81.15 15.5278 2.8
      vertex 80.5039 14.4087 5.99239
    endloop
  endfacet
  facet normal -0.923904 0.0809034 0.373973
    outer loop
      vertex 84.9529 16.5512 5.99239
      vertex 84.9922 17 5.99239
      vertex 83.7 17 2.8
    endloop
  endfacet
  facet normal 0.240078 0.895833 0.373959
    outer loop
      vertex 81.4186 15.4025 2.8
      vertex 81.4804 14.0533 5.99239
      vertex 81.7048 15.3258 2.8
    endloop
  endfacet
  facet normal 0.240052 0.895839 0.373961
    outer loop
      vertex 81.4804 14.0533 5.99239
      vertex 81.4186 15.4025 2.8
      vertex 80.9766 14.1883 5.99239
    endloop
  endfacet
  facet normal 0.53187 0.75977 0.373983
    outer loop
      vertex 80.9073 15.6977 2.8
      vertex 80.5039 14.4087 5.99239
      vertex 81.15 15.5278 2.8
    endloop
  endfacet
  facet normal 0.532046 0.759659 0.37396
    outer loop
      vertex 80.5039 14.4087 5.99239
      vertex 80.9073 15.6977 2.8
      vertex 80.0767 14.7079 5.99239
    endloop
  endfacet
  facet normal -0.895833 0.240078 0.373959
    outer loop
      vertex 83.5975 16.4186 2.8
      vertex 84.9467 16.4804 5.99239
      vertex 83.6742 16.7048 2.8
    endloop
  endfacet
  facet normal -0.895839 0.240052 0.373961
    outer loop
      vertex 84.9467 16.4804 5.99239
      vertex 83.5975 16.4186 2.8
      vertex 84.8117 15.9766 5.99239
    endloop
  endfacet
  facet normal -0.75977 0.53187 0.373983
    outer loop
      vertex 83.3023 15.9073 2.8
      vertex 84.5913 15.5039 5.99239
      vertex 83.4722 16.15 2.8
    endloop
  endfacet
  facet normal -0.759659 0.532046 0.37396
    outer loop
      vertex 84.5913 15.5039 5.99239
      vertex 83.3023 15.9073 2.8
      vertex 84.2921 15.0767 5.99239
    endloop
  endfacet
  facet normal 0.840491 0.392083 0.37396
    outer loop
      vertex 79.1883 15.9766 5.99239
      vertex 80.5278 16.15 2.8
      vertex 80.4025 16.4186 2.8
    endloop
  endfacet
  facet normal 0.840559 0.391917 0.373979
    outer loop
      vertex 80.5278 16.15 2.8
      vertex 79.1883 15.9766 5.99239
      vertex 79.4087 15.5039 5.99239
    endloop
  endfacet
  facet normal -0.840491 0.392083 0.37396
    outer loop
      vertex 83.4722 16.15 2.8
      vertex 84.8117 15.9766 5.99239
      vertex 83.5975 16.4186 2.8
    endloop
  endfacet
  facet normal -0.840559 0.391917 0.373979
    outer loop
      vertex 84.8117 15.9766 5.99239
      vertex 83.4722 16.15 2.8
      vertex 84.5913 15.5039 5.99239
    endloop
  endfacet
  facet normal 0.840559 -0.391917 0.373979
    outer loop
      vertex 79.1883 18.0234 5.99239
      vertex 80.5278 17.85 2.8
      vertex 79.4087 18.4961 5.99239
    endloop
  endfacet
  facet normal 0.840491 -0.392083 0.37396
    outer loop
      vertex 80.5278 17.85 2.8
      vertex 79.1883 18.0234 5.99239
      vertex 80.4025 17.5814 2.8
    endloop
  endfacet
  facet normal -0.0807494 -0.923923 0.373959
    outer loop
      vertex 82.2952 18.6742 2.8
      vertex 82.4488 19.9529 5.99239
      vertex 82 18.7 2.8
    endloop
  endfacet
  facet normal -0.0809073 -0.923909 0.373961
    outer loop
      vertex 82.4488 19.9529 5.99239
      vertex 82.2952 18.6742 2.8
      vertex 82.5196 19.9467 5.99239
    endloop
  endfacet
  facet normal 0.240052 -0.895839 0.373961
    outer loop
      vertex 81.4186 18.5975 2.8
      vertex 81.4804 19.9467 5.99239
      vertex 80.9766 19.8117 5.99239
    endloop
  endfacet
  facet normal 0.240078 -0.895833 0.373959
    outer loop
      vertex 81.4804 19.9467 5.99239
      vertex 81.4186 18.5975 2.8
      vertex 81.7048 18.6742 2.8
    endloop
  endfacet
  facet normal 0.0807494 0.923923 0.373959
    outer loop
      vertex 81.7048 15.3258 2.8
      vertex 81.5512 14.0471 5.99239
      vertex 82 15.3 2.8
    endloop
  endfacet
  facet normal 0.0809073 0.923909 0.373961
    outer loop
      vertex 81.5512 14.0471 5.99239
      vertex 81.7048 15.3258 2.8
      vertex 81.4804 14.0533 5.99239
    endloop
  endfacet
  facet normal -0.655803 0.655803 0.373959
    outer loop
      vertex 83.0927 15.6977 2.8
      vertex 84.2921 15.0767 5.99239
      vertex 83.3023 15.9073 2.8
    endloop
  endfacet
  facet normal -0.655803 0.655803 0.373959
    outer loop
      vertex 84.2921 15.0767 5.99239
      vertex 83.0927 15.6977 2.8
      vertex 83.9233 14.7079 5.99239
    endloop
  endfacet
  facet normal 0.923909 -0.0809073 0.373961
    outer loop
      vertex 79.0471 17.4488 5.99239
      vertex 80.3258 17.2952 2.8
      vertex 79.0533 17.5196 5.99239
    endloop
  endfacet
  facet normal 0.923923 -0.0807494 0.373959
    outer loop
      vertex 80.3258 17.2952 2.8
      vertex 79.0471 17.4488 5.99239
      vertex 80.3 17 2.8
    endloop
  endfacet
  facet normal -0.392083 -0.840491 0.37396
    outer loop
      vertex 82.85 18.4722 2.8
      vertex 83.0234 19.8117 5.99239
      vertex 82.5814 18.5975 2.8
    endloop
  endfacet
  facet normal -0.391917 -0.840559 0.373979
    outer loop
      vertex 83.0234 19.8117 5.99239
      vertex 82.85 18.4722 2.8
      vertex 83.4961 19.5913 5.99239
    endloop
  endfacet
  facet normal -0.0809034 -0.923904 0.373973
    outer loop
      vertex 82.4488 19.9529 5.99239
      vertex 82 19.9922 5.99239
      vertex 82 18.7 2.8
    endloop
  endfacet
  facet normal 0.895833 0.240078 0.373959
    outer loop
      vertex 79.0533 16.4804 5.99239
      vertex 80.4025 16.4186 2.8
      vertex 80.3258 16.7048 2.8
    endloop
  endfacet
  facet normal 0.895839 0.240052 0.373961
    outer loop
      vertex 80.4025 16.4186 2.8
      vertex 79.0533 16.4804 5.99239
      vertex 79.1883 15.9766 5.99239
    endloop
  endfacet
  facet normal -0.53187 -0.75977 0.373983
    outer loop
      vertex 83.0927 18.3023 2.8
      vertex 83.4961 19.5913 5.99239
      vertex 82.85 18.4722 2.8
    endloop
  endfacet
  facet normal -0.532046 -0.759659 0.37396
    outer loop
      vertex 83.4961 19.5913 5.99239
      vertex 83.0927 18.3023 2.8
      vertex 83.9233 19.2921 5.99239
    endloop
  endfacet
  facet normal -0.240052 0.895839 0.373961
    outer loop
      vertex 82.5814 15.4025 2.8
      vertex 82.5196 14.0533 5.99239
      vertex 83.0234 14.1883 5.99239
    endloop
  endfacet
  facet normal -0.240078 0.895833 0.373959
    outer loop
      vertex 82.5196 14.0533 5.99239
      vertex 82.5814 15.4025 2.8
      vertex 82.2952 15.3258 2.8
    endloop
  endfacet
  facet normal 0.655803 0.655803 0.373959
    outer loop
      vertex 80.6977 15.9073 2.8
      vertex 80.0767 14.7079 5.99239
      vertex 80.9073 15.6977 2.8
    endloop
  endfacet
  facet normal 0.655803 0.655803 0.373959
    outer loop
      vertex 80.0767 14.7079 5.99239
      vertex 80.6977 15.9073 2.8
      vertex 79.7079 15.0767 5.99239
    endloop
  endfacet
  facet normal 0.75977 0.53187 0.373983
    outer loop
      vertex 79.4087 15.5039 5.99239
      vertex 80.6977 15.9073 2.8
      vertex 80.5278 16.15 2.8
    endloop
  endfacet
  facet normal 0.759659 0.532046 0.37396
    outer loop
      vertex 80.6977 15.9073 2.8
      vertex 79.4087 15.5039 5.99239
      vertex 79.7079 15.0767 5.99239
    endloop
  endfacet
  facet normal 0.532046 -0.759659 0.37396
    outer loop
      vertex 80.9073 18.3023 2.8
      vertex 80.5039 19.5913 5.99239
      vertex 80.0767 19.2921 5.99239
    endloop
  endfacet
  facet normal 0.53187 -0.75977 0.373983
    outer loop
      vertex 80.5039 19.5913 5.99239
      vertex 80.9073 18.3023 2.8
      vertex 81.15 18.4722 2.8
    endloop
  endfacet
  facet normal 0.391917 -0.840559 0.373979
    outer loop
      vertex 81.15 18.4722 2.8
      vertex 80.9766 19.8117 5.99239
      vertex 80.5039 19.5913 5.99239
    endloop
  endfacet
  facet normal 0.392083 -0.840491 0.37396
    outer loop
      vertex 80.9766 19.8117 5.99239
      vertex 81.15 18.4722 2.8
      vertex 81.4186 18.5975 2.8
    endloop
  endfacet
  facet normal 0.0809073 -0.923909 0.373961
    outer loop
      vertex 81.7048 18.6742 2.8
      vertex 81.5512 19.9529 5.99239
      vertex 81.4804 19.9467 5.99239
    endloop
  endfacet
  facet normal 0.0807494 -0.923923 0.373959
    outer loop
      vertex 81.5512 19.9529 5.99239
      vertex 81.7048 18.6742 2.8
      vertex 82 18.7 2.8
    endloop
  endfacet
  facet normal 0.923904 -0.0809034 0.373973
    outer loop
      vertex 80.3 17 2.8
      vertex 79.0471 17.4488 5.99239
      vertex 79.0078 17 5.99239
    endloop
  endfacet
  facet normal 0.0809034 -0.923904 0.373973
    outer loop
      vertex 82 18.7 2.8
      vertex 82 19.9922 5.99239
      vertex 81.5512 19.9529 5.99239
    endloop
  endfacet
  facet normal -0.240078 -0.895833 0.373959
    outer loop
      vertex 82.5814 18.5975 2.8
      vertex 82.5196 19.9467 5.99239
      vertex 82.2952 18.6742 2.8
    endloop
  endfacet
  facet normal -0.240052 -0.895839 0.373961
    outer loop
      vertex 82.5196 19.9467 5.99239
      vertex 82.5814 18.5975 2.8
      vertex 83.0234 19.8117 5.99239
    endloop
  endfacet
  facet normal -0.655803 -0.655803 0.373959
    outer loop
      vertex 83.0927 18.3023 2.8
      vertex 84.2921 18.9233 5.99239
      vertex 83.9233 19.2921 5.99239
    endloop
  endfacet
  facet normal -0.655803 -0.655803 0.373959
    outer loop
      vertex 84.2921 18.9233 5.99239
      vertex 83.0927 18.3023 2.8
      vertex 83.3023 18.0927 2.8
    endloop
  endfacet
  facet normal -0.759659 -0.532046 0.37396
    outer loop
      vertex 83.3023 18.0927 2.8
      vertex 84.5913 18.4961 5.99239
      vertex 84.2921 18.9233 5.99239
    endloop
  endfacet
  facet normal -0.75977 -0.53187 0.373983
    outer loop
      vertex 84.5913 18.4961 5.99239
      vertex 83.3023 18.0927 2.8
      vertex 83.4722 17.85 2.8
    endloop
  endfacet
  facet normal -0.840559 -0.391917 0.373979
    outer loop
      vertex 83.4722 17.85 2.8
      vertex 84.8117 18.0234 5.99239
      vertex 84.5913 18.4961 5.99239
    endloop
  endfacet
  facet normal -0.840491 -0.392083 0.37396
    outer loop
      vertex 84.8117 18.0234 5.99239
      vertex 83.4722 17.85 2.8
      vertex 83.5975 17.5814 2.8
    endloop
  endfacet
  facet normal -0.895839 -0.240052 0.373961
    outer loop
      vertex 83.5975 17.5814 2.8
      vertex 84.9467 17.5196 5.99239
      vertex 84.8117 18.0234 5.99239
    endloop
  endfacet
  facet normal -0.895833 -0.240078 0.373959
    outer loop
      vertex 84.9467 17.5196 5.99239
      vertex 83.5975 17.5814 2.8
      vertex 83.6742 17.2952 2.8
    endloop
  endfacet
  facet normal 0.906631 -0.421924 0
    outer loop
      vertex 136.403 17.5814 2.8
      vertex 136.528 17.85 0.00761127
      vertex 136.528 17.85 2.8
    endloop
  endfacet
  facet normal 0.906631 -0.421924 0
    outer loop
      vertex 136.528 17.85 0.00761127
      vertex 136.403 17.5814 2.8
      vertex 136.403 17.5814 0.00761127
    endloop
  endfacet
  facet normal -0.965661 -0.259804 0
    outer loop
      vertex 139.674 17.2952 0.00761127
      vertex 139.597 17.5814 2.8
      vertex 139.597 17.5814 0.00761127
    endloop
  endfacet
  facet normal -0.965661 -0.259804 0
    outer loop
      vertex 139.597 17.5814 2.8
      vertex 139.674 17.2952 0.00761127
      vertex 139.674 17.2952 2.8
    endloop
  endfacet
  facet normal -0.996144 -0.0877362 0
    outer loop
      vertex 139.7 17 0.00761127
      vertex 139.674 17.2952 2.8
      vertex 139.674 17.2952 0.00761127
    endloop
  endfacet
  facet normal -0.996144 -0.0877362 0
    outer loop
      vertex 139.674 17.2952 2.8
      vertex 139.7 17 0.00761127
      vertex 139.7 17 2.8
    endloop
  endfacet
  facet normal -0.906631 -0.421924 0
    outer loop
      vertex 139.597 17.5814 0.00761127
      vertex 139.472 17.85 2.8
      vertex 139.472 17.85 0.00761127
    endloop
  endfacet
  facet normal -0.906631 -0.421924 0
    outer loop
      vertex 139.472 17.85 2.8
      vertex 139.597 17.5814 0.00761127
      vertex 139.597 17.5814 2.8
    endloop
  endfacet
  facet normal 0.0871251 0.996197 -0
    outer loop
      vertex 138 15.3 0.00761127
      vertex 137.705 15.3258 2.8
      vertex 138 15.3 2.8
    endloop
  endfacet
  facet normal 0.0871251 0.996197 0
    outer loop
      vertex 137.705 15.3258 2.8
      vertex 138 15.3 0.00761127
      vertex 137.705 15.3258 0.00761127
    endloop
  endfacet
  facet normal -0.996144 0.0877362 0
    outer loop
      vertex 139.674 16.7048 0.00761127
      vertex 139.7 17 2.8
      vertex 139.7 17 0.00761127
    endloop
  endfacet
  facet normal -0.996144 0.0877362 0
    outer loop
      vertex 139.7 17 2.8
      vertex 139.674 16.7048 0.00761127
      vertex 139.674 16.7048 2.8
    endloop
  endfacet
  facet normal 0.996144 0.0877362 0
    outer loop
      vertex 136.326 16.7048 2.8
      vertex 136.3 17 0.00761127
      vertex 136.3 17 2.8
    endloop
  endfacet
  facet normal 0.996144 0.0877362 0
    outer loop
      vertex 136.3 17 0.00761127
      vertex 136.326 16.7048 2.8
      vertex 136.326 16.7048 0.00761127
    endloop
  endfacet
  facet normal -0.0871251 -0.996197 0
    outer loop
      vertex 138 18.7 0.00761127
      vertex 138.295 18.6742 2.8
      vertex 138 18.7 2.8
    endloop
  endfacet
  facet normal -0.0871251 -0.996197 -0
    outer loop
      vertex 138.295 18.6742 2.8
      vertex 138 18.7 0.00761127
      vertex 138.295 18.6742 0.00761127
    endloop
  endfacet
  facet normal 0.57301 0.819549 -0
    outer loop
      vertex 137.15 15.5278 0.00761127
      vertex 136.907 15.6977 2.8
      vertex 137.15 15.5278 2.8
    endloop
  endfacet
  facet normal 0.57301 0.819549 0
    outer loop
      vertex 136.907 15.6977 2.8
      vertex 137.15 15.5278 0.00761127
      vertex 136.907 15.6977 0.00761127
    endloop
  endfacet
  facet normal -0.819057 -0.573711 0
    outer loop
      vertex 139.472 17.85 0.00761127
      vertex 139.302 18.0927 2.8
      vertex 139.302 18.0927 0.00761127
    endloop
  endfacet
  facet normal -0.819057 -0.573711 0
    outer loop
      vertex 139.302 18.0927 2.8
      vertex 139.472 17.85 0.00761127
      vertex 139.472 17.85 2.8
    endloop
  endfacet
  facet normal 0.259029 -0.96587 0
    outer loop
      vertex 137.419 18.5975 0.00761127
      vertex 137.705 18.6742 2.8
      vertex 137.419 18.5975 2.8
    endloop
  endfacet
  facet normal 0.259029 -0.96587 0
    outer loop
      vertex 137.705 18.6742 2.8
      vertex 137.419 18.5975 0.00761127
      vertex 137.705 18.6742 0.00761127
    endloop
  endfacet
  facet normal 0.42224 -0.906484 0
    outer loop
      vertex 137.15 18.4722 0.00761127
      vertex 137.419 18.5975 2.8
      vertex 137.15 18.4722 2.8
    endloop
  endfacet
  facet normal 0.42224 -0.906484 0
    outer loop
      vertex 137.419 18.5975 2.8
      vertex 137.15 18.4722 0.00761127
      vertex 137.419 18.5975 0.00761127
    endloop
  endfacet
  facet normal 0.906631 0.421924 0
    outer loop
      vertex 136.528 16.15 2.8
      vertex 136.403 16.4186 0.00761127
      vertex 136.403 16.4186 2.8
    endloop
  endfacet
  facet normal 0.906631 0.421924 0
    outer loop
      vertex 136.403 16.4186 0.00761127
      vertex 136.528 16.15 2.8
      vertex 136.528 16.15 0.00761127
    endloop
  endfacet
  facet normal -0.906631 0.421924 0
    outer loop
      vertex 139.472 16.15 0.00761127
      vertex 139.597 16.4186 2.8
      vertex 139.597 16.4186 0.00761127
    endloop
  endfacet
  facet normal -0.906631 0.421924 0
    outer loop
      vertex 139.597 16.4186 2.8
      vertex 139.472 16.15 0.00761127
      vertex 139.472 16.15 2.8
    endloop
  endfacet
  facet normal 0.57301 -0.819549 0
    outer loop
      vertex 136.907 18.3023 0.00761127
      vertex 137.15 18.4722 2.8
      vertex 136.907 18.3023 2.8
    endloop
  endfacet
  facet normal 0.57301 -0.819549 0
    outer loop
      vertex 137.15 18.4722 2.8
      vertex 136.907 18.3023 0.00761127
      vertex 137.15 18.4722 0.00761127
    endloop
  endfacet
  facet normal 0.819057 0.573711 0
    outer loop
      vertex 136.698 15.9073 2.8
      vertex 136.528 16.15 0.00761127
      vertex 136.528 16.15 2.8
    endloop
  endfacet
  facet normal 0.819057 0.573711 0
    outer loop
      vertex 136.528 16.15 0.00761127
      vertex 136.698 15.9073 2.8
      vertex 136.698 15.9073 0.00761127
    endloop
  endfacet
  facet normal 0.965661 -0.259804 0
    outer loop
      vertex 136.326 17.2952 2.8
      vertex 136.403 17.5814 0.00761127
      vertex 136.403 17.5814 2.8
    endloop
  endfacet
  facet normal 0.965661 -0.259804 0
    outer loop
      vertex 136.403 17.5814 0.00761127
      vertex 136.326 17.2952 2.8
      vertex 136.326 17.2952 0.00761127
    endloop
  endfacet
  facet normal 0.70812 0.706093 0
    outer loop
      vertex 136.907 15.6977 2.8
      vertex 136.698 15.9073 0.00761127
      vertex 136.698 15.9073 2.8
    endloop
  endfacet
  facet normal 0.70812 0.706093 0
    outer loop
      vertex 136.698 15.9073 0.00761127
      vertex 136.907 15.6977 2.8
      vertex 136.907 15.6977 0.00761127
    endloop
  endfacet
  facet normal -0.259029 -0.96587 0
    outer loop
      vertex 138.295 18.6742 0.00761127
      vertex 138.581 18.5975 2.8
      vertex 138.295 18.6742 2.8
    endloop
  endfacet
  facet normal -0.259029 -0.96587 -0
    outer loop
      vertex 138.581 18.5975 2.8
      vertex 138.295 18.6742 0.00761127
      vertex 138.581 18.5975 0.00761127
    endloop
  endfacet
  facet normal -0.259029 0.96587 0
    outer loop
      vertex 138.581 15.4025 0.00761127
      vertex 138.295 15.3258 2.8
      vertex 138.581 15.4025 2.8
    endloop
  endfacet
  facet normal -0.259029 0.96587 0
    outer loop
      vertex 138.295 15.3258 2.8
      vertex 138.581 15.4025 0.00761127
      vertex 138.295 15.3258 0.00761127
    endloop
  endfacet
  facet normal 0.259029 0.96587 -0
    outer loop
      vertex 137.705 15.3258 0.00761127
      vertex 137.419 15.4025 2.8
      vertex 137.705 15.3258 2.8
    endloop
  endfacet
  facet normal 0.259029 0.96587 0
    outer loop
      vertex 137.419 15.4025 2.8
      vertex 137.705 15.3258 0.00761127
      vertex 137.419 15.4025 0.00761127
    endloop
  endfacet
  facet normal -0.42224 0.906484 0
    outer loop
      vertex 138.85 15.5278 0.00761127
      vertex 138.581 15.4025 2.8
      vertex 138.85 15.5278 2.8
    endloop
  endfacet
  facet normal -0.42224 0.906484 0
    outer loop
      vertex 138.581 15.4025 2.8
      vertex 138.85 15.5278 0.00761127
      vertex 138.581 15.4025 0.00761127
    endloop
  endfacet
  facet normal -0.57301 -0.819549 0
    outer loop
      vertex 138.85 18.4722 0.00761127
      vertex 139.093 18.3023 2.8
      vertex 138.85 18.4722 2.8
    endloop
  endfacet
  facet normal -0.57301 -0.819549 -0
    outer loop
      vertex 139.093 18.3023 2.8
      vertex 138.85 18.4722 0.00761127
      vertex 139.093 18.3023 0.00761127
    endloop
  endfacet
  facet normal 0.996144 -0.0877362 0
    outer loop
      vertex 136.3 17 2.8
      vertex 136.326 17.2952 0.00761127
      vertex 136.326 17.2952 2.8
    endloop
  endfacet
  facet normal 0.996144 -0.0877362 0
    outer loop
      vertex 136.326 17.2952 0.00761127
      vertex 136.3 17 2.8
      vertex 136.3 17 0.00761127
    endloop
  endfacet
  facet normal -0.42224 -0.906484 0
    outer loop
      vertex 138.581 18.5975 0.00761127
      vertex 138.85 18.4722 2.8
      vertex 138.581 18.5975 2.8
    endloop
  endfacet
  facet normal -0.42224 -0.906484 -0
    outer loop
      vertex 138.85 18.4722 2.8
      vertex 138.581 18.5975 0.00761127
      vertex 138.85 18.4722 0.00761127
    endloop
  endfacet
  facet normal 0.70812 -0.706093 0
    outer loop
      vertex 136.698 18.0927 2.8
      vertex 136.907 18.3023 0.00761127
      vertex 136.907 18.3023 2.8
    endloop
  endfacet
  facet normal 0.70812 -0.706093 0
    outer loop
      vertex 136.907 18.3023 0.00761127
      vertex 136.698 18.0927 2.8
      vertex 136.698 18.0927 0.00761127
    endloop
  endfacet
  facet normal -0.57301 0.819549 0
    outer loop
      vertex 139.093 15.6977 0.00761127
      vertex 138.85 15.5278 2.8
      vertex 139.093 15.6977 2.8
    endloop
  endfacet
  facet normal -0.57301 0.819549 0
    outer loop
      vertex 138.85 15.5278 2.8
      vertex 139.093 15.6977 0.00761127
      vertex 138.85 15.5278 0.00761127
    endloop
  endfacet
  facet normal -0.0871251 0.996197 0
    outer loop
      vertex 138.295 15.3258 0.00761127
      vertex 138 15.3 2.8
      vertex 138.295 15.3258 2.8
    endloop
  endfacet
  facet normal -0.0871251 0.996197 0
    outer loop
      vertex 138 15.3 2.8
      vertex 138.295 15.3258 0.00761127
      vertex 138 15.3 0.00761127
    endloop
  endfacet
  facet normal -0.965661 0.259804 0
    outer loop
      vertex 139.597 16.4186 0.00761127
      vertex 139.674 16.7048 2.8
      vertex 139.674 16.7048 0.00761127
    endloop
  endfacet
  facet normal -0.965661 0.259804 0
    outer loop
      vertex 139.674 16.7048 2.8
      vertex 139.597 16.4186 0.00761127
      vertex 139.597 16.4186 2.8
    endloop
  endfacet
  facet normal -0.70812 -0.706093 0
    outer loop
      vertex 139.302 18.0927 0.00761127
      vertex 139.093 18.3023 2.8
      vertex 139.093 18.3023 0.00761127
    endloop
  endfacet
  facet normal -0.70812 -0.706093 0
    outer loop
      vertex 139.093 18.3023 2.8
      vertex 139.302 18.0927 0.00761127
      vertex 139.302 18.0927 2.8
    endloop
  endfacet
  facet normal 0.42224 0.906484 -0
    outer loop
      vertex 137.419 15.4025 0.00761127
      vertex 137.15 15.5278 2.8
      vertex 137.419 15.4025 2.8
    endloop
  endfacet
  facet normal 0.42224 0.906484 0
    outer loop
      vertex 137.15 15.5278 2.8
      vertex 137.419 15.4025 0.00761127
      vertex 137.15 15.5278 0.00761127
    endloop
  endfacet
  facet normal 0.0871251 -0.996197 0
    outer loop
      vertex 137.705 18.6742 0.00761127
      vertex 138 18.7 2.8
      vertex 137.705 18.6742 2.8
    endloop
  endfacet
  facet normal 0.0871251 -0.996197 0
    outer loop
      vertex 138 18.7 2.8
      vertex 137.705 18.6742 0.00761127
      vertex 138 18.7 0.00761127
    endloop
  endfacet
  facet normal -0.819057 0.573711 0
    outer loop
      vertex 139.302 15.9073 0.00761127
      vertex 139.472 16.15 2.8
      vertex 139.472 16.15 0.00761127
    endloop
  endfacet
  facet normal -0.819057 0.573711 0
    outer loop
      vertex 139.472 16.15 2.8
      vertex 139.302 15.9073 0.00761127
      vertex 139.302 15.9073 2.8
    endloop
  endfacet
  facet normal 0.819057 -0.573711 0
    outer loop
      vertex 136.528 17.85 2.8
      vertex 136.698 18.0927 0.00761127
      vertex 136.698 18.0927 2.8
    endloop
  endfacet
  facet normal 0.819057 -0.573711 0
    outer loop
      vertex 136.698 18.0927 0.00761127
      vertex 136.528 17.85 2.8
      vertex 136.528 17.85 0.00761127
    endloop
  endfacet
  facet normal -0.70812 0.706093 0
    outer loop
      vertex 139.093 15.6977 0.00761127
      vertex 139.302 15.9073 2.8
      vertex 139.302 15.9073 0.00761127
    endloop
  endfacet
  facet normal -0.70812 0.706093 0
    outer loop
      vertex 139.302 15.9073 2.8
      vertex 139.093 15.6977 0.00761127
      vertex 139.093 15.6977 2.8
    endloop
  endfacet
  facet normal 0.965661 0.259804 0
    outer loop
      vertex 136.403 16.4186 2.8
      vertex 136.326 16.7048 0.00761127
      vertex 136.326 16.7048 2.8
    endloop
  endfacet
  facet normal 0.965661 0.259804 0
    outer loop
      vertex 136.326 16.7048 0.00761127
      vertex 136.403 16.4186 2.8
      vertex 136.403 16.4186 0.00761127
    endloop
  endfacet
  facet normal 0.655653 -0.656009 0.373861
    outer loop
      vertex 135.708 18.9233 5.99239
      vertex 136.907 18.3023 2.8
      vertex 136.077 19.2921 5.99239
    endloop
  endfacet
  facet normal 0.656721 -0.654841 0.374035
    outer loop
      vertex 136.907 18.3023 2.8
      vertex 135.708 18.9233 5.99239
      vertex 136.698 18.0927 2.8
    endloop
  endfacet
  facet normal -0.92397 -0.0802915 0.373942
    outer loop
      vertex 140.992 17 5.99239
      vertex 140.953 17.4488 5.99239
      vertex 139.7 17 2.8
    endloop
  endfacet
  facet normal -0.924114 -0.0783148 0.374005
    outer loop
      vertex 139.674 17.2952 2.8
      vertex 140.953 17.4488 5.99239
      vertex 140.947 17.5196 5.99239
    endloop
  endfacet
  facet normal -0.923836 -0.0813677 0.374041
    outer loop
      vertex 140.953 17.4488 5.99239
      vertex 139.674 17.2952 2.8
      vertex 139.7 17 2.8
    endloop
  endfacet
  facet normal -0.0806809 0.923926 0.373967
    outer loop
      vertex 138.295 15.3258 2.8
      vertex 138.449 14.0471 5.99239
      vertex 138.52 14.0533 5.99239
    endloop
  endfacet
  facet normal -0.0808034 0.923915 0.373969
    outer loop
      vertex 138.449 14.0471 5.99239
      vertex 138.295 15.3258 2.8
      vertex 138 15.3 2.8
    endloop
  endfacet
  facet normal 0.895764 -0.240032 0.374155
    outer loop
      vertex 135.053 17.5196 5.99239
      vertex 136.403 17.5814 2.8
      vertex 135.188 18.0234 5.99239
    endloop
  endfacet
  facet normal 0.895562 -0.240944 0.374052
    outer loop
      vertex 136.403 17.5814 2.8
      vertex 135.053 17.5196 5.99239
      vertex 136.326 17.2952 2.8
    endloop
  endfacet
  facet normal 0.0808676 0.923907 0.373974
    outer loop
      vertex 138 14.0078 5.99239
      vertex 138 15.3 2.8
      vertex 137.551 14.0471 5.99239
    endloop
  endfacet
  facet normal -0.923836 0.0813677 0.374041
    outer loop
      vertex 139.674 16.7048 2.8
      vertex 140.953 16.5512 5.99239
      vertex 139.7 17 2.8
    endloop
  endfacet
  facet normal -0.924114 0.0783148 0.374005
    outer loop
      vertex 140.953 16.5512 5.99239
      vertex 139.674 16.7048 2.8
      vertex 140.947 16.4804 5.99239
    endloop
  endfacet
  facet normal 0.923836 0.0813677 0.374041
    outer loop
      vertex 135.047 16.5512 5.99239
      vertex 136.326 16.7048 2.8
      vertex 136.3 17 2.8
    endloop
  endfacet
  facet normal 0.924114 0.0783148 0.374005
    outer loop
      vertex 136.326 16.7048 2.8
      vertex 135.047 16.5512 5.99239
      vertex 135.053 16.4804 5.99239
    endloop
  endfacet
  facet normal -0.391716 0.840661 0.373962
    outer loop
      vertex 138.85 15.5278 2.8
      vertex 139.023 14.1883 5.99239
      vertex 139.496 14.4087 5.99239
    endloop
  endfacet
  facet normal -0.391601 0.840708 0.373976
    outer loop
      vertex 139.023 14.1883 5.99239
      vertex 138.85 15.5278 2.8
      vertex 138.581 15.4025 2.8
    endloop
  endfacet
  facet normal 0.92397 0.0802915 0.373942
    outer loop
      vertex 135.047 16.5512 5.99239
      vertex 136.3 17 2.8
      vertex 135.008 17 5.99239
    endloop
  endfacet
  facet normal -0.532231 0.759568 0.37388
    outer loop
      vertex 139.093 15.6977 2.8
      vertex 139.496 14.4087 5.99239
      vertex 139.923 14.7079 5.99239
    endloop
  endfacet
  facet normal -0.531429 0.760078 0.373985
    outer loop
      vertex 139.496 14.4087 5.99239
      vertex 139.093 15.6977 2.8
      vertex 138.85 15.5278 2.8
    endloop
  endfacet
  facet normal -0.0808676 0.923907 0.373974
    outer loop
      vertex 138.449 14.0471 5.99239
      vertex 138 15.3 2.8
      vertex 138 14.0078 5.99239
    endloop
  endfacet
  facet normal 0.391601 0.840708 0.373976
    outer loop
      vertex 137.15 15.5278 2.8
      vertex 136.977 14.1883 5.99239
      vertex 137.419 15.4025 2.8
    endloop
  endfacet
  facet normal 0.391716 0.840661 0.373962
    outer loop
      vertex 136.977 14.1883 5.99239
      vertex 137.15 15.5278 2.8
      vertex 136.504 14.4087 5.99239
    endloop
  endfacet
  facet normal -0.92397 0.0802915 0.373942
    outer loop
      vertex 140.953 16.5512 5.99239
      vertex 140.992 17 5.99239
      vertex 139.7 17 2.8
    endloop
  endfacet
  facet normal 0.240231 0.895778 0.373992
    outer loop
      vertex 137.419 15.4025 2.8
      vertex 137.48 14.0533 5.99239
      vertex 137.705 15.3258 2.8
    endloop
  endfacet
  facet normal 0.240407 0.895739 0.373973
    outer loop
      vertex 137.48 14.0533 5.99239
      vertex 137.419 15.4025 2.8
      vertex 136.977 14.1883 5.99239
    endloop
  endfacet
  facet normal 0.531429 0.760078 0.373985
    outer loop
      vertex 136.907 15.6977 2.8
      vertex 136.504 14.4087 5.99239
      vertex 137.15 15.5278 2.8
    endloop
  endfacet
  facet normal 0.532231 0.759568 0.37388
    outer loop
      vertex 136.504 14.4087 5.99239
      vertex 136.907 15.6977 2.8
      vertex 136.077 14.7079 5.99239
    endloop
  endfacet
  facet normal -0.895562 0.240944 0.374052
    outer loop
      vertex 139.597 16.4186 2.8
      vertex 140.947 16.4804 5.99239
      vertex 139.674 16.7048 2.8
    endloop
  endfacet
  facet normal -0.895764 0.240032 0.374155
    outer loop
      vertex 140.947 16.4804 5.99239
      vertex 139.597 16.4186 2.8
      vertex 140.812 15.9766 5.99239
    endloop
  endfacet
  facet normal -0.759632 0.532087 0.373955
    outer loop
      vertex 139.302 15.9073 2.8
      vertex 140.591 15.5039 5.99239
      vertex 139.472 16.15 2.8
    endloop
  endfacet
  facet normal -0.759815 0.531799 0.373992
    outer loop
      vertex 140.591 15.5039 5.99239
      vertex 139.302 15.9073 2.8
      vertex 140.292 15.0767 5.99239
    endloop
  endfacet
  facet normal 0.840775 0.391276 0.374167
    outer loop
      vertex 135.188 15.9766 5.99239
      vertex 136.528 16.15 2.8
      vertex 136.403 16.4186 2.8
    endloop
  endfacet
  facet normal 0.840148 0.392792 0.373986
    outer loop
      vertex 136.528 16.15 2.8
      vertex 135.188 15.9766 5.99239
      vertex 135.409 15.5039 5.99239
    endloop
  endfacet
  facet normal -0.840775 0.391276 0.374167
    outer loop
      vertex 139.472 16.15 2.8
      vertex 140.812 15.9766 5.99239
      vertex 139.597 16.4186 2.8
    endloop
  endfacet
  facet normal -0.840148 0.392792 0.373986
    outer loop
      vertex 140.812 15.9766 5.99239
      vertex 139.472 16.15 2.8
      vertex 140.591 15.5039 5.99239
    endloop
  endfacet
  facet normal 0.840148 -0.392792 0.373986
    outer loop
      vertex 135.188 18.0234 5.99239
      vertex 136.528 17.85 2.8
      vertex 135.409 18.4961 5.99239
    endloop
  endfacet
  facet normal 0.840775 -0.391276 0.374167
    outer loop
      vertex 136.528 17.85 2.8
      vertex 135.188 18.0234 5.99239
      vertex 136.403 17.5814 2.8
    endloop
  endfacet
  facet normal -0.0808034 -0.923915 0.373969
    outer loop
      vertex 138.295 18.6742 2.8
      vertex 138.449 19.9529 5.99239
      vertex 138 18.7 2.8
    endloop
  endfacet
  facet normal -0.0806809 -0.923926 0.373967
    outer loop
      vertex 138.449 19.9529 5.99239
      vertex 138.295 18.6742 2.8
      vertex 138.52 19.9467 5.99239
    endloop
  endfacet
  facet normal 0.240407 -0.895739 0.373973
    outer loop
      vertex 137.419 18.5975 2.8
      vertex 137.48 19.9467 5.99239
      vertex 136.977 19.8117 5.99239
    endloop
  endfacet
  facet normal 0.240231 -0.895778 0.373992
    outer loop
      vertex 137.48 19.9467 5.99239
      vertex 137.419 18.5975 2.8
      vertex 137.705 18.6742 2.8
    endloop
  endfacet
  facet normal 0.0808034 0.923915 0.373969
    outer loop
      vertex 137.705 15.3258 2.8
      vertex 137.551 14.0471 5.99239
      vertex 138 15.3 2.8
    endloop
  endfacet
  facet normal 0.0806809 0.923926 0.373967
    outer loop
      vertex 137.551 14.0471 5.99239
      vertex 137.705 15.3258 2.8
      vertex 137.48 14.0533 5.99239
    endloop
  endfacet
  facet normal -0.655617 0.655973 0.373987
    outer loop
      vertex 139.302 15.9073 2.8
      vertex 139.923 14.7079 5.99239
      vertex 140.292 15.0767 5.99239
    endloop
  endfacet
  facet normal -0.656784 0.654904 0.373812
    outer loop
      vertex 139.923 14.7079 5.99239
      vertex 139.302 15.9073 2.8
      vertex 139.093 15.6977 2.8
    endloop
  endfacet
  facet normal 0.924114 -0.0783148 0.374005
    outer loop
      vertex 135.047 17.4488 5.99239
      vertex 136.326 17.2952 2.8
      vertex 135.053 17.5196 5.99239
    endloop
  endfacet
  facet normal 0.923836 -0.0813677 0.374041
    outer loop
      vertex 136.326 17.2952 2.8
      vertex 135.047 17.4488 5.99239
      vertex 136.3 17 2.8
    endloop
  endfacet
  facet normal -0.391601 -0.840708 0.373976
    outer loop
      vertex 138.85 18.4722 2.8
      vertex 139.023 19.8117 5.99239
      vertex 138.581 18.5975 2.8
    endloop
  endfacet
  facet normal -0.391716 -0.840661 0.373962
    outer loop
      vertex 139.023 19.8117 5.99239
      vertex 138.85 18.4722 2.8
      vertex 139.496 19.5913 5.99239
    endloop
  endfacet
  facet normal -0.0808676 -0.923907 0.373974
    outer loop
      vertex 138.449 19.9529 5.99239
      vertex 138 19.9922 5.99239
      vertex 138 18.7 2.8
    endloop
  endfacet
  facet normal 0.895562 0.240944 0.374052
    outer loop
      vertex 135.053 16.4804 5.99239
      vertex 136.403 16.4186 2.8
      vertex 136.326 16.7048 2.8
    endloop
  endfacet
  facet normal 0.895764 0.240032 0.374155
    outer loop
      vertex 136.403 16.4186 2.8
      vertex 135.053 16.4804 5.99239
      vertex 135.188 15.9766 5.99239
    endloop
  endfacet
  facet normal -0.531429 -0.760078 0.373985
    outer loop
      vertex 139.093 18.3023 2.8
      vertex 139.496 19.5913 5.99239
      vertex 138.85 18.4722 2.8
    endloop
  endfacet
  facet normal -0.532231 -0.759568 0.37388
    outer loop
      vertex 139.496 19.5913 5.99239
      vertex 139.093 18.3023 2.8
      vertex 139.923 19.2921 5.99239
    endloop
  endfacet
  facet normal -0.240407 0.895739 0.373973
    outer loop
      vertex 138.581 15.4025 2.8
      vertex 138.52 14.0533 5.99239
      vertex 139.023 14.1883 5.99239
    endloop
  endfacet
  facet normal -0.240231 0.895778 0.373992
    outer loop
      vertex 138.52 14.0533 5.99239
      vertex 138.581 15.4025 2.8
      vertex 138.295 15.3258 2.8
    endloop
  endfacet
  facet normal 0.656784 0.654904 0.373812
    outer loop
      vertex 136.698 15.9073 2.8
      vertex 136.077 14.7079 5.99239
      vertex 136.907 15.6977 2.8
    endloop
  endfacet
  facet normal 0.655617 0.655973 0.373987
    outer loop
      vertex 136.077 14.7079 5.99239
      vertex 136.698 15.9073 2.8
      vertex 135.708 15.0767 5.99239
    endloop
  endfacet
  facet normal 0.759632 0.532087 0.373955
    outer loop
      vertex 135.409 15.5039 5.99239
      vertex 136.698 15.9073 2.8
      vertex 136.528 16.15 2.8
    endloop
  endfacet
  facet normal 0.759815 0.531799 0.373992
    outer loop
      vertex 136.698 15.9073 2.8
      vertex 135.409 15.5039 5.99239
      vertex 135.708 15.0767 5.99239
    endloop
  endfacet
  facet normal 0.532231 -0.759568 0.37388
    outer loop
      vertex 136.907 18.3023 2.8
      vertex 136.504 19.5913 5.99239
      vertex 136.077 19.2921 5.99239
    endloop
  endfacet
  facet normal 0.531429 -0.760078 0.373985
    outer loop
      vertex 136.504 19.5913 5.99239
      vertex 136.907 18.3023 2.8
      vertex 137.15 18.4722 2.8
    endloop
  endfacet
  facet normal 0.391716 -0.840661 0.373962
    outer loop
      vertex 137.15 18.4722 2.8
      vertex 136.977 19.8117 5.99239
      vertex 136.504 19.5913 5.99239
    endloop
  endfacet
  facet normal 0.391601 -0.840708 0.373976
    outer loop
      vertex 136.977 19.8117 5.99239
      vertex 137.15 18.4722 2.8
      vertex 137.419 18.5975 2.8
    endloop
  endfacet
  facet normal 0.0806809 -0.923926 0.373967
    outer loop
      vertex 137.705 18.6742 2.8
      vertex 137.551 19.9529 5.99239
      vertex 137.48 19.9467 5.99239
    endloop
  endfacet
  facet normal 0.0808034 -0.923915 0.373969
    outer loop
      vertex 137.551 19.9529 5.99239
      vertex 137.705 18.6742 2.8
      vertex 138 18.7 2.8
    endloop
  endfacet
  facet normal 0.92397 -0.0802915 0.373942
    outer loop
      vertex 136.3 17 2.8
      vertex 135.047 17.4488 5.99239
      vertex 135.008 17 5.99239
    endloop
  endfacet
  facet normal 0.0808676 -0.923907 0.373974
    outer loop
      vertex 138 18.7 2.8
      vertex 138 19.9922 5.99239
      vertex 137.551 19.9529 5.99239
    endloop
  endfacet
  facet normal -0.240231 -0.895778 0.373992
    outer loop
      vertex 138.581 18.5975 2.8
      vertex 138.52 19.9467 5.99239
      vertex 138.295 18.6742 2.8
    endloop
  endfacet
  facet normal -0.240407 -0.895739 0.373973
    outer loop
      vertex 138.52 19.9467 5.99239
      vertex 138.581 18.5975 2.8
      vertex 139.023 19.8117 5.99239
    endloop
  endfacet
  facet normal -0.655653 -0.656009 0.373861
    outer loop
      vertex 139.093 18.3023 2.8
      vertex 140.292 18.9233 5.99239
      vertex 139.923 19.2921 5.99239
    endloop
  endfacet
  facet normal -0.656721 -0.654841 0.374035
    outer loop
      vertex 140.292 18.9233 5.99239
      vertex 139.093 18.3023 2.8
      vertex 139.302 18.0927 2.8
    endloop
  endfacet
  facet normal 0.759815 -0.531799 0.373992
    outer loop
      vertex 135.409 18.4961 5.99239
      vertex 136.698 18.0927 2.8
      vertex 135.708 18.9233 5.99239
    endloop
  endfacet
  facet normal 0.759632 -0.532087 0.373955
    outer loop
      vertex 136.698 18.0927 2.8
      vertex 135.409 18.4961 5.99239
      vertex 136.528 17.85 2.8
    endloop
  endfacet
  facet normal -0.840148 -0.392792 0.373986
    outer loop
      vertex 139.472 17.85 2.8
      vertex 140.812 18.0234 5.99239
      vertex 140.591 18.4961 5.99239
    endloop
  endfacet
  facet normal -0.840775 -0.391276 0.374167
    outer loop
      vertex 140.812 18.0234 5.99239
      vertex 139.472 17.85 2.8
      vertex 139.597 17.5814 2.8
    endloop
  endfacet
  facet normal -0.759815 -0.531799 0.373992
    outer loop
      vertex 139.302 18.0927 2.8
      vertex 140.591 18.4961 5.99239
      vertex 140.292 18.9233 5.99239
    endloop
  endfacet
  facet normal -0.759632 -0.532087 0.373955
    outer loop
      vertex 140.591 18.4961 5.99239
      vertex 139.302 18.0927 2.8
      vertex 139.472 17.85 2.8
    endloop
  endfacet
  facet normal -0.895764 -0.240032 0.374155
    outer loop
      vertex 139.597 17.5814 2.8
      vertex 140.947 17.5196 5.99239
      vertex 140.812 18.0234 5.99239
    endloop
  endfacet
  facet normal -0.895562 -0.240944 0.374052
    outer loop
      vertex 140.947 17.5196 5.99239
      vertex 139.597 17.5814 2.8
      vertex 139.674 17.2952 2.8
    endloop
  endfacet
  facet normal 0.906631 -0.421924 0
    outer loop
      vertex 193.403 17.5814 2.8
      vertex 193.528 17.85 0.00761127
      vertex 193.528 17.85 2.8
    endloop
  endfacet
  facet normal 0.906631 -0.421924 0
    outer loop
      vertex 193.528 17.85 0.00761127
      vertex 193.403 17.5814 2.8
      vertex 193.403 17.5814 0.00761127
    endloop
  endfacet
  facet normal -0.965661 -0.259804 0
    outer loop
      vertex 196.674 17.2952 0.00761127
      vertex 196.597 17.5814 2.8
      vertex 196.597 17.5814 0.00761127
    endloop
  endfacet
  facet normal -0.965661 -0.259804 0
    outer loop
      vertex 196.597 17.5814 2.8
      vertex 196.674 17.2952 0.00761127
      vertex 196.674 17.2952 2.8
    endloop
  endfacet
  facet normal -0.996144 -0.0877362 0
    outer loop
      vertex 196.7 17 0.00761127
      vertex 196.674 17.2952 2.8
      vertex 196.674 17.2952 0.00761127
    endloop
  endfacet
  facet normal -0.996144 -0.0877362 0
    outer loop
      vertex 196.674 17.2952 2.8
      vertex 196.7 17 0.00761127
      vertex 196.7 17 2.8
    endloop
  endfacet
  facet normal -0.906631 -0.421924 0
    outer loop
      vertex 196.597 17.5814 0.00761127
      vertex 196.472 17.85 2.8
      vertex 196.472 17.85 0.00761127
    endloop
  endfacet
  facet normal -0.906631 -0.421924 0
    outer loop
      vertex 196.472 17.85 2.8
      vertex 196.597 17.5814 0.00761127
      vertex 196.597 17.5814 2.8
    endloop
  endfacet
  facet normal 0.0871251 0.996197 -0
    outer loop
      vertex 195 15.3 0.00761127
      vertex 194.705 15.3258 2.8
      vertex 195 15.3 2.8
    endloop
  endfacet
  facet normal 0.0871251 0.996197 0
    outer loop
      vertex 194.705 15.3258 2.8
      vertex 195 15.3 0.00761127
      vertex 194.705 15.3258 0.00761127
    endloop
  endfacet
  facet normal -0.996144 0.0877362 0
    outer loop
      vertex 196.674 16.7048 0.00761127
      vertex 196.7 17 2.8
      vertex 196.7 17 0.00761127
    endloop
  endfacet
  facet normal -0.996144 0.0877362 0
    outer loop
      vertex 196.7 17 2.8
      vertex 196.674 16.7048 0.00761127
      vertex 196.674 16.7048 2.8
    endloop
  endfacet
  facet normal 0.996144 0.0877362 0
    outer loop
      vertex 193.326 16.7048 2.8
      vertex 193.3 17 0.00761127
      vertex 193.3 17 2.8
    endloop
  endfacet
  facet normal 0.996144 0.0877362 0
    outer loop
      vertex 193.3 17 0.00761127
      vertex 193.326 16.7048 2.8
      vertex 193.326 16.7048 0.00761127
    endloop
  endfacet
  facet normal -0.0871251 -0.996197 0
    outer loop
      vertex 195 18.7 0.00761127
      vertex 195.295 18.6742 2.8
      vertex 195 18.7 2.8
    endloop
  endfacet
  facet normal -0.0871251 -0.996197 -0
    outer loop
      vertex 195.295 18.6742 2.8
      vertex 195 18.7 0.00761127
      vertex 195.295 18.6742 0.00761127
    endloop
  endfacet
  facet normal 0.57301 0.819549 -0
    outer loop
      vertex 194.15 15.5278 0.00761127
      vertex 193.907 15.6977 2.8
      vertex 194.15 15.5278 2.8
    endloop
  endfacet
  facet normal 0.57301 0.819549 0
    outer loop
      vertex 193.907 15.6977 2.8
      vertex 194.15 15.5278 0.00761127
      vertex 193.907 15.6977 0.00761127
    endloop
  endfacet
  facet normal -0.819057 -0.573711 0
    outer loop
      vertex 196.472 17.85 0.00761127
      vertex 196.302 18.0927 2.8
      vertex 196.302 18.0927 0.00761127
    endloop
  endfacet
  facet normal -0.819057 -0.573711 0
    outer loop
      vertex 196.302 18.0927 2.8
      vertex 196.472 17.85 0.00761127
      vertex 196.472 17.85 2.8
    endloop
  endfacet
  facet normal 0.259029 -0.96587 0
    outer loop
      vertex 194.419 18.5975 0.00761127
      vertex 194.705 18.6742 2.8
      vertex 194.419 18.5975 2.8
    endloop
  endfacet
  facet normal 0.259029 -0.96587 0
    outer loop
      vertex 194.705 18.6742 2.8
      vertex 194.419 18.5975 0.00761127
      vertex 194.705 18.6742 0.00761127
    endloop
  endfacet
  facet normal 0.42224 -0.906484 0
    outer loop
      vertex 194.15 18.4722 0.00761127
      vertex 194.419 18.5975 2.8
      vertex 194.15 18.4722 2.8
    endloop
  endfacet
  facet normal 0.42224 -0.906484 0
    outer loop
      vertex 194.419 18.5975 2.8
      vertex 194.15 18.4722 0.00761127
      vertex 194.419 18.5975 0.00761127
    endloop
  endfacet
  facet normal 0.906631 0.421924 0
    outer loop
      vertex 193.528 16.15 2.8
      vertex 193.403 16.4186 0.00761127
      vertex 193.403 16.4186 2.8
    endloop
  endfacet
  facet normal 0.906631 0.421924 0
    outer loop
      vertex 193.403 16.4186 0.00761127
      vertex 193.528 16.15 2.8
      vertex 193.528 16.15 0.00761127
    endloop
  endfacet
  facet normal -0.906631 0.421924 0
    outer loop
      vertex 196.472 16.15 0.00761127
      vertex 196.597 16.4186 2.8
      vertex 196.597 16.4186 0.00761127
    endloop
  endfacet
  facet normal -0.906631 0.421924 0
    outer loop
      vertex 196.597 16.4186 2.8
      vertex 196.472 16.15 0.00761127
      vertex 196.472 16.15 2.8
    endloop
  endfacet
  facet normal 0.57301 -0.819549 0
    outer loop
      vertex 193.907 18.3023 0.00761127
      vertex 194.15 18.4722 2.8
      vertex 193.907 18.3023 2.8
    endloop
  endfacet
  facet normal 0.57301 -0.819549 0
    outer loop
      vertex 194.15 18.4722 2.8
      vertex 193.907 18.3023 0.00761127
      vertex 194.15 18.4722 0.00761127
    endloop
  endfacet
  facet normal 0.819057 0.573711 0
    outer loop
      vertex 193.698 15.9073 2.8
      vertex 193.528 16.15 0.00761127
      vertex 193.528 16.15 2.8
    endloop
  endfacet
  facet normal 0.819057 0.573711 0
    outer loop
      vertex 193.528 16.15 0.00761127
      vertex 193.698 15.9073 2.8
      vertex 193.698 15.9073 0.00761127
    endloop
  endfacet
  facet normal 0.965661 -0.259804 0
    outer loop
      vertex 193.326 17.2952 2.8
      vertex 193.403 17.5814 0.00761127
      vertex 193.403 17.5814 2.8
    endloop
  endfacet
  facet normal 0.965661 -0.259804 0
    outer loop
      vertex 193.403 17.5814 0.00761127
      vertex 193.326 17.2952 2.8
      vertex 193.326 17.2952 0.00761127
    endloop
  endfacet
  facet normal 0.70812 0.706093 0
    outer loop
      vertex 193.907 15.6977 2.8
      vertex 193.698 15.9073 0.00761127
      vertex 193.698 15.9073 2.8
    endloop
  endfacet
  facet normal 0.70812 0.706093 0
    outer loop
      vertex 193.698 15.9073 0.00761127
      vertex 193.907 15.6977 2.8
      vertex 193.907 15.6977 0.00761127
    endloop
  endfacet
  facet normal -0.259029 -0.96587 0
    outer loop
      vertex 195.295 18.6742 0.00761127
      vertex 195.581 18.5975 2.8
      vertex 195.295 18.6742 2.8
    endloop
  endfacet
  facet normal -0.259029 -0.96587 -0
    outer loop
      vertex 195.581 18.5975 2.8
      vertex 195.295 18.6742 0.00761127
      vertex 195.581 18.5975 0.00761127
    endloop
  endfacet
  facet normal -0.259029 0.96587 0
    outer loop
      vertex 195.581 15.4025 0.00761127
      vertex 195.295 15.3258 2.8
      vertex 195.581 15.4025 2.8
    endloop
  endfacet
  facet normal -0.259029 0.96587 0
    outer loop
      vertex 195.295 15.3258 2.8
      vertex 195.581 15.4025 0.00761127
      vertex 195.295 15.3258 0.00761127
    endloop
  endfacet
  facet normal 0.259029 0.96587 -0
    outer loop
      vertex 194.705 15.3258 0.00761127
      vertex 194.419 15.4025 2.8
      vertex 194.705 15.3258 2.8
    endloop
  endfacet
  facet normal 0.259029 0.96587 0
    outer loop
      vertex 194.419 15.4025 2.8
      vertex 194.705 15.3258 0.00761127
      vertex 194.419 15.4025 0.00761127
    endloop
  endfacet
  facet normal -0.42224 0.906484 0
    outer loop
      vertex 195.85 15.5278 0.00761127
      vertex 195.581 15.4025 2.8
      vertex 195.85 15.5278 2.8
    endloop
  endfacet
  facet normal -0.42224 0.906484 0
    outer loop
      vertex 195.581 15.4025 2.8
      vertex 195.85 15.5278 0.00761127
      vertex 195.581 15.4025 0.00761127
    endloop
  endfacet
  facet normal -0.57301 -0.819549 0
    outer loop
      vertex 195.85 18.4722 0.00761127
      vertex 196.093 18.3023 2.8
      vertex 195.85 18.4722 2.8
    endloop
  endfacet
  facet normal -0.57301 -0.819549 -0
    outer loop
      vertex 196.093 18.3023 2.8
      vertex 195.85 18.4722 0.00761127
      vertex 196.093 18.3023 0.00761127
    endloop
  endfacet
  facet normal 0.996144 -0.0877362 0
    outer loop
      vertex 193.3 17 2.8
      vertex 193.326 17.2952 0.00761127
      vertex 193.326 17.2952 2.8
    endloop
  endfacet
  facet normal 0.996144 -0.0877362 0
    outer loop
      vertex 193.326 17.2952 0.00761127
      vertex 193.3 17 2.8
      vertex 193.3 17 0.00761127
    endloop
  endfacet
  facet normal -0.42224 -0.906484 0
    outer loop
      vertex 195.581 18.5975 0.00761127
      vertex 195.85 18.4722 2.8
      vertex 195.581 18.5975 2.8
    endloop
  endfacet
  facet normal -0.42224 -0.906484 -0
    outer loop
      vertex 195.85 18.4722 2.8
      vertex 195.581 18.5975 0.00761127
      vertex 195.85 18.4722 0.00761127
    endloop
  endfacet
  facet normal 0.70812 -0.706093 0
    outer loop
      vertex 193.698 18.0927 2.8
      vertex 193.907 18.3023 0.00761127
      vertex 193.907 18.3023 2.8
    endloop
  endfacet
  facet normal 0.70812 -0.706093 0
    outer loop
      vertex 193.907 18.3023 0.00761127
      vertex 193.698 18.0927 2.8
      vertex 193.698 18.0927 0.00761127
    endloop
  endfacet
  facet normal -0.57301 0.819549 0
    outer loop
      vertex 196.093 15.6977 0.00761127
      vertex 195.85 15.5278 2.8
      vertex 196.093 15.6977 2.8
    endloop
  endfacet
  facet normal -0.57301 0.819549 0
    outer loop
      vertex 195.85 15.5278 2.8
      vertex 196.093 15.6977 0.00761127
      vertex 195.85 15.5278 0.00761127
    endloop
  endfacet
  facet normal -0.0871251 0.996197 0
    outer loop
      vertex 195.295 15.3258 0.00761127
      vertex 195 15.3 2.8
      vertex 195.295 15.3258 2.8
    endloop
  endfacet
  facet normal -0.0871251 0.996197 0
    outer loop
      vertex 195 15.3 2.8
      vertex 195.295 15.3258 0.00761127
      vertex 195 15.3 0.00761127
    endloop
  endfacet
  facet normal -0.965661 0.259804 0
    outer loop
      vertex 196.597 16.4186 0.00761127
      vertex 196.674 16.7048 2.8
      vertex 196.674 16.7048 0.00761127
    endloop
  endfacet
  facet normal -0.965661 0.259804 0
    outer loop
      vertex 196.674 16.7048 2.8
      vertex 196.597 16.4186 0.00761127
      vertex 196.597 16.4186 2.8
    endloop
  endfacet
  facet normal -0.70812 -0.706093 0
    outer loop
      vertex 196.302 18.0927 0.00761127
      vertex 196.093 18.3023 2.8
      vertex 196.093 18.3023 0.00761127
    endloop
  endfacet
  facet normal -0.70812 -0.706093 0
    outer loop
      vertex 196.093 18.3023 2.8
      vertex 196.302 18.0927 0.00761127
      vertex 196.302 18.0927 2.8
    endloop
  endfacet
  facet normal 0.42224 0.906484 -0
    outer loop
      vertex 194.419 15.4025 0.00761127
      vertex 194.15 15.5278 2.8
      vertex 194.419 15.4025 2.8
    endloop
  endfacet
  facet normal 0.42224 0.906484 0
    outer loop
      vertex 194.15 15.5278 2.8
      vertex 194.419 15.4025 0.00761127
      vertex 194.15 15.5278 0.00761127
    endloop
  endfacet
  facet normal 0.0871251 -0.996197 0
    outer loop
      vertex 194.705 18.6742 0.00761127
      vertex 195 18.7 2.8
      vertex 194.705 18.6742 2.8
    endloop
  endfacet
  facet normal 0.0871251 -0.996197 0
    outer loop
      vertex 195 18.7 2.8
      vertex 194.705 18.6742 0.00761127
      vertex 195 18.7 0.00761127
    endloop
  endfacet
  facet normal -0.819057 0.573711 0
    outer loop
      vertex 196.302 15.9073 0.00761127
      vertex 196.472 16.15 2.8
      vertex 196.472 16.15 0.00761127
    endloop
  endfacet
  facet normal -0.819057 0.573711 0
    outer loop
      vertex 196.472 16.15 2.8
      vertex 196.302 15.9073 0.00761127
      vertex 196.302 15.9073 2.8
    endloop
  endfacet
  facet normal -0.70812 0.706093 0
    outer loop
      vertex 196.093 15.6977 0.00761127
      vertex 196.302 15.9073 2.8
      vertex 196.302 15.9073 0.00761127
    endloop
  endfacet
  facet normal -0.70812 0.706093 0
    outer loop
      vertex 196.302 15.9073 2.8
      vertex 196.093 15.6977 0.00761127
      vertex 196.093 15.6977 2.8
    endloop
  endfacet
  facet normal 0.819057 -0.573711 0
    outer loop
      vertex 193.528 17.85 2.8
      vertex 193.698 18.0927 0.00761127
      vertex 193.698 18.0927 2.8
    endloop
  endfacet
  facet normal 0.819057 -0.573711 0
    outer loop
      vertex 193.698 18.0927 0.00761127
      vertex 193.528 17.85 2.8
      vertex 193.528 17.85 0.00761127
    endloop
  endfacet
  facet normal 0.965661 0.259804 0
    outer loop
      vertex 193.403 16.4186 2.8
      vertex 193.326 16.7048 0.00761127
      vertex 193.326 16.7048 2.8
    endloop
  endfacet
  facet normal 0.965661 0.259804 0
    outer loop
      vertex 193.326 16.7048 0.00761127
      vertex 193.403 16.4186 2.8
      vertex 193.403 16.4186 0.00761127
    endloop
  endfacet
  facet normal 0.655653 -0.656009 0.373861
    outer loop
      vertex 192.708 18.9233 5.99239
      vertex 193.907 18.3023 2.8
      vertex 193.077 19.2921 5.99239
    endloop
  endfacet
  facet normal 0.656721 -0.654841 0.374035
    outer loop
      vertex 193.907 18.3023 2.8
      vertex 192.708 18.9233 5.99239
      vertex 193.698 18.0927 2.8
    endloop
  endfacet
  facet normal -0.92397 -0.0802915 0.373942
    outer loop
      vertex 197.992 17 5.99239
      vertex 197.953 17.4488 5.99239
      vertex 196.7 17 2.8
    endloop
  endfacet
  facet normal -0.924114 -0.0783148 0.374005
    outer loop
      vertex 196.674 17.2952 2.8
      vertex 197.953 17.4488 5.99239
      vertex 197.947 17.5196 5.99239
    endloop
  endfacet
  facet normal -0.923836 -0.0813677 0.374041
    outer loop
      vertex 197.953 17.4488 5.99239
      vertex 196.674 17.2952 2.8
      vertex 196.7 17 2.8
    endloop
  endfacet
  facet normal -0.0806809 0.923926 0.373967
    outer loop
      vertex 195.295 15.3258 2.8
      vertex 195.449 14.0471 5.99239
      vertex 195.52 14.0533 5.99239
    endloop
  endfacet
  facet normal -0.0808034 0.923915 0.373969
    outer loop
      vertex 195.449 14.0471 5.99239
      vertex 195.295 15.3258 2.8
      vertex 195 15.3 2.8
    endloop
  endfacet
  facet normal 0.895764 -0.240032 0.374155
    outer loop
      vertex 192.053 17.5196 5.99239
      vertex 193.403 17.5814 2.8
      vertex 192.188 18.0234 5.99239
    endloop
  endfacet
  facet normal 0.895562 -0.240944 0.374052
    outer loop
      vertex 193.403 17.5814 2.8
      vertex 192.053 17.5196 5.99239
      vertex 193.326 17.2952 2.8
    endloop
  endfacet
  facet normal 0.0808676 0.923907 0.373974
    outer loop
      vertex 195 14.0078 5.99239
      vertex 195 15.3 2.8
      vertex 194.551 14.0471 5.99239
    endloop
  endfacet
  facet normal 0.759815 -0.531799 0.373992
    outer loop
      vertex 192.409 18.4961 5.99239
      vertex 193.698 18.0927 2.8
      vertex 192.708 18.9233 5.99239
    endloop
  endfacet
  facet normal 0.759632 -0.532087 0.373955
    outer loop
      vertex 193.698 18.0927 2.8
      vertex 192.409 18.4961 5.99239
      vertex 193.528 17.85 2.8
    endloop
  endfacet
  facet normal -0.923836 0.0813677 0.374041
    outer loop
      vertex 196.674 16.7048 2.8
      vertex 197.953 16.5512 5.99239
      vertex 196.7 17 2.8
    endloop
  endfacet
  facet normal -0.924114 0.0783148 0.374005
    outer loop
      vertex 197.953 16.5512 5.99239
      vertex 196.674 16.7048 2.8
      vertex 197.947 16.4804 5.99239
    endloop
  endfacet
  facet normal 0.923836 0.0813677 0.374041
    outer loop
      vertex 192.047 16.5512 5.99239
      vertex 193.326 16.7048 2.8
      vertex 193.3 17 2.8
    endloop
  endfacet
  facet normal 0.924114 0.0783148 0.374005
    outer loop
      vertex 193.326 16.7048 2.8
      vertex 192.047 16.5512 5.99239
      vertex 192.053 16.4804 5.99239
    endloop
  endfacet
  facet normal -0.391716 0.840661 0.373962
    outer loop
      vertex 195.85 15.5278 2.8
      vertex 196.023 14.1883 5.99239
      vertex 196.496 14.4087 5.99239
    endloop
  endfacet
  facet normal -0.391601 0.840708 0.373976
    outer loop
      vertex 196.023 14.1883 5.99239
      vertex 195.85 15.5278 2.8
      vertex 195.581 15.4025 2.8
    endloop
  endfacet
  facet normal 0.92397 0.0802915 0.373942
    outer loop
      vertex 192.047 16.5512 5.99239
      vertex 193.3 17 2.8
      vertex 192.008 17 5.99239
    endloop
  endfacet
  facet normal -0.532231 0.759568 0.37388
    outer loop
      vertex 196.093 15.6977 2.8
      vertex 196.496 14.4087 5.99239
      vertex 196.923 14.7079 5.99239
    endloop
  endfacet
  facet normal -0.531429 0.760078 0.373985
    outer loop
      vertex 196.496 14.4087 5.99239
      vertex 196.093 15.6977 2.8
      vertex 195.85 15.5278 2.8
    endloop
  endfacet
  facet normal -0.0808676 0.923907 0.373974
    outer loop
      vertex 195.449 14.0471 5.99239
      vertex 195 15.3 2.8
      vertex 195 14.0078 5.99239
    endloop
  endfacet
  facet normal 0.391601 0.840708 0.373976
    outer loop
      vertex 194.15 15.5278 2.8
      vertex 193.977 14.1883 5.99239
      vertex 194.419 15.4025 2.8
    endloop
  endfacet
  facet normal 0.391716 0.840661 0.373962
    outer loop
      vertex 193.977 14.1883 5.99239
      vertex 194.15 15.5278 2.8
      vertex 193.504 14.4087 5.99239
    endloop
  endfacet
  facet normal -0.92397 0.0802915 0.373942
    outer loop
      vertex 197.953 16.5512 5.99239
      vertex 197.992 17 5.99239
      vertex 196.7 17 2.8
    endloop
  endfacet
  facet normal 0.240231 0.895778 0.373992
    outer loop
      vertex 194.419 15.4025 2.8
      vertex 194.48 14.0533 5.99239
      vertex 194.705 15.3258 2.8
    endloop
  endfacet
  facet normal 0.240407 0.895739 0.373973
    outer loop
      vertex 194.48 14.0533 5.99239
      vertex 194.419 15.4025 2.8
      vertex 193.977 14.1883 5.99239
    endloop
  endfacet
  facet normal 0.531429 0.760078 0.373985
    outer loop
      vertex 193.907 15.6977 2.8
      vertex 193.504 14.4087 5.99239
      vertex 194.15 15.5278 2.8
    endloop
  endfacet
  facet normal 0.532231 0.759568 0.37388
    outer loop
      vertex 193.504 14.4087 5.99239
      vertex 193.907 15.6977 2.8
      vertex 193.077 14.7079 5.99239
    endloop
  endfacet
  facet normal -0.895562 0.240944 0.374052
    outer loop
      vertex 196.597 16.4186 2.8
      vertex 197.947 16.4804 5.99239
      vertex 196.674 16.7048 2.8
    endloop
  endfacet
  facet normal -0.895764 0.240032 0.374155
    outer loop
      vertex 197.947 16.4804 5.99239
      vertex 196.597 16.4186 2.8
      vertex 197.812 15.9766 5.99239
    endloop
  endfacet
  facet normal -0.759632 0.532087 0.373955
    outer loop
      vertex 196.302 15.9073 2.8
      vertex 197.591 15.5039 5.99239
      vertex 196.472 16.15 2.8
    endloop
  endfacet
  facet normal -0.759815 0.531799 0.373992
    outer loop
      vertex 197.591 15.5039 5.99239
      vertex 196.302 15.9073 2.8
      vertex 197.292 15.0767 5.99239
    endloop
  endfacet
  facet normal 0.840775 0.391276 0.374167
    outer loop
      vertex 192.188 15.9766 5.99239
      vertex 193.528 16.15 2.8
      vertex 193.403 16.4186 2.8
    endloop
  endfacet
  facet normal 0.840148 0.392792 0.373986
    outer loop
      vertex 193.528 16.15 2.8
      vertex 192.188 15.9766 5.99239
      vertex 192.409 15.5039 5.99239
    endloop
  endfacet
  facet normal -0.840775 0.391276 0.374167
    outer loop
      vertex 196.472 16.15 2.8
      vertex 197.812 15.9766 5.99239
      vertex 196.597 16.4186 2.8
    endloop
  endfacet
  facet normal -0.840148 0.392792 0.373986
    outer loop
      vertex 197.812 15.9766 5.99239
      vertex 196.472 16.15 2.8
      vertex 197.591 15.5039 5.99239
    endloop
  endfacet
  facet normal 0.840148 -0.392792 0.373986
    outer loop
      vertex 192.188 18.0234 5.99239
      vertex 193.528 17.85 2.8
      vertex 192.409 18.4961 5.99239
    endloop
  endfacet
  facet normal 0.840775 -0.391276 0.374167
    outer loop
      vertex 193.528 17.85 2.8
      vertex 192.188 18.0234 5.99239
      vertex 193.403 17.5814 2.8
    endloop
  endfacet
  facet normal -0.0808034 -0.923915 0.373969
    outer loop
      vertex 195.295 18.6742 2.8
      vertex 195.449 19.9529 5.99239
      vertex 195 18.7 2.8
    endloop
  endfacet
  facet normal -0.0806809 -0.923926 0.373967
    outer loop
      vertex 195.449 19.9529 5.99239
      vertex 195.295 18.6742 2.8
      vertex 195.52 19.9467 5.99239
    endloop
  endfacet
  facet normal 0.240407 -0.895739 0.373973
    outer loop
      vertex 194.419 18.5975 2.8
      vertex 194.48 19.9467 5.99239
      vertex 193.977 19.8117 5.99239
    endloop
  endfacet
  facet normal 0.240231 -0.895778 0.373992
    outer loop
      vertex 194.48 19.9467 5.99239
      vertex 194.419 18.5975 2.8
      vertex 194.705 18.6742 2.8
    endloop
  endfacet
  facet normal 0.0808034 0.923915 0.373969
    outer loop
      vertex 194.705 15.3258 2.8
      vertex 194.551 14.0471 5.99239
      vertex 195 15.3 2.8
    endloop
  endfacet
  facet normal 0.0806809 0.923926 0.373967
    outer loop
      vertex 194.551 14.0471 5.99239
      vertex 194.705 15.3258 2.8
      vertex 194.48 14.0533 5.99239
    endloop
  endfacet
  facet normal -0.655617 0.655973 0.373987
    outer loop
      vertex 196.302 15.9073 2.8
      vertex 196.923 14.7079 5.99239
      vertex 197.292 15.0767 5.99239
    endloop
  endfacet
  facet normal -0.656784 0.654904 0.373812
    outer loop
      vertex 196.923 14.7079 5.99239
      vertex 196.302 15.9073 2.8
      vertex 196.093 15.6977 2.8
    endloop
  endfacet
  facet normal 0.924114 -0.0783148 0.374005
    outer loop
      vertex 192.047 17.4488 5.99239
      vertex 193.326 17.2952 2.8
      vertex 192.053 17.5196 5.99239
    endloop
  endfacet
  facet normal 0.923836 -0.0813677 0.374041
    outer loop
      vertex 193.326 17.2952 2.8
      vertex 192.047 17.4488 5.99239
      vertex 193.3 17 2.8
    endloop
  endfacet
  facet normal -0.391601 -0.840708 0.373976
    outer loop
      vertex 195.85 18.4722 2.8
      vertex 196.023 19.8117 5.99239
      vertex 195.581 18.5975 2.8
    endloop
  endfacet
  facet normal -0.391716 -0.840661 0.373962
    outer loop
      vertex 196.023 19.8117 5.99239
      vertex 195.85 18.4722 2.8
      vertex 196.496 19.5913 5.99239
    endloop
  endfacet
  facet normal -0.0808676 -0.923907 0.373974
    outer loop
      vertex 195.449 19.9529 5.99239
      vertex 195 19.9922 5.99239
      vertex 195 18.7 2.8
    endloop
  endfacet
  facet normal 0.895562 0.240944 0.374052
    outer loop
      vertex 192.053 16.4804 5.99239
      vertex 193.403 16.4186 2.8
      vertex 193.326 16.7048 2.8
    endloop
  endfacet
  facet normal 0.895764 0.240032 0.374155
    outer loop
      vertex 193.403 16.4186 2.8
      vertex 192.053 16.4804 5.99239
      vertex 192.188 15.9766 5.99239
    endloop
  endfacet
  facet normal -0.531429 -0.760078 0.373985
    outer loop
      vertex 196.093 18.3023 2.8
      vertex 196.496 19.5913 5.99239
      vertex 195.85 18.4722 2.8
    endloop
  endfacet
  facet normal -0.532231 -0.759568 0.37388
    outer loop
      vertex 196.496 19.5913 5.99239
      vertex 196.093 18.3023 2.8
      vertex 196.923 19.2921 5.99239
    endloop
  endfacet
  facet normal -0.240407 0.895739 0.373973
    outer loop
      vertex 195.581 15.4025 2.8
      vertex 195.52 14.0533 5.99239
      vertex 196.023 14.1883 5.99239
    endloop
  endfacet
  facet normal -0.240231 0.895778 0.373992
    outer loop
      vertex 195.52 14.0533 5.99239
      vertex 195.581 15.4025 2.8
      vertex 195.295 15.3258 2.8
    endloop
  endfacet
  facet normal 0.656784 0.654904 0.373812
    outer loop
      vertex 193.698 15.9073 2.8
      vertex 193.077 14.7079 5.99239
      vertex 193.907 15.6977 2.8
    endloop
  endfacet
  facet normal 0.655617 0.655973 0.373987
    outer loop
      vertex 193.077 14.7079 5.99239
      vertex 193.698 15.9073 2.8
      vertex 192.708 15.0767 5.99239
    endloop
  endfacet
  facet normal 0.759632 0.532087 0.373955
    outer loop
      vertex 192.409 15.5039 5.99239
      vertex 193.698 15.9073 2.8
      vertex 193.528 16.15 2.8
    endloop
  endfacet
  facet normal 0.759815 0.531799 0.373992
    outer loop
      vertex 193.698 15.9073 2.8
      vertex 192.409 15.5039 5.99239
      vertex 192.708 15.0767 5.99239
    endloop
  endfacet
  facet normal 0.532231 -0.759568 0.37388
    outer loop
      vertex 193.907 18.3023 2.8
      vertex 193.504 19.5913 5.99239
      vertex 193.077 19.2921 5.99239
    endloop
  endfacet
  facet normal 0.531429 -0.760078 0.373985
    outer loop
      vertex 193.504 19.5913 5.99239
      vertex 193.907 18.3023 2.8
      vertex 194.15 18.4722 2.8
    endloop
  endfacet
  facet normal 0.391716 -0.840661 0.373962
    outer loop
      vertex 194.15 18.4722 2.8
      vertex 193.977 19.8117 5.99239
      vertex 193.504 19.5913 5.99239
    endloop
  endfacet
  facet normal 0.391601 -0.840708 0.373976
    outer loop
      vertex 193.977 19.8117 5.99239
      vertex 194.15 18.4722 2.8
      vertex 194.419 18.5975 2.8
    endloop
  endfacet
  facet normal 0.0806809 -0.923926 0.373967
    outer loop
      vertex 194.705 18.6742 2.8
      vertex 194.551 19.9529 5.99239
      vertex 194.48 19.9467 5.99239
    endloop
  endfacet
  facet normal 0.0808034 -0.923915 0.373969
    outer loop
      vertex 194.551 19.9529 5.99239
      vertex 194.705 18.6742 2.8
      vertex 195 18.7 2.8
    endloop
  endfacet
  facet normal 0.92397 -0.0802915 0.373942
    outer loop
      vertex 193.3 17 2.8
      vertex 192.047 17.4488 5.99239
      vertex 192.008 17 5.99239
    endloop
  endfacet
  facet normal 0.0808676 -0.923907 0.373974
    outer loop
      vertex 195 18.7 2.8
      vertex 195 19.9922 5.99239
      vertex 194.551 19.9529 5.99239
    endloop
  endfacet
  facet normal -0.240231 -0.895778 0.373992
    outer loop
      vertex 195.581 18.5975 2.8
      vertex 195.52 19.9467 5.99239
      vertex 195.295 18.6742 2.8
    endloop
  endfacet
  facet normal -0.240407 -0.895739 0.373973
    outer loop
      vertex 195.52 19.9467 5.99239
      vertex 195.581 18.5975 2.8
      vertex 196.023 19.8117 5.99239
    endloop
  endfacet
  facet normal -0.655653 -0.656009 0.373861
    outer loop
      vertex 196.093 18.3023 2.8
      vertex 197.292 18.9233 5.99239
      vertex 196.923 19.2921 5.99239
    endloop
  endfacet
  facet normal -0.656721 -0.654841 0.374035
    outer loop
      vertex 197.292 18.9233 5.99239
      vertex 196.093 18.3023 2.8
      vertex 196.302 18.0927 2.8
    endloop
  endfacet
  facet normal -0.840148 -0.392792 0.373986
    outer loop
      vertex 196.472 17.85 2.8
      vertex 197.812 18.0234 5.99239
      vertex 197.591 18.4961 5.99239
    endloop
  endfacet
  facet normal -0.840775 -0.391276 0.374167
    outer loop
      vertex 197.812 18.0234 5.99239
      vertex 196.472 17.85 2.8
      vertex 196.597 17.5814 2.8
    endloop
  endfacet
  facet normal -0.759815 -0.531799 0.373992
    outer loop
      vertex 196.302 18.0927 2.8
      vertex 197.591 18.4961 5.99239
      vertex 197.292 18.9233 5.99239
    endloop
  endfacet
  facet normal -0.759632 -0.532087 0.373955
    outer loop
      vertex 197.591 18.4961 5.99239
      vertex 196.302 18.0927 2.8
      vertex 196.472 17.85 2.8
    endloop
  endfacet
  facet normal -0.895764 -0.240032 0.374155
    outer loop
      vertex 196.597 17.5814 2.8
      vertex 197.947 17.5196 5.99239
      vertex 197.812 18.0234 5.99239
    endloop
  endfacet
  facet normal -0.895562 -0.240944 0.374052
    outer loop
      vertex 197.947 17.5196 5.99239
      vertex 196.597 17.5814 2.8
      vertex 196.674 17.2952 2.8
    endloop
  endfacet
endsolid OpenSCAD_Model
