solid OpenSCAD_Model
  facet normal 0.11335 -0.860378 0.496892
    outer loop
      vertex 68 37.4133 74.2175
      vertex 68 37.1522 73.7654
      vertex 68.4782 37.2152 73.7654
    endloop
  endfacet
  facet normal 0.382721 0.923864 -0
    outer loop
      vertex 68.9914 44.7172 73
      vertex 68.5132 44.9153 73.2611
      vertex 68.9914 44.7172 73.2611
    endloop
  endfacet
  facet normal 0.382721 0.923864 0
    outer loop
      vertex 68.5132 44.9153 73.2611
      vertex 68.9914 44.7172 73
      vertex 68.5132 44.9153 73
    endloop
  endfacet
  facet normal 0.113336 0.860387 0.49688
    outer loop
      vertex 68.4782 44.7848 73.7654
      vertex 68 44.5867 74.2175
      vertex 68.4107 44.5326 74.2175
    endloop
  endfacet
  facet normal -0.130592 -0.991436 0
    outer loop
      vertex 1.48679 37.0847 73
      vertex 2 37.0171 73.2611
      vertex 1.48679 37.0847 73.2611
    endloop
  endfacet
  facet normal -0.130592 -0.991436 -0
    outer loop
      vertex 2 37.0171 73.2611
      vertex 1.48679 37.0847 73
      vertex 2 37.0171 73
    endloop
  endfacet
  facet normal 0.369894 -0.892898 0.256731
    outer loop
      vertex 68.9914 37.2828 73.2611
      vertex 68.4782 37.2152 73.7654
      vertex 68.5132 37.0847 73.2611
    endloop
  endfacet
  facet normal 0.126238 -0.958206 0.256721
    outer loop
      vertex 68.4782 37.2152 73.7654
      vertex 68 37.1522 73.7654
      vertex 68.5132 37.0847 73.2611
    endloop
  endfacet
  facet normal -0.369875 -0.89291 0.256718
    outer loop
      vertex 1.52177 37.2152 73.7654
      vertex 1.00856 37.2828 73.2611
      vertex 1.48679 37.0847 73.2611
    endloop
  endfacet
  facet normal -0.860424 -0.113284 0.496827
    outer loop
      vertex 0.413294 39 74.2175
      vertex 0.152242 39 73.7654
      vertex 0.215202 38.5218 73.7654
    endloop
  endfacet
  facet normal -0.656098 -0.271754 0.704049
    outer loop
      vertex 0.945595 38.3912 74.5867
      vertex 0.46736 38.5893 74.2175
      vertex 0.625873 38.2066 74.2175
    endloop
  endfacet
  facet normal 0 -0.500115 0.865959
    outer loop
      vertex 2 38.2346 74.8478
      vertex 68 37.7825 74.5867
      vertex 68 38.2346 74.8478
    endloop
  endfacet
  facet normal 0 -0.500115 0.865959
    outer loop
      vertex 68 37.7825 74.5867
      vertex 2 38.2346 74.8478
      vertex 2 37.7825 74.5867
    endloop
  endfacet
  facet normal -0.958207 0.126152 0.256759
    outer loop
      vertex 0.0846758 43.5132 73.2611
      vertex 0.0171108 43 73.2611
      vertex 0.152242 43 73.7654
    endloop
  endfacet
  facet normal 0.126218 -0.958214 0.256702
    outer loop
      vertex 68 37.1522 73.7654
      vertex 68 37.0171 73.2611
      vertex 68.5132 37.0847 73.2611
    endloop
  endfacet
  facet normal -0.865999 0 0.500046
    outer loop
      vertex 0.152242 39 73.7654
      vertex 0.413294 43 74.2175
      vertex 0.152242 43 73.7654
    endloop
  endfacet
  facet normal -0.865999 0 0.500046
    outer loop
      vertex 0.413294 43 74.2175
      vertex 0.152242 39 73.7654
      vertex 0.413294 39 74.2175
    endloop
  endfacet
  facet normal 0.332074 -0.801796 0.496841
    outer loop
      vertex 68.7934 37.6259 74.2175
      vertex 68.4107 37.4674 74.2175
      vertex 68.9239 37.3998 73.7654
    endloop
  endfacet
  facet normal -0.126216 0.958214 0.256702
    outer loop
      vertex 2 44.9829 73.2611
      vertex 1.48679 44.9153 73.2611
      vertex 2 44.8478 73.7654
    endloop
  endfacet
  facet normal -0.656098 0.271754 0.704049
    outer loop
      vertex 0.625873 43.7934 74.2175
      vertex 0.46736 43.4107 74.2175
      vertex 0.945595 43.6088 74.5867
    endloop
  endfacet
  facet normal 0.130594 0.991436 -0
    outer loop
      vertex 68.5132 44.9153 73
      vertex 68 44.9829 73.2611
      vertex 68.5132 44.9153 73.2611
    endloop
  endfacet
  facet normal 0.130594 0.991436 0
    outer loop
      vertex 68 44.9829 73.2611
      vertex 68.5132 44.9153 73
      vertex 68 44.9829 73
    endloop
  endfacet
  facet normal 0.130594 -0.991436 0
    outer loop
      vertex 68 37.0171 73
      vertex 68.5132 37.0847 73.2611
      vertex 68 37.0171 73.2611
    endloop
  endfacet
  facet normal 0.130594 -0.991436 0
    outer loop
      vertex 68.5132 37.0847 73.2611
      vertex 68 37.0171 73
      vertex 68.5132 37.0847 73
    endloop
  endfacet
  facet normal 0.499026 -0.0657238 0.864091
    outer loop
      vertex 69.2175 39 74.5867
      vertex 68.7393 38.8019 74.8478
      vertex 69.176 38.6849 74.5867
    endloop
  endfacet
  facet normal -0.704079 0.0926875 0.704047
    outer loop
      vertex 0.46736 43.4107 74.2175
      vertex 0.413294 43 74.2175
      vertex 0.782477 43 74.5867
    endloop
  endfacet
  facet normal -0.332109 -0.801756 0.496881
    outer loop
      vertex 1.58933 37.4674 74.2175
      vertex 1.07612 37.3998 73.7654
      vertex 1.52177 37.2152 73.7654
    endloop
  endfacet
  facet normal 0 -0.865959 0.500115
    outer loop
      vertex 2 37.1522 73.7654
      vertex 68 37.4133 74.2175
      vertex 2 37.4133 74.2175
    endloop
  endfacet
  facet normal 0 -0.865959 0.500115
    outer loop
      vertex 68 37.4133 74.2175
      vertex 2 37.1522 73.7654
      vertex 68 37.1522 73.7654
    endloop
  endfacet
  facet normal 0.332074 0.801796 0.496841
    outer loop
      vertex 68.9239 44.6002 73.7654
      vertex 68.4107 44.5326 74.2175
      vertex 68.7934 44.3741 74.2175
    endloop
  endfacet
  facet normal -0.0927498 -0.704059 0.704059
    outer loop
      vertex 2 37.7825 74.5867
      vertex 1.58933 37.4674 74.2175
      vertex 2 37.4133 74.2175
    endloop
  endfacet
  facet normal 0 1 -0
    outer loop
      vertex 68 44.9829 73
      vertex 2 44.9829 73.2611
      vertex 68 44.9829 73.2611
    endloop
  endfacet
  facet normal 0 1 0
    outer loop
      vertex 2 44.9829 73.2611
      vertex 68 44.9829 73
      vertex 2 44.9829 73
    endloop
  endfacet
  facet normal -0.793374 -0.608734 0
    outer loop
      vertex 0.597886 37.5979 73
      vertex 0.282767 38.0086 73.2611
      vertex 0.282767 38.0086 73
    endloop
  endfacet
  facet normal -0.793374 -0.608734 0
    outer loop
      vertex 0.282767 38.0086 73.2611
      vertex 0.597886 37.5979 73
      vertex 0.597886 37.5979 73.2611
    endloop
  endfacet
  facet normal -0.991445 -0.130528 0
    outer loop
      vertex 0.0846758 38.4868 73
      vertex 0.0171108 39 73.2611
      vertex 0.0171108 39 73
    endloop
  endfacet
  facet normal -0.991445 -0.130528 0
    outer loop
      vertex 0.0171108 39 73.2611
      vertex 0.0846758 38.4868 73
      vertex 0.0846758 38.4868 73.2611
    endloop
  endfacet
  facet normal -0.113343 -0.860379 0.496892
    outer loop
      vertex 2 37.4133 74.2175
      vertex 1.52177 37.2152 73.7654
      vertex 2 37.1522 73.7654
    endloop
  endfacet
  facet normal -0.113343 -0.860379 0.496892
    outer loop
      vertex 1.58933 37.4674 74.2175
      vertex 1.52177 37.2152 73.7654
      vertex 2 37.4133 74.2175
    endloop
  endfacet
  facet normal 0.68855 -0.528251 0.49684
    outer loop
      vertex 69.3741 38.2066 74.2175
      vertex 69.122 37.878 74.2175
      vertex 69.3066 37.6934 73.7654
    endloop
  endfacet
  facet normal -0.12623 0.958208 0.256716
    outer loop
      vertex 2 44.8478 73.7654
      vertex 1.48679 44.9153 73.2611
      vertex 1.52177 44.7848 73.7654
    endloop
  endfacet
  facet normal 0.656126 0.271743 0.704028
    outer loop
      vertex 69.3741 43.7934 74.2175
      vertex 69.0544 43.6088 74.5867
      vertex 69.5326 43.4107 74.2175
    endloop
  endfacet
  facet normal 0.528251 0.68855 0.49684
    outer loop
      vertex 69.3066 44.3066 73.7654
      vertex 68.7934 44.3741 74.2175
      vertex 69.122 44.122 74.2175
    endloop
  endfacet
  facet normal -0.608736 -0.793373 0
    outer loop
      vertex 0.597886 37.5979 73
      vertex 1.00856 37.2828 73.2611
      vertex 0.597886 37.5979 73.2611
    endloop
  endfacet
  facet normal -0.608736 -0.793373 -0
    outer loop
      vertex 1.00856 37.2828 73.2611
      vertex 0.597886 37.5979 73
      vertex 1.00856 37.2828 73
    endloop
  endfacet
  facet normal 0.399262 -0.306454 0.864104
    outer loop
      vertex 69.0544 38.3912 74.5867
      vertex 68.5412 38.4588 74.8478
      vertex 68.8609 38.1391 74.5867
    endloop
  endfacet
  facet normal -0.688532 -0.528306 0.496806
    outer loop
      vertex 0.625873 38.2066 74.2175
      vertex 0.399795 38.0761 73.7654
      vertex 0.693438 37.6934 73.7654
    endloop
  endfacet
  facet normal 0 -0.965939 0.258771
    outer loop
      vertex 2 37.0171 73.2611
      vertex 68 37.1522 73.7654
      vertex 2 37.1522 73.7654
    endloop
  endfacet
  facet normal 0 -0.965939 0.258771
    outer loop
      vertex 68 37.1522 73.7654
      vertex 2 37.0171 73.2611
      vertex 68 37.0171 73.2611
    endloop
  endfacet
  facet normal -0.860432 0.11327 0.496816
    outer loop
      vertex 0.46736 43.4107 74.2175
      vertex 0.215202 43.4782 73.7654
      vertex 0.413294 43 74.2175
    endloop
  endfacet
  facet normal -0.399264 0.306433 0.864111
    outer loop
      vertex 1.13908 43.8609 74.5867
      vertex 0.945595 43.6088 74.5867
      vertex 1.4588 43.5412 74.8478
    endloop
  endfacet
  facet normal -0.432341 0.563406 0.704027
    outer loop
      vertex 1.20665 44.3741 74.2175
      vertex 1.13908 43.8609 74.5867
      vertex 1.39124 44.0544 74.5867
    endloop
  endfacet
  facet normal -0.958207 -0.126152 0.256759
    outer loop
      vertex 0.152242 39 73.7654
      vertex 0.0171108 39 73.2611
      vertex 0.0846758 38.4868 73.2611
    endloop
  endfacet
  facet normal -0.528254 -0.688533 0.49686
    outer loop
      vertex 1.20665 37.6259 74.2175
      vertex 0.693438 37.6934 73.7654
      vertex 1.07612 37.3998 73.7654
    endloop
  endfacet
  facet normal -0.369869 -0.892915 0.256711
    outer loop
      vertex 1.07612 37.3998 73.7654
      vertex 1.00856 37.2828 73.2611
      vertex 1.52177 37.2152 73.7654
    endloop
  endfacet
  facet normal -0.382701 -0.923872 0
    outer loop
      vertex 1.00856 37.2828 73
      vertex 1.48679 37.0847 73.2611
      vertex 1.00856 37.2828 73.2611
    endloop
  endfacet
  facet normal -0.382701 -0.923872 -0
    outer loop
      vertex 1.48679 37.0847 73.2611
      vertex 1.00856 37.2828 73
      vertex 1.48679 37.0847 73
    endloop
  endfacet
  facet normal 0.332084 -0.801786 0.49685
    outer loop
      vertex 68.9239 37.3998 73.7654
      vertex 68.4107 37.4674 74.2175
      vertex 68.4782 37.2152 73.7654
    endloop
  endfacet
  facet normal 0.958206 0.126238 0.256721
    outer loop
      vertex 69.9153 43.5132 73.2611
      vertex 69.7848 43.4782 73.7654
      vertex 69.8478 43 73.7654
    endloop
  endfacet
  facet normal 0.860378 0.11335 0.496892
    outer loop
      vertex 69.7848 43.4782 73.7654
      vertex 69.5867 43 74.2175
      vertex 69.8478 43 73.7654
    endloop
  endfacet
  facet normal 0.158764 0.206967 0.96538
    outer loop
      vertex 68.3827 43.6628 74.8478
      vertex 68.1305 43.2261 74.9829
      vertex 68.1846 43.1846 74.9829
    endloop
  endfacet
  facet normal 0.0998708 0.240995 0.965374
    outer loop
      vertex 68.1981 43.7393 74.8478
      vertex 68.0676 43.2522 74.9829
      vertex 68.3827 43.6628 74.8478
    endloop
  endfacet
  facet normal 0.126218 0.958214 0.256702
    outer loop
      vertex 68 44.9829 73.2611
      vertex 68 44.8478 73.7654
      vertex 68.5132 44.9153 73.2611
    endloop
  endfacet
  facet normal -0.130592 0.991436 0
    outer loop
      vertex 2 44.9829 73
      vertex 1.48679 44.9153 73.2611
      vertex 2 44.9829 73.2611
    endloop
  endfacet
  facet normal -0.130592 0.991436 0
    outer loop
      vertex 1.48679 44.9153 73.2611
      vertex 2 44.9829 73
      vertex 1.48679 44.9153 73
    endloop
  endfacet
  facet normal -0.563358 0.432373 0.704046
    outer loop
      vertex 1.13908 43.8609 74.5867
      vertex 0.625873 43.7934 74.2175
      vertex 0.945595 43.6088 74.5867
    endloop
  endfacet
  facet normal -0.892894 0.369875 0.256775
    outer loop
      vertex 0.282767 43.9914 73.2611
      vertex 0.0846758 43.5132 73.2611
      vertex 0.215202 43.4782 73.7654
    endloop
  endfacet
  facet normal 0.258624 0.0340741 0.965377
    outer loop
      vertex 68.7393 43.1981 74.8478
      vertex 68.2522 43.0676 74.9829
      vertex 68.7654 43 74.8478
    endloop
  endfacet
  facet normal -0.464983 0.192593 0.864117
    outer loop
      vertex 1.33717 43.3827 74.8478
      vertex 0.945595 43.6088 74.5867
      vertex 1.26071 43.1981 74.8478
    endloop
  endfacet
  facet normal -0.801801 -0.332103 0.496813
    outer loop
      vertex 0.46736 38.5893 74.2175
      vertex 0.399795 38.0761 73.7654
      vertex 0.625873 38.2066 74.2175
    endloop
  endfacet
  facet normal -0.588307 -0.766806 0.256717
    outer loop
      vertex 1.07612 37.3998 73.7654
      vertex 0.693438 37.6934 73.7654
      vertex 1.00856 37.2828 73.2611
    endloop
  endfacet
  facet normal -0.56337 -0.432312 0.704075
    outer loop
      vertex 1.13908 38.1391 74.5867
      vertex 0.625873 38.2066 74.2175
      vertex 0.87803 37.878 74.2175
    endloop
  endfacet
  facet normal -0.271707 -0.65612 0.704047
    outer loop
      vertex 1.68488 37.824 74.5867
      vertex 1.39124 37.9456 74.5867
      vertex 1.58933 37.4674 74.2175
    endloop
  endfacet
  facet normal -0.707123 0 0.707091
    outer loop
      vertex 0.413294 39 74.2175
      vertex 0.782477 43 74.5867
      vertex 0.413294 43 74.2175
    endloop
  endfacet
  facet normal -0.707123 0 0.707091
    outer loop
      vertex 0.782477 43 74.5867
      vertex 0.413294 39 74.2175
      vertex 0.782477 39 74.5867
    endloop
  endfacet
  facet normal -0.432341 -0.563406 0.704027
    outer loop
      vertex 1.39124 37.9456 74.5867
      vertex 1.13908 38.1391 74.5867
      vertex 1.20665 37.6259 74.2175
    endloop
  endfacet
  facet normal -0.271756 -0.656123 0.704025
    outer loop
      vertex 1.39124 37.9456 74.5867
      vertex 1.20665 37.6259 74.2175
      vertex 1.58933 37.4674 74.2175
    endloop
  endfacet
  facet normal -0.126216 -0.958214 0.256702
    outer loop
      vertex 2 37.1522 73.7654
      vertex 1.48679 37.0847 73.2611
      vertex 2 37.0171 73.2611
    endloop
  endfacet
  facet normal -0.12623 -0.958208 0.256716
    outer loop
      vertex 1.52177 37.2152 73.7654
      vertex 1.48679 37.0847 73.2611
      vertex 2 37.1522 73.7654
    endloop
  endfacet
  facet normal 0.113336 -0.860387 0.49688
    outer loop
      vertex 68.4107 37.4674 74.2175
      vertex 68 37.4133 74.2175
      vertex 68.4782 37.2152 73.7654
    endloop
  endfacet
  facet normal 0.588326 -0.766822 0.256626
    outer loop
      vertex 69.3066 37.6934 73.7654
      vertex 68.9914 37.2828 73.2611
      vertex 69.4021 37.5979 73.2611
    endloop
  endfacet
  facet normal 0.528247 -0.688557 0.496835
    outer loop
      vertex 69.3066 37.6934 73.7654
      vertex 68.7934 37.6259 74.2175
      vertex 68.9239 37.3998 73.7654
    endloop
  endfacet
  facet normal 0.5883 -0.766833 0.256652
    outer loop
      vertex 69.3066 37.6934 73.7654
      vertex 68.9239 37.3998 73.7654
      vertex 68.9914 37.2828 73.2611
    endloop
  endfacet
  facet normal 0.656126 -0.271743 0.704028
    outer loop
      vertex 69.5326 38.5893 74.2175
      vertex 69.0544 38.3912 74.5867
      vertex 69.3741 38.2066 74.2175
    endloop
  endfacet
  facet normal 0.965939 -0 0.258771
    outer loop
      vertex 69.8478 39 73.7654
      vertex 69.9829 43 73.2611
      vertex 69.8478 43 73.7654
    endloop
  endfacet
  facet normal 0.965939 0 0.258771
    outer loop
      vertex 69.9829 43 73.2611
      vertex 69.8478 39 73.7654
      vertex 69.9829 39 73.2611
    endloop
  endfacet
  facet normal 0.126238 0.958206 0.256721
    outer loop
      vertex 68.5132 44.9153 73.2611
      vertex 68 44.8478 73.7654
      vertex 68.4782 44.7848 73.7654
    endloop
  endfacet
  facet normal 0.608711 0.793392 -0
    outer loop
      vertex 69.4021 44.4021 73
      vertex 68.9914 44.7172 73.2611
      vertex 69.4021 44.4021 73.2611
    endloop
  endfacet
  facet normal 0.608711 0.793392 0
    outer loop
      vertex 68.9914 44.7172 73.2611
      vertex 69.4021 44.4021 73
      vertex 68.9914 44.7172 73
    endloop
  endfacet
  facet normal 0.860378 -0.11335 0.496892
    outer loop
      vertex 69.8478 39 73.7654
      vertex 69.5867 39 74.2175
      vertex 69.7848 38.5218 73.7654
    endloop
  endfacet
  facet normal 0.5883 0.766833 0.256652
    outer loop
      vertex 68.9914 44.7172 73.2611
      vertex 68.9239 44.6002 73.7654
      vertex 69.3066 44.3066 73.7654
    endloop
  endfacet
  facet normal 0.240995 -0.0998708 0.965374
    outer loop
      vertex 68.7393 38.8019 74.8478
      vertex 68.2522 38.9324 74.9829
      vertex 68.6628 38.6173 74.8478
    endloop
  endfacet
  facet normal -0.801819 0.332085 0.496795
    outer loop
      vertex 0.399795 43.9239 73.7654
      vertex 0.215202 43.4782 73.7654
      vertex 0.46736 43.4107 74.2175
    endloop
  endfacet
  facet normal -0.528254 0.688533 0.49686
    outer loop
      vertex 1.07612 44.6002 73.7654
      vertex 0.693438 44.3066 73.7654
      vertex 1.20665 44.3741 74.2175
    endloop
  endfacet
  facet normal 0 -1 0
    outer loop
      vertex 2 37.0171 73
      vertex 68 37.0171 73.2611
      vertex 2 37.0171 73.2611
    endloop
  endfacet
  facet normal 0 -1 -0
    outer loop
      vertex 68 37.0171 73.2611
      vertex 2 37.0171 73
      vertex 68 37.0171 73
    endloop
  endfacet
  facet normal -0.382701 0.923872 0
    outer loop
      vertex 1.48679 44.9153 73
      vertex 1.00856 44.7172 73.2611
      vertex 1.48679 44.9153 73.2611
    endloop
  endfacet
  facet normal -0.382701 0.923872 0
    outer loop
      vertex 1.00856 44.7172 73.2611
      vertex 1.48679 44.9153 73
      vertex 1.00856 44.7172 73
    endloop
  endfacet
  facet normal -0.332085 0.80178 0.496858
    outer loop
      vertex 1.58933 44.5326 74.2175
      vertex 1.07612 44.6002 73.7654
      vertex 1.20665 44.3741 74.2175
    endloop
  endfacet
  facet normal -0.369875 0.89291 0.256718
    outer loop
      vertex 1.48679 44.9153 73.2611
      vertex 1.00856 44.7172 73.2611
      vertex 1.52177 44.7848 73.7654
    endloop
  endfacet
  facet normal -0.588307 0.766806 0.256717
    outer loop
      vertex 1.00856 44.7172 73.2611
      vertex 0.693438 44.3066 73.7654
      vertex 1.07612 44.6002 73.7654
    endloop
  endfacet
  facet normal -0.271756 0.656123 0.704025
    outer loop
      vertex 1.58933 44.5326 74.2175
      vertex 1.20665 44.3741 74.2175
      vertex 1.39124 44.0544 74.5867
    endloop
  endfacet
  facet normal -1 0 0
    outer loop
      vertex 0.0171108 39 73
      vertex 0.0171108 43 73.2611
      vertex 0.0171108 43 73
    endloop
  endfacet
  facet normal -1 -0 0
    outer loop
      vertex 0.0171108 43 73.2611
      vertex 0.0171108 39 73
      vertex 0.0171108 39 73.2611
    endloop
  endfacet
  facet normal -0.58834 -0.766792 0.256684
    outer loop
      vertex 0.693438 37.6934 73.7654
      vertex 0.597886 37.5979 73.2611
      vertex 1.00856 37.2828 73.2611
    endloop
  endfacet
  facet normal -0.860424 0.113284 0.496827
    outer loop
      vertex 0.215202 43.4782 73.7654
      vertex 0.152242 43 73.7654
      vertex 0.413294 43 74.2175
    endloop
  endfacet
  facet normal -0.958205 0.126158 0.256764
    outer loop
      vertex 0.215202 43.4782 73.7654
      vertex 0.0846758 43.5132 73.2611
      vertex 0.152242 43 73.7654
    endloop
  endfacet
  facet normal -0.206967 -0.158726 0.965386
    outer loop
      vertex 1.77392 38.8695 74.9829
      vertex 1.33717 38.6173 74.8478
      vertex 1.81541 38.8154 74.9829
    endloop
  endfacet
  facet normal -0.688532 0.528306 0.496806
    outer loop
      vertex 0.693438 44.3066 73.7654
      vertex 0.399795 43.9239 73.7654
      vertex 0.625873 43.7934 74.2175
    endloop
  endfacet
  facet normal -0.192679 0.464923 0.864131
    outer loop
      vertex 1.80191 43.7393 74.8478
      vertex 1.39124 44.0544 74.5867
      vertex 1.61732 43.6628 74.8478
    endloop
  endfacet
  facet normal -0.0340755 0.258622 0.965377
    outer loop
      vertex 2 43.7654 74.8478
      vertex 1.80191 43.7393 74.8478
      vertex 1.93244 43.2522 74.9829
    endloop
  endfacet
  facet normal -0.958205 -0.126158 0.256764
    outer loop
      vertex 0.152242 39 73.7654
      vertex 0.0846758 38.4868 73.2611
      vertex 0.215202 38.5218 73.7654
    endloop
  endfacet
  facet normal -0.688494 -0.528328 0.496836
    outer loop
      vertex 0.87803 37.878 74.2175
      vertex 0.625873 38.2066 74.2175
      vertex 0.693438 37.6934 73.7654
    endloop
  endfacet
  facet normal -0.332085 -0.80178 0.496858
    outer loop
      vertex 1.20665 37.6259 74.2175
      vertex 1.07612 37.3998 73.7654
      vertex 1.58933 37.4674 74.2175
    endloop
  endfacet
  facet normal 0 -0.707107 0.707107
    outer loop
      vertex 2 37.4133 74.2175
      vertex 68 37.7825 74.5867
      vertex 2 37.7825 74.5867
    endloop
  endfacet
  facet normal 0 -0.707107 0.707107
    outer loop
      vertex 68 37.7825 74.5867
      vertex 2 37.4133 74.2175
      vertex 68 37.4133 74.2175
    endloop
  endfacet
  facet normal 0.0927431 -0.704059 0.704059
    outer loop
      vertex 68 37.7825 74.5867
      vertex 68 37.4133 74.2175
      vertex 68.4107 37.4674 74.2175
    endloop
  endfacet
  facet normal 0.271652 -0.656119 0.704069
    outer loop
      vertex 68.6088 37.9456 74.5867
      vertex 68.3151 37.824 74.5867
      vertex 68.4107 37.4674 74.2175
    endloop
  endfacet
  facet normal -0.498991 -0.0656925 0.864114
    outer loop
      vertex 1.23463 39 74.8478
      vertex 0.782477 39 74.5867
      vertex 1.26071 38.8019 74.8478
    endloop
  endfacet
  facet normal -0.399264 -0.306433 0.864111
    outer loop
      vertex 1.4588 38.4588 74.8478
      vertex 0.945595 38.3912 74.5867
      vertex 1.13908 38.1391 74.5867
    endloop
  endfacet
  facet normal 0.432406 -0.563356 0.704028
    outer loop
      vertex 68.8609 38.1391 74.5867
      vertex 68.6088 37.9456 74.5867
      vertex 68.7934 37.6259 74.2175
    endloop
  endfacet
  facet normal 0.369838 -0.89294 0.256669
    outer loop
      vertex 68.9239 37.3998 73.7654
      vertex 68.4782 37.2152 73.7654
      vertex 68.9914 37.2828 73.2611
    endloop
  endfacet
  facet normal -0.240937 0.0998988 0.965386
    outer loop
      vertex 1.77392 43.1305 74.9829
      vertex 1.33717 43.3827 74.8478
      vertex 1.74784 43.0676 74.9829
    endloop
  endfacet
  facet normal 0.258621 0.0340492 0.965379
    outer loop
      vertex 68.7654 43 74.8478
      vertex 68.2522 43.0676 74.9829
      vertex 68.2611 43 74.9829
    endloop
  endfacet
  facet normal 0.801786 -0.332084 0.49685
    outer loop
      vertex 69.7848 38.5218 73.7654
      vertex 69.5326 38.5893 74.2175
      vertex 69.6002 38.0761 73.7654
    endloop
  endfacet
  facet normal 0.958214 0.126218 0.256702
    outer loop
      vertex 69.9153 43.5132 73.2611
      vertex 69.8478 43 73.7654
      vertex 69.9829 43 73.2611
    endloop
  endfacet
  facet normal 0.892898 0.369894 0.256731
    outer loop
      vertex 69.9153 43.5132 73.2611
      vertex 69.7172 43.9914 73.2611
      vertex 69.7848 43.4782 73.7654
    endloop
  endfacet
  facet normal 0.500115 0 0.865959
    outer loop
      vertex 68.7654 43 74.8478
      vertex 69.2175 39 74.5867
      vertex 69.2175 43 74.5867
    endloop
  endfacet
  facet normal 0.500115 0 0.865959
    outer loop
      vertex 69.2175 39 74.5867
      vertex 68.7654 43 74.8478
      vertex 68.7654 39 74.8478
    endloop
  endfacet
  facet normal 0 0.965939 0.258771
    outer loop
      vertex 68 44.9829 73.2611
      vertex 2 44.8478 73.7654
      vertex 68 44.8478 73.7654
    endloop
  endfacet
  facet normal 0 0.965939 0.258771
    outer loop
      vertex 2 44.8478 73.7654
      vertex 68 44.9829 73.2611
      vertex 2 44.9829 73.2611
    endloop
  endfacet
  facet normal -0.113343 0.860379 0.496892
    outer loop
      vertex 2 44.5867 74.2175
      vertex 1.52177 44.7848 73.7654
      vertex 1.58933 44.5326 74.2175
    endloop
  endfacet
  facet normal -0.113343 0.860379 0.496892
    outer loop
      vertex 2 44.8478 73.7654
      vertex 1.52177 44.7848 73.7654
      vertex 2 44.5867 74.2175
    endloop
  endfacet
  facet normal -0.793374 0.608734 0
    outer loop
      vertex 0.282767 43.9914 73
      vertex 0.597886 44.4021 73.2611
      vertex 0.597886 44.4021 73
    endloop
  endfacet
  facet normal -0.793374 0.608734 0
    outer loop
      vertex 0.597886 44.4021 73.2611
      vertex 0.282767 43.9914 73
      vertex 0.282767 43.9914 73.2611
    endloop
  endfacet
  facet normal -0.766784 0.588348 0.25669
    outer loop
      vertex 0.693438 44.3066 73.7654
      vertex 0.282767 43.9914 73.2611
      vertex 0.399795 43.9239 73.7654
    endloop
  endfacet
  facet normal -0.892933 0.369821 0.256715
    outer loop
      vertex 0.282767 43.9914 73.2611
      vertex 0.215202 43.4782 73.7654
      vertex 0.399795 43.9239 73.7654
    endloop
  endfacet
  facet normal -0.332109 0.801756 0.496881
    outer loop
      vertex 1.52177 44.7848 73.7654
      vertex 1.07612 44.6002 73.7654
      vertex 1.58933 44.5326 74.2175
    endloop
  endfacet
  facet normal -0.369869 0.892915 0.256711
    outer loop
      vertex 1.52177 44.7848 73.7654
      vertex 1.00856 44.7172 73.2611
      vertex 1.07612 44.6002 73.7654
    endloop
  endfacet
  facet normal 0.306334 0.399292 0.864133
    outer loop
      vertex 68.6088 44.0544 74.5867
      vertex 68.3827 43.6628 74.8478
      vertex 68.5412 43.5412 74.8478
    endloop
  endfacet
  facet normal -0.432232 0.563428 0.704077
    outer loop
      vertex 1.20665 44.3741 74.2175
      vertex 0.87803 44.122 74.2175
      vertex 1.13908 43.8609 74.5867
    endloop
  endfacet
  facet normal 0.271652 0.656119 0.704069
    outer loop
      vertex 68.4107 44.5326 74.2175
      vertex 68.3151 44.176 74.5867
      vertex 68.6088 44.0544 74.5867
    endloop
  endfacet
  facet normal -0.0998735 0.240989 0.965375
    outer loop
      vertex 1.80191 43.7393 74.8478
      vertex 1.61732 43.6628 74.8478
      vertex 1.93244 43.2522 74.9829
    endloop
  endfacet
  facet normal -0.704079 -0.0926875 0.704047
    outer loop
      vertex 0.782477 39 74.5867
      vertex 0.413294 39 74.2175
      vertex 0.46736 38.5893 74.2175
    endloop
  endfacet
  facet normal -0.766789 -0.588336 0.256701
    outer loop
      vertex 0.693438 37.6934 73.7654
      vertex 0.282767 38.0086 73.2611
      vertex 0.597886 37.5979 73.2611
    endloop
  endfacet
  facet normal -0.92387 -0.382707 0
    outer loop
      vertex 0.282767 38.0086 73
      vertex 0.0846758 38.4868 73.2611
      vertex 0.0846758 38.4868 73
    endloop
  endfacet
  facet normal -0.92387 -0.382707 0
    outer loop
      vertex 0.0846758 38.4868 73.2611
      vertex 0.282767 38.0086 73
      vertex 0.282767 38.0086 73.2611
    endloop
  endfacet
  facet normal -0.528234 -0.688569 0.496832
    outer loop
      vertex 0.87803 37.878 74.2175
      vertex 0.693438 37.6934 73.7654
      vertex 1.20665 37.6259 74.2175
    endloop
  endfacet
  facet normal -0.432232 -0.563428 0.704077
    outer loop
      vertex 1.13908 38.1391 74.5867
      vertex 0.87803 37.878 74.2175
      vertex 1.20665 37.6259 74.2175
    endloop
  endfacet
  facet normal 0.464921 -0.192668 0.864134
    outer loop
      vertex 68.7393 38.8019 74.8478
      vertex 68.6628 38.6173 74.8478
      vertex 69.0544 38.3912 74.5867
    endloop
  endfacet
  facet normal 0 -0.258771 0.965939
    outer loop
      vertex 2 38.7389 74.9829
      vertex 68 38.2346 74.8478
      vertex 68 38.7389 74.9829
    endloop
  endfacet
  facet normal 0 -0.258771 0.965939
    outer loop
      vertex 68 38.2346 74.8478
      vertex 2 38.7389 74.9829
      vertex 2 38.2346 74.8478
    endloop
  endfacet
  facet normal -0.399274 -0.306395 0.864119
    outer loop
      vertex 1.33717 38.6173 74.8478
      vertex 0.945595 38.3912 74.5867
      vertex 1.4588 38.4588 74.8478
    endloop
  endfacet
  facet normal -0.306314 -0.399317 0.864128
    outer loop
      vertex 1.4588 38.4588 74.8478
      vertex 1.39124 37.9456 74.5867
      vertex 1.61732 38.3372 74.8478
    endloop
  endfacet
  facet normal 0.464921 0.192668 0.864134
    outer loop
      vertex 69.0544 43.6088 74.5867
      vertex 68.6628 43.3827 74.8478
      vertex 68.7393 43.1981 74.8478
    endloop
  endfacet
  facet normal -0.801819 -0.332085 0.496795
    outer loop
      vertex 0.46736 38.5893 74.2175
      vertex 0.215202 38.5218 73.7654
      vertex 0.399795 38.0761 73.7654
    endloop
  endfacet
  facet normal -0.563358 -0.432373 0.704046
    outer loop
      vertex 0.945595 38.3912 74.5867
      vertex 0.625873 38.2066 74.2175
      vertex 1.13908 38.1391 74.5867
    endloop
  endfacet
  facet normal -0.158766 -0.20697 0.965379
    outer loop
      vertex 1.81541 38.8154 74.9829
      vertex 1.4588 38.4588 74.8478
      vertex 1.61732 38.3372 74.8478
    endloop
  endfacet
  facet normal -0.306406 -0.399294 0.864107
    outer loop
      vertex 1.4588 38.4588 74.8478
      vertex 1.13908 38.1391 74.5867
      vertex 1.39124 37.9456 74.5867
    endloop
  endfacet
  facet normal 0.382721 -0.923864 0
    outer loop
      vertex 68.5132 37.0847 73
      vertex 68.9914 37.2828 73.2611
      vertex 68.5132 37.0847 73.2611
    endloop
  endfacet
  facet normal 0.382721 -0.923864 0
    outer loop
      vertex 68.9914 37.2828 73.2611
      vertex 68.5132 37.0847 73
      vertex 68.9914 37.2828 73
    endloop
  endfacet
  facet normal 0.958206 -0.126238 0.256721
    outer loop
      vertex 69.8478 39 73.7654
      vertex 69.7848 38.5218 73.7654
      vertex 69.9153 38.4868 73.2611
    endloop
  endfacet
  facet normal 0.707107 -0 0.707107
    outer loop
      vertex 69.2175 39 74.5867
      vertex 69.5867 43 74.2175
      vertex 69.2175 43 74.5867
    endloop
  endfacet
  facet normal 0.707107 0 0.707107
    outer loop
      vertex 69.5867 43 74.2175
      vertex 69.2175 39 74.5867
      vertex 69.5867 39 74.2175
    endloop
  endfacet
  facet normal 0.528251 -0.68855 0.49684
    outer loop
      vertex 69.122 37.878 74.2175
      vertex 68.7934 37.6259 74.2175
      vertex 69.3066 37.6934 73.7654
    endloop
  endfacet
  facet normal 0.923864 -0.382721 0
    outer loop
      vertex 69.7172 38.0086 73.2611
      vertex 69.9153 38.4868 73
      vertex 69.9153 38.4868 73.2611
    endloop
  endfacet
  facet normal 0.923864 -0.382721 0
    outer loop
      vertex 69.9153 38.4868 73
      vertex 69.7172 38.0086 73.2611
      vertex 69.7172 38.0086 73
    endloop
  endfacet
  facet normal 0.656119 -0.271652 0.704069
    outer loop
      vertex 69.176 38.6849 74.5867
      vertex 69.0544 38.3912 74.5867
      vertex 69.5326 38.5893 74.2175
    endloop
  endfacet
  facet normal 0.240922 0.0999694 0.965382
    outer loop
      vertex 68.6628 43.3827 74.8478
      vertex 68.2261 43.1305 74.9829
      vertex 68.2522 43.0676 74.9829
    endloop
  endfacet
  facet normal 0.0927288 0.704069 0.704051
    outer loop
      vertex 68.4107 44.5326 74.2175
      vertex 68 44.2175 74.5867
      vertex 68.3151 44.176 74.5867
    endloop
  endfacet
  facet normal -0 0.258771 0.965939
    outer loop
      vertex 2 43.7654 74.8478
      vertex 68 43.2611 74.9829
      vertex 68 43.7654 74.8478
    endloop
  endfacet
  facet normal 0 0.258771 0.965939
    outer loop
      vertex 68 43.2611 74.9829
      vertex 2 43.7654 74.8478
      vertex 2 43.2611 74.9829
    endloop
  endfacet
  facet normal 0.860387 0.113336 0.49688
    outer loop
      vertex 69.7848 43.4782 73.7654
      vertex 69.5326 43.4107 74.2175
      vertex 69.5867 43 74.2175
    endloop
  endfacet
  facet normal 0.588326 0.766822 0.256626
    outer loop
      vertex 69.4021 44.4021 73.2611
      vertex 68.9914 44.7172 73.2611
      vertex 69.3066 44.3066 73.7654
    endloop
  endfacet
  facet normal 0.0340492 0.258621 0.965379
    outer loop
      vertex 68 43.7654 74.8478
      vertex 68 43.2611 74.9829
      vertex 68.0676 43.2522 74.9829
    endloop
  endfacet
  facet normal -0.258616 -0.034047 0.96538
    outer loop
      vertex 1.74784 38.9324 74.9829
      vertex 1.23463 39 74.8478
      vertex 1.26071 38.8019 74.8478
    endloop
  endfacet
  facet normal -0.92387 0.382707 0
    outer loop
      vertex 0.0846758 43.5132 73
      vertex 0.282767 43.9914 73.2611
      vertex 0.282767 43.9914 73
    endloop
  endfacet
  facet normal -0.92387 0.382707 0
    outer loop
      vertex 0.282767 43.9914 73.2611
      vertex 0.0846758 43.5132 73
      vertex 0.0846758 43.5132 73.2611
    endloop
  endfacet
  facet normal -0.608736 0.793373 0
    outer loop
      vertex 1.00856 44.7172 73
      vertex 0.597886 44.4021 73.2611
      vertex 1.00856 44.7172 73.2611
    endloop
  endfacet
  facet normal -0.608736 0.793373 0
    outer loop
      vertex 0.597886 44.4021 73.2611
      vertex 1.00856 44.7172 73
      vertex 0.597886 44.4021 73
    endloop
  endfacet
  facet normal -0.766789 0.588336 0.256701
    outer loop
      vertex 0.597886 44.4021 73.2611
      vertex 0.282767 43.9914 73.2611
      vertex 0.693438 44.3066 73.7654
    endloop
  endfacet
  facet normal -0.58834 0.766792 0.256684
    outer loop
      vertex 1.00856 44.7172 73.2611
      vertex 0.597886 44.4021 73.2611
      vertex 0.693438 44.3066 73.7654
    endloop
  endfacet
  facet normal -0.528234 0.688569 0.496832
    outer loop
      vertex 1.20665 44.3741 74.2175
      vertex 0.693438 44.3066 73.7654
      vertex 0.87803 44.122 74.2175
    endloop
  endfacet
  facet normal -0.801801 0.332103 0.496813
    outer loop
      vertex 0.625873 43.7934 74.2175
      vertex 0.399795 43.9239 73.7654
      vertex 0.46736 43.4107 74.2175
    endloop
  endfacet
  facet normal -0.0340694 0.258621 0.965378
    outer loop
      vertex 2 43.7654 74.8478
      vertex 1.93244 43.2522 74.9829
      vertex 2 43.2611 74.9829
    endloop
  endfacet
  facet normal -0.56337 0.432312 0.704075
    outer loop
      vertex 0.87803 44.122 74.2175
      vertex 0.625873 43.7934 74.2175
      vertex 1.13908 43.8609 74.5867
    endloop
  endfacet
  facet normal -0.688494 0.528328 0.496836
    outer loop
      vertex 0.693438 44.3066 73.7654
      vertex 0.625873 43.7934 74.2175
      vertex 0.87803 44.122 74.2175
    endloop
  endfacet
  facet normal -0.500071 0 0.865984
    outer loop
      vertex 0.782477 43 74.5867
      vertex 1.23463 39 74.8478
      vertex 1.23463 43 74.8478
    endloop
  endfacet
  facet normal -0.500071 0 0.865984
    outer loop
      vertex 1.23463 39 74.8478
      vertex 0.782477 43 74.5867
      vertex 0.782477 39 74.5867
    endloop
  endfacet
  facet normal -0.399274 0.306395 0.864119
    outer loop
      vertex 1.4588 43.5412 74.8478
      vertex 0.945595 43.6088 74.5867
      vertex 1.33717 43.3827 74.8478
    endloop
  endfacet
  facet normal -0.656096 0.271711 0.704068
    outer loop
      vertex 0.945595 43.6088 74.5867
      vertex 0.46736 43.4107 74.2175
      vertex 0.823964 43.3151 74.5867
    endloop
  endfacet
  facet normal -0.0927498 0.704059 0.704059
    outer loop
      vertex 2 44.5867 74.2175
      vertex 1.58933 44.5326 74.2175
      vertex 2 44.2175 74.5867
    endloop
  endfacet
  facet normal -0.271707 0.65612 0.704047
    outer loop
      vertex 1.58933 44.5326 74.2175
      vertex 1.39124 44.0544 74.5867
      vertex 1.68488 44.176 74.5867
    endloop
  endfacet
  facet normal -0.965924 0 0.258827
    outer loop
      vertex 0.0171108 39 73.2611
      vertex 0.152242 43 73.7654
      vertex 0.0171108 43 73.2611
    endloop
  endfacet
  facet normal -0.965924 0 0.258827
    outer loop
      vertex 0.152242 43 73.7654
      vertex 0.0171108 39 73.2611
      vertex 0.152242 39 73.7654
    endloop
  endfacet
  facet normal 0.563356 -0.432406 0.704028
    outer loop
      vertex 69.0544 38.3912 74.5867
      vertex 68.8609 38.1391 74.5867
      vertex 69.3741 38.2066 74.2175
    endloop
  endfacet
  facet normal 0.860387 -0.113336 0.49688
    outer loop
      vertex 69.5867 39 74.2175
      vertex 69.5326 38.5893 74.2175
      vertex 69.7848 38.5218 73.7654
    endloop
  endfacet
  facet normal -0.306406 0.399294 0.864107
    outer loop
      vertex 1.39124 44.0544 74.5867
      vertex 1.13908 43.8609 74.5867
      vertex 1.4588 43.5412 74.8478
    endloop
  endfacet
  facet normal 0.0657238 -0.499026 0.864091
    outer loop
      vertex 68.1981 38.2607 74.8478
      vertex 68 37.7825 74.5867
      vertex 68.3151 37.824 74.5867
    endloop
  endfacet
  facet normal -0.465003 -0.192573 0.864111
    outer loop
      vertex 1.26071 38.8019 74.8478
      vertex 0.823964 38.6849 74.5867
      vertex 0.945595 38.3912 74.5867
    endloop
  endfacet
  facet normal -0.498992 -0.0656988 0.864112
    outer loop
      vertex 1.26071 38.8019 74.8478
      vertex 0.782477 39 74.5867
      vertex 0.823964 38.6849 74.5867
    endloop
  endfacet
  facet normal -0.0927239 -0.704076 0.704045
    outer loop
      vertex 1.68488 37.824 74.5867
      vertex 1.58933 37.4674 74.2175
      vertex 2 37.7825 74.5867
    endloop
  endfacet
  facet normal -0.192575 -0.46503 0.864096
    outer loop
      vertex 1.80191 38.2607 74.8478
      vertex 1.39124 37.9456 74.5867
      vertex 1.68488 37.824 74.5867
    endloop
  endfacet
  facet normal -0.192679 -0.464923 0.864131
    outer loop
      vertex 1.61732 38.3372 74.8478
      vertex 1.39124 37.9456 74.5867
      vertex 1.80191 38.2607 74.8478
    endloop
  endfacet
  facet normal 0.801796 -0.332074 0.496841
    outer loop
      vertex 69.5326 38.5893 74.2175
      vertex 69.3741 38.2066 74.2175
      vertex 69.6002 38.0761 73.7654
    endloop
  endfacet
  facet normal 0.608711 -0.793392 0
    outer loop
      vertex 68.9914 37.2828 73
      vertex 69.4021 37.5979 73.2611
      vertex 68.9914 37.2828 73.2611
    endloop
  endfacet
  facet normal 0.608711 -0.793392 0
    outer loop
      vertex 69.4021 37.5979 73.2611
      vertex 68.9914 37.2828 73
      vertex 69.4021 37.5979 73
    endloop
  endfacet
  facet normal 0.991436 0.130594 0
    outer loop
      vertex 69.9829 43 73.2611
      vertex 69.9153 43.5132 73
      vertex 69.9153 43.5132 73.2611
    endloop
  endfacet
  facet normal 0.991436 0.130594 0
    outer loop
      vertex 69.9153 43.5132 73
      vertex 69.9829 43 73.2611
      vertex 69.9829 43 73
    endloop
  endfacet
  facet normal 1 -0 0
    outer loop
      vertex 69.9829 39 73.2611
      vertex 69.9829 43 73
      vertex 69.9829 43 73.2611
    endloop
  endfacet
  facet normal 1 0 0
    outer loop
      vertex 69.9829 43 73
      vertex 69.9829 39 73.2611
      vertex 69.9829 39 73
    endloop
  endfacet
  facet normal 0.563391 -0.43223 0.704108
    outer loop
      vertex 69.3741 38.2066 74.2175
      vertex 68.8609 38.1391 74.5867
      vertex 69.122 37.878 74.2175
    endloop
  endfacet
  facet normal 0.43223 -0.563391 0.704108
    outer loop
      vertex 68.8609 38.1391 74.5867
      vertex 68.7934 37.6259 74.2175
      vertex 69.122 37.878 74.2175
    endloop
  endfacet
  facet normal 0.766822 0.588326 0.256626
    outer loop
      vertex 69.4021 44.4021 73.2611
      vertex 69.3066 44.3066 73.7654
      vertex 69.7172 43.9914 73.2611
    endloop
  endfacet
  facet normal 0.656119 0.271652 0.704069
    outer loop
      vertex 69.5326 43.4107 74.2175
      vertex 69.0544 43.6088 74.5867
      vertex 69.176 43.3151 74.5867
    endloop
  endfacet
  facet normal 0.528247 0.688557 0.496835
    outer loop
      vertex 68.9239 44.6002 73.7654
      vertex 68.7934 44.3741 74.2175
      vertex 69.3066 44.3066 73.7654
    endloop
  endfacet
  facet normal 0 0.865959 0.500115
    outer loop
      vertex 68 44.8478 73.7654
      vertex 2 44.5867 74.2175
      vertex 68 44.5867 74.2175
    endloop
  endfacet
  facet normal 0 0.865959 0.500115
    outer loop
      vertex 2 44.5867 74.2175
      vertex 68 44.8478 73.7654
      vertex 2 44.8478 73.7654
    endloop
  endfacet
  facet normal 0.332084 0.801786 0.49685
    outer loop
      vertex 68.4782 44.7848 73.7654
      vertex 68.4107 44.5326 74.2175
      vertex 68.9239 44.6002 73.7654
    endloop
  endfacet
  facet normal 0.240995 0.0998708 0.965374
    outer loop
      vertex 68.6628 43.3827 74.8478
      vertex 68.2522 43.0676 74.9829
      vertex 68.7393 43.1981 74.8478
    endloop
  endfacet
  facet normal 0.206961 -0.158779 0.965379
    outer loop
      vertex 68.6628 38.6173 74.8478
      vertex 68.1846 38.8154 74.9829
      vertex 68.5412 38.4588 74.8478
    endloop
  endfacet
  facet normal 0.399292 0.306334 0.864133
    outer loop
      vertex 69.0544 43.6088 74.5867
      vertex 68.5412 43.5412 74.8478
      vertex 68.6628 43.3827 74.8478
    endloop
  endfacet
  facet normal 0.399262 0.306454 0.864104
    outer loop
      vertex 68.8609 43.8609 74.5867
      vertex 68.5412 43.5412 74.8478
      vertex 69.0544 43.6088 74.5867
    endloop
  endfacet
  facet normal 0.192543 0.465049 0.864093
    outer loop
      vertex 68.3151 44.176 74.5867
      vertex 68.1981 43.7393 74.8478
      vertex 68.6088 44.0544 74.5867
    endloop
  endfacet
  facet normal -0.258612 -0.0340098 0.965382
    outer loop
      vertex 1.73895 39 74.9829
      vertex 1.23463 39 74.8478
      vertex 1.74784 38.9324 74.9829
    endloop
  endfacet
  facet normal -0.991445 0.130528 0
    outer loop
      vertex 0.0171108 43 73
      vertex 0.0846758 43.5132 73.2611
      vertex 0.0846758 43.5132 73
    endloop
  endfacet
  facet normal -0.991445 0.130528 0
    outer loop
      vertex 0.0846758 43.5132 73.2611
      vertex 0.0171108 43 73
      vertex 0.0171108 43 73.2611
    endloop
  endfacet
  facet normal -0.704071 0.0927 0.704053
    outer loop
      vertex 0.823964 43.3151 74.5867
      vertex 0.46736 43.4107 74.2175
      vertex 0.782477 43 74.5867
    endloop
  endfacet
  facet normal -0.465003 0.192573 0.864111
    outer loop
      vertex 0.945595 43.6088 74.5867
      vertex 0.823964 43.3151 74.5867
      vertex 1.26071 43.1981 74.8478
    endloop
  endfacet
  facet normal -0.0657193 0.499023 0.864093
    outer loop
      vertex 2 44.2175 74.5867
      vertex 1.68488 44.176 74.5867
      vertex 1.80191 43.7393 74.8478
    endloop
  endfacet
  facet normal -0.192575 0.46503 0.864096
    outer loop
      vertex 1.68488 44.176 74.5867
      vertex 1.39124 44.0544 74.5867
      vertex 1.80191 43.7393 74.8478
    endloop
  endfacet
  facet normal -0.892894 -0.369875 0.256775
    outer loop
      vertex 0.215202 38.5218 73.7654
      vertex 0.0846758 38.4868 73.2611
      vertex 0.282767 38.0086 73.2611
    endloop
  endfacet
  facet normal -0.860432 -0.11327 0.496816
    outer loop
      vertex 0.413294 39 74.2175
      vertex 0.215202 38.5218 73.7654
      vertex 0.46736 38.5893 74.2175
    endloop
  endfacet
  facet normal 0.206967 -0.158764 0.96538
    outer loop
      vertex 68.2261 38.8695 74.9829
      vertex 68.1846 38.8154 74.9829
      vertex 68.6628 38.6173 74.8478
    endloop
  endfacet
  facet normal 0.465049 -0.192543 0.864093
    outer loop
      vertex 69.176 38.6849 74.5867
      vertex 68.7393 38.8019 74.8478
      vertex 69.0544 38.3912 74.5867
    endloop
  endfacet
  facet normal 0.258771 0 0.965939
    outer loop
      vertex 68.2611 43 74.9829
      vertex 68.7654 39 74.8478
      vertex 68.7654 43 74.8478
    endloop
  endfacet
  facet normal 0.258771 0 0.965939
    outer loop
      vertex 68.7654 39 74.8478
      vertex 68.2611 43 74.9829
      vertex 68.2611 39 74.9829
    endloop
  endfacet
  facet normal -0.258762 0 0.965941
    outer loop
      vertex 1.23463 43 74.8478
      vertex 1.73895 39 74.9829
      vertex 1.73895 43 74.9829
    endloop
  endfacet
  facet normal -0.258762 0 0.965941
    outer loop
      vertex 1.73895 39 74.9829
      vertex 1.23463 43 74.8478
      vertex 1.23463 39 74.8478
    endloop
  endfacet
  facet normal -0.206936 0.158799 0.965381
    outer loop
      vertex 1.4588 43.5412 74.8478
      vertex 1.33717 43.3827 74.8478
      vertex 1.81541 43.1846 74.9829
    endloop
  endfacet
  facet normal -0.306314 0.399317 0.864128
    outer loop
      vertex 1.61732 43.6628 74.8478
      vertex 1.39124 44.0544 74.5867
      vertex 1.4588 43.5412 74.8478
    endloop
  endfacet
  facet normal -0.498992 0.0656988 0.864112
    outer loop
      vertex 0.823964 43.3151 74.5867
      vertex 0.782477 43 74.5867
      vertex 1.26071 43.1981 74.8478
    endloop
  endfacet
  facet normal -0.498991 0.0656925 0.864114
    outer loop
      vertex 1.26071 43.1981 74.8478
      vertex 0.782477 43 74.5867
      vertex 1.23463 43 74.8478
    endloop
  endfacet
  facet normal 0.793392 -0.608711 0
    outer loop
      vertex 69.4021 37.5979 73.2611
      vertex 69.7172 38.0086 73
      vertex 69.7172 38.0086 73.2611
    endloop
  endfacet
  facet normal 0.793392 -0.608711 0
    outer loop
      vertex 69.7172 38.0086 73
      vertex 69.4021 37.5979 73.2611
      vertex 69.4021 37.5979 73
    endloop
  endfacet
  facet normal 0.923864 0.382721 0
    outer loop
      vertex 69.9153 43.5132 73.2611
      vertex 69.7172 43.9914 73
      vertex 69.7172 43.9914 73.2611
    endloop
  endfacet
  facet normal 0.923864 0.382721 0
    outer loop
      vertex 69.7172 43.9914 73
      vertex 69.9153 43.5132 73.2611
      vertex 69.9153 43.5132 73
    endloop
  endfacet
  facet normal 0.801786 0.332084 0.49685
    outer loop
      vertex 69.6002 43.9239 73.7654
      vertex 69.5326 43.4107 74.2175
      vertex 69.7848 43.4782 73.7654
    endloop
  endfacet
  facet normal 0.89294 0.369838 0.256669
    outer loop
      vertex 69.7172 43.9914 73.2611
      vertex 69.6002 43.9239 73.7654
      vertex 69.7848 43.4782 73.7654
    endloop
  endfacet
  facet normal 0.369838 0.89294 0.256669
    outer loop
      vertex 68.9914 44.7172 73.2611
      vertex 68.4782 44.7848 73.7654
      vertex 68.9239 44.6002 73.7654
    endloop
  endfacet
  facet normal 0.369894 0.892898 0.256731
    outer loop
      vertex 68.5132 44.9153 73.2611
      vertex 68.4782 44.7848 73.7654
      vertex 68.9914 44.7172 73.2611
    endloop
  endfacet
  facet normal 0.43223 0.563391 0.704108
    outer loop
      vertex 69.122 44.122 74.2175
      vertex 68.7934 44.3741 74.2175
      vertex 68.8609 43.8609 74.5867
    endloop
  endfacet
  facet normal 0.271743 0.656126 0.704028
    outer loop
      vertex 68.7934 44.3741 74.2175
      vertex 68.4107 44.5326 74.2175
      vertex 68.6088 44.0544 74.5867
    endloop
  endfacet
  facet normal -0.0927239 0.704076 0.704045
    outer loop
      vertex 2 44.2175 74.5867
      vertex 1.58933 44.5326 74.2175
      vertex 1.68488 44.176 74.5867
    endloop
  endfacet
  facet normal 0.192668 -0.464921 0.864134
    outer loop
      vertex 68.3827 38.3372 74.8478
      vertex 68.1981 38.2607 74.8478
      vertex 68.6088 37.9456 74.5867
    endloop
  endfacet
  facet normal 0.271743 -0.656126 0.704028
    outer loop
      vertex 68.6088 37.9456 74.5867
      vertex 68.4107 37.4674 74.2175
      vertex 68.7934 37.6259 74.2175
    endloop
  endfacet
  facet normal 0.704069 0.0927288 0.704051
    outer loop
      vertex 69.5326 43.4107 74.2175
      vertex 69.176 43.3151 74.5867
      vertex 69.2175 43 74.5867
    endloop
  endfacet
  facet normal 0.704059 0.0927431 0.704059
    outer loop
      vertex 69.5326 43.4107 74.2175
      vertex 69.2175 43 74.5867
      vertex 69.5867 43 74.2175
    endloop
  endfacet
  facet normal 0.0657238 0.499026 0.864091
    outer loop
      vertex 68.3151 44.176 74.5867
      vertex 68 44.2175 74.5867
      vertex 68.1981 43.7393 74.8478
    endloop
  endfacet
  facet normal 0.0657484 0.499033 0.864085
    outer loop
      vertex 68 44.2175 74.5867
      vertex 68 43.7654 74.8478
      vertex 68.1981 43.7393 74.8478
    endloop
  endfacet
  facet normal -0.464983 -0.192593 0.864117
    outer loop
      vertex 1.26071 38.8019 74.8478
      vertex 0.945595 38.3912 74.5867
      vertex 1.33717 38.6173 74.8478
    endloop
  endfacet
  facet normal 0.499033 0.0657484 0.864085
    outer loop
      vertex 69.2175 43 74.5867
      vertex 68.7393 43.1981 74.8478
      vertex 68.7654 43 74.8478
    endloop
  endfacet
  facet normal -0.892933 -0.369821 0.256715
    outer loop
      vertex 0.399795 38.0761 73.7654
      vertex 0.215202 38.5218 73.7654
      vertex 0.282767 38.0086 73.2611
    endloop
  endfacet
  facet normal -0.766784 -0.588348 0.25669
    outer loop
      vertex 0.399795 38.0761 73.7654
      vertex 0.282767 38.0086 73.2611
      vertex 0.693438 37.6934 73.7654
    endloop
  endfacet
  facet normal -0.656096 -0.271711 0.704068
    outer loop
      vertex 0.823964 38.6849 74.5867
      vertex 0.46736 38.5893 74.2175
      vertex 0.945595 38.3912 74.5867
    endloop
  endfacet
  facet normal -0.704071 -0.0927 0.704053
    outer loop
      vertex 0.782477 39 74.5867
      vertex 0.46736 38.5893 74.2175
      vertex 0.823964 38.6849 74.5867
    endloop
  endfacet
  facet normal 0.499033 -0.0657484 0.864085
    outer loop
      vertex 68.7654 39 74.8478
      vertex 68.7393 38.8019 74.8478
      vertex 69.2175 39 74.5867
    endloop
  endfacet
  facet normal 0.399292 -0.306334 0.864133
    outer loop
      vertex 68.6628 38.6173 74.8478
      vertex 68.5412 38.4588 74.8478
      vertex 69.0544 38.3912 74.5867
    endloop
  endfacet
  facet normal -0.206936 -0.158799 0.965381
    outer loop
      vertex 1.81541 38.8154 74.9829
      vertex 1.33717 38.6173 74.8478
      vertex 1.4588 38.4588 74.8478
    endloop
  endfacet
  facet normal -0.258612 0.0340098 0.965382
    outer loop
      vertex 1.74784 43.0676 74.9829
      vertex 1.23463 43 74.8478
      vertex 1.73895 43 74.9829
    endloop
  endfacet
  facet normal 0.240922 -0.0999694 0.965382
    outer loop
      vertex 68.2522 38.9324 74.9829
      vertex 68.2261 38.8695 74.9829
      vertex 68.6628 38.6173 74.8478
    endloop
  endfacet
  facet normal 0.865959 -0 0.500115
    outer loop
      vertex 69.5867 39 74.2175
      vertex 69.8478 43 73.7654
      vertex 69.5867 43 74.2175
    endloop
  endfacet
  facet normal 0.865959 0 0.500115
    outer loop
      vertex 69.8478 43 73.7654
      vertex 69.5867 39 74.2175
      vertex 69.8478 39 73.7654
    endloop
  endfacet
  facet normal 0.688557 -0.528247 0.496835
    outer loop
      vertex 69.3741 38.2066 74.2175
      vertex 69.3066 37.6934 73.7654
      vertex 69.6002 38.0761 73.7654
    endloop
  endfacet
  facet normal 0.958214 -0.126218 0.256702
    outer loop
      vertex 69.9829 39 73.2611
      vertex 69.8478 39 73.7654
      vertex 69.9153 38.4868 73.2611
    endloop
  endfacet
  facet normal 0.801796 0.332074 0.496841
    outer loop
      vertex 69.6002 43.9239 73.7654
      vertex 69.3741 43.7934 74.2175
      vertex 69.5326 43.4107 74.2175
    endloop
  endfacet
  facet normal 0.766833 0.5883 0.256652
    outer loop
      vertex 69.7172 43.9914 73.2611
      vertex 69.3066 44.3066 73.7654
      vertex 69.6002 43.9239 73.7654
    endloop
  endfacet
  facet normal 0.0927431 0.704059 0.704059
    outer loop
      vertex 68 44.5867 74.2175
      vertex 68 44.2175 74.5867
      vertex 68.4107 44.5326 74.2175
    endloop
  endfacet
  facet normal 0 0.707107 0.707107
    outer loop
      vertex 68 44.5867 74.2175
      vertex 2 44.2175 74.5867
      vertex 68 44.2175 74.5867
    endloop
  endfacet
  facet normal 0 0.707107 0.707107
    outer loop
      vertex 2 44.2175 74.5867
      vertex 68 44.5867 74.2175
      vertex 2 44.5867 74.2175
    endloop
  endfacet
  facet normal 0.306454 0.399262 0.864104
    outer loop
      vertex 68.6088 44.0544 74.5867
      vertex 68.5412 43.5412 74.8478
      vertex 68.8609 43.8609 74.5867
    endloop
  endfacet
  facet normal 0.432406 0.563356 0.704028
    outer loop
      vertex 68.7934 44.3741 74.2175
      vertex 68.6088 44.0544 74.5867
      vertex 68.8609 43.8609 74.5867
    endloop
  endfacet
  facet normal -0.0657517 0.499033 0.864085
    outer loop
      vertex 2 44.2175 74.5867
      vertex 1.80191 43.7393 74.8478
      vertex 2 43.7654 74.8478
    endloop
  endfacet
  facet normal -0 0.500115 0.865959
    outer loop
      vertex 2 44.2175 74.5867
      vertex 68 43.7654 74.8478
      vertex 68 44.2175 74.5867
    endloop
  endfacet
  facet normal 0 0.500115 0.865959
    outer loop
      vertex 68 43.7654 74.8478
      vertex 2 44.2175 74.5867
      vertex 2 43.7654 74.8478
    endloop
  endfacet
  facet normal 0.306334 -0.399292 0.864133
    outer loop
      vertex 68.5412 38.4588 74.8478
      vertex 68.3827 38.3372 74.8478
      vertex 68.6088 37.9456 74.5867
    endloop
  endfacet
  facet normal 0.0927288 -0.704069 0.704051
    outer loop
      vertex 68.3151 37.824 74.5867
      vertex 68 37.7825 74.5867
      vertex 68.4107 37.4674 74.2175
    endloop
  endfacet
  facet normal 0.688557 0.528247 0.496835
    outer loop
      vertex 69.6002 43.9239 73.7654
      vertex 69.3066 44.3066 73.7654
      vertex 69.3741 43.7934 74.2175
    endloop
  endfacet
  facet normal 0.68855 0.528251 0.49684
    outer loop
      vertex 69.3066 44.3066 73.7654
      vertex 69.122 44.122 74.2175
      vertex 69.3741 43.7934 74.2175
    endloop
  endfacet
  facet normal 0.465049 0.192543 0.864093
    outer loop
      vertex 69.0544 43.6088 74.5867
      vertex 68.7393 43.1981 74.8478
      vertex 69.176 43.3151 74.5867
    endloop
  endfacet
  facet normal 0.499026 0.0657238 0.864091
    outer loop
      vertex 69.176 43.3151 74.5867
      vertex 68.7393 43.1981 74.8478
      vertex 69.2175 43 74.5867
    endloop
  endfacet
  facet normal 0.192668 0.464921 0.864134
    outer loop
      vertex 68.6088 44.0544 74.5867
      vertex 68.1981 43.7393 74.8478
      vertex 68.3827 43.6628 74.8478
    endloop
  endfacet
  facet normal 0.0340741 0.258624 0.965377
    outer loop
      vertex 68.1981 43.7393 74.8478
      vertex 68 43.7654 74.8478
      vertex 68.0676 43.2522 74.9829
    endloop
  endfacet
  facet normal 0.206961 0.158779 0.965379
    outer loop
      vertex 68.5412 43.5412 74.8478
      vertex 68.1846 43.1846 74.9829
      vertex 68.6628 43.3827 74.8478
    endloop
  endfacet
  facet normal 0.0999694 0.240922 0.965382
    outer loop
      vertex 68.3827 43.6628 74.8478
      vertex 68.0676 43.2522 74.9829
      vertex 68.1305 43.2261 74.9829
    endloop
  endfacet
  facet normal -0.158766 0.20697 0.965379
    outer loop
      vertex 1.61732 43.6628 74.8478
      vertex 1.4588 43.5412 74.8478
      vertex 1.81541 43.1846 74.9829
    endloop
  endfacet
  facet normal 0.192543 -0.465049 0.864093
    outer loop
      vertex 68.6088 37.9456 74.5867
      vertex 68.1981 38.2607 74.8478
      vertex 68.3151 37.824 74.5867
    endloop
  endfacet
  facet normal 0.306454 -0.399262 0.864104
    outer loop
      vertex 68.8609 38.1391 74.5867
      vertex 68.5412 38.4588 74.8478
      vertex 68.6088 37.9456 74.5867
    endloop
  endfacet
  facet normal -0.099883 0.240982 0.965376
    outer loop
      vertex 1.93244 43.2522 74.9829
      vertex 1.61732 43.6628 74.8478
      vertex 1.86947 43.2261 74.9829
    endloop
  endfacet
  facet normal -0.0340694 -0.258621 0.965378
    outer loop
      vertex 2 38.7389 74.9829
      vertex 1.93244 38.7478 74.9829
      vertex 2 38.2346 74.8478
    endloop
  endfacet
  facet normal 0.258621 -0.0340492 0.965379
    outer loop
      vertex 68.2611 39 74.9829
      vertex 68.2522 38.9324 74.9829
      vertex 68.7654 39 74.8478
    endloop
  endfacet
  facet normal -0.240996 -0.0998188 0.965379
    outer loop
      vertex 1.74784 38.9324 74.9829
      vertex 1.26071 38.8019 74.8478
      vertex 1.33717 38.6173 74.8478
    endloop
  endfacet
  facet normal -0.158854 0.206931 0.965373
    outer loop
      vertex 1.86947 43.2261 74.9829
      vertex 1.61732 43.6628 74.8478
      vertex 1.81541 43.1846 74.9829
    endloop
  endfacet
  facet normal 0.704059 -0.0927431 0.704059
    outer loop
      vertex 69.5867 39 74.2175
      vertex 69.2175 39 74.5867
      vertex 69.5326 38.5893 74.2175
    endloop
  endfacet
  facet normal 0.704069 -0.0927288 0.704051
    outer loop
      vertex 69.2175 39 74.5867
      vertex 69.176 38.6849 74.5867
      vertex 69.5326 38.5893 74.2175
    endloop
  endfacet
  facet normal 0.766833 -0.5883 0.256652
    outer loop
      vertex 69.6002 38.0761 73.7654
      vertex 69.3066 37.6934 73.7654
      vertex 69.7172 38.0086 73.2611
    endloop
  endfacet
  facet normal 0.766822 -0.588326 0.256626
    outer loop
      vertex 69.7172 38.0086 73.2611
      vertex 69.3066 37.6934 73.7654
      vertex 69.4021 37.5979 73.2611
    endloop
  endfacet
  facet normal 0.11335 0.860378 0.496892
    outer loop
      vertex 68 44.8478 73.7654
      vertex 68 44.5867 74.2175
      vertex 68.4782 44.7848 73.7654
    endloop
  endfacet
  facet normal 0.563356 0.432406 0.704028
    outer loop
      vertex 69.3741 43.7934 74.2175
      vertex 68.8609 43.8609 74.5867
      vertex 69.0544 43.6088 74.5867
    endloop
  endfacet
  facet normal 0.563391 0.43223 0.704108
    outer loop
      vertex 69.122 44.122 74.2175
      vertex 68.8609 43.8609 74.5867
      vertex 69.3741 43.7934 74.2175
    endloop
  endfacet
  facet normal 0.206967 0.158764 0.96538
    outer loop
      vertex 68.6628 43.3827 74.8478
      vertex 68.1846 43.1846 74.9829
      vertex 68.2261 43.1305 74.9829
    endloop
  endfacet
  facet normal 0.158779 0.206961 0.965379
    outer loop
      vertex 68.3827 43.6628 74.8478
      vertex 68.1846 43.1846 74.9829
      vertex 68.5412 43.5412 74.8478
    endloop
  endfacet
  facet normal -0.240937 -0.0998988 0.965386
    outer loop
      vertex 1.74784 38.9324 74.9829
      vertex 1.33717 38.6173 74.8478
      vertex 1.77392 38.8695 74.9829
    endloop
  endfacet
  facet normal -0.099883 -0.240982 0.965376
    outer loop
      vertex 1.86947 38.7739 74.9829
      vertex 1.61732 38.3372 74.8478
      vertex 1.93244 38.7478 74.9829
    endloop
  endfacet
  facet normal 0.0657484 -0.499033 0.864085
    outer loop
      vertex 68 38.2346 74.8478
      vertex 68 37.7825 74.5867
      vertex 68.1981 38.2607 74.8478
    endloop
  endfacet
  facet normal 0.158764 -0.206967 0.96538
    outer loop
      vertex 68.1846 38.8154 74.9829
      vertex 68.1305 38.7739 74.9829
      vertex 68.3827 38.3372 74.8478
    endloop
  endfacet
  facet normal 0.258624 -0.0340741 0.965377
    outer loop
      vertex 68.7654 39 74.8478
      vertex 68.2522 38.9324 74.9829
      vertex 68.7393 38.8019 74.8478
    endloop
  endfacet
  facet normal -0.0657193 -0.499023 0.864093
    outer loop
      vertex 1.80191 38.2607 74.8478
      vertex 1.68488 37.824 74.5867
      vertex 2 37.7825 74.5867
    endloop
  endfacet
  facet normal -0.0657517 -0.499033 0.864085
    outer loop
      vertex 2 38.2346 74.8478
      vertex 1.80191 38.2607 74.8478
      vertex 2 37.7825 74.5867
    endloop
  endfacet
  facet normal -0.158854 -0.206931 0.965373
    outer loop
      vertex 1.81541 38.8154 74.9829
      vertex 1.61732 38.3372 74.8478
      vertex 1.86947 38.7739 74.9829
    endloop
  endfacet
  facet normal -0.240996 0.0998188 0.965379
    outer loop
      vertex 1.33717 43.3827 74.8478
      vertex 1.26071 43.1981 74.8478
      vertex 1.74784 43.0676 74.9829
    endloop
  endfacet
  facet normal -0.258616 0.034047 0.96538
    outer loop
      vertex 1.26071 43.1981 74.8478
      vertex 1.23463 43 74.8478
      vertex 1.74784 43.0676 74.9829
    endloop
  endfacet
  facet normal 0.89294 -0.369838 0.256669
    outer loop
      vertex 69.7848 38.5218 73.7654
      vertex 69.6002 38.0761 73.7654
      vertex 69.7172 38.0086 73.2611
    endloop
  endfacet
  facet normal 0.892898 -0.369894 0.256731
    outer loop
      vertex 69.7848 38.5218 73.7654
      vertex 69.7172 38.0086 73.2611
      vertex 69.9153 38.4868 73.2611
    endloop
  endfacet
  facet normal 0.991436 -0.130594 0
    outer loop
      vertex 69.9153 38.4868 73.2611
      vertex 69.9829 39 73
      vertex 69.9829 39 73.2611
    endloop
  endfacet
  facet normal 0.991436 -0.130594 0
    outer loop
      vertex 69.9829 39 73
      vertex 69.9153 38.4868 73.2611
      vertex 69.9153 38.4868 73
    endloop
  endfacet
  facet normal 0.793392 0.608711 0
    outer loop
      vertex 69.7172 43.9914 73.2611
      vertex 69.4021 44.4021 73
      vertex 69.4021 44.4021 73.2611
    endloop
  endfacet
  facet normal 0.793392 0.608711 0
    outer loop
      vertex 69.4021 44.4021 73
      vertex 69.7172 43.9914 73.2611
      vertex 69.7172 43.9914 73
    endloop
  endfacet
  facet normal 0.0340492 -0.258621 0.965379
    outer loop
      vertex 68 38.7389 74.9829
      vertex 68 38.2346 74.8478
      vertex 68.0676 38.7478 74.9829
    endloop
  endfacet
  facet normal 0.0998708 -0.240995 0.965374
    outer loop
      vertex 68.3827 38.3372 74.8478
      vertex 68.0676 38.7478 74.9829
      vertex 68.1981 38.2607 74.8478
    endloop
  endfacet
  facet normal 0.0340741 -0.258624 0.965377
    outer loop
      vertex 68.0676 38.7478 74.9829
      vertex 68 38.2346 74.8478
      vertex 68.1981 38.2607 74.8478
    endloop
  endfacet
  facet normal 0.158779 -0.206961 0.965379
    outer loop
      vertex 68.5412 38.4588 74.8478
      vertex 68.1846 38.8154 74.9829
      vertex 68.3827 38.3372 74.8478
    endloop
  endfacet
  facet normal -0.206967 0.158726 0.965386
    outer loop
      vertex 1.81541 43.1846 74.9829
      vertex 1.33717 43.3827 74.8478
      vertex 1.77392 43.1305 74.9829
    endloop
  endfacet
  facet normal -0.0998735 -0.240989 0.965375
    outer loop
      vertex 1.93244 38.7478 74.9829
      vertex 1.61732 38.3372 74.8478
      vertex 1.80191 38.2607 74.8478
    endloop
  endfacet
  facet normal -0.0340755 -0.258622 0.965377
    outer loop
      vertex 1.93244 38.7478 74.9829
      vertex 1.80191 38.2607 74.8478
      vertex 2 38.2346 74.8478
    endloop
  endfacet
  facet normal 0 0 1
    outer loop
      vertex 68 43.2611 74.9829
      vertex 68.2611 43 74.9829
      vertex 68.2522 43.0676 74.9829
    endloop
  endfacet
  facet normal 0 0 1
    outer loop
      vertex 68.2611 43 74.9829
      vertex 68 43.2611 74.9829
      vertex 68.2611 39 74.9829
    endloop
  endfacet
  facet normal 0 0 1
    outer loop
      vertex 68 43.2611 74.9829
      vertex 68.2522 43.0676 74.9829
      vertex 68.2261 43.1305 74.9829
    endloop
  endfacet
  facet normal 0 0 1
    outer loop
      vertex 68 38.7389 74.9829
      vertex 68.2611 39 74.9829
      vertex 68 43.2611 74.9829
    endloop
  endfacet
  facet normal 0 0 1
    outer loop
      vertex 68 43.2611 74.9829
      vertex 68.2261 43.1305 74.9829
      vertex 68.1846 43.1846 74.9829
    endloop
  endfacet
  facet normal 0 0 1
    outer loop
      vertex 68.2611 39 74.9829
      vertex 68 38.7389 74.9829
      vertex 68.2522 38.9324 74.9829
    endloop
  endfacet
  facet normal 0 0 1
    outer loop
      vertex 68 43.2611 74.9829
      vertex 68.1846 43.1846 74.9829
      vertex 68.1305 43.2261 74.9829
    endloop
  endfacet
  facet normal 0 0 1
    outer loop
      vertex 68.2522 38.9324 74.9829
      vertex 68 38.7389 74.9829
      vertex 68.2261 38.8695 74.9829
    endloop
  endfacet
  facet normal 0 0 1
    outer loop
      vertex 68 43.2611 74.9829
      vertex 68.1305 43.2261 74.9829
      vertex 68.0676 43.2522 74.9829
    endloop
  endfacet
  facet normal 0 0 1
    outer loop
      vertex 68.2261 38.8695 74.9829
      vertex 68 38.7389 74.9829
      vertex 68.1846 38.8154 74.9829
    endloop
  endfacet
  facet normal 0 0 1
    outer loop
      vertex 68.1846 38.8154 74.9829
      vertex 68 38.7389 74.9829
      vertex 68.1305 38.7739 74.9829
    endloop
  endfacet
  facet normal 0 0 1
    outer loop
      vertex 68.1305 38.7739 74.9829
      vertex 68 38.7389 74.9829
      vertex 68.0676 38.7478 74.9829
    endloop
  endfacet
  facet normal -0 0 1
    outer loop
      vertex 2 43.2611 74.9829
      vertex 68 38.7389 74.9829
      vertex 68 43.2611 74.9829
    endloop
  endfacet
  facet normal 0 0 1
    outer loop
      vertex 2 43.2611 74.9829
      vertex 2 38.7389 74.9829
      vertex 68 38.7389 74.9829
    endloop
  endfacet
  facet normal 0 0 1
    outer loop
      vertex 1.73895 43 74.9829
      vertex 2 43.2611 74.9829
      vertex 1.93244 43.2522 74.9829
    endloop
  endfacet
  facet normal 0 0 1
    outer loop
      vertex 2 43.2611 74.9829
      vertex 1.73895 43 74.9829
      vertex 2 38.7389 74.9829
    endloop
  endfacet
  facet normal 0 0 1
    outer loop
      vertex 1.73895 43 74.9829
      vertex 1.93244 43.2522 74.9829
      vertex 1.86947 43.2261 74.9829
    endloop
  endfacet
  facet normal -0 0 1
    outer loop
      vertex 1.73895 39 74.9829
      vertex 2 38.7389 74.9829
      vertex 1.73895 43 74.9829
    endloop
  endfacet
  facet normal 0 0 1
    outer loop
      vertex 1.73895 43 74.9829
      vertex 1.86947 43.2261 74.9829
      vertex 1.81541 43.1846 74.9829
    endloop
  endfacet
  facet normal 0 0 1
    outer loop
      vertex 2 38.7389 74.9829
      vertex 1.73895 39 74.9829
      vertex 1.93244 38.7478 74.9829
    endloop
  endfacet
  facet normal 0 0 1
    outer loop
      vertex 1.73895 43 74.9829
      vertex 1.81541 43.1846 74.9829
      vertex 1.77392 43.1305 74.9829
    endloop
  endfacet
  facet normal 0 0 1
    outer loop
      vertex 1.93244 38.7478 74.9829
      vertex 1.73895 39 74.9829
      vertex 1.86947 38.7739 74.9829
    endloop
  endfacet
  facet normal 0 0 1
    outer loop
      vertex 1.73895 43 74.9829
      vertex 1.77392 43.1305 74.9829
      vertex 1.74784 43.0676 74.9829
    endloop
  endfacet
  facet normal 0 0 1
    outer loop
      vertex 1.86947 38.7739 74.9829
      vertex 1.73895 39 74.9829
      vertex 1.81541 38.8154 74.9829
    endloop
  endfacet
  facet normal 0 0 1
    outer loop
      vertex 1.81541 38.8154 74.9829
      vertex 1.73895 39 74.9829
      vertex 1.77392 38.8695 74.9829
    endloop
  endfacet
  facet normal 0 0 1
    outer loop
      vertex 1.77392 38.8695 74.9829
      vertex 1.73895 39 74.9829
      vertex 1.74784 38.9324 74.9829
    endloop
  endfacet
  facet normal 0.0999694 -0.240922 0.965382
    outer loop
      vertex 68.1305 38.7739 74.9829
      vertex 68.0676 38.7478 74.9829
      vertex 68.3827 38.3372 74.8478
    endloop
  endfacet
  facet normal 1 -0 0
    outer loop
      vertex 70 37 73
      vertex 70 45 8
      vertex 70 45 73
    endloop
  endfacet
  facet normal 1 0 0
    outer loop
      vertex 70 45 8
      vertex 70 37 73
      vertex 70 37 8
    endloop
  endfacet
  facet normal 0 0 1
    outer loop
      vertex 70 45 73
      vertex 69.9829 43 73
      vertex 70 37 73
    endloop
  endfacet
  facet normal 0 0 1
    outer loop
      vertex 70 45 73
      vertex 69.9153 43.5132 73
      vertex 69.9829 43 73
    endloop
  endfacet
  facet normal 0 0 1
    outer loop
      vertex 70 45 73
      vertex 69.7172 43.9914 73
      vertex 69.9153 43.5132 73
    endloop
  endfacet
  facet normal 0 0 1
    outer loop
      vertex 70 45 73
      vertex 69.4021 44.4021 73
      vertex 69.7172 43.9914 73
    endloop
  endfacet
  facet normal 0 0 1
    outer loop
      vertex 70 45 73
      vertex 68.9914 44.7172 73
      vertex 69.4021 44.4021 73
    endloop
  endfacet
  facet normal 0 0 1
    outer loop
      vertex 70 45 73
      vertex 68.5132 44.9153 73
      vertex 68.9914 44.7172 73
    endloop
  endfacet
  facet normal 0 0 1
    outer loop
      vertex 70 45 73
      vertex 68 44.9829 73
      vertex 68.5132 44.9153 73
    endloop
  endfacet
  facet normal 0 0 1
    outer loop
      vertex 70 45 73
      vertex 2 44.9829 73
      vertex 68 44.9829 73
    endloop
  endfacet
  facet normal 0 0 1
    outer loop
      vertex 0.0171108 43 73
      vertex 0 45 73
      vertex 0.0171108 39 73
    endloop
  endfacet
  facet normal 0 0 1
    outer loop
      vertex 0.0846758 43.5132 73
      vertex 0 45 73
      vertex 0.0171108 43 73
    endloop
  endfacet
  facet normal 0 0 1
    outer loop
      vertex 0.282767 43.9914 73
      vertex 0 45 73
      vertex 0.0846758 43.5132 73
    endloop
  endfacet
  facet normal 0 0 1
    outer loop
      vertex 0.597886 44.4021 73
      vertex 0 45 73
      vertex 0.282767 43.9914 73
    endloop
  endfacet
  facet normal 0 0 1
    outer loop
      vertex 1.00856 44.7172 73
      vertex 0 45 73
      vertex 0.597886 44.4021 73
    endloop
  endfacet
  facet normal 0 0 1
    outer loop
      vertex 1.48679 44.9153 73
      vertex 0 45 73
      vertex 1.00856 44.7172 73
    endloop
  endfacet
  facet normal 0 0 1
    outer loop
      vertex 2 44.9829 73
      vertex 0 45 73
      vertex 1.48679 44.9153 73
    endloop
  endfacet
  facet normal -0 0 1
    outer loop
      vertex 0 45 73
      vertex 2 44.9829 73
      vertex 70 45 73
    endloop
  endfacet
  facet normal -0 0 1
    outer loop
      vertex 69.9829 39 73
      vertex 70 37 73
      vertex 69.9829 43 73
    endloop
  endfacet
  facet normal -0 0 1
    outer loop
      vertex 69.9153 38.4868 73
      vertex 70 37 73
      vertex 69.9829 39 73
    endloop
  endfacet
  facet normal -0 0 1
    outer loop
      vertex 69.7172 38.0086 73
      vertex 70 37 73
      vertex 69.9153 38.4868 73
    endloop
  endfacet
  facet normal -0 0 1
    outer loop
      vertex 69.4021 37.5979 73
      vertex 70 37 73
      vertex 69.7172 38.0086 73
    endloop
  endfacet
  facet normal -0 0 1
    outer loop
      vertex 68.9914 37.2828 73
      vertex 70 37 73
      vertex 69.4021 37.5979 73
    endloop
  endfacet
  facet normal -0 0 1
    outer loop
      vertex 68.5132 37.0847 73
      vertex 70 37 73
      vertex 68.9914 37.2828 73
    endloop
  endfacet
  facet normal -0 0 1
    outer loop
      vertex 68 37.0171 73
      vertex 70 37 73
      vertex 68.5132 37.0847 73
    endloop
  endfacet
  facet normal -0 0 1
    outer loop
      vertex 2 37.0171 73
      vertex 70 37 73
      vertex 68 37.0171 73
    endloop
  endfacet
  facet normal 0 0 1
    outer loop
      vertex 2 37.0171 73
      vertex 0 37 73
      vertex 70 37 73
    endloop
  endfacet
  facet normal 0 0 1
    outer loop
      vertex 1.48679 37.0847 73
      vertex 0 37 73
      vertex 2 37.0171 73
    endloop
  endfacet
  facet normal 0 0 1
    outer loop
      vertex 1.00856 37.2828 73
      vertex 0 37 73
      vertex 1.48679 37.0847 73
    endloop
  endfacet
  facet normal 0 0 1
    outer loop
      vertex 0.597886 37.5979 73
      vertex 0 37 73
      vertex 1.00856 37.2828 73
    endloop
  endfacet
  facet normal 0 0 1
    outer loop
      vertex 0.282767 38.0086 73
      vertex 0 37 73
      vertex 0.597886 37.5979 73
    endloop
  endfacet
  facet normal 0 0 1
    outer loop
      vertex 0.0846758 38.4868 73
      vertex 0 37 73
      vertex 0.282767 38.0086 73
    endloop
  endfacet
  facet normal 0 0 1
    outer loop
      vertex 0.0171108 39 73
      vertex 0 37 73
      vertex 0.0846758 38.4868 73
    endloop
  endfacet
  facet normal 0 0 1
    outer loop
      vertex 0 37 73
      vertex 0.0171108 39 73
      vertex 0 45 73
    endloop
  endfacet
  facet normal 0 0 -1
    outer loop
      vertex 0 37 8
      vertex 70 45 8
      vertex 70 37 8
    endloop
  endfacet
  facet normal -0 0 -1
    outer loop
      vertex 70 45 8
      vertex 0 37 8
      vertex 0 45 8
    endloop
  endfacet
  facet normal -1 0 0
    outer loop
      vertex 0 37 8
      vertex 0 45 73
      vertex 0 45 8
    endloop
  endfacet
  facet normal -1 -0 0
    outer loop
      vertex 0 45 73
      vertex 0 37 8
      vertex 0 37 73
    endloop
  endfacet
  facet normal 0 1 -0
    outer loop
      vertex 70 45 8
      vertex 0 45 73
      vertex 70 45 73
    endloop
  endfacet
  facet normal 0 1 0
    outer loop
      vertex 0 45 73
      vertex 70 45 8
      vertex 0 45 8
    endloop
  endfacet
  facet normal 0 -1 0
    outer loop
      vertex 0 37 8
      vertex 70 37 73
      vertex 0 37 73
    endloop
  endfacet
  facet normal 0 -1 -0
    outer loop
      vertex 70 37 73
      vertex 0 37 8
      vertex 70 37 8
    endloop
  endfacet
  facet normal 1 -0 0
    outer loop
      vertex 70 65 51
      vertex 70 73 8
      vertex 70 73 51
    endloop
  endfacet
  facet normal 1 0 0
    outer loop
      vertex 70 73 8
      vertex 70 65 51
      vertex 70 65 8
    endloop
  endfacet
  facet normal 0 0 -1
    outer loop
      vertex 0 65 8
      vertex 70 73 8
      vertex 70 65 8
    endloop
  endfacet
  facet normal -0 0 -1
    outer loop
      vertex 70 73 8
      vertex 0 65 8
      vertex 0 73 8
    endloop
  endfacet
  facet normal -1 0 0
    outer loop
      vertex 0 65 8
      vertex 0 73 51
      vertex 0 73 8
    endloop
  endfacet
  facet normal -1 -0 0
    outer loop
      vertex 0 73 51
      vertex 0 65 8
      vertex 0 65 51
    endloop
  endfacet
  facet normal 0 1 -0
    outer loop
      vertex 70 73 8
      vertex 0 73 51
      vertex 70 73 51
    endloop
  endfacet
  facet normal 0 1 0
    outer loop
      vertex 0 73 51
      vertex 70 73 8
      vertex 0 73 8
    endloop
  endfacet
  facet normal 0 -1 0
    outer loop
      vertex 0 65 8
      vertex 70 65 51
      vertex 0 65 51
    endloop
  endfacet
  facet normal 0 -1 -0
    outer loop
      vertex 70 65 51
      vertex 0 65 8
      vertex 70 65 8
    endloop
  endfacet
  facet normal -0 0 1
    outer loop
      vertex 0 73 51
      vertex 70 65 51
      vertex 70 73 51
    endloop
  endfacet
  facet normal 0 0 1
    outer loop
      vertex 70 65 51
      vertex 0 73 51
      vertex 0 65 51
    endloop
  endfacet
  facet normal -0.464917 -0.192577 0.864156
    outer loop
      vertex 1.26071 1.80191 7.84776
      vertex 0.823964 1.68488 7.58671
      vertex 0.945595 1.39124 7.58671
    endloop
  endfacet
  facet normal -0.113281 -0.860448 0.496787
    outer loop
      vertex 1.58933 0.46736 7.21752
      vertex 1.52177 0.215202 6.76537
      vertex 2 0.413294 7.21752
    endloop
  endfacet
  facet normal -0.464918 -0.192576 0.864156
    outer loop
      vertex 1.26071 1.80191 7.84776
      vertex 0.945595 1.39124 7.58671
      vertex 1.33717 1.61732 7.84776
    endloop
  endfacet
  facet normal -0.39902 0.306366 0.864247
    outer loop
      vertex 1.13908 108.861 7.58671
      vertex 0.945595 108.609 7.58671
      vertex 1.4588 108.541 7.84776
    endloop
  endfacet
  facet normal -0.498919 -0.0656864 0.864156
    outer loop
      vertex 1.23463 2 7.84776
      vertex 0.782477 2 7.58671
      vertex 1.26071 1.80191 7.84776
    endloop
  endfacet
  facet normal -0.192576 -0.464918 0.864156
    outer loop
      vertex 1.61732 1.33717 7.84776
      vertex 1.39124 0.945595 7.58671
      vertex 1.80191 1.26071 7.84776
    endloop
  endfacet
  facet normal 0 0.258971 -0.965885
    outer loop
      vertex 2 108.261 0.0171108
      vertex 68 108.765 0.152242
      vertex 68 108.261 0.0171108
    endloop
  endfacet
  facet normal 0 0.258971 -0.965885
    outer loop
      vertex 68 108.765 0.152242
      vertex 2 108.261 0.0171108
      vertex 2 108.765 0.152242
    endloop
  endfacet
  facet normal -0.498918 0.0657161 0.864154
    outer loop
      vertex 1.26071 108.198 7.84776
      vertex 0.782477 108 7.58671
      vertex 1.23463 108 7.84776
    endloop
  endfacet
  facet normal -0.0995419 0.241083 0.965386
    outer loop
      vertex 1.93244 108.252 7.98289
      vertex 1.61732 108.663 7.84776
      vertex 1.86947 108.226 7.98289
    endloop
  endfacet
  facet normal 0.958216 -0.126216 -0.256692
    outer loop
      vertex 69.9153 1.48679 1.73895
      vertex 69.8478 2 1.23463
      vertex 69.9829 2 1.73895
    endloop
  endfacet
  facet normal -0.704067 0.0926183 -0.704067
    outer loop
      vertex 0.782477 108 0.413294
      vertex 0.413294 108 0.782477
      vertex 0.46736 108.411 0.782477
    endloop
  endfacet
  facet normal -0.241048 -0.0998338 -0.965365
    outer loop
      vertex 1.77392 1.86947 0.0171108
      vertex 1.33717 1.61732 0.152242
      vertex 1.74784 1.93244 0.0171108
    endloop
  endfacet
  facet normal -0.656027 0.271406 -0.704249
    outer loop
      vertex 0.823964 108.315 0.413294
      vertex 0.46736 108.411 0.782477
      vertex 0.945595 108.609 0.413294
    endloop
  endfacet
  facet normal -0.656033 0.271408 0.704243
    outer loop
      vertex 0.945595 108.609 7.58671
      vertex 0.46736 108.411 7.21752
      vertex 0.823964 108.315 7.58671
    endloop
  endfacet
  facet normal 0.258827 0 -0.965924
    outer loop
      vertex 68.2611 2 0.0171108
      vertex 68.7654 108 0.152242
      vertex 68.7654 2 0.152242
    endloop
  endfacet
  facet normal 0.258827 0 -0.965924
    outer loop
      vertex 68.7654 108 0.152242
      vertex 68.2611 2 0.0171108
      vertex 68.2611 108 0.0171108
    endloop
  endfacet
  facet normal -0.0340555 -0.258667 0.965366
    outer loop
      vertex 1.93244 1.74784 7.98289
      vertex 1.80191 1.26071 7.84776
      vertex 2 1.23463 7.84776
    endloop
  endfacet
  facet normal -0.241185 0.0996813 0.965346
    outer loop
      vertex 1.33717 108.383 7.84776
      vertex 1.26071 108.198 7.84776
      vertex 1.74784 108.068 7.98289
    endloop
  endfacet
  facet normal -0.241039 -0.0998422 0.965366
    outer loop
      vertex 1.74784 1.93244 7.98289
      vertex 1.26071 1.80191 7.84776
      vertex 1.33717 1.61732 7.84776
    endloop
  endfacet
  facet normal 0 0 -1
    outer loop
      vertex 68 1.73895 0.0171108
      vertex 68.2611 2 0.0171108
      vertex 68.2522 1.93244 0.0171108
    endloop
  endfacet
  facet normal 0 0 -1
    outer loop
      vertex 68.2611 2 0.0171108
      vertex 1.73895 2 0.0171108
      vertex 68.2611 108 0.0171108
    endloop
  endfacet
  facet normal 0 0 -1
    outer loop
      vertex 68 1.73895 0.0171108
      vertex 68.2522 1.93244 0.0171108
      vertex 68.2261 1.86947 0.0171108
    endloop
  endfacet
  facet normal -0 0 -1
    outer loop
      vertex 68.2611 2 0.0171108
      vertex 68 1.73895 0.0171108
      vertex 1.73895 2 0.0171108
    endloop
  endfacet
  facet normal 0 0 -1
    outer loop
      vertex 68 1.73895 0.0171108
      vertex 68.2261 1.86947 0.0171108
      vertex 68.1846 1.81541 0.0171108
    endloop
  endfacet
  facet normal 0 0 -1
    outer loop
      vertex 1.73895 108 0.0171108
      vertex 68.2611 108 0.0171108
      vertex 1.73895 2 0.0171108
    endloop
  endfacet
  facet normal 0 0 -1
    outer loop
      vertex 68 1.73895 0.0171108
      vertex 68.1846 1.81541 0.0171108
      vertex 68.1305 1.77392 0.0171108
    endloop
  endfacet
  facet normal 0 0 -1
    outer loop
      vertex 68.2522 108.068 0.0171108
      vertex 68 108.261 0.0171108
      vertex 68.2261 108.131 0.0171108
    endloop
  endfacet
  facet normal 0 0 -1
    outer loop
      vertex 68 1.73895 0.0171108
      vertex 68.1305 1.77392 0.0171108
      vertex 68.0676 1.74784 0.0171108
    endloop
  endfacet
  facet normal 0 0 -1
    outer loop
      vertex 68.2261 108.131 0.0171108
      vertex 68 108.261 0.0171108
      vertex 68.1846 108.185 0.0171108
    endloop
  endfacet
  facet normal 0 0 -1
    outer loop
      vertex 68.1846 108.185 0.0171108
      vertex 68 108.261 0.0171108
      vertex 68.1305 108.226 0.0171108
    endloop
  endfacet
  facet normal 0 0 -1
    outer loop
      vertex 68.1305 108.226 0.0171108
      vertex 68 108.261 0.0171108
      vertex 68.0676 108.252 0.0171108
    endloop
  endfacet
  facet normal 0 0 -1
    outer loop
      vertex 1.73895 2 0.0171108
      vertex 68 1.73895 0.0171108
      vertex 2 1.73895 0.0171108
    endloop
  endfacet
  facet normal 0 -0 -1
    outer loop
      vertex 68 108.261 0.0171108
      vertex 68.2611 108 0.0171108
      vertex 1.73895 108 0.0171108
    endloop
  endfacet
  facet normal 0 0 -1
    outer loop
      vertex 1.73895 2 0.0171108
      vertex 2 1.73895 0.0171108
      vertex 1.93244 1.74784 0.0171108
    endloop
  endfacet
  facet normal 0 0 -1
    outer loop
      vertex 68.2611 108 0.0171108
      vertex 68 108.261 0.0171108
      vertex 68.2522 108.068 0.0171108
    endloop
  endfacet
  facet normal 0 0 -1
    outer loop
      vertex 1.73895 2 0.0171108
      vertex 1.93244 1.74784 0.0171108
      vertex 1.86947 1.77392 0.0171108
    endloop
  endfacet
  facet normal -0 0 -1
    outer loop
      vertex 68 108.261 0.0171108
      vertex 1.73895 108 0.0171108
      vertex 2 108.261 0.0171108
    endloop
  endfacet
  facet normal 0 0 -1
    outer loop
      vertex 1.73895 2 0.0171108
      vertex 1.86947 1.77392 0.0171108
      vertex 1.81541 1.81541 0.0171108
    endloop
  endfacet
  facet normal 0 0 -1
    outer loop
      vertex 2 108.261 0.0171108
      vertex 1.73895 108 0.0171108
      vertex 1.93244 108.252 0.0171108
    endloop
  endfacet
  facet normal 0 0 -1
    outer loop
      vertex 1.73895 2 0.0171108
      vertex 1.81541 1.81541 0.0171108
      vertex 1.77392 1.86947 0.0171108
    endloop
  endfacet
  facet normal 0 0 -1
    outer loop
      vertex 1.93244 108.252 0.0171108
      vertex 1.73895 108 0.0171108
      vertex 1.86947 108.226 0.0171108
    endloop
  endfacet
  facet normal 0 0 -1
    outer loop
      vertex 1.73895 2 0.0171108
      vertex 1.77392 1.86947 0.0171108
      vertex 1.74784 1.93244 0.0171108
    endloop
  endfacet
  facet normal 0 0 -1
    outer loop
      vertex 1.86947 108.226 0.0171108
      vertex 1.73895 108 0.0171108
      vertex 1.81541 108.185 0.0171108
    endloop
  endfacet
  facet normal 0 0 -1
    outer loop
      vertex 1.81541 108.185 0.0171108
      vertex 1.73895 108 0.0171108
      vertex 1.77392 108.131 0.0171108
    endloop
  endfacet
  facet normal 0 0 -1
    outer loop
      vertex 1.77392 108.131 0.0171108
      vertex 1.73895 108 0.0171108
      vertex 1.74784 108.068 0.0171108
    endloop
  endfacet
  facet normal -0.15882 -0.206989 -0.965366
    outer loop
      vertex 1.61732 1.33717 0.152242
      vertex 1.4588 1.4588 0.152242
      vertex 1.81541 1.81541 0.0171108
    endloop
  endfacet
  facet normal -0.20694 0.158999 -0.965347
    outer loop
      vertex 1.77392 108.131 0.0171108
      vertex 1.33717 108.383 0.152242
      vertex 1.81541 108.185 0.0171108
    endloop
  endfacet
  facet normal 0 0.965989 0.258583
    outer loop
      vertex 68 109.983 6.26105
      vertex 2 109.848 6.76537
      vertex 68 109.848 6.76537
    endloop
  endfacet
  facet normal 0 0.965989 0.258583
    outer loop
      vertex 2 109.848 6.76537
      vertex 68 109.983 6.26105
      vertex 2 109.983 6.26105
    endloop
  endfacet
  facet normal 0.688588 -0.528248 0.49679
    outer loop
      vertex 69.3741 1.20665 7.21752
      vertex 69.122 0.87803 7.21752
      vertex 69.3066 0.693438 6.76537
    endloop
  endfacet
  facet normal 0.15876 -0.207012 -0.965371
    outer loop
      vertex 68.3827 1.33717 0.152242
      vertex 68.1305 1.77392 0.0171108
      vertex 68.1846 1.81541 0.0171108
    endloop
  endfacet
  facet normal -0.499999 0 0.866026
    outer loop
      vertex 0.782477 108 7.58671
      vertex 1.23463 2 7.84776
      vertex 1.23463 108 7.84776
    endloop
  endfacet
  facet normal -0.499999 0 0.866026
    outer loop
      vertex 1.23463 2 7.84776
      vertex 0.782477 108 7.58671
      vertex 0.782477 2 7.58671
    endloop
  endfacet
  facet normal 0.860398 0.1134 -0.496845
    outer loop
      vertex 69.8478 108 1.23463
      vertex 69.5867 108 0.782477
      vertex 69.7848 108.478 1.23463
    endloop
  endfacet
  facet normal -0.399241 -0.306342 -0.864153
    outer loop
      vertex 1.13908 1.13908 0.413294
      vertex 0.945595 1.39124 0.413294
      vertex 1.4588 1.4588 0.152242
    endloop
  endfacet
  facet normal -0.58834 0.767034 0.255959
    outer loop
      vertex 1.00856 109.717 6.26105
      vertex 0.597886 109.402 6.26105
      vertex 0.693438 109.307 6.76537
    endloop
  endfacet
  facet normal 0.206938 0.159035 0.965342
    outer loop
      vertex 68.6628 108.383 7.84776
      vertex 68.1846 108.185 7.98289
      vertex 68.2261 108.131 7.98289
    endloop
  endfacet
  facet normal 0 1 -0
    outer loop
      vertex 68 109.983 1.73895
      vertex 2 109.983 6.26105
      vertex 68 109.983 6.26105
    endloop
  endfacet
  facet normal 0 1 0
    outer loop
      vertex 2 109.983 6.26105
      vertex 68 109.983 1.73895
      vertex 2 109.983 1.73895
    endloop
  endfacet
  facet normal 0.500043 0 0.866001
    outer loop
      vertex 68.7654 108 7.84776
      vertex 69.2175 2 7.58671
      vertex 69.2175 108 7.58671
    endloop
  endfacet
  facet normal 0.500043 0 0.866001
    outer loop
      vertex 69.2175 2 7.58671
      vertex 68.7654 108 7.84776
      vertex 68.7654 2 7.84776
    endloop
  endfacet
  facet normal 0.704004 0.0927497 0.704114
    outer loop
      vertex 69.5326 108.411 7.21752
      vertex 69.176 108.315 7.58671
      vertex 69.2175 108 7.58671
    endloop
  endfacet
  facet normal -0.0340369 -0.258665 0.965367
    outer loop
      vertex 2 1.73895 7.98289
      vertex 1.93244 1.74784 7.98289
      vertex 2 1.23463 7.84776
    endloop
  endfacet
  facet normal -0.86045 -0.11328 -0.496783
    outer loop
      vertex 0.215202 1.52177 1.23463
      vertex 0.152242 2 1.23463
      vertex 0.413294 2 0.782477
    endloop
  endfacet
  facet normal -0.126957 0.958172 0.25649
    outer loop
      vertex 2 109.983 6.26105
      vertex 1.48679 109.915 6.26105
      vertex 2 109.848 6.76537
    endloop
  endfacet
  facet normal -0.258665 -0.0340369 0.965367
    outer loop
      vertex 1.73895 2 7.98289
      vertex 1.23463 2 7.84776
      vertex 1.74784 1.93244 7.98289
    endloop
  endfacet
  facet normal -0.793355 -0.608759 0
    outer loop
      vertex 0.597886 0.597886 1.73895
      vertex 0.282767 1.00856 6.26105
      vertex 0.282767 1.00856 1.73895
    endloop
  endfacet
  facet normal -0.793355 -0.608759 0
    outer loop
      vertex 0.282767 1.00856 6.26105
      vertex 0.597886 0.597886 1.73895
      vertex 0.597886 0.597886 6.26105
    endloop
  endfacet
  facet normal 0.241187 0.0997341 -0.96534
    outer loop
      vertex 68.7393 108.198 0.152242
      vertex 68.2522 108.068 0.0171108
      vertex 68.6628 108.383 0.152242
    endloop
  endfacet
  facet normal 0.332094 -0.801841 0.496753
    outer loop
      vertex 68.9239 0.399795 6.76537
      vertex 68.4107 0.46736 7.21752
      vertex 68.4782 0.215202 6.76537
    endloop
  endfacet
  facet normal 0.80144 0.332535 -0.497105
    outer loop
      vertex 69.5326 108.411 0.782477
      vertex 69.3741 108.793 0.782477
      vertex 69.6002 108.924 1.23463
    endloop
  endfacet
  facet normal -0 0.258969 0.965886
    outer loop
      vertex 2 108.765 7.84776
      vertex 68 108.261 7.98289
      vertex 68 108.765 7.84776
    endloop
  endfacet
  facet normal 0 0.258969 0.965886
    outer loop
      vertex 68 108.261 7.98289
      vertex 2 108.765 7.84776
      vertex 2 108.261 7.98289
    endloop
  endfacet
  facet normal -0.95821 -0.12615 0.25675
    outer loop
      vertex 0.152242 2 6.76537
      vertex 0.0171108 2 6.26105
      vertex 0.0846758 1.48679 6.26105
    endloop
  endfacet
  facet normal -0.12615 -0.95821 0.25675
    outer loop
      vertex 2 0.152242 6.76537
      vertex 1.48679 0.0846758 6.26105
      vertex 2 0.0171108 6.26105
    endloop
  endfacet
  facet normal -0.704069 -0.0926939 0.704056
    outer loop
      vertex 0.782477 2 7.58671
      vertex 0.46736 1.58933 7.21752
      vertex 0.823964 1.68488 7.58671
    endloop
  endfacet
  facet normal -0.95821 -0.12615 -0.25675
    outer loop
      vertex 0.215202 1.52177 1.23463
      vertex 0.0846758 1.48679 1.73895
      vertex 0.152242 2 1.23463
    endloop
  endfacet
  facet normal -0.892907 -0.369858 -0.256752
    outer loop
      vertex 0.282767 1.00856 1.73895
      vertex 0.0846758 1.48679 1.73895
      vertex 0.215202 1.52177 1.23463
    endloop
  endfacet
  facet normal -0.500002 0 -0.866024
    outer loop
      vertex 0.782477 2 0.413294
      vertex 1.23463 108 0.152242
      vertex 1.23463 2 0.152242
    endloop
  endfacet
  facet normal -0.500002 0 -0.866024
    outer loop
      vertex 1.23463 108 0.152242
      vertex 0.782477 2 0.413294
      vertex 0.782477 108 0.413294
    endloop
  endfacet
  facet normal -0.703999 0.09272 -0.704122
    outer loop
      vertex 0.782477 108 0.413294
      vertex 0.46736 108.411 0.782477
      vertex 0.823964 108.315 0.413294
    endloop
  endfacet
  facet normal 0.113364 0.860484 -0.496704
    outer loop
      vertex 68.4782 109.785 1.23463
      vertex 68 109.587 0.782477
      vertex 68 109.848 1.23463
    endloop
  endfacet
  facet normal 0.369819 0.893168 0.2559
    outer loop
      vertex 68.5132 109.915 6.26105
      vertex 68.4782 109.785 6.76537
      vertex 68.9914 109.717 6.26105
    endloop
  endfacet
  facet normal 0.958201 0.12629 0.256713
    outer loop
      vertex 69.9153 108.513 6.26105
      vertex 69.7848 108.478 6.76537
      vertex 69.8478 108 6.76537
    endloop
  endfacet
  facet normal 0.76717 0.588097 -0.25611
    outer loop
      vertex 69.6002 108.924 1.23463
      vertex 69.3066 109.307 1.23463
      vertex 69.7172 108.991 1.73895
    endloop
  endfacet
  facet normal 0.766808 -0.588308 0.256707
    outer loop
      vertex 69.6002 1.07612 6.76537
      vertex 69.3066 0.693438 6.76537
      vertex 69.7172 1.00856 6.26105
    endloop
  endfacet
  facet normal 0.464856 -0.192651 0.864173
    outer loop
      vertex 68.7393 1.80191 7.84776
      vertex 68.6628 1.61732 7.84776
      vertex 69.0544 1.39124 7.58671
    endloop
  endfacet
  facet normal -0.271763 -0.656087 0.704056
    outer loop
      vertex 1.68488 0.823964 7.58671
      vertex 1.39124 0.945595 7.58671
      vertex 1.58933 0.46736 7.21752
    endloop
  endfacet
  facet normal -0.656087 -0.271763 0.704056
    outer loop
      vertex 0.945595 1.39124 7.58671
      vertex 0.46736 1.58933 7.21752
      vertex 0.625873 1.20665 7.21752
    endloop
  endfacet
  facet normal -0.271763 -0.656087 0.704056
    outer loop
      vertex 1.39124 0.945595 7.58671
      vertex 1.20665 0.625873 7.21752
      vertex 1.58933 0.46736 7.21752
    endloop
  endfacet
  facet normal 0.991436 -0.130592 0
    outer loop
      vertex 69.9153 1.48679 6.26105
      vertex 69.9829 2 1.73895
      vertex 69.9829 2 6.26105
    endloop
  endfacet
  facet normal 0.991436 -0.130592 0
    outer loop
      vertex 69.9829 2 1.73895
      vertex 69.9153 1.48679 6.26105
      vertex 69.9153 1.48679 1.73895
    endloop
  endfacet
  facet normal -0.0339626 0.258756 0.965346
    outer loop
      vertex 2 108.765 7.84776
      vertex 1.80191 108.739 7.84776
      vertex 1.93244 108.252 7.98289
    endloop
  endfacet
  facet normal 0.500046 0 -0.865999
    outer loop
      vertex 68.7654 2 0.152242
      vertex 69.2175 108 0.413294
      vertex 69.2175 2 0.413294
    endloop
  endfacet
  facet normal 0.500046 0 -0.865999
    outer loop
      vertex 69.2175 108 0.413294
      vertex 68.7654 2 0.152242
      vertex 68.7654 108 0.152242
    endloop
  endfacet
  facet normal -0.498921 0.0657165 -0.864152
    outer loop
      vertex 1.23463 108 0.152242
      vertex 0.782477 108 0.413294
      vertex 1.26071 108.198 0.152242
    endloop
  endfacet
  facet normal -0.399243 -0.306333 -0.864155
    outer loop
      vertex 1.4588 1.4588 0.152242
      vertex 0.945595 1.39124 0.413294
      vertex 1.33717 1.61732 0.152242
    endloop
  endfacet
  facet normal 0 -1 0
    outer loop
      vertex 2 0.0171108 1.73895
      vertex 68 0.0171108 6.26105
      vertex 2 0.0171108 6.26105
    endloop
  endfacet
  facet normal 0 -1 -0
    outer loop
      vertex 68 0.0171108 6.26105
      vertex 2 0.0171108 1.73895
      vertex 68 0.0171108 1.73895
    endloop
  endfacet
  facet normal 0.399262 -0.306272 -0.864169
    outer loop
      vertex 69.0544 1.39124 0.413294
      vertex 68.5412 1.4588 0.152242
      vertex 68.6628 1.61732 0.152242
    endloop
  endfacet
  facet normal -0.860522 0.1132 0.496676
    outer loop
      vertex 0.46736 108.411 7.21752
      vertex 0.215202 108.478 6.76537
      vertex 0.413294 108 7.21752
    endloop
  endfacet
  facet normal -0.866023 0 0.500004
    outer loop
      vertex 0.152242 2 6.76537
      vertex 0.413294 108 7.21752
      vertex 0.152242 108 6.76537
    endloop
  endfacet
  facet normal -0.866023 0 0.500004
    outer loop
      vertex 0.413294 108 7.21752
      vertex 0.152242 2 6.76537
      vertex 0.413294 2 7.21752
    endloop
  endfacet
  facet normal -0.707113 0 0.7071
    outer loop
      vertex 0.413294 2 7.21752
      vertex 0.782477 108 7.58671
      vertex 0.413294 108 7.21752
    endloop
  endfacet
  facet normal -0.707113 0 0.7071
    outer loop
      vertex 0.782477 108 7.58671
      vertex 0.413294 2 7.21752
      vertex 0.782477 2 7.58671
    endloop
  endfacet
  facet normal -0.332119 -0.801812 0.496785
    outer loop
      vertex 1.58933 0.46736 7.21752
      vertex 1.07612 0.399795 6.76537
      vertex 1.52177 0.215202 6.76537
    endloop
  endfacet
  facet normal -0.892911 -0.369853 0.256747
    outer loop
      vertex 0.399795 1.07612 6.76537
      vertex 0.215202 1.52177 6.76537
      vertex 0.282767 1.00856 6.26105
    endloop
  endfacet
  facet normal -0.0926929 -0.704069 0.704056
    outer loop
      vertex 2 0.782477 7.58671
      vertex 1.58933 0.46736 7.21752
      vertex 2 0.413294 7.21752
    endloop
  endfacet
  facet normal 0.0926862 -0.70407 0.704056
    outer loop
      vertex 68 0.782477 7.58671
      vertex 68 0.413294 7.21752
      vertex 68.4107 0.46736 7.21752
    endloop
  endfacet
  facet normal 0.113273 -0.860456 0.496775
    outer loop
      vertex 68.4107 0.46736 7.21752
      vertex 68 0.413294 7.21752
      vertex 68.4782 0.215202 6.76537
    endloop
  endfacet
  facet normal 0 0.866067 -0.499927
    outer loop
      vertex 68 109.587 0.782477
      vertex 2 109.848 1.23463
      vertex 68 109.848 1.23463
    endloop
  endfacet
  facet normal 0 0.866067 -0.499927
    outer loop
      vertex 2 109.848 1.23463
      vertex 68 109.587 0.782477
      vertex 2 109.587 0.782477
    endloop
  endfacet
  facet normal -0.76712 0.588145 -0.256147
    outer loop
      vertex 0.399795 108.924 1.23463
      vertex 0.282767 108.991 1.73895
      vertex 0.693438 109.307 1.23463
    endloop
  endfacet
  facet normal 0 0.965989 -0.258583
    outer loop
      vertex 68 109.848 1.23463
      vertex 2 109.983 1.73895
      vertex 68 109.983 1.73895
    endloop
  endfacet
  facet normal 0 0.965989 -0.258583
    outer loop
      vertex 2 109.983 1.73895
      vertex 68 109.848 1.23463
      vertex 2 109.848 1.23463
    endloop
  endfacet
  facet normal -0.860449 -0.113281 -0.496784
    outer loop
      vertex 0.46736 1.58933 0.782477
      vertex 0.215202 1.52177 1.23463
      vertex 0.413294 2 0.782477
    endloop
  endfacet
  facet normal 0.126158 -0.958207 0.256755
    outer loop
      vertex 68.4782 0.215202 6.76537
      vertex 68 0.152242 6.76537
      vertex 68.5132 0.0846758 6.26105
    endloop
  endfacet
  facet normal -0.958203 0.126201 -0.256748
    outer loop
      vertex 0.152242 108 1.23463
      vertex 0.0171108 108 1.73895
      vertex 0.0846758 108.513 1.73895
    endloop
  endfacet
  facet normal 0 -0.707107 -0.707107
    outer loop
      vertex 2 0.782477 0.413294
      vertex 68 0.413294 0.782477
      vertex 2 0.413294 0.782477
    endloop
  endfacet
  facet normal 0 -0.707107 -0.707107
    outer loop
      vertex 68 0.413294 0.782477
      vertex 2 0.782477 0.413294
      vertex 68 0.782477 0.413294
    endloop
  endfacet
  facet normal -0.704062 -0.092693 -0.704063
    outer loop
      vertex 0.823964 1.68488 0.413294
      vertex 0.46736 1.58933 0.782477
      vertex 0.782477 2 0.413294
    endloop
  endfacet
  facet normal -0.656084 0.272246 -0.703872
    outer loop
      vertex 0.945595 108.609 0.413294
      vertex 0.46736 108.411 0.782477
      vertex 0.625873 108.793 0.782477
    endloop
  endfacet
  facet normal 1 -0 0
    outer loop
      vertex 69.9829 2 6.26105
      vertex 69.9829 108 1.73895
      vertex 69.9829 108 6.26105
    endloop
  endfacet
  facet normal 1 0 0
    outer loop
      vertex 69.9829 108 1.73895
      vertex 69.9829 2 6.26105
      vertex 69.9829 2 1.73895
    endloop
  endfacet
  facet normal 0.766794 -0.588342 -0.256674
    outer loop
      vertex 69.4021 0.597886 1.73895
      vertex 69.3066 0.693438 1.23463
      vertex 69.7172 1.00856 1.73895
    endloop
  endfacet
  facet normal -0.0653942 0.498229 0.864576
    outer loop
      vertex 2 109.218 7.58671
      vertex 1.80191 108.739 7.84776
      vertex 2 108.765 7.84776
    endloop
  endfacet
  facet normal -0.465129 0.192236 0.864118
    outer loop
      vertex 1.33717 108.383 7.84776
      vertex 0.945595 108.609 7.58671
      vertex 1.26071 108.198 7.84776
    endloop
  endfacet
  facet normal -0.258697 0.0340748 0.965357
    outer loop
      vertex 1.26071 108.198 7.84776
      vertex 1.23463 108 7.84776
      vertex 1.74784 108.068 7.98289
    endloop
  endfacet
  facet normal -0.272351 0.655517 0.70436
    outer loop
      vertex 1.58933 109.533 7.21752
      vertex 1.39124 109.054 7.58671
      vertex 1.68488 109.176 7.58671
    endloop
  endfacet
  facet normal 0.113364 0.860483 0.496707
    outer loop
      vertex 68 109.848 6.76537
      vertex 68 109.587 7.21752
      vertex 68.4782 109.785 6.76537
    endloop
  endfacet
  facet normal 0.12696 0.958172 0.25649
    outer loop
      vertex 68 109.983 6.26105
      vertex 68 109.848 6.76537
      vertex 68.5132 109.915 6.26105
    endloop
  endfacet
  facet normal 0.126269 0.958442 0.255823
    outer loop
      vertex 68.5132 109.915 6.26105
      vertex 68 109.848 6.76537
      vertex 68.4782 109.785 6.76537
    endloop
  endfacet
  facet normal -0.158818 -0.206987 0.965367
    outer loop
      vertex 1.81541 1.81541 7.98289
      vertex 1.4588 1.4588 7.84776
      vertex 1.61732 1.33717 7.84776
    endloop
  endfacet
  facet normal -0.399241 -0.306332 0.864157
    outer loop
      vertex 1.33717 1.61732 7.84776
      vertex 0.945595 1.39124 7.58671
      vertex 1.4588 1.4588 7.84776
    endloop
  endfacet
  facet normal -0.0998422 -0.241039 0.965366
    outer loop
      vertex 1.93244 1.74784 7.98289
      vertex 1.61732 1.33717 7.84776
      vertex 1.80191 1.26071 7.84776
    endloop
  endfacet
  facet normal -0.241046 -0.099833 0.965365
    outer loop
      vertex 1.74784 1.93244 7.98289
      vertex 1.33717 1.61732 7.84776
      vertex 1.77392 1.86947 7.98289
    endloop
  endfacet
  facet normal -0.369853 -0.892911 0.256747
    outer loop
      vertex 1.07612 0.399795 6.76537
      vertex 1.00856 0.282767 6.26105
      vertex 1.52177 0.215202 6.76537
    endloop
  endfacet
  facet normal -0.801807 -0.332123 0.496789
    outer loop
      vertex 0.46736 1.58933 7.21752
      vertex 0.399795 1.07612 6.76537
      vertex 0.625873 1.20665 7.21752
    endloop
  endfacet
  facet normal -0.965926 0 0.258817
    outer loop
      vertex 0.0171108 2 6.26105
      vertex 0.152242 108 6.76537
      vertex 0.0171108 108 6.26105
    endloop
  endfacet
  facet normal -0.965926 0 0.258817
    outer loop
      vertex 0.152242 108 6.76537
      vertex 0.0171108 2 6.26105
      vertex 0.152242 2 6.76537
    endloop
  endfacet
  facet normal 0 -0.866023 0.500004
    outer loop
      vertex 2 0.152242 6.76537
      vertex 68 0.413294 7.21752
      vertex 2 0.413294 7.21752
    endloop
  endfacet
  facet normal 0 -0.866023 0.500004
    outer loop
      vertex 68 0.413294 7.21752
      vertex 2 0.152242 6.76537
      vertex 68 0.152242 6.76537
    endloop
  endfacet
  facet normal -0.306332 -0.399241 0.864157
    outer loop
      vertex 1.4588 1.4588 7.84776
      vertex 1.39124 0.945595 7.58671
      vertex 1.61732 1.33717 7.84776
    endloop
  endfacet
  facet normal -0.432303 -0.5634 0.704056
    outer loop
      vertex 1.39124 0.945595 7.58671
      vertex 1.13908 1.13908 7.58671
      vertex 1.20665 0.625873 7.21752
    endloop
  endfacet
  facet normal 0.965941 -0 0.258762
    outer loop
      vertex 69.8478 2 6.76537
      vertex 69.9829 108 6.26105
      vertex 69.8478 108 6.76537
    endloop
  endfacet
  facet normal 0.965941 0 0.258762
    outer loop
      vertex 69.9829 108 6.26105
      vertex 69.8478 2 6.76537
      vertex 69.9829 2 6.26105
    endloop
  endfacet
  facet normal 0.766794 -0.588342 0.256674
    outer loop
      vertex 69.7172 1.00856 6.26105
      vertex 69.3066 0.693438 6.76537
      vertex 69.4021 0.597886 6.26105
    endloop
  endfacet
  facet normal 0.958211 -0.126231 0.256706
    outer loop
      vertex 69.8478 2 6.76537
      vertex 69.7848 1.52177 6.76537
      vertex 69.9153 1.48679 6.26105
    endloop
  endfacet
  facet normal 0.991429 0.130644 0
    outer loop
      vertex 69.9829 108 6.26105
      vertex 69.9153 108.513 1.73895
      vertex 69.9153 108.513 6.26105
    endloop
  endfacet
  facet normal 0.991429 0.130644 0
    outer loop
      vertex 69.9153 108.513 1.73895
      vertex 69.9829 108 6.26105
      vertex 69.9829 108 1.73895
    endloop
  endfacet
  facet normal 0.0656834 -0.498922 -0.864154
    outer loop
      vertex 68.1981 1.26071 0.152242
      vertex 68 0.782477 0.413294
      vertex 68 1.23463 0.152242
    endloop
  endfacet
  facet normal 0 0.4993 -0.866429
    outer loop
      vertex 2 108.765 0.152242
      vertex 68 109.218 0.413294
      vertex 68 108.765 0.152242
    endloop
  endfacet
  facet normal 0 0.4993 -0.866429
    outer loop
      vertex 68 109.218 0.413294
      vertex 2 108.765 0.152242
      vertex 2 109.218 0.413294
    endloop
  endfacet
  facet normal 0.369819 0.893168 -0.2559
    outer loop
      vertex 68.9914 109.717 1.73895
      vertex 68.4782 109.785 1.23463
      vertex 68.5132 109.915 1.73895
    endloop
  endfacet
  facet normal -0.305781 0.399512 -0.864227
    outer loop
      vertex 1.4588 108.541 0.152242
      vertex 1.13908 108.861 0.413294
      vertex 1.39124 109.054 0.413294
    endloop
  endfacet
  facet normal 0.0340543 -0.258672 -0.965365
    outer loop
      vertex 68.1981 1.26071 0.152242
      vertex 68 1.23463 0.152242
      vertex 68.0676 1.74784 0.0171108
    endloop
  endfacet
  facet normal 0.241081 0.0998766 -0.965352
    outer loop
      vertex 68.2522 108.068 0.0171108
      vertex 68.2261 108.131 0.0171108
      vertex 68.6628 108.383 0.152242
    endloop
  endfacet
  facet normal 0.0664497 0.498531 -0.864321
    outer loop
      vertex 68.1981 108.739 0.152242
      vertex 68 109.218 0.413294
      vertex 68.3151 109.176 0.413294
    endloop
  endfacet
  facet normal 0.0999203 -0.240989 -0.965371
    outer loop
      vertex 68.3827 1.33717 0.152242
      vertex 68.0676 1.74784 0.0171108
      vertex 68.1305 1.77392 0.0171108
    endloop
  endfacet
  facet normal 0.793373 -0.608736 0
    outer loop
      vertex 69.4021 0.597886 6.26105
      vertex 69.7172 1.00856 1.73895
      vertex 69.7172 1.00856 6.26105
    endloop
  endfacet
  facet normal 0.793373 -0.608736 0
    outer loop
      vertex 69.7172 1.00856 1.73895
      vertex 69.4021 0.597886 6.26105
      vertex 69.4021 0.597886 1.73895
    endloop
  endfacet
  facet normal -0.12615 -0.95821 -0.25675
    outer loop
      vertex 2 0.0171108 1.73895
      vertex 1.48679 0.0846758 1.73895
      vertex 2 0.152242 1.23463
    endloop
  endfacet
  facet normal -0.206989 -0.15882 -0.965366
    outer loop
      vertex 1.4588 1.4588 0.152242
      vertex 1.33717 1.61732 0.152242
      vertex 1.81541 1.81541 0.0171108
    endloop
  endfacet
  facet normal 0.258677 -0.0340767 -0.965363
    outer loop
      vertex 68.7654 2 0.152242
      vertex 68.2522 1.93244 0.0171108
      vertex 68.2611 2 0.0171108
    endloop
  endfacet
  facet normal 0.0340171 -0.258668 -0.965367
    outer loop
      vertex 68.0676 1.74784 0.0171108
      vertex 68 1.23463 0.152242
      vertex 68 1.73895 0.0171108
    endloop
  endfacet
  facet normal -0.95821 -0.12615 0.25675
    outer loop
      vertex 0.152242 2 6.76537
      vertex 0.0846758 1.48679 6.26105
      vertex 0.215202 1.52177 6.76537
    endloop
  endfacet
  facet normal -0.498919 -0.065685 0.864156
    outer loop
      vertex 1.26071 1.80191 7.84776
      vertex 0.782477 2 7.58671
      vertex 0.823964 1.68488 7.58671
    endloop
  endfacet
  facet normal -0.860443 0.113334 0.496783
    outer loop
      vertex 0.215202 108.478 6.76537
      vertex 0.152242 108 6.76537
      vertex 0.413294 108 7.21752
    endloop
  endfacet
  facet normal -0.704074 0.0926191 0.704061
    outer loop
      vertex 0.46736 108.411 7.21752
      vertex 0.413294 108 7.21752
      vertex 0.782477 108 7.58671
    endloop
  endfacet
  facet normal -0.704006 0.0927209 0.704116
    outer loop
      vertex 0.823964 108.315 7.58671
      vertex 0.46736 108.411 7.21752
      vertex 0.782477 108 7.58671
    endloop
  endfacet
  facet normal 0.588338 -0.766791 0.256691
    outer loop
      vertex 69.3066 0.693438 6.76537
      vertex 68.9914 0.282767 6.26105
      vertex 69.4021 0.597886 6.26105
    endloop
  endfacet
  facet normal 0.588349 -0.766786 0.25668
    outer loop
      vertex 69.3066 0.693438 6.76537
      vertex 68.9239 0.399795 6.76537
      vertex 68.9914 0.282767 6.26105
    endloop
  endfacet
  facet normal 0.369822 -0.892936 0.256705
    outer loop
      vertex 68.9239 0.399795 6.76537
      vertex 68.4782 0.215202 6.76537
      vertex 68.9914 0.282767 6.26105
    endloop
  endfacet
  facet normal 0.113287 -0.860448 0.496786
    outer loop
      vertex 68 0.413294 7.21752
      vertex 68 0.152242 6.76537
      vertex 68.4782 0.215202 6.76537
    endloop
  endfacet
  facet normal 0.56342 -0.432226 0.704087
    outer loop
      vertex 69.3741 1.20665 7.21752
      vertex 68.8609 1.13908 7.58671
      vertex 69.122 0.87803 7.21752
    endloop
  endfacet
  facet normal 0.332112 -0.801823 0.496771
    outer loop
      vertex 68.7934 0.625873 7.21752
      vertex 68.4107 0.46736 7.21752
      vertex 68.9239 0.399795 6.76537
    endloop
  endfacet
  facet normal -0.370551 0.892628 -0.256726
    outer loop
      vertex 1.07612 109.6 1.23463
      vertex 1.00856 109.717 1.73895
      vertex 1.52177 109.785 1.23463
    endloop
  endfacet
  facet normal -0.892842 0.370009 -0.256761
    outer loop
      vertex 0.215202 108.478 1.23463
      vertex 0.0846758 108.513 1.73895
      vertex 0.282767 108.991 1.73895
    endloop
  endfacet
  facet normal -0.43217 0.563571 0.704001
    outer loop
      vertex 1.20665 109.374 7.21752
      vertex 0.87803 109.122 7.21752
      vertex 1.13908 108.861 7.58671
    endloop
  endfacet
  facet normal -0.431457 0.563711 0.704326
    outer loop
      vertex 1.20665 109.374 7.21752
      vertex 1.13908 108.861 7.58671
      vertex 1.39124 109.054 7.58671
    endloop
  endfacet
  facet normal -0.382536 0.923941 0
    outer loop
      vertex 1.48679 109.915 1.73895
      vertex 1.00856 109.717 6.26105
      vertex 1.48679 109.915 6.26105
    endloop
  endfacet
  facet normal -0.382536 0.923941 0
    outer loop
      vertex 1.00856 109.717 6.26105
      vertex 1.48679 109.915 1.73895
      vertex 1.00856 109.717 1.73895
    endloop
  endfacet
  facet normal -0.3698 0.89318 -0.255887
    outer loop
      vertex 1.52177 109.785 1.23463
      vertex 1.00856 109.717 1.73895
      vertex 1.48679 109.915 1.73895
    endloop
  endfacet
  facet normal -0.587545 0.767382 -0.256738
    outer loop
      vertex 1.07612 109.6 1.23463
      vertex 0.693438 109.307 1.23463
      vertex 1.00856 109.717 1.73895
    endloop
  endfacet
  facet normal -0.965926 0 -0.258817
    outer loop
      vertex 0.152242 2 1.23463
      vertex 0.0171108 108 1.73895
      vertex 0.152242 108 1.23463
    endloop
  endfacet
  facet normal -0.965926 -0 -0.258817
    outer loop
      vertex 0.0171108 108 1.73895
      vertex 0.152242 2 1.23463
      vertex 0.0171108 2 1.73895
    endloop
  endfacet
  facet normal -0.991438 0.130578 0
    outer loop
      vertex 0.0171108 108 1.73895
      vertex 0.0846758 108.513 6.26105
      vertex 0.0846758 108.513 1.73895
    endloop
  endfacet
  facet normal -0.991438 0.130578 0
    outer loop
      vertex 0.0846758 108.513 6.26105
      vertex 0.0171108 108 1.73895
      vertex 0.0171108 108 6.26105
    endloop
  endfacet
  facet normal 0.206939 0.159037 -0.965341
    outer loop
      vertex 68.2261 108.131 0.0171108
      vertex 68.1846 108.185 0.0171108
      vertex 68.6628 108.383 0.152242
    endloop
  endfacet
  facet normal 0.159251 0.206896 -0.965315
    outer loop
      vertex 68.5412 108.541 0.152242
      vertex 68.1846 108.185 0.0171108
      vertex 68.3827 108.663 0.152242
    endloop
  endfacet
  facet normal -0.707107 0 -0.707107
    outer loop
      vertex 0.782477 2 0.413294
      vertex 0.413294 108 0.782477
      vertex 0.782477 108 0.413294
    endloop
  endfacet
  facet normal -0.707107 -0 -0.707107
    outer loop
      vertex 0.413294 108 0.782477
      vertex 0.782477 2 0.413294
      vertex 0.413294 2 0.782477
    endloop
  endfacet
  facet normal -0.258817 0 -0.965926
    outer loop
      vertex 1.23463 2 0.152242
      vertex 1.73895 108 0.0171108
      vertex 1.73895 2 0.0171108
    endloop
  endfacet
  facet normal -0.258817 0 -0.965926
    outer loop
      vertex 1.73895 108 0.0171108
      vertex 1.23463 2 0.152242
      vertex 1.23463 108 0.152242
    endloop
  endfacet
  facet normal 0.688589 -0.528249 -0.496788
    outer loop
      vertex 69.3066 0.693438 1.23463
      vertex 69.122 0.87803 0.782477
      vertex 69.3741 1.20665 0.782477
    endloop
  endfacet
  facet normal -0.801446 0.332564 -0.497078
    outer loop
      vertex 0.46736 108.411 0.782477
      vertex 0.399795 108.924 1.23463
      vertex 0.625873 108.793 0.782477
    endloop
  endfacet
  facet normal -0.860524 0.1132 -0.496673
    outer loop
      vertex 0.413294 108 0.782477
      vertex 0.215202 108.478 1.23463
      vertex 0.46736 108.411 0.782477
    endloop
  endfacet
  facet normal 0.258679 0.0338565 -0.96537
    outer loop
      vertex 68.2611 108 0.0171108
      vertex 68.2522 108.068 0.0171108
      vertex 68.7654 108 0.152242
    endloop
  endfacet
  facet normal 0.258707 0.0341023 -0.965354
    outer loop
      vertex 68.7654 108 0.152242
      vertex 68.2522 108.068 0.0171108
      vertex 68.7393 108.198 0.152242
    endloop
  endfacet
  facet normal -0.498916 0.0657097 0.864155
    outer loop
      vertex 0.823964 108.315 7.58671
      vertex 0.782477 108 7.58671
      vertex 1.26071 108.198 7.84776
    endloop
  endfacet
  facet normal -0.46499 0.192371 0.864163
    outer loop
      vertex 0.945595 108.609 7.58671
      vertex 0.823964 108.315 7.58671
      vertex 1.26071 108.198 7.84776
    endloop
  endfacet
  facet normal -0.258667 0.0338169 0.965374
    outer loop
      vertex 1.74784 108.068 7.98289
      vertex 1.23463 108 7.84776
      vertex 1.73895 108 7.98289
    endloop
  endfacet
  facet normal -0.099833 -0.241046 0.965365
    outer loop
      vertex 1.86947 1.77392 7.98289
      vertex 1.61732 1.33717 7.84776
      vertex 1.93244 1.74784 7.98289
    endloop
  endfacet
  facet normal -0 0.499297 0.866431
    outer loop
      vertex 2 109.218 7.58671
      vertex 68 108.765 7.84776
      vertex 68 109.218 7.58671
    endloop
  endfacet
  facet normal 0 0.499297 0.866431
    outer loop
      vertex 68 108.765 7.84776
      vertex 2 109.218 7.58671
      vertex 2 108.765 7.84776
    endloop
  endfacet
  facet normal 0.258676 0.0338562 0.965371
    outer loop
      vertex 68.7654 108 7.84776
      vertex 68.2522 108.068 7.98289
      vertex 68.2611 108 7.98289
    endloop
  endfacet
  facet normal 0.465036 0.192341 0.864145
    outer loop
      vertex 69.0544 108.609 7.58671
      vertex 68.7393 108.198 7.84776
      vertex 69.176 108.315 7.58671
    endloop
  endfacet
  facet normal 0.704054 0.0926748 0.704073
    outer loop
      vertex 69.5326 108.411 7.21752
      vertex 69.2175 108 7.58671
      vertex 69.5867 108 7.21752
    endloop
  endfacet
  facet normal 0.065391 0.498229 0.864576
    outer loop
      vertex 68 109.218 7.58671
      vertex 68 108.765 7.84776
      vertex 68.1981 108.739 7.84776
    endloop
  endfacet
  facet normal 0.272346 0.655514 -0.704365
    outer loop
      vertex 68.6088 109.054 0.413294
      vertex 68.4107 109.533 0.782477
      vertex 68.7934 109.374 0.782477
    endloop
  endfacet
  facet normal 0.892847 0.370027 0.256717
    outer loop
      vertex 69.9153 108.513 6.26105
      vertex 69.7172 108.991 6.26105
      vertex 69.7848 108.478 6.76537
    endloop
  endfacet
  facet normal 0.923807 0.382858 0
    outer loop
      vertex 69.9153 108.513 6.26105
      vertex 69.7172 108.991 1.73895
      vertex 69.7172 108.991 6.26105
    endloop
  endfacet
  facet normal 0.923807 0.382858 0
    outer loop
      vertex 69.7172 108.991 1.73895
      vertex 69.9153 108.513 6.26105
      vertex 69.9153 108.513 1.73895
    endloop
  endfacet
  facet normal 0.12696 0.958172 -0.25649
    outer loop
      vertex 68.5132 109.915 1.73895
      vertex 68 109.848 1.23463
      vertex 68 109.983 1.73895
    endloop
  endfacet
  facet normal 0.37052 0.892653 -0.256683
    outer loop
      vertex 68.9239 109.6 1.23463
      vertex 68.4782 109.785 1.23463
      vertex 68.9914 109.717 1.73895
    endloop
  endfacet
  facet normal 0.0926988 -0.704061 0.704063
    outer loop
      vertex 68.3151 0.823964 7.58671
      vertex 68 0.782477 7.58671
      vertex 68.4107 0.46736 7.21752
    endloop
  endfacet
  facet normal 0.0344576 0.258815 0.965312
    outer loop
      vertex 68 108.765 7.84776
      vertex 68 108.261 7.98289
      vertex 68.0676 108.252 7.98289
    endloop
  endfacet
  facet normal 0.0339612 0.258758 0.965345
    outer loop
      vertex 68.1981 108.739 7.84776
      vertex 68 108.765 7.84776
      vertex 68.0676 108.252 7.98289
    endloop
  endfacet
  facet normal -0.258815 0 0.965927
    outer loop
      vertex 1.23463 108 7.84776
      vertex 1.73895 2 7.98289
      vertex 1.73895 108 7.98289
    endloop
  endfacet
  facet normal -0.258815 0 0.965927
    outer loop
      vertex 1.73895 2 7.98289
      vertex 1.23463 108 7.84776
      vertex 1.23463 2 7.84776
    endloop
  endfacet
  facet normal -0.332123 -0.801807 0.496789
    outer loop
      vertex 1.20665 0.625873 7.21752
      vertex 1.07612 0.399795 6.76537
      vertex 1.58933 0.46736 7.21752
    endloop
  endfacet
  facet normal -0.588356 -0.766759 0.256745
    outer loop
      vertex 1.07612 0.399795 6.76537
      vertex 0.693438 0.693438 6.76537
      vertex 1.00856 0.282767 6.26105
    endloop
  endfacet
  facet normal -0.11328 -0.860448 0.496786
    outer loop
      vertex 2 0.413294 7.21752
      vertex 1.52177 0.215202 6.76537
      vertex 2 0.152242 6.76537
    endloop
  endfacet
  facet normal 0 -0.707113 0.7071
    outer loop
      vertex 2 0.413294 7.21752
      vertex 68 0.782477 7.58671
      vertex 2 0.782477 7.58671
    endloop
  endfacet
  facet normal 0 -0.707113 0.7071
    outer loop
      vertex 68 0.782477 7.58671
      vertex 2 0.413294 7.21752
      vertex 68 0.413294 7.21752
    endloop
  endfacet
  facet normal -0.30634 -0.399239 0.864155
    outer loop
      vertex 1.4588 1.4588 7.84776
      vertex 1.13908 1.13908 7.58671
      vertex 1.39124 0.945595 7.58671
    endloop
  endfacet
  facet normal -0.399239 -0.30634 0.864155
    outer loop
      vertex 1.4588 1.4588 7.84776
      vertex 0.945595 1.39124 7.58671
      vertex 1.13908 1.13908 7.58671
    endloop
  endfacet
  facet normal -0.0926939 -0.704069 0.704056
    outer loop
      vertex 1.68488 0.823964 7.58671
      vertex 1.58933 0.46736 7.21752
      vertex 2 0.782477 7.58671
    endloop
  endfacet
  facet normal -0.192577 -0.464917 0.864156
    outer loop
      vertex 1.80191 1.26071 7.84776
      vertex 1.39124 0.945595 7.58671
      vertex 1.68488 0.823964 7.58671
    endloop
  endfacet
  facet normal 0.958216 -0.126216 0.256692
    outer loop
      vertex 69.9829 2 6.26105
      vertex 69.8478 2 6.76537
      vertex 69.9153 1.48679 6.26105
    endloop
  endfacet
  facet normal 0.892912 -0.369876 0.256709
    outer loop
      vertex 69.7848 1.52177 6.76537
      vertex 69.7172 1.00856 6.26105
      vertex 69.9153 1.48679 6.26105
    endloop
  endfacet
  facet normal 0.52832 -0.688551 0.496764
    outer loop
      vertex 69.3066 0.693438 6.76537
      vertex 68.7934 0.625873 7.21752
      vertex 68.9239 0.399795 6.76537
    endloop
  endfacet
  facet normal 0.126152 -0.958209 0.25675
    outer loop
      vertex 68 0.152242 6.76537
      vertex 68 0.0171108 6.26105
      vertex 68.5132 0.0846758 6.26105
    endloop
  endfacet
  facet normal 0.0937647 0.703458 -0.704525
    outer loop
      vertex 68.3151 109.176 0.413294
      vertex 68 109.218 0.413294
      vertex 68.4107 109.533 0.782477
    endloop
  endfacet
  facet normal 0.126269 0.958442 -0.255823
    outer loop
      vertex 68.4782 109.785 1.23463
      vertex 68 109.848 1.23463
      vertex 68.5132 109.915 1.73895
    endloop
  endfacet
  facet normal -0.0344782 0.258817 -0.965311
    outer loop
      vertex 2 108.261 0.0171108
      vertex 1.93244 108.252 0.0171108
      vertex 2 108.765 0.152242
    endloop
  endfacet
  facet normal 0.206865 0.159208 -0.965329
    outer loop
      vertex 68.6628 108.383 0.152242
      vertex 68.1846 108.185 0.0171108
      vertex 68.5412 108.541 0.152242
    endloop
  endfacet
  facet normal -0.0653946 0.498232 -0.864574
    outer loop
      vertex 2 108.765 0.152242
      vertex 1.80191 108.739 0.152242
      vertex 2 109.218 0.413294
    endloop
  endfacet
  facet normal 0.0993234 0.241251 -0.965367
    outer loop
      vertex 68.3827 108.663 0.152242
      vertex 68.0676 108.252 0.0171108
      vertex 68.1981 108.739 0.152242
    endloop
  endfacet
  facet normal -0.20684 0.159228 -0.965331
    outer loop
      vertex 1.81541 108.185 0.0171108
      vertex 1.33717 108.383 0.152242
      vertex 1.4588 108.541 0.152242
    endloop
  endfacet
  facet normal 0.113155 0.860608 -0.496538
    outer loop
      vertex 68.4107 109.533 0.782477
      vertex 68 109.587 0.782477
      vertex 68.4782 109.785 1.23463
    endloop
  endfacet
  facet normal -0.527612 0.689105 -0.49675
    outer loop
      vertex 1.20665 109.374 0.782477
      vertex 0.693438 109.307 1.23463
      vertex 1.07612 109.6 1.23463
    endloop
  endfacet
  facet normal 0.465069 0.192312 -0.864133
    outer loop
      vertex 68.7393 108.198 0.152242
      vertex 68.6628 108.383 0.152242
      vertex 69.0544 108.609 0.413294
    endloop
  endfacet
  facet normal 0.39887 0.306979 -0.864099
    outer loop
      vertex 68.6628 108.383 0.152242
      vertex 68.5412 108.541 0.152242
      vertex 69.0544 108.609 0.413294
    endloop
  endfacet
  facet normal 0.892847 0.370027 -0.256717
    outer loop
      vertex 69.7848 108.478 1.23463
      vertex 69.7172 108.991 1.73895
      vertex 69.9153 108.513 1.73895
    endloop
  endfacet
  facet normal 0.865984 0 -0.500071
    outer loop
      vertex 69.8478 2 1.23463
      vertex 69.5867 108 0.782477
      vertex 69.8478 108 1.23463
    endloop
  endfacet
  facet normal 0.865984 0 -0.500071
    outer loop
      vertex 69.5867 108 0.782477
      vertex 69.8478 2 1.23463
      vertex 69.5867 2 0.782477
    endloop
  endfacet
  facet normal -0.801813 -0.33212 -0.496782
    outer loop
      vertex 0.399795 1.07612 1.23463
      vertex 0.215202 1.52177 1.23463
      vertex 0.46736 1.58933 0.782477
    endloop
  endfacet
  facet normal 0.369822 -0.892936 -0.256705
    outer loop
      vertex 68.9914 0.282767 1.73895
      vertex 68.4782 0.215202 1.23463
      vertex 68.9239 0.399795 1.23463
    endloop
  endfacet
  facet normal -0.923878 -0.382686 0
    outer loop
      vertex 0.282767 1.00856 1.73895
      vertex 0.0846758 1.48679 6.26105
      vertex 0.0846758 1.48679 1.73895
    endloop
  endfacet
  facet normal -0.923878 -0.382686 0
    outer loop
      vertex 0.0846758 1.48679 6.26105
      vertex 0.282767 1.00856 1.73895
      vertex 0.282767 1.00856 6.26105
    endloop
  endfacet
  facet normal -0.704069 -0.0926929 0.704056
    outer loop
      vertex 0.782477 2 7.58671
      vertex 0.413294 2 7.21752
      vertex 0.46736 1.58933 7.21752
    endloop
  endfacet
  facet normal 0.588338 -0.766791 -0.256691
    outer loop
      vertex 69.4021 0.597886 1.73895
      vertex 68.9914 0.282767 1.73895
      vertex 69.3066 0.693438 1.23463
    endloop
  endfacet
  facet normal 0.528342 -0.688512 0.496795
    outer loop
      vertex 69.122 0.87803 7.21752
      vertex 68.7934 0.625873 7.21752
      vertex 69.3066 0.693438 6.76537
    endloop
  endfacet
  facet normal 0 -0.258815 0.965927
    outer loop
      vertex 2 1.73895 7.98289
      vertex 68 1.23463 7.84776
      vertex 68 1.73895 7.98289
    endloop
  endfacet
  facet normal 0 -0.258815 0.965927
    outer loop
      vertex 68 1.23463 7.84776
      vertex 2 1.73895 7.98289
      vertex 2 1.23463 7.84776
    endloop
  endfacet
  facet normal -0.563553 0.432695 0.703692
    outer loop
      vertex 1.13908 108.861 7.58671
      vertex 0.625873 108.793 7.21752
      vertex 0.945595 108.609 7.58671
    endloop
  endfacet
  facet normal -0.305779 0.39951 0.864229
    outer loop
      vertex 1.39124 109.054 7.58671
      vertex 1.13908 108.861 7.58671
      vertex 1.4588 108.541 7.84776
    endloop
  endfacet
  facet normal -0.3698 0.89318 0.255887
    outer loop
      vertex 1.48679 109.915 6.26105
      vertex 1.00856 109.717 6.26105
      vertex 1.52177 109.785 6.76537
    endloop
  endfacet
  facet normal -0.131351 0.991336 0
    outer loop
      vertex 2 109.983 1.73895
      vertex 1.48679 109.915 6.26105
      vertex 2 109.983 6.26105
    endloop
  endfacet
  facet normal -0.131351 0.991336 0
    outer loop
      vertex 1.48679 109.915 6.26105
      vertex 2 109.983 1.73895
      vertex 1.48679 109.915 1.73895
    endloop
  endfacet
  facet normal -0.126957 0.958172 -0.25649
    outer loop
      vertex 2 109.848 1.23463
      vertex 1.48679 109.915 1.73895
      vertex 2 109.983 1.73895
    endloop
  endfacet
  facet normal -0.498919 0.06571 -0.864154
    outer loop
      vertex 1.26071 108.198 0.152242
      vertex 0.782477 108 0.413294
      vertex 0.823964 108.315 0.413294
    endloop
  endfacet
  facet normal -0.464992 0.192372 -0.864161
    outer loop
      vertex 1.26071 108.198 0.152242
      vertex 0.823964 108.315 0.413294
      vertex 0.945595 108.609 0.413294
    endloop
  endfacet
  facet normal -0.9582 0.12621 -0.256757
    outer loop
      vertex 0.152242 108 1.23463
      vertex 0.0846758 108.513 1.73895
      vertex 0.215202 108.478 1.23463
    endloop
  endfacet
  facet normal -1 0 0
    outer loop
      vertex 0.0171108 2 1.73895
      vertex 0.0171108 108 6.26105
      vertex 0.0171108 108 1.73895
    endloop
  endfacet
  facet normal -1 -0 0
    outer loop
      vertex 0.0171108 108 6.26105
      vertex 0.0171108 2 1.73895
      vertex 0.0171108 2 6.26105
    endloop
  endfacet
  facet normal -0.958203 0.126201 0.256748
    outer loop
      vertex 0.0846758 108.513 6.26105
      vertex 0.0171108 108 6.26105
      vertex 0.152242 108 6.76537
    endloop
  endfacet
  facet normal -0.9582 0.12621 0.256757
    outer loop
      vertex 0.215202 108.478 6.76537
      vertex 0.0846758 108.513 6.26105
      vertex 0.152242 108 6.76537
    endloop
  endfacet
  facet normal -0.58834 0.767034 -0.255959
    outer loop
      vertex 0.693438 109.307 1.23463
      vertex 0.597886 109.402 1.73895
      vertex 1.00856 109.717 1.73895
    endloop
  endfacet
  facet normal -0.398851 0.30704 -0.864086
    outer loop
      vertex 1.33717 108.383 0.152242
      vertex 0.945595 108.609 0.413294
      vertex 1.4588 108.541 0.152242
    endloop
  endfacet
  facet normal -0.241041 -0.099843 -0.965365
    outer loop
      vertex 1.33717 1.61732 0.152242
      vertex 1.26071 1.80191 0.152242
      vertex 1.74784 1.93244 0.0171108
    endloop
  endfacet
  facet normal -0.498922 -0.0656853 -0.864154
    outer loop
      vertex 0.823964 1.68488 0.413294
      vertex 0.782477 2 0.413294
      vertex 1.26071 1.80191 0.152242
    endloop
  endfacet
  facet normal -0.0339629 0.258758 -0.965345
    outer loop
      vertex 1.93244 108.252 0.0171108
      vertex 1.80191 108.739 0.152242
      vertex 2 108.765 0.152242
    endloop
  endfacet
  facet normal -0.258699 0.0340751 -0.965357
    outer loop
      vertex 1.74784 108.068 0.0171108
      vertex 1.23463 108 0.152242
      vertex 1.26071 108.198 0.152242
    endloop
  endfacet
  facet normal -0.704063 -0.0926921 -0.704063
    outer loop
      vertex 0.46736 1.58933 0.782477
      vertex 0.413294 2 0.782477
      vertex 0.782477 2 0.413294
    endloop
  endfacet
  facet normal -0.656081 -0.271761 -0.704062
    outer loop
      vertex 0.945595 1.39124 0.413294
      vertex 0.46736 1.58933 0.782477
      vertex 0.823964 1.68488 0.413294
    endloop
  endfacet
  facet normal -0.802062 0.331962 -0.496486
    outer loop
      vertex 0.46736 108.411 0.782477
      vertex 0.215202 108.478 1.23463
      vertex 0.399795 108.924 1.23463
    endloop
  endfacet
  facet normal 0.27175 -0.65609 0.704058
    outer loop
      vertex 68.6088 0.945595 7.58671
      vertex 68.4107 0.46736 7.21752
      vertex 68.7934 0.625873 7.21752
    endloop
  endfacet
  facet normal -0.206838 0.159226 0.965331
    outer loop
      vertex 1.4588 108.541 7.84776
      vertex 1.33717 108.383 7.84776
      vertex 1.81541 108.185 7.98289
    endloop
  endfacet
  facet normal -0.398849 0.307038 0.864087
    outer loop
      vertex 1.4588 108.541 7.84776
      vertex 0.945595 108.609 7.58671
      vertex 1.33717 108.383 7.84776
    endloop
  endfacet
  facet normal -0.206938 0.158997 0.965348
    outer loop
      vertex 1.81541 108.185 7.98289
      vertex 1.33717 108.383 7.84776
      vertex 1.77392 108.131 7.98289
    endloop
  endfacet
  facet normal 0.801778 -0.332118 0.49684
    outer loop
      vertex 69.7848 1.52177 6.76537
      vertex 69.5326 1.58933 7.21752
      vertex 69.6002 1.07612 6.76537
    endloop
  endfacet
  facet normal 0.49896 0.065772 0.864125
    outer loop
      vertex 69.2175 108 7.58671
      vertex 68.7393 108.198 7.84776
      vertex 68.7654 108 7.84776
    endloop
  endfacet
  facet normal 0.656057 0.271349 0.704243
    outer loop
      vertex 69.5326 108.411 7.21752
      vertex 69.0544 108.609 7.58671
      vertex 69.176 108.315 7.58671
    endloop
  endfacet
  facet normal 0.707097 0 0.707116
    outer loop
      vertex 69.2175 108 7.58671
      vertex 69.5867 2 7.21752
      vertex 69.5867 108 7.21752
    endloop
  endfacet
  facet normal 0.707097 0 0.707116
    outer loop
      vertex 69.5867 2 7.21752
      vertex 69.2175 108 7.58671
      vertex 69.2175 2 7.58671
    endloop
  endfacet
  facet normal 0.801802 -0.332094 0.496817
    outer loop
      vertex 69.5326 1.58933 7.21752
      vertex 69.3741 1.20665 7.21752
      vertex 69.6002 1.07612 6.76537
    endloop
  endfacet
  facet normal 0.865983 -0 0.500073
    outer loop
      vertex 69.5867 2 7.21752
      vertex 69.8478 108 6.76537
      vertex 69.5867 108 7.21752
    endloop
  endfacet
  facet normal 0.865983 0 0.500073
    outer loop
      vertex 69.8478 108 6.76537
      vertex 69.5867 2 7.21752
      vertex 69.8478 2 6.76537
    endloop
  endfacet
  facet normal 0.0664494 0.498528 0.864323
    outer loop
      vertex 68.3151 109.176 7.58671
      vertex 68 109.218 7.58671
      vertex 68.1981 108.739 7.84776
    endloop
  endfacet
  facet normal 0.60859 0.793485 -0
    outer loop
      vertex 69.4021 109.402 1.73895
      vertex 68.9914 109.717 6.26105
      vertex 69.4021 109.402 6.26105
    endloop
  endfacet
  facet normal 0.60859 0.793485 0
    outer loop
      vertex 68.9914 109.717 6.26105
      vertex 69.4021 109.402 1.73895
      vertex 68.9914 109.717 1.73895
    endloop
  endfacet
  facet normal 0.131354 0.991336 -0
    outer loop
      vertex 68.5132 109.915 1.73895
      vertex 68 109.983 6.26105
      vertex 68.5132 109.915 6.26105
    endloop
  endfacet
  facet normal 0.131354 0.991336 0
    outer loop
      vertex 68 109.983 6.26105
      vertex 68.5132 109.915 1.73895
      vertex 68 109.983 1.73895
    endloop
  endfacet
  facet normal 0.527605 0.689128 -0.496724
    outer loop
      vertex 69.3066 109.307 1.23463
      vertex 68.7934 109.374 0.782477
      vertex 68.9239 109.6 1.23463
    endloop
  endfacet
  facet normal 0.587538 0.767409 -0.256674
    outer loop
      vertex 69.3066 109.307 1.23463
      vertex 68.9239 109.6 1.23463
      vertex 68.9914 109.717 1.73895
    endloop
  endfacet
  facet normal 0.258675 -0.0340826 0.965363
    outer loop
      vertex 68.7654 2 7.84776
      vertex 68.2522 1.93244 7.98289
      vertex 68.7393 1.80191 7.84776
    endloop
  endfacet
  facet normal -0.258667 -0.0340555 0.965366
    outer loop
      vertex 1.74784 1.93244 7.98289
      vertex 1.23463 2 7.84776
      vertex 1.26071 1.80191 7.84776
    endloop
  endfacet
  facet normal -0.065685 -0.498919 0.864156
    outer loop
      vertex 1.80191 1.26071 7.84776
      vertex 1.68488 0.823964 7.58671
      vertex 2 0.782477 7.58671
    endloop
  endfacet
  facet normal -0.0656864 -0.498919 0.864156
    outer loop
      vertex 2 1.23463 7.84776
      vertex 1.80191 1.26071 7.84776
      vertex 2 0.782477 7.58671
    endloop
  endfacet
  facet normal 0.306389 -0.399207 0.864153
    outer loop
      vertex 68.8609 1.13908 7.58671
      vertex 68.5412 1.4588 7.84776
      vertex 68.6088 0.945595 7.58671
    endloop
  endfacet
  facet normal 0.0999194 -0.240987 0.965371
    outer loop
      vertex 68.1305 1.77392 7.98289
      vertex 68.0676 1.74784 7.98289
      vertex 68.3827 1.33717 7.84776
    endloop
  endfacet
  facet normal 0.130528 -0.991445 0
    outer loop
      vertex 68 0.0171108 1.73895
      vertex 68.5132 0.0846758 6.26105
      vertex 68 0.0171108 6.26105
    endloop
  endfacet
  facet normal 0.130528 -0.991445 0
    outer loop
      vertex 68.5132 0.0846758 6.26105
      vertex 68 0.0171108 1.73895
      vertex 68.5132 0.0846758 1.73895
    endloop
  endfacet
  facet normal 0.860402 -0.113346 0.496851
    outer loop
      vertex 69.8478 2 6.76537
      vertex 69.5867 2 7.21752
      vertex 69.7848 1.52177 6.76537
    endloop
  endfacet
  facet normal 0.563399 -0.432335 0.704037
    outer loop
      vertex 69.0544 1.39124 7.58671
      vertex 68.8609 1.13908 7.58671
      vertex 69.3741 1.20665 7.21752
    endloop
  endfacet
  facet normal 0.0925959 0.704243 -0.703894
    outer loop
      vertex 68.4107 109.533 0.782477
      vertex 68 109.218 0.413294
      vertex 68 109.587 0.782477
    endloop
  endfacet
  facet normal 0.431517 0.563656 -0.704333
    outer loop
      vertex 68.8609 108.861 0.413294
      vertex 68.6088 109.054 0.413294
      vertex 68.7934 109.374 0.782477
    endloop
  endfacet
  facet normal -0.241096 0.099806 -0.965356
    outer loop
      vertex 1.74784 108.068 0.0171108
      vertex 1.33717 108.383 0.152242
      vertex 1.77392 108.131 0.0171108
    endloop
  endfacet
  facet normal -0.258669 0.0338172 -0.965374
    outer loop
      vertex 1.73895 108 0.0171108
      vertex 1.23463 108 0.152242
      vertex 1.74784 108.068 0.0171108
    endloop
  endfacet
  facet normal -0.399022 0.306368 -0.864245
    outer loop
      vertex 1.4588 108.541 0.152242
      vertex 0.945595 108.609 0.413294
      vertex 1.13908 108.861 0.413294
    endloop
  endfacet
  facet normal -0.563548 0.432691 -0.703699
    outer loop
      vertex 0.945595 108.609 0.413294
      vertex 0.625873 108.793 0.782477
      vertex 1.13908 108.861 0.413294
    endloop
  endfacet
  facet normal 0.0344579 0.258817 -0.965312
    outer loop
      vertex 68.0676 108.252 0.0171108
      vertex 68 108.261 0.0171108
      vertex 68 108.765 0.152242
    endloop
  endfacet
  facet normal 0.893116 0.369662 -0.256309
    outer loop
      vertex 69.7848 108.478 1.23463
      vertex 69.6002 108.924 1.23463
      vertex 69.7172 108.991 1.73895
    endloop
  endfacet
  facet normal 0.399019 0.30639 -0.864239
    outer loop
      vertex 69.0544 108.609 0.413294
      vertex 68.5412 108.541 0.152242
      vertex 68.8609 108.861 0.413294
    endloop
  endfacet
  facet normal 0.860477 0.113265 0.49674
    outer loop
      vertex 69.7848 108.478 6.76537
      vertex 69.5326 108.411 7.21752
      vertex 69.5867 108 7.21752
    endloop
  endfacet
  facet normal 0.860397 0.1134 0.496848
    outer loop
      vertex 69.7848 108.478 6.76537
      vertex 69.5867 108 7.21752
      vertex 69.8478 108 6.76537
    endloop
  endfacet
  facet normal 0.258677 -0.0340829 -0.965362
    outer loop
      vertex 68.7393 1.80191 0.152242
      vertex 68.2522 1.93244 0.0171108
      vertex 68.7654 2 0.152242
    endloop
  endfacet
  facet normal 0.465038 0.192342 -0.864143
    outer loop
      vertex 69.176 108.315 0.413294
      vertex 68.7393 108.198 0.152242
      vertex 69.0544 108.609 0.413294
    endloop
  endfacet
  facet normal -0.12615 -0.95821 -0.25675
    outer loop
      vertex 2 0.152242 1.23463
      vertex 1.48679 0.0846758 1.73895
      vertex 1.52177 0.215202 1.23463
    endloop
  endfacet
  facet normal -0.588356 -0.766759 -0.256745
    outer loop
      vertex 1.00856 0.282767 1.73895
      vertex 0.693438 0.693438 1.23463
      vertex 1.07612 0.399795 1.23463
    endloop
  endfacet
  facet normal 0.126152 -0.958209 -0.25675
    outer loop
      vertex 68.5132 0.0846758 1.73895
      vertex 68 0.0171108 1.73895
      vertex 68 0.152242 1.23463
    endloop
  endfacet
  facet normal -0.306333 -0.399243 -0.864155
    outer loop
      vertex 1.61732 1.33717 0.152242
      vertex 1.39124 0.945595 0.413294
      vertex 1.4588 1.4588 0.152242
    endloop
  endfacet
  facet normal -0.382686 -0.923878 0
    outer loop
      vertex 1.00856 0.282767 1.73895
      vertex 1.48679 0.0846758 6.26105
      vertex 1.00856 0.282767 6.26105
    endloop
  endfacet
  facet normal -0.382686 -0.923878 -0
    outer loop
      vertex 1.48679 0.0846758 6.26105
      vertex 1.00856 0.282767 1.73895
      vertex 1.48679 0.0846758 1.73895
    endloop
  endfacet
  facet normal 0.369876 -0.892896 0.256765
    outer loop
      vertex 68.9914 0.282767 6.26105
      vertex 68.4782 0.215202 6.76537
      vertex 68.5132 0.0846758 6.26105
    endloop
  endfacet
  facet normal 0 -0.965926 -0.258817
    outer loop
      vertex 2 0.152242 1.23463
      vertex 68 0.0171108 1.73895
      vertex 2 0.0171108 1.73895
    endloop
  endfacet
  facet normal 0 -0.965926 -0.258817
    outer loop
      vertex 68 0.0171108 1.73895
      vertex 2 0.152242 1.23463
      vertex 68 0.152242 1.23463
    endloop
  endfacet
  facet normal -0.0664452 0.498529 -0.864323
    outer loop
      vertex 1.80191 108.739 0.152242
      vertex 1.68488 109.176 0.413294
      vertex 2 109.218 0.413294
    endloop
  endfacet
  facet normal 0.965941 0 -0.258762
    outer loop
      vertex 69.9829 2 1.73895
      vertex 69.8478 108 1.23463
      vertex 69.9829 108 1.73895
    endloop
  endfacet
  facet normal 0.965941 0 -0.258762
    outer loop
      vertex 69.8478 108 1.23463
      vertex 69.9829 2 1.73895
      vertex 69.8478 2 1.23463
    endloop
  endfacet
  facet normal 0.158833 -0.20698 -0.965366
    outer loop
      vertex 68.3827 1.33717 0.152242
      vertex 68.1846 1.81541 0.0171108
      vertex 68.5412 1.4588 0.152242
    endloop
  endfacet
  facet normal -0.528325 -0.688532 0.496786
    outer loop
      vertex 0.87803 0.87803 7.21752
      vertex 0.693438 0.693438 6.76537
      vertex 1.20665 0.625873 7.21752
    endloop
  endfacet
  facet normal -0.860448 -0.11328 0.496786
    outer loop
      vertex 0.413294 2 7.21752
      vertex 0.152242 2 6.76537
      vertex 0.215202 1.52177 6.76537
    endloop
  endfacet
  facet normal -0.272361 0.655518 0.704355
    outer loop
      vertex 1.58933 109.533 7.21752
      vertex 1.20665 109.374 7.21752
      vertex 1.39124 109.054 7.58671
    endloop
  endfacet
  facet normal -0.80206 0.331961 0.496489
    outer loop
      vertex 0.399795 108.924 6.76537
      vertex 0.215202 108.478 6.76537
      vertex 0.46736 108.411 7.21752
    endloop
  endfacet
  facet normal -0.206974 -0.158849 0.965365
    outer loop
      vertex 1.77392 1.86947 7.98289
      vertex 1.33717 1.61732 7.84776
      vertex 1.81541 1.81541 7.98289
    endloop
  endfacet
  facet normal -0.034478 0.258815 0.965311
    outer loop
      vertex 2 108.765 7.84776
      vertex 1.93244 108.252 7.98289
      vertex 2 108.261 7.98289
    endloop
  endfacet
  facet normal -0.126261 0.958444 0.255818
    outer loop
      vertex 2 109.848 6.76537
      vertex 1.48679 109.915 6.26105
      vertex 1.52177 109.785 6.76537
    endloop
  endfacet
  facet normal 0 0.866066 0.49993
    outer loop
      vertex 68 109.848 6.76537
      vertex 2 109.587 7.21752
      vertex 68 109.587 7.21752
    endloop
  endfacet
  facet normal 0 0.866066 0.49993
    outer loop
      vertex 2 109.587 7.21752
      vertex 68 109.848 6.76537
      vertex 2 109.848 6.76537
    endloop
  endfacet
  facet normal -0.608614 0.793466 0
    outer loop
      vertex 1.00856 109.717 1.73895
      vertex 0.597886 109.402 6.26105
      vertex 1.00856 109.717 6.26105
    endloop
  endfacet
  facet normal -0.608614 0.793466 0
    outer loop
      vertex 0.597886 109.402 6.26105
      vertex 1.00856 109.717 1.73895
      vertex 0.597886 109.402 1.73895
    endloop
  endfacet
  facet normal -0.767115 0.588157 -0.256136
    outer loop
      vertex 0.693438 109.307 1.23463
      vertex 0.282767 108.991 1.73895
      vertex 0.597886 109.402 1.73895
    endloop
  endfacet
  facet normal -0.126261 0.958444 -0.255818
    outer loop
      vertex 1.52177 109.785 1.23463
      vertex 1.48679 109.915 1.73895
      vertex 2 109.848 1.23463
    endloop
  endfacet
  facet normal -0.113357 0.860485 -0.496705
    outer loop
      vertex 2 109.587 0.782477
      vertex 1.52177 109.785 1.23463
      vertex 2 109.848 1.23463
    endloop
  endfacet
  facet normal -0.860444 0.113334 -0.49678
    outer loop
      vertex 0.413294 108 0.782477
      vertex 0.152242 108 1.23463
      vertex 0.215202 108.478 1.23463
    endloop
  endfacet
  facet normal -0.95821 -0.12615 -0.25675
    outer loop
      vertex 0.0846758 1.48679 1.73895
      vertex 0.0171108 2 1.73895
      vertex 0.152242 2 1.23463
    endloop
  endfacet
  facet normal -0.893109 0.369645 -0.256355
    outer loop
      vertex 0.399795 108.924 1.23463
      vertex 0.215202 108.478 1.23463
      vertex 0.282767 108.991 1.73895
    endloop
  endfacet
  facet normal -0.892842 0.370009 0.256761
    outer loop
      vertex 0.282767 108.991 6.26105
      vertex 0.0846758 108.513 6.26105
      vertex 0.215202 108.478 6.76537
    endloop
  endfacet
  facet normal -0.157495 0.207663 -0.965439
    outer loop
      vertex 1.81541 108.185 0.0171108
      vertex 1.61732 108.663 0.152242
      vertex 1.86947 108.226 0.0171108
    endloop
  endfacet
  facet normal -0.159238 0.206905 -0.965315
    outer loop
      vertex 1.81541 108.185 0.0171108
      vertex 1.4588 108.541 0.152242
      vertex 1.61732 108.663 0.152242
    endloop
  endfacet
  facet normal -0.193022 0.464581 -0.864238
    outer loop
      vertex 1.80191 108.739 0.152242
      vertex 1.39124 109.054 0.413294
      vertex 1.68488 109.176 0.413294
    endloop
  endfacet
  facet normal -0.258667 -0.0340372 -0.965367
    outer loop
      vertex 1.74784 1.93244 0.0171108
      vertex 1.23463 2 0.152242
      vertex 1.73895 2 0.0171108
    endloop
  endfacet
  facet normal -0.464921 -0.192577 -0.864154
    outer loop
      vertex 1.33717 1.61732 0.152242
      vertex 0.945595 1.39124 0.413294
      vertex 1.26071 1.80191 0.152242
    endloop
  endfacet
  facet normal -0.46492 -0.192578 -0.864155
    outer loop
      vertex 0.945595 1.39124 0.413294
      vertex 0.823964 1.68488 0.413294
      vertex 1.26071 1.80191 0.152242
    endloop
  endfacet
  facet normal -0.923813 0.382844 0
    outer loop
      vertex 0.0846758 108.513 1.73895
      vertex 0.282767 108.991 6.26105
      vertex 0.282767 108.991 1.73895
    endloop
  endfacet
  facet normal -0.923813 0.382844 0
    outer loop
      vertex 0.282767 108.991 6.26105
      vertex 0.0846758 108.513 1.73895
      vertex 0.0846758 108.513 6.26105
    endloop
  endfacet
  facet normal -0.0926026 0.704243 -0.703894
    outer loop
      vertex 2 109.218 0.413294
      vertex 1.58933 109.533 0.782477
      vertex 2 109.587 0.782477
    endloop
  endfacet
  facet normal -0.866024 0 -0.500002
    outer loop
      vertex 0.413294 2 0.782477
      vertex 0.152242 108 1.23463
      vertex 0.413294 108 0.782477
    endloop
  endfacet
  facet normal -0.866024 -0 -0.500002
    outer loop
      vertex 0.152242 108 1.23463
      vertex 0.413294 2 0.782477
      vertex 0.152242 2 1.23463
    endloop
  endfacet
  facet normal -0.241094 0.0998052 0.965356
    outer loop
      vertex 1.77392 108.131 7.98289
      vertex 1.33717 108.383 7.84776
      vertex 1.74784 108.068 7.98289
    endloop
  endfacet
  facet normal -0.206987 -0.158818 0.965367
    outer loop
      vertex 1.81541 1.81541 7.98289
      vertex 1.33717 1.61732 7.84776
      vertex 1.4588 1.4588 7.84776
    endloop
  endfacet
  facet normal -0.157493 0.207661 0.965439
    outer loop
      vertex 1.86947 108.226 7.98289
      vertex 1.61732 108.663 7.84776
      vertex 1.81541 108.185 7.98289
    endloop
  endfacet
  facet normal -0.159237 0.206904 0.965316
    outer loop
      vertex 1.61732 108.663 7.84776
      vertex 1.4588 108.541 7.84776
      vertex 1.81541 108.185 7.98289
    endloop
  endfacet
  facet normal 0.206863 0.159206 0.965329
    outer loop
      vertex 68.5412 108.541 7.84776
      vertex 68.1846 108.185 7.98289
      vertex 68.6628 108.383 7.84776
    endloop
  endfacet
  facet normal 0.465067 0.192311 0.864135
    outer loop
      vertex 69.0544 108.609 7.58671
      vertex 68.6628 108.383 7.84776
      vertex 68.7393 108.198 7.84776
    endloop
  endfacet
  facet normal 0.688567 0.527841 0.497251
    outer loop
      vertex 69.6002 108.924 6.76537
      vertex 69.3066 109.307 6.76537
      vertex 69.3741 108.793 7.21752
    endloop
  endfacet
  facet normal 0.801439 0.332534 0.497108
    outer loop
      vertex 69.6002 108.924 6.76537
      vertex 69.3741 108.793 7.21752
      vertex 69.5326 108.411 7.21752
    endloop
  endfacet
  facet normal 0.307215 0.399127 0.863896
    outer loop
      vertex 68.6088 109.054 7.58671
      vertex 68.3827 108.663 7.84776
      vertex 68.5412 108.541 7.84776
    endloop
  endfacet
  facet normal 0.305828 0.399478 0.864226
    outer loop
      vertex 68.6088 109.054 7.58671
      vertex 68.5412 108.541 7.84776
      vertex 68.8609 108.861 7.58671
    endloop
  endfacet
  facet normal 0.95821 0.126267 0.256691
    outer loop
      vertex 69.9153 108.513 6.26105
      vertex 69.8478 108 6.76537
      vertex 69.9829 108 6.26105
    endloop
  endfacet
  facet normal 0.191785 0.465836 0.863837
    outer loop
      vertex 68.6088 109.054 7.58671
      vertex 68.1981 108.739 7.84776
      vertex 68.3827 108.663 7.84776
    endloop
  endfacet
  facet normal 0.588325 0.767064 0.255901
    outer loop
      vertex 69.4021 109.402 6.26105
      vertex 68.9914 109.717 6.26105
      vertex 69.3066 109.307 6.76537
    endloop
  endfacet
  facet normal 0.37052 0.892653 0.256683
    outer loop
      vertex 68.9914 109.717 6.26105
      vertex 68.4782 109.785 6.76537
      vertex 68.9239 109.6 6.76537
    endloop
  endfacet
  facet normal 0.382557 0.923932 -0
    outer loop
      vertex 68.9914 109.717 1.73895
      vertex 68.5132 109.915 6.26105
      vertex 68.9914 109.717 6.26105
    endloop
  endfacet
  facet normal 0.382557 0.923932 0
    outer loop
      vertex 68.5132 109.915 6.26105
      vertex 68.9914 109.717 1.73895
      vertex 68.5132 109.915 1.73895
    endloop
  endfacet
  facet normal 0.272292 0.65551 -0.704389
    outer loop
      vertex 68.6088 109.054 0.413294
      vertex 68.3151 109.176 0.413294
      vertex 68.4107 109.533 0.782477
    endloop
  endfacet
  facet normal 0.527978 0.688467 -0.497245
    outer loop
      vertex 69.122 109.122 0.782477
      vertex 68.7934 109.374 0.782477
      vertex 69.3066 109.307 1.23463
    endloop
  endfacet
  facet normal 0.588325 0.767064 -0.255901
    outer loop
      vertex 69.3066 109.307 1.23463
      vertex 68.9914 109.717 1.73895
      vertex 69.4021 109.402 1.73895
    endloop
  endfacet
  facet normal 0.241079 0.0998758 0.965353
    outer loop
      vertex 68.6628 108.383 7.84776
      vertex 68.2261 108.131 7.98289
      vertex 68.2522 108.068 7.98289
    endloop
  endfacet
  facet normal 0 -0.499999 0.866026
    outer loop
      vertex 2 1.23463 7.84776
      vertex 68 0.782477 7.58671
      vertex 68 1.23463 7.84776
    endloop
  endfacet
  facet normal 0 -0.499999 0.866026
    outer loop
      vertex 68 0.782477 7.58671
      vertex 2 1.23463 7.84776
      vertex 2 0.782477 7.58671
    endloop
  endfacet
  facet normal 0.892917 -0.36987 0.256701
    outer loop
      vertex 69.7848 1.52177 6.76537
      vertex 69.6002 1.07612 6.76537
      vertex 69.7172 1.00856 6.26105
    endloop
  endfacet
  facet normal 0.688552 -0.528269 0.496818
    outer loop
      vertex 69.3741 1.20665 7.21752
      vertex 69.3066 0.693438 6.76537
      vertex 69.6002 1.07612 6.76537
    endloop
  endfacet
  facet normal -0.15885 -0.206976 -0.965364
    outer loop
      vertex 1.86947 1.77392 0.0171108
      vertex 1.61732 1.33717 0.152242
      vertex 1.81541 1.81541 0.0171108
    endloop
  endfacet
  facet normal 0 0.707282 -0.706931
    outer loop
      vertex 2 109.218 0.413294
      vertex 68 109.587 0.782477
      vertex 68 109.218 0.413294
    endloop
  endfacet
  facet normal 0 0.707282 -0.706931
    outer loop
      vertex 68 109.587 0.782477
      vertex 2 109.218 0.413294
      vertex 2 109.587 0.782477
    endloop
  endfacet
  facet normal -0.563679 0.432023 -0.704004
    outer loop
      vertex 1.13908 108.861 0.413294
      vertex 0.625873 108.793 0.782477
      vertex 0.87803 109.122 0.782477
    endloop
  endfacet
  facet normal -0.333005 0.801475 -0.496735
    outer loop
      vertex 1.20665 109.374 0.782477
      vertex 1.07612 109.6 1.23463
      vertex 1.58933 109.533 0.782477
    endloop
  endfacet
  facet normal -0.527961 0.688486 -0.497237
    outer loop
      vertex 0.87803 109.122 0.782477
      vertex 0.693438 109.307 1.23463
      vertex 1.20665 109.374 0.782477
    endloop
  endfacet
  facet normal 0.0656898 -0.498924 -0.864153
    outer loop
      vertex 68.3151 0.823964 0.413294
      vertex 68 0.782477 0.413294
      vertex 68.1981 1.26071 0.152242
    endloop
  endfacet
  facet normal 0.0996289 0.241025 -0.965392
    outer loop
      vertex 68.1305 108.226 0.0171108
      vertex 68.0676 108.252 0.0171108
      vertex 68.3827 108.663 0.152242
    endloop
  endfacet
  facet normal 0.0653913 0.498232 -0.864575
    outer loop
      vertex 68.1981 108.739 0.152242
      vertex 68 108.765 0.152242
      vertex 68 109.218 0.413294
    endloop
  endfacet
  facet normal 0.0339614 0.25876 -0.965344
    outer loop
      vertex 68.0676 108.252 0.0171108
      vertex 68 108.765 0.152242
      vertex 68.1981 108.739 0.152242
    endloop
  endfacet
  facet normal 0.656051 0.271346 -0.70425
    outer loop
      vertex 69.176 108.315 0.413294
      vertex 69.0544 108.609 0.413294
      vertex 69.5326 108.411 0.782477
    endloop
  endfacet
  facet normal 0.704048 0.0926739 -0.70408
    outer loop
      vertex 69.5867 108 0.782477
      vertex 69.2175 108 0.413294
      vertex 69.5326 108.411 0.782477
    endloop
  endfacet
  facet normal 0.30583 0.39948 -0.864224
    outer loop
      vertex 68.8609 108.861 0.413294
      vertex 68.5412 108.541 0.152242
      vertex 68.6088 109.054 0.413294
    endloop
  endfacet
  facet normal 0.307217 0.39913 -0.863894
    outer loop
      vertex 68.5412 108.541 0.152242
      vertex 68.3827 108.663 0.152242
      vertex 68.6088 109.054 0.413294
    endloop
  endfacet
  facet normal 0.958201 0.12629 -0.256713
    outer loop
      vertex 69.8478 108 1.23463
      vertex 69.7848 108.478 1.23463
      vertex 69.9153 108.513 1.73895
    endloop
  endfacet
  facet normal 0.95821 0.126267 -0.256691
    outer loop
      vertex 69.9829 108 1.73895
      vertex 69.8478 108 1.23463
      vertex 69.9153 108.513 1.73895
    endloop
  endfacet
  facet normal -0.528327 -0.688528 0.49679
    outer loop
      vertex 1.20665 0.625873 7.21752
      vertex 0.693438 0.693438 6.76537
      vertex 1.07612 0.399795 6.76537
    endloop
  endfacet
  facet normal -0.766761 -0.588352 0.256749
    outer loop
      vertex 0.693438 0.693438 6.76537
      vertex 0.282767 1.00856 6.26105
      vertex 0.597886 0.597886 6.26105
    endloop
  endfacet
  facet normal -0.12615 -0.95821 0.25675
    outer loop
      vertex 1.52177 0.215202 6.76537
      vertex 1.48679 0.0846758 6.26105
      vertex 2 0.152242 6.76537
    endloop
  endfacet
  facet normal -0.369858 -0.892907 0.256752
    outer loop
      vertex 1.52177 0.215202 6.76537
      vertex 1.00856 0.282767 6.26105
      vertex 1.48679 0.0846758 6.26105
    endloop
  endfacet
  facet normal 0.113287 -0.860449 -0.496783
    outer loop
      vertex 68.4782 0.215202 1.23463
      vertex 68 0.152242 1.23463
      vertex 68 0.413294 0.782477
    endloop
  endfacet
  facet normal 0.126158 -0.958207 -0.256755
    outer loop
      vertex 68.5132 0.0846758 1.73895
      vertex 68 0.152242 1.23463
      vertex 68.4782 0.215202 1.23463
    endloop
  endfacet
  facet normal 0.369876 -0.892896 -0.256765
    outer loop
      vertex 68.5132 0.0846758 1.73895
      vertex 68.4782 0.215202 1.23463
      vertex 68.9914 0.282767 1.73895
    endloop
  endfacet
  facet normal -0.608759 -0.793355 0
    outer loop
      vertex 0.597886 0.597886 1.73895
      vertex 1.00856 0.282767 6.26105
      vertex 0.597886 0.597886 6.26105
    endloop
  endfacet
  facet normal -0.608759 -0.793355 -0
    outer loop
      vertex 1.00856 0.282767 6.26105
      vertex 0.597886 0.597886 1.73895
      vertex 1.00856 0.282767 1.73895
    endloop
  endfacet
  facet normal -0.0926921 -0.704063 -0.704063
    outer loop
      vertex 2 0.413294 0.782477
      vertex 1.58933 0.46736 0.782477
      vertex 2 0.782477 0.413294
    endloop
  endfacet
  facet normal 0.157405 0.207698 -0.965445
    outer loop
      vertex 68.1846 108.185 0.0171108
      vertex 68.1305 108.226 0.0171108
      vertex 68.3827 108.663 0.152242
    endloop
  endfacet
  facet normal -0.332124 -0.801809 -0.496786
    outer loop
      vertex 1.58933 0.46736 0.782477
      vertex 1.07612 0.399795 1.23463
      vertex 1.20665 0.625873 0.782477
    endloop
  endfacet
  facet normal -0.192578 -0.46492 -0.864155
    outer loop
      vertex 1.68488 0.823964 0.413294
      vertex 1.39124 0.945595 0.413294
      vertex 1.80191 1.26071 0.152242
    endloop
  endfacet
  facet normal 0.923872 -0.382701 0
    outer loop
      vertex 69.7172 1.00856 6.26105
      vertex 69.9153 1.48679 1.73895
      vertex 69.9153 1.48679 6.26105
    endloop
  endfacet
  facet normal 0.923872 -0.382701 0
    outer loop
      vertex 69.9153 1.48679 1.73895
      vertex 69.7172 1.00856 6.26105
      vertex 69.7172 1.00856 1.73895
    endloop
  endfacet
  facet normal 0.608734 -0.793374 0
    outer loop
      vertex 68.9914 0.282767 1.73895
      vertex 69.4021 0.597886 6.26105
      vertex 68.9914 0.282767 6.26105
    endloop
  endfacet
  facet normal 0.608734 -0.793374 0
    outer loop
      vertex 69.4021 0.597886 6.26105
      vertex 68.9914 0.282767 1.73895
      vertex 69.4021 0.597886 1.73895
    endloop
  endfacet
  facet normal 0.207014 -0.1588 -0.965364
    outer loop
      vertex 68.5412 1.4588 0.152242
      vertex 68.1846 1.81541 0.0171108
      vertex 68.6628 1.61732 0.152242
    endloop
  endfacet
  facet normal 0.306353 -0.399219 -0.86416
    outer loop
      vertex 68.6088 0.945595 0.413294
      vertex 68.3827 1.33717 0.152242
      vertex 68.5412 1.4588 0.152242
    endloop
  endfacet
  facet normal -0.688532 -0.528325 0.496786
    outer loop
      vertex 0.87803 0.87803 7.21752
      vertex 0.625873 1.20665 7.21752
      vertex 0.693438 0.693438 6.76537
    endloop
  endfacet
  facet normal -0.656087 -0.271763 0.704056
    outer loop
      vertex 0.823964 1.68488 7.58671
      vertex 0.46736 1.58933 7.21752
      vertex 0.945595 1.39124 7.58671
    endloop
  endfacet
  facet normal -0.991445 -0.130525 0
    outer loop
      vertex 0.0846758 1.48679 1.73895
      vertex 0.0171108 2 6.26105
      vertex 0.0171108 2 1.73895
    endloop
  endfacet
  facet normal -0.991445 -0.130525 0
    outer loop
      vertex 0.0171108 2 6.26105
      vertex 0.0846758 1.48679 1.73895
      vertex 0.0846758 1.48679 6.26105
    endloop
  endfacet
  facet normal -0.432308 -0.563399 0.704053
    outer loop
      vertex 1.13908 1.13908 7.58671
      vertex 0.87803 0.87803 7.21752
      vertex 1.20665 0.625873 7.21752
    endloop
  endfacet
  facet normal -0.688528 -0.528327 0.49679
    outer loop
      vertex 0.625873 1.20665 7.21752
      vertex 0.399795 1.07612 6.76537
      vertex 0.693438 0.693438 6.76537
    endloop
  endfacet
  facet normal -0.563684 0.432027 0.703998
    outer loop
      vertex 0.87803 109.122 7.21752
      vertex 0.625873 108.793 7.21752
      vertex 1.13908 108.861 7.58671
    endloop
  endfacet
  facet normal -0.52796 0.688485 0.49724
    outer loop
      vertex 1.20665 109.374 7.21752
      vertex 0.693438 109.307 6.76537
      vertex 0.87803 109.122 7.21752
    endloop
  endfacet
  facet normal -0 0.707289 0.706925
    outer loop
      vertex 2 109.587 7.21752
      vertex 68 109.218 7.58671
      vertex 68 109.587 7.21752
    endloop
  endfacet
  facet normal 0 0.707289 0.706925
    outer loop
      vertex 68 109.218 7.58671
      vertex 2 109.587 7.21752
      vertex 2 109.218 7.58671
    endloop
  endfacet
  facet normal -0.0926035 0.70425 0.703887
    outer loop
      vertex 2 109.587 7.21752
      vertex 1.58933 109.533 7.21752
      vertex 2 109.218 7.58671
    endloop
  endfacet
  facet normal -0.19302 0.464578 0.86424
    outer loop
      vertex 1.68488 109.176 7.58671
      vertex 1.39124 109.054 7.58671
      vertex 1.80191 108.739 7.84776
    endloop
  endfacet
  facet normal -0.0993253 0.241243 0.965368
    outer loop
      vertex 1.80191 108.739 7.84776
      vertex 1.61732 108.663 7.84776
      vertex 1.93244 108.252 7.98289
    endloop
  endfacet
  facet normal -0.241187 0.0996821 -0.965346
    outer loop
      vertex 1.74784 108.068 0.0171108
      vertex 1.26071 108.198 0.152242
      vertex 1.33717 108.383 0.152242
    endloop
  endfacet
  facet normal -0.465131 0.192237 -0.864117
    outer loop
      vertex 1.26071 108.198 0.152242
      vertex 0.945595 108.609 0.413294
      vertex 1.33717 108.383 0.152242
    endloop
  endfacet
  facet normal -0.0993262 0.241245 -0.965368
    outer loop
      vertex 1.93244 108.252 0.0171108
      vertex 1.61732 108.663 0.152242
      vertex 1.80191 108.739 0.152242
    endloop
  endfacet
  facet normal -0.0995427 0.241085 -0.965386
    outer loop
      vertex 1.86947 108.226 0.0171108
      vertex 1.61732 108.663 0.152242
      vertex 1.93244 108.252 0.0171108
    endloop
  endfacet
  facet normal -0.498922 -0.0656867 -0.864154
    outer loop
      vertex 1.26071 1.80191 0.152242
      vertex 0.782477 2 0.413294
      vertex 1.23463 2 0.152242
    endloop
  endfacet
  facet normal -0.25867 -0.0340557 -0.965365
    outer loop
      vertex 1.26071 1.80191 0.152242
      vertex 1.23463 2 0.152242
      vertex 1.74784 1.93244 0.0171108
    endloop
  endfacet
  facet normal -0.688544 0.527901 -0.49722
    outer loop
      vertex 0.625873 108.793 0.782477
      vertex 0.399795 108.924 1.23463
      vertex 0.693438 109.307 1.23463
    endloop
  endfacet
  facet normal 0.0996281 0.241023 0.965392
    outer loop
      vertex 68.3827 108.663 7.84776
      vertex 68.0676 108.252 7.98289
      vertex 68.1305 108.226 7.98289
    endloop
  endfacet
  facet normal 0.399017 0.306388 0.86424
    outer loop
      vertex 68.8609 108.861 7.58671
      vertex 68.5412 108.541 7.84776
      vertex 69.0544 108.609 7.58671
    endloop
  endfacet
  facet normal 0.49895 0.0657346 0.864134
    outer loop
      vertex 69.176 108.315 7.58671
      vertex 68.7393 108.198 7.84776
      vertex 69.2175 108 7.58671
    endloop
  endfacet
  facet normal 0.398868 0.306977 0.8641
    outer loop
      vertex 69.0544 108.609 7.58671
      vertex 68.5412 108.541 7.84776
      vertex 68.6628 108.383 7.84776
    endloop
  endfacet
  facet normal 0.656117 0.272237 0.703844
    outer loop
      vertex 69.3741 108.793 7.21752
      vertex 69.0544 108.609 7.58671
      vertex 69.5326 108.411 7.21752
    endloop
  endfacet
  facet normal 0.0993226 0.241249 0.965367
    outer loop
      vertex 68.1981 108.739 7.84776
      vertex 68.0676 108.252 7.98289
      vertex 68.3827 108.663 7.84776
    endloop
  endfacet
  facet normal 0.563552 0.432727 0.703674
    outer loop
      vertex 69.3741 108.793 7.21752
      vertex 68.8609 108.861 7.58671
      vertex 69.0544 108.609 7.58671
    endloop
  endfacet
  facet normal 0.563705 0.431945 0.704031
    outer loop
      vertex 69.122 109.122 7.21752
      vertex 68.8609 108.861 7.58671
      vertex 69.3741 108.793 7.21752
    endloop
  endfacet
  facet normal 0.332773 0.801714 0.496504
    outer loop
      vertex 68.4782 109.785 6.76537
      vertex 68.4107 109.533 7.21752
      vertex 68.9239 109.6 6.76537
    endloop
  endfacet
  facet normal 0.587538 0.767409 0.256674
    outer loop
      vertex 68.9914 109.717 6.26105
      vertex 68.9239 109.6 6.76537
      vertex 69.3066 109.307 6.76537
    endloop
  endfacet
  facet normal 0.527604 0.689127 0.496727
    outer loop
      vertex 68.9239 109.6 6.76537
      vertex 68.7934 109.374 7.21752
      vertex 69.3066 109.307 6.76537
    endloop
  endfacet
  facet normal -0.332798 0.801685 0.496535
    outer loop
      vertex 1.52177 109.785 6.76537
      vertex 1.07612 109.6 6.76537
      vertex 1.58933 109.533 7.21752
    endloop
  endfacet
  facet normal -0.370551 0.892628 0.256726
    outer loop
      vertex 1.52177 109.785 6.76537
      vertex 1.00856 109.717 6.26105
      vertex 1.07612 109.6 6.76537
    endloop
  endfacet
  facet normal 0.113155 0.860606 0.496541
    outer loop
      vertex 68.4782 109.785 6.76537
      vertex 68 109.587 7.21752
      vertex 68.4107 109.533 7.21752
    endloop
  endfacet
  facet normal 0.0925968 0.70425 0.703888
    outer loop
      vertex 68 109.587 7.21752
      vertex 68 109.218 7.58671
      vertex 68.4107 109.533 7.21752
    endloop
  endfacet
  facet normal 0.527977 0.688465 0.497248
    outer loop
      vertex 69.3066 109.307 6.76537
      vertex 68.7934 109.374 7.21752
      vertex 69.122 109.122 7.21752
    endloop
  endfacet
  facet normal 0.802027 0.33196 0.496544
    outer loop
      vertex 69.6002 108.924 6.76537
      vertex 69.5326 108.411 7.21752
      vertex 69.7848 108.478 6.76537
    endloop
  endfacet
  facet normal 0.332774 0.801716 -0.496501
    outer loop
      vertex 68.9239 109.6 1.23463
      vertex 68.4107 109.533 0.782477
      vertex 68.4782 109.785 1.23463
    endloop
  endfacet
  facet normal 0.332994 0.80149 -0.496718
    outer loop
      vertex 68.7934 109.374 0.782477
      vertex 68.4107 109.533 0.782477
      vertex 68.9239 109.6 1.23463
    endloop
  endfacet
  facet normal 0.688568 0.527842 -0.497249
    outer loop
      vertex 69.3741 108.793 0.782477
      vertex 69.3066 109.307 1.23463
      vertex 69.6002 108.924 1.23463
    endloop
  endfacet
  facet normal 0.656111 0.272235 -0.703851
    outer loop
      vertex 69.5326 108.411 0.782477
      vertex 69.0544 108.609 0.413294
      vertex 69.3741 108.793 0.782477
    endloop
  endfacet
  facet normal 0.767148 0.588147 -0.256061
    outer loop
      vertex 69.7172 108.991 1.73895
      vertex 69.3066 109.307 1.23463
      vertex 69.4021 109.402 1.73895
    endloop
  endfacet
  facet normal 0.793606 0.608432 0
    outer loop
      vertex 69.7172 108.991 6.26105
      vertex 69.4021 109.402 1.73895
      vertex 69.4021 109.402 6.26105
    endloop
  endfacet
  facet normal 0.793606 0.608432 0
    outer loop
      vertex 69.4021 109.402 1.73895
      vertex 69.7172 108.991 6.26105
      vertex 69.7172 108.991 1.73895
    endloop
  endfacet
  facet normal -0.158849 -0.206974 0.965365
    outer loop
      vertex 1.81541 1.81541 7.98289
      vertex 1.61732 1.33717 7.84776
      vertex 1.86947 1.77392 7.98289
    endloop
  endfacet
  facet normal 0.498952 -0.0657099 0.864135
    outer loop
      vertex 69.2175 2 7.58671
      vertex 68.7393 1.80191 7.84776
      vertex 69.176 1.68488 7.58671
    endloop
  endfacet
  facet normal 0.271707 -0.656087 0.704078
    outer loop
      vertex 68.6088 0.945595 7.58671
      vertex 68.3151 0.823964 7.58671
      vertex 68.4107 0.46736 7.21752
    endloop
  endfacet
  facet normal 0.0656894 -0.498921 0.864154
    outer loop
      vertex 68.1981 1.26071 7.84776
      vertex 68 0.782477 7.58671
      vertex 68.3151 0.823964 7.58671
    endloop
  endfacet
  facet normal 0 -0.500002 -0.866024
    outer loop
      vertex 2 0.782477 0.413294
      vertex 68 1.23463 0.152242
      vertex 68 0.782477 0.413294
    endloop
  endfacet
  facet normal -0 -0.500002 -0.866024
    outer loop
      vertex 68 1.23463 0.152242
      vertex 2 0.782477 0.413294
      vertex 2 1.23463 0.152242
    endloop
  endfacet
  facet normal -0.0656853 -0.498922 -0.864154
    outer loop
      vertex 2 0.782477 0.413294
      vertex 1.68488 0.823964 0.413294
      vertex 1.80191 1.26071 0.152242
    endloop
  endfacet
  facet normal -0.332799 0.801686 -0.496533
    outer loop
      vertex 1.58933 109.533 0.782477
      vertex 1.07612 109.6 1.23463
      vertex 1.52177 109.785 1.23463
    endloop
  endfacet
  facet normal -0.113162 0.8606 -0.49655
    outer loop
      vertex 1.58933 109.533 0.782477
      vertex 1.52177 109.785 1.23463
      vertex 2 109.587 0.782477
    endloop
  endfacet
  facet normal 0.19299 0.4646 -0.864235
    outer loop
      vertex 68.6088 109.054 0.413294
      vertex 68.1981 108.739 0.152242
      vertex 68.3151 109.176 0.413294
    endloop
  endfacet
  facet normal 0.191786 0.465839 -0.863836
    outer loop
      vertex 68.3827 108.663 0.152242
      vertex 68.1981 108.739 0.152242
      vertex 68.6088 109.054 0.413294
    endloop
  endfacet
  facet normal 0.432363 -0.563345 -0.704063
    outer loop
      vertex 68.7934 0.625873 0.782477
      vertex 68.6088 0.945595 0.413294
      vertex 68.8609 1.13908 0.413294
    endloop
  endfacet
  facet normal 0.498963 0.0657724 -0.864124
    outer loop
      vertex 68.7654 108 0.152242
      vertex 68.7393 108.198 0.152242
      vertex 69.2175 108 0.413294
    endloop
  endfacet
  facet normal 0.860478 0.113265 -0.496738
    outer loop
      vertex 69.5867 108 0.782477
      vertex 69.5326 108.411 0.782477
      vertex 69.7848 108.478 1.23463
    endloop
  endfacet
  facet normal 0.802028 0.33196 -0.496542
    outer loop
      vertex 69.7848 108.478 1.23463
      vertex 69.5326 108.411 0.782477
      vertex 69.6002 108.924 1.23463
    endloop
  endfacet
  facet normal -0.563395 -0.432299 -0.704062
    outer loop
      vertex 1.13908 1.13908 0.413294
      vertex 0.625873 1.20665 0.782477
      vertex 0.945595 1.39124 0.413294
    endloop
  endfacet
  facet normal -0.369858 -0.892907 -0.256752
    outer loop
      vertex 1.48679 0.0846758 1.73895
      vertex 1.00856 0.282767 1.73895
      vertex 1.52177 0.215202 1.23463
    endloop
  endfacet
  facet normal -0.766759 -0.588356 0.256745
    outer loop
      vertex 0.399795 1.07612 6.76537
      vertex 0.282767 1.00856 6.26105
      vertex 0.693438 0.693438 6.76537
    endloop
  endfacet
  facet normal -0.766761 -0.588352 -0.256749
    outer loop
      vertex 0.597886 0.597886 1.73895
      vertex 0.282767 1.00856 1.73895
      vertex 0.693438 0.693438 1.23463
    endloop
  endfacet
  facet normal 0.382707 -0.92387 0
    outer loop
      vertex 68.5132 0.0846758 1.73895
      vertex 68.9914 0.282767 6.26105
      vertex 68.5132 0.0846758 6.26105
    endloop
  endfacet
  facet normal 0.382707 -0.92387 0
    outer loop
      vertex 68.9914 0.282767 6.26105
      vertex 68.5132 0.0846758 1.73895
      vertex 68.9914 0.282767 1.73895
    endloop
  endfacet
  facet normal -0.528328 -0.688529 -0.496787
    outer loop
      vertex 1.07612 0.399795 1.23463
      vertex 0.693438 0.693438 1.23463
      vertex 1.20665 0.625873 0.782477
    endloop
  endfacet
  facet normal -0.306342 -0.399241 -0.864153
    outer loop
      vertex 1.39124 0.945595 0.413294
      vertex 1.13908 1.13908 0.413294
      vertex 1.4588 1.4588 0.152242
    endloop
  endfacet
  facet normal -0.11328 -0.86045 -0.496783
    outer loop
      vertex 2 0.152242 1.23463
      vertex 1.52177 0.215202 1.23463
      vertex 2 0.413294 0.782477
    endloop
  endfacet
  facet normal 0 -0.866024 -0.500002
    outer loop
      vertex 2 0.413294 0.782477
      vertex 68 0.152242 1.23463
      vertex 2 0.152242 1.23463
    endloop
  endfacet
  facet normal 0 -0.866024 -0.500002
    outer loop
      vertex 68 0.152242 1.23463
      vertex 2 0.413294 0.782477
      vertex 68 0.413294 0.782477
    endloop
  endfacet
  facet normal 0.892917 -0.36987 -0.256701
    outer loop
      vertex 69.7172 1.00856 1.73895
      vertex 69.6002 1.07612 1.23463
      vertex 69.7848 1.52177 1.23463
    endloop
  endfacet
  facet normal 0.958211 -0.126231 -0.256706
    outer loop
      vertex 69.9153 1.48679 1.73895
      vertex 69.7848 1.52177 1.23463
      vertex 69.8478 2 1.23463
    endloop
  endfacet
  facet normal 0.528321 -0.688552 -0.496762
    outer loop
      vertex 68.9239 0.399795 1.23463
      vertex 68.7934 0.625873 0.782477
      vertex 69.3066 0.693438 1.23463
    endloop
  endfacet
  facet normal 0.588349 -0.766786 -0.25668
    outer loop
      vertex 68.9914 0.282767 1.73895
      vertex 68.9239 0.399795 1.23463
      vertex 69.3066 0.693438 1.23463
    endloop
  endfacet
  facet normal 0.0998403 -0.241048 -0.965364
    outer loop
      vertex 68.1981 1.26071 0.152242
      vertex 68.0676 1.74784 0.0171108
      vertex 68.3827 1.33717 0.152242
    endloop
  endfacet
  facet normal 0.332095 -0.801843 -0.496751
    outer loop
      vertex 68.4782 0.215202 1.23463
      vertex 68.4107 0.46736 0.782477
      vertex 68.9239 0.399795 1.23463
    endloop
  endfacet
  facet normal 0.206976 -0.158888 -0.965358
    outer loop
      vertex 68.6628 1.61732 0.152242
      vertex 68.1846 1.81541 0.0171108
      vertex 68.2261 1.86947 0.0171108
    endloop
  endfacet
  facet normal 0.241034 -0.0999045 -0.965361
    outer loop
      vertex 68.6628 1.61732 0.152242
      vertex 68.2261 1.86947 0.0171108
      vertex 68.2522 1.93244 0.0171108
    endloop
  endfacet
  facet normal 0.704043 -0.0927477 -0.704075
    outer loop
      vertex 69.5326 1.58933 0.782477
      vertex 69.2175 2 0.413294
      vertex 69.5867 2 0.782477
    endloop
  endfacet
  facet normal -0.801812 -0.332119 0.496785
    outer loop
      vertex 0.46736 1.58933 7.21752
      vertex 0.215202 1.52177 6.76537
      vertex 0.399795 1.07612 6.76537
    endloop
  endfacet
  facet normal -0.860448 -0.113281 0.496787
    outer loop
      vertex 0.413294 2 7.21752
      vertex 0.215202 1.52177 6.76537
      vertex 0.46736 1.58933 7.21752
    endloop
  endfacet
  facet normal -0.563399 -0.432308 0.704053
    outer loop
      vertex 1.13908 1.13908 7.58671
      vertex 0.625873 1.20665 7.21752
      vertex 0.87803 0.87803 7.21752
    endloop
  endfacet
  facet normal -0.5634 -0.432303 0.704056
    outer loop
      vertex 0.945595 1.39124 7.58671
      vertex 0.625873 1.20665 7.21752
      vertex 1.13908 1.13908 7.58671
    endloop
  endfacet
  facet normal -0.688543 0.5279 0.497223
    outer loop
      vertex 0.693438 109.307 6.76537
      vertex 0.399795 108.924 6.76537
      vertex 0.625873 108.793 7.21752
    endloop
  endfacet
  facet normal -0.65609 0.272248 0.703866
    outer loop
      vertex 0.625873 108.793 7.21752
      vertex 0.46736 108.411 7.21752
      vertex 0.945595 108.609 7.58671
    endloop
  endfacet
  facet normal -0.0664448 0.498526 0.864325
    outer loop
      vertex 2 109.218 7.58671
      vertex 1.68488 109.176 7.58671
      vertex 1.80191 108.739 7.84776
    endloop
  endfacet
  facet normal -0.0937606 0.703472 0.704511
    outer loop
      vertex 2 109.218 7.58671
      vertex 1.58933 109.533 7.21752
      vertex 1.68488 109.176 7.58671
    endloop
  endfacet
  facet normal -0.113356 0.860484 0.496707
    outer loop
      vertex 2 109.848 6.76537
      vertex 1.52177 109.785 6.76537
      vertex 2 109.587 7.21752
    endloop
  endfacet
  facet normal -0.113162 0.860599 0.496552
    outer loop
      vertex 2 109.587 7.21752
      vertex 1.52177 109.785 6.76537
      vertex 1.58933 109.533 7.21752
    endloop
  endfacet
  facet normal -0.793589 0.608455 0
    outer loop
      vertex 0.282767 108.991 1.73895
      vertex 0.597886 109.402 6.26105
      vertex 0.597886 109.402 1.73895
    endloop
  endfacet
  facet normal -0.793589 0.608455 0
    outer loop
      vertex 0.597886 109.402 6.26105
      vertex 0.282767 108.991 1.73895
      vertex 0.282767 108.991 6.26105
    endloop
  endfacet
  facet normal -0.191796 0.465838 0.863834
    outer loop
      vertex 1.80191 108.739 7.84776
      vertex 1.39124 109.054 7.58671
      vertex 1.61732 108.663 7.84776
    endloop
  endfacet
  facet normal -0.307195 0.399152 0.863892
    outer loop
      vertex 1.61732 108.663 7.84776
      vertex 1.39124 109.054 7.58671
      vertex 1.4588 108.541 7.84776
    endloop
  endfacet
  facet normal 0.241185 0.0997332 0.965341
    outer loop
      vertex 68.6628 108.383 7.84776
      vertex 68.2522 108.068 7.98289
      vertex 68.7393 108.198 7.84776
    endloop
  endfacet
  facet normal 0.258705 0.034102 0.965354
    outer loop
      vertex 68.7393 108.198 7.84776
      vertex 68.2522 108.068 7.98289
      vertex 68.7654 108 7.84776
    endloop
  endfacet
  facet normal 0 0 1
    outer loop
      vertex 68 108.261 7.98289
      vertex 68.2611 108 7.98289
      vertex 68.2522 108.068 7.98289
    endloop
  endfacet
  facet normal 0 0 1
    outer loop
      vertex 68.2611 108 7.98289
      vertex 1.73895 108 7.98289
      vertex 68.2611 2 7.98289
    endloop
  endfacet
  facet normal 0 0 1
    outer loop
      vertex 68 108.261 7.98289
      vertex 68.2522 108.068 7.98289
      vertex 68.2261 108.131 7.98289
    endloop
  endfacet
  facet normal 0 0 1
    outer loop
      vertex 68.2611 108 7.98289
      vertex 68 108.261 7.98289
      vertex 1.73895 108 7.98289
    endloop
  endfacet
  facet normal 0 0 1
    outer loop
      vertex 68 108.261 7.98289
      vertex 68.2261 108.131 7.98289
      vertex 68.1846 108.185 7.98289
    endloop
  endfacet
  facet normal 0 0 1
    outer loop
      vertex 1.73895 2 7.98289
      vertex 68.2611 2 7.98289
      vertex 1.73895 108 7.98289
    endloop
  endfacet
  facet normal 0 0 1
    outer loop
      vertex 68 108.261 7.98289
      vertex 68.1846 108.185 7.98289
      vertex 68.1305 108.226 7.98289
    endloop
  endfacet
  facet normal 0 0 1
    outer loop
      vertex 68.2522 1.93244 7.98289
      vertex 68 1.73895 7.98289
      vertex 68.2261 1.86947 7.98289
    endloop
  endfacet
  facet normal 0 0 1
    outer loop
      vertex 68 108.261 7.98289
      vertex 68.1305 108.226 7.98289
      vertex 68.0676 108.252 7.98289
    endloop
  endfacet
  facet normal 0 0 1
    outer loop
      vertex 68.2261 1.86947 7.98289
      vertex 68 1.73895 7.98289
      vertex 68.1846 1.81541 7.98289
    endloop
  endfacet
  facet normal 0 0 1
    outer loop
      vertex 68.1846 1.81541 7.98289
      vertex 68 1.73895 7.98289
      vertex 68.1305 1.77392 7.98289
    endloop
  endfacet
  facet normal 0 0 1
    outer loop
      vertex 68.1305 1.77392 7.98289
      vertex 68 1.73895 7.98289
      vertex 68.0676 1.74784 7.98289
    endloop
  endfacet
  facet normal 0 0 1
    outer loop
      vertex 1.73895 108 7.98289
      vertex 68 108.261 7.98289
      vertex 2 108.261 7.98289
    endloop
  endfacet
  facet normal 0 -0 1
    outer loop
      vertex 68 1.73895 7.98289
      vertex 68.2611 2 7.98289
      vertex 1.73895 2 7.98289
    endloop
  endfacet
  facet normal 0 0 1
    outer loop
      vertex 1.73895 108 7.98289
      vertex 2 108.261 7.98289
      vertex 1.93244 108.252 7.98289
    endloop
  endfacet
  facet normal 0 0 1
    outer loop
      vertex 68.2611 2 7.98289
      vertex 68 1.73895 7.98289
      vertex 68.2522 1.93244 7.98289
    endloop
  endfacet
  facet normal 0 0 1
    outer loop
      vertex 1.73895 108 7.98289
      vertex 1.93244 108.252 7.98289
      vertex 1.86947 108.226 7.98289
    endloop
  endfacet
  facet normal 0 0 1
    outer loop
      vertex 68 1.73895 7.98289
      vertex 1.73895 2 7.98289
      vertex 2 1.73895 7.98289
    endloop
  endfacet
  facet normal 0 0 1
    outer loop
      vertex 1.73895 108 7.98289
      vertex 1.86947 108.226 7.98289
      vertex 1.81541 108.185 7.98289
    endloop
  endfacet
  facet normal 0 0 1
    outer loop
      vertex 2 1.73895 7.98289
      vertex 1.73895 2 7.98289
      vertex 1.93244 1.74784 7.98289
    endloop
  endfacet
  facet normal 0 0 1
    outer loop
      vertex 1.73895 108 7.98289
      vertex 1.81541 108.185 7.98289
      vertex 1.77392 108.131 7.98289
    endloop
  endfacet
  facet normal 0 0 1
    outer loop
      vertex 1.93244 1.74784 7.98289
      vertex 1.73895 2 7.98289
      vertex 1.86947 1.77392 7.98289
    endloop
  endfacet
  facet normal 0 0 1
    outer loop
      vertex 1.73895 108 7.98289
      vertex 1.77392 108.131 7.98289
      vertex 1.74784 108.068 7.98289
    endloop
  endfacet
  facet normal 0 0 1
    outer loop
      vertex 1.86947 1.77392 7.98289
      vertex 1.73895 2 7.98289
      vertex 1.81541 1.81541 7.98289
    endloop
  endfacet
  facet normal 0 0 1
    outer loop
      vertex 1.81541 1.81541 7.98289
      vertex 1.73895 2 7.98289
      vertex 1.77392 1.86947 7.98289
    endloop
  endfacet
  facet normal 0 0 1
    outer loop
      vertex 1.77392 1.86947 7.98289
      vertex 1.73895 2 7.98289
      vertex 1.74784 1.93244 7.98289
    endloop
  endfacet
  facet normal 0.272348 0.65552 0.704358
    outer loop
      vertex 68.7934 109.374 7.21752
      vertex 68.4107 109.533 7.21752
      vertex 68.6088 109.054 7.58671
    endloop
  endfacet
  facet normal 0.15925 0.206895 0.965315
    outer loop
      vertex 68.3827 108.663 7.84776
      vertex 68.1846 108.185 7.98289
      vertex 68.5412 108.541 7.84776
    endloop
  endfacet
  facet normal 0.893116 0.369662 0.256309
    outer loop
      vertex 69.7172 108.991 6.26105
      vertex 69.6002 108.924 6.76537
      vertex 69.7848 108.478 6.76537
    endloop
  endfacet
  facet normal 0.688732 0.527749 0.497121
    outer loop
      vertex 69.3066 109.307 6.76537
      vertex 69.122 109.122 7.21752
      vertex 69.3741 108.793 7.21752
    endloop
  endfacet
  facet normal -0.587545 0.767382 0.256738
    outer loop
      vertex 1.00856 109.717 6.26105
      vertex 0.693438 109.307 6.76537
      vertex 1.07612 109.6 6.76537
    endloop
  endfacet
  facet normal -0.333005 0.801473 0.496738
    outer loop
      vertex 1.58933 109.533 7.21752
      vertex 1.07612 109.6 6.76537
      vertex 1.20665 109.374 7.21752
    endloop
  endfacet
  facet normal 0.332994 0.801489 0.49672
    outer loop
      vertex 68.9239 109.6 6.76537
      vertex 68.4107 109.533 7.21752
      vertex 68.7934 109.374 7.21752
    endloop
  endfacet
  facet normal 0.192989 0.464598 0.864236
    outer loop
      vertex 68.3151 109.176 7.58671
      vertex 68.1981 108.739 7.84776
      vertex 68.6088 109.054 7.58671
    endloop
  endfacet
  facet normal 0.76717 0.588097 0.25611
    outer loop
      vertex 69.7172 108.991 6.26105
      vertex 69.3066 109.307 6.76537
      vertex 69.6002 108.924 6.76537
    endloop
  endfacet
  facet normal 0.767148 0.588147 0.256061
    outer loop
      vertex 69.4021 109.402 6.26105
      vertex 69.3066 109.307 6.76537
      vertex 69.7172 108.991 6.26105
    endloop
  endfacet
  facet normal 0.431521 0.563661 0.704326
    outer loop
      vertex 68.7934 109.374 7.21752
      vertex 68.6088 109.054 7.58671
      vertex 68.8609 108.861 7.58671
    endloop
  endfacet
  facet normal 0.432168 0.563534 0.704032
    outer loop
      vertex 69.122 109.122 7.21752
      vertex 68.7934 109.374 7.21752
      vertex 68.8609 108.861 7.58671
    endloop
  endfacet
  facet normal 0.563546 0.432723 -0.70368
    outer loop
      vertex 69.0544 108.609 0.413294
      vertex 68.8609 108.861 0.413294
      vertex 69.3741 108.793 0.782477
    endloop
  endfacet
  facet normal 0.688733 0.52775 -0.497119
    outer loop
      vertex 69.3741 108.793 0.782477
      vertex 69.122 109.122 0.782477
      vertex 69.3066 109.307 1.23463
    endloop
  endfacet
  facet normal 0.157404 0.207697 0.965446
    outer loop
      vertex 68.3827 108.663 7.84776
      vertex 68.1305 108.226 7.98289
      vertex 68.1846 108.185 7.98289
    endloop
  endfacet
  facet normal 0.306352 -0.399217 0.864161
    outer loop
      vertex 68.5412 1.4588 7.84776
      vertex 68.3827 1.33717 7.84776
      vertex 68.6088 0.945595 7.58671
    endloop
  endfacet
  facet normal 0.158832 -0.206979 0.965366
    outer loop
      vertex 68.5412 1.4588 7.84776
      vertex 68.1846 1.81541 7.98289
      vertex 68.3827 1.33717 7.84776
    endloop
  endfacet
  facet normal 0.432367 -0.56335 0.704056
    outer loop
      vertex 68.8609 1.13908 7.58671
      vertex 68.6088 0.945595 7.58671
      vertex 68.7934 0.625873 7.21752
    endloop
  endfacet
  facet normal 0.432306 -0.563362 0.704084
    outer loop
      vertex 68.8609 1.13908 7.58671
      vertex 68.7934 0.625873 7.21752
      vertex 69.122 0.87803 7.21752
    endloop
  endfacet
  facet normal 0.860402 -0.113346 0.496851
    outer loop
      vertex 69.5867 2 7.21752
      vertex 69.5326 1.58933 7.21752
      vertex 69.7848 1.52177 6.76537
    endloop
  endfacet
  facet normal 0.704049 -0.0927486 0.704068
    outer loop
      vertex 69.5867 2 7.21752
      vertex 69.2175 2 7.58671
      vertex 69.5326 1.58933 7.21752
    endloop
  endfacet
  facet normal -0.191797 0.46584 -0.863832
    outer loop
      vertex 1.61732 108.663 0.152242
      vertex 1.39124 109.054 0.413294
      vertex 1.80191 108.739 0.152242
    endloop
  endfacet
  facet normal -0.307197 0.399154 -0.86389
    outer loop
      vertex 1.4588 108.541 0.152242
      vertex 1.39124 109.054 0.413294
      vertex 1.61732 108.663 0.152242
    endloop
  endfacet
  facet normal 0.703997 0.0927488 -0.70412
    outer loop
      vertex 69.2175 108 0.413294
      vertex 69.176 108.315 0.413294
      vertex 69.5326 108.411 0.782477
    endloop
  endfacet
  facet normal 0.498953 0.065735 -0.864133
    outer loop
      vertex 69.2175 108 0.413294
      vertex 68.7393 108.198 0.152242
      vertex 69.176 108.315 0.413294
    endloop
  endfacet
  facet normal 0.801779 -0.332118 -0.496838
    outer loop
      vertex 69.6002 1.07612 1.23463
      vertex 69.5326 1.58933 0.782477
      vertex 69.7848 1.52177 1.23463
    endloop
  endfacet
  facet normal -0.563394 -0.432304 -0.70406
    outer loop
      vertex 0.87803 0.87803 0.782477
      vertex 0.625873 1.20665 0.782477
      vertex 1.13908 1.13908 0.413294
    endloop
  endfacet
  facet normal -0.688533 -0.528326 -0.496784
    outer loop
      vertex 0.693438 0.693438 1.23463
      vertex 0.625873 1.20665 0.782477
      vertex 0.87803 0.87803 0.782477
    endloop
  endfacet
  facet normal -0.588352 -0.766761 -0.256749
    outer loop
      vertex 1.00856 0.282767 1.73895
      vertex 0.597886 0.597886 1.73895
      vertex 0.693438 0.693438 1.23463
    endloop
  endfacet
  facet normal -0.766759 -0.588356 -0.256745
    outer loop
      vertex 0.693438 0.693438 1.23463
      vertex 0.282767 1.00856 1.73895
      vertex 0.399795 1.07612 1.23463
    endloop
  endfacet
  facet normal -0.892911 -0.369853 -0.256747
    outer loop
      vertex 0.282767 1.00856 1.73895
      vertex 0.215202 1.52177 1.23463
      vertex 0.399795 1.07612 1.23463
    endloop
  endfacet
  facet normal -0.588352 -0.766761 0.256749
    outer loop
      vertex 0.693438 0.693438 6.76537
      vertex 0.597886 0.597886 6.26105
      vertex 1.00856 0.282767 6.26105
    endloop
  endfacet
  facet normal -0.892907 -0.369858 0.256752
    outer loop
      vertex 0.215202 1.52177 6.76537
      vertex 0.0846758 1.48679 6.26105
      vertex 0.282767 1.00856 6.26105
    endloop
  endfacet
  facet normal 0 -0.965926 0.258817
    outer loop
      vertex 2 0.0171108 6.26105
      vertex 68 0.152242 6.76537
      vertex 2 0.152242 6.76537
    endloop
  endfacet
  facet normal 0 -0.965926 0.258817
    outer loop
      vertex 68 0.152242 6.76537
      vertex 2 0.0171108 6.26105
      vertex 68 0.0171108 6.26105
    endloop
  endfacet
  facet normal -0.206976 -0.15885 -0.965364
    outer loop
      vertex 1.81541 1.81541 0.0171108
      vertex 1.33717 1.61732 0.152242
      vertex 1.77392 1.86947 0.0171108
    endloop
  endfacet
  facet normal -0.0998338 -0.241048 -0.965365
    outer loop
      vertex 1.93244 1.74784 0.0171108
      vertex 1.61732 1.33717 0.152242
      vertex 1.86947 1.77392 0.0171108
    endloop
  endfacet
  facet normal 0 -0.258817 -0.965926
    outer loop
      vertex 2 1.23463 0.152242
      vertex 68 1.73895 0.0171108
      vertex 68 1.23463 0.152242
    endloop
  endfacet
  facet normal -0 -0.258817 -0.965926
    outer loop
      vertex 68 1.73895 0.0171108
      vertex 2 1.23463 0.152242
      vertex 2 1.73895 0.0171108
    endloop
  endfacet
  facet normal -0.0340372 -0.258667 -0.965367
    outer loop
      vertex 2 1.23463 0.152242
      vertex 1.93244 1.74784 0.0171108
      vertex 2 1.73895 0.0171108
    endloop
  endfacet
  facet normal -0.130525 -0.991445 0
    outer loop
      vertex 1.48679 0.0846758 1.73895
      vertex 2 0.0171108 6.26105
      vertex 1.48679 0.0846758 6.26105
    endloop
  endfacet
  facet normal -0.130525 -0.991445 -0
    outer loop
      vertex 2 0.0171108 6.26105
      vertex 1.48679 0.0846758 1.73895
      vertex 2 0.0171108 1.73895
    endloop
  endfacet
  facet normal -0.271761 -0.656081 -0.704062
    outer loop
      vertex 1.58933 0.46736 0.782477
      vertex 1.39124 0.945595 0.413294
      vertex 1.68488 0.823964 0.413294
    endloop
  endfacet
  facet normal -0.092693 -0.704062 -0.704063
    outer loop
      vertex 2 0.782477 0.413294
      vertex 1.58933 0.46736 0.782477
      vertex 1.68488 0.823964 0.413294
    endloop
  endfacet
  facet normal 0.113274 -0.860457 -0.496772
    outer loop
      vertex 68.4782 0.215202 1.23463
      vertex 68 0.413294 0.782477
      vertex 68.4107 0.46736 0.782477
    endloop
  endfacet
  facet normal 0.0926853 -0.704063 -0.704063
    outer loop
      vertex 68.4107 0.46736 0.782477
      vertex 68 0.413294 0.782477
      vertex 68 0.782477 0.413294
    endloop
  endfacet
  facet normal 0.332113 -0.801824 -0.496769
    outer loop
      vertex 68.9239 0.399795 1.23463
      vertex 68.4107 0.46736 0.782477
      vertex 68.7934 0.625873 0.782477
    endloop
  endfacet
  facet normal 0.192566 -0.464919 -0.864158
    outer loop
      vertex 68.6088 0.945595 0.413294
      vertex 68.1981 1.26071 0.152242
      vertex 68.3827 1.33717 0.152242
    endloop
  endfacet
  facet normal 0.707091 0 -0.707123
    outer loop
      vertex 69.2175 2 0.413294
      vertex 69.5867 108 0.782477
      vertex 69.5867 2 0.782477
    endloop
  endfacet
  facet normal 0.707091 0 -0.707123
    outer loop
      vertex 69.5867 108 0.782477
      vertex 69.2175 2 0.413294
      vertex 69.2175 108 0.413294
    endloop
  endfacet
  facet normal 0.464966 -0.192548 -0.864136
    outer loop
      vertex 69.0544 1.39124 0.413294
      vertex 68.7393 1.80191 0.152242
      vertex 69.176 1.68488 0.413294
    endloop
  endfacet
  facet normal -0.527611 0.689104 0.496752
    outer loop
      vertex 1.07612 109.6 6.76537
      vertex 0.693438 109.307 6.76537
      vertex 1.20665 109.374 7.21752
    endloop
  endfacet
  facet normal -0.688676 0.527825 0.497118
    outer loop
      vertex 0.693438 109.307 6.76537
      vertex 0.625873 108.793 7.21752
      vertex 0.87803 109.122 7.21752
    endloop
  endfacet
  facet normal -0.272359 0.655511 -0.704362
    outer loop
      vertex 1.39124 109.054 0.413294
      vertex 1.20665 109.374 0.782477
      vertex 1.58933 109.533 0.782477
    endloop
  endfacet
  facet normal -0.688677 0.527826 -0.497115
    outer loop
      vertex 0.87803 109.122 0.782477
      vertex 0.625873 108.793 0.782477
      vertex 0.693438 109.307 1.23463
    endloop
  endfacet
  facet normal 0.206974 -0.158887 0.965358
    outer loop
      vertex 68.2261 1.86947 7.98289
      vertex 68.1846 1.81541 7.98289
      vertex 68.6628 1.61732 7.84776
    endloop
  endfacet
  facet normal 0.241032 -0.0999036 0.965362
    outer loop
      vertex 68.2522 1.93244 7.98289
      vertex 68.2261 1.86947 7.98289
      vertex 68.6628 1.61732 7.84776
    endloop
  endfacet
  facet normal 0.399236 -0.306362 0.864148
    outer loop
      vertex 69.0544 1.39124 7.58671
      vertex 68.5412 1.4588 7.84776
      vertex 68.8609 1.13908 7.58671
    endloop
  endfacet
  facet normal -0.767115 0.588157 0.256136
    outer loop
      vertex 0.597886 109.402 6.26105
      vertex 0.282767 108.991 6.26105
      vertex 0.693438 109.307 6.76537
    endloop
  endfacet
  facet normal -0.801444 0.332564 0.49708
    outer loop
      vertex 0.625873 108.793 7.21752
      vertex 0.399795 108.924 6.76537
      vertex 0.46736 108.411 7.21752
    endloop
  endfacet
  facet normal 0.272295 0.655516 0.704382
    outer loop
      vertex 68.4107 109.533 7.21752
      vertex 68.3151 109.176 7.58671
      vertex 68.6088 109.054 7.58671
    endloop
  endfacet
  facet normal 0.0937655 0.703465 0.704518
    outer loop
      vertex 68.4107 109.533 7.21752
      vertex 68 109.218 7.58671
      vertex 68.3151 109.176 7.58671
    endloop
  endfacet
  facet normal 0.5637 0.431941 -0.704038
    outer loop
      vertex 69.3741 108.793 0.782477
      vertex 68.8609 108.861 0.413294
      vertex 69.122 109.122 0.782477
    endloop
  endfacet
  facet normal 0.432164 0.563528 -0.704038
    outer loop
      vertex 68.8609 108.861 0.413294
      vertex 68.7934 109.374 0.782477
      vertex 69.122 109.122 0.782477
    endloop
  endfacet
  facet normal 0.656114 -0.271752 0.704035
    outer loop
      vertex 69.5326 1.58933 7.21752
      vertex 69.0544 1.39124 7.58671
      vertex 69.3741 1.20665 7.21752
    endloop
  endfacet
  facet normal 0.464963 -0.192547 0.864138
    outer loop
      vertex 69.176 1.68488 7.58671
      vertex 68.7393 1.80191 7.84776
      vertex 69.0544 1.39124 7.58671
    endloop
  endfacet
  facet normal -0.431453 0.563705 -0.704333
    outer loop
      vertex 1.39124 109.054 0.413294
      vertex 1.13908 108.861 0.413294
      vertex 1.20665 109.374 0.782477
    endloop
  endfacet
  facet normal -0.432166 0.563565 -0.704007
    outer loop
      vertex 1.13908 108.861 0.413294
      vertex 0.87803 109.122 0.782477
      vertex 1.20665 109.374 0.782477
    endloop
  endfacet
  facet normal -0.272348 0.655511 -0.704367
    outer loop
      vertex 1.68488 109.176 0.413294
      vertex 1.39124 109.054 0.413294
      vertex 1.58933 109.533 0.782477
    endloop
  endfacet
  facet normal -0.0937597 0.703466 -0.704518
    outer loop
      vertex 1.68488 109.176 0.413294
      vertex 1.58933 109.533 0.782477
      vertex 2 109.218 0.413294
    endloop
  endfacet
  facet normal -0.528326 -0.688533 -0.496784
    outer loop
      vertex 1.20665 0.625873 0.782477
      vertex 0.693438 0.693438 1.23463
      vertex 0.87803 0.87803 0.782477
    endloop
  endfacet
  facet normal -0.688529 -0.528328 -0.496787
    outer loop
      vertex 0.693438 0.693438 1.23463
      vertex 0.399795 1.07612 1.23463
      vertex 0.625873 1.20665 0.782477
    endloop
  endfacet
  facet normal -0.801809 -0.332124 -0.496786
    outer loop
      vertex 0.625873 1.20665 0.782477
      vertex 0.399795 1.07612 1.23463
      vertex 0.46736 1.58933 0.782477
    endloop
  endfacet
  facet normal -0.656081 -0.271761 -0.704062
    outer loop
      vertex 0.625873 1.20665 0.782477
      vertex 0.46736 1.58933 0.782477
      vertex 0.945595 1.39124 0.413294
    endloop
  endfacet
  facet normal -0.0340557 -0.25867 -0.965365
    outer loop
      vertex 2 1.23463 0.152242
      vertex 1.80191 1.26071 0.152242
      vertex 1.93244 1.74784 0.0171108
    endloop
  endfacet
  facet normal -0.0656867 -0.498922 -0.864154
    outer loop
      vertex 2 0.782477 0.413294
      vertex 1.80191 1.26071 0.152242
      vertex 2 1.23463 0.152242
    endloop
  endfacet
  facet normal -0.271761 -0.656081 -0.704062
    outer loop
      vertex 1.58933 0.46736 0.782477
      vertex 1.20665 0.625873 0.782477
      vertex 1.39124 0.945595 0.413294
    endloop
  endfacet
  facet normal -0.113281 -0.860449 -0.496784
    outer loop
      vertex 2 0.413294 0.782477
      vertex 1.52177 0.215202 1.23463
      vertex 1.58933 0.46736 0.782477
    endloop
  endfacet
  facet normal 0.563415 -0.432222 -0.704093
    outer loop
      vertex 69.122 0.87803 0.782477
      vertex 68.8609 1.13908 0.413294
      vertex 69.3741 1.20665 0.782477
    endloop
  endfacet
  facet normal 0.432302 -0.563357 -0.704091
    outer loop
      vertex 69.122 0.87803 0.782477
      vertex 68.7934 0.625873 0.782477
      vertex 68.8609 1.13908 0.413294
    endloop
  endfacet
  facet normal 0.271747 -0.656083 -0.704065
    outer loop
      vertex 68.7934 0.625873 0.782477
      vertex 68.4107 0.46736 0.782477
      vertex 68.6088 0.945595 0.413294
    endloop
  endfacet
  facet normal 0.192547 -0.464939 -0.864151
    outer loop
      vertex 68.3151 0.823964 0.413294
      vertex 68.1981 1.26071 0.152242
      vertex 68.6088 0.945595 0.413294
    endloop
  endfacet
  facet normal 0.656108 -0.27175 -0.704041
    outer loop
      vertex 69.3741 1.20665 0.782477
      vertex 69.0544 1.39124 0.413294
      vertex 69.5326 1.58933 0.782477
    endloop
  endfacet
  facet normal 0.766808 -0.588308 -0.256707
    outer loop
      vertex 69.7172 1.00856 1.73895
      vertex 69.3066 0.693438 1.23463
      vertex 69.6002 1.07612 1.23463
    endloop
  endfacet
  facet normal 0.688553 -0.528269 -0.496816
    outer loop
      vertex 69.6002 1.07612 1.23463
      vertex 69.3066 0.693438 1.23463
      vertex 69.3741 1.20665 0.782477
    endloop
  endfacet
  facet normal 0.241039 -0.0998942 0.965361
    outer loop
      vertex 68.7393 1.80191 7.84776
      vertex 68.2522 1.93244 7.98289
      vertex 68.6628 1.61732 7.84776
    endloop
  endfacet
  facet normal -0.76712 0.588145 0.256147
    outer loop
      vertex 0.693438 109.307 6.76537
      vertex 0.282767 108.991 6.26105
      vertex 0.399795 108.924 6.76537
    endloop
  endfacet
  facet normal -0.893109 0.369645 0.256355
    outer loop
      vertex 0.282767 108.991 6.26105
      vertex 0.215202 108.478 6.76537
      vertex 0.399795 108.924 6.76537
    endloop
  endfacet
  facet normal 0.498961 -0.0657423 0.864127
    outer loop
      vertex 68.7654 2 7.84776
      vertex 68.7393 1.80191 7.84776
      vertex 69.2175 2 7.58671
    endloop
  endfacet
  facet normal -0.099843 -0.241041 -0.965365
    outer loop
      vertex 1.80191 1.26071 0.152242
      vertex 1.61732 1.33717 0.152242
      vertex 1.93244 1.74784 0.0171108
    endloop
  endfacet
  facet normal -0.192577 -0.464921 -0.864154
    outer loop
      vertex 1.80191 1.26071 0.152242
      vertex 1.39124 0.945595 0.413294
      vertex 1.61732 1.33717 0.152242
    endloop
  endfacet
  facet normal -0.33212 -0.801813 -0.496782
    outer loop
      vertex 1.52177 0.215202 1.23463
      vertex 1.07612 0.399795 1.23463
      vertex 1.58933 0.46736 0.782477
    endloop
  endfacet
  facet normal -0.369853 -0.892911 -0.256747
    outer loop
      vertex 1.52177 0.215202 1.23463
      vertex 1.00856 0.282767 1.73895
      vertex 1.07612 0.399795 1.23463
    endloop
  endfacet
  facet normal 0.306391 -0.399209 -0.864151
    outer loop
      vertex 68.6088 0.945595 0.413294
      vertex 68.5412 1.4588 0.152242
      vertex 68.8609 1.13908 0.413294
    endloop
  endfacet
  facet normal 0.528343 -0.688514 -0.496792
    outer loop
      vertex 69.3066 0.693438 1.23463
      vertex 68.7934 0.625873 0.782477
      vertex 69.122 0.87803 0.782477
    endloop
  endfacet
  facet normal 0.271705 -0.656081 -0.704084
    outer loop
      vertex 68.4107 0.46736 0.782477
      vertex 68.3151 0.823964 0.413294
      vertex 68.6088 0.945595 0.413294
    endloop
  endfacet
  facet normal 0.0926979 -0.704055 -0.70407
    outer loop
      vertex 68.4107 0.46736 0.782477
      vertex 68 0.782477 0.413294
      vertex 68.3151 0.823964 0.413294
    endloop
  endfacet
  facet normal 0.498964 -0.0657427 -0.864125
    outer loop
      vertex 69.2175 2 0.413294
      vertex 68.7393 1.80191 0.152242
      vertex 68.7654 2 0.152242
    endloop
  endfacet
  facet normal 0.70406 -0.0927218 -0.704061
    outer loop
      vertex 69.5326 1.58933 0.782477
      vertex 69.176 1.68488 0.413294
      vertex 69.2175 2 0.413294
    endloop
  endfacet
  facet normal 0.892912 -0.369876 -0.256709
    outer loop
      vertex 69.9153 1.48679 1.73895
      vertex 69.7172 1.00856 1.73895
      vertex 69.7848 1.52177 1.23463
    endloop
  endfacet
  facet normal 0.801804 -0.332094 -0.496814
    outer loop
      vertex 69.6002 1.07612 1.23463
      vertex 69.3741 1.20665 0.782477
      vertex 69.5326 1.58933 0.782477
    endloop
  endfacet
  facet normal 0.258825 0 0.965924
    outer loop
      vertex 68.2611 108 7.98289
      vertex 68.7654 2 7.84776
      vertex 68.7654 108 7.84776
    endloop
  endfacet
  facet normal 0.258825 0 0.965924
    outer loop
      vertex 68.7654 2 7.84776
      vertex 68.2611 108 7.98289
      vertex 68.2611 2 7.98289
    endloop
  endfacet
  facet normal 0.034054 -0.25867 0.965365
    outer loop
      vertex 68.0676 1.74784 7.98289
      vertex 68 1.23463 7.84776
      vertex 68.1981 1.26071 7.84776
    endloop
  endfacet
  facet normal 0.207012 -0.158798 0.965365
    outer loop
      vertex 68.6628 1.61732 7.84776
      vertex 68.1846 1.81541 7.98289
      vertex 68.5412 1.4588 7.84776
    endloop
  endfacet
  facet normal 0.192546 -0.464937 0.864153
    outer loop
      vertex 68.6088 0.945595 7.58671
      vertex 68.1981 1.26071 7.84776
      vertex 68.3151 0.823964 7.58671
    endloop
  endfacet
  facet normal 0.656111 -0.271704 0.704056
    outer loop
      vertex 69.176 1.68488 7.58671
      vertex 69.0544 1.39124 7.58671
      vertex 69.5326 1.58933 7.21752
    endloop
  endfacet
  facet normal 0.704067 -0.0927227 0.704054
    outer loop
      vertex 69.2175 2 7.58671
      vertex 69.176 1.68488 7.58671
      vertex 69.5326 1.58933 7.21752
    endloop
  endfacet
  facet normal -0.432304 -0.563394 -0.70406
    outer loop
      vertex 1.20665 0.625873 0.782477
      vertex 0.87803 0.87803 0.782477
      vertex 1.13908 1.13908 0.413294
    endloop
  endfacet
  facet normal -0.432299 -0.563395 -0.704062
    outer loop
      vertex 1.20665 0.625873 0.782477
      vertex 1.13908 1.13908 0.413294
      vertex 1.39124 0.945595 0.413294
    endloop
  endfacet
  facet normal 0.399239 -0.306364 -0.864147
    outer loop
      vertex 68.8609 1.13908 0.413294
      vertex 68.5412 1.4588 0.152242
      vertex 69.0544 1.39124 0.413294
    endloop
  endfacet
  facet normal 0.563394 -0.432331 -0.704044
    outer loop
      vertex 69.3741 1.20665 0.782477
      vertex 68.8609 1.13908 0.413294
      vertex 69.0544 1.39124 0.413294
    endloop
  endfacet
  facet normal 0.656105 -0.271701 -0.704063
    outer loop
      vertex 69.5326 1.58933 0.782477
      vertex 69.0544 1.39124 0.413294
      vertex 69.176 1.68488 0.413294
    endloop
  endfacet
  facet normal 0.498955 -0.0657103 -0.864133
    outer loop
      vertex 69.176 1.68488 0.413294
      vertex 68.7393 1.80191 0.152242
      vertex 69.2175 2 0.413294
    endloop
  endfacet
  facet normal 0.860404 -0.113346 -0.496848
    outer loop
      vertex 69.7848 1.52177 1.23463
      vertex 69.5326 1.58933 0.782477
      vertex 69.5867 2 0.782477
    endloop
  endfacet
  facet normal 0.860404 -0.113346 -0.496848
    outer loop
      vertex 69.7848 1.52177 1.23463
      vertex 69.5867 2 0.782477
      vertex 69.8478 2 1.23463
    endloop
  endfacet
  facet normal 0.0656831 -0.498919 0.864156
    outer loop
      vertex 68 1.23463 7.84776
      vertex 68 0.782477 7.58671
      vertex 68.1981 1.26071 7.84776
    endloop
  endfacet
  facet normal 0.158759 -0.20701 0.965372
    outer loop
      vertex 68.1846 1.81541 7.98289
      vertex 68.1305 1.77392 7.98289
      vertex 68.3827 1.33717 7.84776
    endloop
  endfacet
  facet normal 0.39926 -0.30627 0.86417
    outer loop
      vertex 68.6628 1.61732 7.84776
      vertex 68.5412 1.4588 7.84776
      vertex 69.0544 1.39124 7.58671
    endloop
  endfacet
  facet normal 0.0998395 -0.241046 0.965365
    outer loop
      vertex 68.3827 1.33717 7.84776
      vertex 68.0676 1.74784 7.98289
      vertex 68.1981 1.26071 7.84776
    endloop
  endfacet
  facet normal 0.0340168 -0.258665 0.965368
    outer loop
      vertex 68 1.73895 7.98289
      vertex 68 1.23463 7.84776
      vertex 68.0676 1.74784 7.98289
    endloop
  endfacet
  facet normal 0.464859 -0.192652 -0.864171
    outer loop
      vertex 69.0544 1.39124 0.413294
      vertex 68.6628 1.61732 0.152242
      vertex 68.7393 1.80191 0.152242
    endloop
  endfacet
  facet normal 0.241041 -0.099895 -0.96536
    outer loop
      vertex 68.6628 1.61732 0.152242
      vertex 68.2522 1.93244 0.0171108
      vertex 68.7393 1.80191 0.152242
    endloop
  endfacet
  facet normal 0.192565 -0.464917 0.864159
    outer loop
      vertex 68.3827 1.33717 7.84776
      vertex 68.1981 1.26071 7.84776
      vertex 68.6088 0.945595 7.58671
    endloop
  endfacet
  facet normal 0.258674 -0.0340764 0.965363
    outer loop
      vertex 68.2611 2 7.98289
      vertex 68.2522 1.93244 7.98289
      vertex 68.7654 2 7.84776
    endloop
  endfacet
endsolid OpenSCAD_Model
