solid OpenSCAD_Model
  facet normal 0 0 -1
    outer loop
      vertex -26.4 -0 0.599991
      vertex -26.3796 1.03646 0.599991
      vertex -24.4 -0 0.599991
    endloop
  endfacet
  facet normal 0 0 -1
    outer loop
      vertex -26.3796 1.03646 0.599991
      vertex -24.3812 0.957939 0.599991
      vertex -24.4 -0 0.599991
    endloop
  endfacet
  facet normal -0.999806 0.0196786 0
    outer loop
      vertex -26.4 -0 2.39999
      vertex -26.3796 1.03646 2.39999
      vertex -26.4 -0 0.599991
    endloop
  endfacet
  facet normal -0.999806 0.0196786 0
    outer loop
      vertex -26.3796 1.03646 2.39999
      vertex -26.3796 1.03646 0.599991
      vertex -26.4 -0 0.599991
    endloop
  endfacet
  facet normal 0 -0 1
    outer loop
      vertex -24.4 -0 2.39999
      vertex -24.3812 0.957939 2.39999
      vertex -26.4 -0 2.39999
    endloop
  endfacet
  facet normal 0 0 1
    outer loop
      vertex -24.3812 0.957939 2.39999
      vertex -26.3796 1.03646 2.39999
      vertex -26.4 -0 2.39999
    endloop
  endfacet
  facet normal -0.999807 0.0196217 0
    outer loop
      vertex -24.4 -0 8
      vertex -24.3812 0.957939 8
      vertex -24.4 -0 2.39999
    endloop
  endfacet
  facet normal -0.999807 0.0196217 0
    outer loop
      vertex -24.3812 0.957939 8
      vertex -24.3812 0.957939 2.39999
      vertex -24.4 -0 2.39999
    endloop
  endfacet
  facet normal -0.883281 0.0173464 -0.468523
    outer loop
      vertex -39.04 -0 35.6
      vertex -39.0099 1.5327 35.6
      vertex -24.4 -0 8
    endloop
  endfacet
  facet normal -0.883281 0.0173348 -0.468523
    outer loop
      vertex -39.0099 1.5327 35.6
      vertex -24.3812 0.957939 8
      vertex -24.4 -0 8
    endloop
  endfacet
  facet normal -0.999807 0.0196348 0
    outer loop
      vertex -39.04 -0 37.2
      vertex -39.0099 1.5327 37.2
      vertex -39.04 -0 35.6
    endloop
  endfacet
  facet normal -0.999807 0.0196348 0
    outer loop
      vertex -39.0099 1.5327 37.2
      vertex -39.0099 1.5327 35.6
      vertex -39.04 -0 35.6
    endloop
  endfacet
  facet normal -0.707039 0.0138931 0.707039
    outer loop
      vertex -38.24 -0 38
      vertex -38.2105 1.50129 38
      vertex -39.04 -0 37.2
    endloop
  endfacet
  facet normal -0.707031 0.0138851 0.707046
    outer loop
      vertex -38.2105 1.50129 38
      vertex -39.0099 1.5327 37.2
      vertex -39.04 -0 37.2
    endloop
  endfacet
  facet normal 0 -0 1
    outer loop
      vertex -37.24 -0 38
      vertex -37.2113 1.46204 38
      vertex -38.24 -0 38
    endloop
  endfacet
  facet normal 0 0 1
    outer loop
      vertex -37.2113 1.46204 38
      vertex -38.2105 1.50129 38
      vertex -38.24 -0 38
    endloop
  endfacet
  facet normal 0.999807 -0.0196263 0
    outer loop
      vertex -37.24 -0 35.6
      vertex -37.2113 1.46204 35.6
      vertex -37.24 -0 38
    endloop
  endfacet
  facet normal 0.999807 -0.0196263 0
    outer loop
      vertex -37.2113 1.46204 35.6
      vertex -37.2113 1.46204 38
      vertex -37.24 -0 38
    endloop
  endfacet
  facet normal 0.883281 -0.0173218 0.468523
    outer loop
      vertex -22.6 -0 8
      vertex -22.5826 0.887271 8
      vertex -37.24 -0 35.6
    endloop
  endfacet
  facet normal 0.883281 -0.0173389 0.468523
    outer loop
      vertex -22.5826 0.887271 8
      vertex -37.2113 1.46204 35.6
      vertex -37.24 -0 35.6
    endloop
  endfacet
  facet normal 0.999808 -0.0196069 0
    outer loop
      vertex -22.6 -0 0
      vertex -22.5826 0.887271 0
      vertex -22.6 -0 8
    endloop
  endfacet
  facet normal 0.999808 -0.0196069 0
    outer loop
      vertex -22.5826 0.887271 0
      vertex -22.5826 0.887271 8
      vertex -22.6 -0 8
    endloop
  endfacet
  facet normal 0 0 -1
    outer loop
      vertex -23.8 -0 0
      vertex -23.7816 0.934383 0
      vertex -22.6 -0 0
    endloop
  endfacet
  facet normal 0 0 -1
    outer loop
      vertex -23.7816 0.934383 0
      vertex -22.5826 0.887271 0
      vertex -22.6 -0 0
    endloop
  endfacet
  facet normal -0.707033 0.0138759 -0.707044
    outer loop
      vertex -24.4 -0 0.599991
      vertex -24.3812 0.957939 0.599991
      vertex -23.8 -0 0
    endloop
  endfacet
  facet normal -0.706995 0.0139223 -0.707081
    outer loop
      vertex -24.3812 0.957939 0.599991
      vertex -23.7816 0.934383 0
      vertex -23.8 -0 0
    endloop
  endfacet
  facet normal 0 0 -1
    outer loop
      vertex -26.3796 1.03646 0.599991
      vertex -26.3186 2.07132 0.599991
      vertex -24.3812 0.957939 0.599991
    endloop
  endfacet
  facet normal 0 0 -1
    outer loop
      vertex -26.3186 2.07132 0.599991
      vertex -24.3248 1.9144 0.599991
      vertex -24.3812 0.957939 0.599991
    endloop
  endfacet
  facet normal -0.998267 0.058843 0
    outer loop
      vertex -26.3796 1.03646 2.39999
      vertex -26.3186 2.07132 2.39999
      vertex -26.3796 1.03646 0.599991
    endloop
  endfacet
  facet normal -0.998267 0.058843 0
    outer loop
      vertex -26.3186 2.07132 2.39999
      vertex -26.3186 2.07132 0.599991
      vertex -26.3796 1.03646 0.599991
    endloop
  endfacet
  facet normal 0 -0 1
    outer loop
      vertex -24.3812 0.957939 2.39999
      vertex -24.3248 1.9144 2.39999
      vertex -26.3796 1.03646 2.39999
    endloop
  endfacet
  facet normal 0 0 1
    outer loop
      vertex -24.3248 1.9144 2.39999
      vertex -26.3186 2.07132 2.39999
      vertex -26.3796 1.03646 2.39999
    endloop
  endfacet
  facet normal -0.998266 0.0588651 0
    outer loop
      vertex -24.3812 0.957939 8
      vertex -24.3248 1.9144 8
      vertex -24.3812 0.957939 2.39999
    endloop
  endfacet
  facet normal -0.998266 0.0588651 0
    outer loop
      vertex -24.3248 1.9144 8
      vertex -24.3248 1.9144 2.39999
      vertex -24.3812 0.957939 2.39999
    endloop
  endfacet
  facet normal -0.881918 0.0520389 -0.468522
    outer loop
      vertex -39.0099 1.5327 35.6
      vertex -38.9196 3.06304 35.6
      vertex -24.3812 0.957939 8
    endloop
  endfacet
  facet normal -0.88192 0.0520045 -0.468521
    outer loop
      vertex -38.9196 3.06304 35.6
      vertex -24.3248 1.9144 8
      vertex -24.3812 0.957939 8
    endloop
  endfacet
  facet normal -0.998264 0.058904 0
    outer loop
      vertex -39.0099 1.5327 37.2
      vertex -38.9196 3.06304 37.2
      vertex -39.0099 1.5327 35.6
    endloop
  endfacet
  facet normal -0.998264 0.058904 0
    outer loop
      vertex -38.9196 3.06304 37.2
      vertex -38.9196 3.06304 35.6
      vertex -39.0099 1.5327 35.6
    endloop
  endfacet
  facet normal -0.705941 0.0416315 0.707046
    outer loop
      vertex -38.2105 1.50129 38
      vertex -38.1221 3.00028 38
      vertex -39.0099 1.5327 37.2
    endloop
  endfacet
  facet normal -0.705962 0.0416563 0.707024
    outer loop
      vertex -38.1221 3.00028 38
      vertex -38.9196 3.06304 37.2
      vertex -39.0099 1.5327 37.2
    endloop
  endfacet
  facet normal 0 -0 1
    outer loop
      vertex -37.2113 1.46204 38
      vertex -37.1252 2.92182 38
      vertex -38.2105 1.50129 38
    endloop
  endfacet
  facet normal 0 0 1
    outer loop
      vertex -37.1252 2.92182 38
      vertex -38.1221 3.00028 38
      vertex -38.2105 1.50129 38
    endloop
  endfacet
  facet normal 0.998265 -0.0588792 0
    outer loop
      vertex -37.2113 1.46204 35.6
      vertex -37.1252 2.92182 35.6
      vertex -37.2113 1.46204 38
    endloop
  endfacet
  facet normal 0.998265 -0.0588792 0
    outer loop
      vertex -37.1252 2.92182 35.6
      vertex -37.1252 2.92182 38
      vertex -37.2113 1.46204 38
    endloop
  endfacet
  facet normal 0.881916 -0.0520649 0.468522
    outer loop
      vertex -22.5826 0.887271 8
      vertex -22.5303 1.77317 8
      vertex -37.2113 1.46204 35.6
    endloop
  endfacet
  facet normal 0.881918 -0.0520168 0.468524
    outer loop
      vertex -22.5303 1.77317 8
      vertex -37.1252 2.92182 35.6
      vertex -37.2113 1.46204 35.6
    endloop
  endfacet
  facet normal 0.998262 -0.0589335 0
    outer loop
      vertex -22.5826 0.887271 0
      vertex -22.5303 1.77317 0
      vertex -22.5826 0.887271 8
    endloop
  endfacet
  facet normal 0.998262 -0.0589335 0
    outer loop
      vertex -22.5303 1.77317 0
      vertex -22.5303 1.77317 8
      vertex -22.5826 0.887271 8
    endloop
  endfacet
  facet normal 0 0 -1
    outer loop
      vertex -23.7816 0.934383 0
      vertex -23.7266 1.86733 0
      vertex -22.5826 0.887271 0
    endloop
  endfacet
  facet normal 0 0 -1
    outer loop
      vertex -23.7266 1.86733 0
      vertex -22.5303 1.77317 0
      vertex -22.5826 0.887271 0
    endloop
  endfacet
  facet normal -0.705907 0.0416255 -0.707081
    outer loop
      vertex -24.3812 0.957939 0.599991
      vertex -24.3248 1.9144 0.599991
      vertex -23.7816 0.934383 0
    endloop
  endfacet
  facet normal -0.705915 0.0416158 -0.707073
    outer loop
      vertex -24.3248 1.9144 0.599991
      vertex -23.7266 1.86733 0
      vertex -23.7816 0.934383 0
    endloop
  endfacet
  facet normal 0 0 -1
    outer loop
      vertex -26.3186 2.07132 0.599991
      vertex -26.217 3.10299 0.599991
      vertex -24.3248 1.9144 0.599991
    endloop
  endfacet
  facet normal 0 0 -1
    outer loop
      vertex -26.217 3.10299 0.599991
      vertex -24.2309 2.86791 0.599991
      vertex -24.3248 1.9144 0.599991
    endloop
  endfacet
  facet normal -0.995186 0.098007 0
    outer loop
      vertex -26.3186 2.07132 2.39999
      vertex -26.217 3.10299 2.39999
      vertex -26.3186 2.07132 0.599991
    endloop
  endfacet
  facet normal -0.995186 0.098007 0
    outer loop
      vertex -26.217 3.10299 2.39999
      vertex -26.217 3.10299 0.599991
      vertex -26.3186 2.07132 0.599991
    endloop
  endfacet
  facet normal 0 -0 1
    outer loop
      vertex -24.3248 1.9144 2.39999
      vertex -24.2309 2.86791 2.39999
      vertex -26.3186 2.07132 2.39999
    endloop
  endfacet
  facet normal 0 0 1
    outer loop
      vertex -24.2309 2.86791 2.39999
      vertex -26.217 3.10299 2.39999
      vertex -26.3186 2.07132 2.39999
    endloop
  endfacet
  facet normal -0.995186 0.0980042 0
    outer loop
      vertex -24.3248 1.9144 8
      vertex -24.2309 2.86791 8
      vertex -24.3248 1.9144 2.39999
    endloop
  endfacet
  facet normal -0.995186 0.0980042 0
    outer loop
      vertex -24.2309 2.86791 8
      vertex -24.2309 2.86791 2.39999
      vertex -24.3248 1.9144 2.39999
    endloop
  endfacet
  facet normal -0.879201 0.0865589 -0.468522
    outer loop
      vertex -38.9196 3.06304 35.6
      vertex -38.7694 4.58866 35.6
      vertex -24.3248 1.9144 8
    endloop
  endfacet
  facet normal -0.879199 0.086582 -0.468522
    outer loop
      vertex -38.7694 4.58866 35.6
      vertex -24.2309 2.86791 8
      vertex -24.3248 1.9144 8
    endloop
  endfacet
  facet normal -0.995189 0.0979781 0
    outer loop
      vertex -38.9196 3.06304 37.2
      vertex -38.7694 4.58866 37.2
      vertex -38.9196 3.06304 35.6
    endloop
  endfacet
  facet normal -0.995189 0.0979781 0
    outer loop
      vertex -38.7694 4.58866 37.2
      vertex -38.7694 4.58866 35.6
      vertex -38.9196 3.06304 35.6
    endloop
  endfacet
  facet normal -0.703784 0.0693258 0.707023
    outer loop
      vertex -38.1221 3.00028 38
      vertex -37.9749 4.49463 38
      vertex -38.9196 3.06304 37.2
    endloop
  endfacet
  facet normal -0.703753 0.0692857 0.707058
    outer loop
      vertex -37.9749 4.49463 38
      vertex -38.7694 4.58866 37.2
      vertex -38.9196 3.06304 37.2
    endloop
  endfacet
  facet normal 0 -0 1
    outer loop
      vertex -37.1252 2.92182 38
      vertex -36.9819 4.37709 38
      vertex -38.1221 3.00028 38
    endloop
  endfacet
  facet normal 0 0 1
    outer loop
      vertex -36.9819 4.37709 38
      vertex -37.9749 4.49463 38
      vertex -38.1221 3.00028 38
    endloop
  endfacet
  facet normal 0.995187 -0.0979957 0
    outer loop
      vertex -37.1252 2.92182 35.6
      vertex -36.9819 4.37709 35.6
      vertex -37.1252 2.92182 38
    endloop
  endfacet
  facet normal 0.995187 -0.0979957 0
    outer loop
      vertex -36.9819 4.37709 35.6
      vertex -36.9819 4.37709 38
      vertex -37.1252 2.92182 38
    endloop
  endfacet
  facet normal 0.879195 -0.0866085 0.468524
    outer loop
      vertex -22.5303 1.77317 8
      vertex -22.4433 2.65634 8
      vertex -37.1252 2.92182 35.6
    endloop
  endfacet
  facet normal 0.879198 -0.0865744 0.468525
    outer loop
      vertex -22.4433 2.65634 8
      vertex -36.9819 4.37709 35.6
      vertex -37.1252 2.92182 35.6
    endloop
  endfacet
  facet normal 0.995183 -0.0980343 0
    outer loop
      vertex -22.5303 1.77317 0
      vertex -22.4433 2.65634 0
      vertex -22.5303 1.77317 8
    endloop
  endfacet
  facet normal 0.995183 -0.0980343 0
    outer loop
      vertex -22.4433 2.65634 0
      vertex -22.4433 2.65634 8
      vertex -22.5303 1.77317 8
    endloop
  endfacet
  facet normal 0 0 -1
    outer loop
      vertex -23.7266 1.86733 0
      vertex -23.635 2.79739 0
      vertex -22.5303 1.77317 0
    endloop
  endfacet
  facet normal 0 0 -1
    outer loop
      vertex -23.635 2.79739 0
      vertex -22.4433 2.65634 0
      vertex -22.5303 1.77317 0
    endloop
  endfacet
  facet normal -0.703737 0.0693028 -0.707073
    outer loop
      vertex -24.3248 1.9144 0.599991
      vertex -24.2309 2.86791 0.599991
      vertex -23.7266 1.86733 0
    endloop
  endfacet
  facet normal -0.70373 0.0693092 -0.707078
    outer loop
      vertex -24.2309 2.86791 0.599991
      vertex -23.635 2.79739 0
      vertex -23.7266 1.86733 0
    endloop
  endfacet
  facet normal 0 0 -1
    outer loop
      vertex -26.217 3.10299 0.599991
      vertex -26.075 4.12987 0.599991
      vertex -24.2309 2.86791 0.599991
    endloop
  endfacet
  facet normal 0 0 -1
    outer loop
      vertex -26.075 4.12987 0.599991
      vertex -24.0996 3.817 0.599991
      vertex -24.2309 2.86791 0.599991
    endloop
  endfacet
  facet normal -0.990574 0.136979 0
    outer loop
      vertex -26.217 3.10299 2.39999
      vertex -26.075 4.12987 2.39999
      vertex -26.217 3.10299 0.599991
    endloop
  endfacet
  facet normal -0.990574 0.136979 0
    outer loop
      vertex -26.075 4.12987 2.39999
      vertex -26.075 4.12987 0.599991
      vertex -26.217 3.10299 0.599991
    endloop
  endfacet
  facet normal 0 -0 1
    outer loop
      vertex -24.2309 2.86791 2.39999
      vertex -24.0996 3.817 2.39999
      vertex -26.217 3.10299 2.39999
    endloop
  endfacet
  facet normal 0 0 1
    outer loop
      vertex -24.0996 3.817 2.39999
      vertex -26.075 4.12987 2.39999
      vertex -26.217 3.10299 2.39999
    endloop
  endfacet
  facet normal -0.990566 0.137038 0
    outer loop
      vertex -24.2309 2.86791 8
      vertex -24.0996 3.817 8
      vertex -24.2309 2.86791 2.39999
    endloop
  endfacet
  facet normal -0.990566 0.137038 0
    outer loop
      vertex -24.0996 3.817 8
      vertex -24.0996 3.817 2.39999
      vertex -24.2309 2.86791 2.39999
    endloop
  endfacet
  facet normal -0.875115 0.121078 -0.468522
    outer loop
      vertex -38.7694 4.58866 35.6
      vertex -38.5593 6.1072 35.6
      vertex -24.2309 2.86791 8
    endloop
  endfacet
  facet normal -0.875117 0.121066 -0.468522
    outer loop
      vertex -38.5593 6.1072 35.6
      vertex -24.0996 3.817 8
      vertex -24.2309 2.86791 8
    endloop
  endfacet
  facet normal -0.990564 0.137051 0
    outer loop
      vertex -38.7694 4.58866 37.2
      vertex -38.5593 6.1072 37.2
      vertex -38.7694 4.58866 35.6
    endloop
  endfacet
  facet normal -0.990564 0.137051 0
    outer loop
      vertex -38.5593 6.1072 37.2
      vertex -38.5593 6.1072 35.6
      vertex -38.7694 4.58866 35.6
    endloop
  endfacet
  facet normal -0.700488 0.0968727 0.707059
    outer loop
      vertex -37.9749 4.49463 38
      vertex -37.7692 5.98205 38
      vertex -38.7694 4.58866 37.2
    endloop
  endfacet
  facet normal -0.700524 0.096922 0.707017
    outer loop
      vertex -37.7692 5.98205 38
      vertex -38.5593 6.1072 37.2
      vertex -38.7694 4.58866 37.2
    endloop
  endfacet
  facet normal 0 -0 1
    outer loop
      vertex -36.9819 4.37709 38
      vertex -36.7815 5.82562 38
      vertex -37.9749 4.49463 38
    endloop
  endfacet
  facet normal 0 0 1
    outer loop
      vertex -36.7815 5.82562 38
      vertex -37.7692 5.98205 38
      vertex -37.9749 4.49463 38
    endloop
  endfacet
  facet normal 0.990565 -0.137042 0
    outer loop
      vertex -36.9819 4.37709 35.6
      vertex -36.7815 5.82562 35.6
      vertex -36.9819 4.37709 38
    endloop
  endfacet
  facet normal 0.990565 -0.137042 0
    outer loop
      vertex -36.7815 5.82562 35.6
      vertex -36.7815 5.82562 38
      vertex -36.9819 4.37709 38
    endloop
  endfacet
  facet normal 0.875118 -0.121052 0.468525
    outer loop
      vertex -22.4433 2.65634 8
      vertex -22.3217 3.53542 8
      vertex -36.9819 4.37709 35.6
    endloop
  endfacet
  facet normal 0.875116 -0.12107 0.468524
    outer loop
      vertex -22.3217 3.53542 8
      vertex -36.7815 5.82562 35.6
      vertex -36.9819 4.37709 35.6
    endloop
  endfacet
  facet normal 0.990568 -0.137022 0
    outer loop
      vertex -22.4433 2.65634 0
      vertex -22.3217 3.53542 0
      vertex -22.4433 2.65634 8
    endloop
  endfacet
  facet normal 0.990568 -0.137022 0
    outer loop
      vertex -22.3217 3.53542 0
      vertex -22.3217 3.53542 8
      vertex -22.4433 2.65634 8
    endloop
  endfacet
  facet normal 0 0 -1
    outer loop
      vertex -23.635 2.79739 0
      vertex -23.507 3.72314 0
      vertex -22.4433 2.65634 0
    endloop
  endfacet
  facet normal 0 0 -1
    outer loop
      vertex -23.507 3.72314 0
      vertex -22.3217 3.53542 0
      vertex -22.4433 2.65634 0
    endloop
  endfacet
  facet normal -0.700464 0.0969044 -0.707078
    outer loop
      vertex -24.2309 2.86791 0.599991
      vertex -24.0996 3.817 0.599991
      vertex -23.635 2.79739 0
    endloop
  endfacet
  facet normal -0.700513 0.0968574 -0.707036
    outer loop
      vertex -24.0996 3.817 0.599991
      vertex -23.507 3.72314 0
      vertex -23.635 2.79739 0
    endloop
  endfacet
  facet normal 0 0 -1
    outer loop
      vertex -26.075 4.12987 0.599991
      vertex -25.8927 5.15038 0.599991
      vertex -24.0996 3.817 0.599991
    endloop
  endfacet
  facet normal 0 0 -1
    outer loop
      vertex -25.8927 5.15038 0.599991
      vertex -23.9312 4.7602 0.599991
      vertex -24.0996 3.817 0.599991
    endloop
  endfacet
  facet normal -0.984417 0.175852 0
    outer loop
      vertex -26.075 4.12987 2.39999
      vertex -25.8927 5.15038 2.39999
      vertex -26.075 4.12987 0.599991
    endloop
  endfacet
  facet normal -0.984417 0.175852 0
    outer loop
      vertex -25.8927 5.15038 2.39999
      vertex -25.8927 5.15038 0.599991
      vertex -26.075 4.12987 0.599991
    endloop
  endfacet
  facet normal 0 -0 1
    outer loop
      vertex -24.0996 3.817 2.39999
      vertex -23.9312 4.7602 2.39999
      vertex -26.075 4.12987 2.39999
    endloop
  endfacet
  facet normal 0 0 1
    outer loop
      vertex -23.9312 4.7602 2.39999
      vertex -25.8927 5.15038 2.39999
      vertex -26.075 4.12987 2.39999
    endloop
  endfacet
  facet normal -0.984433 0.175762 0
    outer loop
      vertex -24.0996 3.817 8
      vertex -23.9312 4.7602 8
      vertex -24.0996 3.817 2.39999
    endloop
  endfacet
  facet normal -0.984433 0.175762 0
    outer loop
      vertex -23.9312 4.7602 8
      vertex -23.9312 4.7602 2.39999
      vertex -24.0996 3.817 2.39999
    endloop
  endfacet
  facet normal -0.869703 0.155255 -0.468522
    outer loop
      vertex -38.5593 6.1072 35.6
      vertex -38.2899 7.61632 35.6
      vertex -24.0996 3.817 8
    endloop
  endfacet
  facet normal -0.869698 0.155277 -0.468523
    outer loop
      vertex -38.2899 7.61632 35.6
      vertex -23.9312 4.7602 8
      vertex -24.0996 3.817 8
    endloop
  endfacet
  facet normal -0.984437 0.175736 0
    outer loop
      vertex -38.5593 6.1072 37.2
      vertex -38.2899 7.61632 37.2
      vertex -38.5593 6.1072 35.6
    endloop
  endfacet
  facet normal -0.984437 0.175736 0
    outer loop
      vertex -38.2899 7.61632 37.2
      vertex -38.2899 7.61632 35.6
      vertex -38.5593 6.1072 35.6
    endloop
  endfacet
  facet normal -0.696181 0.124335 0.707017
    outer loop
      vertex -37.7692 5.98205 38
      vertex -37.5052 7.46025 38
      vertex -38.5593 6.1072 37.2
    endloop
  endfacet
  facet normal -0.696139 0.124271 0.707069
    outer loop
      vertex -37.5052 7.46025 38
      vertex -38.2899 7.61632 37.2
      vertex -38.5593 6.1072 37.2
    endloop
  endfacet
  facet normal 0 -0 1
    outer loop
      vertex -36.7815 5.82562 38
      vertex -36.5244 7.26516 38
      vertex -37.7692 5.98205 38
    endloop
  endfacet
  facet normal 0 0 1
    outer loop
      vertex -36.5244 7.26516 38
      vertex -37.5052 7.46025 38
      vertex -37.7692 5.98205 38
    endloop
  endfacet
  facet normal 0.984423 -0.175817 0
    outer loop
      vertex -36.7815 5.82562 35.6
      vertex -36.5244 7.26516 35.6
      vertex -36.7815 5.82562 38
    endloop
  endfacet
  facet normal 0.984423 -0.175817 0
    outer loop
      vertex -36.5244 7.26516 35.6
      vertex -36.5244 7.26516 38
      vertex -36.7815 5.82562 38
    endloop
  endfacet
  facet normal 0.869694 -0.155299 0.468524
    outer loop
      vertex -22.3217 3.53542 8
      vertex -22.1657 4.40904 8
      vertex -36.7815 5.82562 35.6
    endloop
  endfacet
  facet normal 0.86969 -0.155325 0.468523
    outer loop
      vertex -22.1657 4.40904 8
      vertex -36.5244 7.26516 35.6
      vertex -36.7815 5.82562 35.6
    endloop
  endfacet
  facet normal 0.984428 -0.175787 0
    outer loop
      vertex -22.3217 3.53542 0
      vertex -22.1657 4.40904 0
      vertex -22.3217 3.53542 8
    endloop
  endfacet
  facet normal 0.984428 -0.175787 0
    outer loop
      vertex -22.1657 4.40904 0
      vertex -22.1657 4.40904 8
      vertex -22.3217 3.53542 8
    endloop
  endfacet
  facet normal 0 0 -1
    outer loop
      vertex -23.507 3.72314 0
      vertex -23.3427 4.64315 0
      vertex -22.3217 3.53542 0
    endloop
  endfacet
  facet normal 0 0 -1
    outer loop
      vertex -23.3427 4.64315 0
      vertex -22.1657 4.40904 0
      vertex -22.3217 3.53542 0
    endloop
  endfacet
  facet normal -0.696168 0.124295 -0.707037
    outer loop
      vertex -24.0996 3.817 0.599991
      vertex -23.9312 4.7602 0.599991
      vertex -23.507 3.72314 0
    endloop
  endfacet
  facet normal -0.69614 0.12432 -0.70706
    outer loop
      vertex -23.9312 4.7602 0.599991
      vertex -23.3427 4.64315 0
      vertex -23.507 3.72314 0
    endloop
  endfacet
  facet normal 0 0 -1
    outer loop
      vertex -25.8927 5.15038 0.599991
      vertex -25.6706 6.16296 0.599991
      vertex -23.9312 4.7602 0.599991
    endloop
  endfacet
  facet normal 0 0 -1
    outer loop
      vertex -25.6706 6.16296 0.599991
      vertex -23.7258 5.69607 0.599991
      vertex -23.9312 4.7602 0.599991
    endloop
  endfacet
  facet normal -0.976779 0.214247 0
    outer loop
      vertex -25.8927 5.15038 2.39999
      vertex -25.6706 6.16296 2.39999
      vertex -25.8927 5.15038 0.599991
    endloop
  endfacet
  facet normal -0.976779 0.214247 0
    outer loop
      vertex -25.6706 6.16296 2.39999
      vertex -25.6706 6.16296 0.599991
      vertex -25.8927 5.15038 0.599991
    endloop
  endfacet
  facet normal 0 -0 1
    outer loop
      vertex -23.9312 4.7602 2.39999
      vertex -23.7258 5.69607 2.39999
      vertex -25.8927 5.15038 2.39999
    endloop
  endfacet
  facet normal 0 0 1
    outer loop
      vertex -23.7258 5.69607 2.39999
      vertex -25.6706 6.16296 2.39999
      vertex -25.8927 5.15038 2.39999
    endloop
  endfacet
  facet normal -0.976752 0.214373 0
    outer loop
      vertex -23.9312 4.7602 8
      vertex -23.7258 5.69607 8
      vertex -23.9312 4.7602 2.39999
    endloop
  endfacet
  facet normal -0.976752 0.214373 0
    outer loop
      vertex -23.7258 5.69607 8
      vertex -23.7258 5.69607 2.39999
      vertex -23.9312 4.7602 2.39999
    endloop
  endfacet
  facet normal -0.862918 0.189366 -0.468523
    outer loop
      vertex -38.2899 7.61632 35.6
      vertex -37.9613 9.11371 35.6
      vertex -23.9312 4.7602 8
    endloop
  endfacet
  facet normal -0.862913 0.189388 -0.468524
    outer loop
      vertex -37.9613 9.11371 35.6
      vertex -23.7258 5.69607 8
      vertex -23.9312 4.7602 8
    endloop
  endfacet
  facet normal -0.976757 0.214348 0
    outer loop
      vertex -38.2899 7.61632 37.2
      vertex -37.9613 9.11371 37.2
      vertex -38.2899 7.61632 35.6
    endloop
  endfacet
  facet normal -0.976757 0.214348 0
    outer loop
      vertex -37.9613 9.11371 37.2
      vertex -37.9613 9.11371 35.6
      vertex -38.2899 7.61632 35.6
    endloop
  endfacet
  facet normal -0.690715 0.151546 0.707069
    outer loop
      vertex -37.5052 7.46025 38
      vertex -37.1834 8.92695 38
      vertex -38.2899 7.61632 37.2
    endloop
  endfacet
  facet normal -0.690736 0.151581 0.707041
    outer loop
      vertex -37.1834 8.92695 38
      vertex -37.9613 9.11371 37.2
      vertex -38.2899 7.61632 37.2
    endloop
  endfacet
  facet normal 0 -0 1
    outer loop
      vertex -36.5244 7.26516 38
      vertex -36.211 8.6935 38
      vertex -37.5052 7.46025 38
    endloop
  endfacet
  facet normal 0 0 1
    outer loop
      vertex -36.211 8.6935 38
      vertex -37.1834 8.92695 38
      vertex -37.5052 7.46025 38
    endloop
  endfacet
  facet normal 0.976764 -0.214317 0
    outer loop
      vertex -36.5244 7.26516 35.6
      vertex -36.211 8.6935 35.6
      vertex -36.5244 7.26516 38
    endloop
  endfacet
  facet normal 0.976764 -0.214317 0
    outer loop
      vertex -36.211 8.6935 35.6
      vertex -36.211 8.6935 38
      vertex -36.5244 7.26516 38
    endloop
  endfacet
  facet normal 0.862943 -0.18925 0.468524
    outer loop
      vertex -22.1657 4.40904 8
      vertex -21.9756 5.27586 8
      vertex -36.5244 7.26516 35.6
    endloop
  endfacet
  facet normal 0.862925 -0.189339 0.468521
    outer loop
      vertex -21.9756 5.27586 8
      vertex -36.211 8.6935 35.6
      vertex -36.5244 7.26516 35.6
    endloop
  endfacet
  facet normal 0.976786 -0.214216 0
    outer loop
      vertex -22.1657 4.40904 0
      vertex -21.9756 5.27586 0
      vertex -22.1657 4.40904 8
    endloop
  endfacet
  facet normal 0.976786 -0.214216 0
    outer loop
      vertex -21.9756 5.27586 0
      vertex -21.9756 5.27586 8
      vertex -22.1657 4.40904 8
    endloop
  endfacet
  facet normal 0 0 -1
    outer loop
      vertex -23.3427 4.64315 0
      vertex -23.1424 5.556 0
      vertex -22.1657 4.40904 0
    endloop
  endfacet
  facet normal 0 0 -1
    outer loop
      vertex -23.1424 5.556 0
      vertex -21.9756 5.27586 0
      vertex -22.1657 4.40904 0
    endloop
  endfacet
  facet normal -0.690714 0.151594 -0.70706
    outer loop
      vertex -23.9312 4.7602 0.599991
      vertex -23.7258 5.69607 0.599991
      vertex -23.3427 4.64315 0
    endloop
  endfacet
  facet normal -0.690749 0.151566 -0.707032
    outer loop
      vertex -23.7258 5.69607 0.599991
      vertex -23.1424 5.556 0
      vertex -23.3427 4.64315 0
    endloop
  endfacet
  facet normal 0 0 -1
    outer loop
      vertex -25.6706 6.16296 0.599991
      vertex -25.4088 7.16603 0.599991
      vertex -23.7258 5.69607 0.599991
    endloop
  endfacet
  facet normal 0 0 -1
    outer loop
      vertex -25.4088 7.16603 0.599991
      vertex -23.4839 6.62315 0.599991
      vertex -23.7258 5.69607 0.599991
    endloop
  endfacet
  facet normal -0.967587 0.252539 0
    outer loop
      vertex -25.6706 6.16296 2.39999
      vertex -25.4088 7.16603 2.39999
      vertex -25.6706 6.16296 0.599991
    endloop
  endfacet
  facet normal -0.967587 0.252539 0
    outer loop
      vertex -25.4088 7.16603 2.39999
      vertex -25.4088 7.16603 0.599991
      vertex -25.6706 6.16296 0.599991
    endloop
  endfacet
  facet normal 0 -0 1
    outer loop
      vertex -23.7258 5.69607 2.39999
      vertex -23.4839 6.62315 2.39999
      vertex -25.6706 6.16296 2.39999
    endloop
  endfacet
  facet normal 0 0 1
    outer loop
      vertex -23.4839 6.62315 2.39999
      vertex -25.4088 7.16603 2.39999
      vertex -25.6706 6.16296 2.39999
    endloop
  endfacet
  facet normal -0.967604 0.252474 0
    outer loop
      vertex -23.7258 5.69607 8
      vertex -23.4839 6.62315 8
      vertex -23.7258 5.69607 2.39999
    endloop
  endfacet
  facet normal -0.967604 0.252474 0
    outer loop
      vertex -23.4839 6.62315 8
      vertex -23.4839 6.62315 2.39999
      vertex -23.7258 5.69607 2.39999
    endloop
  endfacet
  facet normal -0.854821 0.223086 -0.468523
    outer loop
      vertex -37.9613 9.11371 35.6
      vertex -37.5742 10.597 35.6
      vertex -23.7258 5.69607 8
    endloop
  endfacet
  facet normal -0.854832 0.223048 -0.468522
    outer loop
      vertex -37.5742 10.597 35.6
      vertex -23.4839 6.62315 8
      vertex -23.7258 5.69607 8
    endloop
  endfacet
  facet normal -0.967593 0.252516 0
    outer loop
      vertex -37.9613 9.11371 37.2
      vertex -37.5742 10.597 37.2
      vertex -37.9613 9.11371 35.6
    endloop
  endfacet
  facet normal -0.967593 0.252516 0
    outer loop
      vertex -37.5742 10.597 37.2
      vertex -37.5742 10.597 35.6
      vertex -37.9613 9.11371 35.6
    endloop
  endfacet
  facet normal -0.684264 0.178537 0.707041
    outer loop
      vertex -37.1834 8.92695 38
      vertex -36.8043 10.3799 38
      vertex -37.9613 9.11371 37.2
    endloop
  endfacet
  facet normal -0.684289 0.178582 0.707005
    outer loop
      vertex -36.8043 10.3799 38
      vertex -37.5742 10.597 37.2
      vertex -37.9613 9.11371 37.2
    endloop
  endfacet
  facet normal 0 -0 1
    outer loop
      vertex -36.211 8.6935 38
      vertex -35.8418 10.1084 38
      vertex -37.1834 8.92695 38
    endloop
  endfacet
  facet normal 0 0 1
    outer loop
      vertex -35.8418 10.1084 38
      vertex -36.8043 10.3799 38
      vertex -37.1834 8.92695 38
    endloop
  endfacet
  facet normal 0.967601 -0.252483 0
    outer loop
      vertex -36.211 8.6935 35.6
      vertex -35.8418 10.1084 35.6
      vertex -36.211 8.6935 38
    endloop
  endfacet
  facet normal 0.967601 -0.252483 0
    outer loop
      vertex -35.8418 10.1084 35.6
      vertex -35.8418 10.1084 38
      vertex -36.211 8.6935 38
    endloop
  endfacet
  facet normal 0.854821 -0.22309 0.46852
    outer loop
      vertex -21.9756 5.27586 8
      vertex -21.7515 6.13455 8
      vertex -36.211 8.6935 35.6
    endloop
  endfacet
  facet normal 0.854829 -0.223057 0.468522
    outer loop
      vertex -21.7515 6.13455 8
      vertex -35.8418 10.1084 35.6
      vertex -36.211 8.6935 35.6
    endloop
  endfacet
  facet normal 0.967591 -0.252521 0
    outer loop
      vertex -21.9756 5.27586 0
      vertex -21.7515 6.13455 0
      vertex -21.9756 5.27586 8
    endloop
  endfacet
  facet normal 0.967591 -0.252521 0
    outer loop
      vertex -21.7515 6.13455 0
      vertex -21.7515 6.13455 8
      vertex -21.9756 5.27586 8
    endloop
  endfacet
  facet normal 0 0 -1
    outer loop
      vertex -23.1424 5.556 0
      vertex -22.9064 6.46028 0
      vertex -21.9756 5.27586 0
    endloop
  endfacet
  facet normal 0 0 -1
    outer loop
      vertex -22.9064 6.46028 0
      vertex -21.7515 6.13455 0
      vertex -21.9756 5.27586 0
    endloop
  endfacet
  facet normal -0.684272 0.178545 -0.707032
    outer loop
      vertex -23.7258 5.69607 0.599991
      vertex -23.4839 6.62315 0.599991
      vertex -23.1424 5.556 0
    endloop
  endfacet
  facet normal -0.684235 0.178572 -0.70706
    outer loop
      vertex -23.4839 6.62315 0.599991
      vertex -22.9064 6.46028 0
      vertex -23.1424 5.556 0
    endloop
  endfacet
  facet normal 0 0 -1
    outer loop
      vertex -25.4088 7.16603 0.599991
      vertex -25.1079 8.15805 0.599991
      vertex -23.4839 6.62315 0.599991
    endloop
  endfacet
  facet normal 0 0 -1
    outer loop
      vertex -25.1079 8.15805 0.599991
      vertex -23.2058 7.54001 0.599991
      vertex -23.4839 6.62315 0.599991
    endloop
  endfacet
  facet normal -0.956947 0.290262 0
    outer loop
      vertex -25.4088 7.16603 2.39999
      vertex -25.1079 8.15805 2.39999
      vertex -25.4088 7.16603 0.599991
    endloop
  endfacet
  facet normal -0.956947 0.290262 0
    outer loop
      vertex -25.1079 8.15805 2.39999
      vertex -25.1079 8.15805 0.599991
      vertex -25.4088 7.16603 0.599991
    endloop
  endfacet
  facet normal 0 -0 1
    outer loop
      vertex -23.4839 6.62315 2.39999
      vertex -23.2058 7.54001 2.39999
      vertex -25.4088 7.16603 2.39999
    endloop
  endfacet
  facet normal 0 0 1
    outer loop
      vertex -23.2058 7.54001 2.39999
      vertex -25.1079 8.15805 2.39999
      vertex -25.4088 7.16603 2.39999
    endloop
  endfacet
  facet normal -0.956948 0.290259 0
    outer loop
      vertex -23.4839 6.62315 8
      vertex -23.2058 7.54001 8
      vertex -23.4839 6.62315 2.39999
    endloop
  endfacet
  facet normal -0.956948 0.290259 0
    outer loop
      vertex -23.2058 7.54001 8
      vertex -23.2058 7.54001 2.39999
      vertex -23.4839 6.62315 2.39999
    endloop
  endfacet
  facet normal -0.845412 0.256448 -0.468522
    outer loop
      vertex -37.5742 10.597 35.6
      vertex -37.1292 12.064 35.6
      vertex -23.4839 6.62315 8
    endloop
  endfacet
  facet normal -0.845418 0.25643 -0.468521
    outer loop
      vertex -37.1292 12.064 35.6
      vertex -23.2058 7.54001 8
      vertex -23.4839 6.62315 8
    endloop
  endfacet
  facet normal -0.956942 0.290279 0
    outer loop
      vertex -37.5742 10.597 37.2
      vertex -37.1292 12.064 37.2
      vertex -37.5742 10.597 35.6
    endloop
  endfacet
  facet normal -0.956942 0.290279 0
    outer loop
      vertex -37.1292 12.064 37.2
      vertex -37.1292 12.064 35.6
      vertex -37.5742 10.597 35.6
    endloop
  endfacet
  facet normal -0.676754 0.205301 0.707005
    outer loop
      vertex -36.8043 10.3799 38
      vertex -36.3684 11.8168 38
      vertex -37.5742 10.597 37.2
    endloop
  endfacet
  facet normal -0.676745 0.205284 0.707018
    outer loop
      vertex -36.3684 11.8168 38
      vertex -37.1292 12.064 37.2
      vertex -37.5742 10.597 37.2
    endloop
  endfacet
  facet normal 0 -0 1
    outer loop
      vertex -35.8418 10.1084 38
      vertex -35.4173 11.5078 38
      vertex -36.8043 10.3799 38
    endloop
  endfacet
  facet normal 0 0 1
    outer loop
      vertex -35.4173 11.5078 38
      vertex -36.3684 11.8168 38
      vertex -36.8043 10.3799 38
    endloop
  endfacet
  facet normal 0.956941 -0.290283 0
    outer loop
      vertex -35.8418 10.1084 35.6
      vertex -35.4173 11.5078 35.6
      vertex -35.8418 10.1084 38
    endloop
  endfacet
  facet normal 0.956941 -0.290283 0
    outer loop
      vertex -35.4173 11.5078 35.6
      vertex -35.4173 11.5078 38
      vertex -35.8418 10.1084 38
    endloop
  endfacet
  facet normal 0.845414 -0.256442 0.468522
    outer loop
      vertex -21.7515 6.13455 8
      vertex -21.4939 6.98378 8
      vertex -35.8418 10.1084 35.6
    endloop
  endfacet
  facet normal 0.845412 -0.256451 0.468521
    outer loop
      vertex -21.4939 6.98378 8
      vertex -35.4173 11.5078 35.6
      vertex -35.8418 10.1084 35.6
    endloop
  endfacet
  facet normal 0.956944 -0.290273 0
    outer loop
      vertex -21.7515 6.13455 0
      vertex -21.4939 6.98378 0
      vertex -21.7515 6.13455 8
    endloop
  endfacet
  facet normal 0.956944 -0.290273 0
    outer loop
      vertex -21.4939 6.98378 0
      vertex -21.4939 6.98378 8
      vertex -21.7515 6.13455 8
    endloop
  endfacet
  facet normal 0 0 -1
    outer loop
      vertex -22.9064 6.46028 0
      vertex -22.6351 7.3546 0
      vertex -21.7515 6.13455 0
    endloop
  endfacet
  facet normal 0 0 -1
    outer loop
      vertex -22.6351 7.3546 0
      vertex -21.4939 6.98378 0
      vertex -21.7515 6.13455 0
    endloop
  endfacet
  facet normal -0.676709 0.205258 -0.70706
    outer loop
      vertex -23.4839 6.62315 0.599991
      vertex -23.2058 7.54001 0.599991
      vertex -22.9064 6.46028 0
    endloop
  endfacet
  facet normal -0.676681 0.205277 -0.707081
    outer loop
      vertex -23.2058 7.54001 0.599991
      vertex -22.6351 7.3546 0
      vertex -22.9064 6.46028 0
    endloop
  endfacet
  facet normal 0 0 -1
    outer loop
      vertex -25.1079 8.15805 0.599991
      vertex -24.7682 9.13749 0.599991
      vertex -23.2058 7.54001 0.599991
    endloop
  endfacet
  facet normal 0 0 -1
    outer loop
      vertex -24.7682 9.13749 0.599991
      vertex -22.8919 8.44525 0.599991
      vertex -23.2058 7.54001 0.599991
    endloop
  endfacet
  facet normal -0.944788 0.327682 0
    outer loop
      vertex -25.1079 8.15805 2.39999
      vertex -24.7682 9.13749 2.39999
      vertex -25.1079 8.15805 0.599991
    endloop
  endfacet
  facet normal -0.944788 0.327682 0
    outer loop
      vertex -24.7682 9.13749 2.39999
      vertex -24.7682 9.13749 0.599991
      vertex -25.1079 8.15805 0.599991
    endloop
  endfacet
  facet normal 0 -0 1
    outer loop
      vertex -23.2058 7.54001 2.39999
      vertex -22.8919 8.44525 2.39999
      vertex -25.1079 8.15805 2.39999
    endloop
  endfacet
  facet normal 0 0 1
    outer loop
      vertex -22.8919 8.44525 2.39999
      vertex -24.7682 9.13749 2.39999
      vertex -25.1079 8.15805 2.39999
    endloop
  endfacet
  facet normal -0.944809 0.327621 0
    outer loop
      vertex -23.2058 7.54001 8
      vertex -22.8919 8.44525 8
      vertex -23.2058 7.54001 2.39999
    endloop
  endfacet
  facet normal -0.944809 0.327621 0
    outer loop
      vertex -22.8919 8.44525 8
      vertex -22.8919 8.44525 2.39999
      vertex -23.2058 7.54001 2.39999
    endloop
  endfacet
  facet normal -0.834702 0.289414 -0.468522
    outer loop
      vertex -37.1292 12.064 35.6
      vertex -36.627 13.5124 35.6
      vertex -23.2058 7.54001 8
    endloop
  endfacet
  facet normal -0.834693 0.289437 -0.468522
    outer loop
      vertex -36.627 13.5124 35.6
      vertex -22.8919 8.44525 8
      vertex -23.2058 7.54001 8
    endloop
  endfacet
  facet normal -0.944818 0.327594 0
    outer loop
      vertex -37.1292 12.064 37.2
      vertex -36.627 13.5124 37.2
      vertex -37.1292 12.064 35.6
    endloop
  endfacet
  facet normal -0.944818 0.327594 0
    outer loop
      vertex -36.627 13.5124 37.2
      vertex -36.627 13.5124 35.6
      vertex -37.1292 12.064 35.6
    endloop
  endfacet
  facet normal -0.668158 0.231715 0.707018
    outer loop
      vertex -36.3684 11.8168 38
      vertex -35.8764 13.2355 38
      vertex -37.1292 12.064 37.2
    endloop
  endfacet
  facet normal -0.668133 0.23166 0.707059
    outer loop
      vertex -35.8764 13.2355 38
      vertex -36.627 13.5124 37.2
      vertex -37.1292 12.064 37.2
    endloop
  endfacet
  facet normal 0 -0 1
    outer loop
      vertex -35.4173 11.5078 38
      vertex -34.9382 12.8894 38
      vertex -36.3684 11.8168 38
    endloop
  endfacet
  facet normal 0 0 1
    outer loop
      vertex -34.9382 12.8894 38
      vertex -35.8764 13.2355 38
      vertex -36.3684 11.8168 38
    endloop
  endfacet
  facet normal 0.944805 -0.327632 0
    outer loop
      vertex -35.4173 11.5078 35.6
      vertex -34.9382 12.8894 35.6
      vertex -35.4173 11.5078 38
    endloop
  endfacet
  facet normal 0.944805 -0.327632 0
    outer loop
      vertex -34.9382 12.8894 35.6
      vertex -34.9382 12.8894 38
      vertex -35.4173 11.5078 38
    endloop
  endfacet
  facet normal 0.834676 -0.289488 0.468521
    outer loop
      vertex -21.4939 6.98378 8
      vertex -21.2031 7.82224 8
      vertex -35.4173 11.5078 35.6
    endloop
  endfacet
  facet normal 0.83469 -0.289447 0.468523
    outer loop
      vertex -21.2031 7.82224 8
      vertex -34.9382 12.8894 35.6
      vertex -35.4173 11.5078 35.6
    endloop
  endfacet
  facet normal 0.94479 -0.327678 0
    outer loop
      vertex -21.4939 6.98378 0
      vertex -21.2031 7.82224 0
      vertex -21.4939 6.98378 8
    endloop
  endfacet
  facet normal 0.94479 -0.327678 0
    outer loop
      vertex -21.2031 7.82224 0
      vertex -21.2031 7.82224 8
      vertex -21.4939 6.98378 8
    endloop
  endfacet
  facet normal 0 0 -1
    outer loop
      vertex -22.6351 7.3546 0
      vertex -22.3289 8.23758 0
      vertex -21.4939 6.98378 0
    endloop
  endfacet
  facet normal 0 0 -1
    outer loop
      vertex -22.3289 8.23758 0
      vertex -21.2031 7.82224 0
      vertex -21.4939 6.98378 0
    endloop
  endfacet
  facet normal -0.668106 0.231672 -0.707081
    outer loop
      vertex -23.2058 7.54001 0.599991
      vertex -22.8919 8.44525 0.599991
      vertex -22.6351 7.3546 0
    endloop
  endfacet
  facet normal -0.668091 0.231681 -0.707091
    outer loop
      vertex -22.8919 8.44525 0.599991
      vertex -22.3289 8.23758 0
      vertex -22.6351 7.3546 0
    endloop
  endfacet
  facet normal 0 0 -1
    outer loop
      vertex -24.7682 9.13749 0.599991
      vertex -24.3904 10.1028 0.599991
      vertex -22.8919 8.44525 0.599991
    endloop
  endfacet
  facet normal 0 0 -1
    outer loop
      vertex -24.3904 10.1028 0.599991
      vertex -22.5427 9.33747 0.599991
      vertex -22.8919 8.44525 0.599991
    endloop
  endfacet
  facet normal -0.93122 0.364458 0
    outer loop
      vertex -24.7682 9.13749 2.39999
      vertex -24.3904 10.1028 2.39999
      vertex -24.7682 9.13749 0.599991
    endloop
  endfacet
  facet normal -0.93122 0.364458 0
    outer loop
      vertex -24.3904 10.1028 2.39999
      vertex -24.3904 10.1028 0.599991
      vertex -24.7682 9.13749 0.599991
    endloop
  endfacet
  facet normal 0 -0 1
    outer loop
      vertex -22.8919 8.44525 2.39999
      vertex -22.5427 9.33747 2.39999
      vertex -24.7682 9.13749 2.39999
    endloop
  endfacet
  facet normal 0 0 1
    outer loop
      vertex -22.5427 9.33747 2.39999
      vertex -24.3904 10.1028 2.39999
      vertex -24.7682 9.13749 2.39999
    endloop
  endfacet
  facet normal -0.931218 0.364463 0
    outer loop
      vertex -22.8919 8.44525 8
      vertex -22.5427 9.33747 8
      vertex -22.8919 8.44525 2.39999
    endloop
  endfacet
  facet normal -0.931218 0.364463 0
    outer loop
      vertex -22.5427 9.33747 8
      vertex -22.5427 9.33747 2.39999
      vertex -22.8919 8.44525 2.39999
    endloop
  endfacet
  facet normal -0.822693 0.321966 -0.468523
    outer loop
      vertex -36.627 13.5124 35.6
      vertex -36.0683 14.94 35.6
      vertex -22.8919 8.44525 8
    endloop
  endfacet
  facet normal -0.822685 0.321985 -0.468523
    outer loop
      vertex -36.0683 14.94 35.6
      vertex -22.5427 9.33747 8
      vertex -22.8919 8.44525 8
    endloop
  endfacet
  facet normal -0.931226 0.364441 0
    outer loop
      vertex -36.627 13.5124 37.2
      vertex -36.0683 14.94 37.2
      vertex -36.627 13.5124 35.6
    endloop
  endfacet
  facet normal -0.931226 0.364441 0
    outer loop
      vertex -36.0683 14.94 37.2
      vertex -36.0683 14.94 35.6
      vertex -36.627 13.5124 35.6
    endloop
  endfacet
  facet normal -0.65851 0.257744 0.707059
    outer loop
      vertex -35.8764 13.2355 38
      vertex -35.3291 14.6338 38
      vertex -36.627 13.5124 37.2
    endloop
  endfacet
  facet normal -0.658495 0.257706 0.707087
    outer loop
      vertex -35.3291 14.6338 38
      vertex -36.0683 14.94 37.2
      vertex -36.627 13.5124 37.2
    endloop
  endfacet
  facet normal 0 -0 1
    outer loop
      vertex -34.9382 12.8894 38
      vertex -34.4053 14.2511 38
      vertex -35.8764 13.2355 38
    endloop
  endfacet
  facet normal 0 0 1
    outer loop
      vertex -34.4053 14.2511 38
      vertex -35.3291 14.6338 38
      vertex -35.8764 13.2355 38
    endloop
  endfacet
  facet normal 0.931229 -0.364435 0
    outer loop
      vertex -34.9382 12.8894 35.6
      vertex -34.4053 14.2511 35.6
      vertex -34.9382 12.8894 38
    endloop
  endfacet
  facet normal 0.931229 -0.364435 0
    outer loop
      vertex -34.4053 14.2511 35.6
      vertex -34.4053 14.2511 38
      vertex -34.9382 12.8894 38
    endloop
  endfacet
  facet normal 0.822699 -0.321952 0.468523
    outer loop
      vertex -21.2031 7.82224 8
      vertex -20.8797 8.64864 8
      vertex -34.9382 12.8894 35.6
    endloop
  endfacet
  facet normal 0.822695 -0.321961 0.468523
    outer loop
      vertex -20.8797 8.64864 8
      vertex -34.4053 14.2511 35.6
      vertex -34.9382 12.8894 35.6
    endloop
  endfacet
  facet normal 0.931233 -0.364425 0
    outer loop
      vertex -21.2031 7.82224 0
      vertex -20.8797 8.64864 0
      vertex -21.2031 7.82224 8
    endloop
  endfacet
  facet normal 0.931233 -0.364425 0
    outer loop
      vertex -20.8797 8.64864 0
      vertex -20.8797 8.64864 8
      vertex -21.2031 7.82224 8
    endloop
  endfacet
  facet normal 0 0 -1
    outer loop
      vertex -22.3289 8.23758 0
      vertex -21.9883 9.10786 0
      vertex -21.2031 7.82224 0
    endloop
  endfacet
  facet normal 0 0 -1
    outer loop
      vertex -21.9883 9.10786 0
      vertex -20.8797 8.64864 0
      vertex -21.2031 7.82224 0
    endloop
  endfacet
  facet normal -0.658485 0.25772 -0.707091
    outer loop
      vertex -22.8919 8.44525 0.599991
      vertex -22.5427 9.33747 0.599991
      vertex -22.3289 8.23758 0
    endloop
  endfacet
  facet normal -0.658496 0.257714 -0.707083
    outer loop
      vertex -22.5427 9.33747 0.599991
      vertex -21.9883 9.10786 0
      vertex -22.3289 8.23758 0
    endloop
  endfacet
  facet normal 0 0 -1
    outer loop
      vertex -24.3904 10.1028 0.599991
      vertex -23.975 11.0526 0.599991
      vertex -22.5427 9.33747 0.599991
    endloop
  endfacet
  facet normal 0 0 -1
    outer loop
      vertex -23.975 11.0526 0.599991
      vertex -22.1587 10.2153 0.599991
      vertex -22.5427 9.33747 0.599991
    endloop
  endfacet
  facet normal -0.916206 0.400708 0
    outer loop
      vertex -24.3904 10.1028 2.39999
      vertex -23.975 11.0526 2.39999
      vertex -24.3904 10.1028 0.599991
    endloop
  endfacet
  facet normal -0.916206 0.400708 0
    outer loop
      vertex -23.975 11.0526 2.39999
      vertex -23.975 11.0526 0.599991
      vertex -24.3904 10.1028 0.599991
    endloop
  endfacet
  facet normal 0 -0 1
    outer loop
      vertex -22.5427 9.33747 2.39999
      vertex -22.1587 10.2153 2.39999
      vertex -24.3904 10.1028 2.39999
    endloop
  endfacet
  facet normal 0 0 1
    outer loop
      vertex -22.1587 10.2153 2.39999
      vertex -23.975 11.0526 2.39999
      vertex -24.3904 10.1028 2.39999
    endloop
  endfacet
  facet normal -0.916177 0.400774 0
    outer loop
      vertex -22.5427 9.33747 8
      vertex -22.1587 10.2153 8
      vertex -22.5427 9.33747 2.39999
    endloop
  endfacet
  facet normal -0.916177 0.400774 0
    outer loop
      vertex -22.1587 10.2153 8
      vertex -22.1587 10.2153 2.39999
      vertex -22.5427 9.33747 2.39999
    endloop
  endfacet
  facet normal -0.809395 0.354071 -0.468523
    outer loop
      vertex -36.0683 14.94 35.6
      vertex -35.4539 16.3445 35.6
      vertex -22.5427 9.33747 8
    endloop
  endfacet
  facet normal -0.809398 0.354065 -0.468523
    outer loop
      vertex -35.4539 16.3445 35.6
      vertex -22.1587 10.2153 8
      vertex -22.5427 9.33747 8
    endloop
  endfacet
  facet normal -0.916174 0.400781 0
    outer loop
      vertex -36.0683 14.94 37.2
      vertex -35.4539 16.3445 37.2
      vertex -36.0683 14.94 35.6
    endloop
  endfacet
  facet normal -0.916174 0.400781 0
    outer loop
      vertex -35.4539 16.3445 37.2
      vertex -35.4539 16.3445 35.6
      vertex -36.0683 14.94 35.6
    endloop
  endfacet
  facet normal -0.647868 0.283363 0.707087
    outer loop
      vertex -35.3291 14.6338 38
      vertex -34.7274 16.0095 38
      vertex -36.0683 14.94 37.2
    endloop
  endfacet
  facet normal -0.647889 0.28342 0.707046
    outer loop
      vertex -34.7274 16.0095 38
      vertex -35.4539 16.3445 37.2
      vertex -36.0683 14.94 37.2
    endloop
  endfacet
  facet normal 0 -0 1
    outer loop
      vertex -34.4053 14.2511 38
      vertex -33.8192 15.5909 38
      vertex -35.3291 14.6338 38
    endloop
  endfacet
  facet normal 0 0 1
    outer loop
      vertex -33.8192 15.5909 38
      vertex -34.7274 16.0095 38
      vertex -35.3291 14.6338 38
    endloop
  endfacet
  facet normal 0.916173 -0.400783 0
    outer loop
      vertex -34.4053 14.2511 35.6
      vertex -33.8192 15.5909 35.6
      vertex -34.4053 14.2511 38
    endloop
  endfacet
  facet normal 0.916173 -0.400783 0
    outer loop
      vertex -33.8192 15.5909 35.6
      vertex -33.8192 15.5909 38
      vertex -34.4053 14.2511 38
    endloop
  endfacet
  facet normal 0.809387 -0.354089 0.468522
    outer loop
      vertex -20.8797 8.64864 8
      vertex -20.524 9.46171 8
      vertex -34.4053 14.2511 35.6
    endloop
  endfacet
  facet normal 0.809394 -0.354072 0.468523
    outer loop
      vertex -20.524 9.46171 8
      vertex -33.8192 15.5909 35.6
      vertex -34.4053 14.2511 35.6
    endloop
  endfacet
  facet normal 0.916165 -0.400802 0
    outer loop
      vertex -20.8797 8.64864 0
      vertex -20.524 9.46171 0
      vertex -20.8797 8.64864 8
    endloop
  endfacet
  facet normal 0.916165 -0.400802 0
    outer loop
      vertex -20.524 9.46171 0
      vertex -20.524 9.46171 8
      vertex -20.8797 8.64864 8
    endloop
  endfacet
  facet normal 0 0 -1
    outer loop
      vertex -21.9883 9.10786 0
      vertex -21.6138 9.9641 0
      vertex -20.8797 8.64864 0
    endloop
  endfacet
  facet normal 0 0 -1
    outer loop
      vertex -21.6138 9.9641 0
      vertex -20.524 9.46171 0
      vertex -20.8797 8.64864 0
    endloop
  endfacet
  facet normal -0.647857 0.2834 -0.707083
    outer loop
      vertex -22.5427 9.33747 0.599991
      vertex -22.1587 10.2153 0.599991
      vertex -21.9883 9.10786 0
    endloop
  endfacet
  facet normal -0.6479 0.283377 -0.707052
    outer loop
      vertex -22.1587 10.2153 0.599991
      vertex -21.6138 9.9641 0
      vertex -21.9883 9.10786 0
    endloop
  endfacet
  facet normal 0 0 -1
    outer loop
      vertex -23.975 11.0526 0.599991
      vertex -23.5226 11.9853 0.599991
      vertex -22.1587 10.2153 0.599991
    endloop
  endfacet
  facet normal 0 0 -1
    outer loop
      vertex -23.5226 11.9853 0.599991
      vertex -21.7406 11.0774 0.599991
      vertex -22.1587 10.2153 0.599991
    endloop
  endfacet
  facet normal -0.899745 0.436416 0
    outer loop
      vertex -23.975 11.0526 2.39999
      vertex -23.5226 11.9853 2.39999
      vertex -23.975 11.0526 0.599991
    endloop
  endfacet
  facet normal -0.899745 0.436416 0
    outer loop
      vertex -23.5226 11.9853 2.39999
      vertex -23.5226 11.9853 0.599991
      vertex -23.975 11.0526 0.599991
    endloop
  endfacet
  facet normal 0 -0 1
    outer loop
      vertex -22.1587 10.2153 2.39999
      vertex -21.7406 11.0774 2.39999
      vertex -23.975 11.0526 2.39999
    endloop
  endfacet
  facet normal 0 0 1
    outer loop
      vertex -21.7406 11.0774 2.39999
      vertex -23.5226 11.9853 2.39999
      vertex -23.975 11.0526 2.39999
    endloop
  endfacet
  facet normal -0.899768 0.436368 0
    outer loop
      vertex -22.1587 10.2153 8
      vertex -21.7406 11.0774 8
      vertex -22.1587 10.2153 2.39999
    endloop
  endfacet
  facet normal -0.899768 0.436368 0
    outer loop
      vertex -21.7406 11.0774 8
      vertex -21.7406 11.0774 2.39999
      vertex -22.1587 10.2153 2.39999
    endloop
  endfacet
  facet normal -0.794886 0.385542 -0.468523
    outer loop
      vertex -35.4539 16.3445 35.6
      vertex -34.7849 17.7238 35.6
      vertex -22.1587 10.2153 8
    endloop
  endfacet
  facet normal -0.794902 0.38551 -0.468522
    outer loop
      vertex -34.7849 17.7238 35.6
      vertex -21.7406 11.0774 8
      vertex -22.1587 10.2153 8
    endloop
  endfacet
  facet normal -0.89975 0.436405 0
    outer loop
      vertex -35.4539 16.3445 37.2
      vertex -34.7849 17.7238 37.2
      vertex -35.4539 16.3445 35.6
    endloop
  endfacet
  facet normal -0.89975 0.436405 0
    outer loop
      vertex -34.7849 17.7238 37.2
      vertex -34.7849 17.7238 35.6
      vertex -35.4539 16.3445 35.6
    endloop
  endfacet
  facet normal -0.636278 0.308602 0.707047
    outer loop
      vertex -34.7274 16.0095 38
      vertex -34.0721 17.3606 38
      vertex -35.4539 16.3445 37.2
    endloop
  endfacet
  facet normal -0.636282 0.308615 0.707038
    outer loop
      vertex -34.0721 17.3606 38
      vertex -34.7849 17.7238 37.2
      vertex -35.4539 16.3445 37.2
    endloop
  endfacet
  facet normal 0 -0 1
    outer loop
      vertex -33.8192 15.5909 38
      vertex -33.1811 16.9066 38
      vertex -34.7274 16.0095 38
    endloop
  endfacet
  facet normal 0 0 1
    outer loop
      vertex -33.1811 16.9066 38
      vertex -34.0721 17.3606 38
      vertex -34.7274 16.0095 38
    endloop
  endfacet
  facet normal 0.899764 -0.436376 0
    outer loop
      vertex -33.8192 15.5909 35.6
      vertex -33.1811 16.9066 35.6
      vertex -33.8192 15.5909 38
    endloop
  endfacet
  facet normal 0.899764 -0.436376 0
    outer loop
      vertex -33.1811 16.9066 35.6
      vertex -33.1811 16.9066 38
      vertex -33.8192 15.5909 38
    endloop
  endfacet
  facet normal 0.794882 -0.38555 0.468523
    outer loop
      vertex -20.524 9.46171 8
      vertex -20.1367 10.2602 8
      vertex -33.8192 15.5909 35.6
    endloop
  endfacet
  facet normal 0.794898 -0.385517 0.468524
    outer loop
      vertex -20.1367 10.2602 8
      vertex -33.1811 16.9066 35.6
      vertex -33.8192 15.5909 35.6
    endloop
  endfacet
  facet normal 0.899746 -0.436413 0
    outer loop
      vertex -20.524 9.46171 0
      vertex -20.1367 10.2602 0
      vertex -20.524 9.46171 8
    endloop
  endfacet
  facet normal 0.899746 -0.436413 0
    outer loop
      vertex -20.1367 10.2602 0
      vertex -20.1367 10.2602 8
      vertex -20.524 9.46171 8
    endloop
  endfacet
  facet normal 0 0 -1
    outer loop
      vertex -21.6138 9.9641 0
      vertex -21.2059 10.805 0
      vertex -20.524 9.46171 0
    endloop
  endfacet
  facet normal 0 0 -1
    outer loop
      vertex -21.2059 10.805 0
      vertex -20.1367 10.2602 0
      vertex -20.524 9.46171 0
    endloop
  endfacet
  facet normal -0.636281 0.308583 -0.707053
    outer loop
      vertex -22.1587 10.2153 0.599991
      vertex -21.7406 11.0774 0.599991
      vertex -21.6138 9.9641 0
    endloop
  endfacet
  facet normal -0.636217 0.308613 -0.707097
    outer loop
      vertex -21.7406 11.0774 0.599991
      vertex -21.2059 10.805 0
      vertex -21.6138 9.9641 0
    endloop
  endfacet
  facet normal 0 0 -1
    outer loop
      vertex -23.5226 11.9853 0.599991
      vertex -23.0339 12.8996 0.599991
      vertex -21.7406 11.0774 0.599991
    endloop
  endfacet
  facet normal 0 0 -1
    outer loop
      vertex -23.0339 12.8996 0.599991
      vertex -21.2889 11.9224 0.599991
      vertex -21.7406 11.0774 0.599991
    endloop
  endfacet
  facet normal -0.881923 0.471394 0
    outer loop
      vertex -23.5226 11.9853 2.39999
      vertex -23.0339 12.8996 2.39999
      vertex -23.5226 11.9853 0.599991
    endloop
  endfacet
  facet normal -0.881923 0.471394 0
    outer loop
      vertex -23.0339 12.8996 2.39999
      vertex -23.0339 12.8996 0.599991
      vertex -23.5226 11.9853 0.599991
    endloop
  endfacet
  facet normal 0 -0 1
    outer loop
      vertex -21.7406 11.0774 2.39999
      vertex -21.2889 11.9224 2.39999
      vertex -23.5226 11.9853 2.39999
    endloop
  endfacet
  facet normal 0 0 1
    outer loop
      vertex -21.2889 11.9224 2.39999
      vertex -23.0339 12.8996 2.39999
      vertex -23.5226 11.9853 2.39999
    endloop
  endfacet
  facet normal -0.881905 0.471428 0
    outer loop
      vertex -21.7406 11.0774 8
      vertex -21.2889 11.9224 8
      vertex -21.7406 11.0774 2.39999
    endloop
  endfacet
  facet normal -0.881905 0.471428 0
    outer loop
      vertex -21.2889 11.9224 8
      vertex -21.2889 11.9224 2.39999
      vertex -21.7406 11.0774 2.39999
    endloop
  endfacet
  facet normal -0.779125 0.416475 -0.468522
    outer loop
      vertex -34.7849 17.7238 35.6
      vertex -34.0622 19.0758 35.6
      vertex -21.7406 11.0774 8
    endloop
  endfacet
  facet normal -0.77912 0.416484 -0.468522
    outer loop
      vertex -34.0622 19.0758 35.6
      vertex -21.2889 11.9224 8
      vertex -21.7406 11.0774 8
    endloop
  endfacet
  facet normal -0.88191 0.471418 0
    outer loop
      vertex -34.7849 17.7238 37.2
      vertex -34.0622 19.0758 37.2
      vertex -34.7849 17.7238 35.6
    endloop
  endfacet
  facet normal -0.88191 0.471418 0
    outer loop
      vertex -34.0622 19.0758 37.2
      vertex -34.0622 19.0758 35.6
      vertex -34.7849 17.7238 35.6
    endloop
  endfacet
  facet normal -0.623664 0.333377 0.707038
    outer loop
      vertex -34.0721 17.3606 38
      vertex -33.3642 18.6849 38
      vertex -34.7849 17.7238 37.2
    endloop
  endfacet
  facet normal -0.623663 0.333374 0.707041
    outer loop
      vertex -33.3642 18.6849 38
      vertex -34.0622 19.0758 37.2
      vertex -34.7849 17.7238 37.2
    endloop
  endfacet
  facet normal 0 -0 1
    outer loop
      vertex -33.1811 16.9066 38
      vertex -32.4917 18.1963 38
      vertex -34.0721 17.3606 38
    endloop
  endfacet
  facet normal 0 0 1
    outer loop
      vertex -32.4917 18.1963 38
      vertex -33.3642 18.6849 38
      vertex -34.0721 17.3606 38
    endloop
  endfacet
  facet normal 0.88191 -0.471419 0
    outer loop
      vertex -33.1811 16.9066 35.6
      vertex -32.4917 18.1963 35.6
      vertex -33.1811 16.9066 38
    endloop
  endfacet
  facet normal 0.88191 -0.471419 0
    outer loop
      vertex -32.4917 18.1963 35.6
      vertex -32.4917 18.1963 38
      vertex -33.1811 16.9066 38
    endloop
  endfacet
  facet normal 0.779137 -0.416449 0.468524
    outer loop
      vertex -20.1367 10.2602 8
      vertex -19.7184 11.0428 8
      vertex -33.1811 16.9066 35.6
    endloop
  endfacet
  facet normal 0.779124 -0.416475 0.468523
    outer loop
      vertex -19.7184 11.0428 8
      vertex -32.4917 18.1963 35.6
      vertex -33.1811 16.9066 35.6
    endloop
  endfacet
  facet normal 0.881925 -0.471389 0
    outer loop
      vertex -20.1367 10.2602 0
      vertex -19.7184 11.0428 0
      vertex -20.1367 10.2602 8
    endloop
  endfacet
  facet normal 0.881925 -0.471389 0
    outer loop
      vertex -19.7184 11.0428 0
      vertex -19.7184 11.0428 8
      vertex -20.1367 10.2602 8
    endloop
  endfacet
  facet normal 0 0 -1
    outer loop
      vertex -21.2059 10.805 0
      vertex -20.7654 11.6292 0
      vertex -20.1367 10.2602 0
    endloop
  endfacet
  facet normal 0 0 -1
    outer loop
      vertex -20.7654 11.6292 0
      vertex -19.7184 11.0428 0
      vertex -20.1367 10.2602 0
    endloop
  endfacet
  facet normal -0.623611 0.333355 -0.707095
    outer loop
      vertex -21.7406 11.0774 0.599991
      vertex -21.2889 11.9224 0.599991
      vertex -21.2059 10.805 0
    endloop
  endfacet
  facet normal -0.623674 0.333327 -0.707052
    outer loop
      vertex -21.2889 11.9224 0.599991
      vertex -20.7654 11.6292 0
      vertex -21.2059 10.805 0
    endloop
  endfacet
  facet normal 0 0 -1
    outer loop
      vertex -23.0339 12.8996 0.599991
      vertex -22.5097 13.794 0.599991
      vertex -21.2889 11.9224 0.599991
    endloop
  endfacet
  facet normal 0 0 -1
    outer loop
      vertex -22.5097 13.794 0.599991
      vertex -20.8044 12.749 0.599991
      vertex -21.2889 11.9224 0.599991
    endloop
  endfacet
  facet normal -0.862742 0.505645 0
    outer loop
      vertex -23.0339 12.8996 2.39999
      vertex -22.5097 13.794 2.39999
      vertex -23.0339 12.8996 0.599991
    endloop
  endfacet
  facet normal -0.862742 0.505645 0
    outer loop
      vertex -22.5097 13.794 2.39999
      vertex -22.5097 13.794 0.599991
      vertex -23.0339 12.8996 0.599991
    endloop
  endfacet
  facet normal 0 -0 1
    outer loop
      vertex -21.2889 11.9224 2.39999
      vertex -20.8044 12.749 2.39999
      vertex -23.0339 12.8996 2.39999
    endloop
  endfacet
  facet normal 0 0 1
    outer loop
      vertex -20.8044 12.749 2.39999
      vertex -22.5097 13.794 2.39999
      vertex -23.0339 12.8996 2.39999
    endloop
  endfacet
  facet normal -0.862725 0.505674 0
    outer loop
      vertex -21.2889 11.9224 8
      vertex -20.8044 12.749 8
      vertex -21.2889 11.9224 2.39999
    endloop
  endfacet
  facet normal -0.862725 0.505674 0
    outer loop
      vertex -20.8044 12.749 8
      vertex -20.8044 12.749 2.39999
      vertex -21.2889 11.9224 2.39999
    endloop
  endfacet
  facet normal -0.762192 0.446711 -0.468522
    outer loop
      vertex -34.0622 19.0758 35.6
      vertex -33.2871 20.3983 35.6
      vertex -21.2889 11.9224 8
    endloop
  endfacet
  facet normal -0.762175 0.446738 -0.468523
    outer loop
      vertex -33.2871 20.3983 35.6
      vertex -20.8044 12.749 8
      vertex -21.2889 11.9224 8
    endloop
  endfacet
  facet normal -0.862743 0.505642 0
    outer loop
      vertex -34.0622 19.0758 37.2
      vertex -33.2871 20.3983 37.2
      vertex -34.0622 19.0758 35.6
    endloop
  endfacet
  facet normal -0.862743 0.505642 0
    outer loop
      vertex -33.2871 20.3983 37.2
      vertex -33.2871 20.3983 35.6
      vertex -34.0622 19.0758 35.6
    endloop
  endfacet
  facet normal -0.610092 0.357606 0.70704
    outer loop
      vertex -33.3642 18.6849 38
      vertex -32.6049 19.9803 38
      vertex -34.0622 19.0758 37.2
    endloop
  endfacet
  facet normal -0.610081 0.357561 0.707072
    outer loop
      vertex -32.6049 19.9803 38
      vertex -33.2871 20.3983 37.2
      vertex -34.0622 19.0758 37.2
    endloop
  endfacet
  facet normal 0 -0 1
    outer loop
      vertex -32.4917 18.1963 38
      vertex -31.7523 19.4578 38
      vertex -33.3642 18.6849 38
    endloop
  endfacet
  facet normal 0 0 1
    outer loop
      vertex -31.7523 19.4578 38
      vertex -32.6049 19.9803 38
      vertex -33.3642 18.6849 38
    endloop
  endfacet
  facet normal 0.862728 -0.505669 0
    outer loop
      vertex -32.4917 18.1963 35.6
      vertex -31.7523 19.4578 35.6
      vertex -32.4917 18.1963 38
    endloop
  endfacet
  facet normal 0.862728 -0.505669 0
    outer loop
      vertex -31.7523 19.4578 35.6
      vertex -31.7523 19.4578 38
      vertex -32.4917 18.1963 38
    endloop
  endfacet
  facet normal 0.76222 -0.446661 0.468524
    outer loop
      vertex -19.7184 11.0428 8
      vertex -19.2697 11.8085 8
      vertex -32.4917 18.1963 35.6
    endloop
  endfacet
  facet normal 0.762179 -0.446734 0.468521
    outer loop
      vertex -19.2697 11.8085 8
      vertex -31.7523 19.4578 35.6
      vertex -32.4917 18.1963 35.6
    endloop
  endfacet
  facet normal 0.862776 -0.505586 0
    outer loop
      vertex -19.7184 11.0428 0
      vertex -19.2697 11.8085 0
      vertex -19.7184 11.0428 8
    endloop
  endfacet
  facet normal 0.862776 -0.505586 0
    outer loop
      vertex -19.2697 11.8085 0
      vertex -19.2697 11.8085 8
      vertex -19.7184 11.0428 8
    endloop
  endfacet
  facet normal 0 0 -1
    outer loop
      vertex -20.7654 11.6292 0
      vertex -20.2928 12.4355 0
      vertex -19.7184 11.0428 0
    endloop
  endfacet
  facet normal 0 0 -1
    outer loop
      vertex -20.2928 12.4355 0
      vertex -19.2697 11.8085 0
      vertex -19.7184 11.0428 0
    endloop
  endfacet
  facet normal -0.610085 0.357593 -0.707053
    outer loop
      vertex -21.2889 11.9224 0.599991
      vertex -20.8044 12.749 0.599991
      vertex -20.7654 11.6292 0
    endloop
  endfacet
  facet normal -0.610086 0.357592 -0.707052
    outer loop
      vertex -20.8044 12.749 0.599991
      vertex -20.2928 12.4355 0
      vertex -20.7654 11.6292 0
    endloop
  endfacet
  facet normal 0 0 -1
    outer loop
      vertex -22.5097 13.794 0.599991
      vertex -21.9508 14.6671 0.599991
      vertex -20.8044 12.749 0.599991
    endloop
  endfacet
  facet normal 0 0 -1
    outer loop
      vertex -21.9508 14.6671 0.599991
      vertex -20.2879 13.5559 0.599991
      vertex -20.8044 12.749 0.599991
    endloop
  endfacet
  facet normal -0.842221 0.539133 0
    outer loop
      vertex -22.5097 13.794 2.39999
      vertex -21.9508 14.6671 2.39999
      vertex -22.5097 13.794 0.599991
    endloop
  endfacet
  facet normal -0.842221 0.539133 0
    outer loop
      vertex -21.9508 14.6671 2.39999
      vertex -21.9508 14.6671 0.599991
      vertex -22.5097 13.794 0.599991
    endloop
  endfacet
  facet normal 0 -0 1
    outer loop
      vertex -20.8044 12.749 2.39999
      vertex -20.2879 13.5559 2.39999
      vertex -22.5097 13.794 2.39999
    endloop
  endfacet
  facet normal 0 0 1
    outer loop
      vertex -20.2879 13.5559 2.39999
      vertex -21.9508 14.6671 2.39999
      vertex -22.5097 13.794 2.39999
    endloop
  endfacet
  facet normal -0.842232 0.539116 0
    outer loop
      vertex -20.8044 12.749 8
      vertex -20.2879 13.5559 8
      vertex -20.8044 12.749 2.39999
    endloop
  endfacet
  facet normal -0.842232 0.539116 0
    outer loop
      vertex -20.2879 13.5559 8
      vertex -20.2879 13.5559 2.39999
      vertex -20.8044 12.749 2.39999
    endloop
  endfacet
  facet normal -0.744071 0.476282 -0.468523
    outer loop
      vertex -33.2871 20.3983 35.6
      vertex -32.4606 21.6895 35.6
      vertex -20.8044 12.749 8
    endloop
  endfacet
  facet normal -0.744071 0.476283 -0.468523
    outer loop
      vertex -32.4606 21.6895 35.6
      vertex -20.2879 13.5559 8
      vertex -20.8044 12.749 8
    endloop
  endfacet
  facet normal -0.842232 0.539115 0
    outer loop
      vertex -33.2871 20.3983 37.2
      vertex -32.4606 21.6895 37.2
      vertex -33.2871 20.3983 35.6
    endloop
  endfacet
  facet normal -0.842232 0.539115 0
    outer loop
      vertex -32.4606 21.6895 37.2
      vertex -32.4606 21.6895 35.6
      vertex -33.2871 20.3983 35.6
    endloop
  endfacet
  facet normal -0.595585 0.381218 0.707072
    outer loop
      vertex -32.6049 19.9803 38
      vertex -31.7954 21.245 38
      vertex -33.2871 20.3983 37.2
    endloop
  endfacet
  facet normal -0.595589 0.381238 0.707058
    outer loop
      vertex -31.7954 21.245 38
      vertex -32.4606 21.6895 37.2
      vertex -33.2871 20.3983 37.2
    endloop
  endfacet
  facet normal 0 -0 1
    outer loop
      vertex -31.7523 19.4578 38
      vertex -30.9639 20.6894 38
      vertex -32.6049 19.9803 38
    endloop
  endfacet
  facet normal 0 0 1
    outer loop
      vertex -30.9639 20.6894 38
      vertex -31.7954 21.245 38
      vertex -32.6049 19.9803 38
    endloop
  endfacet
  facet normal 0.842217 -0.539139 0
    outer loop
      vertex -31.7523 19.4578 35.6
      vertex -30.9639 20.6894 35.6
      vertex -31.7523 19.4578 38
    endloop
  endfacet
  facet normal 0.842217 -0.539139 0
    outer loop
      vertex -30.9639 20.6894 35.6
      vertex -30.9639 20.6894 38
      vertex -31.7523 19.4578 38
    endloop
  endfacet
  facet normal 0.744033 -0.476344 0.46852
    outer loop
      vertex -19.2697 11.8085 8
      vertex -18.7912 12.5559 8
      vertex -31.7523 19.4578 35.6
    endloop
  endfacet
  facet normal 0.744058 -0.476303 0.468522
    outer loop
      vertex -18.7912 12.5559 8
      vertex -30.9639 20.6894 35.6
      vertex -31.7523 19.4578 35.6
    endloop
  endfacet
  facet normal 0.842187 -0.539185 0
    outer loop
      vertex -19.2697 11.8085 0
      vertex -18.7912 12.5559 0
      vertex -19.2697 11.8085 8
    endloop
  endfacet
  facet normal 0.842187 -0.539185 0
    outer loop
      vertex -18.7912 12.5559 0
      vertex -18.7912 12.5559 8
      vertex -19.2697 11.8085 8
    endloop
  endfacet
  facet normal 0 0 -1
    outer loop
      vertex -20.2928 12.4355 0
      vertex -19.789 13.2226 0
      vertex -19.2697 11.8085 0
    endloop
  endfacet
  facet normal 0 0 -1
    outer loop
      vertex -19.789 13.2226 0
      vertex -18.7912 12.5559 0
      vertex -19.2697 11.8085 0
    endloop
  endfacet
  facet normal -0.595594 0.381242 -0.707052
    outer loop
      vertex -20.8044 12.749 0.599991
      vertex -20.2879 13.5559 0.599991
      vertex -20.2928 12.4355 0
    endloop
  endfacet
  facet normal -0.595613 0.381235 -0.707039
    outer loop
      vertex -20.2879 13.5559 0.599991
      vertex -19.789 13.2226 0
      vertex -20.2928 12.4355 0
    endloop
  endfacet
  facet normal 0 0 -1
    outer loop
      vertex -21.9508 14.6671 0.599991
      vertex -21.358 15.5175 0.599991
      vertex -20.2879 13.5559 0.599991
    endloop
  endfacet
  facet normal 0 0 -1
    outer loop
      vertex -21.358 15.5175 0.599991
      vertex -19.74 14.342 0.599991
      vertex -20.2879 13.5559 0.599991
    endloop
  endfacet
  facet normal -0.820354 0.571856 0
    outer loop
      vertex -21.9508 14.6671 2.39999
      vertex -21.358 15.5175 2.39999
      vertex -21.9508 14.6671 0.599991
    endloop
  endfacet
  facet normal -0.820354 0.571856 0
    outer loop
      vertex -21.358 15.5175 2.39999
      vertex -21.358 15.5175 0.599991
      vertex -21.9508 14.6671 0.599991
    endloop
  endfacet
  facet normal 0 -0 1
    outer loop
      vertex -20.2879 13.5559 2.39999
      vertex -19.74 14.342 2.39999
      vertex -21.9508 14.6671 2.39999
    endloop
  endfacet
  facet normal 0 0 1
    outer loop
      vertex -19.74 14.342 2.39999
      vertex -21.358 15.5175 2.39999
      vertex -21.9508 14.6671 2.39999
    endloop
  endfacet
  facet normal -0.820392 0.571801 0
    outer loop
      vertex -20.2879 13.5559 8
      vertex -19.74 14.342 8
      vertex -20.2879 13.5559 2.39999
    endloop
  endfacet
  facet normal -0.820392 0.571801 0
    outer loop
      vertex -19.74 14.342 8
      vertex -19.74 14.342 2.39999
      vertex -20.2879 13.5559 2.39999
    endloop
  endfacet
  facet normal -0.724757 0.505186 -0.468523
    outer loop
      vertex -32.4606 21.6895 35.6
      vertex -31.584 22.9471 35.6
      vertex -20.2879 13.5559 8
    endloop
  endfacet
  facet normal -0.724777 0.505159 -0.468522
    outer loop
      vertex -31.584 22.9471 35.6
      vertex -19.74 14.342 8
      vertex -20.2879 13.5559 8
    endloop
  endfacet
  facet normal -0.82037 0.571833 0
    outer loop
      vertex -32.4606 21.6895 37.2
      vertex -31.584 22.9471 37.2
      vertex -32.4606 21.6895 35.6
    endloop
  endfacet
  facet normal -0.82037 0.571833 0
    outer loop
      vertex -31.584 22.9471 37.2
      vertex -31.584 22.9471 35.6
      vertex -32.4606 21.6895 35.6
    endloop
  endfacet
  facet normal -0.580148 0.404347 0.707058
    outer loop
      vertex -31.7954 21.245 38
      vertex -30.9368 22.4769 38
      vertex -32.4606 21.6895 37.2
    endloop
  endfacet
  facet normal -0.580155 0.404392 0.707027
    outer loop
      vertex -30.9368 22.4769 38
      vertex -31.584 22.9471 37.2
      vertex -32.4606 21.6895 37.2
    endloop
  endfacet
  facet normal 0 -0 1
    outer loop
      vertex -30.9639 20.6894 38
      vertex -30.1278 21.8891 38
      vertex -31.7954 21.245 38
    endloop
  endfacet
  facet normal 0 0 1
    outer loop
      vertex -30.1278 21.8891 38
      vertex -30.9368 22.4769 38
      vertex -31.7954 21.245 38
    endloop
  endfacet
  facet normal 0.820416 -0.571768 0
    outer loop
      vertex -30.9639 20.6894 35.6
      vertex -30.1278 21.8891 35.6
      vertex -30.9639 20.6894 38
    endloop
  endfacet
  facet normal 0.820416 -0.571768 0
    outer loop
      vertex -30.1278 21.8891 35.6
      vertex -30.1278 21.8891 38
      vertex -30.9639 20.6894 38
    endloop
  endfacet
  facet normal 0.724779 -0.505155 0.468522
    outer loop
      vertex -18.7912 12.5559 8
      vertex -18.2838 13.2839 8
      vertex -30.9639 20.6894 35.6
    endloop
  endfacet
  facet normal 0.724797 -0.505129 0.468523
    outer loop
      vertex -18.2838 13.2839 8
      vertex -30.1278 21.8891 35.6
      vertex -30.9639 20.6894 35.6
    endloop
  endfacet
  facet normal 0.820395 -0.571797 0
    outer loop
      vertex -18.7912 12.5559 0
      vertex -18.2838 13.2839 0
      vertex -18.7912 12.5559 8
    endloop
  endfacet
  facet normal 0.820395 -0.571797 0
    outer loop
      vertex -18.2838 13.2839 0
      vertex -18.2838 13.2839 8
      vertex -18.7912 12.5559 8
    endloop
  endfacet
  facet normal 0 0 -1
    outer loop
      vertex -19.789 13.2226 0
      vertex -19.2546 13.9893 0
      vertex -18.7912 12.5559 0
    endloop
  endfacet
  facet normal 0 0 -1
    outer loop
      vertex -19.2546 13.9893 0
      vertex -18.2838 13.2839 0
      vertex -18.7912 12.5559 0
    endloop
  endfacet
  facet normal -0.580161 0.404364 -0.707038
    outer loop
      vertex -20.2879 13.5559 0.599991
      vertex -19.74 14.342 0.599991
      vertex -19.789 13.2226 0
    endloop
  endfacet
  facet normal -0.580145 0.404369 -0.707049
    outer loop
      vertex -19.74 14.342 0.599991
      vertex -19.2546 13.9893 0
      vertex -19.789 13.2226 0
    endloop
  endfacet
  facet normal 0 0 -1
    outer loop
      vertex -21.358 15.5175 0.599991
      vertex -20.7324 16.3441 0.599991
      vertex -19.74 14.342 0.599991
    endloop
  endfacet
  facet normal 0 0 -1
    outer loop
      vertex -20.7324 16.3441 0.599991
      vertex -19.1617 15.1059 0.599991
      vertex -19.74 14.342 0.599991
    endloop
  endfacet
  facet normal -0.797376 0.603482 0
    outer loop
      vertex -21.358 15.5175 2.39999
      vertex -20.7324 16.3441 2.39999
      vertex -21.358 15.5175 0.599991
    endloop
  endfacet
  facet normal -0.797376 0.603482 0
    outer loop
      vertex -20.7324 16.3441 2.39999
      vertex -20.7324 16.3441 0.599991
      vertex -21.358 15.5175 0.599991
    endloop
  endfacet
  facet normal 0 -0 1
    outer loop
      vertex -19.74 14.342 2.39999
      vertex -19.1617 15.1059 2.39999
      vertex -21.358 15.5175 2.39999
    endloop
  endfacet
  facet normal 0 0 1
    outer loop
      vertex -19.1617 15.1059 2.39999
      vertex -20.7324 16.3441 2.39999
      vertex -21.358 15.5175 2.39999
    endloop
  endfacet
  facet normal -0.797299 0.603584 0
    outer loop
      vertex -19.74 14.342 8
      vertex -19.1617 15.1059 8
      vertex -19.74 14.342 2.39999
    endloop
  endfacet
  facet normal -0.797299 0.603584 0
    outer loop
      vertex -19.1617 15.1059 8
      vertex -19.1617 15.1059 2.39999
      vertex -19.74 14.342 2.39999
    endloop
  endfacet
  facet normal -0.70441 0.533192 -0.468522
    outer loop
      vertex -31.584 22.9471 35.6
      vertex -30.6588 24.1694 35.6
      vertex -19.74 14.342 8
    endloop
  endfacet
  facet normal -0.704375 0.533237 -0.468524
    outer loop
      vertex -30.6588 24.1694 35.6
      vertex -19.1617 15.1059 8
      vertex -19.74 14.342 8
    endloop
  endfacet
  facet normal -0.797339 0.603532 0
    outer loop
      vertex -31.584 22.9471 37.2
      vertex -30.6588 24.1694 37.2
      vertex -31.584 22.9471 35.6
    endloop
  endfacet
  facet normal -0.797339 0.603532 0
    outer loop
      vertex -30.6588 24.1694 37.2
      vertex -30.6588 24.1694 35.6
      vertex -31.584 22.9471 35.6
    endloop
  endfacet
  facet normal -0.563845 0.42684 0.707026
    outer loop
      vertex -30.9368 22.4769 38
      vertex -30.0305 23.6741 38
      vertex -31.584 22.9471 37.2
    endloop
  endfacet
  facet normal -0.56384 0.426789 0.707061
    outer loop
      vertex -30.0305 23.6741 38
      vertex -30.6588 24.1694 37.2
      vertex -31.584 22.9471 37.2
    endloop
  endfacet
  facet normal 0 -0 1
    outer loop
      vertex -30.1278 21.8891 38
      vertex -29.2452 23.0551 38
      vertex -30.9368 22.4769 38
    endloop
  endfacet
  facet normal 0 0 1
    outer loop
      vertex -29.2452 23.0551 38
      vertex -30.0305 23.6741 38
      vertex -30.9368 22.4769 38
    endloop
  endfacet
  facet normal 0.797333 -0.603539 0
    outer loop
      vertex -30.1278 21.8891 35.6
      vertex -29.2452 23.0551 35.6
      vertex -30.1278 21.8891 38
    endloop
  endfacet
  facet normal 0.797333 -0.603539 0
    outer loop
      vertex -29.2452 23.0551 35.6
      vertex -29.2452 23.0551 38
      vertex -30.1278 21.8891 38
    endloop
  endfacet
  facet normal 0.704413 -0.533187 0.468523
    outer loop
      vertex -18.2838 13.2839 8
      vertex -17.7482 13.9915 8
      vertex -30.1278 21.8891 35.6
    endloop
  endfacet
  facet normal 0.704405 -0.533197 0.468523
    outer loop
      vertex -17.7482 13.9915 8
      vertex -29.2452 23.0551 35.6
      vertex -30.1278 21.8891 35.6
    endloop
  endfacet
  facet normal 0.797342 -0.603528 0
    outer loop
      vertex -18.2838 13.2839 0
      vertex -17.7482 13.9915 0
      vertex -18.2838 13.2839 8
    endloop
  endfacet
  facet normal 0.797342 -0.603528 0
    outer loop
      vertex -17.7482 13.9915 0
      vertex -17.7482 13.9915 8
      vertex -18.2838 13.2839 8
    endloop
  endfacet
  facet normal 0 0 -1
    outer loop
      vertex -19.2546 13.9893 0
      vertex -18.6905 14.7344 0
      vertex -18.2838 13.2839 0
    endloop
  endfacet
  facet normal 0 0 -1
    outer loop
      vertex -18.6905 14.7344 0
      vertex -17.7482 13.9915 0
      vertex -18.2838 13.2839 0
    endloop
  endfacet
  facet normal -0.563822 0.426833 -0.707049
    outer loop
      vertex -19.74 14.342 0.599991
      vertex -19.1617 15.1059 0.599991
      vertex -19.2546 13.9893 0
    endloop
  endfacet
  facet normal -0.563798 0.42684 -0.707065
    outer loop
      vertex -19.1617 15.1059 0.599991
      vertex -18.6905 14.7344 0
      vertex -19.2546 13.9893 0
    endloop
  endfacet
  facet normal 0 0 -1
    outer loop
      vertex -20.7324 16.3441 0.599991
      vertex -20.0747 17.1454 0.599991
      vertex -19.1617 15.1059 0.599991
    endloop
  endfacet
  facet normal 0 0 -1
    outer loop
      vertex -20.0747 17.1454 0.599991
      vertex -18.5539 15.8465 0.599991
      vertex -19.1617 15.1059 0.599991
    endloop
  endfacet
  facet normal -0.772968 0.634445 0
    outer loop
      vertex -20.7324 16.3441 2.39999
      vertex -20.0747 17.1454 2.39999
      vertex -20.7324 16.3441 0.599991
    endloop
  endfacet
  facet normal -0.772968 0.634445 0
    outer loop
      vertex -20.0747 17.1454 2.39999
      vertex -20.0747 17.1454 0.599991
      vertex -20.7324 16.3441 0.599991
    endloop
  endfacet
  facet normal 0 -0 1
    outer loop
      vertex -19.1617 15.1059 2.39999
      vertex -18.5539 15.8465 2.39999
      vertex -20.7324 16.3441 2.39999
    endloop
  endfacet
  facet normal 0 0 1
    outer loop
      vertex -18.5539 15.8465 2.39999
      vertex -20.0747 17.1454 2.39999
      vertex -20.7324 16.3441 2.39999
    endloop
  endfacet
  facet normal -0.773008 0.634397 0
    outer loop
      vertex -19.1617 15.1059 8
      vertex -18.5539 15.8465 8
      vertex -19.1617 15.1059 2.39999
    endloop
  endfacet
  facet normal -0.773008 0.634397 0
    outer loop
      vertex -18.5539 15.8465 8
      vertex -18.5539 15.8465 2.39999
      vertex -19.1617 15.1059 2.39999
    endloop
  endfacet
  facet normal -0.68289 0.560488 -0.468523
    outer loop
      vertex -30.6588 24.1694 35.6
      vertex -29.6862 25.3544 35.6
      vertex -19.1617 15.1059 8
    endloop
  endfacet
  facet normal -0.682915 0.560459 -0.468522
    outer loop
      vertex -29.6862 25.3544 35.6
      vertex -18.5539 15.8465 8
      vertex -19.1617 15.1059 8
    endloop
  endfacet
  facet normal -0.77298 0.634431 0
    outer loop
      vertex -30.6588 24.1694 37.2
      vertex -29.6862 25.3544 37.2
      vertex -30.6588 24.1694 35.6
    endloop
  endfacet
  facet normal -0.77298 0.634431 0
    outer loop
      vertex -29.6862 25.3544 37.2
      vertex -29.6862 25.3544 35.6
      vertex -30.6588 24.1694 35.6
    endloop
  endfacet
  facet normal -0.546646 0.4486 0.707062
    outer loop
      vertex -30.0305 23.6741 38
      vertex -29.0779 24.8349 38
      vertex -30.6588 24.1694 37.2
    endloop
  endfacet
  facet normal -0.546651 0.448669 0.707014
    outer loop
      vertex -29.0779 24.8349 38
      vertex -29.6862 25.3544 37.2
      vertex -30.6588 24.1694 37.2
    endloop
  endfacet
  facet normal 0 -0 1
    outer loop
      vertex -29.2452 23.0551 38
      vertex -28.3175 24.1854 38
      vertex -30.0305 23.6741 38
    endloop
  endfacet
  facet normal 0 0 1
    outer loop
      vertex -28.3175 24.1854 38
      vertex -29.0779 24.8349 38
      vertex -30.0305 23.6741 38
    endloop
  endfacet
  facet normal 0.772981 -0.634429 0
    outer loop
      vertex -29.2452 23.0551 35.6
      vertex -28.3175 24.1854 35.6
      vertex -29.2452 23.0551 38
    endloop
  endfacet
  facet normal 0.772981 -0.634429 0
    outer loop
      vertex -28.3175 24.1854 35.6
      vertex -28.3175 24.1854 38
      vertex -29.2452 23.0551 38
    endloop
  endfacet
  facet normal 0.68291 -0.560464 0.468523
    outer loop
      vertex -17.7482 13.9915 8
      vertex -17.1852 14.6775 8
      vertex -29.2452 23.0551 35.6
    endloop
  endfacet
  facet normal 0.682892 -0.560487 0.468522
    outer loop
      vertex -17.1852 14.6775 8
      vertex -28.3175 24.1854 35.6
      vertex -29.2452 23.0551 35.6
    endloop
  endfacet
  facet normal 0.773003 -0.634403 0
    outer loop
      vertex -17.7482 13.9915 0
      vertex -17.1852 14.6775 0
      vertex -17.7482 13.9915 8
    endloop
  endfacet
  facet normal 0.773003 -0.634403 0
    outer loop
      vertex -17.1852 14.6775 0
      vertex -17.1852 14.6775 8
      vertex -17.7482 13.9915 8
    endloop
  endfacet
  facet normal 0 0 -1
    outer loop
      vertex -18.6905 14.7344 0
      vertex -18.0977 15.4569 0
      vertex -17.7482 13.9915 0
    endloop
  endfacet
  facet normal 0 0 -1
    outer loop
      vertex -18.0977 15.4569 0
      vertex -17.1852 14.6775 0
      vertex -17.7482 13.9915 0
    endloop
  endfacet
  facet normal -0.546632 0.448613 -0.707065
    outer loop
      vertex -19.1617 15.1059 0.599991
      vertex -18.5539 15.8465 0.599991
      vertex -18.6905 14.7344 0
    endloop
  endfacet
  facet normal -0.546737 0.44859 -0.706998
    outer loop
      vertex -18.5539 15.8465 0.599991
      vertex -18.0977 15.4569 0
      vertex -18.6905 14.7344 0
    endloop
  endfacet
  facet normal 0 0 -1
    outer loop
      vertex -20.0747 17.1454 0.599991
      vertex -19.3861 17.9203 0.599991
      vertex -18.5539 15.8465 0.599991
    endloop
  endfacet
  facet normal 0 0 -1
    outer loop
      vertex -19.3861 17.9203 0.599991
      vertex -17.9175 16.5627 0.599991
      vertex -18.5539 15.8465 0.599991
    endloop
  endfacet
  facet normal -0.747505 0.664256 0
    outer loop
      vertex -20.0747 17.1454 2.39999
      vertex -19.3861 17.9203 2.39999
      vertex -20.0747 17.1454 0.599991
    endloop
  endfacet
  facet normal -0.747505 0.664256 0
    outer loop
      vertex -19.3861 17.9203 2.39999
      vertex -19.3861 17.9203 0.599991
      vertex -20.0747 17.1454 0.599991
    endloop
  endfacet
  facet normal 0 -0 1
    outer loop
      vertex -18.5539 15.8465 2.39999
      vertex -17.9175 16.5627 2.39999
      vertex -20.0747 17.1454 2.39999
    endloop
  endfacet
  facet normal 0 0 1
    outer loop
      vertex -17.9175 16.5627 2.39999
      vertex -19.3861 17.9203 2.39999
      vertex -20.0747 17.1454 2.39999
    endloop
  endfacet
  facet normal -0.747524 0.664234 0
    outer loop
      vertex -18.5539 15.8465 8
      vertex -17.9175 16.5627 8
      vertex -18.5539 15.8465 2.39999
    endloop
  endfacet
  facet normal -0.747524 0.664234 0
    outer loop
      vertex -17.9175 16.5627 8
      vertex -17.9175 16.5627 2.39999
      vertex -18.5539 15.8465 2.39999
    endloop
  endfacet
  facet normal -0.660405 0.586815 -0.468522
    outer loop
      vertex -29.6862 25.3544 35.6
      vertex -28.6679 26.5004 35.6
      vertex -18.5539 15.8465 8
    endloop
  endfacet
  facet normal -0.660402 0.586819 -0.468522
    outer loop
      vertex -28.6679 26.5004 35.6
      vertex -17.9175 16.5627 8
      vertex -18.5539 15.8465 8
    endloop
  endfacet
  facet normal -0.747528 0.66423 0
    outer loop
      vertex -29.6862 25.3544 37.2
      vertex -28.6679 26.5004 37.2
      vertex -29.6862 25.3544 35.6
    endloop
  endfacet
  facet normal -0.747528 0.66423 0
    outer loop
      vertex -28.6679 26.5004 37.2
      vertex -28.6679 26.5004 35.6
      vertex -29.6862 25.3544 35.6
    endloop
  endfacet
  facet normal -0.528636 0.469762 0.707013
    outer loop
      vertex -29.0779 24.8349 38
      vertex -28.0805 25.9573 38
      vertex -29.6862 25.3544 37.2
    endloop
  endfacet
  facet normal -0.528635 0.469728 0.707037
    outer loop
      vertex -28.0805 25.9573 38
      vertex -28.6679 26.5004 37.2
      vertex -29.6862 25.3544 37.2
    endloop
  endfacet
  facet normal 0 -0 1
    outer loop
      vertex -28.3175 24.1854 38
      vertex -27.3462 25.2785 38
      vertex -29.0779 24.8349 38
    endloop
  endfacet
  facet normal 0 0 1
    outer loop
      vertex -27.3462 25.2785 38
      vertex -28.0805 25.9573 38
      vertex -29.0779 24.8349 38
    endloop
  endfacet
  facet normal 0.747526 -0.664232 0
    outer loop
      vertex -28.3175 24.1854 35.6
      vertex -27.3462 25.2785 35.6
      vertex -28.3175 24.1854 38
    endloop
  endfacet
  facet normal 0.747526 -0.664232 0
    outer loop
      vertex -27.3462 25.2785 35.6
      vertex -27.3462 25.2785 38
      vertex -28.3175 24.1854 38
    endloop
  endfacet
  facet normal 0.660394 -0.586828 0.468522
    outer loop
      vertex -17.1852 14.6775 8
      vertex -16.5957 15.3409 8
      vertex -28.3175 24.1854 35.6
    endloop
  endfacet
  facet normal 0.660403 -0.586817 0.468522
    outer loop
      vertex -16.5957 15.3409 8
      vertex -27.3462 25.2785 35.6
      vertex -28.3175 24.1854 35.6
    endloop
  endfacet
  facet normal 0.747515 -0.664245 0
    outer loop
      vertex -17.1852 14.6775 0
      vertex -16.5957 15.3409 0
      vertex -17.1852 14.6775 8
    endloop
  endfacet
  facet normal 0.747515 -0.664245 0
    outer loop
      vertex -16.5957 15.3409 0
      vertex -16.5957 15.3409 8
      vertex -17.1852 14.6775 8
    endloop
  endfacet
  facet normal 0 0 -1
    outer loop
      vertex -18.0977 15.4569 0
      vertex -17.4769 16.1554 0
      vertex -17.1852 14.6775 0
    endloop
  endfacet
  facet normal 0 0 -1
    outer loop
      vertex -17.4769 16.1554 0
      vertex -16.5957 15.3409 0
      vertex -17.1852 14.6775 0
    endloop
  endfacet
  facet normal -0.528661 0.469757 -0.706998
    outer loop
      vertex -18.5539 15.8465 0.599991
      vertex -17.9175 16.5627 0.599991
      vertex -18.0977 15.4569 0
    endloop
  endfacet
  facet normal -0.52857 0.469773 -0.707055
    outer loop
      vertex -17.9175 16.5627 0.599991
      vertex -17.4769 16.1554 0
      vertex -18.0977 15.4569 0
    endloop
  endfacet
  facet normal 0 0 -1
    outer loop
      vertex -19.3861 17.9203 0.599991
      vertex -18.6676 18.6676 0.599991
      vertex -17.9175 16.5627 0.599991
    endloop
  endfacet
  facet normal 0 0 -1
    outer loop
      vertex -18.6676 18.6676 0.599991
      vertex -17.2534 17.2534 0.599991
      vertex -17.9175 16.5627 0.599991
    endloop
  endfacet
  facet normal -0.720861 0.69308 0
    outer loop
      vertex -19.3861 17.9203 2.39999
      vertex -18.6676 18.6676 2.39999
      vertex -19.3861 17.9203 0.599991
    endloop
  endfacet
  facet normal -0.720861 0.69308 0
    outer loop
      vertex -18.6676 18.6676 2.39999
      vertex -18.6676 18.6676 0.599991
      vertex -19.3861 17.9203 0.599991
    endloop
  endfacet
  facet normal 0 -0 1
    outer loop
      vertex -17.9175 16.5627 2.39999
      vertex -17.2534 17.2534 2.39999
      vertex -19.3861 17.9203 2.39999
    endloop
  endfacet
  facet normal 0 0 1
    outer loop
      vertex -17.2534 17.2534 2.39999
      vertex -18.6676 18.6676 2.39999
      vertex -19.3861 17.9203 2.39999
    endloop
  endfacet
  facet normal -0.720851 0.69309 0
    outer loop
      vertex -17.9175 16.5627 8
      vertex -17.2534 17.2534 8
      vertex -17.9175 16.5627 2.39999
    endloop
  endfacet
  facet normal -0.720851 0.69309 0
    outer loop
      vertex -17.2534 17.2534 8
      vertex -17.2534 17.2534 2.39999
      vertex -17.9175 16.5627 2.39999
    endloop
  endfacet
  facet normal -0.636821 0.612328 -0.468522
    outer loop
      vertex -28.6679 26.5004 35.6
      vertex -27.6054 27.6054 35.6
      vertex -17.9175 16.5627 8
    endloop
  endfacet
  facet normal -0.636837 0.612312 -0.468521
    outer loop
      vertex -27.6054 27.6054 35.6
      vertex -17.2534 17.2534 8
      vertex -17.9175 16.5627 8
    endloop
  endfacet
  facet normal -0.720833 0.693109 0
    outer loop
      vertex -28.6679 26.5004 37.2
      vertex -27.6054 27.6054 37.2
      vertex -28.6679 26.5004 35.6
    endloop
  endfacet
  facet normal -0.720833 0.693109 0
    outer loop
      vertex -27.6054 27.6054 37.2
      vertex -27.6054 27.6054 35.6
      vertex -28.6679 26.5004 35.6
    endloop
  endfacet
  facet normal -0.509794 0.490109 0.707039
    outer loop
      vertex -28.0805 25.9573 38
      vertex -27.0398 27.0398 38
      vertex -28.6679 26.5004 37.2
    endloop
  endfacet
  facet normal -0.509793 0.490186 0.706985
    outer loop
      vertex -27.0398 27.0398 38
      vertex -27.6054 27.6054 37.2
      vertex -28.6679 26.5004 37.2
    endloop
  endfacet
  facet normal 0 -0 1
    outer loop
      vertex -27.3462 25.2785 38
      vertex -26.3326 26.3326 38
      vertex -28.0805 25.9573 38
    endloop
  endfacet
  facet normal 0 0 1
    outer loop
      vertex -26.3326 26.3326 38
      vertex -27.0398 27.0398 38
      vertex -28.0805 25.9573 38
    endloop
  endfacet
  facet normal 0.720819 -0.693124 0
    outer loop
      vertex -27.3462 25.2785 35.6
      vertex -26.3326 26.3326 35.6
      vertex -27.3462 25.2785 38
    endloop
  endfacet
  facet normal 0.720819 -0.693124 0
    outer loop
      vertex -26.3326 26.3326 35.6
      vertex -26.3326 26.3326 38
      vertex -27.3462 25.2785 38
    endloop
  endfacet
  facet normal 0.636819 -0.61233 0.468522
    outer loop
      vertex -16.5957 15.3409 8
      vertex -15.9806 15.9806 8
      vertex -27.3462 25.2785 35.6
    endloop
  endfacet
  facet normal 0.636809 -0.612342 0.468522
    outer loop
      vertex -15.9806 15.9806 8
      vertex -26.3326 26.3326 35.6
      vertex -27.3462 25.2785 35.6
    endloop
  endfacet
  facet normal 0.720831 -0.693111 0
    outer loop
      vertex -16.5957 15.3409 0
      vertex -15.9806 15.9806 0
      vertex -16.5957 15.3409 8
    endloop
  endfacet
  facet normal 0.720831 -0.693111 0
    outer loop
      vertex -15.9806 15.9806 0
      vertex -15.9806 15.9806 8
      vertex -16.5957 15.3409 8
    endloop
  endfacet
  facet normal 0 0 -1
    outer loop
      vertex -17.4769 16.1554 0
      vertex -16.8291 16.8291 0
      vertex -16.5957 15.3409 0
    endloop
  endfacet
  facet normal 0 0 -1
    outer loop
      vertex -16.8291 16.8291 0
      vertex -15.9806 15.9806 0
      vertex -16.5957 15.3409 0
    endloop
  endfacet
  facet normal -0.509756 0.490125 -0.707055
    outer loop
      vertex -17.9175 16.5627 0.599991
      vertex -17.2534 17.2534 0.599991
      vertex -17.4769 16.1554 0
    endloop
  endfacet
  facet normal -0.509725 0.490129 -0.707074
    outer loop
      vertex -17.2534 17.2534 0.599991
      vertex -16.8291 16.8291 0
      vertex -17.4769 16.1554 0
    endloop
  endfacet
  facet normal 0 0 -1
    outer loop
      vertex -18.6676 18.6676 0.599991
      vertex -17.9203 19.3861 0.599991
      vertex -17.2534 17.2534 0.599991
    endloop
  endfacet
  facet normal 0 0 -1
    outer loop
      vertex -17.9203 19.3861 0.599991
      vertex -16.5627 17.9175 0.599991
      vertex -17.2534 17.2534 0.599991
    endloop
  endfacet
  facet normal -0.69308 0.720861 0
    outer loop
      vertex -18.6676 18.6676 2.39999
      vertex -17.9203 19.3861 2.39999
      vertex -18.6676 18.6676 0.599991
    endloop
  endfacet
  facet normal -0.69308 0.720861 0
    outer loop
      vertex -17.9203 19.3861 2.39999
      vertex -17.9203 19.3861 0.599991
      vertex -18.6676 18.6676 0.599991
    endloop
  endfacet
  facet normal 0 -0 1
    outer loop
      vertex -17.2534 17.2534 2.39999
      vertex -16.5627 17.9175 2.39999
      vertex -18.6676 18.6676 2.39999
    endloop
  endfacet
  facet normal 0 0 1
    outer loop
      vertex -16.5627 17.9175 2.39999
      vertex -17.9203 19.3861 2.39999
      vertex -18.6676 18.6676 2.39999
    endloop
  endfacet
  facet normal -0.69309 0.720851 0
    outer loop
      vertex -17.2534 17.2534 8
      vertex -16.5627 17.9175 8
      vertex -17.2534 17.2534 2.39999
    endloop
  endfacet
  facet normal -0.69309 0.720851 0
    outer loop
      vertex -16.5627 17.9175 8
      vertex -16.5627 17.9175 2.39999
      vertex -17.2534 17.2534 2.39999
    endloop
  endfacet
  facet normal -0.612328 0.636821 -0.468522
    outer loop
      vertex -27.6054 27.6054 35.6
      vertex -26.5004 28.6679 35.6
      vertex -17.2534 17.2534 8
    endloop
  endfacet
  facet normal -0.612311 0.636837 -0.468522
    outer loop
      vertex -26.5004 28.6679 35.6
      vertex -16.5627 17.9175 8
      vertex -17.2534 17.2534 8
    endloop
  endfacet
  facet normal -0.693109 0.720833 0
    outer loop
      vertex -27.6054 27.6054 37.2
      vertex -26.5004 28.6679 37.2
      vertex -27.6054 27.6054 35.6
    endloop
  endfacet
  facet normal -0.693109 0.720833 0
    outer loop
      vertex -26.5004 28.6679 37.2
      vertex -26.5004 28.6679 35.6
      vertex -27.6054 27.6054 35.6
    endloop
  endfacet
  facet normal -0.490146 0.509833 0.706985
    outer loop
      vertex -27.0398 27.0398 38
      vertex -25.9573 28.0805 38
      vertex -27.6054 27.6054 37.2
    endloop
  endfacet
  facet normal -0.490149 0.509755 0.707038
    outer loop
      vertex -25.9573 28.0805 38
      vertex -26.5004 28.6679 37.2
      vertex -27.6054 27.6054 37.2
    endloop
  endfacet
  facet normal 0 -0 1
    outer loop
      vertex -26.3326 26.3326 38
      vertex -25.2785 27.3462 38
      vertex -27.0398 27.0398 38
    endloop
  endfacet
  facet normal 0 0 1
    outer loop
      vertex -25.2785 27.3462 38
      vertex -25.9573 28.0805 38
      vertex -27.0398 27.0398 38
    endloop
  endfacet
  facet normal 0.693124 -0.720819 0
    outer loop
      vertex -26.3326 26.3326 35.6
      vertex -25.2785 27.3462 35.6
      vertex -26.3326 26.3326 38
    endloop
  endfacet
  facet normal 0.693124 -0.720819 0
    outer loop
      vertex -25.2785 27.3462 35.6
      vertex -25.2785 27.3462 38
      vertex -26.3326 26.3326 38
    endloop
  endfacet
  facet normal 0.61233 -0.636819 0.468522
    outer loop
      vertex -15.9806 15.9806 8
      vertex -15.3409 16.5957 8
      vertex -26.3326 26.3326 35.6
    endloop
  endfacet
  facet normal 0.612341 -0.636808 0.468522
    outer loop
      vertex -15.3409 16.5957 8
      vertex -25.2785 27.3462 35.6
      vertex -26.3326 26.3326 35.6
    endloop
  endfacet
  facet normal 0.693111 -0.720831 0
    outer loop
      vertex -15.9806 15.9806 0
      vertex -15.3409 16.5957 0
      vertex -15.9806 15.9806 8
    endloop
  endfacet
  facet normal 0.693111 -0.720831 0
    outer loop
      vertex -15.3409 16.5957 0
      vertex -15.3409 16.5957 8
      vertex -15.9806 15.9806 8
    endloop
  endfacet
  facet normal 0 0 -1
    outer loop
      vertex -16.8291 16.8291 0
      vertex -16.1554 17.4769 0
      vertex -15.9806 15.9806 0
    endloop
  endfacet
  facet normal 0 0 -1
    outer loop
      vertex -16.1554 17.4769 0
      vertex -15.3409 16.5957 0
      vertex -15.9806 15.9806 0
    endloop
  endfacet
  facet normal -0.490111 0.509742 -0.707074
    outer loop
      vertex -17.2534 17.2534 0.599991
      vertex -16.5627 17.9175 0.599991
      vertex -16.8291 16.8291 0
    endloop
  endfacet
  facet normal -0.490143 0.509739 -0.707054
    outer loop
      vertex -16.5627 17.9175 0.599991
      vertex -16.1554 17.4769 0
      vertex -16.8291 16.8291 0
    endloop
  endfacet
  facet normal 0 0 -1
    outer loop
      vertex -17.9203 19.3861 0.599991
      vertex -17.1454 20.0747 0.599991
      vertex -16.5627 17.9175 0.599991
    endloop
  endfacet
  facet normal 0 0 -1
    outer loop
      vertex -17.1454 20.0747 0.599991
      vertex -15.8465 18.5539 0.599991
      vertex -16.5627 17.9175 0.599991
    endloop
  endfacet
  facet normal -0.664256 0.747505 0
    outer loop
      vertex -17.9203 19.3861 2.39999
      vertex -17.1454 20.0747 2.39999
      vertex -17.9203 19.3861 0.599991
    endloop
  endfacet
  facet normal -0.664256 0.747505 0
    outer loop
      vertex -17.1454 20.0747 2.39999
      vertex -17.1454 20.0747 0.599991
      vertex -17.9203 19.3861 0.599991
    endloop
  endfacet
  facet normal 0 -0 1
    outer loop
      vertex -16.5627 17.9175 2.39999
      vertex -15.8465 18.5539 2.39999
      vertex -17.9203 19.3861 2.39999
    endloop
  endfacet
  facet normal 0 0 1
    outer loop
      vertex -15.8465 18.5539 2.39999
      vertex -17.1454 20.0747 2.39999
      vertex -17.9203 19.3861 2.39999
    endloop
  endfacet
  facet normal -0.664234 0.747524 0
    outer loop
      vertex -16.5627 17.9175 8
      vertex -15.8465 18.5539 8
      vertex -16.5627 17.9175 2.39999
    endloop
  endfacet
  facet normal -0.664234 0.747524 0
    outer loop
      vertex -15.8465 18.5539 8
      vertex -15.8465 18.5539 2.39999
      vertex -16.5627 17.9175 2.39999
    endloop
  endfacet
  facet normal -0.586815 0.660405 -0.468522
    outer loop
      vertex -26.5004 28.6679 35.6
      vertex -25.3544 29.6862 35.6
      vertex -16.5627 17.9175 8
    endloop
  endfacet
  facet normal -0.586819 0.660402 -0.468522
    outer loop
      vertex -25.3544 29.6862 35.6
      vertex -15.8465 18.5539 8
      vertex -16.5627 17.9175 8
    endloop
  endfacet
  facet normal -0.66423 0.747528 0
    outer loop
      vertex -26.5004 28.6679 37.2
      vertex -25.3544 29.6862 37.2
      vertex -26.5004 28.6679 35.6
    endloop
  endfacet
  facet normal -0.66423 0.747528 0
    outer loop
      vertex -25.3544 29.6862 37.2
      vertex -25.3544 29.6862 35.6
      vertex -26.5004 28.6679 35.6
    endloop
  endfacet
  facet normal -0.469747 0.528618 0.707037
    outer loop
      vertex -25.9573 28.0805 38
      vertex -24.8349 29.0779 38
      vertex -26.5004 28.6679 37.2
    endloop
  endfacet
  facet normal -0.469744 0.528652 0.707013
    outer loop
      vertex -24.8349 29.0779 38
      vertex -25.3544 29.6862 37.2
      vertex -26.5004 28.6679 37.2
    endloop
  endfacet
  facet normal 0 -0 1
    outer loop
      vertex -25.2785 27.3462 38
      vertex -24.1854 28.3175 38
      vertex -25.9573 28.0805 38
    endloop
  endfacet
  facet normal 0 0 1
    outer loop
      vertex -24.1854 28.3175 38
      vertex -24.8349 29.0779 38
      vertex -25.9573 28.0805 38
    endloop
  endfacet
  facet normal 0.664232 -0.747526 0
    outer loop
      vertex -25.2785 27.3462 35.6
      vertex -24.1854 28.3175 35.6
      vertex -25.2785 27.3462 38
    endloop
  endfacet
  facet normal 0.664232 -0.747526 0
    outer loop
      vertex -24.1854 28.3175 35.6
      vertex -24.1854 28.3175 38
      vertex -25.2785 27.3462 38
    endloop
  endfacet
  facet normal 0.586828 -0.660393 0.468523
    outer loop
      vertex -15.3409 16.5957 8
      vertex -14.6775 17.1852 8
      vertex -25.2785 27.3462 35.6
    endloop
  endfacet
  facet normal 0.586817 -0.660403 0.468522
    outer loop
      vertex -14.6775 17.1852 8
      vertex -24.1854 28.3175 35.6
      vertex -25.2785 27.3462 35.6
    endloop
  endfacet
  facet normal 0.664245 -0.747515 0
    outer loop
      vertex -15.3409 16.5957 0
      vertex -14.6775 17.1852 0
      vertex -15.3409 16.5957 8
    endloop
  endfacet
  facet normal 0.664245 -0.747515 0
    outer loop
      vertex -14.6775 17.1852 0
      vertex -14.6775 17.1852 8
      vertex -15.3409 16.5957 8
    endloop
  endfacet
  facet normal 0 0 -1
    outer loop
      vertex -16.1554 17.4769 0
      vertex -15.4569 18.0977 0
      vertex -15.3409 16.5957 0
    endloop
  endfacet
  facet normal 0 0 -1
    outer loop
      vertex -15.4569 18.0977 0
      vertex -14.6775 17.1852 0
      vertex -15.3409 16.5957 0
    endloop
  endfacet
  facet normal -0.469719 0.528619 -0.707054
    outer loop
      vertex -16.5627 17.9175 0.599991
      vertex -15.8465 18.5539 0.599991
      vertex -16.1554 17.4769 0
    endloop
  endfacet
  facet normal -0.469811 0.528613 -0.706997
    outer loop
      vertex -15.8465 18.5539 0.599991
      vertex -15.4569 18.0977 0
      vertex -16.1554 17.4769 0
    endloop
  endfacet
  facet normal 0 0 -1
    outer loop
      vertex -17.1454 20.0747 0.599991
      vertex -16.3441 20.7324 0.599991
      vertex -15.8465 18.5539 0.599991
    endloop
  endfacet
  facet normal 0 0 -1
    outer loop
      vertex -16.3441 20.7324 0.599991
      vertex -15.1059 19.1617 0.599991
      vertex -15.8465 18.5539 0.599991
    endloop
  endfacet
  facet normal -0.634445 0.772968 0
    outer loop
      vertex -17.1454 20.0747 2.39999
      vertex -16.3441 20.7324 2.39999
      vertex -17.1454 20.0747 0.599991
    endloop
  endfacet
  facet normal -0.634445 0.772968 0
    outer loop
      vertex -16.3441 20.7324 2.39999
      vertex -16.3441 20.7324 0.599991
      vertex -17.1454 20.0747 0.599991
    endloop
  endfacet
  facet normal 0 -0 1
    outer loop
      vertex -15.8465 18.5539 2.39999
      vertex -15.1059 19.1617 2.39999
      vertex -17.1454 20.0747 2.39999
    endloop
  endfacet
  facet normal 0 0 1
    outer loop
      vertex -15.1059 19.1617 2.39999
      vertex -16.3441 20.7324 2.39999
      vertex -17.1454 20.0747 2.39999
    endloop
  endfacet
  facet normal -0.634397 0.773008 0
    outer loop
      vertex -15.8465 18.5539 8
      vertex -15.1059 19.1617 8
      vertex -15.8465 18.5539 2.39999
    endloop
  endfacet
  facet normal -0.634397 0.773008 0
    outer loop
      vertex -15.1059 19.1617 8
      vertex -15.1059 19.1617 2.39999
      vertex -15.8465 18.5539 2.39999
    endloop
  endfacet
  facet normal -0.560489 0.68289 -0.468522
    outer loop
      vertex -25.3544 29.6862 35.6
      vertex -24.1694 30.6588 35.6
      vertex -15.8465 18.5539 8
    endloop
  endfacet
  facet normal -0.560458 0.682914 -0.468524
    outer loop
      vertex -24.1694 30.6588 35.6
      vertex -15.1059 19.1617 8
      vertex -15.8465 18.5539 8
    endloop
  endfacet
  facet normal -0.634431 0.77298 0
    outer loop
      vertex -25.3544 29.6862 37.2
      vertex -24.1694 30.6588 37.2
      vertex -25.3544 29.6862 35.6
    endloop
  endfacet
  facet normal -0.634431 0.77298 0
    outer loop
      vertex -24.1694 30.6588 37.2
      vertex -24.1694 30.6588 35.6
      vertex -25.3544 29.6862 35.6
    endloop
  endfacet
  facet normal -0.448631 0.546683 0.707014
    outer loop
      vertex -24.8349 29.0779 38
      vertex -23.6741 30.0305 38
      vertex -25.3544 29.6862 37.2
    endloop
  endfacet
  facet normal -0.448639 0.546615 0.707061
    outer loop
      vertex -23.6741 30.0305 38
      vertex -24.1694 30.6588 37.2
      vertex -25.3544 29.6862 37.2
    endloop
  endfacet
  facet normal 0 -0 1
    outer loop
      vertex -24.1854 28.3175 38
      vertex -23.0551 29.2452 38
      vertex -24.8349 29.0779 38
    endloop
  endfacet
  facet normal 0 0 1
    outer loop
      vertex -23.0551 29.2452 38
      vertex -23.6741 30.0305 38
      vertex -24.8349 29.0779 38
    endloop
  endfacet
  facet normal 0.634429 -0.772981 0
    outer loop
      vertex -24.1854 28.3175 35.6
      vertex -23.0551 29.2452 35.6
      vertex -24.1854 28.3175 38
    endloop
  endfacet
  facet normal 0.634429 -0.772981 0
    outer loop
      vertex -23.0551 29.2452 35.6
      vertex -23.0551 29.2452 38
      vertex -24.1854 28.3175 38
    endloop
  endfacet
  facet normal 0.560464 -0.682911 0.468522
    outer loop
      vertex -14.6775 17.1852 8
      vertex -13.9915 17.7482 8
      vertex -24.1854 28.3175 35.6
    endloop
  endfacet
  facet normal 0.560487 -0.682891 0.468523
    outer loop
      vertex -13.9915 17.7482 8
      vertex -23.0551 29.2452 35.6
      vertex -24.1854 28.3175 35.6
    endloop
  endfacet
  facet normal 0.634403 -0.773003 0
    outer loop
      vertex -14.6775 17.1852 0
      vertex -13.9915 17.7482 0
      vertex -14.6775 17.1852 8
    endloop
  endfacet
  facet normal 0.634403 -0.773003 0
    outer loop
      vertex -13.9915 17.7482 0
      vertex -13.9915 17.7482 8
      vertex -14.6775 17.1852 8
    endloop
  endfacet
  facet normal 0 0 -1
    outer loop
      vertex -15.4569 18.0977 0
      vertex -14.7344 18.6905 0
      vertex -14.6775 17.1852 0
    endloop
  endfacet
  facet normal 0 0 -1
    outer loop
      vertex -14.7344 18.6905 0
      vertex -13.9915 17.7482 0
      vertex -14.6775 17.1852 0
    endloop
  endfacet
  facet normal -0.448655 0.546683 -0.706998
    outer loop
      vertex -15.8465 18.5539 0.599991
      vertex -15.1059 19.1617 0.599991
      vertex -15.4569 18.0977 0
    endloop
  endfacet
  facet normal -0.448546 0.546685 -0.707066
    outer loop
      vertex -15.1059 19.1617 0.599991
      vertex -14.7344 18.6905 0
      vertex -15.4569 18.0977 0
    endloop
  endfacet
  facet normal 0 0 -1
    outer loop
      vertex -16.3441 20.7324 0.599991
      vertex -15.5175 21.358 0.599991
      vertex -15.1059 19.1617 0.599991
    endloop
  endfacet
  facet normal 0 0 -1
    outer loop
      vertex -15.5175 21.358 0.599991
      vertex -14.342 19.74 0.599991
      vertex -15.1059 19.1617 0.599991
    endloop
  endfacet
  facet normal -0.603482 0.797376 0
    outer loop
      vertex -16.3441 20.7324 2.39999
      vertex -15.5175 21.358 2.39999
      vertex -16.3441 20.7324 0.599991
    endloop
  endfacet
  facet normal -0.603482 0.797376 0
    outer loop
      vertex -15.5175 21.358 2.39999
      vertex -15.5175 21.358 0.599991
      vertex -16.3441 20.7324 0.599991
    endloop
  endfacet
  facet normal 0 -0 1
    outer loop
      vertex -15.1059 19.1617 2.39999
      vertex -14.342 19.74 2.39999
      vertex -16.3441 20.7324 2.39999
    endloop
  endfacet
  facet normal 0 0 1
    outer loop
      vertex -14.342 19.74 2.39999
      vertex -15.5175 21.358 2.39999
      vertex -16.3441 20.7324 2.39999
    endloop
  endfacet
  facet normal -0.603584 0.797299 0
    outer loop
      vertex -15.1059 19.1617 8
      vertex -14.342 19.74 8
      vertex -15.1059 19.1617 2.39999
    endloop
  endfacet
  facet normal -0.603584 0.797299 0
    outer loop
      vertex -14.342 19.74 8
      vertex -14.342 19.74 2.39999
      vertex -15.1059 19.1617 2.39999
    endloop
  endfacet
  facet normal -0.533191 0.70441 -0.468523
    outer loop
      vertex -24.1694 30.6588 35.6
      vertex -22.9471 31.584 35.6
      vertex -15.1059 19.1617 8
    endloop
  endfacet
  facet normal -0.533238 0.704376 -0.468521
    outer loop
      vertex -22.9471 31.584 35.6
      vertex -14.342 19.74 8
      vertex -15.1059 19.1617 8
    endloop
  endfacet
  facet normal -0.603532 0.797339 0
    outer loop
      vertex -24.1694 30.6588 37.2
      vertex -22.9471 31.584 37.2
      vertex -24.1694 30.6588 35.6
    endloop
  endfacet
  facet normal -0.603532 0.797339 0
    outer loop
      vertex -22.9471 31.584 37.2
      vertex -22.9471 31.584 35.6
      vertex -24.1694 30.6588 35.6
    endloop
  endfacet
  facet normal -0.426819 0.563817 0.707062
    outer loop
      vertex -23.6741 30.0305 38
      vertex -22.4769 30.9368 38
      vertex -24.1694 30.6588 37.2
    endloop
  endfacet
  facet normal -0.42681 0.563867 0.707027
    outer loop
      vertex -22.4769 30.9368 38
      vertex -22.9471 31.584 37.2
      vertex -24.1694 30.6588 37.2
    endloop
  endfacet
  facet normal 0 -0 1
    outer loop
      vertex -23.0551 29.2452 38
      vertex -21.8891 30.1278 38
      vertex -23.6741 30.0305 38
    endloop
  endfacet
  facet normal 0 0 1
    outer loop
      vertex -21.8891 30.1278 38
      vertex -22.4769 30.9368 38
      vertex -23.6741 30.0305 38
    endloop
  endfacet
  facet normal 0.603539 -0.797333 0
    outer loop
      vertex -23.0551 29.2452 35.6
      vertex -21.8891 30.1278 35.6
      vertex -23.0551 29.2452 38
    endloop
  endfacet
  facet normal 0.603539 -0.797333 0
    outer loop
      vertex -21.8891 30.1278 35.6
      vertex -21.8891 30.1278 38
      vertex -23.0551 29.2452 38
    endloop
  endfacet
  facet normal 0.533188 -0.704413 0.468523
    outer loop
      vertex -13.9915 17.7482 8
      vertex -13.2839 18.2838 8
      vertex -23.0551 29.2452 35.6
    endloop
  endfacet
  facet normal 0.533197 -0.704405 0.468523
    outer loop
      vertex -13.2839 18.2838 8
      vertex -21.8891 30.1278 35.6
      vertex -23.0551 29.2452 35.6
    endloop
  endfacet
  facet normal 0.603528 -0.797342 0
    outer loop
      vertex -13.9915 17.7482 0
      vertex -13.2839 18.2838 0
      vertex -13.9915 17.7482 8
    endloop
  endfacet
  facet normal 0.603528 -0.797342 0
    outer loop
      vertex -13.2839 18.2838 0
      vertex -13.2839 18.2838 8
      vertex -13.9915 17.7482 8
    endloop
  endfacet
  facet normal 0 0 -1
    outer loop
      vertex -14.7344 18.6905 0
      vertex -13.9893 19.2546 0
      vertex -13.9915 17.7482 0
    endloop
  endfacet
  facet normal 0 -0 -1
    outer loop
      vertex -13.9893 19.2546 0
      vertex -13.2839 18.2838 0
      vertex -13.9915 17.7482 0
    endloop
  endfacet
  facet normal -0.426824 0.563809 -0.707064
    outer loop
      vertex -15.1059 19.1617 0.599991
      vertex -14.342 19.74 0.599991
      vertex -14.7344 18.6905 0
    endloop
  endfacet
  facet normal -0.426849 0.56381 -0.707049
    outer loop
      vertex -14.342 19.74 0.599991
      vertex -13.9893 19.2546 0
      vertex -14.7344 18.6905 0
    endloop
  endfacet
  facet normal 0 0 -1
    outer loop
      vertex -15.5175 21.358 0.599991
      vertex -14.6671 21.9508 0.599991
      vertex -14.342 19.74 0.599991
    endloop
  endfacet
  facet normal 0 0 -1
    outer loop
      vertex -14.6671 21.9508 0.599991
      vertex -13.5559 20.2879 0.599991
      vertex -14.342 19.74 0.599991
    endloop
  endfacet
  facet normal -0.571856 0.820354 0
    outer loop
      vertex -15.5175 21.358 2.39999
      vertex -14.6671 21.9508 2.39999
      vertex -15.5175 21.358 0.599991
    endloop
  endfacet
  facet normal -0.571856 0.820354 0
    outer loop
      vertex -14.6671 21.9508 2.39999
      vertex -14.6671 21.9508 0.599991
      vertex -15.5175 21.358 0.599991
    endloop
  endfacet
  facet normal 0 -0 1
    outer loop
      vertex -14.342 19.74 2.39999
      vertex -13.5559 20.2879 2.39999
      vertex -15.5175 21.358 2.39999
    endloop
  endfacet
  facet normal 0 0 1
    outer loop
      vertex -13.5559 20.2879 2.39999
      vertex -14.6671 21.9508 2.39999
      vertex -15.5175 21.358 2.39999
    endloop
  endfacet
  facet normal -0.571801 0.820392 0
    outer loop
      vertex -14.342 19.74 8
      vertex -13.5559 20.2879 8
      vertex -14.342 19.74 2.39999
    endloop
  endfacet
  facet normal -0.571801 0.820392 0
    outer loop
      vertex -13.5559 20.2879 8
      vertex -13.5559 20.2879 2.39999
      vertex -14.342 19.74 2.39999
    endloop
  endfacet
  facet normal -0.505187 0.724758 -0.468522
    outer loop
      vertex -22.9471 31.584 35.6
      vertex -21.6895 32.4606 35.6
      vertex -14.342 19.74 8
    endloop
  endfacet
  facet normal -0.505158 0.724776 -0.468523
    outer loop
      vertex -21.6895 32.4606 35.6
      vertex -13.5559 20.2879 8
      vertex -14.342 19.74 8
    endloop
  endfacet
  facet normal -0.571833 0.82037 0
    outer loop
      vertex -22.9471 31.584 37.2
      vertex -21.6895 32.4606 37.2
      vertex -22.9471 31.584 35.6
    endloop
  endfacet
  facet normal -0.571833 0.82037 0
    outer loop
      vertex -21.6895 32.4606 37.2
      vertex -21.6895 32.4606 35.6
      vertex -22.9471 31.584 35.6
    endloop
  endfacet
  facet normal -0.404365 0.580174 0.707027
    outer loop
      vertex -22.4769 30.9368 38
      vertex -21.245 31.7954 38
      vertex -22.9471 31.584 37.2
    endloop
  endfacet
  facet normal -0.404375 0.580129 0.707058
    outer loop
      vertex -21.245 31.7954 38
      vertex -21.6895 32.4606 37.2
      vertex -22.9471 31.584 37.2
    endloop
  endfacet
  facet normal 0 -0 1
    outer loop
      vertex -21.8891 30.1278 38
      vertex -20.6894 30.9639 38
      vertex -22.4769 30.9368 38
    endloop
  endfacet
  facet normal 0 0 1
    outer loop
      vertex -20.6894 30.9639 38
      vertex -21.245 31.7954 38
      vertex -22.4769 30.9368 38
    endloop
  endfacet
  facet normal 0.571768 -0.820416 0
    outer loop
      vertex -21.8891 30.1278 35.6
      vertex -20.6894 30.9639 35.6
      vertex -21.8891 30.1278 38
    endloop
  endfacet
  facet normal 0.571768 -0.820416 0
    outer loop
      vertex -20.6894 30.9639 35.6
      vertex -20.6894 30.9639 38
      vertex -21.8891 30.1278 38
    endloop
  endfacet
  facet normal 0.505155 -0.724779 0.468523
    outer loop
      vertex -13.2839 18.2838 8
      vertex -12.5559 18.7912 8
      vertex -21.8891 30.1278 35.6
    endloop
  endfacet
  facet normal 0.505129 -0.724798 0.468522
    outer loop
      vertex -12.5559 18.7912 8
      vertex -20.6894 30.9639 35.6
      vertex -21.8891 30.1278 35.6
    endloop
  endfacet
  facet normal 0.571797 -0.820395 0
    outer loop
      vertex -13.2839 18.2838 0
      vertex -12.5559 18.7912 0
      vertex -13.2839 18.2838 8
    endloop
  endfacet
  facet normal 0.571797 -0.820395 0
    outer loop
      vertex -12.5559 18.7912 0
      vertex -12.5559 18.7912 8
      vertex -13.2839 18.2838 8
    endloop
  endfacet
  facet normal 0 0 -1
    outer loop
      vertex -13.9893 19.2546 0
      vertex -13.2226 19.789 0
      vertex -13.2839 18.2838 0
    endloop
  endfacet
  facet normal 0 -0 -1
    outer loop
      vertex -13.2226 19.789 0
      vertex -12.5559 18.7912 0
      vertex -13.2839 18.2838 0
    endloop
  endfacet
  facet normal -0.404358 0.580152 -0.707049
    outer loop
      vertex -14.342 19.74 0.599991
      vertex -13.5559 20.2879 0.599991
      vertex -13.9893 19.2546 0
    endloop
  endfacet
  facet normal -0.404375 0.580153 -0.707038
    outer loop
      vertex -13.5559 20.2879 0.599991
      vertex -13.2226 19.789 0
      vertex -13.9893 19.2546 0
    endloop
  endfacet
  facet normal 0 0 -1
    outer loop
      vertex -14.6671 21.9508 0.599991
      vertex -13.794 22.5097 0.599991
      vertex -13.5559 20.2879 0.599991
    endloop
  endfacet
  facet normal 0 0 -1
    outer loop
      vertex -13.794 22.5097 0.599991
      vertex -12.749 20.8044 0.599991
      vertex -13.5559 20.2879 0.599991
    endloop
  endfacet
  facet normal -0.539133 0.842221 0
    outer loop
      vertex -14.6671 21.9508 2.39999
      vertex -13.794 22.5097 2.39999
      vertex -14.6671 21.9508 0.599991
    endloop
  endfacet
  facet normal -0.539133 0.842221 0
    outer loop
      vertex -13.794 22.5097 2.39999
      vertex -13.794 22.5097 0.599991
      vertex -14.6671 21.9508 0.599991
    endloop
  endfacet
  facet normal 0 -0 1
    outer loop
      vertex -13.5559 20.2879 2.39999
      vertex -12.749 20.8044 2.39999
      vertex -14.6671 21.9508 2.39999
    endloop
  endfacet
  facet normal 0 0 1
    outer loop
      vertex -12.749 20.8044 2.39999
      vertex -13.794 22.5097 2.39999
      vertex -14.6671 21.9508 2.39999
    endloop
  endfacet
  facet normal -0.539116 0.842232 0
    outer loop
      vertex -13.5559 20.2879 8
      vertex -12.749 20.8044 8
      vertex -13.5559 20.2879 2.39999
    endloop
  endfacet
  facet normal -0.539116 0.842232 0
    outer loop
      vertex -12.749 20.8044 8
      vertex -12.749 20.8044 2.39999
      vertex -13.5559 20.2879 2.39999
    endloop
  endfacet
  facet normal -0.476282 0.744071 -0.468523
    outer loop
      vertex -21.6895 32.4606 35.6
      vertex -20.3983 33.2871 35.6
      vertex -13.5559 20.2879 8
    endloop
  endfacet
  facet normal -0.476283 0.744071 -0.468523
    outer loop
      vertex -20.3983 33.2871 35.6
      vertex -12.749 20.8044 8
      vertex -13.5559 20.2879 8
    endloop
  endfacet
  facet normal -0.539115 0.842232 0
    outer loop
      vertex -21.6895 32.4606 37.2
      vertex -20.3983 33.2871 37.2
      vertex -21.6895 32.4606 35.6
    endloop
  endfacet
  facet normal -0.539115 0.842232 0
    outer loop
      vertex -20.3983 33.2871 37.2
      vertex -20.3983 33.2871 35.6
      vertex -21.6895 32.4606 35.6
    endloop
  endfacet
  facet normal -0.381226 0.595597 0.707058
    outer loop
      vertex -21.245 31.7954 38
      vertex -19.9803 32.6049 38
      vertex -21.6895 32.4606 37.2
    endloop
  endfacet
  facet normal -0.381231 0.595578 0.707072
    outer loop
      vertex -19.9803 32.6049 38
      vertex -20.3983 33.2871 37.2
      vertex -21.6895 32.4606 37.2
    endloop
  endfacet
  facet normal 0 -0 1
    outer loop
      vertex -20.6894 30.9639 38
      vertex -19.4578 31.7523 38
      vertex -21.245 31.7954 38
    endloop
  endfacet
  facet normal 0 0 1
    outer loop
      vertex -19.4578 31.7523 38
      vertex -19.9803 32.6049 38
      vertex -21.245 31.7954 38
    endloop
  endfacet
  facet normal 0.539139 -0.842217 0
    outer loop
      vertex -20.6894 30.9639 35.6
      vertex -19.4578 31.7523 35.6
      vertex -20.6894 30.9639 38
    endloop
  endfacet
  facet normal 0.539139 -0.842217 0
    outer loop
      vertex -19.4578 31.7523 35.6
      vertex -19.4578 31.7523 38
      vertex -20.6894 30.9639 38
    endloop
  endfacet
  facet normal 0.476344 -0.744032 0.468522
    outer loop
      vertex -12.5559 18.7912 8
      vertex -11.8085 19.2697 8
      vertex -20.6894 30.9639 35.6
    endloop
  endfacet
  facet normal 0.476304 -0.744058 0.468521
    outer loop
      vertex -11.8085 19.2697 8
      vertex -19.4578 31.7523 35.6
      vertex -20.6894 30.9639 35.6
    endloop
  endfacet
  facet normal 0.539185 -0.842187 0
    outer loop
      vertex -12.5559 18.7912 0
      vertex -11.8085 19.2697 0
      vertex -12.5559 18.7912 8
    endloop
  endfacet
  facet normal 0.539185 -0.842187 0
    outer loop
      vertex -11.8085 19.2697 0
      vertex -11.8085 19.2697 8
      vertex -12.5559 18.7912 8
    endloop
  endfacet
  facet normal 0 0 -1
    outer loop
      vertex -13.2226 19.789 0
      vertex -12.4355 20.2928 0
      vertex -12.5559 18.7912 0
    endloop
  endfacet
  facet normal 0 -0 -1
    outer loop
      vertex -12.4355 20.2928 0
      vertex -11.8085 19.2697 0
      vertex -12.5559 18.7912 0
    endloop
  endfacet
  facet normal -0.381249 0.595604 -0.707039
    outer loop
      vertex -13.5559 20.2879 0.599991
      vertex -12.749 20.8044 0.599991
      vertex -13.2226 19.789 0
    endloop
  endfacet
  facet normal -0.381228 0.595602 -0.707052
    outer loop
      vertex -12.749 20.8044 0.599991
      vertex -12.4355 20.2928 0
      vertex -13.2226 19.789 0
    endloop
  endfacet
  facet normal 0 0 -1
    outer loop
      vertex -13.794 22.5097 0.599991
      vertex -12.8996 23.0339 0.599991
      vertex -12.749 20.8044 0.599991
    endloop
  endfacet
  facet normal 0 0 -1
    outer loop
      vertex -12.8996 23.0339 0.599991
      vertex -11.9224 21.2889 0.599991
      vertex -12.749 20.8044 0.599991
    endloop
  endfacet
  facet normal -0.505645 0.862742 0
    outer loop
      vertex -13.794 22.5097 2.39999
      vertex -12.8996 23.0339 2.39999
      vertex -13.794 22.5097 0.599991
    endloop
  endfacet
  facet normal -0.505645 0.862742 0
    outer loop
      vertex -12.8996 23.0339 2.39999
      vertex -12.8996 23.0339 0.599991
      vertex -13.794 22.5097 0.599991
    endloop
  endfacet
  facet normal 0 -0 1
    outer loop
      vertex -12.749 20.8044 2.39999
      vertex -11.9224 21.2889 2.39999
      vertex -13.794 22.5097 2.39999
    endloop
  endfacet
  facet normal 0 0 1
    outer loop
      vertex -11.9224 21.2889 2.39999
      vertex -12.8996 23.0339 2.39999
      vertex -13.794 22.5097 2.39999
    endloop
  endfacet
  facet normal -0.505674 0.862725 0
    outer loop
      vertex -12.749 20.8044 8
      vertex -11.9224 21.2889 8
      vertex -12.749 20.8044 2.39999
    endloop
  endfacet
  facet normal -0.505674 0.862725 0
    outer loop
      vertex -11.9224 21.2889 8
      vertex -11.9224 21.2889 2.39999
      vertex -12.749 20.8044 2.39999
    endloop
  endfacet
  facet normal -0.446711 0.762192 -0.468523
    outer loop
      vertex -20.3983 33.2871 35.6
      vertex -19.0758 34.0622 35.6
      vertex -12.749 20.8044 8
    endloop
  endfacet
  facet normal -0.446739 0.762176 -0.468522
    outer loop
      vertex -19.0758 34.0622 35.6
      vertex -11.9224 21.2889 8
      vertex -12.749 20.8044 8
    endloop
  endfacet
  facet normal -0.505642 0.862743 0
    outer loop
      vertex -20.3983 33.2871 37.2
      vertex -19.0758 34.0622 37.2
      vertex -20.3983 33.2871 35.6
    endloop
  endfacet
  facet normal -0.505642 0.862743 0
    outer loop
      vertex -19.0758 34.0622 37.2
      vertex -19.0758 34.0622 35.6
      vertex -20.3983 33.2871 35.6
    endloop
  endfacet
  facet normal -0.35759 0.610064 0.707073
    outer loop
      vertex -19.9803 32.6049 38
      vertex -18.6849 33.3642 38
      vertex -20.3983 33.2871 37.2
    endloop
  endfacet
  facet normal -0.357577 0.610109 0.707041
    outer loop
      vertex -18.6849 33.3642 38
      vertex -19.0758 34.0622 37.2
      vertex -20.3983 33.2871 37.2
    endloop
  endfacet
  facet normal 0 -0 1
    outer loop
      vertex -19.4578 31.7523 38
      vertex -18.1963 32.4917 38
      vertex -19.9803 32.6049 38
    endloop
  endfacet
  facet normal 0 0 1
    outer loop
      vertex -18.1963 32.4917 38
      vertex -18.6849 33.3642 38
      vertex -19.9803 32.6049 38
    endloop
  endfacet
  facet normal 0.505669 -0.862728 0
    outer loop
      vertex -19.4578 31.7523 35.6
      vertex -18.1963 32.4917 35.6
      vertex -19.4578 31.7523 38
    endloop
  endfacet
  facet normal 0.505669 -0.862728 0
    outer loop
      vertex -18.1963 32.4917 35.6
      vertex -18.1963 32.4917 38
      vertex -19.4578 31.7523 38
    endloop
  endfacet
  facet normal 0.446662 -0.762222 0.46852
    outer loop
      vertex -11.8085 19.2697 8
      vertex -11.0428 19.7184 8
      vertex -19.4578 31.7523 35.6
    endloop
  endfacet
  facet normal 0.446734 -0.762178 0.468523
    outer loop
      vertex -11.0428 19.7184 8
      vertex -18.1963 32.4917 35.6
      vertex -19.4578 31.7523 35.6
    endloop
  endfacet
  facet normal 0.505586 -0.862776 0
    outer loop
      vertex -11.8085 19.2697 0
      vertex -11.0428 19.7184 0
      vertex -11.8085 19.2697 8
    endloop
  endfacet
  facet normal 0.505586 -0.862776 0
    outer loop
      vertex -11.0428 19.7184 0
      vertex -11.0428 19.7184 8
      vertex -11.8085 19.2697 8
    endloop
  endfacet
  facet normal 0 0 -1
    outer loop
      vertex -12.4355 20.2928 0
      vertex -11.6292 20.7654 0
      vertex -11.8085 19.2697 0
    endloop
  endfacet
  facet normal 0 -0 -1
    outer loop
      vertex -11.6292 20.7654 0
      vertex -11.0428 19.7184 0
      vertex -11.8085 19.2697 0
    endloop
  endfacet
  facet normal -0.357593 0.610085 -0.707052
    outer loop
      vertex -12.749 20.8044 0.599991
      vertex -11.9224 21.2889 0.599991
      vertex -12.4355 20.2928 0
    endloop
  endfacet
  facet normal -0.357592 0.610085 -0.707053
    outer loop
      vertex -11.9224 21.2889 0.599991
      vertex -11.6292 20.7654 0
      vertex -12.4355 20.2928 0
    endloop
  endfacet
  facet normal 0 0 -1
    outer loop
      vertex -12.8996 23.0339 0.599991
      vertex -11.9853 23.5226 0.599991
      vertex -11.9224 21.2889 0.599991
    endloop
  endfacet
  facet normal 0 0 -1
    outer loop
      vertex -11.9853 23.5226 0.599991
      vertex -11.0774 21.7406 0.599991
      vertex -11.9224 21.2889 0.599991
    endloop
  endfacet
  facet normal -0.471394 0.881923 0
    outer loop
      vertex -12.8996 23.0339 2.39999
      vertex -11.9853 23.5226 2.39999
      vertex -12.8996 23.0339 0.599991
    endloop
  endfacet
  facet normal -0.471394 0.881923 0
    outer loop
      vertex -11.9853 23.5226 2.39999
      vertex -11.9853 23.5226 0.599991
      vertex -12.8996 23.0339 0.599991
    endloop
  endfacet
  facet normal 0 -0 1
    outer loop
      vertex -11.9224 21.2889 2.39999
      vertex -11.0774 21.7406 2.39999
      vertex -12.8996 23.0339 2.39999
    endloop
  endfacet
  facet normal 0 0 1
    outer loop
      vertex -11.0774 21.7406 2.39999
      vertex -11.9853 23.5226 2.39999
      vertex -12.8996 23.0339 2.39999
    endloop
  endfacet
  facet normal -0.471428 0.881905 0
    outer loop
      vertex -11.9224 21.2889 8
      vertex -11.0774 21.7406 8
      vertex -11.9224 21.2889 2.39999
    endloop
  endfacet
  facet normal -0.471428 0.881905 0
    outer loop
      vertex -11.0774 21.7406 8
      vertex -11.0774 21.7406 2.39999
      vertex -11.9224 21.2889 2.39999
    endloop
  endfacet
  facet normal -0.416475 0.779125 -0.468522
    outer loop
      vertex -19.0758 34.0622 35.6
      vertex -17.7238 34.7849 35.6
      vertex -11.9224 21.2889 8
    endloop
  endfacet
  facet normal -0.416484 0.77912 -0.468522
    outer loop
      vertex -17.7238 34.7849 35.6
      vertex -11.0774 21.7406 8
      vertex -11.9224 21.2889 8
    endloop
  endfacet
  facet normal -0.471418 0.88191 0
    outer loop
      vertex -19.0758 34.0622 37.2
      vertex -17.7238 34.7849 37.2
      vertex -19.0758 34.0622 35.6
    endloop
  endfacet
  facet normal -0.471418 0.88191 0
    outer loop
      vertex -17.7238 34.7849 37.2
      vertex -17.7238 34.7849 35.6
      vertex -19.0758 34.0622 35.6
    endloop
  endfacet
  facet normal -0.333376 0.623662 0.707041
    outer loop
      vertex -18.6849 33.3642 38
      vertex -17.3606 34.0721 38
      vertex -19.0758 34.0622 37.2
    endloop
  endfacet
  facet normal -0.333375 0.623665 0.707038
    outer loop
      vertex -17.3606 34.0721 38
      vertex -17.7238 34.7849 37.2
      vertex -19.0758 34.0622 37.2
    endloop
  endfacet
  facet normal 0 -0 1
    outer loop
      vertex -18.1963 32.4917 38
      vertex -16.9066 33.1811 38
      vertex -18.6849 33.3642 38
    endloop
  endfacet
  facet normal 0 0 1
    outer loop
      vertex -16.9066 33.1811 38
      vertex -17.3606 34.0721 38
      vertex -18.6849 33.3642 38
    endloop
  endfacet
  facet normal 0.471419 -0.88191 0
    outer loop
      vertex -18.1963 32.4917 35.6
      vertex -16.9066 33.1811 35.6
      vertex -18.1963 32.4917 38
    endloop
  endfacet
  facet normal 0.471419 -0.88191 0
    outer loop
      vertex -16.9066 33.1811 35.6
      vertex -16.9066 33.1811 38
      vertex -18.1963 32.4917 38
    endloop
  endfacet
  facet normal 0.41645 -0.779138 0.468523
    outer loop
      vertex -11.0428 19.7184 8
      vertex -10.2602 20.1367 8
      vertex -18.1963 32.4917 35.6
    endloop
  endfacet
  facet normal 0.416475 -0.779124 0.468524
    outer loop
      vertex -10.2602 20.1367 8
      vertex -16.9066 33.1811 35.6
      vertex -18.1963 32.4917 35.6
    endloop
  endfacet
  facet normal 0.471389 -0.881925 0
    outer loop
      vertex -11.0428 19.7184 0
      vertex -10.2602 20.1367 0
      vertex -11.0428 19.7184 8
    endloop
  endfacet
  facet normal 0.471389 -0.881925 0
    outer loop
      vertex -10.2602 20.1367 0
      vertex -10.2602 20.1367 8
      vertex -11.0428 19.7184 8
    endloop
  endfacet
  facet normal 0 0 -1
    outer loop
      vertex -11.6292 20.7654 0
      vertex -10.805 21.2059 0
      vertex -11.0428 19.7184 0
    endloop
  endfacet
  facet normal 0 -0 -1
    outer loop
      vertex -10.805 21.2059 0
      vertex -10.2602 20.1367 0
      vertex -11.0428 19.7184 0
    endloop
  endfacet
  facet normal -0.333375 0.623648 -0.707053
    outer loop
      vertex -11.9224 21.2889 0.599991
      vertex -11.0774 21.7406 0.599991
      vertex -11.6292 20.7654 0
    endloop
  endfacet
  facet normal -0.333307 0.623636 -0.707096
    outer loop
      vertex -11.0774 21.7406 0.599991
      vertex -10.805 21.2059 0
      vertex -11.6292 20.7654 0
    endloop
  endfacet
  facet normal 0 0 -1
    outer loop
      vertex -11.9853 23.5226 0.599991
      vertex -11.0526 23.975 0.599991
      vertex -11.0774 21.7406 0.599991
    endloop
  endfacet
  facet normal 0 -0 -1
    outer loop
      vertex -11.0526 23.975 0.599991
      vertex -10.2153 22.1587 0.599991
      vertex -11.0774 21.7406 0.599991
    endloop
  endfacet
  facet normal -0.436416 0.899745 0
    outer loop
      vertex -11.9853 23.5226 2.39999
      vertex -11.0526 23.975 2.39999
      vertex -11.9853 23.5226 0.599991
    endloop
  endfacet
  facet normal -0.436416 0.899745 0
    outer loop
      vertex -11.0526 23.975 2.39999
      vertex -11.0526 23.975 0.599991
      vertex -11.9853 23.5226 0.599991
    endloop
  endfacet
  facet normal 0 -0 1
    outer loop
      vertex -11.0774 21.7406 2.39999
      vertex -10.2153 22.1587 2.39999
      vertex -11.9853 23.5226 2.39999
    endloop
  endfacet
  facet normal 0 0 1
    outer loop
      vertex -10.2153 22.1587 2.39999
      vertex -11.0526 23.975 2.39999
      vertex -11.9853 23.5226 2.39999
    endloop
  endfacet
  facet normal -0.436368 0.899768 0
    outer loop
      vertex -11.0774 21.7406 8
      vertex -10.2153 22.1587 8
      vertex -11.0774 21.7406 2.39999
    endloop
  endfacet
  facet normal -0.436368 0.899768 0
    outer loop
      vertex -10.2153 22.1587 8
      vertex -10.2153 22.1587 2.39999
      vertex -11.0774 21.7406 2.39999
    endloop
  endfacet
  facet normal -0.385543 0.794886 -0.468522
    outer loop
      vertex -17.7238 34.7849 35.6
      vertex -16.3445 35.4539 35.6
      vertex -11.0774 21.7406 8
    endloop
  endfacet
  facet normal -0.38551 0.794901 -0.468523
    outer loop
      vertex -16.3445 35.4539 35.6
      vertex -10.2153 22.1587 8
      vertex -11.0774 21.7406 8
    endloop
  endfacet
  facet normal -0.436405 0.89975 0
    outer loop
      vertex -17.7238 34.7849 37.2
      vertex -16.3445 35.4539 37.2
      vertex -17.7238 34.7849 35.6
    endloop
  endfacet
  facet normal -0.436405 0.89975 0
    outer loop
      vertex -16.3445 35.4539 37.2
      vertex -16.3445 35.4539 35.6
      vertex -17.7238 34.7849 35.6
    endloop
  endfacet
  facet normal -0.308606 0.636286 0.707038
    outer loop
      vertex -17.3606 34.0721 38
      vertex -16.0095 34.7274 38
      vertex -17.7238 34.7849 37.2
    endloop
  endfacet
  facet normal -0.308611 0.636274 0.707047
    outer loop
      vertex -16.0095 34.7274 38
      vertex -16.3445 35.4539 37.2
      vertex -17.7238 34.7849 37.2
    endloop
  endfacet
  facet normal 0 -0 1
    outer loop
      vertex -16.9066 33.1811 38
      vertex -15.5909 33.8192 38
      vertex -17.3606 34.0721 38
    endloop
  endfacet
  facet normal 0 0 1
    outer loop
      vertex -15.5909 33.8192 38
      vertex -16.0095 34.7274 38
      vertex -17.3606 34.0721 38
    endloop
  endfacet
  facet normal 0.436376 -0.899764 0
    outer loop
      vertex -16.9066 33.1811 35.6
      vertex -15.5909 33.8192 35.6
      vertex -16.9066 33.1811 38
    endloop
  endfacet
  facet normal 0.436376 -0.899764 0
    outer loop
      vertex -15.5909 33.8192 35.6
      vertex -15.5909 33.8192 38
      vertex -16.9066 33.1811 38
    endloop
  endfacet
  facet normal 0.38555 -0.794881 0.468524
    outer loop
      vertex -10.2602 20.1367 8
      vertex -9.46171 20.524 8
      vertex -16.9066 33.1811 35.6
    endloop
  endfacet
  facet normal 0.385517 -0.794898 0.468523
    outer loop
      vertex -9.46171 20.524 8
      vertex -15.5909 33.8192 35.6
      vertex -16.9066 33.1811 35.6
    endloop
  endfacet
  facet normal 0.436413 -0.899746 0
    outer loop
      vertex -10.2602 20.1367 0
      vertex -9.46171 20.524 0
      vertex -10.2602 20.1367 8
    endloop
  endfacet
  facet normal 0.436413 -0.899746 0
    outer loop
      vertex -9.46171 20.524 0
      vertex -9.46171 20.524 8
      vertex -10.2602 20.1367 8
    endloop
  endfacet
  facet normal 0 0 -1
    outer loop
      vertex -10.805 21.2059 0
      vertex -9.9641 21.6138 0
      vertex -10.2602 20.1367 0
    endloop
  endfacet
  facet normal 0 -0 -1
    outer loop
      vertex -9.9641 21.6138 0
      vertex -9.46171 20.524 0
      vertex -10.2602 20.1367 0
    endloop
  endfacet
  facet normal -0.308564 0.636242 -0.707096
    outer loop
      vertex -11.0774 21.7406 0.599991
      vertex -10.2153 22.1587 0.599991
      vertex -10.805 21.2059 0
    endloop
  endfacet
  facet normal -0.308633 0.636257 -0.707052
    outer loop
      vertex -10.2153 22.1587 0.599991
      vertex -9.9641 21.6138 0
      vertex -10.805 21.2059 0
    endloop
  endfacet
  facet normal 0 0 -1
    outer loop
      vertex -11.0526 23.975 0.599991
      vertex -10.1028 24.3904 0.599991
      vertex -10.2153 22.1587 0.599991
    endloop
  endfacet
  facet normal 0 -0 -1
    outer loop
      vertex -10.1028 24.3904 0.599991
      vertex -9.33747 22.5427 0.599991
      vertex -10.2153 22.1587 0.599991
    endloop
  endfacet
  facet normal -0.400708 0.916206 0
    outer loop
      vertex -11.0526 23.975 2.39999
      vertex -10.1028 24.3904 2.39999
      vertex -11.0526 23.975 0.599991
    endloop
  endfacet
  facet normal -0.400708 0.916206 0
    outer loop
      vertex -10.1028 24.3904 2.39999
      vertex -10.1028 24.3904 0.599991
      vertex -11.0526 23.975 0.599991
    endloop
  endfacet
  facet normal 0 -0 1
    outer loop
      vertex -10.2153 22.1587 2.39999
      vertex -9.33747 22.5427 2.39999
      vertex -11.0526 23.975 2.39999
    endloop
  endfacet
  facet normal 0 0 1
    outer loop
      vertex -9.33747 22.5427 2.39999
      vertex -10.1028 24.3904 2.39999
      vertex -11.0526 23.975 2.39999
    endloop
  endfacet
  facet normal -0.400774 0.916177 0
    outer loop
      vertex -10.2153 22.1587 8
      vertex -9.33747 22.5427 8
      vertex -10.2153 22.1587 2.39999
    endloop
  endfacet
  facet normal -0.400774 0.916177 0
    outer loop
      vertex -9.33747 22.5427 8
      vertex -9.33747 22.5427 2.39999
      vertex -10.2153 22.1587 2.39999
    endloop
  endfacet
  facet normal -0.354071 0.809395 -0.468523
    outer loop
      vertex -16.3445 35.4539 35.6
      vertex -14.94 36.0683 35.6
      vertex -10.2153 22.1587 8
    endloop
  endfacet
  facet normal -0.354065 0.809397 -0.468523
    outer loop
      vertex -14.94 36.0683 35.6
      vertex -9.33747 22.5427 8
      vertex -10.2153 22.1587 8
    endloop
  endfacet
  facet normal -0.400781 0.916174 0
    outer loop
      vertex -16.3445 35.4539 37.2
      vertex -14.94 36.0683 37.2
      vertex -16.3445 35.4539 35.6
    endloop
  endfacet
  facet normal -0.400781 0.916174 0
    outer loop
      vertex -14.94 36.0683 37.2
      vertex -14.94 36.0683 35.6
      vertex -16.3445 35.4539 35.6
    endloop
  endfacet
  facet normal -0.28338 0.647907 0.707045
    outer loop
      vertex -16.0095 34.7274 38
      vertex -14.6338 35.3291 38
      vertex -16.3445 35.4539 37.2
    endloop
  endfacet
  facet normal -0.283403 0.647851 0.707087
    outer loop
      vertex -14.6338 35.3291 38
      vertex -14.94 36.0683 37.2
      vertex -16.3445 35.4539 37.2
    endloop
  endfacet
  facet normal 0 -0 1
    outer loop
      vertex -15.5909 33.8192 38
      vertex -14.2511 34.4053 38
      vertex -16.0095 34.7274 38
    endloop
  endfacet
  facet normal 0 0 1
    outer loop
      vertex -14.2511 34.4053 38
      vertex -14.6338 35.3291 38
      vertex -16.0095 34.7274 38
    endloop
  endfacet
  facet normal 0.400783 -0.916173 0
    outer loop
      vertex -15.5909 33.8192 35.6
      vertex -14.2511 34.4053 35.6
      vertex -15.5909 33.8192 38
    endloop
  endfacet
  facet normal 0.400783 -0.916173 0
    outer loop
      vertex -14.2511 34.4053 35.6
      vertex -14.2511 34.4053 38
      vertex -15.5909 33.8192 38
    endloop
  endfacet
  facet normal 0.354089 -0.809387 0.468523
    outer loop
      vertex -9.46171 20.524 8
      vertex -8.64864 20.8797 8
      vertex -15.5909 33.8192 35.6
    endloop
  endfacet
  facet normal 0.354072 -0.809394 0.468523
    outer loop
      vertex -8.64864 20.8797 8
      vertex -14.2511 34.4053 35.6
      vertex -15.5909 33.8192 35.6
    endloop
  endfacet
  facet normal 0.400802 -0.916165 0
    outer loop
      vertex -9.46171 20.524 0
      vertex -8.64864 20.8797 0
      vertex -9.46171 20.524 8
    endloop
  endfacet
  facet normal 0.400802 -0.916165 0
    outer loop
      vertex -8.64864 20.8797 0
      vertex -8.64864 20.8797 8
      vertex -9.46171 20.524 8
    endloop
  endfacet
  facet normal 0 0 -1
    outer loop
      vertex -9.9641 21.6138 0
      vertex -9.10786 21.9883 0
      vertex -9.46171 20.524 0
    endloop
  endfacet
  facet normal 0 -0 -1
    outer loop
      vertex -9.10786 21.9883 0
      vertex -8.64864 20.8797 0
      vertex -9.46171 20.524 0
    endloop
  endfacet
  facet normal -0.283412 0.647884 -0.707053
    outer loop
      vertex -10.2153 22.1587 0.599991
      vertex -9.33747 22.5427 0.599991
      vertex -9.9641 21.6138 0
    endloop
  endfacet
  facet normal -0.283365 0.647872 -0.707083
    outer loop
      vertex -9.33747 22.5427 0.599991
      vertex -9.10786 21.9883 0
      vertex -9.9641 21.6138 0
    endloop
  endfacet
  facet normal 0 0 -1
    outer loop
      vertex -10.1028 24.3904 0.599991
      vertex -9.13749 24.7682 0.599991
      vertex -9.33747 22.5427 0.599991
    endloop
  endfacet
  facet normal 0 -0 -1
    outer loop
      vertex -9.13749 24.7682 0.599991
      vertex -8.44525 22.8919 0.599991
      vertex -9.33747 22.5427 0.599991
    endloop
  endfacet
  facet normal -0.364458 0.93122 0
    outer loop
      vertex -10.1028 24.3904 2.39999
      vertex -9.13749 24.7682 2.39999
      vertex -10.1028 24.3904 0.599991
    endloop
  endfacet
  facet normal -0.364458 0.93122 0
    outer loop
      vertex -9.13749 24.7682 2.39999
      vertex -9.13749 24.7682 0.599991
      vertex -10.1028 24.3904 0.599991
    endloop
  endfacet
  facet normal 0 -0 1
    outer loop
      vertex -9.33747 22.5427 2.39999
      vertex -8.44525 22.8919 2.39999
      vertex -10.1028 24.3904 2.39999
    endloop
  endfacet
  facet normal 0 0 1
    outer loop
      vertex -8.44525 22.8919 2.39999
      vertex -9.13749 24.7682 2.39999
      vertex -10.1028 24.3904 2.39999
    endloop
  endfacet
  facet normal -0.364463 0.931218 0
    outer loop
      vertex -9.33747 22.5427 8
      vertex -8.44525 22.8919 8
      vertex -9.33747 22.5427 2.39999
    endloop
  endfacet
  facet normal -0.364463 0.931218 0
    outer loop
      vertex -8.44525 22.8919 8
      vertex -8.44525 22.8919 2.39999
      vertex -9.33747 22.5427 2.39999
    endloop
  endfacet
  facet normal -0.321966 0.822693 -0.468523
    outer loop
      vertex -14.94 36.0683 35.6
      vertex -13.5124 36.627 35.6
      vertex -9.33747 22.5427 8
    endloop
  endfacet
  facet normal -0.321985 0.822686 -0.468523
    outer loop
      vertex -13.5124 36.627 35.6
      vertex -8.44525 22.8919 8
      vertex -9.33747 22.5427 8
    endloop
  endfacet
  facet normal -0.364441 0.931226 0
    outer loop
      vertex -14.94 36.0683 37.2
      vertex -13.5124 36.627 37.2
      vertex -14.94 36.0683 35.6
    endloop
  endfacet
  facet normal -0.364441 0.931226 0
    outer loop
      vertex -13.5124 36.627 37.2
      vertex -13.5124 36.627 35.6
      vertex -14.94 36.0683 35.6
    endloop
  endfacet
  facet normal -0.257733 0.658484 0.707087
    outer loop
      vertex -14.6338 35.3291 38
      vertex -13.2355 35.8764 38
      vertex -14.94 36.0683 37.2
    endloop
  endfacet
  facet normal -0.257716 0.658521 0.707059
    outer loop
      vertex -13.2355 35.8764 38
      vertex -13.5124 36.627 37.2
      vertex -14.94 36.0683 37.2
    endloop
  endfacet
  facet normal 0 -0 1
    outer loop
      vertex -14.2511 34.4053 38
      vertex -12.8894 34.9382 38
      vertex -14.6338 35.3291 38
    endloop
  endfacet
  facet normal 0 0 1
    outer loop
      vertex -12.8894 34.9382 38
      vertex -13.2355 35.8764 38
      vertex -14.6338 35.3291 38
    endloop
  endfacet
  facet normal 0.364435 -0.931229 0
    outer loop
      vertex -14.2511 34.4053 35.6
      vertex -12.8894 34.9382 35.6
      vertex -14.2511 34.4053 38
    endloop
  endfacet
  facet normal 0.364435 -0.931229 0
    outer loop
      vertex -12.8894 34.9382 35.6
      vertex -12.8894 34.9382 38
      vertex -14.2511 34.4053 38
    endloop
  endfacet
  facet normal 0.321952 -0.822699 0.468522
    outer loop
      vertex -8.64864 20.8797 8
      vertex -7.82224 21.2031 8
      vertex -14.2511 34.4053 35.6
    endloop
  endfacet
  facet normal 0.321961 -0.822695 0.468523
    outer loop
      vertex -7.82224 21.2031 8
      vertex -12.8894 34.9382 35.6
      vertex -14.2511 34.4053 35.6
    endloop
  endfacet
  facet normal 0.364425 -0.931233 0
    outer loop
      vertex -8.64864 20.8797 0
      vertex -7.82224 21.2031 0
      vertex -8.64864 20.8797 8
    endloop
  endfacet
  facet normal 0.364425 -0.931233 0
    outer loop
      vertex -7.82224 21.2031 0
      vertex -7.82224 21.2031 8
      vertex -8.64864 20.8797 8
    endloop
  endfacet
  facet normal 0 0 -1
    outer loop
      vertex -9.10786 21.9883 0
      vertex -8.23758 22.3289 0
      vertex -8.64864 20.8797 0
    endloop
  endfacet
  facet normal 0 -0 -1
    outer loop
      vertex -8.23758 22.3289 0
      vertex -7.82224 21.2031 0
      vertex -8.64864 20.8797 0
    endloop
  endfacet
  facet normal -0.257723 0.658492 -0.707084
    outer loop
      vertex -9.33747 22.5427 0.599991
      vertex -8.44525 22.8919 0.599991
      vertex -9.10786 21.9883 0
    endloop
  endfacet
  facet normal -0.257712 0.658489 -0.707091
    outer loop
      vertex -8.44525 22.8919 0.599991
      vertex -8.23758 22.3289 0
      vertex -9.10786 21.9883 0
    endloop
  endfacet
  facet normal 0 0 -1
    outer loop
      vertex -9.13749 24.7682 0.599991
      vertex -8.15805 25.1079 0.599991
      vertex -8.44525 22.8919 0.599991
    endloop
  endfacet
  facet normal 0 -0 -1
    outer loop
      vertex -8.15805 25.1079 0.599991
      vertex -7.54001 23.2058 0.599991
      vertex -8.44525 22.8919 0.599991
    endloop
  endfacet
  facet normal -0.327682 0.944788 0
    outer loop
      vertex -9.13749 24.7682 2.39999
      vertex -8.15805 25.1079 2.39999
      vertex -9.13749 24.7682 0.599991
    endloop
  endfacet
  facet normal -0.327682 0.944788 0
    outer loop
      vertex -8.15805 25.1079 2.39999
      vertex -8.15805 25.1079 0.599991
      vertex -9.13749 24.7682 0.599991
    endloop
  endfacet
  facet normal 0 -0 1
    outer loop
      vertex -8.44525 22.8919 2.39999
      vertex -7.54001 23.2058 2.39999
      vertex -9.13749 24.7682 2.39999
    endloop
  endfacet
  facet normal 0 0 1
    outer loop
      vertex -7.54001 23.2058 2.39999
      vertex -8.15805 25.1079 2.39999
      vertex -9.13749 24.7682 2.39999
    endloop
  endfacet
  facet normal -0.327621 0.944809 0
    outer loop
      vertex -8.44525 22.8919 8
      vertex -7.54001 23.2058 8
      vertex -8.44525 22.8919 2.39999
    endloop
  endfacet
  facet normal -0.327621 0.944809 0
    outer loop
      vertex -7.54001 23.2058 8
      vertex -7.54001 23.2058 2.39999
      vertex -8.44525 22.8919 2.39999
    endloop
  endfacet
  facet normal -0.289414 0.834701 -0.468522
    outer loop
      vertex -13.5124 36.627 35.6
      vertex -12.064 37.1292 35.6
      vertex -8.44525 22.8919 8
    endloop
  endfacet
  facet normal -0.289437 0.834694 -0.468521
    outer loop
      vertex -12.064 37.1292 35.6
      vertex -7.54001 23.2058 8
      vertex -8.44525 22.8919 8
    endloop
  endfacet
  facet normal -0.327594 0.944818 0
    outer loop
      vertex -13.5124 36.627 37.2
      vertex -12.064 37.1292 37.2
      vertex -13.5124 36.627 35.6
    endloop
  endfacet
  facet normal -0.327594 0.944818 0
    outer loop
      vertex -12.064 37.1292 37.2
      vertex -12.064 37.1292 35.6
      vertex -13.5124 36.627 35.6
    endloop
  endfacet
  facet normal -0.231701 0.668118 0.707059
    outer loop
      vertex -13.2355 35.8764 38
      vertex -11.8168 36.3684 38
      vertex -13.5124 36.627 37.2
    endloop
  endfacet
  facet normal -0.231673 0.668171 0.707018
    outer loop
      vertex -11.8168 36.3684 38
      vertex -12.064 37.1292 37.2
      vertex -13.5124 36.627 37.2
    endloop
  endfacet
  facet normal 0 -0 1
    outer loop
      vertex -12.8894 34.9382 38
      vertex -11.5078 35.4173 38
      vertex -13.2355 35.8764 38
    endloop
  endfacet
  facet normal 0 0 1
    outer loop
      vertex -11.5078 35.4173 38
      vertex -11.8168 36.3684 38
      vertex -13.2355 35.8764 38
    endloop
  endfacet
  facet normal 0.327632 -0.944805 0
    outer loop
      vertex -12.8894 34.9382 35.6
      vertex -11.5078 35.4173 35.6
      vertex -12.8894 34.9382 38
    endloop
  endfacet
  facet normal 0.327632 -0.944805 0
    outer loop
      vertex -11.5078 35.4173 35.6
      vertex -11.5078 35.4173 38
      vertex -12.8894 34.9382 38
    endloop
  endfacet
  facet normal 0.289487 -0.834676 0.468523
    outer loop
      vertex -7.82224 21.2031 8
      vertex -6.98378 21.4939 8
      vertex -12.8894 34.9382 35.6
    endloop
  endfacet
  facet normal 0.289447 -0.83469 0.468521
    outer loop
      vertex -6.98378 21.4939 8
      vertex -11.5078 35.4173 35.6
      vertex -12.8894 34.9382 35.6
    endloop
  endfacet
  facet normal 0.327678 -0.94479 0
    outer loop
      vertex -7.82224 21.2031 0
      vertex -6.98378 21.4939 0
      vertex -7.82224 21.2031 8
    endloop
  endfacet
  facet normal 0.327678 -0.94479 0
    outer loop
      vertex -6.98378 21.4939 0
      vertex -6.98378 21.4939 8
      vertex -7.82224 21.2031 8
    endloop
  endfacet
  facet normal 0 0 -1
    outer loop
      vertex -8.23758 22.3289 0
      vertex -7.3546 22.6351 0
      vertex -7.82224 21.2031 0
    endloop
  endfacet
  facet normal 0 -0 -1
    outer loop
      vertex -7.3546 22.6351 0
      vertex -6.98378 21.4939 0
      vertex -7.82224 21.2031 0
    endloop
  endfacet
  facet normal -0.231668 0.668096 -0.707091
    outer loop
      vertex -8.44525 22.8919 0.599991
      vertex -7.54001 23.2058 0.599991
      vertex -8.23758 22.3289 0
    endloop
  endfacet
  facet normal -0.231684 0.668101 -0.707081
    outer loop
      vertex -7.54001 23.2058 0.599991
      vertex -7.3546 22.6351 0
      vertex -8.23758 22.3289 0
    endloop
  endfacet
  facet normal 0 0 -1
    outer loop
      vertex -8.15805 25.1079 0.599991
      vertex -7.16603 25.4088 0.599991
      vertex -7.54001 23.2058 0.599991
    endloop
  endfacet
  facet normal 0 -0 -1
    outer loop
      vertex -7.16603 25.4088 0.599991
      vertex -6.62315 23.4839 0.599991
      vertex -7.54001 23.2058 0.599991
    endloop
  endfacet
  facet normal -0.290262 0.956947 0
    outer loop
      vertex -8.15805 25.1079 2.39999
      vertex -7.16603 25.4088 2.39999
      vertex -8.15805 25.1079 0.599991
    endloop
  endfacet
  facet normal -0.290262 0.956947 0
    outer loop
      vertex -7.16603 25.4088 2.39999
      vertex -7.16603 25.4088 0.599991
      vertex -8.15805 25.1079 0.599991
    endloop
  endfacet
  facet normal 0 -0 1
    outer loop
      vertex -7.54001 23.2058 2.39999
      vertex -6.62315 23.4839 2.39999
      vertex -8.15805 25.1079 2.39999
    endloop
  endfacet
  facet normal 0 0 1
    outer loop
      vertex -6.62315 23.4839 2.39999
      vertex -7.16603 25.4088 2.39999
      vertex -8.15805 25.1079 2.39999
    endloop
  endfacet
  facet normal -0.290259 0.956948 0
    outer loop
      vertex -7.54001 23.2058 8
      vertex -6.62315 23.4839 8
      vertex -7.54001 23.2058 2.39999
    endloop
  endfacet
  facet normal -0.290259 0.956948 0
    outer loop
      vertex -6.62315 23.4839 8
      vertex -6.62315 23.4839 2.39999
      vertex -7.54001 23.2058 2.39999
    endloop
  endfacet
  facet normal -0.256448 0.845413 -0.468521
    outer loop
      vertex -12.064 37.1292 35.6
      vertex -10.597 37.5742 35.6
      vertex -7.54001 23.2058 8
    endloop
  endfacet
  facet normal -0.25643 0.845418 -0.468522
    outer loop
      vertex -10.597 37.5742 35.6
      vertex -6.62315 23.4839 8
      vertex -7.54001 23.2058 8
    endloop
  endfacet
  facet normal -0.290279 0.956942 0
    outer loop
      vertex -12.064 37.1292 37.2
      vertex -10.597 37.5742 37.2
      vertex -12.064 37.1292 35.6
    endloop
  endfacet
  facet normal -0.290279 0.956942 0
    outer loop
      vertex -10.597 37.5742 37.2
      vertex -10.597 37.5742 35.6
      vertex -12.064 37.1292 35.6
    endloop
  endfacet
  facet normal -0.205297 0.676741 0.707018
    outer loop
      vertex -11.8168 36.3684 38
      vertex -10.3799 36.8043 38
      vertex -12.064 37.1292 37.2
    endloop
  endfacet
  facet normal -0.205288 0.676758 0.707005
    outer loop
      vertex -10.3799 36.8043 38
      vertex -10.597 37.5742 37.2
      vertex -12.064 37.1292 37.2
    endloop
  endfacet
  facet normal 0 -0 1
    outer loop
      vertex -11.5078 35.4173 38
      vertex -10.1084 35.8418 38
      vertex -11.8168 36.3684 38
    endloop
  endfacet
  facet normal 0 0 1
    outer loop
      vertex -10.1084 35.8418 38
      vertex -10.3799 36.8043 38
      vertex -11.8168 36.3684 38
    endloop
  endfacet
  facet normal 0.290283 -0.956941 0
    outer loop
      vertex -11.5078 35.4173 35.6
      vertex -10.1084 35.8418 35.6
      vertex -11.5078 35.4173 38
    endloop
  endfacet
  facet normal 0.290283 -0.956941 0
    outer loop
      vertex -10.1084 35.8418 35.6
      vertex -10.1084 35.8418 38
      vertex -11.5078 35.4173 38
    endloop
  endfacet
  facet normal 0.256443 -0.845414 0.468521
    outer loop
      vertex -6.98378 21.4939 8
      vertex -6.13455 21.7515 8
      vertex -11.5078 35.4173 35.6
    endloop
  endfacet
  facet normal 0.256451 -0.845411 0.468522
    outer loop
      vertex -6.13455 21.7515 8
      vertex -10.1084 35.8418 35.6
      vertex -11.5078 35.4173 35.6
    endloop
  endfacet
  facet normal 0.290273 -0.956944 0
    outer loop
      vertex -6.98378 21.4939 0
      vertex -6.13455 21.7515 0
      vertex -6.98378 21.4939 8
    endloop
  endfacet
  facet normal 0.290273 -0.956944 0
    outer loop
      vertex -6.13455 21.7515 0
      vertex -6.13455 21.7515 8
      vertex -6.98378 21.4939 8
    endloop
  endfacet
  facet normal 0 0 -1
    outer loop
      vertex -7.3546 22.6351 0
      vertex -6.46028 22.9064 0
      vertex -6.98378 21.4939 0
    endloop
  endfacet
  facet normal 0 -0 -1
    outer loop
      vertex -6.46028 22.9064 0
      vertex -6.13455 21.7515 0
      vertex -6.98378 21.4939 0
    endloop
  endfacet
  facet normal -0.205252 0.676689 -0.707081
    outer loop
      vertex -7.54001 23.2058 0.599991
      vertex -6.62315 23.4839 0.599991
      vertex -7.3546 22.6351 0
    endloop
  endfacet
  facet normal -0.205283 0.676701 -0.70706
    outer loop
      vertex -6.62315 23.4839 0.599991
      vertex -6.46028 22.9064 0
      vertex -7.3546 22.6351 0
    endloop
  endfacet
  facet normal 0 0 -1
    outer loop
      vertex -7.16603 25.4088 0.599991
      vertex -6.16296 25.6706 0.599991
      vertex -6.62315 23.4839 0.599991
    endloop
  endfacet
  facet normal 0 -0 -1
    outer loop
      vertex -6.16296 25.6706 0.599991
      vertex -5.69607 23.7258 0.599991
      vertex -6.62315 23.4839 0.599991
    endloop
  endfacet
  facet normal -0.252539 0.967587 0
    outer loop
      vertex -7.16603 25.4088 2.39999
      vertex -6.16296 25.6706 2.39999
      vertex -7.16603 25.4088 0.599991
    endloop
  endfacet
  facet normal -0.252539 0.967587 0
    outer loop
      vertex -6.16296 25.6706 2.39999
      vertex -6.16296 25.6706 0.599991
      vertex -7.16603 25.4088 0.599991
    endloop
  endfacet
  facet normal 0 -0 1
    outer loop
      vertex -6.62315 23.4839 2.39999
      vertex -5.69607 23.7258 2.39999
      vertex -7.16603 25.4088 2.39999
    endloop
  endfacet
  facet normal 0 0 1
    outer loop
      vertex -5.69607 23.7258 2.39999
      vertex -6.16296 25.6706 2.39999
      vertex -7.16603 25.4088 2.39999
    endloop
  endfacet
  facet normal -0.252474 0.967604 0
    outer loop
      vertex -6.62315 23.4839 8
      vertex -5.69607 23.7258 8
      vertex -6.62315 23.4839 2.39999
    endloop
  endfacet
  facet normal -0.252474 0.967604 0
    outer loop
      vertex -5.69607 23.7258 8
      vertex -5.69607 23.7258 2.39999
      vertex -6.62315 23.4839 2.39999
    endloop
  endfacet
  facet normal -0.223086 0.854822 -0.468522
    outer loop
      vertex -10.597 37.5742 35.6
      vertex -9.11371 37.9613 35.6
      vertex -6.62315 23.4839 8
    endloop
  endfacet
  facet normal -0.223048 0.854831 -0.468523
    outer loop
      vertex -9.11371 37.9613 35.6
      vertex -5.69607 23.7258 8
      vertex -6.62315 23.4839 8
    endloop
  endfacet
  facet normal -0.252516 0.967593 0
    outer loop
      vertex -10.597 37.5742 37.2
      vertex -9.11371 37.9613 37.2
      vertex -10.597 37.5742 35.6
    endloop
  endfacet
  facet normal -0.252516 0.967593 0
    outer loop
      vertex -9.11371 37.9613 37.2
      vertex -9.11371 37.9613 35.6
      vertex -10.597 37.5742 35.6
    endloop
  endfacet
  facet normal -0.178546 0.684299 0.707005
    outer loop
      vertex -10.3799 36.8043 38
      vertex -8.92695 37.1834 38
      vertex -10.597 37.5742 37.2
    endloop
  endfacet
  facet normal -0.178573 0.684255 0.707041
    outer loop
      vertex -8.92695 37.1834 38
      vertex -9.11371 37.9613 37.2
      vertex -10.597 37.5742 37.2
    endloop
  endfacet
  facet normal 0 -0 1
    outer loop
      vertex -10.1084 35.8418 38
      vertex -8.6935 36.211 38
      vertex -10.3799 36.8043 38
    endloop
  endfacet
  facet normal 0 0 1
    outer loop
      vertex -8.6935 36.211 38
      vertex -8.92695 37.1834 38
      vertex -10.3799 36.8043 38
    endloop
  endfacet
  facet normal 0.252483 -0.967601 0
    outer loop
      vertex -10.1084 35.8418 35.6
      vertex -8.6935 36.211 35.6
      vertex -10.1084 35.8418 38
    endloop
  endfacet
  facet normal 0.252483 -0.967601 0
    outer loop
      vertex -8.6935 36.211 35.6
      vertex -8.6935 36.211 38
      vertex -10.1084 35.8418 38
    endloop
  endfacet
  facet normal 0.22309 -0.85482 0.468522
    outer loop
      vertex -6.13455 21.7515 8
      vertex -5.27586 21.9756 8
      vertex -10.1084 35.8418 35.6
    endloop
  endfacet
  facet normal 0.223057 -0.85483 0.468521
    outer loop
      vertex -5.27586 21.9756 8
      vertex -8.6935 36.211 35.6
      vertex -10.1084 35.8418 35.6
    endloop
  endfacet
  facet normal 0.252521 -0.967591 0
    outer loop
      vertex -6.13455 21.7515 0
      vertex -5.27586 21.9756 0
      vertex -6.13455 21.7515 8
    endloop
  endfacet
  facet normal 0.252521 -0.967591 0
    outer loop
      vertex -5.27586 21.9756 0
      vertex -5.27586 21.9756 8
      vertex -6.13455 21.7515 8
    endloop
  endfacet
  facet normal 0 0 -1
    outer loop
      vertex -6.46028 22.9064 0
      vertex -5.556 23.1424 0
      vertex -6.13455 21.7515 0
    endloop
  endfacet
  facet normal 0 -0 -1
    outer loop
      vertex -5.556 23.1424 0
      vertex -5.27586 21.9756 0
      vertex -6.13455 21.7515 0
    endloop
  endfacet
  facet normal -0.178538 0.684244 -0.70706
    outer loop
      vertex -6.62315 23.4839 0.599991
      vertex -5.69607 23.7258 0.599991
      vertex -6.46028 22.9064 0
    endloop
  endfacet
  facet normal -0.17858 0.684263 -0.707032
    outer loop
      vertex -5.69607 23.7258 0.599991
      vertex -5.556 23.1424 0
      vertex -6.46028 22.9064 0
    endloop
  endfacet
  facet normal 0 0 -1
    outer loop
      vertex -6.16296 25.6706 0.599991
      vertex -5.15038 25.8927 0.599991
      vertex -5.69607 23.7258 0.599991
    endloop
  endfacet
  facet normal 0 -0 -1
    outer loop
      vertex -5.15038 25.8927 0.599991
      vertex -4.7602 23.9312 0.599991
      vertex -5.69607 23.7258 0.599991
    endloop
  endfacet
  facet normal -0.214247 0.976779 0
    outer loop
      vertex -6.16296 25.6706 2.39999
      vertex -5.15038 25.8927 2.39999
      vertex -6.16296 25.6706 0.599991
    endloop
  endfacet
  facet normal -0.214247 0.976779 0
    outer loop
      vertex -5.15038 25.8927 2.39999
      vertex -5.15038 25.8927 0.599991
      vertex -6.16296 25.6706 0.599991
    endloop
  endfacet
  facet normal 0 -0 1
    outer loop
      vertex -5.69607 23.7258 2.39999
      vertex -4.7602 23.9312 2.39999
      vertex -6.16296 25.6706 2.39999
    endloop
  endfacet
  facet normal 0 0 1
    outer loop
      vertex -4.7602 23.9312 2.39999
      vertex -5.15038 25.8927 2.39999
      vertex -6.16296 25.6706 2.39999
    endloop
  endfacet
  facet normal -0.214373 0.976752 0
    outer loop
      vertex -5.69607 23.7258 8
      vertex -4.7602 23.9312 8
      vertex -5.69607 23.7258 2.39999
    endloop
  endfacet
  facet normal -0.214373 0.976752 0
    outer loop
      vertex -4.7602 23.9312 8
      vertex -4.7602 23.9312 2.39999
      vertex -5.69607 23.7258 2.39999
    endloop
  endfacet
  facet normal -0.189366 0.862917 -0.468523
    outer loop
      vertex -9.11371 37.9613 35.6
      vertex -7.61632 38.2899 35.6
      vertex -5.69607 23.7258 8
    endloop
  endfacet
  facet normal -0.189388 0.862913 -0.468523
    outer loop
      vertex -7.61632 38.2899 35.6
      vertex -4.7602 23.9312 8
      vertex -5.69607 23.7258 8
    endloop
  endfacet
  facet normal -0.214348 0.976757 0
    outer loop
      vertex -9.11371 37.9613 37.2
      vertex -7.61632 38.2899 37.2
      vertex -9.11371 37.9613 35.6
    endloop
  endfacet
  facet normal -0.214348 0.976757 0
    outer loop
      vertex -7.61632 38.2899 37.2
      vertex -7.61632 38.2899 35.6
      vertex -9.11371 37.9613 35.6
    endloop
  endfacet
  facet normal -0.151552 0.690743 0.707041
    outer loop
      vertex -8.92695 37.1834 38
      vertex -7.46025 37.5052 38
      vertex -9.11371 37.9613 37.2
    endloop
  endfacet
  facet normal -0.151575 0.690709 0.707069
    outer loop
      vertex -7.46025 37.5052 38
      vertex -7.61632 38.2899 37.2
      vertex -9.11371 37.9613 37.2
    endloop
  endfacet
  facet normal 0 -0 1
    outer loop
      vertex -8.6935 36.211 38
      vertex -7.26516 36.5244 38
      vertex -8.92695 37.1834 38
    endloop
  endfacet
  facet normal 0 0 1
    outer loop
      vertex -7.26516 36.5244 38
      vertex -7.46025 37.5052 38
      vertex -8.92695 37.1834 38
    endloop
  endfacet
  facet normal 0.214317 -0.976764 0
    outer loop
      vertex -8.6935 36.211 35.6
      vertex -7.26516 36.5244 35.6
      vertex -8.6935 36.211 38
    endloop
  endfacet
  facet normal 0.214317 -0.976764 0
    outer loop
      vertex -7.26516 36.5244 35.6
      vertex -7.26516 36.5244 38
      vertex -8.6935 36.211 38
    endloop
  endfacet
  facet normal 0.18925 -0.862945 0.46852
    outer loop
      vertex -5.27586 21.9756 8
      vertex -4.40904 22.1657 8
      vertex -8.6935 36.211 35.6
    endloop
  endfacet
  facet normal 0.189339 -0.862924 0.468523
    outer loop
      vertex -4.40904 22.1657 8
      vertex -7.26516 36.5244 35.6
      vertex -8.6935 36.211 35.6
    endloop
  endfacet
  facet normal 0.214216 -0.976786 0
    outer loop
      vertex -5.27586 21.9756 0
      vertex -4.40904 22.1657 0
      vertex -5.27586 21.9756 8
    endloop
  endfacet
  facet normal 0.214216 -0.976786 0
    outer loop
      vertex -4.40904 22.1657 0
      vertex -4.40904 22.1657 8
      vertex -5.27586 21.9756 8
    endloop
  endfacet
  facet normal 0 0 -1
    outer loop
      vertex -5.556 23.1424 0
      vertex -4.64315 23.3427 0
      vertex -5.27586 21.9756 0
    endloop
  endfacet
  facet normal 0 -0 -1
    outer loop
      vertex -4.64315 23.3427 0
      vertex -4.40904 22.1657 0
      vertex -5.27586 21.9756 0
    endloop
  endfacet
  facet normal -0.1516 0.690741 -0.707032
    outer loop
      vertex -5.69607 23.7258 0.599991
      vertex -4.7602 23.9312 0.599991
      vertex -5.556 23.1424 0
    endloop
  endfacet
  facet normal -0.15156 0.690721 -0.70706
    outer loop
      vertex -4.7602 23.9312 0.599991
      vertex -4.64315 23.3427 0
      vertex -5.556 23.1424 0
    endloop
  endfacet
  facet normal 0 0 -1
    outer loop
      vertex -5.15038 25.8927 0.599991
      vertex -4.12987 26.075 0.599991
      vertex -4.7602 23.9312 0.599991
    endloop
  endfacet
  facet normal 0 -0 -1
    outer loop
      vertex -4.12987 26.075 0.599991
      vertex -3.817 24.0996 0.599991
      vertex -4.7602 23.9312 0.599991
    endloop
  endfacet
  facet normal -0.175852 0.984417 0
    outer loop
      vertex -5.15038 25.8927 2.39999
      vertex -4.12987 26.075 2.39999
      vertex -5.15038 25.8927 0.599991
    endloop
  endfacet
  facet normal -0.175852 0.984417 0
    outer loop
      vertex -4.12987 26.075 2.39999
      vertex -4.12987 26.075 0.599991
      vertex -5.15038 25.8927 0.599991
    endloop
  endfacet
  facet normal 0 -0 1
    outer loop
      vertex -4.7602 23.9312 2.39999
      vertex -3.817 24.0996 2.39999
      vertex -5.15038 25.8927 2.39999
    endloop
  endfacet
  facet normal 0 0 1
    outer loop
      vertex -3.817 24.0996 2.39999
      vertex -4.12987 26.075 2.39999
      vertex -5.15038 25.8927 2.39999
    endloop
  endfacet
  facet normal -0.175762 0.984433 0
    outer loop
      vertex -4.7602 23.9312 8
      vertex -3.817 24.0996 8
      vertex -4.7602 23.9312 2.39999
    endloop
  endfacet
  facet normal -0.175762 0.984433 0
    outer loop
      vertex -3.817 24.0996 8
      vertex -3.817 24.0996 2.39999
      vertex -4.7602 23.9312 2.39999
    endloop
  endfacet
  facet normal -0.155255 0.869703 -0.468523
    outer loop
      vertex -7.61632 38.2899 35.6
      vertex -6.1072 38.5593 35.6
      vertex -4.7602 23.9312 8
    endloop
  endfacet
  facet normal -0.155277 0.869699 -0.468522
    outer loop
      vertex -6.1072 38.5593 35.6
      vertex -3.817 24.0996 8
      vertex -4.7602 23.9312 8
    endloop
  endfacet
  facet normal -0.175736 0.984437 0
    outer loop
      vertex -7.61632 38.2899 37.2
      vertex -6.1072 38.5593 37.2
      vertex -7.61632 38.2899 35.6
    endloop
  endfacet
  facet normal -0.175736 0.984437 0
    outer loop
      vertex -6.1072 38.5593 37.2
      vertex -6.1072 38.5593 35.6
      vertex -7.61632 38.2899 35.6
    endloop
  endfacet
  facet normal -0.124326 0.696129 0.70707
    outer loop
      vertex -7.46025 37.5052 38
      vertex -5.98205 37.7692 38
      vertex -7.61632 38.2899 37.2
    endloop
  endfacet
  facet normal -0.12428 0.69619 0.707017
    outer loop
      vertex -5.98205 37.7692 38
      vertex -6.1072 38.5593 37.2
      vertex -7.61632 38.2899 37.2
    endloop
  endfacet
  facet normal 0 -0 1
    outer loop
      vertex -7.26516 36.5244 38
      vertex -5.82562 36.7815 38
      vertex -7.46025 37.5052 38
    endloop
  endfacet
  facet normal 0 0 1
    outer loop
      vertex -5.82562 36.7815 38
      vertex -5.98205 37.7692 38
      vertex -7.46025 37.5052 38
    endloop
  endfacet
  facet normal 0.175817 -0.984423 0
    outer loop
      vertex -7.26516 36.5244 35.6
      vertex -5.82562 36.7815 35.6
      vertex -7.26516 36.5244 38
    endloop
  endfacet
  facet normal 0.175817 -0.984423 0
    outer loop
      vertex -5.82562 36.7815 35.6
      vertex -5.82562 36.7815 38
      vertex -7.26516 36.5244 38
    endloop
  endfacet
  facet normal 0.155299 -0.869694 0.468523
    outer loop
      vertex -4.40904 22.1657 8
      vertex -3.53542 22.3217 8
      vertex -7.26516 36.5244 35.6
    endloop
  endfacet
  facet normal 0.155325 -0.869689 0.468524
    outer loop
      vertex -3.53542 22.3217 8
      vertex -5.82562 36.7815 35.6
      vertex -7.26516 36.5244 35.6
    endloop
  endfacet
  facet normal 0.175787 -0.984428 0
    outer loop
      vertex -4.40904 22.1657 0
      vertex -3.53542 22.3217 0
      vertex -4.40904 22.1657 8
    endloop
  endfacet
  facet normal 0.175787 -0.984428 0
    outer loop
      vertex -3.53542 22.3217 0
      vertex -3.53542 22.3217 8
      vertex -4.40904 22.1657 8
    endloop
  endfacet
  facet normal 0 0 -1
    outer loop
      vertex -4.64315 23.3427 0
      vertex -3.72314 23.507 0
      vertex -4.40904 22.1657 0
    endloop
  endfacet
  facet normal 0 -0 -1
    outer loop
      vertex -3.72314 23.507 0
      vertex -3.53542 22.3217 0
      vertex -4.40904 22.1657 0
    endloop
  endfacet
  facet normal -0.124291 0.696145 -0.70706
    outer loop
      vertex -4.7602 23.9312 0.599991
      vertex -3.817 24.0996 0.599991
      vertex -4.64315 23.3427 0
    endloop
  endfacet
  facet normal -0.124324 0.696163 -0.707036
    outer loop
      vertex -3.817 24.0996 0.599991
      vertex -3.72314 23.507 0
      vertex -4.64315 23.3427 0
    endloop
  endfacet
  facet normal 0 0 -1
    outer loop
      vertex -4.12987 26.075 0.599991
      vertex -3.10299 26.217 0.599991
      vertex -3.817 24.0996 0.599991
    endloop
  endfacet
  facet normal 0 -0 -1
    outer loop
      vertex -3.10299 26.217 0.599991
      vertex -2.86791 24.2309 0.599991
      vertex -3.817 24.0996 0.599991
    endloop
  endfacet
  facet normal -0.136979 0.990574 0
    outer loop
      vertex -4.12987 26.075 2.39999
      vertex -3.10299 26.217 2.39999
      vertex -4.12987 26.075 0.599991
    endloop
  endfacet
  facet normal -0.136979 0.990574 0
    outer loop
      vertex -3.10299 26.217 2.39999
      vertex -3.10299 26.217 0.599991
      vertex -4.12987 26.075 0.599991
    endloop
  endfacet
  facet normal 0 -0 1
    outer loop
      vertex -3.817 24.0996 2.39999
      vertex -2.86791 24.2309 2.39999
      vertex -4.12987 26.075 2.39999
    endloop
  endfacet
  facet normal 0 0 1
    outer loop
      vertex -2.86791 24.2309 2.39999
      vertex -3.10299 26.217 2.39999
      vertex -4.12987 26.075 2.39999
    endloop
  endfacet
  facet normal -0.137038 0.990566 0
    outer loop
      vertex -3.817 24.0996 8
      vertex -2.86791 24.2309 8
      vertex -3.817 24.0996 2.39999
    endloop
  endfacet
  facet normal -0.137038 0.990566 0
    outer loop
      vertex -2.86791 24.2309 8
      vertex -2.86791 24.2309 2.39999
      vertex -3.817 24.0996 2.39999
    endloop
  endfacet
  facet normal -0.121078 0.875116 -0.468522
    outer loop
      vertex -6.1072 38.5593 35.6
      vertex -4.58866 38.7694 35.6
      vertex -3.817 24.0996 8
    endloop
  endfacet
  facet normal -0.121066 0.875117 -0.468522
    outer loop
      vertex -4.58866 38.7694 35.6
      vertex -2.86791 24.2309 8
      vertex -3.817 24.0996 8
    endloop
  endfacet
  facet normal -0.137051 0.990564 0
    outer loop
      vertex -6.1072 38.5593 37.2
      vertex -4.58866 38.7694 37.2
      vertex -6.1072 38.5593 35.6
    endloop
  endfacet
  facet normal -0.137051 0.990564 0
    outer loop
      vertex -4.58866 38.7694 37.2
      vertex -4.58866 38.7694 35.6
      vertex -6.1072 38.5593 35.6
    endloop
  endfacet
  facet normal -0.0968785 0.70053 0.707016
    outer loop
      vertex -5.98205 37.7692 38
      vertex -4.49463 37.9749 38
      vertex -6.1072 38.5593 37.2
    endloop
  endfacet
  facet normal -0.0969164 0.700483 0.707058
    outer loop
      vertex -4.49463 37.9749 38
      vertex -4.58866 38.7694 37.2
      vertex -6.1072 38.5593 37.2
    endloop
  endfacet
  facet normal 0 -0 1
    outer loop
      vertex -5.82562 36.7815 38
      vertex -4.37709 36.9819 38
      vertex -5.98205 37.7692 38
    endloop
  endfacet
  facet normal 0 0 1
    outer loop
      vertex -4.37709 36.9819 38
      vertex -4.49463 37.9749 38
      vertex -5.98205 37.7692 38
    endloop
  endfacet
  facet normal 0.137042 -0.990565 0
    outer loop
      vertex -5.82562 36.7815 35.6
      vertex -4.37709 36.9819 35.6
      vertex -5.82562 36.7815 38
    endloop
  endfacet
  facet normal 0.137042 -0.990565 0
    outer loop
      vertex -4.37709 36.9819 35.6
      vertex -4.37709 36.9819 38
      vertex -5.82562 36.7815 38
    endloop
  endfacet
  facet normal 0.121052 -0.875118 0.468524
    outer loop
      vertex -3.53542 22.3217 8
      vertex -2.65634 22.4433 8
      vertex -5.82562 36.7815 35.6
    endloop
  endfacet
  facet normal 0.12107 -0.875115 0.468525
    outer loop
      vertex -2.65634 22.4433 8
      vertex -4.37709 36.9819 35.6
      vertex -5.82562 36.7815 35.6
    endloop
  endfacet
  facet normal 0.137022 -0.990568 0
    outer loop
      vertex -3.53542 22.3217 0
      vertex -2.65634 22.4433 0
      vertex -3.53542 22.3217 8
    endloop
  endfacet
  facet normal 0.137022 -0.990568 0
    outer loop
      vertex -2.65634 22.4433 0
      vertex -2.65634 22.4433 8
      vertex -3.53542 22.3217 8
    endloop
  endfacet
  facet normal 0 0 -1
    outer loop
      vertex -3.72314 23.507 0
      vertex -2.79739 23.635 0
      vertex -3.53542 22.3217 0
    endloop
  endfacet
  facet normal 0 -0 -1
    outer loop
      vertex -2.79739 23.635 0
      vertex -2.65634 22.4433 0
      vertex -3.53542 22.3217 0
    endloop
  endfacet
  facet normal -0.0969101 0.700505 -0.707036
    outer loop
      vertex -3.817 24.0996 0.599991
      vertex -2.86791 24.2309 0.599991
      vertex -3.72314 23.507 0
    endloop
  endfacet
  facet normal -0.0968515 0.700471 -0.707078
    outer loop
      vertex -2.86791 24.2309 0.599991
      vertex -2.79739 23.635 0
      vertex -3.72314 23.507 0
    endloop
  endfacet
  facet normal 0 0 -1
    outer loop
      vertex -3.10299 26.217 0.599991
      vertex -2.07132 26.3186 0.599991
      vertex -2.86791 24.2309 0.599991
    endloop
  endfacet
  facet normal 0 -0 -1
    outer loop
      vertex -2.07132 26.3186 0.599991
      vertex -1.9144 24.3248 0.599991
      vertex -2.86791 24.2309 0.599991
    endloop
  endfacet
  facet normal -0.098007 0.995186 0
    outer loop
      vertex -3.10299 26.217 2.39999
      vertex -2.07132 26.3186 2.39999
      vertex -3.10299 26.217 0.599991
    endloop
  endfacet
  facet normal -0.098007 0.995186 0
    outer loop
      vertex -2.07132 26.3186 2.39999
      vertex -2.07132 26.3186 0.599991
      vertex -3.10299 26.217 0.599991
    endloop
  endfacet
  facet normal 0 -0 1
    outer loop
      vertex -2.86791 24.2309 2.39999
      vertex -1.9144 24.3248 2.39999
      vertex -3.10299 26.217 2.39999
    endloop
  endfacet
  facet normal 0 0 1
    outer loop
      vertex -1.9144 24.3248 2.39999
      vertex -2.07132 26.3186 2.39999
      vertex -3.10299 26.217 2.39999
    endloop
  endfacet
  facet normal -0.0980042 0.995186 0
    outer loop
      vertex -2.86791 24.2309 8
      vertex -1.9144 24.3248 8
      vertex -2.86791 24.2309 2.39999
    endloop
  endfacet
  facet normal -0.0980042 0.995186 0
    outer loop
      vertex -1.9144 24.3248 8
      vertex -1.9144 24.3248 2.39999
      vertex -2.86791 24.2309 2.39999
    endloop
  endfacet
  facet normal -0.0865589 0.879201 -0.468522
    outer loop
      vertex -4.58866 38.7694 35.6
      vertex -3.06304 38.9196 35.6
      vertex -2.86791 24.2309 8
    endloop
  endfacet
  facet normal -0.086582 0.879199 -0.468521
    outer loop
      vertex -3.06304 38.9196 35.6
      vertex -1.9144 24.3248 8
      vertex -2.86791 24.2309 8
    endloop
  endfacet
  facet normal -0.0979781 0.995189 0
    outer loop
      vertex -4.58866 38.7694 37.2
      vertex -3.06304 38.9196 37.2
      vertex -4.58866 38.7694 35.6
    endloop
  endfacet
  facet normal -0.0979781 0.995189 0
    outer loop
      vertex -3.06304 38.9196 37.2
      vertex -3.06304 38.9196 35.6
      vertex -4.58866 38.7694 35.6
    endloop
  endfacet
  facet normal -0.0693223 0.703749 0.707059
    outer loop
      vertex -4.49463 37.9749 38
      vertex -3.00028 38.1221 38
      vertex -4.58866 38.7694 37.2
    endloop
  endfacet
  facet normal -0.0692891 0.703787 0.707024
    outer loop
      vertex -3.00028 38.1221 38
      vertex -3.06304 38.9196 37.2
      vertex -4.58866 38.7694 37.2
    endloop
  endfacet
  facet normal 0 -0 1
    outer loop
      vertex -4.37709 36.9819 38
      vertex -2.92182 37.1252 38
      vertex -4.49463 37.9749 38
    endloop
  endfacet
  facet normal 0 0 1
    outer loop
      vertex -2.92182 37.1252 38
      vertex -3.00028 38.1221 38
      vertex -4.49463 37.9749 38
    endloop
  endfacet
  facet normal 0.0979957 -0.995187 0
    outer loop
      vertex -4.37709 36.9819 35.6
      vertex -2.92182 37.1252 35.6
      vertex -4.37709 36.9819 38
    endloop
  endfacet
  facet normal 0.0979957 -0.995187 0
    outer loop
      vertex -2.92182 37.1252 35.6
      vertex -2.92182 37.1252 38
      vertex -4.37709 36.9819 38
    endloop
  endfacet
  facet normal 0.0866084 -0.879195 0.468525
    outer loop
      vertex -2.65634 22.4433 8
      vertex -1.77317 22.5303 8
      vertex -4.37709 36.9819 35.6
    endloop
  endfacet
  facet normal 0.0865744 -0.879199 0.468524
    outer loop
      vertex -1.77317 22.5303 8
      vertex -2.92182 37.1252 35.6
      vertex -4.37709 36.9819 35.6
    endloop
  endfacet
  facet normal 0.0980343 -0.995183 0
    outer loop
      vertex -2.65634 22.4433 0
      vertex -1.77317 22.5303 0
      vertex -2.65634 22.4433 8
    endloop
  endfacet
  facet normal 0.0980343 -0.995183 0
    outer loop
      vertex -1.77317 22.5303 0
      vertex -1.77317 22.5303 8
      vertex -2.65634 22.4433 8
    endloop
  endfacet
  facet normal 0 0 -1
    outer loop
      vertex -2.79739 23.635 0
      vertex -1.86733 23.7266 0
      vertex -2.65634 22.4433 0
    endloop
  endfacet
  facet normal 0 -0 -1
    outer loop
      vertex -1.86733 23.7266 0
      vertex -1.77317 22.5303 0
      vertex -2.65634 22.4433 0
    endloop
  endfacet
  facet normal -0.0693022 0.703731 -0.707078
    outer loop
      vertex -2.86791 24.2309 0.599991
      vertex -1.9144 24.3248 0.599991
      vertex -2.79739 23.635 0
    endloop
  endfacet
  facet normal -0.0693097 0.703736 -0.707073
    outer loop
      vertex -1.9144 24.3248 0.599991
      vertex -1.86733 23.7266 0
      vertex -2.79739 23.635 0
    endloop
  endfacet
  facet normal 0 0 -1
    outer loop
      vertex -2.07132 26.3186 0.599991
      vertex -1.03646 26.3796 0.599991
      vertex -1.9144 24.3248 0.599991
    endloop
  endfacet
  facet normal 0 -0 -1
    outer loop
      vertex -1.03646 26.3796 0.599991
      vertex -0.957939 24.3812 0.599991
      vertex -1.9144 24.3248 0.599991
    endloop
  endfacet
  facet normal -0.058843 0.998267 0
    outer loop
      vertex -2.07132 26.3186 2.39999
      vertex -1.03646 26.3796 2.39999
      vertex -2.07132 26.3186 0.599991
    endloop
  endfacet
  facet normal -0.058843 0.998267 0
    outer loop
      vertex -1.03646 26.3796 2.39999
      vertex -1.03646 26.3796 0.599991
      vertex -2.07132 26.3186 0.599991
    endloop
  endfacet
  facet normal 0 -0 1
    outer loop
      vertex -1.9144 24.3248 2.39999
      vertex -0.957939 24.3812 2.39999
      vertex -2.07132 26.3186 2.39999
    endloop
  endfacet
  facet normal 0 0 1
    outer loop
      vertex -0.957939 24.3812 2.39999
      vertex -1.03646 26.3796 2.39999
      vertex -2.07132 26.3186 2.39999
    endloop
  endfacet
  facet normal -0.0588651 0.998266 0
    outer loop
      vertex -1.9144 24.3248 8
      vertex -0.957939 24.3812 8
      vertex -1.9144 24.3248 2.39999
    endloop
  endfacet
  facet normal -0.0588651 0.998266 0
    outer loop
      vertex -0.957939 24.3812 8
      vertex -0.957939 24.3812 2.39999
      vertex -1.9144 24.3248 2.39999
    endloop
  endfacet
  facet normal -0.0520389 0.881918 -0.468521
    outer loop
      vertex -3.06304 38.9196 35.6
      vertex -1.5327 39.0099 35.6
      vertex -1.9144 24.3248 8
    endloop
  endfacet
  facet normal -0.0520045 0.88192 -0.468523
    outer loop
      vertex -1.5327 39.0099 35.6
      vertex -0.957939 24.3812 8
      vertex -1.9144 24.3248 8
    endloop
  endfacet
  facet normal -0.058904 0.998264 0
    outer loop
      vertex -3.06304 38.9196 37.2
      vertex -1.5327 39.0099 37.2
      vertex -3.06304 38.9196 35.6
    endloop
  endfacet
  facet normal -0.058904 0.998264 0
    outer loop
      vertex -1.5327 39.0099 37.2
      vertex -1.5327 39.0099 35.6
      vertex -3.06304 38.9196 35.6
    endloop
  endfacet
  facet normal -0.0416328 0.705964 0.707023
    outer loop
      vertex -3.00028 38.1221 38
      vertex -1.50129 38.2105 38
      vertex -3.06304 38.9196 37.2
    endloop
  endfacet
  facet normal -0.041655 0.70594 0.707046
    outer loop
      vertex -1.50129 38.2105 38
      vertex -1.5327 39.0099 37.2
      vertex -3.06304 38.9196 37.2
    endloop
  endfacet
  facet normal 0 -0 1
    outer loop
      vertex -2.92182 37.1252 38
      vertex -1.46204 37.2113 38
      vertex -3.00028 38.1221 38
    endloop
  endfacet
  facet normal 0 0 1
    outer loop
      vertex -1.46204 37.2113 38
      vertex -1.50129 38.2105 38
      vertex -3.00028 38.1221 38
    endloop
  endfacet
  facet normal 0.0588792 -0.998265 0
    outer loop
      vertex -2.92182 37.1252 35.6
      vertex -1.46204 37.2113 35.6
      vertex -2.92182 37.1252 38
    endloop
  endfacet
  facet normal 0.0588792 -0.998265 0
    outer loop
      vertex -1.46204 37.2113 35.6
      vertex -1.46204 37.2113 38
      vertex -2.92182 37.1252 38
    endloop
  endfacet
  facet normal 0.0520648 -0.881915 0.468524
    outer loop
      vertex -1.77317 22.5303 8
      vertex -0.887271 22.5826 8
      vertex -2.92182 37.1252 35.6
    endloop
  endfacet
  facet normal 0.0520169 -0.881919 0.468523
    outer loop
      vertex -0.887271 22.5826 8
      vertex -1.46204 37.2113 35.6
      vertex -2.92182 37.1252 35.6
    endloop
  endfacet
  facet normal 0.0589335 -0.998262 0
    outer loop
      vertex -1.77317 22.5303 0
      vertex -0.887271 22.5826 0
      vertex -1.77317 22.5303 8
    endloop
  endfacet
  facet normal 0.0589335 -0.998262 0
    outer loop
      vertex -0.887271 22.5826 0
      vertex -0.887271 22.5826 8
      vertex -1.77317 22.5303 8
    endloop
  endfacet
  facet normal 0 0 -1
    outer loop
      vertex -1.86733 23.7266 0
      vertex -0.934383 23.7816 0
      vertex -1.77317 22.5303 0
    endloop
  endfacet
  facet normal 0 -0 -1
    outer loop
      vertex -0.934383 23.7816 0
      vertex -0.887271 22.5826 0
      vertex -1.77317 22.5303 0
    endloop
  endfacet
  facet normal -0.0416259 0.705914 -0.707073
    outer loop
      vertex -1.9144 24.3248 0.599991
      vertex -0.957939 24.3812 0.599991
      vertex -1.86733 23.7266 0
    endloop
  endfacet
  facet normal -0.0416153 0.705907 -0.707081
    outer loop
      vertex -0.957939 24.3812 0.599991
      vertex -0.934383 23.7816 0
      vertex -1.86733 23.7266 0
    endloop
  endfacet
  facet normal 0 0 -1
    outer loop
      vertex -1.03646 26.3796 0.599991
      vertex 0 26.4 0.599991
      vertex -0.957939 24.3812 0.599991
    endloop
  endfacet
  facet normal 0 -0 -1
    outer loop
      vertex 0 26.4 0.599991
      vertex 0 24.4 0.599991
      vertex -0.957939 24.3812 0.599991
    endloop
  endfacet
  facet normal -0.0196786 0.999806 0
    outer loop
      vertex -1.03646 26.3796 2.39999
      vertex 0 26.4 2.39999
      vertex -1.03646 26.3796 0.599991
    endloop
  endfacet
  facet normal -0.0196786 0.999806 0
    outer loop
      vertex 0 26.4 2.39999
      vertex 0 26.4 0.599991
      vertex -1.03646 26.3796 0.599991
    endloop
  endfacet
  facet normal 0 -0 1
    outer loop
      vertex -0.957939 24.3812 2.39999
      vertex 0 24.4 2.39999
      vertex -1.03646 26.3796 2.39999
    endloop
  endfacet
  facet normal 0 -0 1
    outer loop
      vertex 0 24.4 2.39999
      vertex 0 26.4 2.39999
      vertex -1.03646 26.3796 2.39999
    endloop
  endfacet
  facet normal -0.0196217 0.999807 0
    outer loop
      vertex -0.957939 24.3812 8
      vertex 0 24.4 8
      vertex -0.957939 24.3812 2.39999
    endloop
  endfacet
  facet normal -0.0196217 0.999807 0
    outer loop
      vertex 0 24.4 8
      vertex 0 24.4 2.39999
      vertex -0.957939 24.3812 2.39999
    endloop
  endfacet
  facet normal -0.0173464 0.883281 -0.468523
    outer loop
      vertex -1.5327 39.0099 35.6
      vertex 0 39.04 35.6
      vertex -0.957939 24.3812 8
    endloop
  endfacet
  facet normal -0.0173348 0.883281 -0.468523
    outer loop
      vertex 0 39.04 35.6
      vertex 0 24.4 8
      vertex -0.957939 24.3812 8
    endloop
  endfacet
  facet normal -0.0196348 0.999807 0
    outer loop
      vertex -1.5327 39.0099 37.2
      vertex 0 39.04 37.2
      vertex -1.5327 39.0099 35.6
    endloop
  endfacet
  facet normal -0.0196348 0.999807 0
    outer loop
      vertex 0 39.04 37.2
      vertex 0 39.04 35.6
      vertex -1.5327 39.0099 35.6
    endloop
  endfacet
  facet normal -0.013893 0.707031 0.707046
    outer loop
      vertex -1.50129 38.2105 38
      vertex 0 38.24 38
      vertex -1.5327 39.0099 37.2
    endloop
  endfacet
  facet normal -0.0138852 0.707039 0.707039
    outer loop
      vertex 0 38.24 38
      vertex 0 39.04 37.2
      vertex -1.5327 39.0099 37.2
    endloop
  endfacet
  facet normal 0 -0 1
    outer loop
      vertex -1.46204 37.2113 38
      vertex 0 37.24 38
      vertex -1.50129 38.2105 38
    endloop
  endfacet
  facet normal 0 -0 1
    outer loop
      vertex 0 37.24 38
      vertex 0 38.24 38
      vertex -1.50129 38.2105 38
    endloop
  endfacet
  facet normal 0.0196263 -0.999807 0
    outer loop
      vertex -1.46204 37.2113 35.6
      vertex 0 37.24 35.6
      vertex -1.46204 37.2113 38
    endloop
  endfacet
  facet normal 0.0196263 -0.999807 0
    outer loop
      vertex 0 37.24 35.6
      vertex 0 37.24 38
      vertex -1.46204 37.2113 38
    endloop
  endfacet
  facet normal 0.0173218 -0.883282 0.468522
    outer loop
      vertex -0.887271 22.5826 8
      vertex 0 22.6 8
      vertex -1.46204 37.2113 35.6
    endloop
  endfacet
  facet normal 0.0173389 -0.883281 0.468523
    outer loop
      vertex 0 22.6 8
      vertex 0 37.24 35.6
      vertex -1.46204 37.2113 35.6
    endloop
  endfacet
  facet normal 0.0196069 -0.999808 0
    outer loop
      vertex -0.887271 22.5826 0
      vertex 0 22.6 0
      vertex -0.887271 22.5826 8
    endloop
  endfacet
  facet normal 0.0196069 -0.999808 0
    outer loop
      vertex 0 22.6 0
      vertex 0 22.6 8
      vertex -0.887271 22.5826 8
    endloop
  endfacet
  facet normal 0 0 -1
    outer loop
      vertex -0.934383 23.7816 0
      vertex 0 23.8 0
      vertex -0.887271 22.5826 0
    endloop
  endfacet
  facet normal 0 -0 -1
    outer loop
      vertex 0 23.8 0
      vertex 0 22.6 0
      vertex -0.887271 22.5826 0
    endloop
  endfacet
  facet normal -0.0138751 0.706997 -0.707081
    outer loop
      vertex -0.957939 24.3812 0.599991
      vertex 0 24.4 0.599991
      vertex -0.934383 23.7816 0
    endloop
  endfacet
  facet normal -0.013923 0.707033 -0.707044
    outer loop
      vertex 0 24.4 0.599991
      vertex 0 23.8 0
      vertex -0.934383 23.7816 0
    endloop
  endfacet
  facet normal 0 0 -1
    outer loop
      vertex 0 26.4 0.599991
      vertex 1.03646 26.3796 0.599991
      vertex 0 24.4 0.599991
    endloop
  endfacet
  facet normal 0 0 -1
    outer loop
      vertex 1.03646 26.3796 0.599991
      vertex 0.957939 24.3812 0.599991
      vertex 0 24.4 0.599991
    endloop
  endfacet
  facet normal 0.0196786 0.999806 0
    outer loop
      vertex 0 26.4 2.39999
      vertex 1.03646 26.3796 2.39999
      vertex 0 26.4 0.599991
    endloop
  endfacet
  facet normal 0.0196786 0.999806 0
    outer loop
      vertex 1.03646 26.3796 2.39999
      vertex 1.03646 26.3796 0.599991
      vertex 0 26.4 0.599991
    endloop
  endfacet
  facet normal -0 0 1
    outer loop
      vertex 0 24.4 2.39999
      vertex 0.957939 24.3812 2.39999
      vertex 0 26.4 2.39999
    endloop
  endfacet
  facet normal 0 -0 1
    outer loop
      vertex 0.957939 24.3812 2.39999
      vertex 1.03646 26.3796 2.39999
      vertex 0 26.4 2.39999
    endloop
  endfacet
  facet normal 0.0196217 0.999807 0
    outer loop
      vertex 0 24.4 8
      vertex 0.957939 24.3812 8
      vertex 0 24.4 2.39999
    endloop
  endfacet
  facet normal 0.0196217 0.999807 0
    outer loop
      vertex 0.957939 24.3812 8
      vertex 0.957939 24.3812 2.39999
      vertex 0 24.4 2.39999
    endloop
  endfacet
  facet normal 0.0173464 0.883281 -0.468523
    outer loop
      vertex 0 39.04 35.6
      vertex 1.5327 39.0099 35.6
      vertex 0 24.4 8
    endloop
  endfacet
  facet normal 0.0173348 0.883281 -0.468523
    outer loop
      vertex 1.5327 39.0099 35.6
      vertex 0.957939 24.3812 8
      vertex 0 24.4 8
    endloop
  endfacet
  facet normal 0.0196348 0.999807 0
    outer loop
      vertex 0 39.04 37.2
      vertex 1.5327 39.0099 37.2
      vertex 0 39.04 35.6
    endloop
  endfacet
  facet normal 0.0196348 0.999807 0
    outer loop
      vertex 1.5327 39.0099 37.2
      vertex 1.5327 39.0099 35.6
      vertex 0 39.04 35.6
    endloop
  endfacet
  facet normal 0.0138931 0.707039 0.707039
    outer loop
      vertex 0 38.24 38
      vertex 1.50129 38.2105 38
      vertex 0 39.04 37.2
    endloop
  endfacet
  facet normal 0.0138851 0.707031 0.707046
    outer loop
      vertex 1.50129 38.2105 38
      vertex 1.5327 39.0099 37.2
      vertex 0 39.04 37.2
    endloop
  endfacet
  facet normal -0 0 1
    outer loop
      vertex 0 37.24 38
      vertex 1.46204 37.2113 38
      vertex 0 38.24 38
    endloop
  endfacet
  facet normal 0 -0 1
    outer loop
      vertex 1.46204 37.2113 38
      vertex 1.50129 38.2105 38
      vertex 0 38.24 38
    endloop
  endfacet
  facet normal -0.0196263 -0.999807 0
    outer loop
      vertex 0 37.24 35.6
      vertex 1.46204 37.2113 35.6
      vertex 0 37.24 38
    endloop
  endfacet
  facet normal -0.0196263 -0.999807 0
    outer loop
      vertex 1.46204 37.2113 35.6
      vertex 1.46204 37.2113 38
      vertex 0 37.24 38
    endloop
  endfacet
  facet normal -0.0173218 -0.883281 0.468523
    outer loop
      vertex 0 22.6 8
      vertex 0.887271 22.5826 8
      vertex 0 37.24 35.6
    endloop
  endfacet
  facet normal -0.0173389 -0.883281 0.468523
    outer loop
      vertex 0.887271 22.5826 8
      vertex 1.46204 37.2113 35.6
      vertex 0 37.24 35.6
    endloop
  endfacet
  facet normal -0.0196069 -0.999808 0
    outer loop
      vertex 0 22.6 0
      vertex 0.887271 22.5826 0
      vertex 0 22.6 8
    endloop
  endfacet
  facet normal -0.0196069 -0.999808 0
    outer loop
      vertex 0.887271 22.5826 0
      vertex 0.887271 22.5826 8
      vertex 0 22.6 8
    endloop
  endfacet
  facet normal 0 0 -1
    outer loop
      vertex 0 23.8 0
      vertex 0.934383 23.7816 0
      vertex 0 22.6 0
    endloop
  endfacet
  facet normal 0 0 -1
    outer loop
      vertex 0.934383 23.7816 0
      vertex 0.887271 22.5826 0
      vertex 0 22.6 0
    endloop
  endfacet
  facet normal 0.0138759 0.707033 -0.707044
    outer loop
      vertex 0 24.4 0.599991
      vertex 0.957939 24.3812 0.599991
      vertex 0 23.8 0
    endloop
  endfacet
  facet normal 0.0139223 0.706995 -0.707081
    outer loop
      vertex 0.957939 24.3812 0.599991
      vertex 0.934383 23.7816 0
      vertex 0 23.8 0
    endloop
  endfacet
  facet normal 0 -0 -1
    outer loop
      vertex 1.03646 26.3796 0.599991
      vertex 2.07132 26.3186 0.599991
      vertex 0.957939 24.3812 0.599991
    endloop
  endfacet
  facet normal 0 0 -1
    outer loop
      vertex 2.07132 26.3186 0.599991
      vertex 1.9144 24.3248 0.599991
      vertex 0.957939 24.3812 0.599991
    endloop
  endfacet
  facet normal 0.058843 0.998267 0
    outer loop
      vertex 1.03646 26.3796 2.39999
      vertex 2.07132 26.3186 2.39999
      vertex 1.03646 26.3796 0.599991
    endloop
  endfacet
  facet normal 0.058843 0.998267 0
    outer loop
      vertex 2.07132 26.3186 2.39999
      vertex 2.07132 26.3186 0.599991
      vertex 1.03646 26.3796 0.599991
    endloop
  endfacet
  facet normal -0 0 1
    outer loop
      vertex 0.957939 24.3812 2.39999
      vertex 1.9144 24.3248 2.39999
      vertex 1.03646 26.3796 2.39999
    endloop
  endfacet
  facet normal 0 -0 1
    outer loop
      vertex 1.9144 24.3248 2.39999
      vertex 2.07132 26.3186 2.39999
      vertex 1.03646 26.3796 2.39999
    endloop
  endfacet
  facet normal 0.0588651 0.998266 0
    outer loop
      vertex 0.957939 24.3812 8
      vertex 1.9144 24.3248 8
      vertex 0.957939 24.3812 2.39999
    endloop
  endfacet
  facet normal 0.0588651 0.998266 0
    outer loop
      vertex 1.9144 24.3248 8
      vertex 1.9144 24.3248 2.39999
      vertex 0.957939 24.3812 2.39999
    endloop
  endfacet
  facet normal 0.0520389 0.881918 -0.468522
    outer loop
      vertex 1.5327 39.0099 35.6
      vertex 3.06304 38.9196 35.6
      vertex 0.957939 24.3812 8
    endloop
  endfacet
  facet normal 0.0520045 0.88192 -0.468521
    outer loop
      vertex 3.06304 38.9196 35.6
      vertex 1.9144 24.3248 8
      vertex 0.957939 24.3812 8
    endloop
  endfacet
  facet normal 0.058904 0.998264 0
    outer loop
      vertex 1.5327 39.0099 37.2
      vertex 3.06304 38.9196 37.2
      vertex 1.5327 39.0099 35.6
    endloop
  endfacet
  facet normal 0.058904 0.998264 0
    outer loop
      vertex 3.06304 38.9196 37.2
      vertex 3.06304 38.9196 35.6
      vertex 1.5327 39.0099 35.6
    endloop
  endfacet
  facet normal 0.0416315 0.705941 0.707046
    outer loop
      vertex 1.50129 38.2105 38
      vertex 3.00028 38.1221 38
      vertex 1.5327 39.0099 37.2
    endloop
  endfacet
  facet normal 0.0416563 0.705962 0.707024
    outer loop
      vertex 3.00028 38.1221 38
      vertex 3.06304 38.9196 37.2
      vertex 1.5327 39.0099 37.2
    endloop
  endfacet
  facet normal -0 0 1
    outer loop
      vertex 1.46204 37.2113 38
      vertex 2.92182 37.1252 38
      vertex 1.50129 38.2105 38
    endloop
  endfacet
  facet normal 0 -0 1
    outer loop
      vertex 2.92182 37.1252 38
      vertex 3.00028 38.1221 38
      vertex 1.50129 38.2105 38
    endloop
  endfacet
  facet normal -0.0588792 -0.998265 0
    outer loop
      vertex 1.46204 37.2113 35.6
      vertex 2.92182 37.1252 35.6
      vertex 1.46204 37.2113 38
    endloop
  endfacet
  facet normal -0.0588792 -0.998265 0
    outer loop
      vertex 2.92182 37.1252 35.6
      vertex 2.92182 37.1252 38
      vertex 1.46204 37.2113 38
    endloop
  endfacet
  facet normal -0.0520649 -0.881916 0.468522
    outer loop
      vertex 0.887271 22.5826 8
      vertex 1.77317 22.5303 8
      vertex 1.46204 37.2113 35.6
    endloop
  endfacet
  facet normal -0.0520168 -0.881918 0.468524
    outer loop
      vertex 1.77317 22.5303 8
      vertex 2.92182 37.1252 35.6
      vertex 1.46204 37.2113 35.6
    endloop
  endfacet
  facet normal -0.0589335 -0.998262 0
    outer loop
      vertex 0.887271 22.5826 0
      vertex 1.77317 22.5303 0
      vertex 0.887271 22.5826 8
    endloop
  endfacet
  facet normal -0.0589335 -0.998262 0
    outer loop
      vertex 1.77317 22.5303 0
      vertex 1.77317 22.5303 8
      vertex 0.887271 22.5826 8
    endloop
  endfacet
  facet normal 0 -0 -1
    outer loop
      vertex 0.934383 23.7816 0
      vertex 1.86733 23.7266 0
      vertex 0.887271 22.5826 0
    endloop
  endfacet
  facet normal 0 0 -1
    outer loop
      vertex 1.86733 23.7266 0
      vertex 1.77317 22.5303 0
      vertex 0.887271 22.5826 0
    endloop
  endfacet
  facet normal 0.0416255 0.705907 -0.707081
    outer loop
      vertex 0.957939 24.3812 0.599991
      vertex 1.9144 24.3248 0.599991
      vertex 0.934383 23.7816 0
    endloop
  endfacet
  facet normal 0.0416158 0.705915 -0.707073
    outer loop
      vertex 1.9144 24.3248 0.599991
      vertex 1.86733 23.7266 0
      vertex 0.934383 23.7816 0
    endloop
  endfacet
  facet normal 0 -0 -1
    outer loop
      vertex 2.07132 26.3186 0.599991
      vertex 3.10299 26.217 0.599991
      vertex 1.9144 24.3248 0.599991
    endloop
  endfacet
  facet normal 0 0 -1
    outer loop
      vertex 3.10299 26.217 0.599991
      vertex 2.86791 24.2309 0.599991
      vertex 1.9144 24.3248 0.599991
    endloop
  endfacet
  facet normal 0.098007 0.995186 0
    outer loop
      vertex 2.07132 26.3186 2.39999
      vertex 3.10299 26.217 2.39999
      vertex 2.07132 26.3186 0.599991
    endloop
  endfacet
  facet normal 0.098007 0.995186 0
    outer loop
      vertex 3.10299 26.217 2.39999
      vertex 3.10299 26.217 0.599991
      vertex 2.07132 26.3186 0.599991
    endloop
  endfacet
  facet normal -0 0 1
    outer loop
      vertex 1.9144 24.3248 2.39999
      vertex 2.86791 24.2309 2.39999
      vertex 2.07132 26.3186 2.39999
    endloop
  endfacet
  facet normal 0 -0 1
    outer loop
      vertex 2.86791 24.2309 2.39999
      vertex 3.10299 26.217 2.39999
      vertex 2.07132 26.3186 2.39999
    endloop
  endfacet
  facet normal 0.0980042 0.995186 0
    outer loop
      vertex 1.9144 24.3248 8
      vertex 2.86791 24.2309 8
      vertex 1.9144 24.3248 2.39999
    endloop
  endfacet
  facet normal 0.0980042 0.995186 0
    outer loop
      vertex 2.86791 24.2309 8
      vertex 2.86791 24.2309 2.39999
      vertex 1.9144 24.3248 2.39999
    endloop
  endfacet
  facet normal 0.0865589 0.879201 -0.468522
    outer loop
      vertex 3.06304 38.9196 35.6
      vertex 4.58866 38.7694 35.6
      vertex 1.9144 24.3248 8
    endloop
  endfacet
  facet normal 0.086582 0.879199 -0.468522
    outer loop
      vertex 4.58866 38.7694 35.6
      vertex 2.86791 24.2309 8
      vertex 1.9144 24.3248 8
    endloop
  endfacet
  facet normal 0.0979781 0.995189 0
    outer loop
      vertex 3.06304 38.9196 37.2
      vertex 4.58866 38.7694 37.2
      vertex 3.06304 38.9196 35.6
    endloop
  endfacet
  facet normal 0.0979781 0.995189 0
    outer loop
      vertex 4.58866 38.7694 37.2
      vertex 4.58866 38.7694 35.6
      vertex 3.06304 38.9196 35.6
    endloop
  endfacet
  facet normal 0.0693258 0.703784 0.707023
    outer loop
      vertex 3.00028 38.1221 38
      vertex 4.49463 37.9749 38
      vertex 3.06304 38.9196 37.2
    endloop
  endfacet
  facet normal 0.0692857 0.703753 0.707058
    outer loop
      vertex 4.49463 37.9749 38
      vertex 4.58866 38.7694 37.2
      vertex 3.06304 38.9196 37.2
    endloop
  endfacet
  facet normal -0 0 1
    outer loop
      vertex 2.92182 37.1252 38
      vertex 4.37709 36.9819 38
      vertex 3.00028 38.1221 38
    endloop
  endfacet
  facet normal 0 -0 1
    outer loop
      vertex 4.37709 36.9819 38
      vertex 4.49463 37.9749 38
      vertex 3.00028 38.1221 38
    endloop
  endfacet
  facet normal -0.0979957 -0.995187 0
    outer loop
      vertex 2.92182 37.1252 35.6
      vertex 4.37709 36.9819 35.6
      vertex 2.92182 37.1252 38
    endloop
  endfacet
  facet normal -0.0979957 -0.995187 0
    outer loop
      vertex 4.37709 36.9819 35.6
      vertex 4.37709 36.9819 38
      vertex 2.92182 37.1252 38
    endloop
  endfacet
  facet normal -0.0866085 -0.879195 0.468524
    outer loop
      vertex 1.77317 22.5303 8
      vertex 2.65634 22.4433 8
      vertex 2.92182 37.1252 35.6
    endloop
  endfacet
  facet normal -0.0865744 -0.879198 0.468525
    outer loop
      vertex 2.65634 22.4433 8
      vertex 4.37709 36.9819 35.6
      vertex 2.92182 37.1252 35.6
    endloop
  endfacet
  facet normal -0.0980343 -0.995183 0
    outer loop
      vertex 1.77317 22.5303 0
      vertex 2.65634 22.4433 0
      vertex 1.77317 22.5303 8
    endloop
  endfacet
  facet normal -0.0980343 -0.995183 0
    outer loop
      vertex 2.65634 22.4433 0
      vertex 2.65634 22.4433 8
      vertex 1.77317 22.5303 8
    endloop
  endfacet
  facet normal 0 -0 -1
    outer loop
      vertex 1.86733 23.7266 0
      vertex 2.79739 23.635 0
      vertex 1.77317 22.5303 0
    endloop
  endfacet
  facet normal 0 0 -1
    outer loop
      vertex 2.79739 23.635 0
      vertex 2.65634 22.4433 0
      vertex 1.77317 22.5303 0
    endloop
  endfacet
  facet normal 0.0693028 0.703737 -0.707073
    outer loop
      vertex 1.9144 24.3248 0.599991
      vertex 2.86791 24.2309 0.599991
      vertex 1.86733 23.7266 0
    endloop
  endfacet
  facet normal 0.0693092 0.70373 -0.707078
    outer loop
      vertex 2.86791 24.2309 0.599991
      vertex 2.79739 23.635 0
      vertex 1.86733 23.7266 0
    endloop
  endfacet
  facet normal 0 -0 -1
    outer loop
      vertex 3.10299 26.217 0.599991
      vertex 4.12987 26.075 0.599991
      vertex 2.86791 24.2309 0.599991
    endloop
  endfacet
  facet normal 0 0 -1
    outer loop
      vertex 4.12987 26.075 0.599991
      vertex 3.817 24.0996 0.599991
      vertex 2.86791 24.2309 0.599991
    endloop
  endfacet
  facet normal 0.136979 0.990574 0
    outer loop
      vertex 3.10299 26.217 2.39999
      vertex 4.12987 26.075 2.39999
      vertex 3.10299 26.217 0.599991
    endloop
  endfacet
  facet normal 0.136979 0.990574 0
    outer loop
      vertex 4.12987 26.075 2.39999
      vertex 4.12987 26.075 0.599991
      vertex 3.10299 26.217 0.599991
    endloop
  endfacet
  facet normal -0 0 1
    outer loop
      vertex 2.86791 24.2309 2.39999
      vertex 3.817 24.0996 2.39999
      vertex 3.10299 26.217 2.39999
    endloop
  endfacet
  facet normal 0 -0 1
    outer loop
      vertex 3.817 24.0996 2.39999
      vertex 4.12987 26.075 2.39999
      vertex 3.10299 26.217 2.39999
    endloop
  endfacet
  facet normal 0.137038 0.990566 0
    outer loop
      vertex 2.86791 24.2309 8
      vertex 3.817 24.0996 8
      vertex 2.86791 24.2309 2.39999
    endloop
  endfacet
  facet normal 0.137038 0.990566 0
    outer loop
      vertex 3.817 24.0996 8
      vertex 3.817 24.0996 2.39999
      vertex 2.86791 24.2309 2.39999
    endloop
  endfacet
  facet normal 0.121078 0.875115 -0.468522
    outer loop
      vertex 4.58866 38.7694 35.6
      vertex 6.1072 38.5593 35.6
      vertex 2.86791 24.2309 8
    endloop
  endfacet
  facet normal 0.121066 0.875117 -0.468522
    outer loop
      vertex 6.1072 38.5593 35.6
      vertex 3.817 24.0996 8
      vertex 2.86791 24.2309 8
    endloop
  endfacet
  facet normal 0.137051 0.990564 0
    outer loop
      vertex 4.58866 38.7694 37.2
      vertex 6.1072 38.5593 37.2
      vertex 4.58866 38.7694 35.6
    endloop
  endfacet
  facet normal 0.137051 0.990564 0
    outer loop
      vertex 6.1072 38.5593 37.2
      vertex 6.1072 38.5593 35.6
      vertex 4.58866 38.7694 35.6
    endloop
  endfacet
  facet normal 0.0968727 0.700488 0.707059
    outer loop
      vertex 4.49463 37.9749 38
      vertex 5.98205 37.7692 38
      vertex 4.58866 38.7694 37.2
    endloop
  endfacet
  facet normal 0.096922 0.700524 0.707017
    outer loop
      vertex 5.98205 37.7692 38
      vertex 6.1072 38.5593 37.2
      vertex 4.58866 38.7694 37.2
    endloop
  endfacet
  facet normal -0 0 1
    outer loop
      vertex 4.37709 36.9819 38
      vertex 5.82562 36.7815 38
      vertex 4.49463 37.9749 38
    endloop
  endfacet
  facet normal 0 -0 1
    outer loop
      vertex 5.82562 36.7815 38
      vertex 5.98205 37.7692 38
      vertex 4.49463 37.9749 38
    endloop
  endfacet
  facet normal -0.137042 -0.990565 0
    outer loop
      vertex 4.37709 36.9819 35.6
      vertex 5.82562 36.7815 35.6
      vertex 4.37709 36.9819 38
    endloop
  endfacet
  facet normal -0.137042 -0.990565 0
    outer loop
      vertex 5.82562 36.7815 35.6
      vertex 5.82562 36.7815 38
      vertex 4.37709 36.9819 38
    endloop
  endfacet
  facet normal -0.121052 -0.875118 0.468525
    outer loop
      vertex 2.65634 22.4433 8
      vertex 3.53542 22.3217 8
      vertex 4.37709 36.9819 35.6
    endloop
  endfacet
  facet normal -0.12107 -0.875116 0.468524
    outer loop
      vertex 3.53542 22.3217 8
      vertex 5.82562 36.7815 35.6
      vertex 4.37709 36.9819 35.6
    endloop
  endfacet
  facet normal -0.137022 -0.990568 0
    outer loop
      vertex 2.65634 22.4433 0
      vertex 3.53542 22.3217 0
      vertex 2.65634 22.4433 8
    endloop
  endfacet
  facet normal -0.137022 -0.990568 0
    outer loop
      vertex 3.53542 22.3217 0
      vertex 3.53542 22.3217 8
      vertex 2.65634 22.4433 8
    endloop
  endfacet
  facet normal 0 -0 -1
    outer loop
      vertex 2.79739 23.635 0
      vertex 3.72314 23.507 0
      vertex 2.65634 22.4433 0
    endloop
  endfacet
  facet normal 0 0 -1
    outer loop
      vertex 3.72314 23.507 0
      vertex 3.53542 22.3217 0
      vertex 2.65634 22.4433 0
    endloop
  endfacet
  facet normal 0.0969044 0.700464 -0.707078
    outer loop
      vertex 2.86791 24.2309 0.599991
      vertex 3.817 24.0996 0.599991
      vertex 2.79739 23.635 0
    endloop
  endfacet
  facet normal 0.0968574 0.700513 -0.707036
    outer loop
      vertex 3.817 24.0996 0.599991
      vertex 3.72314 23.507 0
      vertex 2.79739 23.635 0
    endloop
  endfacet
  facet normal 0 -0 -1
    outer loop
      vertex 4.12987 26.075 0.599991
      vertex 5.15038 25.8927 0.599991
      vertex 3.817 24.0996 0.599991
    endloop
  endfacet
  facet normal 0 0 -1
    outer loop
      vertex 5.15038 25.8927 0.599991
      vertex 4.7602 23.9312 0.599991
      vertex 3.817 24.0996 0.599991
    endloop
  endfacet
  facet normal 0.175852 0.984417 0
    outer loop
      vertex 4.12987 26.075 2.39999
      vertex 5.15038 25.8927 2.39999
      vertex 4.12987 26.075 0.599991
    endloop
  endfacet
  facet normal 0.175852 0.984417 0
    outer loop
      vertex 5.15038 25.8927 2.39999
      vertex 5.15038 25.8927 0.599991
      vertex 4.12987 26.075 0.599991
    endloop
  endfacet
  facet normal -0 0 1
    outer loop
      vertex 3.817 24.0996 2.39999
      vertex 4.7602 23.9312 2.39999
      vertex 4.12987 26.075 2.39999
    endloop
  endfacet
  facet normal 0 -0 1
    outer loop
      vertex 4.7602 23.9312 2.39999
      vertex 5.15038 25.8927 2.39999
      vertex 4.12987 26.075 2.39999
    endloop
  endfacet
  facet normal 0.175762 0.984433 0
    outer loop
      vertex 3.817 24.0996 8
      vertex 4.7602 23.9312 8
      vertex 3.817 24.0996 2.39999
    endloop
  endfacet
  facet normal 0.175762 0.984433 0
    outer loop
      vertex 4.7602 23.9312 8
      vertex 4.7602 23.9312 2.39999
      vertex 3.817 24.0996 2.39999
    endloop
  endfacet
  facet normal 0.155255 0.869703 -0.468522
    outer loop
      vertex 6.1072 38.5593 35.6
      vertex 7.61632 38.2899 35.6
      vertex 3.817 24.0996 8
    endloop
  endfacet
  facet normal 0.155277 0.869698 -0.468523
    outer loop
      vertex 7.61632 38.2899 35.6
      vertex 4.7602 23.9312 8
      vertex 3.817 24.0996 8
    endloop
  endfacet
  facet normal 0.175736 0.984437 0
    outer loop
      vertex 6.1072 38.5593 37.2
      vertex 7.61632 38.2899 37.2
      vertex 6.1072 38.5593 35.6
    endloop
  endfacet
  facet normal 0.175736 0.984437 0
    outer loop
      vertex 7.61632 38.2899 37.2
      vertex 7.61632 38.2899 35.6
      vertex 6.1072 38.5593 35.6
    endloop
  endfacet
  facet normal 0.124335 0.696181 0.707017
    outer loop
      vertex 5.98205 37.7692 38
      vertex 7.46025 37.5052 38
      vertex 6.1072 38.5593 37.2
    endloop
  endfacet
  facet normal 0.124271 0.696139 0.707069
    outer loop
      vertex 7.46025 37.5052 38
      vertex 7.61632 38.2899 37.2
      vertex 6.1072 38.5593 37.2
    endloop
  endfacet
  facet normal -0 0 1
    outer loop
      vertex 5.82562 36.7815 38
      vertex 7.26516 36.5244 38
      vertex 5.98205 37.7692 38
    endloop
  endfacet
  facet normal 0 -0 1
    outer loop
      vertex 7.26516 36.5244 38
      vertex 7.46025 37.5052 38
      vertex 5.98205 37.7692 38
    endloop
  endfacet
  facet normal -0.175817 -0.984423 0
    outer loop
      vertex 5.82562 36.7815 35.6
      vertex 7.26516 36.5244 35.6
      vertex 5.82562 36.7815 38
    endloop
  endfacet
  facet normal -0.175817 -0.984423 0
    outer loop
      vertex 7.26516 36.5244 35.6
      vertex 7.26516 36.5244 38
      vertex 5.82562 36.7815 38
    endloop
  endfacet
  facet normal -0.155299 -0.869694 0.468524
    outer loop
      vertex 3.53542 22.3217 8
      vertex 4.40904 22.1657 8
      vertex 5.82562 36.7815 35.6
    endloop
  endfacet
  facet normal -0.155325 -0.86969 0.468523
    outer loop
      vertex 4.40904 22.1657 8
      vertex 7.26516 36.5244 35.6
      vertex 5.82562 36.7815 35.6
    endloop
  endfacet
  facet normal -0.175787 -0.984428 0
    outer loop
      vertex 3.53542 22.3217 0
      vertex 4.40904 22.1657 0
      vertex 3.53542 22.3217 8
    endloop
  endfacet
  facet normal -0.175787 -0.984428 0
    outer loop
      vertex 4.40904 22.1657 0
      vertex 4.40904 22.1657 8
      vertex 3.53542 22.3217 8
    endloop
  endfacet
  facet normal 0 -0 -1
    outer loop
      vertex 3.72314 23.507 0
      vertex 4.64315 23.3427 0
      vertex 3.53542 22.3217 0
    endloop
  endfacet
  facet normal 0 0 -1
    outer loop
      vertex 4.64315 23.3427 0
      vertex 4.40904 22.1657 0
      vertex 3.53542 22.3217 0
    endloop
  endfacet
  facet normal 0.124295 0.696168 -0.707037
    outer loop
      vertex 3.817 24.0996 0.599991
      vertex 4.7602 23.9312 0.599991
      vertex 3.72314 23.507 0
    endloop
  endfacet
  facet normal 0.12432 0.69614 -0.70706
    outer loop
      vertex 4.7602 23.9312 0.599991
      vertex 4.64315 23.3427 0
      vertex 3.72314 23.507 0
    endloop
  endfacet
  facet normal 0 -0 -1
    outer loop
      vertex 5.15038 25.8927 0.599991
      vertex 6.16296 25.6706 0.599991
      vertex 4.7602 23.9312 0.599991
    endloop
  endfacet
  facet normal 0 0 -1
    outer loop
      vertex 6.16296 25.6706 0.599991
      vertex 5.69607 23.7258 0.599991
      vertex 4.7602 23.9312 0.599991
    endloop
  endfacet
  facet normal 0.214247 0.976779 0
    outer loop
      vertex 5.15038 25.8927 2.39999
      vertex 6.16296 25.6706 2.39999
      vertex 5.15038 25.8927 0.599991
    endloop
  endfacet
  facet normal 0.214247 0.976779 0
    outer loop
      vertex 6.16296 25.6706 2.39999
      vertex 6.16296 25.6706 0.599991
      vertex 5.15038 25.8927 0.599991
    endloop
  endfacet
  facet normal -0 0 1
    outer loop
      vertex 4.7602 23.9312 2.39999
      vertex 5.69607 23.7258 2.39999
      vertex 5.15038 25.8927 2.39999
    endloop
  endfacet
  facet normal 0 -0 1
    outer loop
      vertex 5.69607 23.7258 2.39999
      vertex 6.16296 25.6706 2.39999
      vertex 5.15038 25.8927 2.39999
    endloop
  endfacet
  facet normal 0.214373 0.976752 0
    outer loop
      vertex 4.7602 23.9312 8
      vertex 5.69607 23.7258 8
      vertex 4.7602 23.9312 2.39999
    endloop
  endfacet
  facet normal 0.214373 0.976752 0
    outer loop
      vertex 5.69607 23.7258 8
      vertex 5.69607 23.7258 2.39999
      vertex 4.7602 23.9312 2.39999
    endloop
  endfacet
  facet normal 0.189366 0.862918 -0.468523
    outer loop
      vertex 7.61632 38.2899 35.6
      vertex 9.11371 37.9613 35.6
      vertex 4.7602 23.9312 8
    endloop
  endfacet
  facet normal 0.189388 0.862913 -0.468524
    outer loop
      vertex 9.11371 37.9613 35.6
      vertex 5.69607 23.7258 8
      vertex 4.7602 23.9312 8
    endloop
  endfacet
  facet normal 0.214348 0.976757 0
    outer loop
      vertex 7.61632 38.2899 37.2
      vertex 9.11371 37.9613 37.2
      vertex 7.61632 38.2899 35.6
    endloop
  endfacet
  facet normal 0.214348 0.976757 0
    outer loop
      vertex 9.11371 37.9613 37.2
      vertex 9.11371 37.9613 35.6
      vertex 7.61632 38.2899 35.6
    endloop
  endfacet
  facet normal 0.151546 0.690715 0.707069
    outer loop
      vertex 7.46025 37.5052 38
      vertex 8.92695 37.1834 38
      vertex 7.61632 38.2899 37.2
    endloop
  endfacet
  facet normal 0.151581 0.690736 0.707041
    outer loop
      vertex 8.92695 37.1834 38
      vertex 9.11371 37.9613 37.2
      vertex 7.61632 38.2899 37.2
    endloop
  endfacet
  facet normal -0 0 1
    outer loop
      vertex 7.26516 36.5244 38
      vertex 8.6935 36.211 38
      vertex 7.46025 37.5052 38
    endloop
  endfacet
  facet normal 0 -0 1
    outer loop
      vertex 8.6935 36.211 38
      vertex 8.92695 37.1834 38
      vertex 7.46025 37.5052 38
    endloop
  endfacet
  facet normal -0.214317 -0.976764 0
    outer loop
      vertex 7.26516 36.5244 35.6
      vertex 8.6935 36.211 35.6
      vertex 7.26516 36.5244 38
    endloop
  endfacet
  facet normal -0.214317 -0.976764 0
    outer loop
      vertex 8.6935 36.211 35.6
      vertex 8.6935 36.211 38
      vertex 7.26516 36.5244 38
    endloop
  endfacet
  facet normal -0.18925 -0.862943 0.468524
    outer loop
      vertex 4.40904 22.1657 8
      vertex 5.27586 21.9756 8
      vertex 7.26516 36.5244 35.6
    endloop
  endfacet
  facet normal -0.189339 -0.862925 0.468521
    outer loop
      vertex 5.27586 21.9756 8
      vertex 8.6935 36.211 35.6
      vertex 7.26516 36.5244 35.6
    endloop
  endfacet
  facet normal -0.214216 -0.976786 0
    outer loop
      vertex 4.40904 22.1657 0
      vertex 5.27586 21.9756 0
      vertex 4.40904 22.1657 8
    endloop
  endfacet
  facet normal -0.214216 -0.976786 0
    outer loop
      vertex 5.27586 21.9756 0
      vertex 5.27586 21.9756 8
      vertex 4.40904 22.1657 8
    endloop
  endfacet
  facet normal 0 -0 -1
    outer loop
      vertex 4.64315 23.3427 0
      vertex 5.556 23.1424 0
      vertex 4.40904 22.1657 0
    endloop
  endfacet
  facet normal 0 0 -1
    outer loop
      vertex 5.556 23.1424 0
      vertex 5.27586 21.9756 0
      vertex 4.40904 22.1657 0
    endloop
  endfacet
  facet normal 0.151594 0.690714 -0.70706
    outer loop
      vertex 4.7602 23.9312 0.599991
      vertex 5.69607 23.7258 0.599991
      vertex 4.64315 23.3427 0
    endloop
  endfacet
  facet normal 0.151566 0.690749 -0.707032
    outer loop
      vertex 5.69607 23.7258 0.599991
      vertex 5.556 23.1424 0
      vertex 4.64315 23.3427 0
    endloop
  endfacet
  facet normal 0 -0 -1
    outer loop
      vertex 6.16296 25.6706 0.599991
      vertex 7.16603 25.4088 0.599991
      vertex 5.69607 23.7258 0.599991
    endloop
  endfacet
  facet normal 0 0 -1
    outer loop
      vertex 7.16603 25.4088 0.599991
      vertex 6.62315 23.4839 0.599991
      vertex 5.69607 23.7258 0.599991
    endloop
  endfacet
  facet normal 0.252539 0.967587 0
    outer loop
      vertex 6.16296 25.6706 2.39999
      vertex 7.16603 25.4088 2.39999
      vertex 6.16296 25.6706 0.599991
    endloop
  endfacet
  facet normal 0.252539 0.967587 0
    outer loop
      vertex 7.16603 25.4088 2.39999
      vertex 7.16603 25.4088 0.599991
      vertex 6.16296 25.6706 0.599991
    endloop
  endfacet
  facet normal -0 0 1
    outer loop
      vertex 5.69607 23.7258 2.39999
      vertex 6.62315 23.4839 2.39999
      vertex 6.16296 25.6706 2.39999
    endloop
  endfacet
  facet normal 0 -0 1
    outer loop
      vertex 6.62315 23.4839 2.39999
      vertex 7.16603 25.4088 2.39999
      vertex 6.16296 25.6706 2.39999
    endloop
  endfacet
  facet normal 0.252474 0.967604 0
    outer loop
      vertex 5.69607 23.7258 8
      vertex 6.62315 23.4839 8
      vertex 5.69607 23.7258 2.39999
    endloop
  endfacet
  facet normal 0.252474 0.967604 0
    outer loop
      vertex 6.62315 23.4839 8
      vertex 6.62315 23.4839 2.39999
      vertex 5.69607 23.7258 2.39999
    endloop
  endfacet
  facet normal 0.223086 0.854821 -0.468523
    outer loop
      vertex 9.11371 37.9613 35.6
      vertex 10.597 37.5742 35.6
      vertex 5.69607 23.7258 8
    endloop
  endfacet
  facet normal 0.223048 0.854832 -0.468522
    outer loop
      vertex 10.597 37.5742 35.6
      vertex 6.62315 23.4839 8
      vertex 5.69607 23.7258 8
    endloop
  endfacet
  facet normal 0.252516 0.967593 0
    outer loop
      vertex 9.11371 37.9613 37.2
      vertex 10.597 37.5742 37.2
      vertex 9.11371 37.9613 35.6
    endloop
  endfacet
  facet normal 0.252516 0.967593 0
    outer loop
      vertex 10.597 37.5742 37.2
      vertex 10.597 37.5742 35.6
      vertex 9.11371 37.9613 35.6
    endloop
  endfacet
  facet normal 0.178537 0.684264 0.707041
    outer loop
      vertex 8.92695 37.1834 38
      vertex 10.3799 36.8043 38
      vertex 9.11371 37.9613 37.2
    endloop
  endfacet
  facet normal 0.178582 0.684289 0.707005
    outer loop
      vertex 10.3799 36.8043 38
      vertex 10.597 37.5742 37.2
      vertex 9.11371 37.9613 37.2
    endloop
  endfacet
  facet normal -0 0 1
    outer loop
      vertex 8.6935 36.211 38
      vertex 10.1084 35.8418 38
      vertex 8.92695 37.1834 38
    endloop
  endfacet
  facet normal 0 -0 1
    outer loop
      vertex 10.1084 35.8418 38
      vertex 10.3799 36.8043 38
      vertex 8.92695 37.1834 38
    endloop
  endfacet
  facet normal -0.252483 -0.967601 0
    outer loop
      vertex 8.6935 36.211 35.6
      vertex 10.1084 35.8418 35.6
      vertex 8.6935 36.211 38
    endloop
  endfacet
  facet normal -0.252483 -0.967601 0
    outer loop
      vertex 10.1084 35.8418 35.6
      vertex 10.1084 35.8418 38
      vertex 8.6935 36.211 38
    endloop
  endfacet
  facet normal -0.22309 -0.854821 0.46852
    outer loop
      vertex 5.27586 21.9756 8
      vertex 6.13455 21.7515 8
      vertex 8.6935 36.211 35.6
    endloop
  endfacet
  facet normal -0.223057 -0.854829 0.468522
    outer loop
      vertex 6.13455 21.7515 8
      vertex 10.1084 35.8418 35.6
      vertex 8.6935 36.211 35.6
    endloop
  endfacet
  facet normal -0.252521 -0.967591 0
    outer loop
      vertex 5.27586 21.9756 0
      vertex 6.13455 21.7515 0
      vertex 5.27586 21.9756 8
    endloop
  endfacet
  facet normal -0.252521 -0.967591 0
    outer loop
      vertex 6.13455 21.7515 0
      vertex 6.13455 21.7515 8
      vertex 5.27586 21.9756 8
    endloop
  endfacet
  facet normal 0 -0 -1
    outer loop
      vertex 5.556 23.1424 0
      vertex 6.46028 22.9064 0
      vertex 5.27586 21.9756 0
    endloop
  endfacet
  facet normal 0 0 -1
    outer loop
      vertex 6.46028 22.9064 0
      vertex 6.13455 21.7515 0
      vertex 5.27586 21.9756 0
    endloop
  endfacet
  facet normal 0.178545 0.684272 -0.707032
    outer loop
      vertex 5.69607 23.7258 0.599991
      vertex 6.62315 23.4839 0.599991
      vertex 5.556 23.1424 0
    endloop
  endfacet
  facet normal 0.178572 0.684235 -0.70706
    outer loop
      vertex 6.62315 23.4839 0.599991
      vertex 6.46028 22.9064 0
      vertex 5.556 23.1424 0
    endloop
  endfacet
  facet normal 0 -0 -1
    outer loop
      vertex 7.16603 25.4088 0.599991
      vertex 8.15805 25.1079 0.599991
      vertex 6.62315 23.4839 0.599991
    endloop
  endfacet
  facet normal 0 0 -1
    outer loop
      vertex 8.15805 25.1079 0.599991
      vertex 7.54001 23.2058 0.599991
      vertex 6.62315 23.4839 0.599991
    endloop
  endfacet
  facet normal 0.290262 0.956947 0
    outer loop
      vertex 7.16603 25.4088 2.39999
      vertex 8.15805 25.1079 2.39999
      vertex 7.16603 25.4088 0.599991
    endloop
  endfacet
  facet normal 0.290262 0.956947 0
    outer loop
      vertex 8.15805 25.1079 2.39999
      vertex 8.15805 25.1079 0.599991
      vertex 7.16603 25.4088 0.599991
    endloop
  endfacet
  facet normal -0 0 1
    outer loop
      vertex 6.62315 23.4839 2.39999
      vertex 7.54001 23.2058 2.39999
      vertex 7.16603 25.4088 2.39999
    endloop
  endfacet
  facet normal 0 -0 1
    outer loop
      vertex 7.54001 23.2058 2.39999
      vertex 8.15805 25.1079 2.39999
      vertex 7.16603 25.4088 2.39999
    endloop
  endfacet
  facet normal 0.290259 0.956948 0
    outer loop
      vertex 6.62315 23.4839 8
      vertex 7.54001 23.2058 8
      vertex 6.62315 23.4839 2.39999
    endloop
  endfacet
  facet normal 0.290259 0.956948 0
    outer loop
      vertex 7.54001 23.2058 8
      vertex 7.54001 23.2058 2.39999
      vertex 6.62315 23.4839 2.39999
    endloop
  endfacet
  facet normal 0.256448 0.845412 -0.468522
    outer loop
      vertex 10.597 37.5742 35.6
      vertex 12.064 37.1292 35.6
      vertex 6.62315 23.4839 8
    endloop
  endfacet
  facet normal 0.25643 0.845418 -0.468521
    outer loop
      vertex 12.064 37.1292 35.6
      vertex 7.54001 23.2058 8
      vertex 6.62315 23.4839 8
    endloop
  endfacet
  facet normal 0.290279 0.956942 0
    outer loop
      vertex 10.597 37.5742 37.2
      vertex 12.064 37.1292 37.2
      vertex 10.597 37.5742 35.6
    endloop
  endfacet
  facet normal 0.290279 0.956942 0
    outer loop
      vertex 12.064 37.1292 37.2
      vertex 12.064 37.1292 35.6
      vertex 10.597 37.5742 35.6
    endloop
  endfacet
  facet normal 0.205301 0.676754 0.707005
    outer loop
      vertex 10.3799 36.8043 38
      vertex 11.8168 36.3684 38
      vertex 10.597 37.5742 37.2
    endloop
  endfacet
  facet normal 0.205284 0.676745 0.707018
    outer loop
      vertex 11.8168 36.3684 38
      vertex 12.064 37.1292 37.2
      vertex 10.597 37.5742 37.2
    endloop
  endfacet
  facet normal -0 0 1
    outer loop
      vertex 10.1084 35.8418 38
      vertex 11.5078 35.4173 38
      vertex 10.3799 36.8043 38
    endloop
  endfacet
  facet normal 0 -0 1
    outer loop
      vertex 11.5078 35.4173 38
      vertex 11.8168 36.3684 38
      vertex 10.3799 36.8043 38
    endloop
  endfacet
  facet normal -0.290283 -0.956941 0
    outer loop
      vertex 10.1084 35.8418 35.6
      vertex 11.5078 35.4173 35.6
      vertex 10.1084 35.8418 38
    endloop
  endfacet
  facet normal -0.290283 -0.956941 0
    outer loop
      vertex 11.5078 35.4173 35.6
      vertex 11.5078 35.4173 38
      vertex 10.1084 35.8418 38
    endloop
  endfacet
  facet normal -0.256442 -0.845414 0.468522
    outer loop
      vertex 6.13455 21.7515 8
      vertex 6.98378 21.4939 8
      vertex 10.1084 35.8418 35.6
    endloop
  endfacet
  facet normal -0.256451 -0.845412 0.468521
    outer loop
      vertex 6.98378 21.4939 8
      vertex 11.5078 35.4173 35.6
      vertex 10.1084 35.8418 35.6
    endloop
  endfacet
  facet normal -0.290273 -0.956944 0
    outer loop
      vertex 6.13455 21.7515 0
      vertex 6.98378 21.4939 0
      vertex 6.13455 21.7515 8
    endloop
  endfacet
  facet normal -0.290273 -0.956944 0
    outer loop
      vertex 6.98378 21.4939 0
      vertex 6.98378 21.4939 8
      vertex 6.13455 21.7515 8
    endloop
  endfacet
  facet normal 0 -0 -1
    outer loop
      vertex 6.46028 22.9064 0
      vertex 7.3546 22.6351 0
      vertex 6.13455 21.7515 0
    endloop
  endfacet
  facet normal 0 0 -1
    outer loop
      vertex 7.3546 22.6351 0
      vertex 6.98378 21.4939 0
      vertex 6.13455 21.7515 0
    endloop
  endfacet
  facet normal 0.205258 0.676709 -0.70706
    outer loop
      vertex 6.62315 23.4839 0.599991
      vertex 7.54001 23.2058 0.599991
      vertex 6.46028 22.9064 0
    endloop
  endfacet
  facet normal 0.205277 0.676681 -0.707081
    outer loop
      vertex 7.54001 23.2058 0.599991
      vertex 7.3546 22.6351 0
      vertex 6.46028 22.9064 0
    endloop
  endfacet
  facet normal 0 -0 -1
    outer loop
      vertex 8.15805 25.1079 0.599991
      vertex 9.13749 24.7682 0.599991
      vertex 7.54001 23.2058 0.599991
    endloop
  endfacet
  facet normal 0 0 -1
    outer loop
      vertex 9.13749 24.7682 0.599991
      vertex 8.44525 22.8919 0.599991
      vertex 7.54001 23.2058 0.599991
    endloop
  endfacet
  facet normal 0.327682 0.944788 0
    outer loop
      vertex 8.15805 25.1079 2.39999
      vertex 9.13749 24.7682 2.39999
      vertex 8.15805 25.1079 0.599991
    endloop
  endfacet
  facet normal 0.327682 0.944788 0
    outer loop
      vertex 9.13749 24.7682 2.39999
      vertex 9.13749 24.7682 0.599991
      vertex 8.15805 25.1079 0.599991
    endloop
  endfacet
  facet normal -0 0 1
    outer loop
      vertex 7.54001 23.2058 2.39999
      vertex 8.44525 22.8919 2.39999
      vertex 8.15805 25.1079 2.39999
    endloop
  endfacet
  facet normal 0 -0 1
    outer loop
      vertex 8.44525 22.8919 2.39999
      vertex 9.13749 24.7682 2.39999
      vertex 8.15805 25.1079 2.39999
    endloop
  endfacet
  facet normal 0.327621 0.944809 0
    outer loop
      vertex 7.54001 23.2058 8
      vertex 8.44525 22.8919 8
      vertex 7.54001 23.2058 2.39999
    endloop
  endfacet
  facet normal 0.327621 0.944809 0
    outer loop
      vertex 8.44525 22.8919 8
      vertex 8.44525 22.8919 2.39999
      vertex 7.54001 23.2058 2.39999
    endloop
  endfacet
  facet normal 0.289414 0.834702 -0.468522
    outer loop
      vertex 12.064 37.1292 35.6
      vertex 13.5124 36.627 35.6
      vertex 7.54001 23.2058 8
    endloop
  endfacet
  facet normal 0.289437 0.834693 -0.468522
    outer loop
      vertex 13.5124 36.627 35.6
      vertex 8.44525 22.8919 8
      vertex 7.54001 23.2058 8
    endloop
  endfacet
  facet normal 0.327594 0.944818 0
    outer loop
      vertex 12.064 37.1292 37.2
      vertex 13.5124 36.627 37.2
      vertex 12.064 37.1292 35.6
    endloop
  endfacet
  facet normal 0.327594 0.944818 0
    outer loop
      vertex 13.5124 36.627 37.2
      vertex 13.5124 36.627 35.6
      vertex 12.064 37.1292 35.6
    endloop
  endfacet
  facet normal 0.231715 0.668158 0.707018
    outer loop
      vertex 11.8168 36.3684 38
      vertex 13.2355 35.8764 38
      vertex 12.064 37.1292 37.2
    endloop
  endfacet
  facet normal 0.23166 0.668133 0.707059
    outer loop
      vertex 13.2355 35.8764 38
      vertex 13.5124 36.627 37.2
      vertex 12.064 37.1292 37.2
    endloop
  endfacet
  facet normal -0 0 1
    outer loop
      vertex 11.5078 35.4173 38
      vertex 12.8894 34.9382 38
      vertex 11.8168 36.3684 38
    endloop
  endfacet
  facet normal 0 -0 1
    outer loop
      vertex 12.8894 34.9382 38
      vertex 13.2355 35.8764 38
      vertex 11.8168 36.3684 38
    endloop
  endfacet
  facet normal -0.327632 -0.944805 0
    outer loop
      vertex 11.5078 35.4173 35.6
      vertex 12.8894 34.9382 35.6
      vertex 11.5078 35.4173 38
    endloop
  endfacet
  facet normal -0.327632 -0.944805 0
    outer loop
      vertex 12.8894 34.9382 35.6
      vertex 12.8894 34.9382 38
      vertex 11.5078 35.4173 38
    endloop
  endfacet
  facet normal -0.289488 -0.834676 0.468521
    outer loop
      vertex 6.98378 21.4939 8
      vertex 7.82224 21.2031 8
      vertex 11.5078 35.4173 35.6
    endloop
  endfacet
  facet normal -0.289447 -0.83469 0.468523
    outer loop
      vertex 7.82224 21.2031 8
      vertex 12.8894 34.9382 35.6
      vertex 11.5078 35.4173 35.6
    endloop
  endfacet
  facet normal -0.327678 -0.94479 0
    outer loop
      vertex 6.98378 21.4939 0
      vertex 7.82224 21.2031 0
      vertex 6.98378 21.4939 8
    endloop
  endfacet
  facet normal -0.327678 -0.94479 0
    outer loop
      vertex 7.82224 21.2031 0
      vertex 7.82224 21.2031 8
      vertex 6.98378 21.4939 8
    endloop
  endfacet
  facet normal 0 -0 -1
    outer loop
      vertex 7.3546 22.6351 0
      vertex 8.23758 22.3289 0
      vertex 6.98378 21.4939 0
    endloop
  endfacet
  facet normal 0 0 -1
    outer loop
      vertex 8.23758 22.3289 0
      vertex 7.82224 21.2031 0
      vertex 6.98378 21.4939 0
    endloop
  endfacet
  facet normal 0.231672 0.668106 -0.707081
    outer loop
      vertex 7.54001 23.2058 0.599991
      vertex 8.44525 22.8919 0.599991
      vertex 7.3546 22.6351 0
    endloop
  endfacet
  facet normal 0.231681 0.668091 -0.707091
    outer loop
      vertex 8.44525 22.8919 0.599991
      vertex 8.23758 22.3289 0
      vertex 7.3546 22.6351 0
    endloop
  endfacet
  facet normal 0 -0 -1
    outer loop
      vertex 9.13749 24.7682 0.599991
      vertex 10.1028 24.3904 0.599991
      vertex 8.44525 22.8919 0.599991
    endloop
  endfacet
  facet normal 0 0 -1
    outer loop
      vertex 10.1028 24.3904 0.599991
      vertex 9.33747 22.5427 0.599991
      vertex 8.44525 22.8919 0.599991
    endloop
  endfacet
  facet normal 0.364458 0.93122 0
    outer loop
      vertex 9.13749 24.7682 2.39999
      vertex 10.1028 24.3904 2.39999
      vertex 9.13749 24.7682 0.599991
    endloop
  endfacet
  facet normal 0.364458 0.93122 0
    outer loop
      vertex 10.1028 24.3904 2.39999
      vertex 10.1028 24.3904 0.599991
      vertex 9.13749 24.7682 0.599991
    endloop
  endfacet
  facet normal -0 0 1
    outer loop
      vertex 8.44525 22.8919 2.39999
      vertex 9.33747 22.5427 2.39999
      vertex 9.13749 24.7682 2.39999
    endloop
  endfacet
  facet normal 0 -0 1
    outer loop
      vertex 9.33747 22.5427 2.39999
      vertex 10.1028 24.3904 2.39999
      vertex 9.13749 24.7682 2.39999
    endloop
  endfacet
  facet normal 0.364463 0.931218 0
    outer loop
      vertex 8.44525 22.8919 8
      vertex 9.33747 22.5427 8
      vertex 8.44525 22.8919 2.39999
    endloop
  endfacet
  facet normal 0.364463 0.931218 0
    outer loop
      vertex 9.33747 22.5427 8
      vertex 9.33747 22.5427 2.39999
      vertex 8.44525 22.8919 2.39999
    endloop
  endfacet
  facet normal 0.321966 0.822693 -0.468523
    outer loop
      vertex 13.5124 36.627 35.6
      vertex 14.94 36.0683 35.6
      vertex 8.44525 22.8919 8
    endloop
  endfacet
  facet normal 0.321985 0.822685 -0.468523
    outer loop
      vertex 14.94 36.0683 35.6
      vertex 9.33747 22.5427 8
      vertex 8.44525 22.8919 8
    endloop
  endfacet
  facet normal 0.364441 0.931226 0
    outer loop
      vertex 13.5124 36.627 37.2
      vertex 14.94 36.0683 37.2
      vertex 13.5124 36.627 35.6
    endloop
  endfacet
  facet normal 0.364441 0.931226 0
    outer loop
      vertex 14.94 36.0683 37.2
      vertex 14.94 36.0683 35.6
      vertex 13.5124 36.627 35.6
    endloop
  endfacet
  facet normal 0.257744 0.65851 0.707059
    outer loop
      vertex 13.2355 35.8764 38
      vertex 14.6338 35.3291 38
      vertex 13.5124 36.627 37.2
    endloop
  endfacet
  facet normal 0.257706 0.658495 0.707087
    outer loop
      vertex 14.6338 35.3291 38
      vertex 14.94 36.0683 37.2
      vertex 13.5124 36.627 37.2
    endloop
  endfacet
  facet normal -0 0 1
    outer loop
      vertex 12.8894 34.9382 38
      vertex 14.2511 34.4053 38
      vertex 13.2355 35.8764 38
    endloop
  endfacet
  facet normal 0 -0 1
    outer loop
      vertex 14.2511 34.4053 38
      vertex 14.6338 35.3291 38
      vertex 13.2355 35.8764 38
    endloop
  endfacet
  facet normal -0.364435 -0.931229 0
    outer loop
      vertex 12.8894 34.9382 35.6
      vertex 14.2511 34.4053 35.6
      vertex 12.8894 34.9382 38
    endloop
  endfacet
  facet normal -0.364435 -0.931229 0
    outer loop
      vertex 14.2511 34.4053 35.6
      vertex 14.2511 34.4053 38
      vertex 12.8894 34.9382 38
    endloop
  endfacet
  facet normal -0.321952 -0.822699 0.468523
    outer loop
      vertex 7.82224 21.2031 8
      vertex 8.64864 20.8797 8
      vertex 12.8894 34.9382 35.6
    endloop
  endfacet
  facet normal -0.321961 -0.822695 0.468523
    outer loop
      vertex 8.64864 20.8797 8
      vertex 14.2511 34.4053 35.6
      vertex 12.8894 34.9382 35.6
    endloop
  endfacet
  facet normal -0.364425 -0.931233 0
    outer loop
      vertex 7.82224 21.2031 0
      vertex 8.64864 20.8797 0
      vertex 7.82224 21.2031 8
    endloop
  endfacet
  facet normal -0.364425 -0.931233 0
    outer loop
      vertex 8.64864 20.8797 0
      vertex 8.64864 20.8797 8
      vertex 7.82224 21.2031 8
    endloop
  endfacet
  facet normal 0 -0 -1
    outer loop
      vertex 8.23758 22.3289 0
      vertex 9.10786 21.9883 0
      vertex 7.82224 21.2031 0
    endloop
  endfacet
  facet normal 0 0 -1
    outer loop
      vertex 9.10786 21.9883 0
      vertex 8.64864 20.8797 0
      vertex 7.82224 21.2031 0
    endloop
  endfacet
  facet normal 0.25772 0.658485 -0.707091
    outer loop
      vertex 8.44525 22.8919 0.599991
      vertex 9.33747 22.5427 0.599991
      vertex 8.23758 22.3289 0
    endloop
  endfacet
  facet normal 0.257714 0.658496 -0.707083
    outer loop
      vertex 9.33747 22.5427 0.599991
      vertex 9.10786 21.9883 0
      vertex 8.23758 22.3289 0
    endloop
  endfacet
  facet normal 0 -0 -1
    outer loop
      vertex 10.1028 24.3904 0.599991
      vertex 11.0526 23.975 0.599991
      vertex 9.33747 22.5427 0.599991
    endloop
  endfacet
  facet normal 0 0 -1
    outer loop
      vertex 11.0526 23.975 0.599991
      vertex 10.2153 22.1587 0.599991
      vertex 9.33747 22.5427 0.599991
    endloop
  endfacet
  facet normal 0.400708 0.916206 0
    outer loop
      vertex 10.1028 24.3904 2.39999
      vertex 11.0526 23.975 2.39999
      vertex 10.1028 24.3904 0.599991
    endloop
  endfacet
  facet normal 0.400708 0.916206 0
    outer loop
      vertex 11.0526 23.975 2.39999
      vertex 11.0526 23.975 0.599991
      vertex 10.1028 24.3904 0.599991
    endloop
  endfacet
  facet normal -0 0 1
    outer loop
      vertex 9.33747 22.5427 2.39999
      vertex 10.2153 22.1587 2.39999
      vertex 10.1028 24.3904 2.39999
    endloop
  endfacet
  facet normal 0 -0 1
    outer loop
      vertex 10.2153 22.1587 2.39999
      vertex 11.0526 23.975 2.39999
      vertex 10.1028 24.3904 2.39999
    endloop
  endfacet
  facet normal 0.400774 0.916177 0
    outer loop
      vertex 9.33747 22.5427 8
      vertex 10.2153 22.1587 8
      vertex 9.33747 22.5427 2.39999
    endloop
  endfacet
  facet normal 0.400774 0.916177 0
    outer loop
      vertex 10.2153 22.1587 8
      vertex 10.2153 22.1587 2.39999
      vertex 9.33747 22.5427 2.39999
    endloop
  endfacet
  facet normal 0.354071 0.809395 -0.468523
    outer loop
      vertex 14.94 36.0683 35.6
      vertex 16.3445 35.4539 35.6
      vertex 9.33747 22.5427 8
    endloop
  endfacet
  facet normal 0.354065 0.809398 -0.468523
    outer loop
      vertex 16.3445 35.4539 35.6
      vertex 10.2153 22.1587 8
      vertex 9.33747 22.5427 8
    endloop
  endfacet
  facet normal 0.400781 0.916174 0
    outer loop
      vertex 14.94 36.0683 37.2
      vertex 16.3445 35.4539 37.2
      vertex 14.94 36.0683 35.6
    endloop
  endfacet
  facet normal 0.400781 0.916174 0
    outer loop
      vertex 16.3445 35.4539 37.2
      vertex 16.3445 35.4539 35.6
      vertex 14.94 36.0683 35.6
    endloop
  endfacet
  facet normal 0.283363 0.647868 0.707087
    outer loop
      vertex 14.6338 35.3291 38
      vertex 16.0095 34.7274 38
      vertex 14.94 36.0683 37.2
    endloop
  endfacet
  facet normal 0.28342 0.647889 0.707046
    outer loop
      vertex 16.0095 34.7274 38
      vertex 16.3445 35.4539 37.2
      vertex 14.94 36.0683 37.2
    endloop
  endfacet
  facet normal -0 0 1
    outer loop
      vertex 14.2511 34.4053 38
      vertex 15.5909 33.8192 38
      vertex 14.6338 35.3291 38
    endloop
  endfacet
  facet normal 0 -0 1
    outer loop
      vertex 15.5909 33.8192 38
      vertex 16.0095 34.7274 38
      vertex 14.6338 35.3291 38
    endloop
  endfacet
  facet normal -0.400783 -0.916173 0
    outer loop
      vertex 14.2511 34.4053 35.6
      vertex 15.5909 33.8192 35.6
      vertex 14.2511 34.4053 38
    endloop
  endfacet
  facet normal -0.400783 -0.916173 0
    outer loop
      vertex 15.5909 33.8192 35.6
      vertex 15.5909 33.8192 38
      vertex 14.2511 34.4053 38
    endloop
  endfacet
  facet normal -0.354089 -0.809387 0.468522
    outer loop
      vertex 8.64864 20.8797 8
      vertex 9.46171 20.524 8
      vertex 14.2511 34.4053 35.6
    endloop
  endfacet
  facet normal -0.354072 -0.809394 0.468523
    outer loop
      vertex 9.46171 20.524 8
      vertex 15.5909 33.8192 35.6
      vertex 14.2511 34.4053 35.6
    endloop
  endfacet
  facet normal -0.400802 -0.916165 0
    outer loop
      vertex 8.64864 20.8797 0
      vertex 9.46171 20.524 0
      vertex 8.64864 20.8797 8
    endloop
  endfacet
  facet normal -0.400802 -0.916165 0
    outer loop
      vertex 9.46171 20.524 0
      vertex 9.46171 20.524 8
      vertex 8.64864 20.8797 8
    endloop
  endfacet
  facet normal 0 -0 -1
    outer loop
      vertex 9.10786 21.9883 0
      vertex 9.9641 21.6138 0
      vertex 8.64864 20.8797 0
    endloop
  endfacet
  facet normal 0 0 -1
    outer loop
      vertex 9.9641 21.6138 0
      vertex 9.46171 20.524 0
      vertex 8.64864 20.8797 0
    endloop
  endfacet
  facet normal 0.2834 0.647857 -0.707083
    outer loop
      vertex 9.33747 22.5427 0.599991
      vertex 10.2153 22.1587 0.599991
      vertex 9.10786 21.9883 0
    endloop
  endfacet
  facet normal 0.283377 0.6479 -0.707052
    outer loop
      vertex 10.2153 22.1587 0.599991
      vertex 9.9641 21.6138 0
      vertex 9.10786 21.9883 0
    endloop
  endfacet
  facet normal 0 -0 -1
    outer loop
      vertex 11.0526 23.975 0.599991
      vertex 11.9853 23.5226 0.599991
      vertex 10.2153 22.1587 0.599991
    endloop
  endfacet
  facet normal 0 0 -1
    outer loop
      vertex 11.9853 23.5226 0.599991
      vertex 11.0774 21.7406 0.599991
      vertex 10.2153 22.1587 0.599991
    endloop
  endfacet
  facet normal 0.436416 0.899745 0
    outer loop
      vertex 11.0526 23.975 2.39999
      vertex 11.9853 23.5226 2.39999
      vertex 11.0526 23.975 0.599991
    endloop
  endfacet
  facet normal 0.436416 0.899745 0
    outer loop
      vertex 11.9853 23.5226 2.39999
      vertex 11.9853 23.5226 0.599991
      vertex 11.0526 23.975 0.599991
    endloop
  endfacet
  facet normal -0 0 1
    outer loop
      vertex 10.2153 22.1587 2.39999
      vertex 11.0774 21.7406 2.39999
      vertex 11.0526 23.975 2.39999
    endloop
  endfacet
  facet normal 0 -0 1
    outer loop
      vertex 11.0774 21.7406 2.39999
      vertex 11.9853 23.5226 2.39999
      vertex 11.0526 23.975 2.39999
    endloop
  endfacet
  facet normal 0.436368 0.899768 0
    outer loop
      vertex 10.2153 22.1587 8
      vertex 11.0774 21.7406 8
      vertex 10.2153 22.1587 2.39999
    endloop
  endfacet
  facet normal 0.436368 0.899768 0
    outer loop
      vertex 11.0774 21.7406 8
      vertex 11.0774 21.7406 2.39999
      vertex 10.2153 22.1587 2.39999
    endloop
  endfacet
  facet normal 0.385542 0.794886 -0.468523
    outer loop
      vertex 16.3445 35.4539 35.6
      vertex 17.7238 34.7849 35.6
      vertex 10.2153 22.1587 8
    endloop
  endfacet
  facet normal 0.38551 0.794902 -0.468522
    outer loop
      vertex 17.7238 34.7849 35.6
      vertex 11.0774 21.7406 8
      vertex 10.2153 22.1587 8
    endloop
  endfacet
  facet normal 0.436405 0.89975 0
    outer loop
      vertex 16.3445 35.4539 37.2
      vertex 17.7238 34.7849 37.2
      vertex 16.3445 35.4539 35.6
    endloop
  endfacet
  facet normal 0.436405 0.89975 0
    outer loop
      vertex 17.7238 34.7849 37.2
      vertex 17.7238 34.7849 35.6
      vertex 16.3445 35.4539 35.6
    endloop
  endfacet
  facet normal 0.308602 0.636278 0.707047
    outer loop
      vertex 16.0095 34.7274 38
      vertex 17.3606 34.0721 38
      vertex 16.3445 35.4539 37.2
    endloop
  endfacet
  facet normal 0.308615 0.636282 0.707038
    outer loop
      vertex 17.3606 34.0721 38
      vertex 17.7238 34.7849 37.2
      vertex 16.3445 35.4539 37.2
    endloop
  endfacet
  facet normal -0 0 1
    outer loop
      vertex 15.5909 33.8192 38
      vertex 16.9066 33.1811 38
      vertex 16.0095 34.7274 38
    endloop
  endfacet
  facet normal 0 -0 1
    outer loop
      vertex 16.9066 33.1811 38
      vertex 17.3606 34.0721 38
      vertex 16.0095 34.7274 38
    endloop
  endfacet
  facet normal -0.436376 -0.899764 0
    outer loop
      vertex 15.5909 33.8192 35.6
      vertex 16.9066 33.1811 35.6
      vertex 15.5909 33.8192 38
    endloop
  endfacet
  facet normal -0.436376 -0.899764 0
    outer loop
      vertex 16.9066 33.1811 35.6
      vertex 16.9066 33.1811 38
      vertex 15.5909 33.8192 38
    endloop
  endfacet
  facet normal -0.38555 -0.794882 0.468523
    outer loop
      vertex 9.46171 20.524 8
      vertex 10.2602 20.1367 8
      vertex 15.5909 33.8192 35.6
    endloop
  endfacet
  facet normal -0.385517 -0.794898 0.468524
    outer loop
      vertex 10.2602 20.1367 8
      vertex 16.9066 33.1811 35.6
      vertex 15.5909 33.8192 35.6
    endloop
  endfacet
  facet normal -0.436413 -0.899746 0
    outer loop
      vertex 9.46171 20.524 0
      vertex 10.2602 20.1367 0
      vertex 9.46171 20.524 8
    endloop
  endfacet
  facet normal -0.436413 -0.899746 0
    outer loop
      vertex 10.2602 20.1367 0
      vertex 10.2602 20.1367 8
      vertex 9.46171 20.524 8
    endloop
  endfacet
  facet normal 0 -0 -1
    outer loop
      vertex 9.9641 21.6138 0
      vertex 10.805 21.2059 0
      vertex 9.46171 20.524 0
    endloop
  endfacet
  facet normal 0 0 -1
    outer loop
      vertex 10.805 21.2059 0
      vertex 10.2602 20.1367 0
      vertex 9.46171 20.524 0
    endloop
  endfacet
  facet normal 0.308583 0.636281 -0.707053
    outer loop
      vertex 10.2153 22.1587 0.599991
      vertex 11.0774 21.7406 0.599991
      vertex 9.9641 21.6138 0
    endloop
  endfacet
  facet normal 0.308613 0.636217 -0.707097
    outer loop
      vertex 11.0774 21.7406 0.599991
      vertex 10.805 21.2059 0
      vertex 9.9641 21.6138 0
    endloop
  endfacet
  facet normal 0 -0 -1
    outer loop
      vertex 11.9853 23.5226 0.599991
      vertex 12.8996 23.0339 0.599991
      vertex 11.0774 21.7406 0.599991
    endloop
  endfacet
  facet normal 0 0 -1
    outer loop
      vertex 12.8996 23.0339 0.599991
      vertex 11.9224 21.2889 0.599991
      vertex 11.0774 21.7406 0.599991
    endloop
  endfacet
  facet normal 0.471394 0.881923 0
    outer loop
      vertex 11.9853 23.5226 2.39999
      vertex 12.8996 23.0339 2.39999
      vertex 11.9853 23.5226 0.599991
    endloop
  endfacet
  facet normal 0.471394 0.881923 0
    outer loop
      vertex 12.8996 23.0339 2.39999
      vertex 12.8996 23.0339 0.599991
      vertex 11.9853 23.5226 0.599991
    endloop
  endfacet
  facet normal -0 0 1
    outer loop
      vertex 11.0774 21.7406 2.39999
      vertex 11.9224 21.2889 2.39999
      vertex 11.9853 23.5226 2.39999
    endloop
  endfacet
  facet normal 0 0 1
    outer loop
      vertex 11.9224 21.2889 2.39999
      vertex 12.8996 23.0339 2.39999
      vertex 11.9853 23.5226 2.39999
    endloop
  endfacet
  facet normal 0.471428 0.881905 0
    outer loop
      vertex 11.0774 21.7406 8
      vertex 11.9224 21.2889 8
      vertex 11.0774 21.7406 2.39999
    endloop
  endfacet
  facet normal 0.471428 0.881905 0
    outer loop
      vertex 11.9224 21.2889 8
      vertex 11.9224 21.2889 2.39999
      vertex 11.0774 21.7406 2.39999
    endloop
  endfacet
  facet normal 0.416475 0.779125 -0.468522
    outer loop
      vertex 17.7238 34.7849 35.6
      vertex 19.0758 34.0622 35.6
      vertex 11.0774 21.7406 8
    endloop
  endfacet
  facet normal 0.416484 0.77912 -0.468522
    outer loop
      vertex 19.0758 34.0622 35.6
      vertex 11.9224 21.2889 8
      vertex 11.0774 21.7406 8
    endloop
  endfacet
  facet normal 0.471418 0.88191 0
    outer loop
      vertex 17.7238 34.7849 37.2
      vertex 19.0758 34.0622 37.2
      vertex 17.7238 34.7849 35.6
    endloop
  endfacet
  facet normal 0.471418 0.88191 0
    outer loop
      vertex 19.0758 34.0622 37.2
      vertex 19.0758 34.0622 35.6
      vertex 17.7238 34.7849 35.6
    endloop
  endfacet
  facet normal 0.333377 0.623664 0.707038
    outer loop
      vertex 17.3606 34.0721 38
      vertex 18.6849 33.3642 38
      vertex 17.7238 34.7849 37.2
    endloop
  endfacet
  facet normal 0.333374 0.623663 0.707041
    outer loop
      vertex 18.6849 33.3642 38
      vertex 19.0758 34.0622 37.2
      vertex 17.7238 34.7849 37.2
    endloop
  endfacet
  facet normal -0 0 1
    outer loop
      vertex 16.9066 33.1811 38
      vertex 18.1963 32.4917 38
      vertex 17.3606 34.0721 38
    endloop
  endfacet
  facet normal 0 -0 1
    outer loop
      vertex 18.1963 32.4917 38
      vertex 18.6849 33.3642 38
      vertex 17.3606 34.0721 38
    endloop
  endfacet
  facet normal -0.471419 -0.88191 0
    outer loop
      vertex 16.9066 33.1811 35.6
      vertex 18.1963 32.4917 35.6
      vertex 16.9066 33.1811 38
    endloop
  endfacet
  facet normal -0.471419 -0.88191 0
    outer loop
      vertex 18.1963 32.4917 35.6
      vertex 18.1963 32.4917 38
      vertex 16.9066 33.1811 38
    endloop
  endfacet
  facet normal -0.416449 -0.779137 0.468524
    outer loop
      vertex 10.2602 20.1367 8
      vertex 11.0428 19.7184 8
      vertex 16.9066 33.1811 35.6
    endloop
  endfacet
  facet normal -0.416475 -0.779124 0.468523
    outer loop
      vertex 11.0428 19.7184 8
      vertex 18.1963 32.4917 35.6
      vertex 16.9066 33.1811 35.6
    endloop
  endfacet
  facet normal -0.471389 -0.881925 0
    outer loop
      vertex 10.2602 20.1367 0
      vertex 11.0428 19.7184 0
      vertex 10.2602 20.1367 8
    endloop
  endfacet
  facet normal -0.471389 -0.881925 0
    outer loop
      vertex 11.0428 19.7184 0
      vertex 11.0428 19.7184 8
      vertex 10.2602 20.1367 8
    endloop
  endfacet
  facet normal 0 -0 -1
    outer loop
      vertex 10.805 21.2059 0
      vertex 11.6292 20.7654 0
      vertex 10.2602 20.1367 0
    endloop
  endfacet
  facet normal 0 0 -1
    outer loop
      vertex 11.6292 20.7654 0
      vertex 11.0428 19.7184 0
      vertex 10.2602 20.1367 0
    endloop
  endfacet
  facet normal 0.333355 0.623611 -0.707095
    outer loop
      vertex 11.0774 21.7406 0.599991
      vertex 11.9224 21.2889 0.599991
      vertex 10.805 21.2059 0
    endloop
  endfacet
  facet normal 0.333327 0.623674 -0.707052
    outer loop
      vertex 11.9224 21.2889 0.599991
      vertex 11.6292 20.7654 0
      vertex 10.805 21.2059 0
    endloop
  endfacet
  facet normal 0 -0 -1
    outer loop
      vertex 12.8996 23.0339 0.599991
      vertex 13.794 22.5097 0.599991
      vertex 11.9224 21.2889 0.599991
    endloop
  endfacet
  facet normal 0 0 -1
    outer loop
      vertex 13.794 22.5097 0.599991
      vertex 12.749 20.8044 0.599991
      vertex 11.9224 21.2889 0.599991
    endloop
  endfacet
  facet normal 0.505645 0.862742 0
    outer loop
      vertex 12.8996 23.0339 2.39999
      vertex 13.794 22.5097 2.39999
      vertex 12.8996 23.0339 0.599991
    endloop
  endfacet
  facet normal 0.505645 0.862742 0
    outer loop
      vertex 13.794 22.5097 2.39999
      vertex 13.794 22.5097 0.599991
      vertex 12.8996 23.0339 0.599991
    endloop
  endfacet
  facet normal -0 0 1
    outer loop
      vertex 11.9224 21.2889 2.39999
      vertex 12.749 20.8044 2.39999
      vertex 12.8996 23.0339 2.39999
    endloop
  endfacet
  facet normal 0 0 1
    outer loop
      vertex 12.749 20.8044 2.39999
      vertex 13.794 22.5097 2.39999
      vertex 12.8996 23.0339 2.39999
    endloop
  endfacet
  facet normal 0.505674 0.862725 0
    outer loop
      vertex 11.9224 21.2889 8
      vertex 12.749 20.8044 8
      vertex 11.9224 21.2889 2.39999
    endloop
  endfacet
  facet normal 0.505674 0.862725 0
    outer loop
      vertex 12.749 20.8044 8
      vertex 12.749 20.8044 2.39999
      vertex 11.9224 21.2889 2.39999
    endloop
  endfacet
  facet normal 0.446711 0.762192 -0.468522
    outer loop
      vertex 19.0758 34.0622 35.6
      vertex 20.3983 33.2871 35.6
      vertex 11.9224 21.2889 8
    endloop
  endfacet
  facet normal 0.446738 0.762175 -0.468523
    outer loop
      vertex 20.3983 33.2871 35.6
      vertex 12.749 20.8044 8
      vertex 11.9224 21.2889 8
    endloop
  endfacet
  facet normal 0.505642 0.862743 0
    outer loop
      vertex 19.0758 34.0622 37.2
      vertex 20.3983 33.2871 37.2
      vertex 19.0758 34.0622 35.6
    endloop
  endfacet
  facet normal 0.505642 0.862743 0
    outer loop
      vertex 20.3983 33.2871 37.2
      vertex 20.3983 33.2871 35.6
      vertex 19.0758 34.0622 35.6
    endloop
  endfacet
  facet normal 0.357606 0.610092 0.70704
    outer loop
      vertex 18.6849 33.3642 38
      vertex 19.9803 32.6049 38
      vertex 19.0758 34.0622 37.2
    endloop
  endfacet
  facet normal 0.357561 0.610081 0.707072
    outer loop
      vertex 19.9803 32.6049 38
      vertex 20.3983 33.2871 37.2
      vertex 19.0758 34.0622 37.2
    endloop
  endfacet
  facet normal -0 0 1
    outer loop
      vertex 18.1963 32.4917 38
      vertex 19.4578 31.7523 38
      vertex 18.6849 33.3642 38
    endloop
  endfacet
  facet normal 0 -0 1
    outer loop
      vertex 19.4578 31.7523 38
      vertex 19.9803 32.6049 38
      vertex 18.6849 33.3642 38
    endloop
  endfacet
  facet normal -0.505669 -0.862728 0
    outer loop
      vertex 18.1963 32.4917 35.6
      vertex 19.4578 31.7523 35.6
      vertex 18.1963 32.4917 38
    endloop
  endfacet
  facet normal -0.505669 -0.862728 0
    outer loop
      vertex 19.4578 31.7523 35.6
      vertex 19.4578 31.7523 38
      vertex 18.1963 32.4917 38
    endloop
  endfacet
  facet normal -0.446661 -0.76222 0.468524
    outer loop
      vertex 11.0428 19.7184 8
      vertex 11.8085 19.2697 8
      vertex 18.1963 32.4917 35.6
    endloop
  endfacet
  facet normal -0.446734 -0.762179 0.468521
    outer loop
      vertex 11.8085 19.2697 8
      vertex 19.4578 31.7523 35.6
      vertex 18.1963 32.4917 35.6
    endloop
  endfacet
  facet normal -0.505586 -0.862776 0
    outer loop
      vertex 11.0428 19.7184 0
      vertex 11.8085 19.2697 0
      vertex 11.0428 19.7184 8
    endloop
  endfacet
  facet normal -0.505586 -0.862776 0
    outer loop
      vertex 11.8085 19.2697 0
      vertex 11.8085 19.2697 8
      vertex 11.0428 19.7184 8
    endloop
  endfacet
  facet normal 0 -0 -1
    outer loop
      vertex 11.6292 20.7654 0
      vertex 12.4355 20.2928 0
      vertex 11.0428 19.7184 0
    endloop
  endfacet
  facet normal 0 0 -1
    outer loop
      vertex 12.4355 20.2928 0
      vertex 11.8085 19.2697 0
      vertex 11.0428 19.7184 0
    endloop
  endfacet
  facet normal 0.357593 0.610085 -0.707053
    outer loop
      vertex 11.9224 21.2889 0.599991
      vertex 12.749 20.8044 0.599991
      vertex 11.6292 20.7654 0
    endloop
  endfacet
  facet normal 0.357592 0.610086 -0.707052
    outer loop
      vertex 12.749 20.8044 0.599991
      vertex 12.4355 20.2928 0
      vertex 11.6292 20.7654 0
    endloop
  endfacet
  facet normal 0 -0 -1
    outer loop
      vertex 13.794 22.5097 0.599991
      vertex 14.6671 21.9508 0.599991
      vertex 12.749 20.8044 0.599991
    endloop
  endfacet
  facet normal 0 0 -1
    outer loop
      vertex 14.6671 21.9508 0.599991
      vertex 13.5559 20.2879 0.599991
      vertex 12.749 20.8044 0.599991
    endloop
  endfacet
  facet normal 0.539133 0.842221 0
    outer loop
      vertex 13.794 22.5097 2.39999
      vertex 14.6671 21.9508 2.39999
      vertex 13.794 22.5097 0.599991
    endloop
  endfacet
  facet normal 0.539133 0.842221 0
    outer loop
      vertex 14.6671 21.9508 2.39999
      vertex 14.6671 21.9508 0.599991
      vertex 13.794 22.5097 0.599991
    endloop
  endfacet
  facet normal -0 0 1
    outer loop
      vertex 12.749 20.8044 2.39999
      vertex 13.5559 20.2879 2.39999
      vertex 13.794 22.5097 2.39999
    endloop
  endfacet
  facet normal 0 0 1
    outer loop
      vertex 13.5559 20.2879 2.39999
      vertex 14.6671 21.9508 2.39999
      vertex 13.794 22.5097 2.39999
    endloop
  endfacet
  facet normal 0.539116 0.842232 0
    outer loop
      vertex 12.749 20.8044 8
      vertex 13.5559 20.2879 8
      vertex 12.749 20.8044 2.39999
    endloop
  endfacet
  facet normal 0.539116 0.842232 0
    outer loop
      vertex 13.5559 20.2879 8
      vertex 13.5559 20.2879 2.39999
      vertex 12.749 20.8044 2.39999
    endloop
  endfacet
  facet normal 0.476282 0.744071 -0.468523
    outer loop
      vertex 20.3983 33.2871 35.6
      vertex 21.6895 32.4606 35.6
      vertex 12.749 20.8044 8
    endloop
  endfacet
  facet normal 0.476283 0.744071 -0.468523
    outer loop
      vertex 21.6895 32.4606 35.6
      vertex 13.5559 20.2879 8
      vertex 12.749 20.8044 8
    endloop
  endfacet
  facet normal 0.539115 0.842232 0
    outer loop
      vertex 20.3983 33.2871 37.2
      vertex 21.6895 32.4606 37.2
      vertex 20.3983 33.2871 35.6
    endloop
  endfacet
  facet normal 0.539115 0.842232 0
    outer loop
      vertex 21.6895 32.4606 37.2
      vertex 21.6895 32.4606 35.6
      vertex 20.3983 33.2871 35.6
    endloop
  endfacet
  facet normal 0.381218 0.595585 0.707072
    outer loop
      vertex 19.9803 32.6049 38
      vertex 21.245 31.7954 38
      vertex 20.3983 33.2871 37.2
    endloop
  endfacet
  facet normal 0.381238 0.595589 0.707058
    outer loop
      vertex 21.245 31.7954 38
      vertex 21.6895 32.4606 37.2
      vertex 20.3983 33.2871 37.2
    endloop
  endfacet
  facet normal -0 0 1
    outer loop
      vertex 19.4578 31.7523 38
      vertex 20.6894 30.9639 38
      vertex 19.9803 32.6049 38
    endloop
  endfacet
  facet normal 0 -0 1
    outer loop
      vertex 20.6894 30.9639 38
      vertex 21.245 31.7954 38
      vertex 19.9803 32.6049 38
    endloop
  endfacet
  facet normal -0.539139 -0.842217 0
    outer loop
      vertex 19.4578 31.7523 35.6
      vertex 20.6894 30.9639 35.6
      vertex 19.4578 31.7523 38
    endloop
  endfacet
  facet normal -0.539139 -0.842217 0
    outer loop
      vertex 20.6894 30.9639 35.6
      vertex 20.6894 30.9639 38
      vertex 19.4578 31.7523 38
    endloop
  endfacet
  facet normal -0.476344 -0.744033 0.46852
    outer loop
      vertex 11.8085 19.2697 8
      vertex 12.5559 18.7912 8
      vertex 19.4578 31.7523 35.6
    endloop
  endfacet
  facet normal -0.476303 -0.744058 0.468522
    outer loop
      vertex 12.5559 18.7912 8
      vertex 20.6894 30.9639 35.6
      vertex 19.4578 31.7523 35.6
    endloop
  endfacet
  facet normal -0.539185 -0.842187 0
    outer loop
      vertex 11.8085 19.2697 0
      vertex 12.5559 18.7912 0
      vertex 11.8085 19.2697 8
    endloop
  endfacet
  facet normal -0.539185 -0.842187 0
    outer loop
      vertex 12.5559 18.7912 0
      vertex 12.5559 18.7912 8
      vertex 11.8085 19.2697 8
    endloop
  endfacet
  facet normal 0 -0 -1
    outer loop
      vertex 12.4355 20.2928 0
      vertex 13.2226 19.789 0
      vertex 11.8085 19.2697 0
    endloop
  endfacet
  facet normal 0 0 -1
    outer loop
      vertex 13.2226 19.789 0
      vertex 12.5559 18.7912 0
      vertex 11.8085 19.2697 0
    endloop
  endfacet
  facet normal 0.381242 0.595594 -0.707052
    outer loop
      vertex 12.749 20.8044 0.599991
      vertex 13.5559 20.2879 0.599991
      vertex 12.4355 20.2928 0
    endloop
  endfacet
  facet normal 0.381235 0.595613 -0.707039
    outer loop
      vertex 13.5559 20.2879 0.599991
      vertex 13.2226 19.789 0
      vertex 12.4355 20.2928 0
    endloop
  endfacet
  facet normal 0 -0 -1
    outer loop
      vertex 14.6671 21.9508 0.599991
      vertex 15.5175 21.358 0.599991
      vertex 13.5559 20.2879 0.599991
    endloop
  endfacet
  facet normal 0 0 -1
    outer loop
      vertex 15.5175 21.358 0.599991
      vertex 14.342 19.74 0.599991
      vertex 13.5559 20.2879 0.599991
    endloop
  endfacet
  facet normal 0.571856 0.820354 0
    outer loop
      vertex 14.6671 21.9508 2.39999
      vertex 15.5175 21.358 2.39999
      vertex 14.6671 21.9508 0.599991
    endloop
  endfacet
  facet normal 0.571856 0.820354 0
    outer loop
      vertex 15.5175 21.358 2.39999
      vertex 15.5175 21.358 0.599991
      vertex 14.6671 21.9508 0.599991
    endloop
  endfacet
  facet normal -0 0 1
    outer loop
      vertex 13.5559 20.2879 2.39999
      vertex 14.342 19.74 2.39999
      vertex 14.6671 21.9508 2.39999
    endloop
  endfacet
  facet normal 0 0 1
    outer loop
      vertex 14.342 19.74 2.39999
      vertex 15.5175 21.358 2.39999
      vertex 14.6671 21.9508 2.39999
    endloop
  endfacet
  facet normal 0.571801 0.820392 0
    outer loop
      vertex 13.5559 20.2879 8
      vertex 14.342 19.74 8
      vertex 13.5559 20.2879 2.39999
    endloop
  endfacet
  facet normal 0.571801 0.820392 0
    outer loop
      vertex 14.342 19.74 8
      vertex 14.342 19.74 2.39999
      vertex 13.5559 20.2879 2.39999
    endloop
  endfacet
  facet normal 0.505186 0.724757 -0.468523
    outer loop
      vertex 21.6895 32.4606 35.6
      vertex 22.9471 31.584 35.6
      vertex 13.5559 20.2879 8
    endloop
  endfacet
  facet normal 0.505159 0.724777 -0.468522
    outer loop
      vertex 22.9471 31.584 35.6
      vertex 14.342 19.74 8
      vertex 13.5559 20.2879 8
    endloop
  endfacet
  facet normal 0.571833 0.82037 0
    outer loop
      vertex 21.6895 32.4606 37.2
      vertex 22.9471 31.584 37.2
      vertex 21.6895 32.4606 35.6
    endloop
  endfacet
  facet normal 0.571833 0.82037 0
    outer loop
      vertex 22.9471 31.584 37.2
      vertex 22.9471 31.584 35.6
      vertex 21.6895 32.4606 35.6
    endloop
  endfacet
  facet normal 0.404347 0.580148 0.707058
    outer loop
      vertex 21.245 31.7954 38
      vertex 22.4769 30.9368 38
      vertex 21.6895 32.4606 37.2
    endloop
  endfacet
  facet normal 0.404392 0.580155 0.707027
    outer loop
      vertex 22.4769 30.9368 38
      vertex 22.9471 31.584 37.2
      vertex 21.6895 32.4606 37.2
    endloop
  endfacet
  facet normal -0 0 1
    outer loop
      vertex 20.6894 30.9639 38
      vertex 21.8891 30.1278 38
      vertex 21.245 31.7954 38
    endloop
  endfacet
  facet normal 0 -0 1
    outer loop
      vertex 21.8891 30.1278 38
      vertex 22.4769 30.9368 38
      vertex 21.245 31.7954 38
    endloop
  endfacet
  facet normal -0.571768 -0.820416 0
    outer loop
      vertex 20.6894 30.9639 35.6
      vertex 21.8891 30.1278 35.6
      vertex 20.6894 30.9639 38
    endloop
  endfacet
  facet normal -0.571768 -0.820416 0
    outer loop
      vertex 21.8891 30.1278 35.6
      vertex 21.8891 30.1278 38
      vertex 20.6894 30.9639 38
    endloop
  endfacet
  facet normal -0.505155 -0.724779 0.468522
    outer loop
      vertex 12.5559 18.7912 8
      vertex 13.2839 18.2838 8
      vertex 20.6894 30.9639 35.6
    endloop
  endfacet
  facet normal -0.505129 -0.724797 0.468523
    outer loop
      vertex 13.2839 18.2838 8
      vertex 21.8891 30.1278 35.6
      vertex 20.6894 30.9639 35.6
    endloop
  endfacet
  facet normal -0.571797 -0.820395 0
    outer loop
      vertex 12.5559 18.7912 0
      vertex 13.2839 18.2838 0
      vertex 12.5559 18.7912 8
    endloop
  endfacet
  facet normal -0.571797 -0.820395 0
    outer loop
      vertex 13.2839 18.2838 0
      vertex 13.2839 18.2838 8
      vertex 12.5559 18.7912 8
    endloop
  endfacet
  facet normal 0 -0 -1
    outer loop
      vertex 13.2226 19.789 0
      vertex 13.9893 19.2546 0
      vertex 12.5559 18.7912 0
    endloop
  endfacet
  facet normal 0 0 -1
    outer loop
      vertex 13.9893 19.2546 0
      vertex 13.2839 18.2838 0
      vertex 12.5559 18.7912 0
    endloop
  endfacet
  facet normal 0.404364 0.580161 -0.707038
    outer loop
      vertex 13.5559 20.2879 0.599991
      vertex 14.342 19.74 0.599991
      vertex 13.2226 19.789 0
    endloop
  endfacet
  facet normal 0.404369 0.580145 -0.707049
    outer loop
      vertex 14.342 19.74 0.599991
      vertex 13.9893 19.2546 0
      vertex 13.2226 19.789 0
    endloop
  endfacet
  facet normal 0 -0 -1
    outer loop
      vertex 15.5175 21.358 0.599991
      vertex 16.3441 20.7324 0.599991
      vertex 14.342 19.74 0.599991
    endloop
  endfacet
  facet normal 0 0 -1
    outer loop
      vertex 16.3441 20.7324 0.599991
      vertex 15.1059 19.1617 0.599991
      vertex 14.342 19.74 0.599991
    endloop
  endfacet
  facet normal 0.603482 0.797376 0
    outer loop
      vertex 15.5175 21.358 2.39999
      vertex 16.3441 20.7324 2.39999
      vertex 15.5175 21.358 0.599991
    endloop
  endfacet
  facet normal 0.603482 0.797376 0
    outer loop
      vertex 16.3441 20.7324 2.39999
      vertex 16.3441 20.7324 0.599991
      vertex 15.5175 21.358 0.599991
    endloop
  endfacet
  facet normal -0 0 1
    outer loop
      vertex 14.342 19.74 2.39999
      vertex 15.1059 19.1617 2.39999
      vertex 15.5175 21.358 2.39999
    endloop
  endfacet
  facet normal 0 0 1
    outer loop
      vertex 15.1059 19.1617 2.39999
      vertex 16.3441 20.7324 2.39999
      vertex 15.5175 21.358 2.39999
    endloop
  endfacet
  facet normal 0.603584 0.797299 0
    outer loop
      vertex 14.342 19.74 8
      vertex 15.1059 19.1617 8
      vertex 14.342 19.74 2.39999
    endloop
  endfacet
  facet normal 0.603584 0.797299 0
    outer loop
      vertex 15.1059 19.1617 8
      vertex 15.1059 19.1617 2.39999
      vertex 14.342 19.74 2.39999
    endloop
  endfacet
  facet normal 0.533192 0.70441 -0.468522
    outer loop
      vertex 22.9471 31.584 35.6
      vertex 24.1694 30.6588 35.6
      vertex 14.342 19.74 8
    endloop
  endfacet
  facet normal 0.533237 0.704375 -0.468524
    outer loop
      vertex 24.1694 30.6588 35.6
      vertex 15.1059 19.1617 8
      vertex 14.342 19.74 8
    endloop
  endfacet
  facet normal 0.603532 0.797339 0
    outer loop
      vertex 22.9471 31.584 37.2
      vertex 24.1694 30.6588 37.2
      vertex 22.9471 31.584 35.6
    endloop
  endfacet
  facet normal 0.603532 0.797339 0
    outer loop
      vertex 24.1694 30.6588 37.2
      vertex 24.1694 30.6588 35.6
      vertex 22.9471 31.584 35.6
    endloop
  endfacet
  facet normal 0.42684 0.563845 0.707026
    outer loop
      vertex 22.4769 30.9368 38
      vertex 23.6741 30.0305 38
      vertex 22.9471 31.584 37.2
    endloop
  endfacet
  facet normal 0.426789 0.56384 0.707061
    outer loop
      vertex 23.6741 30.0305 38
      vertex 24.1694 30.6588 37.2
      vertex 22.9471 31.584 37.2
    endloop
  endfacet
  facet normal -0 0 1
    outer loop
      vertex 21.8891 30.1278 38
      vertex 23.0551 29.2452 38
      vertex 22.4769 30.9368 38
    endloop
  endfacet
  facet normal 0 -0 1
    outer loop
      vertex 23.0551 29.2452 38
      vertex 23.6741 30.0305 38
      vertex 22.4769 30.9368 38
    endloop
  endfacet
  facet normal -0.603539 -0.797333 0
    outer loop
      vertex 21.8891 30.1278 35.6
      vertex 23.0551 29.2452 35.6
      vertex 21.8891 30.1278 38
    endloop
  endfacet
  facet normal -0.603539 -0.797333 0
    outer loop
      vertex 23.0551 29.2452 35.6
      vertex 23.0551 29.2452 38
      vertex 21.8891 30.1278 38
    endloop
  endfacet
  facet normal -0.533187 -0.704413 0.468523
    outer loop
      vertex 13.2839 18.2838 8
      vertex 13.9915 17.7482 8
      vertex 21.8891 30.1278 35.6
    endloop
  endfacet
  facet normal -0.533197 -0.704405 0.468523
    outer loop
      vertex 13.9915 17.7482 8
      vertex 23.0551 29.2452 35.6
      vertex 21.8891 30.1278 35.6
    endloop
  endfacet
  facet normal -0.603528 -0.797342 0
    outer loop
      vertex 13.2839 18.2838 0
      vertex 13.9915 17.7482 0
      vertex 13.2839 18.2838 8
    endloop
  endfacet
  facet normal -0.603528 -0.797342 0
    outer loop
      vertex 13.9915 17.7482 0
      vertex 13.9915 17.7482 8
      vertex 13.2839 18.2838 8
    endloop
  endfacet
  facet normal 0 -0 -1
    outer loop
      vertex 13.9893 19.2546 0
      vertex 14.7344 18.6905 0
      vertex 13.2839 18.2838 0
    endloop
  endfacet
  facet normal 0 0 -1
    outer loop
      vertex 14.7344 18.6905 0
      vertex 13.9915 17.7482 0
      vertex 13.2839 18.2838 0
    endloop
  endfacet
  facet normal 0.426833 0.563822 -0.707049
    outer loop
      vertex 14.342 19.74 0.599991
      vertex 15.1059 19.1617 0.599991
      vertex 13.9893 19.2546 0
    endloop
  endfacet
  facet normal 0.42684 0.563798 -0.707065
    outer loop
      vertex 15.1059 19.1617 0.599991
      vertex 14.7344 18.6905 0
      vertex 13.9893 19.2546 0
    endloop
  endfacet
  facet normal 0 -0 -1
    outer loop
      vertex 16.3441 20.7324 0.599991
      vertex 17.1454 20.0747 0.599991
      vertex 15.1059 19.1617 0.599991
    endloop
  endfacet
  facet normal 0 0 -1
    outer loop
      vertex 17.1454 20.0747 0.599991
      vertex 15.8465 18.5539 0.599991
      vertex 15.1059 19.1617 0.599991
    endloop
  endfacet
  facet normal 0.634445 0.772968 0
    outer loop
      vertex 16.3441 20.7324 2.39999
      vertex 17.1454 20.0747 2.39999
      vertex 16.3441 20.7324 0.599991
    endloop
  endfacet
  facet normal 0.634445 0.772968 0
    outer loop
      vertex 17.1454 20.0747 2.39999
      vertex 17.1454 20.0747 0.599991
      vertex 16.3441 20.7324 0.599991
    endloop
  endfacet
  facet normal -0 0 1
    outer loop
      vertex 15.1059 19.1617 2.39999
      vertex 15.8465 18.5539 2.39999
      vertex 16.3441 20.7324 2.39999
    endloop
  endfacet
  facet normal 0 0 1
    outer loop
      vertex 15.8465 18.5539 2.39999
      vertex 17.1454 20.0747 2.39999
      vertex 16.3441 20.7324 2.39999
    endloop
  endfacet
  facet normal 0.634397 0.773008 0
    outer loop
      vertex 15.1059 19.1617 8
      vertex 15.8465 18.5539 8
      vertex 15.1059 19.1617 2.39999
    endloop
  endfacet
  facet normal 0.634397 0.773008 0
    outer loop
      vertex 15.8465 18.5539 8
      vertex 15.8465 18.5539 2.39999
      vertex 15.1059 19.1617 2.39999
    endloop
  endfacet
  facet normal 0.560488 0.68289 -0.468523
    outer loop
      vertex 24.1694 30.6588 35.6
      vertex 25.3544 29.6862 35.6
      vertex 15.1059 19.1617 8
    endloop
  endfacet
  facet normal 0.560459 0.682915 -0.468522
    outer loop
      vertex 25.3544 29.6862 35.6
      vertex 15.8465 18.5539 8
      vertex 15.1059 19.1617 8
    endloop
  endfacet
  facet normal 0.634431 0.77298 0
    outer loop
      vertex 24.1694 30.6588 37.2
      vertex 25.3544 29.6862 37.2
      vertex 24.1694 30.6588 35.6
    endloop
  endfacet
  facet normal 0.634431 0.77298 0
    outer loop
      vertex 25.3544 29.6862 37.2
      vertex 25.3544 29.6862 35.6
      vertex 24.1694 30.6588 35.6
    endloop
  endfacet
  facet normal 0.4486 0.546646 0.707062
    outer loop
      vertex 23.6741 30.0305 38
      vertex 24.8349 29.0779 38
      vertex 24.1694 30.6588 37.2
    endloop
  endfacet
  facet normal 0.448669 0.546651 0.707014
    outer loop
      vertex 24.8349 29.0779 38
      vertex 25.3544 29.6862 37.2
      vertex 24.1694 30.6588 37.2
    endloop
  endfacet
  facet normal -0 0 1
    outer loop
      vertex 23.0551 29.2452 38
      vertex 24.1854 28.3175 38
      vertex 23.6741 30.0305 38
    endloop
  endfacet
  facet normal 0 -0 1
    outer loop
      vertex 24.1854 28.3175 38
      vertex 24.8349 29.0779 38
      vertex 23.6741 30.0305 38
    endloop
  endfacet
  facet normal -0.634429 -0.772981 0
    outer loop
      vertex 23.0551 29.2452 35.6
      vertex 24.1854 28.3175 35.6
      vertex 23.0551 29.2452 38
    endloop
  endfacet
  facet normal -0.634429 -0.772981 0
    outer loop
      vertex 24.1854 28.3175 35.6
      vertex 24.1854 28.3175 38
      vertex 23.0551 29.2452 38
    endloop
  endfacet
  facet normal -0.560464 -0.68291 0.468523
    outer loop
      vertex 13.9915 17.7482 8
      vertex 14.6775 17.1852 8
      vertex 23.0551 29.2452 35.6
    endloop
  endfacet
  facet normal -0.560487 -0.682892 0.468522
    outer loop
      vertex 14.6775 17.1852 8
      vertex 24.1854 28.3175 35.6
      vertex 23.0551 29.2452 35.6
    endloop
  endfacet
  facet normal -0.634403 -0.773003 0
    outer loop
      vertex 13.9915 17.7482 0
      vertex 14.6775 17.1852 0
      vertex 13.9915 17.7482 8
    endloop
  endfacet
  facet normal -0.634403 -0.773003 0
    outer loop
      vertex 14.6775 17.1852 0
      vertex 14.6775 17.1852 8
      vertex 13.9915 17.7482 8
    endloop
  endfacet
  facet normal 0 -0 -1
    outer loop
      vertex 14.7344 18.6905 0
      vertex 15.4569 18.0977 0
      vertex 13.9915 17.7482 0
    endloop
  endfacet
  facet normal 0 0 -1
    outer loop
      vertex 15.4569 18.0977 0
      vertex 14.6775 17.1852 0
      vertex 13.9915 17.7482 0
    endloop
  endfacet
  facet normal 0.448613 0.546632 -0.707065
    outer loop
      vertex 15.1059 19.1617 0.599991
      vertex 15.8465 18.5539 0.599991
      vertex 14.7344 18.6905 0
    endloop
  endfacet
  facet normal 0.44859 0.546737 -0.706998
    outer loop
      vertex 15.8465 18.5539 0.599991
      vertex 15.4569 18.0977 0
      vertex 14.7344 18.6905 0
    endloop
  endfacet
  facet normal 0 -0 -1
    outer loop
      vertex 17.1454 20.0747 0.599991
      vertex 17.9203 19.3861 0.599991
      vertex 15.8465 18.5539 0.599991
    endloop
  endfacet
  facet normal 0 0 -1
    outer loop
      vertex 17.9203 19.3861 0.599991
      vertex 16.5627 17.9175 0.599991
      vertex 15.8465 18.5539 0.599991
    endloop
  endfacet
  facet normal 0.664256 0.747505 0
    outer loop
      vertex 17.1454 20.0747 2.39999
      vertex 17.9203 19.3861 2.39999
      vertex 17.1454 20.0747 0.599991
    endloop
  endfacet
  facet normal 0.664256 0.747505 0
    outer loop
      vertex 17.9203 19.3861 2.39999
      vertex 17.9203 19.3861 0.599991
      vertex 17.1454 20.0747 0.599991
    endloop
  endfacet
  facet normal -0 0 1
    outer loop
      vertex 15.8465 18.5539 2.39999
      vertex 16.5627 17.9175 2.39999
      vertex 17.1454 20.0747 2.39999
    endloop
  endfacet
  facet normal 0 0 1
    outer loop
      vertex 16.5627 17.9175 2.39999
      vertex 17.9203 19.3861 2.39999
      vertex 17.1454 20.0747 2.39999
    endloop
  endfacet
  facet normal 0.664234 0.747524 0
    outer loop
      vertex 15.8465 18.5539 8
      vertex 16.5627 17.9175 8
      vertex 15.8465 18.5539 2.39999
    endloop
  endfacet
  facet normal 0.664234 0.747524 0
    outer loop
      vertex 16.5627 17.9175 8
      vertex 16.5627 17.9175 2.39999
      vertex 15.8465 18.5539 2.39999
    endloop
  endfacet
  facet normal 0.586815 0.660405 -0.468522
    outer loop
      vertex 25.3544 29.6862 35.6
      vertex 26.5004 28.6679 35.6
      vertex 15.8465 18.5539 8
    endloop
  endfacet
  facet normal 0.586819 0.660402 -0.468522
    outer loop
      vertex 26.5004 28.6679 35.6
      vertex 16.5627 17.9175 8
      vertex 15.8465 18.5539 8
    endloop
  endfacet
  facet normal 0.66423 0.747528 0
    outer loop
      vertex 25.3544 29.6862 37.2
      vertex 26.5004 28.6679 37.2
      vertex 25.3544 29.6862 35.6
    endloop
  endfacet
  facet normal 0.66423 0.747528 0
    outer loop
      vertex 26.5004 28.6679 37.2
      vertex 26.5004 28.6679 35.6
      vertex 25.3544 29.6862 35.6
    endloop
  endfacet
  facet normal 0.469762 0.528636 0.707013
    outer loop
      vertex 24.8349 29.0779 38
      vertex 25.9573 28.0805 38
      vertex 25.3544 29.6862 37.2
    endloop
  endfacet
  facet normal 0.469728 0.528635 0.707037
    outer loop
      vertex 25.9573 28.0805 38
      vertex 26.5004 28.6679 37.2
      vertex 25.3544 29.6862 37.2
    endloop
  endfacet
  facet normal -0 0 1
    outer loop
      vertex 24.1854 28.3175 38
      vertex 25.2785 27.3462 38
      vertex 24.8349 29.0779 38
    endloop
  endfacet
  facet normal 0 -0 1
    outer loop
      vertex 25.2785 27.3462 38
      vertex 25.9573 28.0805 38
      vertex 24.8349 29.0779 38
    endloop
  endfacet
  facet normal -0.664232 -0.747526 0
    outer loop
      vertex 24.1854 28.3175 35.6
      vertex 25.2785 27.3462 35.6
      vertex 24.1854 28.3175 38
    endloop
  endfacet
  facet normal -0.664232 -0.747526 0
    outer loop
      vertex 25.2785 27.3462 35.6
      vertex 25.2785 27.3462 38
      vertex 24.1854 28.3175 38
    endloop
  endfacet
  facet normal -0.586828 -0.660394 0.468522
    outer loop
      vertex 14.6775 17.1852 8
      vertex 15.3409 16.5957 8
      vertex 24.1854 28.3175 35.6
    endloop
  endfacet
  facet normal -0.586817 -0.660403 0.468522
    outer loop
      vertex 15.3409 16.5957 8
      vertex 25.2785 27.3462 35.6
      vertex 24.1854 28.3175 35.6
    endloop
  endfacet
  facet normal -0.664245 -0.747515 0
    outer loop
      vertex 14.6775 17.1852 0
      vertex 15.3409 16.5957 0
      vertex 14.6775 17.1852 8
    endloop
  endfacet
  facet normal -0.664245 -0.747515 0
    outer loop
      vertex 15.3409 16.5957 0
      vertex 15.3409 16.5957 8
      vertex 14.6775 17.1852 8
    endloop
  endfacet
  facet normal 0 -0 -1
    outer loop
      vertex 15.4569 18.0977 0
      vertex 16.1554 17.4769 0
      vertex 14.6775 17.1852 0
    endloop
  endfacet
  facet normal 0 0 -1
    outer loop
      vertex 16.1554 17.4769 0
      vertex 15.3409 16.5957 0
      vertex 14.6775 17.1852 0
    endloop
  endfacet
  facet normal 0.469757 0.528661 -0.706998
    outer loop
      vertex 15.8465 18.5539 0.599991
      vertex 16.5627 17.9175 0.599991
      vertex 15.4569 18.0977 0
    endloop
  endfacet
  facet normal 0.469773 0.52857 -0.707055
    outer loop
      vertex 16.5627 17.9175 0.599991
      vertex 16.1554 17.4769 0
      vertex 15.4569 18.0977 0
    endloop
  endfacet
  facet normal 0 -0 -1
    outer loop
      vertex 17.9203 19.3861 0.599991
      vertex 18.6676 18.6676 0.599991
      vertex 16.5627 17.9175 0.599991
    endloop
  endfacet
  facet normal 0 0 -1
    outer loop
      vertex 18.6676 18.6676 0.599991
      vertex 17.2534 17.2534 0.599991
      vertex 16.5627 17.9175 0.599991
    endloop
  endfacet
  facet normal 0.69308 0.720861 0
    outer loop
      vertex 17.9203 19.3861 2.39999
      vertex 18.6676 18.6676 2.39999
      vertex 17.9203 19.3861 0.599991
    endloop
  endfacet
  facet normal 0.69308 0.720861 0
    outer loop
      vertex 18.6676 18.6676 2.39999
      vertex 18.6676 18.6676 0.599991
      vertex 17.9203 19.3861 0.599991
    endloop
  endfacet
  facet normal -0 0 1
    outer loop
      vertex 16.5627 17.9175 2.39999
      vertex 17.2534 17.2534 2.39999
      vertex 17.9203 19.3861 2.39999
    endloop
  endfacet
  facet normal 0 0 1
    outer loop
      vertex 17.2534 17.2534 2.39999
      vertex 18.6676 18.6676 2.39999
      vertex 17.9203 19.3861 2.39999
    endloop
  endfacet
  facet normal 0.69309 0.720851 0
    outer loop
      vertex 16.5627 17.9175 8
      vertex 17.2534 17.2534 8
      vertex 16.5627 17.9175 2.39999
    endloop
  endfacet
  facet normal 0.69309 0.720851 0
    outer loop
      vertex 17.2534 17.2534 8
      vertex 17.2534 17.2534 2.39999
      vertex 16.5627 17.9175 2.39999
    endloop
  endfacet
  facet normal 0.612328 0.636821 -0.468522
    outer loop
      vertex 26.5004 28.6679 35.6
      vertex 27.6054 27.6054 35.6
      vertex 16.5627 17.9175 8
    endloop
  endfacet
  facet normal 0.612312 0.636837 -0.468521
    outer loop
      vertex 27.6054 27.6054 35.6
      vertex 17.2534 17.2534 8
      vertex 16.5627 17.9175 8
    endloop
  endfacet
  facet normal 0.693109 0.720833 0
    outer loop
      vertex 26.5004 28.6679 37.2
      vertex 27.6054 27.6054 37.2
      vertex 26.5004 28.6679 35.6
    endloop
  endfacet
  facet normal 0.693109 0.720833 0
    outer loop
      vertex 27.6054 27.6054 37.2
      vertex 27.6054 27.6054 35.6
      vertex 26.5004 28.6679 35.6
    endloop
  endfacet
  facet normal 0.490109 0.509794 0.707039
    outer loop
      vertex 25.9573 28.0805 38
      vertex 27.0398 27.0398 38
      vertex 26.5004 28.6679 37.2
    endloop
  endfacet
  facet normal 0.490186 0.509793 0.706985
    outer loop
      vertex 27.0398 27.0398 38
      vertex 27.6054 27.6054 37.2
      vertex 26.5004 28.6679 37.2
    endloop
  endfacet
  facet normal -0 0 1
    outer loop
      vertex 25.2785 27.3462 38
      vertex 26.3326 26.3326 38
      vertex 25.9573 28.0805 38
    endloop
  endfacet
  facet normal 0 -0 1
    outer loop
      vertex 26.3326 26.3326 38
      vertex 27.0398 27.0398 38
      vertex 25.9573 28.0805 38
    endloop
  endfacet
  facet normal -0.693124 -0.720819 0
    outer loop
      vertex 25.2785 27.3462 35.6
      vertex 26.3326 26.3326 35.6
      vertex 25.2785 27.3462 38
    endloop
  endfacet
  facet normal -0.693124 -0.720819 0
    outer loop
      vertex 26.3326 26.3326 35.6
      vertex 26.3326 26.3326 38
      vertex 25.2785 27.3462 38
    endloop
  endfacet
  facet normal -0.61233 -0.636819 0.468522
    outer loop
      vertex 15.3409 16.5957 8
      vertex 15.9806 15.9806 8
      vertex 25.2785 27.3462 35.6
    endloop
  endfacet
  facet normal -0.612342 -0.636809 0.468522
    outer loop
      vertex 15.9806 15.9806 8
      vertex 26.3326 26.3326 35.6
      vertex 25.2785 27.3462 35.6
    endloop
  endfacet
  facet normal -0.693111 -0.720831 0
    outer loop
      vertex 15.3409 16.5957 0
      vertex 15.9806 15.9806 0
      vertex 15.3409 16.5957 8
    endloop
  endfacet
  facet normal -0.693111 -0.720831 0
    outer loop
      vertex 15.9806 15.9806 0
      vertex 15.9806 15.9806 8
      vertex 15.3409 16.5957 8
    endloop
  endfacet
  facet normal 0 -0 -1
    outer loop
      vertex 16.1554 17.4769 0
      vertex 16.8291 16.8291 0
      vertex 15.3409 16.5957 0
    endloop
  endfacet
  facet normal 0 0 -1
    outer loop
      vertex 16.8291 16.8291 0
      vertex 15.9806 15.9806 0
      vertex 15.3409 16.5957 0
    endloop
  endfacet
  facet normal 0.490125 0.509756 -0.707055
    outer loop
      vertex 16.5627 17.9175 0.599991
      vertex 17.2534 17.2534 0.599991
      vertex 16.1554 17.4769 0
    endloop
  endfacet
  facet normal 0.490129 0.509725 -0.707074
    outer loop
      vertex 17.2534 17.2534 0.599991
      vertex 16.8291 16.8291 0
      vertex 16.1554 17.4769 0
    endloop
  endfacet
  facet normal 0 -0 -1
    outer loop
      vertex 18.6676 18.6676 0.599991
      vertex 19.3861 17.9203 0.599991
      vertex 17.2534 17.2534 0.599991
    endloop
  endfacet
  facet normal 0 0 -1
    outer loop
      vertex 19.3861 17.9203 0.599991
      vertex 17.9175 16.5627 0.599991
      vertex 17.2534 17.2534 0.599991
    endloop
  endfacet
  facet normal 0.720861 0.69308 0
    outer loop
      vertex 18.6676 18.6676 2.39999
      vertex 19.3861 17.9203 2.39999
      vertex 18.6676 18.6676 0.599991
    endloop
  endfacet
  facet normal 0.720861 0.69308 0
    outer loop
      vertex 19.3861 17.9203 2.39999
      vertex 19.3861 17.9203 0.599991
      vertex 18.6676 18.6676 0.599991
    endloop
  endfacet
  facet normal -0 0 1
    outer loop
      vertex 17.2534 17.2534 2.39999
      vertex 17.9175 16.5627 2.39999
      vertex 18.6676 18.6676 2.39999
    endloop
  endfacet
  facet normal 0 0 1
    outer loop
      vertex 17.9175 16.5627 2.39999
      vertex 19.3861 17.9203 2.39999
      vertex 18.6676 18.6676 2.39999
    endloop
  endfacet
  facet normal 0.720851 0.69309 0
    outer loop
      vertex 17.2534 17.2534 8
      vertex 17.9175 16.5627 8
      vertex 17.2534 17.2534 2.39999
    endloop
  endfacet
  facet normal 0.720851 0.69309 0
    outer loop
      vertex 17.9175 16.5627 8
      vertex 17.9175 16.5627 2.39999
      vertex 17.2534 17.2534 2.39999
    endloop
  endfacet
  facet normal 0.636821 0.612328 -0.468522
    outer loop
      vertex 27.6054 27.6054 35.6
      vertex 28.6679 26.5004 35.6
      vertex 17.2534 17.2534 8
    endloop
  endfacet
  facet normal 0.636837 0.612311 -0.468522
    outer loop
      vertex 28.6679 26.5004 35.6
      vertex 17.9175 16.5627 8
      vertex 17.2534 17.2534 8
    endloop
  endfacet
  facet normal 0.720833 0.693109 0
    outer loop
      vertex 27.6054 27.6054 37.2
      vertex 28.6679 26.5004 37.2
      vertex 27.6054 27.6054 35.6
    endloop
  endfacet
  facet normal 0.720833 0.693109 0
    outer loop
      vertex 28.6679 26.5004 37.2
      vertex 28.6679 26.5004 35.6
      vertex 27.6054 27.6054 35.6
    endloop
  endfacet
  facet normal 0.509833 0.490146 0.706985
    outer loop
      vertex 27.0398 27.0398 38
      vertex 28.0805 25.9573 38
      vertex 27.6054 27.6054 37.2
    endloop
  endfacet
  facet normal 0.509755 0.490149 0.707038
    outer loop
      vertex 28.0805 25.9573 38
      vertex 28.6679 26.5004 37.2
      vertex 27.6054 27.6054 37.2
    endloop
  endfacet
  facet normal -0 0 1
    outer loop
      vertex 26.3326 26.3326 38
      vertex 27.3462 25.2785 38
      vertex 27.0398 27.0398 38
    endloop
  endfacet
  facet normal 0 -0 1
    outer loop
      vertex 27.3462 25.2785 38
      vertex 28.0805 25.9573 38
      vertex 27.0398 27.0398 38
    endloop
  endfacet
  facet normal -0.720819 -0.693124 0
    outer loop
      vertex 26.3326 26.3326 35.6
      vertex 27.3462 25.2785 35.6
      vertex 26.3326 26.3326 38
    endloop
  endfacet
  facet normal -0.720819 -0.693124 0
    outer loop
      vertex 27.3462 25.2785 35.6
      vertex 27.3462 25.2785 38
      vertex 26.3326 26.3326 38
    endloop
  endfacet
  facet normal -0.636819 -0.61233 0.468522
    outer loop
      vertex 15.9806 15.9806 8
      vertex 16.5957 15.3409 8
      vertex 26.3326 26.3326 35.6
    endloop
  endfacet
  facet normal -0.636808 -0.612341 0.468522
    outer loop
      vertex 16.5957 15.3409 8
      vertex 27.3462 25.2785 35.6
      vertex 26.3326 26.3326 35.6
    endloop
  endfacet
  facet normal -0.720831 -0.693111 0
    outer loop
      vertex 15.9806 15.9806 0
      vertex 16.5957 15.3409 0
      vertex 15.9806 15.9806 8
    endloop
  endfacet
  facet normal -0.720831 -0.693111 0
    outer loop
      vertex 16.5957 15.3409 0
      vertex 16.5957 15.3409 8
      vertex 15.9806 15.9806 8
    endloop
  endfacet
  facet normal 0 -0 -1
    outer loop
      vertex 16.8291 16.8291 0
      vertex 17.4769 16.1554 0
      vertex 15.9806 15.9806 0
    endloop
  endfacet
  facet normal 0 0 -1
    outer loop
      vertex 17.4769 16.1554 0
      vertex 16.5957 15.3409 0
      vertex 15.9806 15.9806 0
    endloop
  endfacet
  facet normal 0.509742 0.490111 -0.707074
    outer loop
      vertex 17.2534 17.2534 0.599991
      vertex 17.9175 16.5627 0.599991
      vertex 16.8291 16.8291 0
    endloop
  endfacet
  facet normal 0.509739 0.490143 -0.707054
    outer loop
      vertex 17.9175 16.5627 0.599991
      vertex 17.4769 16.1554 0
      vertex 16.8291 16.8291 0
    endloop
  endfacet
  facet normal 0 -0 -1
    outer loop
      vertex 19.3861 17.9203 0.599991
      vertex 20.0747 17.1454 0.599991
      vertex 17.9175 16.5627 0.599991
    endloop
  endfacet
  facet normal 0 0 -1
    outer loop
      vertex 20.0747 17.1454 0.599991
      vertex 18.5539 15.8465 0.599991
      vertex 17.9175 16.5627 0.599991
    endloop
  endfacet
  facet normal 0.747505 0.664256 0
    outer loop
      vertex 19.3861 17.9203 2.39999
      vertex 20.0747 17.1454 2.39999
      vertex 19.3861 17.9203 0.599991
    endloop
  endfacet
  facet normal 0.747505 0.664256 0
    outer loop
      vertex 20.0747 17.1454 2.39999
      vertex 20.0747 17.1454 0.599991
      vertex 19.3861 17.9203 0.599991
    endloop
  endfacet
  facet normal -0 0 1
    outer loop
      vertex 17.9175 16.5627 2.39999
      vertex 18.5539 15.8465 2.39999
      vertex 19.3861 17.9203 2.39999
    endloop
  endfacet
  facet normal 0 0 1
    outer loop
      vertex 18.5539 15.8465 2.39999
      vertex 20.0747 17.1454 2.39999
      vertex 19.3861 17.9203 2.39999
    endloop
  endfacet
  facet normal 0.747524 0.664234 0
    outer loop
      vertex 17.9175 16.5627 8
      vertex 18.5539 15.8465 8
      vertex 17.9175 16.5627 2.39999
    endloop
  endfacet
  facet normal 0.747524 0.664234 0
    outer loop
      vertex 18.5539 15.8465 8
      vertex 18.5539 15.8465 2.39999
      vertex 17.9175 16.5627 2.39999
    endloop
  endfacet
  facet normal 0.660405 0.586815 -0.468522
    outer loop
      vertex 28.6679 26.5004 35.6
      vertex 29.6862 25.3544 35.6
      vertex 17.9175 16.5627 8
    endloop
  endfacet
  facet normal 0.660402 0.586819 -0.468522
    outer loop
      vertex 29.6862 25.3544 35.6
      vertex 18.5539 15.8465 8
      vertex 17.9175 16.5627 8
    endloop
  endfacet
  facet normal 0.747528 0.66423 0
    outer loop
      vertex 28.6679 26.5004 37.2
      vertex 29.6862 25.3544 37.2
      vertex 28.6679 26.5004 35.6
    endloop
  endfacet
  facet normal 0.747528 0.66423 0
    outer loop
      vertex 29.6862 25.3544 37.2
      vertex 29.6862 25.3544 35.6
      vertex 28.6679 26.5004 35.6
    endloop
  endfacet
  facet normal 0.528618 0.469747 0.707037
    outer loop
      vertex 28.0805 25.9573 38
      vertex 29.0779 24.8349 38
      vertex 28.6679 26.5004 37.2
    endloop
  endfacet
  facet normal 0.528652 0.469744 0.707013
    outer loop
      vertex 29.0779 24.8349 38
      vertex 29.6862 25.3544 37.2
      vertex 28.6679 26.5004 37.2
    endloop
  endfacet
  facet normal -0 0 1
    outer loop
      vertex 27.3462 25.2785 38
      vertex 28.3175 24.1854 38
      vertex 28.0805 25.9573 38
    endloop
  endfacet
  facet normal 0 -0 1
    outer loop
      vertex 28.3175 24.1854 38
      vertex 29.0779 24.8349 38
      vertex 28.0805 25.9573 38
    endloop
  endfacet
  facet normal -0.747526 -0.664232 0
    outer loop
      vertex 27.3462 25.2785 35.6
      vertex 28.3175 24.1854 35.6
      vertex 27.3462 25.2785 38
    endloop
  endfacet
  facet normal -0.747526 -0.664232 0
    outer loop
      vertex 28.3175 24.1854 35.6
      vertex 28.3175 24.1854 38
      vertex 27.3462 25.2785 38
    endloop
  endfacet
  facet normal -0.660393 -0.586828 0.468523
    outer loop
      vertex 16.5957 15.3409 8
      vertex 17.1852 14.6775 8
      vertex 27.3462 25.2785 35.6
    endloop
  endfacet
  facet normal -0.660403 -0.586817 0.468522
    outer loop
      vertex 17.1852 14.6775 8
      vertex 28.3175 24.1854 35.6
      vertex 27.3462 25.2785 35.6
    endloop
  endfacet
  facet normal -0.747515 -0.664245 0
    outer loop
      vertex 16.5957 15.3409 0
      vertex 17.1852 14.6775 0
      vertex 16.5957 15.3409 8
    endloop
  endfacet
  facet normal -0.747515 -0.664245 0
    outer loop
      vertex 17.1852 14.6775 0
      vertex 17.1852 14.6775 8
      vertex 16.5957 15.3409 8
    endloop
  endfacet
  facet normal 0 -0 -1
    outer loop
      vertex 17.4769 16.1554 0
      vertex 18.0977 15.4569 0
      vertex 16.5957 15.3409 0
    endloop
  endfacet
  facet normal 0 0 -1
    outer loop
      vertex 18.0977 15.4569 0
      vertex 17.1852 14.6775 0
      vertex 16.5957 15.3409 0
    endloop
  endfacet
  facet normal 0.528619 0.469719 -0.707054
    outer loop
      vertex 17.9175 16.5627 0.599991
      vertex 18.5539 15.8465 0.599991
      vertex 17.4769 16.1554 0
    endloop
  endfacet
  facet normal 0.528613 0.469811 -0.706997
    outer loop
      vertex 18.5539 15.8465 0.599991
      vertex 18.0977 15.4569 0
      vertex 17.4769 16.1554 0
    endloop
  endfacet
  facet normal 0 -0 -1
    outer loop
      vertex 20.0747 17.1454 0.599991
      vertex 20.7324 16.3441 0.599991
      vertex 18.5539 15.8465 0.599991
    endloop
  endfacet
  facet normal 0 0 -1
    outer loop
      vertex 20.7324 16.3441 0.599991
      vertex 19.1617 15.1059 0.599991
      vertex 18.5539 15.8465 0.599991
    endloop
  endfacet
  facet normal 0.772968 0.634445 0
    outer loop
      vertex 20.0747 17.1454 2.39999
      vertex 20.7324 16.3441 2.39999
      vertex 20.0747 17.1454 0.599991
    endloop
  endfacet
  facet normal 0.772968 0.634445 0
    outer loop
      vertex 20.7324 16.3441 2.39999
      vertex 20.7324 16.3441 0.599991
      vertex 20.0747 17.1454 0.599991
    endloop
  endfacet
  facet normal -0 0 1
    outer loop
      vertex 18.5539 15.8465 2.39999
      vertex 19.1617 15.1059 2.39999
      vertex 20.0747 17.1454 2.39999
    endloop
  endfacet
  facet normal 0 0 1
    outer loop
      vertex 19.1617 15.1059 2.39999
      vertex 20.7324 16.3441 2.39999
      vertex 20.0747 17.1454 2.39999
    endloop
  endfacet
  facet normal 0.773008 0.634397 0
    outer loop
      vertex 18.5539 15.8465 8
      vertex 19.1617 15.1059 8
      vertex 18.5539 15.8465 2.39999
    endloop
  endfacet
  facet normal 0.773008 0.634397 0
    outer loop
      vertex 19.1617 15.1059 8
      vertex 19.1617 15.1059 2.39999
      vertex 18.5539 15.8465 2.39999
    endloop
  endfacet
  facet normal 0.68289 0.560489 -0.468522
    outer loop
      vertex 29.6862 25.3544 35.6
      vertex 30.6588 24.1694 35.6
      vertex 18.5539 15.8465 8
    endloop
  endfacet
  facet normal 0.682914 0.560458 -0.468524
    outer loop
      vertex 30.6588 24.1694 35.6
      vertex 19.1617 15.1059 8
      vertex 18.5539 15.8465 8
    endloop
  endfacet
  facet normal 0.77298 0.634431 0
    outer loop
      vertex 29.6862 25.3544 37.2
      vertex 30.6588 24.1694 37.2
      vertex 29.6862 25.3544 35.6
    endloop
  endfacet
  facet normal 0.77298 0.634431 0
    outer loop
      vertex 30.6588 24.1694 37.2
      vertex 30.6588 24.1694 35.6
      vertex 29.6862 25.3544 35.6
    endloop
  endfacet
  facet normal 0.546683 0.448631 0.707014
    outer loop
      vertex 29.0779 24.8349 38
      vertex 30.0305 23.6741 38
      vertex 29.6862 25.3544 37.2
    endloop
  endfacet
  facet normal 0.546615 0.448639 0.707061
    outer loop
      vertex 30.0305 23.6741 38
      vertex 30.6588 24.1694 37.2
      vertex 29.6862 25.3544 37.2
    endloop
  endfacet
  facet normal -0 0 1
    outer loop
      vertex 28.3175 24.1854 38
      vertex 29.2452 23.0551 38
      vertex 29.0779 24.8349 38
    endloop
  endfacet
  facet normal 0 -0 1
    outer loop
      vertex 29.2452 23.0551 38
      vertex 30.0305 23.6741 38
      vertex 29.0779 24.8349 38
    endloop
  endfacet
  facet normal -0.772981 -0.634429 0
    outer loop
      vertex 28.3175 24.1854 35.6
      vertex 29.2452 23.0551 35.6
      vertex 28.3175 24.1854 38
    endloop
  endfacet
  facet normal -0.772981 -0.634429 0
    outer loop
      vertex 29.2452 23.0551 35.6
      vertex 29.2452 23.0551 38
      vertex 28.3175 24.1854 38
    endloop
  endfacet
  facet normal -0.682911 -0.560464 0.468522
    outer loop
      vertex 17.1852 14.6775 8
      vertex 17.7482 13.9915 8
      vertex 28.3175 24.1854 35.6
    endloop
  endfacet
  facet normal -0.682891 -0.560487 0.468523
    outer loop
      vertex 17.7482 13.9915 8
      vertex 29.2452 23.0551 35.6
      vertex 28.3175 24.1854 35.6
    endloop
  endfacet
  facet normal -0.773003 -0.634403 0
    outer loop
      vertex 17.1852 14.6775 0
      vertex 17.7482 13.9915 0
      vertex 17.1852 14.6775 8
    endloop
  endfacet
  facet normal -0.773003 -0.634403 0
    outer loop
      vertex 17.7482 13.9915 0
      vertex 17.7482 13.9915 8
      vertex 17.1852 14.6775 8
    endloop
  endfacet
  facet normal 0 -0 -1
    outer loop
      vertex 18.0977 15.4569 0
      vertex 18.6905 14.7344 0
      vertex 17.1852 14.6775 0
    endloop
  endfacet
  facet normal 0 0 -1
    outer loop
      vertex 18.6905 14.7344 0
      vertex 17.7482 13.9915 0
      vertex 17.1852 14.6775 0
    endloop
  endfacet
  facet normal 0.546683 0.448655 -0.706998
    outer loop
      vertex 18.5539 15.8465 0.599991
      vertex 19.1617 15.1059 0.599991
      vertex 18.0977 15.4569 0
    endloop
  endfacet
  facet normal 0.546685 0.448546 -0.707066
    outer loop
      vertex 19.1617 15.1059 0.599991
      vertex 18.6905 14.7344 0
      vertex 18.0977 15.4569 0
    endloop
  endfacet
  facet normal 0 -0 -1
    outer loop
      vertex 20.7324 16.3441 0.599991
      vertex 21.358 15.5175 0.599991
      vertex 19.1617 15.1059 0.599991
    endloop
  endfacet
  facet normal 0 0 -1
    outer loop
      vertex 21.358 15.5175 0.599991
      vertex 19.74 14.342 0.599991
      vertex 19.1617 15.1059 0.599991
    endloop
  endfacet
  facet normal 0.797376 0.603482 0
    outer loop
      vertex 20.7324 16.3441 2.39999
      vertex 21.358 15.5175 2.39999
      vertex 20.7324 16.3441 0.599991
    endloop
  endfacet
  facet normal 0.797376 0.603482 0
    outer loop
      vertex 21.358 15.5175 2.39999
      vertex 21.358 15.5175 0.599991
      vertex 20.7324 16.3441 0.599991
    endloop
  endfacet
  facet normal -0 0 1
    outer loop
      vertex 19.1617 15.1059 2.39999
      vertex 19.74 14.342 2.39999
      vertex 20.7324 16.3441 2.39999
    endloop
  endfacet
  facet normal 0 0 1
    outer loop
      vertex 19.74 14.342 2.39999
      vertex 21.358 15.5175 2.39999
      vertex 20.7324 16.3441 2.39999
    endloop
  endfacet
  facet normal 0.797299 0.603584 0
    outer loop
      vertex 19.1617 15.1059 8
      vertex 19.74 14.342 8
      vertex 19.1617 15.1059 2.39999
    endloop
  endfacet
  facet normal 0.797299 0.603584 0
    outer loop
      vertex 19.74 14.342 8
      vertex 19.74 14.342 2.39999
      vertex 19.1617 15.1059 2.39999
    endloop
  endfacet
  facet normal 0.70441 0.533191 -0.468523
    outer loop
      vertex 30.6588 24.1694 35.6
      vertex 31.584 22.9471 35.6
      vertex 19.1617 15.1059 8
    endloop
  endfacet
  facet normal 0.704376 0.533238 -0.468521
    outer loop
      vertex 31.584 22.9471 35.6
      vertex 19.74 14.342 8
      vertex 19.1617 15.1059 8
    endloop
  endfacet
  facet normal 0.797339 0.603532 0
    outer loop
      vertex 30.6588 24.1694 37.2
      vertex 31.584 22.9471 37.2
      vertex 30.6588 24.1694 35.6
    endloop
  endfacet
  facet normal 0.797339 0.603532 0
    outer loop
      vertex 31.584 22.9471 37.2
      vertex 31.584 22.9471 35.6
      vertex 30.6588 24.1694 35.6
    endloop
  endfacet
  facet normal 0.563817 0.426819 0.707062
    outer loop
      vertex 30.0305 23.6741 38
      vertex 30.9368 22.4769 38
      vertex 30.6588 24.1694 37.2
    endloop
  endfacet
  facet normal 0.563867 0.42681 0.707027
    outer loop
      vertex 30.9368 22.4769 38
      vertex 31.584 22.9471 37.2
      vertex 30.6588 24.1694 37.2
    endloop
  endfacet
  facet normal -0 0 1
    outer loop
      vertex 29.2452 23.0551 38
      vertex 30.1278 21.8891 38
      vertex 30.0305 23.6741 38
    endloop
  endfacet
  facet normal 0 -0 1
    outer loop
      vertex 30.1278 21.8891 38
      vertex 30.9368 22.4769 38
      vertex 30.0305 23.6741 38
    endloop
  endfacet
  facet normal -0.797333 -0.603539 0
    outer loop
      vertex 29.2452 23.0551 35.6
      vertex 30.1278 21.8891 35.6
      vertex 29.2452 23.0551 38
    endloop
  endfacet
  facet normal -0.797333 -0.603539 0
    outer loop
      vertex 30.1278 21.8891 35.6
      vertex 30.1278 21.8891 38
      vertex 29.2452 23.0551 38
    endloop
  endfacet
  facet normal -0.704413 -0.533188 0.468523
    outer loop
      vertex 17.7482 13.9915 8
      vertex 18.2838 13.2839 8
      vertex 29.2452 23.0551 35.6
    endloop
  endfacet
  facet normal -0.704405 -0.533197 0.468523
    outer loop
      vertex 18.2838 13.2839 8
      vertex 30.1278 21.8891 35.6
      vertex 29.2452 23.0551 35.6
    endloop
  endfacet
  facet normal -0.797342 -0.603528 0
    outer loop
      vertex 17.7482 13.9915 0
      vertex 18.2838 13.2839 0
      vertex 17.7482 13.9915 8
    endloop
  endfacet
  facet normal -0.797342 -0.603528 0
    outer loop
      vertex 18.2838 13.2839 0
      vertex 18.2838 13.2839 8
      vertex 17.7482 13.9915 8
    endloop
  endfacet
  facet normal 0 -0 -1
    outer loop
      vertex 18.6905 14.7344 0
      vertex 19.2546 13.9893 0
      vertex 17.7482 13.9915 0
    endloop
  endfacet
  facet normal -0 0 -1
    outer loop
      vertex 19.2546 13.9893 0
      vertex 18.2838 13.2839 0
      vertex 17.7482 13.9915 0
    endloop
  endfacet
  facet normal 0.563809 0.426824 -0.707064
    outer loop
      vertex 19.1617 15.1059 0.599991
      vertex 19.74 14.342 0.599991
      vertex 18.6905 14.7344 0
    endloop
  endfacet
  facet normal 0.56381 0.426849 -0.707049
    outer loop
      vertex 19.74 14.342 0.599991
      vertex 19.2546 13.9893 0
      vertex 18.6905 14.7344 0
    endloop
  endfacet
  facet normal 0 -0 -1
    outer loop
      vertex 21.358 15.5175 0.599991
      vertex 21.9508 14.6671 0.599991
      vertex 19.74 14.342 0.599991
    endloop
  endfacet
  facet normal 0 0 -1
    outer loop
      vertex 21.9508 14.6671 0.599991
      vertex 20.2879 13.5559 0.599991
      vertex 19.74 14.342 0.599991
    endloop
  endfacet
  facet normal 0.820354 0.571856 0
    outer loop
      vertex 21.358 15.5175 2.39999
      vertex 21.9508 14.6671 2.39999
      vertex 21.358 15.5175 0.599991
    endloop
  endfacet
  facet normal 0.820354 0.571856 0
    outer loop
      vertex 21.9508 14.6671 2.39999
      vertex 21.9508 14.6671 0.599991
      vertex 21.358 15.5175 0.599991
    endloop
  endfacet
  facet normal -0 0 1
    outer loop
      vertex 19.74 14.342 2.39999
      vertex 20.2879 13.5559 2.39999
      vertex 21.358 15.5175 2.39999
    endloop
  endfacet
  facet normal 0 0 1
    outer loop
      vertex 20.2879 13.5559 2.39999
      vertex 21.9508 14.6671 2.39999
      vertex 21.358 15.5175 2.39999
    endloop
  endfacet
  facet normal 0.820392 0.571801 0
    outer loop
      vertex 19.74 14.342 8
      vertex 20.2879 13.5559 8
      vertex 19.74 14.342 2.39999
    endloop
  endfacet
  facet normal 0.820392 0.571801 0
    outer loop
      vertex 20.2879 13.5559 8
      vertex 20.2879 13.5559 2.39999
      vertex 19.74 14.342 2.39999
    endloop
  endfacet
  facet normal 0.724758 0.505187 -0.468522
    outer loop
      vertex 31.584 22.9471 35.6
      vertex 32.4606 21.6895 35.6
      vertex 19.74 14.342 8
    endloop
  endfacet
  facet normal 0.724776 0.505158 -0.468523
    outer loop
      vertex 32.4606 21.6895 35.6
      vertex 20.2879 13.5559 8
      vertex 19.74 14.342 8
    endloop
  endfacet
  facet normal 0.82037 0.571833 0
    outer loop
      vertex 31.584 22.9471 37.2
      vertex 32.4606 21.6895 37.2
      vertex 31.584 22.9471 35.6
    endloop
  endfacet
  facet normal 0.82037 0.571833 0
    outer loop
      vertex 32.4606 21.6895 37.2
      vertex 32.4606 21.6895 35.6
      vertex 31.584 22.9471 35.6
    endloop
  endfacet
  facet normal 0.580174 0.404365 0.707027
    outer loop
      vertex 30.9368 22.4769 38
      vertex 31.7954 21.245 38
      vertex 31.584 22.9471 37.2
    endloop
  endfacet
  facet normal 0.580129 0.404375 0.707058
    outer loop
      vertex 31.7954 21.245 38
      vertex 32.4606 21.6895 37.2
      vertex 31.584 22.9471 37.2
    endloop
  endfacet
  facet normal -0 0 1
    outer loop
      vertex 30.1278 21.8891 38
      vertex 30.9639 20.6894 38
      vertex 30.9368 22.4769 38
    endloop
  endfacet
  facet normal 0 -0 1
    outer loop
      vertex 30.9639 20.6894 38
      vertex 31.7954 21.245 38
      vertex 30.9368 22.4769 38
    endloop
  endfacet
  facet normal -0.820416 -0.571768 0
    outer loop
      vertex 30.1278 21.8891 35.6
      vertex 30.9639 20.6894 35.6
      vertex 30.1278 21.8891 38
    endloop
  endfacet
  facet normal -0.820416 -0.571768 0
    outer loop
      vertex 30.9639 20.6894 35.6
      vertex 30.9639 20.6894 38
      vertex 30.1278 21.8891 38
    endloop
  endfacet
  facet normal -0.724779 -0.505155 0.468523
    outer loop
      vertex 18.2838 13.2839 8
      vertex 18.7912 12.5559 8
      vertex 30.1278 21.8891 35.6
    endloop
  endfacet
  facet normal -0.724798 -0.505129 0.468522
    outer loop
      vertex 18.7912 12.5559 8
      vertex 30.9639 20.6894 35.6
      vertex 30.1278 21.8891 35.6
    endloop
  endfacet
  facet normal -0.820395 -0.571797 0
    outer loop
      vertex 18.2838 13.2839 0
      vertex 18.7912 12.5559 0
      vertex 18.2838 13.2839 8
    endloop
  endfacet
  facet normal -0.820395 -0.571797 0
    outer loop
      vertex 18.7912 12.5559 0
      vertex 18.7912 12.5559 8
      vertex 18.2838 13.2839 8
    endloop
  endfacet
  facet normal 0 -0 -1
    outer loop
      vertex 19.2546 13.9893 0
      vertex 19.789 13.2226 0
      vertex 18.2838 13.2839 0
    endloop
  endfacet
  facet normal -0 0 -1
    outer loop
      vertex 19.789 13.2226 0
      vertex 18.7912 12.5559 0
      vertex 18.2838 13.2839 0
    endloop
  endfacet
  facet normal 0.580152 0.404358 -0.707049
    outer loop
      vertex 19.74 14.342 0.599991
      vertex 20.2879 13.5559 0.599991
      vertex 19.2546 13.9893 0
    endloop
  endfacet
  facet normal 0.580153 0.404375 -0.707038
    outer loop
      vertex 20.2879 13.5559 0.599991
      vertex 19.789 13.2226 0
      vertex 19.2546 13.9893 0
    endloop
  endfacet
  facet normal 0 -0 -1
    outer loop
      vertex 21.9508 14.6671 0.599991
      vertex 22.5097 13.794 0.599991
      vertex 20.2879 13.5559 0.599991
    endloop
  endfacet
  facet normal 0 0 -1
    outer loop
      vertex 22.5097 13.794 0.599991
      vertex 20.8044 12.749 0.599991
      vertex 20.2879 13.5559 0.599991
    endloop
  endfacet
  facet normal 0.842221 0.539133 0
    outer loop
      vertex 21.9508 14.6671 2.39999
      vertex 22.5097 13.794 2.39999
      vertex 21.9508 14.6671 0.599991
    endloop
  endfacet
  facet normal 0.842221 0.539133 0
    outer loop
      vertex 22.5097 13.794 2.39999
      vertex 22.5097 13.794 0.599991
      vertex 21.9508 14.6671 0.599991
    endloop
  endfacet
  facet normal -0 0 1
    outer loop
      vertex 20.2879 13.5559 2.39999
      vertex 20.8044 12.749 2.39999
      vertex 21.9508 14.6671 2.39999
    endloop
  endfacet
  facet normal 0 0 1
    outer loop
      vertex 20.8044 12.749 2.39999
      vertex 22.5097 13.794 2.39999
      vertex 21.9508 14.6671 2.39999
    endloop
  endfacet
  facet normal 0.842232 0.539116 0
    outer loop
      vertex 20.2879 13.5559 8
      vertex 20.8044 12.749 8
      vertex 20.2879 13.5559 2.39999
    endloop
  endfacet
  facet normal 0.842232 0.539116 0
    outer loop
      vertex 20.8044 12.749 8
      vertex 20.8044 12.749 2.39999
      vertex 20.2879 13.5559 2.39999
    endloop
  endfacet
  facet normal 0.744071 0.476282 -0.468523
    outer loop
      vertex 32.4606 21.6895 35.6
      vertex 33.2871 20.3983 35.6
      vertex 20.2879 13.5559 8
    endloop
  endfacet
  facet normal 0.744071 0.476283 -0.468523
    outer loop
      vertex 33.2871 20.3983 35.6
      vertex 20.8044 12.749 8
      vertex 20.2879 13.5559 8
    endloop
  endfacet
  facet normal 0.842232 0.539115 0
    outer loop
      vertex 32.4606 21.6895 37.2
      vertex 33.2871 20.3983 37.2
      vertex 32.4606 21.6895 35.6
    endloop
  endfacet
  facet normal 0.842232 0.539115 0
    outer loop
      vertex 33.2871 20.3983 37.2
      vertex 33.2871 20.3983 35.6
      vertex 32.4606 21.6895 35.6
    endloop
  endfacet
  facet normal 0.595597 0.381226 0.707058
    outer loop
      vertex 31.7954 21.245 38
      vertex 32.6049 19.9803 38
      vertex 32.4606 21.6895 37.2
    endloop
  endfacet
  facet normal 0.595578 0.381231 0.707072
    outer loop
      vertex 32.6049 19.9803 38
      vertex 33.2871 20.3983 37.2
      vertex 32.4606 21.6895 37.2
    endloop
  endfacet
  facet normal -0 0 1
    outer loop
      vertex 30.9639 20.6894 38
      vertex 31.7523 19.4578 38
      vertex 31.7954 21.245 38
    endloop
  endfacet
  facet normal 0 0 1
    outer loop
      vertex 31.7523 19.4578 38
      vertex 32.6049 19.9803 38
      vertex 31.7954 21.245 38
    endloop
  endfacet
  facet normal -0.842217 -0.539139 0
    outer loop
      vertex 30.9639 20.6894 35.6
      vertex 31.7523 19.4578 35.6
      vertex 30.9639 20.6894 38
    endloop
  endfacet
  facet normal -0.842217 -0.539139 0
    outer loop
      vertex 31.7523 19.4578 35.6
      vertex 31.7523 19.4578 38
      vertex 30.9639 20.6894 38
    endloop
  endfacet
  facet normal -0.744032 -0.476344 0.468522
    outer loop
      vertex 18.7912 12.5559 8
      vertex 19.2697 11.8085 8
      vertex 30.9639 20.6894 35.6
    endloop
  endfacet
  facet normal -0.744058 -0.476304 0.468521
    outer loop
      vertex 19.2697 11.8085 8
      vertex 31.7523 19.4578 35.6
      vertex 30.9639 20.6894 35.6
    endloop
  endfacet
  facet normal -0.842187 -0.539185 0
    outer loop
      vertex 18.7912 12.5559 0
      vertex 19.2697 11.8085 0
      vertex 18.7912 12.5559 8
    endloop
  endfacet
  facet normal -0.842187 -0.539185 0
    outer loop
      vertex 19.2697 11.8085 0
      vertex 19.2697 11.8085 8
      vertex 18.7912 12.5559 8
    endloop
  endfacet
  facet normal 0 -0 -1
    outer loop
      vertex 19.789 13.2226 0
      vertex 20.2928 12.4355 0
      vertex 18.7912 12.5559 0
    endloop
  endfacet
  facet normal -0 0 -1
    outer loop
      vertex 20.2928 12.4355 0
      vertex 19.2697 11.8085 0
      vertex 18.7912 12.5559 0
    endloop
  endfacet
  facet normal 0.595604 0.381249 -0.707039
    outer loop
      vertex 20.2879 13.5559 0.599991
      vertex 20.8044 12.749 0.599991
      vertex 19.789 13.2226 0
    endloop
  endfacet
  facet normal 0.595602 0.381228 -0.707052
    outer loop
      vertex 20.8044 12.749 0.599991
      vertex 20.2928 12.4355 0
      vertex 19.789 13.2226 0
    endloop
  endfacet
  facet normal 0 -0 -1
    outer loop
      vertex 22.5097 13.794 0.599991
      vertex 23.0339 12.8996 0.599991
      vertex 20.8044 12.749 0.599991
    endloop
  endfacet
  facet normal 0 0 -1
    outer loop
      vertex 23.0339 12.8996 0.599991
      vertex 21.2889 11.9224 0.599991
      vertex 20.8044 12.749 0.599991
    endloop
  endfacet
  facet normal 0.862742 0.505645 0
    outer loop
      vertex 22.5097 13.794 2.39999
      vertex 23.0339 12.8996 2.39999
      vertex 22.5097 13.794 0.599991
    endloop
  endfacet
  facet normal 0.862742 0.505645 0
    outer loop
      vertex 23.0339 12.8996 2.39999
      vertex 23.0339 12.8996 0.599991
      vertex 22.5097 13.794 0.599991
    endloop
  endfacet
  facet normal -0 0 1
    outer loop
      vertex 20.8044 12.749 2.39999
      vertex 21.2889 11.9224 2.39999
      vertex 22.5097 13.794 2.39999
    endloop
  endfacet
  facet normal 0 0 1
    outer loop
      vertex 21.2889 11.9224 2.39999
      vertex 23.0339 12.8996 2.39999
      vertex 22.5097 13.794 2.39999
    endloop
  endfacet
  facet normal 0.862725 0.505674 0
    outer loop
      vertex 20.8044 12.749 8
      vertex 21.2889 11.9224 8
      vertex 20.8044 12.749 2.39999
    endloop
  endfacet
  facet normal 0.862725 0.505674 0
    outer loop
      vertex 21.2889 11.9224 8
      vertex 21.2889 11.9224 2.39999
      vertex 20.8044 12.749 2.39999
    endloop
  endfacet
  facet normal 0.762192 0.446711 -0.468523
    outer loop
      vertex 33.2871 20.3983 35.6
      vertex 34.0622 19.0758 35.6
      vertex 20.8044 12.749 8
    endloop
  endfacet
  facet normal 0.762176 0.446739 -0.468522
    outer loop
      vertex 34.0622 19.0758 35.6
      vertex 21.2889 11.9224 8
      vertex 20.8044 12.749 8
    endloop
  endfacet
  facet normal 0.862743 0.505642 0
    outer loop
      vertex 33.2871 20.3983 37.2
      vertex 34.0622 19.0758 37.2
      vertex 33.2871 20.3983 35.6
    endloop
  endfacet
  facet normal 0.862743 0.505642 0
    outer loop
      vertex 34.0622 19.0758 37.2
      vertex 34.0622 19.0758 35.6
      vertex 33.2871 20.3983 35.6
    endloop
  endfacet
  facet normal 0.610064 0.35759 0.707073
    outer loop
      vertex 32.6049 19.9803 38
      vertex 33.3642 18.6849 38
      vertex 33.2871 20.3983 37.2
    endloop
  endfacet
  facet normal 0.610109 0.357577 0.707041
    outer loop
      vertex 33.3642 18.6849 38
      vertex 34.0622 19.0758 37.2
      vertex 33.2871 20.3983 37.2
    endloop
  endfacet
  facet normal -0 0 1
    outer loop
      vertex 31.7523 19.4578 38
      vertex 32.4917 18.1963 38
      vertex 32.6049 19.9803 38
    endloop
  endfacet
  facet normal 0 0 1
    outer loop
      vertex 32.4917 18.1963 38
      vertex 33.3642 18.6849 38
      vertex 32.6049 19.9803 38
    endloop
  endfacet
  facet normal -0.862728 -0.505669 0
    outer loop
      vertex 31.7523 19.4578 35.6
      vertex 32.4917 18.1963 35.6
      vertex 31.7523 19.4578 38
    endloop
  endfacet
  facet normal -0.862728 -0.505669 0
    outer loop
      vertex 32.4917 18.1963 35.6
      vertex 32.4917 18.1963 38
      vertex 31.7523 19.4578 38
    endloop
  endfacet
  facet normal -0.762222 -0.446662 0.46852
    outer loop
      vertex 19.2697 11.8085 8
      vertex 19.7184 11.0428 8
      vertex 31.7523 19.4578 35.6
    endloop
  endfacet
  facet normal -0.762178 -0.446734 0.468523
    outer loop
      vertex 19.7184 11.0428 8
      vertex 32.4917 18.1963 35.6
      vertex 31.7523 19.4578 35.6
    endloop
  endfacet
  facet normal -0.862776 -0.505586 0
    outer loop
      vertex 19.2697 11.8085 0
      vertex 19.7184 11.0428 0
      vertex 19.2697 11.8085 8
    endloop
  endfacet
  facet normal -0.862776 -0.505586 0
    outer loop
      vertex 19.7184 11.0428 0
      vertex 19.7184 11.0428 8
      vertex 19.2697 11.8085 8
    endloop
  endfacet
  facet normal 0 -0 -1
    outer loop
      vertex 20.2928 12.4355 0
      vertex 20.7654 11.6292 0
      vertex 19.2697 11.8085 0
    endloop
  endfacet
  facet normal -0 0 -1
    outer loop
      vertex 20.7654 11.6292 0
      vertex 19.7184 11.0428 0
      vertex 19.2697 11.8085 0
    endloop
  endfacet
  facet normal 0.610085 0.357593 -0.707052
    outer loop
      vertex 20.8044 12.749 0.599991
      vertex 21.2889 11.9224 0.599991
      vertex 20.2928 12.4355 0
    endloop
  endfacet
  facet normal 0.610085 0.357592 -0.707053
    outer loop
      vertex 21.2889 11.9224 0.599991
      vertex 20.7654 11.6292 0
      vertex 20.2928 12.4355 0
    endloop
  endfacet
  facet normal 0 -0 -1
    outer loop
      vertex 23.0339 12.8996 0.599991
      vertex 23.5226 11.9853 0.599991
      vertex 21.2889 11.9224 0.599991
    endloop
  endfacet
  facet normal 0 0 -1
    outer loop
      vertex 23.5226 11.9853 0.599991
      vertex 21.7406 11.0774 0.599991
      vertex 21.2889 11.9224 0.599991
    endloop
  endfacet
  facet normal 0.881923 0.471394 0
    outer loop
      vertex 23.0339 12.8996 2.39999
      vertex 23.5226 11.9853 2.39999
      vertex 23.0339 12.8996 0.599991
    endloop
  endfacet
  facet normal 0.881923 0.471394 0
    outer loop
      vertex 23.5226 11.9853 2.39999
      vertex 23.5226 11.9853 0.599991
      vertex 23.0339 12.8996 0.599991
    endloop
  endfacet
  facet normal -0 0 1
    outer loop
      vertex 21.2889 11.9224 2.39999
      vertex 21.7406 11.0774 2.39999
      vertex 23.0339 12.8996 2.39999
    endloop
  endfacet
  facet normal 0 0 1
    outer loop
      vertex 21.7406 11.0774 2.39999
      vertex 23.5226 11.9853 2.39999
      vertex 23.0339 12.8996 2.39999
    endloop
  endfacet
  facet normal 0.881905 0.471428 0
    outer loop
      vertex 21.2889 11.9224 8
      vertex 21.7406 11.0774 8
      vertex 21.2889 11.9224 2.39999
    endloop
  endfacet
  facet normal 0.881905 0.471428 0
    outer loop
      vertex 21.7406 11.0774 8
      vertex 21.7406 11.0774 2.39999
      vertex 21.2889 11.9224 2.39999
    endloop
  endfacet
  facet normal 0.779125 0.416475 -0.468522
    outer loop
      vertex 34.0622 19.0758 35.6
      vertex 34.7849 17.7238 35.6
      vertex 21.2889 11.9224 8
    endloop
  endfacet
  facet normal 0.77912 0.416484 -0.468522
    outer loop
      vertex 34.7849 17.7238 35.6
      vertex 21.7406 11.0774 8
      vertex 21.2889 11.9224 8
    endloop
  endfacet
  facet normal 0.88191 0.471418 0
    outer loop
      vertex 34.0622 19.0758 37.2
      vertex 34.7849 17.7238 37.2
      vertex 34.0622 19.0758 35.6
    endloop
  endfacet
  facet normal 0.88191 0.471418 0
    outer loop
      vertex 34.7849 17.7238 37.2
      vertex 34.7849 17.7238 35.6
      vertex 34.0622 19.0758 35.6
    endloop
  endfacet
  facet normal 0.623662 0.333376 0.707041
    outer loop
      vertex 33.3642 18.6849 38
      vertex 34.0721 17.3606 38
      vertex 34.0622 19.0758 37.2
    endloop
  endfacet
  facet normal 0.623665 0.333375 0.707038
    outer loop
      vertex 34.0721 17.3606 38
      vertex 34.7849 17.7238 37.2
      vertex 34.0622 19.0758 37.2
    endloop
  endfacet
  facet normal -0 0 1
    outer loop
      vertex 32.4917 18.1963 38
      vertex 33.1811 16.9066 38
      vertex 33.3642 18.6849 38
    endloop
  endfacet
  facet normal 0 0 1
    outer loop
      vertex 33.1811 16.9066 38
      vertex 34.0721 17.3606 38
      vertex 33.3642 18.6849 38
    endloop
  endfacet
  facet normal -0.88191 -0.471419 0
    outer loop
      vertex 32.4917 18.1963 35.6
      vertex 33.1811 16.9066 35.6
      vertex 32.4917 18.1963 38
    endloop
  endfacet
  facet normal -0.88191 -0.471419 0
    outer loop
      vertex 33.1811 16.9066 35.6
      vertex 33.1811 16.9066 38
      vertex 32.4917 18.1963 38
    endloop
  endfacet
  facet normal -0.779138 -0.41645 0.468523
    outer loop
      vertex 19.7184 11.0428 8
      vertex 20.1367 10.2602 8
      vertex 32.4917 18.1963 35.6
    endloop
  endfacet
  facet normal -0.779124 -0.416475 0.468524
    outer loop
      vertex 20.1367 10.2602 8
      vertex 33.1811 16.9066 35.6
      vertex 32.4917 18.1963 35.6
    endloop
  endfacet
  facet normal -0.881925 -0.471389 0
    outer loop
      vertex 19.7184 11.0428 0
      vertex 20.1367 10.2602 0
      vertex 19.7184 11.0428 8
    endloop
  endfacet
  facet normal -0.881925 -0.471389 0
    outer loop
      vertex 20.1367 10.2602 0
      vertex 20.1367 10.2602 8
      vertex 19.7184 11.0428 8
    endloop
  endfacet
  facet normal 0 -0 -1
    outer loop
      vertex 20.7654 11.6292 0
      vertex 21.2059 10.805 0
      vertex 19.7184 11.0428 0
    endloop
  endfacet
  facet normal -0 0 -1
    outer loop
      vertex 21.2059 10.805 0
      vertex 20.1367 10.2602 0
      vertex 19.7184 11.0428 0
    endloop
  endfacet
  facet normal 0.623648 0.333375 -0.707053
    outer loop
      vertex 21.2889 11.9224 0.599991
      vertex 21.7406 11.0774 0.599991
      vertex 20.7654 11.6292 0
    endloop
  endfacet
  facet normal 0.623636 0.333307 -0.707096
    outer loop
      vertex 21.7406 11.0774 0.599991
      vertex 21.2059 10.805 0
      vertex 20.7654 11.6292 0
    endloop
  endfacet
  facet normal 0 -0 -1
    outer loop
      vertex 23.5226 11.9853 0.599991
      vertex 23.975 11.0526 0.599991
      vertex 21.7406 11.0774 0.599991
    endloop
  endfacet
  facet normal -0 0 -1
    outer loop
      vertex 23.975 11.0526 0.599991
      vertex 22.1587 10.2153 0.599991
      vertex 21.7406 11.0774 0.599991
    endloop
  endfacet
  facet normal 0.899745 0.436416 0
    outer loop
      vertex 23.5226 11.9853 2.39999
      vertex 23.975 11.0526 2.39999
      vertex 23.5226 11.9853 0.599991
    endloop
  endfacet
  facet normal 0.899745 0.436416 0
    outer loop
      vertex 23.975 11.0526 2.39999
      vertex 23.975 11.0526 0.599991
      vertex 23.5226 11.9853 0.599991
    endloop
  endfacet
  facet normal -0 0 1
    outer loop
      vertex 21.7406 11.0774 2.39999
      vertex 22.1587 10.2153 2.39999
      vertex 23.5226 11.9853 2.39999
    endloop
  endfacet
  facet normal 0 0 1
    outer loop
      vertex 22.1587 10.2153 2.39999
      vertex 23.975 11.0526 2.39999
      vertex 23.5226 11.9853 2.39999
    endloop
  endfacet
  facet normal 0.899768 0.436368 0
    outer loop
      vertex 21.7406 11.0774 8
      vertex 22.1587 10.2153 8
      vertex 21.7406 11.0774 2.39999
    endloop
  endfacet
  facet normal 0.899768 0.436368 0
    outer loop
      vertex 22.1587 10.2153 8
      vertex 22.1587 10.2153 2.39999
      vertex 21.7406 11.0774 2.39999
    endloop
  endfacet
  facet normal 0.794886 0.385543 -0.468522
    outer loop
      vertex 34.7849 17.7238 35.6
      vertex 35.4539 16.3445 35.6
      vertex 21.7406 11.0774 8
    endloop
  endfacet
  facet normal 0.794901 0.38551 -0.468523
    outer loop
      vertex 35.4539 16.3445 35.6
      vertex 22.1587 10.2153 8
      vertex 21.7406 11.0774 8
    endloop
  endfacet
  facet normal 0.89975 0.436405 0
    outer loop
      vertex 34.7849 17.7238 37.2
      vertex 35.4539 16.3445 37.2
      vertex 34.7849 17.7238 35.6
    endloop
  endfacet
  facet normal 0.89975 0.436405 0
    outer loop
      vertex 35.4539 16.3445 37.2
      vertex 35.4539 16.3445 35.6
      vertex 34.7849 17.7238 35.6
    endloop
  endfacet
  facet normal 0.636286 0.308606 0.707038
    outer loop
      vertex 34.0721 17.3606 38
      vertex 34.7274 16.0095 38
      vertex 34.7849 17.7238 37.2
    endloop
  endfacet
  facet normal 0.636274 0.308611 0.707047
    outer loop
      vertex 34.7274 16.0095 38
      vertex 35.4539 16.3445 37.2
      vertex 34.7849 17.7238 37.2
    endloop
  endfacet
  facet normal -0 0 1
    outer loop
      vertex 33.1811 16.9066 38
      vertex 33.8192 15.5909 38
      vertex 34.0721 17.3606 38
    endloop
  endfacet
  facet normal 0 0 1
    outer loop
      vertex 33.8192 15.5909 38
      vertex 34.7274 16.0095 38
      vertex 34.0721 17.3606 38
    endloop
  endfacet
  facet normal -0.899764 -0.436376 0
    outer loop
      vertex 33.1811 16.9066 35.6
      vertex 33.8192 15.5909 35.6
      vertex 33.1811 16.9066 38
    endloop
  endfacet
  facet normal -0.899764 -0.436376 0
    outer loop
      vertex 33.8192 15.5909 35.6
      vertex 33.8192 15.5909 38
      vertex 33.1811 16.9066 38
    endloop
  endfacet
  facet normal -0.794881 -0.38555 0.468524
    outer loop
      vertex 20.1367 10.2602 8
      vertex 20.524 9.46171 8
      vertex 33.1811 16.9066 35.6
    endloop
  endfacet
  facet normal -0.794898 -0.385517 0.468523
    outer loop
      vertex 20.524 9.46171 8
      vertex 33.8192 15.5909 35.6
      vertex 33.1811 16.9066 35.6
    endloop
  endfacet
  facet normal -0.899746 -0.436413 0
    outer loop
      vertex 20.1367 10.2602 0
      vertex 20.524 9.46171 0
      vertex 20.1367 10.2602 8
    endloop
  endfacet
  facet normal -0.899746 -0.436413 0
    outer loop
      vertex 20.524 9.46171 0
      vertex 20.524 9.46171 8
      vertex 20.1367 10.2602 8
    endloop
  endfacet
  facet normal 0 -0 -1
    outer loop
      vertex 21.2059 10.805 0
      vertex 21.6138 9.9641 0
      vertex 20.1367 10.2602 0
    endloop
  endfacet
  facet normal -0 0 -1
    outer loop
      vertex 21.6138 9.9641 0
      vertex 20.524 9.46171 0
      vertex 20.1367 10.2602 0
    endloop
  endfacet
  facet normal 0.636242 0.308564 -0.707096
    outer loop
      vertex 21.7406 11.0774 0.599991
      vertex 22.1587 10.2153 0.599991
      vertex 21.2059 10.805 0
    endloop
  endfacet
  facet normal 0.636257 0.308633 -0.707052
    outer loop
      vertex 22.1587 10.2153 0.599991
      vertex 21.6138 9.9641 0
      vertex 21.2059 10.805 0
    endloop
  endfacet
  facet normal 0 -0 -1
    outer loop
      vertex 23.975 11.0526 0.599991
      vertex 24.3904 10.1028 0.599991
      vertex 22.1587 10.2153 0.599991
    endloop
  endfacet
  facet normal -0 0 -1
    outer loop
      vertex 24.3904 10.1028 0.599991
      vertex 22.5427 9.33747 0.599991
      vertex 22.1587 10.2153 0.599991
    endloop
  endfacet
  facet normal 0.916206 0.400708 0
    outer loop
      vertex 23.975 11.0526 2.39999
      vertex 24.3904 10.1028 2.39999
      vertex 23.975 11.0526 0.599991
    endloop
  endfacet
  facet normal 0.916206 0.400708 0
    outer loop
      vertex 24.3904 10.1028 2.39999
      vertex 24.3904 10.1028 0.599991
      vertex 23.975 11.0526 0.599991
    endloop
  endfacet
  facet normal -0 0 1
    outer loop
      vertex 22.1587 10.2153 2.39999
      vertex 22.5427 9.33747 2.39999
      vertex 23.975 11.0526 2.39999
    endloop
  endfacet
  facet normal 0 0 1
    outer loop
      vertex 22.5427 9.33747 2.39999
      vertex 24.3904 10.1028 2.39999
      vertex 23.975 11.0526 2.39999
    endloop
  endfacet
  facet normal 0.916177 0.400774 0
    outer loop
      vertex 22.1587 10.2153 8
      vertex 22.5427 9.33747 8
      vertex 22.1587 10.2153 2.39999
    endloop
  endfacet
  facet normal 0.916177 0.400774 0
    outer loop
      vertex 22.5427 9.33747 8
      vertex 22.5427 9.33747 2.39999
      vertex 22.1587 10.2153 2.39999
    endloop
  endfacet
  facet normal 0.809395 0.354071 -0.468523
    outer loop
      vertex 35.4539 16.3445 35.6
      vertex 36.0683 14.94 35.6
      vertex 22.1587 10.2153 8
    endloop
  endfacet
  facet normal 0.809397 0.354065 -0.468523
    outer loop
      vertex 36.0683 14.94 35.6
      vertex 22.5427 9.33747 8
      vertex 22.1587 10.2153 8
    endloop
  endfacet
  facet normal 0.916174 0.400781 0
    outer loop
      vertex 35.4539 16.3445 37.2
      vertex 36.0683 14.94 37.2
      vertex 35.4539 16.3445 35.6
    endloop
  endfacet
  facet normal 0.916174 0.400781 0
    outer loop
      vertex 36.0683 14.94 37.2
      vertex 36.0683 14.94 35.6
      vertex 35.4539 16.3445 35.6
    endloop
  endfacet
  facet normal 0.647907 0.28338 0.707045
    outer loop
      vertex 34.7274 16.0095 38
      vertex 35.3291 14.6338 38
      vertex 35.4539 16.3445 37.2
    endloop
  endfacet
  facet normal 0.647851 0.283403 0.707087
    outer loop
      vertex 35.3291 14.6338 38
      vertex 36.0683 14.94 37.2
      vertex 35.4539 16.3445 37.2
    endloop
  endfacet
  facet normal -0 0 1
    outer loop
      vertex 33.8192 15.5909 38
      vertex 34.4053 14.2511 38
      vertex 34.7274 16.0095 38
    endloop
  endfacet
  facet normal 0 0 1
    outer loop
      vertex 34.4053 14.2511 38
      vertex 35.3291 14.6338 38
      vertex 34.7274 16.0095 38
    endloop
  endfacet
  facet normal -0.916173 -0.400783 0
    outer loop
      vertex 33.8192 15.5909 35.6
      vertex 34.4053 14.2511 35.6
      vertex 33.8192 15.5909 38
    endloop
  endfacet
  facet normal -0.916173 -0.400783 0
    outer loop
      vertex 34.4053 14.2511 35.6
      vertex 34.4053 14.2511 38
      vertex 33.8192 15.5909 38
    endloop
  endfacet
  facet normal -0.809387 -0.354089 0.468523
    outer loop
      vertex 20.524 9.46171 8
      vertex 20.8797 8.64864 8
      vertex 33.8192 15.5909 35.6
    endloop
  endfacet
  facet normal -0.809394 -0.354072 0.468523
    outer loop
      vertex 20.8797 8.64864 8
      vertex 34.4053 14.2511 35.6
      vertex 33.8192 15.5909 35.6
    endloop
  endfacet
  facet normal -0.916165 -0.400802 0
    outer loop
      vertex 20.524 9.46171 0
      vertex 20.8797 8.64864 0
      vertex 20.524 9.46171 8
    endloop
  endfacet
  facet normal -0.916165 -0.400802 0
    outer loop
      vertex 20.8797 8.64864 0
      vertex 20.8797 8.64864 8
      vertex 20.524 9.46171 8
    endloop
  endfacet
  facet normal 0 -0 -1
    outer loop
      vertex 21.6138 9.9641 0
      vertex 21.9883 9.10786 0
      vertex 20.524 9.46171 0
    endloop
  endfacet
  facet normal -0 0 -1
    outer loop
      vertex 21.9883 9.10786 0
      vertex 20.8797 8.64864 0
      vertex 20.524 9.46171 0
    endloop
  endfacet
  facet normal 0.647884 0.283412 -0.707053
    outer loop
      vertex 22.1587 10.2153 0.599991
      vertex 22.5427 9.33747 0.599991
      vertex 21.6138 9.9641 0
    endloop
  endfacet
  facet normal 0.647872 0.283365 -0.707083
    outer loop
      vertex 22.5427 9.33747 0.599991
      vertex 21.9883 9.10786 0
      vertex 21.6138 9.9641 0
    endloop
  endfacet
  facet normal 0 -0 -1
    outer loop
      vertex 24.3904 10.1028 0.599991
      vertex 24.7682 9.13749 0.599991
      vertex 22.5427 9.33747 0.599991
    endloop
  endfacet
  facet normal -0 0 -1
    outer loop
      vertex 24.7682 9.13749 0.599991
      vertex 22.8919 8.44525 0.599991
      vertex 22.5427 9.33747 0.599991
    endloop
  endfacet
  facet normal 0.93122 0.364458 0
    outer loop
      vertex 24.3904 10.1028 2.39999
      vertex 24.7682 9.13749 2.39999
      vertex 24.3904 10.1028 0.599991
    endloop
  endfacet
  facet normal 0.93122 0.364458 0
    outer loop
      vertex 24.7682 9.13749 2.39999
      vertex 24.7682 9.13749 0.599991
      vertex 24.3904 10.1028 0.599991
    endloop
  endfacet
  facet normal -0 0 1
    outer loop
      vertex 22.5427 9.33747 2.39999
      vertex 22.8919 8.44525 2.39999
      vertex 24.3904 10.1028 2.39999
    endloop
  endfacet
  facet normal 0 0 1
    outer loop
      vertex 22.8919 8.44525 2.39999
      vertex 24.7682 9.13749 2.39999
      vertex 24.3904 10.1028 2.39999
    endloop
  endfacet
  facet normal 0.931218 0.364463 0
    outer loop
      vertex 22.5427 9.33747 8
      vertex 22.8919 8.44525 8
      vertex 22.5427 9.33747 2.39999
    endloop
  endfacet
  facet normal 0.931218 0.364463 0
    outer loop
      vertex 22.8919 8.44525 8
      vertex 22.8919 8.44525 2.39999
      vertex 22.5427 9.33747 2.39999
    endloop
  endfacet
  facet normal 0.822693 0.321966 -0.468523
    outer loop
      vertex 36.0683 14.94 35.6
      vertex 36.627 13.5124 35.6
      vertex 22.5427 9.33747 8
    endloop
  endfacet
  facet normal 0.822686 0.321985 -0.468523
    outer loop
      vertex 36.627 13.5124 35.6
      vertex 22.8919 8.44525 8
      vertex 22.5427 9.33747 8
    endloop
  endfacet
  facet normal 0.931226 0.364441 0
    outer loop
      vertex 36.0683 14.94 37.2
      vertex 36.627 13.5124 37.2
      vertex 36.0683 14.94 35.6
    endloop
  endfacet
  facet normal 0.931226 0.364441 0
    outer loop
      vertex 36.627 13.5124 37.2
      vertex 36.627 13.5124 35.6
      vertex 36.0683 14.94 35.6
    endloop
  endfacet
  facet normal 0.658484 0.257733 0.707087
    outer loop
      vertex 35.3291 14.6338 38
      vertex 35.8764 13.2355 38
      vertex 36.0683 14.94 37.2
    endloop
  endfacet
  facet normal 0.658521 0.257716 0.707059
    outer loop
      vertex 35.8764 13.2355 38
      vertex 36.627 13.5124 37.2
      vertex 36.0683 14.94 37.2
    endloop
  endfacet
  facet normal -0 0 1
    outer loop
      vertex 34.4053 14.2511 38
      vertex 34.9382 12.8894 38
      vertex 35.3291 14.6338 38
    endloop
  endfacet
  facet normal 0 0 1
    outer loop
      vertex 34.9382 12.8894 38
      vertex 35.8764 13.2355 38
      vertex 35.3291 14.6338 38
    endloop
  endfacet
  facet normal -0.931229 -0.364435 0
    outer loop
      vertex 34.4053 14.2511 35.6
      vertex 34.9382 12.8894 35.6
      vertex 34.4053 14.2511 38
    endloop
  endfacet
  facet normal -0.931229 -0.364435 0
    outer loop
      vertex 34.9382 12.8894 35.6
      vertex 34.9382 12.8894 38
      vertex 34.4053 14.2511 38
    endloop
  endfacet
  facet normal -0.822699 -0.321952 0.468522
    outer loop
      vertex 20.8797 8.64864 8
      vertex 21.2031 7.82224 8
      vertex 34.4053 14.2511 35.6
    endloop
  endfacet
  facet normal -0.822695 -0.321961 0.468523
    outer loop
      vertex 21.2031 7.82224 8
      vertex 34.9382 12.8894 35.6
      vertex 34.4053 14.2511 35.6
    endloop
  endfacet
  facet normal -0.931233 -0.364425 0
    outer loop
      vertex 20.8797 8.64864 0
      vertex 21.2031 7.82224 0
      vertex 20.8797 8.64864 8
    endloop
  endfacet
  facet normal -0.931233 -0.364425 0
    outer loop
      vertex 21.2031 7.82224 0
      vertex 21.2031 7.82224 8
      vertex 20.8797 8.64864 8
    endloop
  endfacet
  facet normal 0 -0 -1
    outer loop
      vertex 21.9883 9.10786 0
      vertex 22.3289 8.23758 0
      vertex 20.8797 8.64864 0
    endloop
  endfacet
  facet normal -0 0 -1
    outer loop
      vertex 22.3289 8.23758 0
      vertex 21.2031 7.82224 0
      vertex 20.8797 8.64864 0
    endloop
  endfacet
  facet normal 0.658492 0.257723 -0.707084
    outer loop
      vertex 22.5427 9.33747 0.599991
      vertex 22.8919 8.44525 0.599991
      vertex 21.9883 9.10786 0
    endloop
  endfacet
  facet normal 0.658489 0.257712 -0.707091
    outer loop
      vertex 22.8919 8.44525 0.599991
      vertex 22.3289 8.23758 0
      vertex 21.9883 9.10786 0
    endloop
  endfacet
  facet normal 0 -0 -1
    outer loop
      vertex 24.7682 9.13749 0.599991
      vertex 25.1079 8.15805 0.599991
      vertex 22.8919 8.44525 0.599991
    endloop
  endfacet
  facet normal -0 0 -1
    outer loop
      vertex 25.1079 8.15805 0.599991
      vertex 23.2058 7.54001 0.599991
      vertex 22.8919 8.44525 0.599991
    endloop
  endfacet
  facet normal 0.944788 0.327682 0
    outer loop
      vertex 24.7682 9.13749 2.39999
      vertex 25.1079 8.15805 2.39999
      vertex 24.7682 9.13749 0.599991
    endloop
  endfacet
  facet normal 0.944788 0.327682 0
    outer loop
      vertex 25.1079 8.15805 2.39999
      vertex 25.1079 8.15805 0.599991
      vertex 24.7682 9.13749 0.599991
    endloop
  endfacet
  facet normal -0 0 1
    outer loop
      vertex 22.8919 8.44525 2.39999
      vertex 23.2058 7.54001 2.39999
      vertex 24.7682 9.13749 2.39999
    endloop
  endfacet
  facet normal 0 0 1
    outer loop
      vertex 23.2058 7.54001 2.39999
      vertex 25.1079 8.15805 2.39999
      vertex 24.7682 9.13749 2.39999
    endloop
  endfacet
  facet normal 0.944809 0.327621 0
    outer loop
      vertex 22.8919 8.44525 8
      vertex 23.2058 7.54001 8
      vertex 22.8919 8.44525 2.39999
    endloop
  endfacet
  facet normal 0.944809 0.327621 0
    outer loop
      vertex 23.2058 7.54001 8
      vertex 23.2058 7.54001 2.39999
      vertex 22.8919 8.44525 2.39999
    endloop
  endfacet
  facet normal 0.834701 0.289414 -0.468522
    outer loop
      vertex 36.627 13.5124 35.6
      vertex 37.1292 12.064 35.6
      vertex 22.8919 8.44525 8
    endloop
  endfacet
  facet normal 0.834694 0.289437 -0.468521
    outer loop
      vertex 37.1292 12.064 35.6
      vertex 23.2058 7.54001 8
      vertex 22.8919 8.44525 8
    endloop
  endfacet
  facet normal 0.944818 0.327594 0
    outer loop
      vertex 36.627 13.5124 37.2
      vertex 37.1292 12.064 37.2
      vertex 36.627 13.5124 35.6
    endloop
  endfacet
  facet normal 0.944818 0.327594 0
    outer loop
      vertex 37.1292 12.064 37.2
      vertex 37.1292 12.064 35.6
      vertex 36.627 13.5124 35.6
    endloop
  endfacet
  facet normal 0.668118 0.231701 0.707059
    outer loop
      vertex 35.8764 13.2355 38
      vertex 36.3684 11.8168 38
      vertex 36.627 13.5124 37.2
    endloop
  endfacet
  facet normal 0.668171 0.231673 0.707018
    outer loop
      vertex 36.3684 11.8168 38
      vertex 37.1292 12.064 37.2
      vertex 36.627 13.5124 37.2
    endloop
  endfacet
  facet normal -0 0 1
    outer loop
      vertex 34.9382 12.8894 38
      vertex 35.4173 11.5078 38
      vertex 35.8764 13.2355 38
    endloop
  endfacet
  facet normal 0 0 1
    outer loop
      vertex 35.4173 11.5078 38
      vertex 36.3684 11.8168 38
      vertex 35.8764 13.2355 38
    endloop
  endfacet
  facet normal -0.944805 -0.327632 0
    outer loop
      vertex 34.9382 12.8894 35.6
      vertex 35.4173 11.5078 35.6
      vertex 34.9382 12.8894 38
    endloop
  endfacet
  facet normal -0.944805 -0.327632 0
    outer loop
      vertex 35.4173 11.5078 35.6
      vertex 35.4173 11.5078 38
      vertex 34.9382 12.8894 38
    endloop
  endfacet
  facet normal -0.834676 -0.289487 0.468523
    outer loop
      vertex 21.2031 7.82224 8
      vertex 21.4939 6.98378 8
      vertex 34.9382 12.8894 35.6
    endloop
  endfacet
  facet normal -0.83469 -0.289447 0.468521
    outer loop
      vertex 21.4939 6.98378 8
      vertex 35.4173 11.5078 35.6
      vertex 34.9382 12.8894 35.6
    endloop
  endfacet
  facet normal -0.94479 -0.327678 0
    outer loop
      vertex 21.2031 7.82224 0
      vertex 21.4939 6.98378 0
      vertex 21.2031 7.82224 8
    endloop
  endfacet
  facet normal -0.94479 -0.327678 0
    outer loop
      vertex 21.4939 6.98378 0
      vertex 21.4939 6.98378 8
      vertex 21.2031 7.82224 8
    endloop
  endfacet
  facet normal 0 -0 -1
    outer loop
      vertex 22.3289 8.23758 0
      vertex 22.6351 7.3546 0
      vertex 21.2031 7.82224 0
    endloop
  endfacet
  facet normal -0 0 -1
    outer loop
      vertex 22.6351 7.3546 0
      vertex 21.4939 6.98378 0
      vertex 21.2031 7.82224 0
    endloop
  endfacet
  facet normal 0.668096 0.231668 -0.707091
    outer loop
      vertex 22.8919 8.44525 0.599991
      vertex 23.2058 7.54001 0.599991
      vertex 22.3289 8.23758 0
    endloop
  endfacet
  facet normal 0.668101 0.231684 -0.707081
    outer loop
      vertex 23.2058 7.54001 0.599991
      vertex 22.6351 7.3546 0
      vertex 22.3289 8.23758 0
    endloop
  endfacet
  facet normal 0 -0 -1
    outer loop
      vertex 25.1079 8.15805 0.599991
      vertex 25.4088 7.16603 0.599991
      vertex 23.2058 7.54001 0.599991
    endloop
  endfacet
  facet normal -0 0 -1
    outer loop
      vertex 25.4088 7.16603 0.599991
      vertex 23.4839 6.62315 0.599991
      vertex 23.2058 7.54001 0.599991
    endloop
  endfacet
  facet normal 0.956947 0.290262 0
    outer loop
      vertex 25.1079 8.15805 2.39999
      vertex 25.4088 7.16603 2.39999
      vertex 25.1079 8.15805 0.599991
    endloop
  endfacet
  facet normal 0.956947 0.290262 0
    outer loop
      vertex 25.4088 7.16603 2.39999
      vertex 25.4088 7.16603 0.599991
      vertex 25.1079 8.15805 0.599991
    endloop
  endfacet
  facet normal -0 0 1
    outer loop
      vertex 23.2058 7.54001 2.39999
      vertex 23.4839 6.62315 2.39999
      vertex 25.1079 8.15805 2.39999
    endloop
  endfacet
  facet normal 0 0 1
    outer loop
      vertex 23.4839 6.62315 2.39999
      vertex 25.4088 7.16603 2.39999
      vertex 25.1079 8.15805 2.39999
    endloop
  endfacet
  facet normal 0.956948 0.290259 0
    outer loop
      vertex 23.2058 7.54001 8
      vertex 23.4839 6.62315 8
      vertex 23.2058 7.54001 2.39999
    endloop
  endfacet
  facet normal 0.956948 0.290259 0
    outer loop
      vertex 23.4839 6.62315 8
      vertex 23.4839 6.62315 2.39999
      vertex 23.2058 7.54001 2.39999
    endloop
  endfacet
  facet normal 0.845413 0.256448 -0.468521
    outer loop
      vertex 37.1292 12.064 35.6
      vertex 37.5742 10.597 35.6
      vertex 23.2058 7.54001 8
    endloop
  endfacet
  facet normal 0.845418 0.25643 -0.468522
    outer loop
      vertex 37.5742 10.597 35.6
      vertex 23.4839 6.62315 8
      vertex 23.2058 7.54001 8
    endloop
  endfacet
  facet normal 0.956942 0.290279 0
    outer loop
      vertex 37.1292 12.064 37.2
      vertex 37.5742 10.597 37.2
      vertex 37.1292 12.064 35.6
    endloop
  endfacet
  facet normal 0.956942 0.290279 0
    outer loop
      vertex 37.5742 10.597 37.2
      vertex 37.5742 10.597 35.6
      vertex 37.1292 12.064 35.6
    endloop
  endfacet
  facet normal 0.676741 0.205297 0.707018
    outer loop
      vertex 36.3684 11.8168 38
      vertex 36.8043 10.3799 38
      vertex 37.1292 12.064 37.2
    endloop
  endfacet
  facet normal 0.676758 0.205288 0.707005
    outer loop
      vertex 36.8043 10.3799 38
      vertex 37.5742 10.597 37.2
      vertex 37.1292 12.064 37.2
    endloop
  endfacet
  facet normal -0 0 1
    outer loop
      vertex 35.4173 11.5078 38
      vertex 35.8418 10.1084 38
      vertex 36.3684 11.8168 38
    endloop
  endfacet
  facet normal 0 0 1
    outer loop
      vertex 35.8418 10.1084 38
      vertex 36.8043 10.3799 38
      vertex 36.3684 11.8168 38
    endloop
  endfacet
  facet normal -0.956941 -0.290283 0
    outer loop
      vertex 35.4173 11.5078 35.6
      vertex 35.8418 10.1084 35.6
      vertex 35.4173 11.5078 38
    endloop
  endfacet
  facet normal -0.956941 -0.290283 0
    outer loop
      vertex 35.8418 10.1084 35.6
      vertex 35.8418 10.1084 38
      vertex 35.4173 11.5078 38
    endloop
  endfacet
  facet normal -0.845414 -0.256443 0.468521
    outer loop
      vertex 21.4939 6.98378 8
      vertex 21.7515 6.13455 8
      vertex 35.4173 11.5078 35.6
    endloop
  endfacet
  facet normal -0.845411 -0.256451 0.468522
    outer loop
      vertex 21.7515 6.13455 8
      vertex 35.8418 10.1084 35.6
      vertex 35.4173 11.5078 35.6
    endloop
  endfacet
  facet normal -0.956944 -0.290273 0
    outer loop
      vertex 21.4939 6.98378 0
      vertex 21.7515 6.13455 0
      vertex 21.4939 6.98378 8
    endloop
  endfacet
  facet normal -0.956944 -0.290273 0
    outer loop
      vertex 21.7515 6.13455 0
      vertex 21.7515 6.13455 8
      vertex 21.4939 6.98378 8
    endloop
  endfacet
  facet normal 0 -0 -1
    outer loop
      vertex 22.6351 7.3546 0
      vertex 22.9064 6.46028 0
      vertex 21.4939 6.98378 0
    endloop
  endfacet
  facet normal -0 0 -1
    outer loop
      vertex 22.9064 6.46028 0
      vertex 21.7515 6.13455 0
      vertex 21.4939 6.98378 0
    endloop
  endfacet
  facet normal 0.676689 0.205252 -0.707081
    outer loop
      vertex 23.2058 7.54001 0.599991
      vertex 23.4839 6.62315 0.599991
      vertex 22.6351 7.3546 0
    endloop
  endfacet
  facet normal 0.676701 0.205283 -0.70706
    outer loop
      vertex 23.4839 6.62315 0.599991
      vertex 22.9064 6.46028 0
      vertex 22.6351 7.3546 0
    endloop
  endfacet
  facet normal 0 -0 -1
    outer loop
      vertex 25.4088 7.16603 0.599991
      vertex 25.6706 6.16296 0.599991
      vertex 23.4839 6.62315 0.599991
    endloop
  endfacet
  facet normal -0 0 -1
    outer loop
      vertex 25.6706 6.16296 0.599991
      vertex 23.7258 5.69607 0.599991
      vertex 23.4839 6.62315 0.599991
    endloop
  endfacet
  facet normal 0.967587 0.252539 0
    outer loop
      vertex 25.4088 7.16603 2.39999
      vertex 25.6706 6.16296 2.39999
      vertex 25.4088 7.16603 0.599991
    endloop
  endfacet
  facet normal 0.967587 0.252539 0
    outer loop
      vertex 25.6706 6.16296 2.39999
      vertex 25.6706 6.16296 0.599991
      vertex 25.4088 7.16603 0.599991
    endloop
  endfacet
  facet normal -0 0 1
    outer loop
      vertex 23.4839 6.62315 2.39999
      vertex 23.7258 5.69607 2.39999
      vertex 25.4088 7.16603 2.39999
    endloop
  endfacet
  facet normal 0 0 1
    outer loop
      vertex 23.7258 5.69607 2.39999
      vertex 25.6706 6.16296 2.39999
      vertex 25.4088 7.16603 2.39999
    endloop
  endfacet
  facet normal 0.967604 0.252474 0
    outer loop
      vertex 23.4839 6.62315 8
      vertex 23.7258 5.69607 8
      vertex 23.4839 6.62315 2.39999
    endloop
  endfacet
  facet normal 0.967604 0.252474 0
    outer loop
      vertex 23.7258 5.69607 8
      vertex 23.7258 5.69607 2.39999
      vertex 23.4839 6.62315 2.39999
    endloop
  endfacet
  facet normal 0.854822 0.223086 -0.468522
    outer loop
      vertex 37.5742 10.597 35.6
      vertex 37.9613 9.11371 35.6
      vertex 23.4839 6.62315 8
    endloop
  endfacet
  facet normal 0.854831 0.223048 -0.468523
    outer loop
      vertex 37.9613 9.11371 35.6
      vertex 23.7258 5.69607 8
      vertex 23.4839 6.62315 8
    endloop
  endfacet
  facet normal 0.967593 0.252516 0
    outer loop
      vertex 37.5742 10.597 37.2
      vertex 37.9613 9.11371 37.2
      vertex 37.5742 10.597 35.6
    endloop
  endfacet
  facet normal 0.967593 0.252516 0
    outer loop
      vertex 37.9613 9.11371 37.2
      vertex 37.9613 9.11371 35.6
      vertex 37.5742 10.597 35.6
    endloop
  endfacet
  facet normal 0.684299 0.178546 0.707005
    outer loop
      vertex 36.8043 10.3799 38
      vertex 37.1834 8.92695 38
      vertex 37.5742 10.597 37.2
    endloop
  endfacet
  facet normal 0.684255 0.178573 0.707041
    outer loop
      vertex 37.1834 8.92695 38
      vertex 37.9613 9.11371 37.2
      vertex 37.5742 10.597 37.2
    endloop
  endfacet
  facet normal -0 0 1
    outer loop
      vertex 35.8418 10.1084 38
      vertex 36.211 8.6935 38
      vertex 36.8043 10.3799 38
    endloop
  endfacet
  facet normal 0 0 1
    outer loop
      vertex 36.211 8.6935 38
      vertex 37.1834 8.92695 38
      vertex 36.8043 10.3799 38
    endloop
  endfacet
  facet normal -0.967601 -0.252483 0
    outer loop
      vertex 35.8418 10.1084 35.6
      vertex 36.211 8.6935 35.6
      vertex 35.8418 10.1084 38
    endloop
  endfacet
  facet normal -0.967601 -0.252483 0
    outer loop
      vertex 36.211 8.6935 35.6
      vertex 36.211 8.6935 38
      vertex 35.8418 10.1084 38
    endloop
  endfacet
  facet normal -0.85482 -0.22309 0.468522
    outer loop
      vertex 21.7515 6.13455 8
      vertex 21.9756 5.27586 8
      vertex 35.8418 10.1084 35.6
    endloop
  endfacet
  facet normal -0.85483 -0.223057 0.468521
    outer loop
      vertex 21.9756 5.27586 8
      vertex 36.211 8.6935 35.6
      vertex 35.8418 10.1084 35.6
    endloop
  endfacet
  facet normal -0.967591 -0.252521 0
    outer loop
      vertex 21.7515 6.13455 0
      vertex 21.9756 5.27586 0
      vertex 21.7515 6.13455 8
    endloop
  endfacet
  facet normal -0.967591 -0.252521 0
    outer loop
      vertex 21.9756 5.27586 0
      vertex 21.9756 5.27586 8
      vertex 21.7515 6.13455 8
    endloop
  endfacet
  facet normal 0 -0 -1
    outer loop
      vertex 22.9064 6.46028 0
      vertex 23.1424 5.556 0
      vertex 21.7515 6.13455 0
    endloop
  endfacet
  facet normal -0 0 -1
    outer loop
      vertex 23.1424 5.556 0
      vertex 21.9756 5.27586 0
      vertex 21.7515 6.13455 0
    endloop
  endfacet
  facet normal 0.684244 0.178538 -0.70706
    outer loop
      vertex 23.4839 6.62315 0.599991
      vertex 23.7258 5.69607 0.599991
      vertex 22.9064 6.46028 0
    endloop
  endfacet
  facet normal 0.684263 0.17858 -0.707032
    outer loop
      vertex 23.7258 5.69607 0.599991
      vertex 23.1424 5.556 0
      vertex 22.9064 6.46028 0
    endloop
  endfacet
  facet normal 0 -0 -1
    outer loop
      vertex 25.6706 6.16296 0.599991
      vertex 25.8927 5.15038 0.599991
      vertex 23.7258 5.69607 0.599991
    endloop
  endfacet
  facet normal -0 0 -1
    outer loop
      vertex 25.8927 5.15038 0.599991
      vertex 23.9312 4.7602 0.599991
      vertex 23.7258 5.69607 0.599991
    endloop
  endfacet
  facet normal 0.976779 0.214247 0
    outer loop
      vertex 25.6706 6.16296 2.39999
      vertex 25.8927 5.15038 2.39999
      vertex 25.6706 6.16296 0.599991
    endloop
  endfacet
  facet normal 0.976779 0.214247 0
    outer loop
      vertex 25.8927 5.15038 2.39999
      vertex 25.8927 5.15038 0.599991
      vertex 25.6706 6.16296 0.599991
    endloop
  endfacet
  facet normal -0 0 1
    outer loop
      vertex 23.7258 5.69607 2.39999
      vertex 23.9312 4.7602 2.39999
      vertex 25.6706 6.16296 2.39999
    endloop
  endfacet
  facet normal 0 0 1
    outer loop
      vertex 23.9312 4.7602 2.39999
      vertex 25.8927 5.15038 2.39999
      vertex 25.6706 6.16296 2.39999
    endloop
  endfacet
  facet normal 0.976752 0.214373 0
    outer loop
      vertex 23.7258 5.69607 8
      vertex 23.9312 4.7602 8
      vertex 23.7258 5.69607 2.39999
    endloop
  endfacet
  facet normal 0.976752 0.214373 0
    outer loop
      vertex 23.9312 4.7602 8
      vertex 23.9312 4.7602 2.39999
      vertex 23.7258 5.69607 2.39999
    endloop
  endfacet
  facet normal 0.862917 0.189366 -0.468523
    outer loop
      vertex 37.9613 9.11371 35.6
      vertex 38.2899 7.61632 35.6
      vertex 23.7258 5.69607 8
    endloop
  endfacet
  facet normal 0.862913 0.189388 -0.468523
    outer loop
      vertex 38.2899 7.61632 35.6
      vertex 23.9312 4.7602 8
      vertex 23.7258 5.69607 8
    endloop
  endfacet
  facet normal 0.976757 0.214348 0
    outer loop
      vertex 37.9613 9.11371 37.2
      vertex 38.2899 7.61632 37.2
      vertex 37.9613 9.11371 35.6
    endloop
  endfacet
  facet normal 0.976757 0.214348 0
    outer loop
      vertex 38.2899 7.61632 37.2
      vertex 38.2899 7.61632 35.6
      vertex 37.9613 9.11371 35.6
    endloop
  endfacet
  facet normal 0.690743 0.151552 0.707041
    outer loop
      vertex 37.1834 8.92695 38
      vertex 37.5052 7.46025 38
      vertex 37.9613 9.11371 37.2
    endloop
  endfacet
  facet normal 0.690709 0.151575 0.707069
    outer loop
      vertex 37.5052 7.46025 38
      vertex 38.2899 7.61632 37.2
      vertex 37.9613 9.11371 37.2
    endloop
  endfacet
  facet normal -0 0 1
    outer loop
      vertex 36.211 8.6935 38
      vertex 36.5244 7.26516 38
      vertex 37.1834 8.92695 38
    endloop
  endfacet
  facet normal 0 0 1
    outer loop
      vertex 36.5244 7.26516 38
      vertex 37.5052 7.46025 38
      vertex 37.1834 8.92695 38
    endloop
  endfacet
  facet normal -0.976764 -0.214317 0
    outer loop
      vertex 36.211 8.6935 35.6
      vertex 36.5244 7.26516 35.6
      vertex 36.211 8.6935 38
    endloop
  endfacet
  facet normal -0.976764 -0.214317 0
    outer loop
      vertex 36.5244 7.26516 35.6
      vertex 36.5244 7.26516 38
      vertex 36.211 8.6935 38
    endloop
  endfacet
  facet normal -0.862945 -0.18925 0.46852
    outer loop
      vertex 21.9756 5.27586 8
      vertex 22.1657 4.40904 8
      vertex 36.211 8.6935 35.6
    endloop
  endfacet
  facet normal -0.862924 -0.189339 0.468523
    outer loop
      vertex 22.1657 4.40904 8
      vertex 36.5244 7.26516 35.6
      vertex 36.211 8.6935 35.6
    endloop
  endfacet
  facet normal -0.976786 -0.214216 0
    outer loop
      vertex 21.9756 5.27586 0
      vertex 22.1657 4.40904 0
      vertex 21.9756 5.27586 8
    endloop
  endfacet
  facet normal -0.976786 -0.214216 0
    outer loop
      vertex 22.1657 4.40904 0
      vertex 22.1657 4.40904 8
      vertex 21.9756 5.27586 8
    endloop
  endfacet
  facet normal 0 -0 -1
    outer loop
      vertex 23.1424 5.556 0
      vertex 23.3427 4.64315 0
      vertex 21.9756 5.27586 0
    endloop
  endfacet
  facet normal -0 0 -1
    outer loop
      vertex 23.3427 4.64315 0
      vertex 22.1657 4.40904 0
      vertex 21.9756 5.27586 0
    endloop
  endfacet
  facet normal 0.690741 0.1516 -0.707032
    outer loop
      vertex 23.7258 5.69607 0.599991
      vertex 23.9312 4.7602 0.599991
      vertex 23.1424 5.556 0
    endloop
  endfacet
  facet normal 0.690721 0.15156 -0.70706
    outer loop
      vertex 23.9312 4.7602 0.599991
      vertex 23.3427 4.64315 0
      vertex 23.1424 5.556 0
    endloop
  endfacet
  facet normal 0 -0 -1
    outer loop
      vertex 25.8927 5.15038 0.599991
      vertex 26.075 4.12987 0.599991
      vertex 23.9312 4.7602 0.599991
    endloop
  endfacet
  facet normal -0 0 -1
    outer loop
      vertex 26.075 4.12987 0.599991
      vertex 24.0996 3.817 0.599991
      vertex 23.9312 4.7602 0.599991
    endloop
  endfacet
  facet normal 0.984417 0.175852 0
    outer loop
      vertex 25.8927 5.15038 2.39999
      vertex 26.075 4.12987 2.39999
      vertex 25.8927 5.15038 0.599991
    endloop
  endfacet
  facet normal 0.984417 0.175852 0
    outer loop
      vertex 26.075 4.12987 2.39999
      vertex 26.075 4.12987 0.599991
      vertex 25.8927 5.15038 0.599991
    endloop
  endfacet
  facet normal -0 0 1
    outer loop
      vertex 23.9312 4.7602 2.39999
      vertex 24.0996 3.817 2.39999
      vertex 25.8927 5.15038 2.39999
    endloop
  endfacet
  facet normal 0 0 1
    outer loop
      vertex 24.0996 3.817 2.39999
      vertex 26.075 4.12987 2.39999
      vertex 25.8927 5.15038 2.39999
    endloop
  endfacet
  facet normal 0.984433 0.175762 0
    outer loop
      vertex 23.9312 4.7602 8
      vertex 24.0996 3.817 8
      vertex 23.9312 4.7602 2.39999
    endloop
  endfacet
  facet normal 0.984433 0.175762 0
    outer loop
      vertex 24.0996 3.817 8
      vertex 24.0996 3.817 2.39999
      vertex 23.9312 4.7602 2.39999
    endloop
  endfacet
  facet normal 0.869703 0.155255 -0.468523
    outer loop
      vertex 38.2899 7.61632 35.6
      vertex 38.5593 6.1072 35.6
      vertex 23.9312 4.7602 8
    endloop
  endfacet
  facet normal 0.869699 0.155277 -0.468522
    outer loop
      vertex 38.5593 6.1072 35.6
      vertex 24.0996 3.817 8
      vertex 23.9312 4.7602 8
    endloop
  endfacet
  facet normal 0.984437 0.175736 0
    outer loop
      vertex 38.2899 7.61632 37.2
      vertex 38.5593 6.1072 37.2
      vertex 38.2899 7.61632 35.6
    endloop
  endfacet
  facet normal 0.984437 0.175736 0
    outer loop
      vertex 38.5593 6.1072 37.2
      vertex 38.5593 6.1072 35.6
      vertex 38.2899 7.61632 35.6
    endloop
  endfacet
  facet normal 0.696129 0.124326 0.70707
    outer loop
      vertex 37.5052 7.46025 38
      vertex 37.7692 5.98205 38
      vertex 38.2899 7.61632 37.2
    endloop
  endfacet
  facet normal 0.69619 0.12428 0.707017
    outer loop
      vertex 37.7692 5.98205 38
      vertex 38.5593 6.1072 37.2
      vertex 38.2899 7.61632 37.2
    endloop
  endfacet
  facet normal -0 0 1
    outer loop
      vertex 36.5244 7.26516 38
      vertex 36.7815 5.82562 38
      vertex 37.5052 7.46025 38
    endloop
  endfacet
  facet normal 0 0 1
    outer loop
      vertex 36.7815 5.82562 38
      vertex 37.7692 5.98205 38
      vertex 37.5052 7.46025 38
    endloop
  endfacet
  facet normal -0.984423 -0.175817 0
    outer loop
      vertex 36.5244 7.26516 35.6
      vertex 36.7815 5.82562 35.6
      vertex 36.5244 7.26516 38
    endloop
  endfacet
  facet normal -0.984423 -0.175817 0
    outer loop
      vertex 36.7815 5.82562 35.6
      vertex 36.7815 5.82562 38
      vertex 36.5244 7.26516 38
    endloop
  endfacet
  facet normal -0.869694 -0.155299 0.468523
    outer loop
      vertex 22.1657 4.40904 8
      vertex 22.3217 3.53542 8
      vertex 36.5244 7.26516 35.6
    endloop
  endfacet
  facet normal -0.869689 -0.155325 0.468524
    outer loop
      vertex 22.3217 3.53542 8
      vertex 36.7815 5.82562 35.6
      vertex 36.5244 7.26516 35.6
    endloop
  endfacet
  facet normal -0.984428 -0.175787 0
    outer loop
      vertex 22.1657 4.40904 0
      vertex 22.3217 3.53542 0
      vertex 22.1657 4.40904 8
    endloop
  endfacet
  facet normal -0.984428 -0.175787 0
    outer loop
      vertex 22.3217 3.53542 0
      vertex 22.3217 3.53542 8
      vertex 22.1657 4.40904 8
    endloop
  endfacet
  facet normal 0 -0 -1
    outer loop
      vertex 23.3427 4.64315 0
      vertex 23.507 3.72314 0
      vertex 22.1657 4.40904 0
    endloop
  endfacet
  facet normal -0 0 -1
    outer loop
      vertex 23.507 3.72314 0
      vertex 22.3217 3.53542 0
      vertex 22.1657 4.40904 0
    endloop
  endfacet
  facet normal 0.696145 0.124291 -0.70706
    outer loop
      vertex 23.9312 4.7602 0.599991
      vertex 24.0996 3.817 0.599991
      vertex 23.3427 4.64315 0
    endloop
  endfacet
  facet normal 0.696163 0.124324 -0.707036
    outer loop
      vertex 24.0996 3.817 0.599991
      vertex 23.507 3.72314 0
      vertex 23.3427 4.64315 0
    endloop
  endfacet
  facet normal 0 -0 -1
    outer loop
      vertex 26.075 4.12987 0.599991
      vertex 26.217 3.10299 0.599991
      vertex 24.0996 3.817 0.599991
    endloop
  endfacet
  facet normal -0 0 -1
    outer loop
      vertex 26.217 3.10299 0.599991
      vertex 24.2309 2.86791 0.599991
      vertex 24.0996 3.817 0.599991
    endloop
  endfacet
  facet normal 0.990574 0.136979 0
    outer loop
      vertex 26.075 4.12987 2.39999
      vertex 26.217 3.10299 2.39999
      vertex 26.075 4.12987 0.599991
    endloop
  endfacet
  facet normal 0.990574 0.136979 0
    outer loop
      vertex 26.217 3.10299 2.39999
      vertex 26.217 3.10299 0.599991
      vertex 26.075 4.12987 0.599991
    endloop
  endfacet
  facet normal -0 0 1
    outer loop
      vertex 24.0996 3.817 2.39999
      vertex 24.2309 2.86791 2.39999
      vertex 26.075 4.12987 2.39999
    endloop
  endfacet
  facet normal 0 0 1
    outer loop
      vertex 24.2309 2.86791 2.39999
      vertex 26.217 3.10299 2.39999
      vertex 26.075 4.12987 2.39999
    endloop
  endfacet
  facet normal 0.990566 0.137038 0
    outer loop
      vertex 24.0996 3.817 8
      vertex 24.2309 2.86791 8
      vertex 24.0996 3.817 2.39999
    endloop
  endfacet
  facet normal 0.990566 0.137038 0
    outer loop
      vertex 24.2309 2.86791 8
      vertex 24.2309 2.86791 2.39999
      vertex 24.0996 3.817 2.39999
    endloop
  endfacet
  facet normal 0.875116 0.121078 -0.468522
    outer loop
      vertex 38.5593 6.1072 35.6
      vertex 38.7694 4.58866 35.6
      vertex 24.0996 3.817 8
    endloop
  endfacet
  facet normal 0.875117 0.121066 -0.468522
    outer loop
      vertex 38.7694 4.58866 35.6
      vertex 24.2309 2.86791 8
      vertex 24.0996 3.817 8
    endloop
  endfacet
  facet normal 0.990564 0.137051 0
    outer loop
      vertex 38.5593 6.1072 37.2
      vertex 38.7694 4.58866 37.2
      vertex 38.5593 6.1072 35.6
    endloop
  endfacet
  facet normal 0.990564 0.137051 0
    outer loop
      vertex 38.7694 4.58866 37.2
      vertex 38.7694 4.58866 35.6
      vertex 38.5593 6.1072 35.6
    endloop
  endfacet
  facet normal 0.70053 0.0968785 0.707016
    outer loop
      vertex 37.7692 5.98205 38
      vertex 37.9749 4.49463 38
      vertex 38.5593 6.1072 37.2
    endloop
  endfacet
  facet normal 0.700483 0.0969164 0.707058
    outer loop
      vertex 37.9749 4.49463 38
      vertex 38.7694 4.58866 37.2
      vertex 38.5593 6.1072 37.2
    endloop
  endfacet
  facet normal -0 0 1
    outer loop
      vertex 36.7815 5.82562 38
      vertex 36.9819 4.37709 38
      vertex 37.7692 5.98205 38
    endloop
  endfacet
  facet normal 0 0 1
    outer loop
      vertex 36.9819 4.37709 38
      vertex 37.9749 4.49463 38
      vertex 37.7692 5.98205 38
    endloop
  endfacet
  facet normal -0.990565 -0.137042 0
    outer loop
      vertex 36.7815 5.82562 35.6
      vertex 36.9819 4.37709 35.6
      vertex 36.7815 5.82562 38
    endloop
  endfacet
  facet normal -0.990565 -0.137042 0
    outer loop
      vertex 36.9819 4.37709 35.6
      vertex 36.9819 4.37709 38
      vertex 36.7815 5.82562 38
    endloop
  endfacet
  facet normal -0.875118 -0.121052 0.468524
    outer loop
      vertex 22.3217 3.53542 8
      vertex 22.4433 2.65634 8
      vertex 36.7815 5.82562 35.6
    endloop
  endfacet
  facet normal -0.875115 -0.12107 0.468525
    outer loop
      vertex 22.4433 2.65634 8
      vertex 36.9819 4.37709 35.6
      vertex 36.7815 5.82562 35.6
    endloop
  endfacet
  facet normal -0.990568 -0.137022 0
    outer loop
      vertex 22.3217 3.53542 0
      vertex 22.4433 2.65634 0
      vertex 22.3217 3.53542 8
    endloop
  endfacet
  facet normal -0.990568 -0.137022 0
    outer loop
      vertex 22.4433 2.65634 0
      vertex 22.4433 2.65634 8
      vertex 22.3217 3.53542 8
    endloop
  endfacet
  facet normal 0 -0 -1
    outer loop
      vertex 23.507 3.72314 0
      vertex 23.635 2.79739 0
      vertex 22.3217 3.53542 0
    endloop
  endfacet
  facet normal -0 0 -1
    outer loop
      vertex 23.635 2.79739 0
      vertex 22.4433 2.65634 0
      vertex 22.3217 3.53542 0
    endloop
  endfacet
  facet normal 0.700505 0.0969101 -0.707036
    outer loop
      vertex 24.0996 3.817 0.599991
      vertex 24.2309 2.86791 0.599991
      vertex 23.507 3.72314 0
    endloop
  endfacet
  facet normal 0.700471 0.0968515 -0.707078
    outer loop
      vertex 24.2309 2.86791 0.599991
      vertex 23.635 2.79739 0
      vertex 23.507 3.72314 0
    endloop
  endfacet
  facet normal 0 -0 -1
    outer loop
      vertex 26.217 3.10299 0.599991
      vertex 26.3186 2.07132 0.599991
      vertex 24.2309 2.86791 0.599991
    endloop
  endfacet
  facet normal -0 0 -1
    outer loop
      vertex 26.3186 2.07132 0.599991
      vertex 24.3248 1.9144 0.599991
      vertex 24.2309 2.86791 0.599991
    endloop
  endfacet
  facet normal 0.995186 0.098007 0
    outer loop
      vertex 26.217 3.10299 2.39999
      vertex 26.3186 2.07132 2.39999
      vertex 26.217 3.10299 0.599991
    endloop
  endfacet
  facet normal 0.995186 0.098007 0
    outer loop
      vertex 26.3186 2.07132 2.39999
      vertex 26.3186 2.07132 0.599991
      vertex 26.217 3.10299 0.599991
    endloop
  endfacet
  facet normal -0 0 1
    outer loop
      vertex 24.2309 2.86791 2.39999
      vertex 24.3248 1.9144 2.39999
      vertex 26.217 3.10299 2.39999
    endloop
  endfacet
  facet normal 0 0 1
    outer loop
      vertex 24.3248 1.9144 2.39999
      vertex 26.3186 2.07132 2.39999
      vertex 26.217 3.10299 2.39999
    endloop
  endfacet
  facet normal 0.995186 0.0980042 0
    outer loop
      vertex 24.2309 2.86791 8
      vertex 24.3248 1.9144 8
      vertex 24.2309 2.86791 2.39999
    endloop
  endfacet
  facet normal 0.995186 0.0980042 0
    outer loop
      vertex 24.3248 1.9144 8
      vertex 24.3248 1.9144 2.39999
      vertex 24.2309 2.86791 2.39999
    endloop
  endfacet
  facet normal 0.879201 0.0865589 -0.468522
    outer loop
      vertex 38.7694 4.58866 35.6
      vertex 38.9196 3.06304 35.6
      vertex 24.2309 2.86791 8
    endloop
  endfacet
  facet normal 0.879199 0.086582 -0.468521
    outer loop
      vertex 38.9196 3.06304 35.6
      vertex 24.3248 1.9144 8
      vertex 24.2309 2.86791 8
    endloop
  endfacet
  facet normal 0.995189 0.0979781 0
    outer loop
      vertex 38.7694 4.58866 37.2
      vertex 38.9196 3.06304 37.2
      vertex 38.7694 4.58866 35.6
    endloop
  endfacet
  facet normal 0.995189 0.0979781 0
    outer loop
      vertex 38.9196 3.06304 37.2
      vertex 38.9196 3.06304 35.6
      vertex 38.7694 4.58866 35.6
    endloop
  endfacet
  facet normal 0.703749 0.0693223 0.707059
    outer loop
      vertex 37.9749 4.49463 38
      vertex 38.1221 3.00028 38
      vertex 38.7694 4.58866 37.2
    endloop
  endfacet
  facet normal 0.703787 0.0692891 0.707024
    outer loop
      vertex 38.1221 3.00028 38
      vertex 38.9196 3.06304 37.2
      vertex 38.7694 4.58866 37.2
    endloop
  endfacet
  facet normal -0 0 1
    outer loop
      vertex 36.9819 4.37709 38
      vertex 37.1252 2.92182 38
      vertex 37.9749 4.49463 38
    endloop
  endfacet
  facet normal 0 0 1
    outer loop
      vertex 37.1252 2.92182 38
      vertex 38.1221 3.00028 38
      vertex 37.9749 4.49463 38
    endloop
  endfacet
  facet normal -0.995187 -0.0979957 0
    outer loop
      vertex 36.9819 4.37709 35.6
      vertex 37.1252 2.92182 35.6
      vertex 36.9819 4.37709 38
    endloop
  endfacet
  facet normal -0.995187 -0.0979957 0
    outer loop
      vertex 37.1252 2.92182 35.6
      vertex 37.1252 2.92182 38
      vertex 36.9819 4.37709 38
    endloop
  endfacet
  facet normal -0.879195 -0.0866084 0.468525
    outer loop
      vertex 22.4433 2.65634 8
      vertex 22.5303 1.77317 8
      vertex 36.9819 4.37709 35.6
    endloop
  endfacet
  facet normal -0.879199 -0.0865744 0.468524
    outer loop
      vertex 22.5303 1.77317 8
      vertex 37.1252 2.92182 35.6
      vertex 36.9819 4.37709 35.6
    endloop
  endfacet
  facet normal -0.995183 -0.0980343 0
    outer loop
      vertex 22.4433 2.65634 0
      vertex 22.5303 1.77317 0
      vertex 22.4433 2.65634 8
    endloop
  endfacet
  facet normal -0.995183 -0.0980343 0
    outer loop
      vertex 22.5303 1.77317 0
      vertex 22.5303 1.77317 8
      vertex 22.4433 2.65634 8
    endloop
  endfacet
  facet normal 0 -0 -1
    outer loop
      vertex 23.635 2.79739 0
      vertex 23.7266 1.86733 0
      vertex 22.4433 2.65634 0
    endloop
  endfacet
  facet normal -0 0 -1
    outer loop
      vertex 23.7266 1.86733 0
      vertex 22.5303 1.77317 0
      vertex 22.4433 2.65634 0
    endloop
  endfacet
  facet normal 0.703731 0.0693022 -0.707078
    outer loop
      vertex 24.2309 2.86791 0.599991
      vertex 24.3248 1.9144 0.599991
      vertex 23.635 2.79739 0
    endloop
  endfacet
  facet normal 0.703736 0.0693097 -0.707073
    outer loop
      vertex 24.3248 1.9144 0.599991
      vertex 23.7266 1.86733 0
      vertex 23.635 2.79739 0
    endloop
  endfacet
  facet normal 0 -0 -1
    outer loop
      vertex 26.3186 2.07132 0.599991
      vertex 26.3796 1.03646 0.599991
      vertex 24.3248 1.9144 0.599991
    endloop
  endfacet
  facet normal -0 0 -1
    outer loop
      vertex 26.3796 1.03646 0.599991
      vertex 24.3812 0.957939 0.599991
      vertex 24.3248 1.9144 0.599991
    endloop
  endfacet
  facet normal 0.998267 0.058843 0
    outer loop
      vertex 26.3186 2.07132 2.39999
      vertex 26.3796 1.03646 2.39999
      vertex 26.3186 2.07132 0.599991
    endloop
  endfacet
  facet normal 0.998267 0.058843 0
    outer loop
      vertex 26.3796 1.03646 2.39999
      vertex 26.3796 1.03646 0.599991
      vertex 26.3186 2.07132 0.599991
    endloop
  endfacet
  facet normal -0 0 1
    outer loop
      vertex 24.3248 1.9144 2.39999
      vertex 24.3812 0.957939 2.39999
      vertex 26.3186 2.07132 2.39999
    endloop
  endfacet
  facet normal 0 0 1
    outer loop
      vertex 24.3812 0.957939 2.39999
      vertex 26.3796 1.03646 2.39999
      vertex 26.3186 2.07132 2.39999
    endloop
  endfacet
  facet normal 0.998266 0.0588651 0
    outer loop
      vertex 24.3248 1.9144 8
      vertex 24.3812 0.957939 8
      vertex 24.3248 1.9144 2.39999
    endloop
  endfacet
  facet normal 0.998266 0.0588651 0
    outer loop
      vertex 24.3812 0.957939 8
      vertex 24.3812 0.957939 2.39999
      vertex 24.3248 1.9144 2.39999
    endloop
  endfacet
  facet normal 0.881918 0.0520389 -0.468521
    outer loop
      vertex 38.9196 3.06304 35.6
      vertex 39.0099 1.5327 35.6
      vertex 24.3248 1.9144 8
    endloop
  endfacet
  facet normal 0.88192 0.0520045 -0.468523
    outer loop
      vertex 39.0099 1.5327 35.6
      vertex 24.3812 0.957939 8
      vertex 24.3248 1.9144 8
    endloop
  endfacet
  facet normal 0.998264 0.058904 0
    outer loop
      vertex 38.9196 3.06304 37.2
      vertex 39.0099 1.5327 37.2
      vertex 38.9196 3.06304 35.6
    endloop
  endfacet
  facet normal 0.998264 0.058904 0
    outer loop
      vertex 39.0099 1.5327 37.2
      vertex 39.0099 1.5327 35.6
      vertex 38.9196 3.06304 35.6
    endloop
  endfacet
  facet normal 0.705964 0.0416328 0.707023
    outer loop
      vertex 38.1221 3.00028 38
      vertex 38.2105 1.50129 38
      vertex 38.9196 3.06304 37.2
    endloop
  endfacet
  facet normal 0.70594 0.041655 0.707046
    outer loop
      vertex 38.2105 1.50129 38
      vertex 39.0099 1.5327 37.2
      vertex 38.9196 3.06304 37.2
    endloop
  endfacet
  facet normal -0 0 1
    outer loop
      vertex 37.1252 2.92182 38
      vertex 37.2113 1.46204 38
      vertex 38.1221 3.00028 38
    endloop
  endfacet
  facet normal 0 0 1
    outer loop
      vertex 37.2113 1.46204 38
      vertex 38.2105 1.50129 38
      vertex 38.1221 3.00028 38
    endloop
  endfacet
  facet normal -0.998265 -0.0588792 0
    outer loop
      vertex 37.1252 2.92182 35.6
      vertex 37.2113 1.46204 35.6
      vertex 37.1252 2.92182 38
    endloop
  endfacet
  facet normal -0.998265 -0.0588792 0
    outer loop
      vertex 37.2113 1.46204 35.6
      vertex 37.2113 1.46204 38
      vertex 37.1252 2.92182 38
    endloop
  endfacet
  facet normal -0.881915 -0.0520648 0.468524
    outer loop
      vertex 22.5303 1.77317 8
      vertex 22.5826 0.887271 8
      vertex 37.1252 2.92182 35.6
    endloop
  endfacet
  facet normal -0.881919 -0.0520169 0.468523
    outer loop
      vertex 22.5826 0.887271 8
      vertex 37.2113 1.46204 35.6
      vertex 37.1252 2.92182 35.6
    endloop
  endfacet
  facet normal -0.998262 -0.0589335 0
    outer loop
      vertex 22.5303 1.77317 0
      vertex 22.5826 0.887271 0
      vertex 22.5303 1.77317 8
    endloop
  endfacet
  facet normal -0.998262 -0.0589335 0
    outer loop
      vertex 22.5826 0.887271 0
      vertex 22.5826 0.887271 8
      vertex 22.5303 1.77317 8
    endloop
  endfacet
  facet normal 0 -0 -1
    outer loop
      vertex 23.7266 1.86733 0
      vertex 23.7816 0.934383 0
      vertex 22.5303 1.77317 0
    endloop
  endfacet
  facet normal -0 0 -1
    outer loop
      vertex 23.7816 0.934383 0
      vertex 22.5826 0.887271 0
      vertex 22.5303 1.77317 0
    endloop
  endfacet
  facet normal 0.705914 0.0416259 -0.707073
    outer loop
      vertex 24.3248 1.9144 0.599991
      vertex 24.3812 0.957939 0.599991
      vertex 23.7266 1.86733 0
    endloop
  endfacet
  facet normal 0.705907 0.0416153 -0.707081
    outer loop
      vertex 24.3812 0.957939 0.599991
      vertex 23.7816 0.934383 0
      vertex 23.7266 1.86733 0
    endloop
  endfacet
  facet normal 0 -0 -1
    outer loop
      vertex 26.3796 1.03646 0.599991
      vertex 26.4 0 0.599991
      vertex 24.3812 0.957939 0.599991
    endloop
  endfacet
  facet normal 0 0 -1
    outer loop
      vertex 26.4 0 0.599991
      vertex 24.4 0 0.599991
      vertex 24.3812 0.957939 0.599991
    endloop
  endfacet
  facet normal 0.999806 0.0196786 0
    outer loop
      vertex 26.3796 1.03646 2.39999
      vertex 26.4 0 2.39999
      vertex 26.3796 1.03646 0.599991
    endloop
  endfacet
  facet normal 0.999806 0.0196786 0
    outer loop
      vertex 26.4 0 2.39999
      vertex 26.4 0 0.599991
      vertex 26.3796 1.03646 0.599991
    endloop
  endfacet
  facet normal -0 0 1
    outer loop
      vertex 24.3812 0.957939 2.39999
      vertex 24.4 0 2.39999
      vertex 26.3796 1.03646 2.39999
    endloop
  endfacet
  facet normal 0 0 1
    outer loop
      vertex 24.4 0 2.39999
      vertex 26.4 0 2.39999
      vertex 26.3796 1.03646 2.39999
    endloop
  endfacet
  facet normal 0.999807 0.0196217 0
    outer loop
      vertex 24.3812 0.957939 8
      vertex 24.4 0 8
      vertex 24.3812 0.957939 2.39999
    endloop
  endfacet
  facet normal 0.999807 0.0196217 0
    outer loop
      vertex 24.4 0 8
      vertex 24.4 0 2.39999
      vertex 24.3812 0.957939 2.39999
    endloop
  endfacet
  facet normal 0.883281 0.0173464 -0.468523
    outer loop
      vertex 39.0099 1.5327 35.6
      vertex 39.04 0 35.6
      vertex 24.3812 0.957939 8
    endloop
  endfacet
  facet normal 0.883281 0.0173348 -0.468523
    outer loop
      vertex 39.04 0 35.6
      vertex 24.4 0 8
      vertex 24.3812 0.957939 8
    endloop
  endfacet
  facet normal 0.999807 0.0196348 0
    outer loop
      vertex 39.0099 1.5327 37.2
      vertex 39.04 0 37.2
      vertex 39.0099 1.5327 35.6
    endloop
  endfacet
  facet normal 0.999807 0.0196348 0
    outer loop
      vertex 39.04 0 37.2
      vertex 39.04 0 35.6
      vertex 39.0099 1.5327 35.6
    endloop
  endfacet
  facet normal 0.707031 0.013893 0.707046
    outer loop
      vertex 38.2105 1.50129 38
      vertex 38.24 0 38
      vertex 39.0099 1.5327 37.2
    endloop
  endfacet
  facet normal 0.707039 0.0138852 0.707039
    outer loop
      vertex 38.24 0 38
      vertex 39.04 0 37.2
      vertex 39.0099 1.5327 37.2
    endloop
  endfacet
  facet normal -0 0 1
    outer loop
      vertex 37.2113 1.46204 38
      vertex 37.24 0 38
      vertex 38.2105 1.50129 38
    endloop
  endfacet
  facet normal 0 0 1
    outer loop
      vertex 37.24 0 38
      vertex 38.24 0 38
      vertex 38.2105 1.50129 38
    endloop
  endfacet
  facet normal -0.999807 -0.0196263 0
    outer loop
      vertex 37.2113 1.46204 35.6
      vertex 37.24 0 35.6
      vertex 37.2113 1.46204 38
    endloop
  endfacet
  facet normal -0.999807 -0.0196263 0
    outer loop
      vertex 37.24 0 35.6
      vertex 37.24 0 38
      vertex 37.2113 1.46204 38
    endloop
  endfacet
  facet normal -0.883282 -0.0173218 0.468522
    outer loop
      vertex 22.5826 0.887271 8
      vertex 22.6 0 8
      vertex 37.2113 1.46204 35.6
    endloop
  endfacet
  facet normal -0.883281 -0.0173389 0.468523
    outer loop
      vertex 22.6 0 8
      vertex 37.24 0 35.6
      vertex 37.2113 1.46204 35.6
    endloop
  endfacet
  facet normal -0.999808 -0.0196069 0
    outer loop
      vertex 22.5826 0.887271 0
      vertex 22.6 0 0
      vertex 22.5826 0.887271 8
    endloop
  endfacet
  facet normal -0.999808 -0.0196069 0
    outer loop
      vertex 22.6 0 0
      vertex 22.6 0 8
      vertex 22.5826 0.887271 8
    endloop
  endfacet
  facet normal 0 -0 -1
    outer loop
      vertex 23.7816 0.934383 0
      vertex 23.8 0 0
      vertex 22.5826 0.887271 0
    endloop
  endfacet
  facet normal 0 0 -1
    outer loop
      vertex 23.8 0 0
      vertex 22.6 0 0
      vertex 22.5826 0.887271 0
    endloop
  endfacet
  facet normal 0.706997 0.0138751 -0.707081
    outer loop
      vertex 24.3812 0.957939 0.599991
      vertex 24.4 0 0.599991
      vertex 23.7816 0.934383 0
    endloop
  endfacet
  facet normal 0.707033 0.013923 -0.707044
    outer loop
      vertex 24.4 0 0.599991
      vertex 23.8 0 0
      vertex 23.7816 0.934383 0
    endloop
  endfacet
  facet normal -0 0 -1
    outer loop
      vertex 26.4 0 0.599991
      vertex 26.3796 -1.03646 0.599991
      vertex 24.4 0 0.599991
    endloop
  endfacet
  facet normal 0 0 -1
    outer loop
      vertex 26.3796 -1.03646 0.599991
      vertex 24.3812 -0.957939 0.599991
      vertex 24.4 0 0.599991
    endloop
  endfacet
  facet normal 0.999806 -0.0196786 0
    outer loop
      vertex 26.4 0 2.39999
      vertex 26.3796 -1.03646 2.39999
      vertex 26.4 0 0.599991
    endloop
  endfacet
  facet normal 0.999806 -0.0196786 0
    outer loop
      vertex 26.3796 -1.03646 2.39999
      vertex 26.3796 -1.03646 0.599991
      vertex 26.4 0 0.599991
    endloop
  endfacet
  facet normal -0 0 1
    outer loop
      vertex 24.4 0 2.39999
      vertex 24.3812 -0.957939 2.39999
      vertex 26.4 0 2.39999
    endloop
  endfacet
  facet normal -0 0 1
    outer loop
      vertex 24.3812 -0.957939 2.39999
      vertex 26.3796 -1.03646 2.39999
      vertex 26.4 0 2.39999
    endloop
  endfacet
  facet normal 0.999807 -0.0196217 0
    outer loop
      vertex 24.4 0 8
      vertex 24.3812 -0.957939 8
      vertex 24.4 0 2.39999
    endloop
  endfacet
  facet normal 0.999807 -0.0196217 0
    outer loop
      vertex 24.3812 -0.957939 8
      vertex 24.3812 -0.957939 2.39999
      vertex 24.4 0 2.39999
    endloop
  endfacet
  facet normal 0.883281 -0.0173464 -0.468523
    outer loop
      vertex 39.04 0 35.6
      vertex 39.0099 -1.5327 35.6
      vertex 24.4 0 8
    endloop
  endfacet
  facet normal 0.883281 -0.0173348 -0.468523
    outer loop
      vertex 39.0099 -1.5327 35.6
      vertex 24.3812 -0.957939 8
      vertex 24.4 0 8
    endloop
  endfacet
  facet normal 0.999807 -0.0196348 0
    outer loop
      vertex 39.04 0 37.2
      vertex 39.0099 -1.5327 37.2
      vertex 39.04 0 35.6
    endloop
  endfacet
  facet normal 0.999807 -0.0196348 0
    outer loop
      vertex 39.0099 -1.5327 37.2
      vertex 39.0099 -1.5327 35.6
      vertex 39.04 0 35.6
    endloop
  endfacet
  facet normal 0.707039 -0.0138931 0.707039
    outer loop
      vertex 38.24 0 38
      vertex 38.2105 -1.50129 38
      vertex 39.04 0 37.2
    endloop
  endfacet
  facet normal 0.707031 -0.0138851 0.707046
    outer loop
      vertex 38.2105 -1.50129 38
      vertex 39.0099 -1.5327 37.2
      vertex 39.04 0 37.2
    endloop
  endfacet
  facet normal -0 0 1
    outer loop
      vertex 37.24 0 38
      vertex 37.2113 -1.46204 38
      vertex 38.24 0 38
    endloop
  endfacet
  facet normal -0 0 1
    outer loop
      vertex 37.2113 -1.46204 38
      vertex 38.2105 -1.50129 38
      vertex 38.24 0 38
    endloop
  endfacet
  facet normal -0.999807 0.0196263 0
    outer loop
      vertex 37.24 0 35.6
      vertex 37.2113 -1.46204 35.6
      vertex 37.24 0 38
    endloop
  endfacet
  facet normal -0.999807 0.0196263 0
    outer loop
      vertex 37.2113 -1.46204 35.6
      vertex 37.2113 -1.46204 38
      vertex 37.24 0 38
    endloop
  endfacet
  facet normal -0.883281 0.0173218 0.468523
    outer loop
      vertex 22.6 0 8
      vertex 22.5826 -0.887271 8
      vertex 37.24 0 35.6
    endloop
  endfacet
  facet normal -0.883281 0.0173389 0.468523
    outer loop
      vertex 22.5826 -0.887271 8
      vertex 37.2113 -1.46204 35.6
      vertex 37.24 0 35.6
    endloop
  endfacet
  facet normal -0.999808 0.0196069 0
    outer loop
      vertex 22.6 0 0
      vertex 22.5826 -0.887271 0
      vertex 22.6 0 8
    endloop
  endfacet
  facet normal -0.999808 0.0196069 0
    outer loop
      vertex 22.5826 -0.887271 0
      vertex 22.5826 -0.887271 8
      vertex 22.6 0 8
    endloop
  endfacet
  facet normal -0 0 -1
    outer loop
      vertex 23.8 0 0
      vertex 23.7816 -0.934383 0
      vertex 22.6 0 0
    endloop
  endfacet
  facet normal 0 0 -1
    outer loop
      vertex 23.7816 -0.934383 0
      vertex 22.5826 -0.887271 0
      vertex 22.6 0 0
    endloop
  endfacet
  facet normal 0.707033 -0.0138759 -0.707044
    outer loop
      vertex 24.4 0 0.599991
      vertex 24.3812 -0.957939 0.599991
      vertex 23.8 0 0
    endloop
  endfacet
  facet normal 0.706995 -0.0139223 -0.707081
    outer loop
      vertex 24.3812 -0.957939 0.599991
      vertex 23.7816 -0.934383 0
      vertex 23.8 0 0
    endloop
  endfacet
  facet normal -0 0 -1
    outer loop
      vertex 26.3796 -1.03646 0.599991
      vertex 26.3186 -2.07132 0.599991
      vertex 24.3812 -0.957939 0.599991
    endloop
  endfacet
  facet normal 0 0 -1
    outer loop
      vertex 26.3186 -2.07132 0.599991
      vertex 24.3248 -1.9144 0.599991
      vertex 24.3812 -0.957939 0.599991
    endloop
  endfacet
  facet normal 0.998267 -0.058843 0
    outer loop
      vertex 26.3796 -1.03646 2.39999
      vertex 26.3186 -2.07132 2.39999
      vertex 26.3796 -1.03646 0.599991
    endloop
  endfacet
  facet normal 0.998267 -0.058843 0
    outer loop
      vertex 26.3186 -2.07132 2.39999
      vertex 26.3186 -2.07132 0.599991
      vertex 26.3796 -1.03646 0.599991
    endloop
  endfacet
  facet normal 0 0 1
    outer loop
      vertex 24.3812 -0.957939 2.39999
      vertex 24.3248 -1.9144 2.39999
      vertex 26.3796 -1.03646 2.39999
    endloop
  endfacet
  facet normal -0 0 1
    outer loop
      vertex 24.3248 -1.9144 2.39999
      vertex 26.3186 -2.07132 2.39999
      vertex 26.3796 -1.03646 2.39999
    endloop
  endfacet
  facet normal 0.998266 -0.0588651 0
    outer loop
      vertex 24.3812 -0.957939 8
      vertex 24.3248 -1.9144 8
      vertex 24.3812 -0.957939 2.39999
    endloop
  endfacet
  facet normal 0.998266 -0.0588651 0
    outer loop
      vertex 24.3248 -1.9144 8
      vertex 24.3248 -1.9144 2.39999
      vertex 24.3812 -0.957939 2.39999
    endloop
  endfacet
  facet normal 0.881918 -0.0520389 -0.468522
    outer loop
      vertex 39.0099 -1.5327 35.6
      vertex 38.9196 -3.06304 35.6
      vertex 24.3812 -0.957939 8
    endloop
  endfacet
  facet normal 0.88192 -0.0520045 -0.468521
    outer loop
      vertex 38.9196 -3.06304 35.6
      vertex 24.3248 -1.9144 8
      vertex 24.3812 -0.957939 8
    endloop
  endfacet
  facet normal 0.998264 -0.058904 0
    outer loop
      vertex 39.0099 -1.5327 37.2
      vertex 38.9196 -3.06304 37.2
      vertex 39.0099 -1.5327 35.6
    endloop
  endfacet
  facet normal 0.998264 -0.058904 0
    outer loop
      vertex 38.9196 -3.06304 37.2
      vertex 38.9196 -3.06304 35.6
      vertex 39.0099 -1.5327 35.6
    endloop
  endfacet
  facet normal 0.705941 -0.0416315 0.707046
    outer loop
      vertex 38.2105 -1.50129 38
      vertex 38.1221 -3.00028 38
      vertex 39.0099 -1.5327 37.2
    endloop
  endfacet
  facet normal 0.705962 -0.0416563 0.707024
    outer loop
      vertex 38.1221 -3.00028 38
      vertex 38.9196 -3.06304 37.2
      vertex 39.0099 -1.5327 37.2
    endloop
  endfacet
  facet normal 0 0 1
    outer loop
      vertex 37.2113 -1.46204 38
      vertex 37.1252 -2.92182 38
      vertex 38.2105 -1.50129 38
    endloop
  endfacet
  facet normal -0 0 1
    outer loop
      vertex 37.1252 -2.92182 38
      vertex 38.1221 -3.00028 38
      vertex 38.2105 -1.50129 38
    endloop
  endfacet
  facet normal -0.998265 0.0588792 0
    outer loop
      vertex 37.2113 -1.46204 35.6
      vertex 37.1252 -2.92182 35.6
      vertex 37.2113 -1.46204 38
    endloop
  endfacet
  facet normal -0.998265 0.0588792 0
    outer loop
      vertex 37.1252 -2.92182 35.6
      vertex 37.1252 -2.92182 38
      vertex 37.2113 -1.46204 38
    endloop
  endfacet
  facet normal -0.881916 0.0520649 0.468522
    outer loop
      vertex 22.5826 -0.887271 8
      vertex 22.5303 -1.77317 8
      vertex 37.2113 -1.46204 35.6
    endloop
  endfacet
  facet normal -0.881918 0.0520168 0.468524
    outer loop
      vertex 22.5303 -1.77317 8
      vertex 37.1252 -2.92182 35.6
      vertex 37.2113 -1.46204 35.6
    endloop
  endfacet
  facet normal -0.998262 0.0589335 0
    outer loop
      vertex 22.5826 -0.887271 0
      vertex 22.5303 -1.77317 0
      vertex 22.5826 -0.887271 8
    endloop
  endfacet
  facet normal -0.998262 0.0589335 0
    outer loop
      vertex 22.5303 -1.77317 0
      vertex 22.5303 -1.77317 8
      vertex 22.5826 -0.887271 8
    endloop
  endfacet
  facet normal -0 0 -1
    outer loop
      vertex 23.7816 -0.934383 0
      vertex 23.7266 -1.86733 0
      vertex 22.5826 -0.887271 0
    endloop
  endfacet
  facet normal 0 0 -1
    outer loop
      vertex 23.7266 -1.86733 0
      vertex 22.5303 -1.77317 0
      vertex 22.5826 -0.887271 0
    endloop
  endfacet
  facet normal 0.705907 -0.0416255 -0.707081
    outer loop
      vertex 24.3812 -0.957939 0.599991
      vertex 24.3248 -1.9144 0.599991
      vertex 23.7816 -0.934383 0
    endloop
  endfacet
  facet normal 0.705915 -0.0416158 -0.707073
    outer loop
      vertex 24.3248 -1.9144 0.599991
      vertex 23.7266 -1.86733 0
      vertex 23.7816 -0.934383 0
    endloop
  endfacet
  facet normal -0 0 -1
    outer loop
      vertex 26.3186 -2.07132 0.599991
      vertex 26.217 -3.10299 0.599991
      vertex 24.3248 -1.9144 0.599991
    endloop
  endfacet
  facet normal 0 0 -1
    outer loop
      vertex 26.217 -3.10299 0.599991
      vertex 24.2309 -2.86791 0.599991
      vertex 24.3248 -1.9144 0.599991
    endloop
  endfacet
  facet normal 0.995186 -0.098007 0
    outer loop
      vertex 26.3186 -2.07132 2.39999
      vertex 26.217 -3.10299 2.39999
      vertex 26.3186 -2.07132 0.599991
    endloop
  endfacet
  facet normal 0.995186 -0.098007 0
    outer loop
      vertex 26.217 -3.10299 2.39999
      vertex 26.217 -3.10299 0.599991
      vertex 26.3186 -2.07132 0.599991
    endloop
  endfacet
  facet normal 0 0 1
    outer loop
      vertex 24.3248 -1.9144 2.39999
      vertex 24.2309 -2.86791 2.39999
      vertex 26.3186 -2.07132 2.39999
    endloop
  endfacet
  facet normal -0 0 1
    outer loop
      vertex 24.2309 -2.86791 2.39999
      vertex 26.217 -3.10299 2.39999
      vertex 26.3186 -2.07132 2.39999
    endloop
  endfacet
  facet normal 0.995186 -0.0980042 0
    outer loop
      vertex 24.3248 -1.9144 8
      vertex 24.2309 -2.86791 8
      vertex 24.3248 -1.9144 2.39999
    endloop
  endfacet
  facet normal 0.995186 -0.0980042 0
    outer loop
      vertex 24.2309 -2.86791 8
      vertex 24.2309 -2.86791 2.39999
      vertex 24.3248 -1.9144 2.39999
    endloop
  endfacet
  facet normal 0.879201 -0.0865589 -0.468522
    outer loop
      vertex 38.9196 -3.06304 35.6
      vertex 38.7694 -4.58866 35.6
      vertex 24.3248 -1.9144 8
    endloop
  endfacet
  facet normal 0.879199 -0.086582 -0.468522
    outer loop
      vertex 38.7694 -4.58866 35.6
      vertex 24.2309 -2.86791 8
      vertex 24.3248 -1.9144 8
    endloop
  endfacet
  facet normal 0.995189 -0.0979781 0
    outer loop
      vertex 38.9196 -3.06304 37.2
      vertex 38.7694 -4.58866 37.2
      vertex 38.9196 -3.06304 35.6
    endloop
  endfacet
  facet normal 0.995189 -0.0979781 0
    outer loop
      vertex 38.7694 -4.58866 37.2
      vertex 38.7694 -4.58866 35.6
      vertex 38.9196 -3.06304 35.6
    endloop
  endfacet
  facet normal 0.703784 -0.0693258 0.707023
    outer loop
      vertex 38.1221 -3.00028 38
      vertex 37.9749 -4.49463 38
      vertex 38.9196 -3.06304 37.2
    endloop
  endfacet
  facet normal 0.703753 -0.0692857 0.707058
    outer loop
      vertex 37.9749 -4.49463 38
      vertex 38.7694 -4.58866 37.2
      vertex 38.9196 -3.06304 37.2
    endloop
  endfacet
  facet normal 0 0 1
    outer loop
      vertex 37.1252 -2.92182 38
      vertex 36.9819 -4.37709 38
      vertex 38.1221 -3.00028 38
    endloop
  endfacet
  facet normal -0 0 1
    outer loop
      vertex 36.9819 -4.37709 38
      vertex 37.9749 -4.49463 38
      vertex 38.1221 -3.00028 38
    endloop
  endfacet
  facet normal -0.995187 0.0979957 0
    outer loop
      vertex 37.1252 -2.92182 35.6
      vertex 36.9819 -4.37709 35.6
      vertex 37.1252 -2.92182 38
    endloop
  endfacet
  facet normal -0.995187 0.0979957 0
    outer loop
      vertex 36.9819 -4.37709 35.6
      vertex 36.9819 -4.37709 38
      vertex 37.1252 -2.92182 38
    endloop
  endfacet
  facet normal -0.879195 0.0866085 0.468524
    outer loop
      vertex 22.5303 -1.77317 8
      vertex 22.4433 -2.65634 8
      vertex 37.1252 -2.92182 35.6
    endloop
  endfacet
  facet normal -0.879198 0.0865744 0.468525
    outer loop
      vertex 22.4433 -2.65634 8
      vertex 36.9819 -4.37709 35.6
      vertex 37.1252 -2.92182 35.6
    endloop
  endfacet
  facet normal -0.995183 0.0980343 0
    outer loop
      vertex 22.5303 -1.77317 0
      vertex 22.4433 -2.65634 0
      vertex 22.5303 -1.77317 8
    endloop
  endfacet
  facet normal -0.995183 0.0980343 0
    outer loop
      vertex 22.4433 -2.65634 0
      vertex 22.4433 -2.65634 8
      vertex 22.5303 -1.77317 8
    endloop
  endfacet
  facet normal -0 0 -1
    outer loop
      vertex 23.7266 -1.86733 0
      vertex 23.635 -2.79739 0
      vertex 22.5303 -1.77317 0
    endloop
  endfacet
  facet normal 0 0 -1
    outer loop
      vertex 23.635 -2.79739 0
      vertex 22.4433 -2.65634 0
      vertex 22.5303 -1.77317 0
    endloop
  endfacet
  facet normal 0.703737 -0.0693028 -0.707073
    outer loop
      vertex 24.3248 -1.9144 0.599991
      vertex 24.2309 -2.86791 0.599991
      vertex 23.7266 -1.86733 0
    endloop
  endfacet
  facet normal 0.70373 -0.0693092 -0.707078
    outer loop
      vertex 24.2309 -2.86791 0.599991
      vertex 23.635 -2.79739 0
      vertex 23.7266 -1.86733 0
    endloop
  endfacet
  facet normal -0 0 -1
    outer loop
      vertex 26.217 -3.10299 0.599991
      vertex 26.075 -4.12987 0.599991
      vertex 24.2309 -2.86791 0.599991
    endloop
  endfacet
  facet normal 0 0 -1
    outer loop
      vertex 26.075 -4.12987 0.599991
      vertex 24.0996 -3.817 0.599991
      vertex 24.2309 -2.86791 0.599991
    endloop
  endfacet
  facet normal 0.990574 -0.136979 0
    outer loop
      vertex 26.217 -3.10299 2.39999
      vertex 26.075 -4.12987 2.39999
      vertex 26.217 -3.10299 0.599991
    endloop
  endfacet
  facet normal 0.990574 -0.136979 0
    outer loop
      vertex 26.075 -4.12987 2.39999
      vertex 26.075 -4.12987 0.599991
      vertex 26.217 -3.10299 0.599991
    endloop
  endfacet
  facet normal 0 0 1
    outer loop
      vertex 24.2309 -2.86791 2.39999
      vertex 24.0996 -3.817 2.39999
      vertex 26.217 -3.10299 2.39999
    endloop
  endfacet
  facet normal -0 0 1
    outer loop
      vertex 24.0996 -3.817 2.39999
      vertex 26.075 -4.12987 2.39999
      vertex 26.217 -3.10299 2.39999
    endloop
  endfacet
  facet normal 0.990566 -0.137038 0
    outer loop
      vertex 24.2309 -2.86791 8
      vertex 24.0996 -3.817 8
      vertex 24.2309 -2.86791 2.39999
    endloop
  endfacet
  facet normal 0.990566 -0.137038 0
    outer loop
      vertex 24.0996 -3.817 8
      vertex 24.0996 -3.817 2.39999
      vertex 24.2309 -2.86791 2.39999
    endloop
  endfacet
  facet normal 0.875115 -0.121078 -0.468522
    outer loop
      vertex 38.7694 -4.58866 35.6
      vertex 38.5593 -6.1072 35.6
      vertex 24.2309 -2.86791 8
    endloop
  endfacet
  facet normal 0.875117 -0.121066 -0.468522
    outer loop
      vertex 38.5593 -6.1072 35.6
      vertex 24.0996 -3.817 8
      vertex 24.2309 -2.86791 8
    endloop
  endfacet
  facet normal 0.990564 -0.137051 0
    outer loop
      vertex 38.7694 -4.58866 37.2
      vertex 38.5593 -6.1072 37.2
      vertex 38.7694 -4.58866 35.6
    endloop
  endfacet
  facet normal 0.990564 -0.137051 0
    outer loop
      vertex 38.5593 -6.1072 37.2
      vertex 38.5593 -6.1072 35.6
      vertex 38.7694 -4.58866 35.6
    endloop
  endfacet
  facet normal 0.700488 -0.0968727 0.707059
    outer loop
      vertex 37.9749 -4.49463 38
      vertex 37.7692 -5.98205 38
      vertex 38.7694 -4.58866 37.2
    endloop
  endfacet
  facet normal 0.700524 -0.096922 0.707017
    outer loop
      vertex 37.7692 -5.98205 38
      vertex 38.5593 -6.1072 37.2
      vertex 38.7694 -4.58866 37.2
    endloop
  endfacet
  facet normal 0 0 1
    outer loop
      vertex 36.9819 -4.37709 38
      vertex 36.7815 -5.82562 38
      vertex 37.9749 -4.49463 38
    endloop
  endfacet
  facet normal -0 0 1
    outer loop
      vertex 36.7815 -5.82562 38
      vertex 37.7692 -5.98205 38
      vertex 37.9749 -4.49463 38
    endloop
  endfacet
  facet normal -0.990565 0.137042 0
    outer loop
      vertex 36.9819 -4.37709 35.6
      vertex 36.7815 -5.82562 35.6
      vertex 36.9819 -4.37709 38
    endloop
  endfacet
  facet normal -0.990565 0.137042 0
    outer loop
      vertex 36.7815 -5.82562 35.6
      vertex 36.7815 -5.82562 38
      vertex 36.9819 -4.37709 38
    endloop
  endfacet
  facet normal -0.875118 0.121052 0.468525
    outer loop
      vertex 22.4433 -2.65634 8
      vertex 22.3217 -3.53542 8
      vertex 36.9819 -4.37709 35.6
    endloop
  endfacet
  facet normal -0.875116 0.12107 0.468524
    outer loop
      vertex 22.3217 -3.53542 8
      vertex 36.7815 -5.82562 35.6
      vertex 36.9819 -4.37709 35.6
    endloop
  endfacet
  facet normal -0.990568 0.137022 0
    outer loop
      vertex 22.4433 -2.65634 0
      vertex 22.3217 -3.53542 0
      vertex 22.4433 -2.65634 8
    endloop
  endfacet
  facet normal -0.990568 0.137022 0
    outer loop
      vertex 22.3217 -3.53542 0
      vertex 22.3217 -3.53542 8
      vertex 22.4433 -2.65634 8
    endloop
  endfacet
  facet normal -0 0 -1
    outer loop
      vertex 23.635 -2.79739 0
      vertex 23.507 -3.72314 0
      vertex 22.4433 -2.65634 0
    endloop
  endfacet
  facet normal 0 0 -1
    outer loop
      vertex 23.507 -3.72314 0
      vertex 22.3217 -3.53542 0
      vertex 22.4433 -2.65634 0
    endloop
  endfacet
  facet normal 0.700464 -0.0969044 -0.707078
    outer loop
      vertex 24.2309 -2.86791 0.599991
      vertex 24.0996 -3.817 0.599991
      vertex 23.635 -2.79739 0
    endloop
  endfacet
  facet normal 0.700513 -0.0968574 -0.707036
    outer loop
      vertex 24.0996 -3.817 0.599991
      vertex 23.507 -3.72314 0
      vertex 23.635 -2.79739 0
    endloop
  endfacet
  facet normal -0 0 -1
    outer loop
      vertex 26.075 -4.12987 0.599991
      vertex 25.8927 -5.15038 0.599991
      vertex 24.0996 -3.817 0.599991
    endloop
  endfacet
  facet normal 0 0 -1
    outer loop
      vertex 25.8927 -5.15038 0.599991
      vertex 23.9312 -4.7602 0.599991
      vertex 24.0996 -3.817 0.599991
    endloop
  endfacet
  facet normal 0.984417 -0.175852 0
    outer loop
      vertex 26.075 -4.12987 2.39999
      vertex 25.8927 -5.15038 2.39999
      vertex 26.075 -4.12987 0.599991
    endloop
  endfacet
  facet normal 0.984417 -0.175852 0
    outer loop
      vertex 25.8927 -5.15038 2.39999
      vertex 25.8927 -5.15038 0.599991
      vertex 26.075 -4.12987 0.599991
    endloop
  endfacet
  facet normal 0 0 1
    outer loop
      vertex 24.0996 -3.817 2.39999
      vertex 23.9312 -4.7602 2.39999
      vertex 26.075 -4.12987 2.39999
    endloop
  endfacet
  facet normal -0 0 1
    outer loop
      vertex 23.9312 -4.7602 2.39999
      vertex 25.8927 -5.15038 2.39999
      vertex 26.075 -4.12987 2.39999
    endloop
  endfacet
  facet normal 0.984433 -0.175762 0
    outer loop
      vertex 24.0996 -3.817 8
      vertex 23.9312 -4.7602 8
      vertex 24.0996 -3.817 2.39999
    endloop
  endfacet
  facet normal 0.984433 -0.175762 0
    outer loop
      vertex 23.9312 -4.7602 8
      vertex 23.9312 -4.7602 2.39999
      vertex 24.0996 -3.817 2.39999
    endloop
  endfacet
  facet normal 0.869703 -0.155255 -0.468522
    outer loop
      vertex 38.5593 -6.1072 35.6
      vertex 38.2899 -7.61632 35.6
      vertex 24.0996 -3.817 8
    endloop
  endfacet
  facet normal 0.869698 -0.155277 -0.468523
    outer loop
      vertex 38.2899 -7.61632 35.6
      vertex 23.9312 -4.7602 8
      vertex 24.0996 -3.817 8
    endloop
  endfacet
  facet normal 0.984437 -0.175736 0
    outer loop
      vertex 38.5593 -6.1072 37.2
      vertex 38.2899 -7.61632 37.2
      vertex 38.5593 -6.1072 35.6
    endloop
  endfacet
  facet normal 0.984437 -0.175736 0
    outer loop
      vertex 38.2899 -7.61632 37.2
      vertex 38.2899 -7.61632 35.6
      vertex 38.5593 -6.1072 35.6
    endloop
  endfacet
  facet normal 0.696181 -0.124335 0.707017
    outer loop
      vertex 37.7692 -5.98205 38
      vertex 37.5052 -7.46025 38
      vertex 38.5593 -6.1072 37.2
    endloop
  endfacet
  facet normal 0.696139 -0.124271 0.707069
    outer loop
      vertex 37.5052 -7.46025 38
      vertex 38.2899 -7.61632 37.2
      vertex 38.5593 -6.1072 37.2
    endloop
  endfacet
  facet normal 0 0 1
    outer loop
      vertex 36.7815 -5.82562 38
      vertex 36.5244 -7.26516 38
      vertex 37.7692 -5.98205 38
    endloop
  endfacet
  facet normal -0 0 1
    outer loop
      vertex 36.5244 -7.26516 38
      vertex 37.5052 -7.46025 38
      vertex 37.7692 -5.98205 38
    endloop
  endfacet
  facet normal -0.984423 0.175817 0
    outer loop
      vertex 36.7815 -5.82562 35.6
      vertex 36.5244 -7.26516 35.6
      vertex 36.7815 -5.82562 38
    endloop
  endfacet
  facet normal -0.984423 0.175817 0
    outer loop
      vertex 36.5244 -7.26516 35.6
      vertex 36.5244 -7.26516 38
      vertex 36.7815 -5.82562 38
    endloop
  endfacet
  facet normal -0.869694 0.155299 0.468524
    outer loop
      vertex 22.3217 -3.53542 8
      vertex 22.1657 -4.40904 8
      vertex 36.7815 -5.82562 35.6
    endloop
  endfacet
  facet normal -0.86969 0.155325 0.468523
    outer loop
      vertex 22.1657 -4.40904 8
      vertex 36.5244 -7.26516 35.6
      vertex 36.7815 -5.82562 35.6
    endloop
  endfacet
  facet normal -0.984428 0.175787 0
    outer loop
      vertex 22.3217 -3.53542 0
      vertex 22.1657 -4.40904 0
      vertex 22.3217 -3.53542 8
    endloop
  endfacet
  facet normal -0.984428 0.175787 0
    outer loop
      vertex 22.1657 -4.40904 0
      vertex 22.1657 -4.40904 8
      vertex 22.3217 -3.53542 8
    endloop
  endfacet
  facet normal -0 0 -1
    outer loop
      vertex 23.507 -3.72314 0
      vertex 23.3427 -4.64315 0
      vertex 22.3217 -3.53542 0
    endloop
  endfacet
  facet normal 0 0 -1
    outer loop
      vertex 23.3427 -4.64315 0
      vertex 22.1657 -4.40904 0
      vertex 22.3217 -3.53542 0
    endloop
  endfacet
  facet normal 0.696168 -0.124295 -0.707037
    outer loop
      vertex 24.0996 -3.817 0.599991
      vertex 23.9312 -4.7602 0.599991
      vertex 23.507 -3.72314 0
    endloop
  endfacet
  facet normal 0.69614 -0.12432 -0.70706
    outer loop
      vertex 23.9312 -4.7602 0.599991
      vertex 23.3427 -4.64315 0
      vertex 23.507 -3.72314 0
    endloop
  endfacet
  facet normal -0 0 -1
    outer loop
      vertex 25.8927 -5.15038 0.599991
      vertex 25.6706 -6.16296 0.599991
      vertex 23.9312 -4.7602 0.599991
    endloop
  endfacet
  facet normal 0 0 -1
    outer loop
      vertex 25.6706 -6.16296 0.599991
      vertex 23.7258 -5.69607 0.599991
      vertex 23.9312 -4.7602 0.599991
    endloop
  endfacet
  facet normal 0.976779 -0.214247 0
    outer loop
      vertex 25.8927 -5.15038 2.39999
      vertex 25.6706 -6.16296 2.39999
      vertex 25.8927 -5.15038 0.599991
    endloop
  endfacet
  facet normal 0.976779 -0.214247 0
    outer loop
      vertex 25.6706 -6.16296 2.39999
      vertex 25.6706 -6.16296 0.599991
      vertex 25.8927 -5.15038 0.599991
    endloop
  endfacet
  facet normal 0 0 1
    outer loop
      vertex 23.9312 -4.7602 2.39999
      vertex 23.7258 -5.69607 2.39999
      vertex 25.8927 -5.15038 2.39999
    endloop
  endfacet
  facet normal -0 0 1
    outer loop
      vertex 23.7258 -5.69607 2.39999
      vertex 25.6706 -6.16296 2.39999
      vertex 25.8927 -5.15038 2.39999
    endloop
  endfacet
  facet normal 0.976752 -0.214373 0
    outer loop
      vertex 23.9312 -4.7602 8
      vertex 23.7258 -5.69607 8
      vertex 23.9312 -4.7602 2.39999
    endloop
  endfacet
  facet normal 0.976752 -0.214373 0
    outer loop
      vertex 23.7258 -5.69607 8
      vertex 23.7258 -5.69607 2.39999
      vertex 23.9312 -4.7602 2.39999
    endloop
  endfacet
  facet normal 0.862918 -0.189366 -0.468523
    outer loop
      vertex 38.2899 -7.61632 35.6
      vertex 37.9613 -9.11371 35.6
      vertex 23.9312 -4.7602 8
    endloop
  endfacet
  facet normal 0.862913 -0.189388 -0.468524
    outer loop
      vertex 37.9613 -9.11371 35.6
      vertex 23.7258 -5.69607 8
      vertex 23.9312 -4.7602 8
    endloop
  endfacet
  facet normal 0.976757 -0.214348 0
    outer loop
      vertex 38.2899 -7.61632 37.2
      vertex 37.9613 -9.11371 37.2
      vertex 38.2899 -7.61632 35.6
    endloop
  endfacet
  facet normal 0.976757 -0.214348 0
    outer loop
      vertex 37.9613 -9.11371 37.2
      vertex 37.9613 -9.11371 35.6
      vertex 38.2899 -7.61632 35.6
    endloop
  endfacet
  facet normal 0.690715 -0.151546 0.707069
    outer loop
      vertex 37.5052 -7.46025 38
      vertex 37.1834 -8.92695 38
      vertex 38.2899 -7.61632 37.2
    endloop
  endfacet
  facet normal 0.690736 -0.151581 0.707041
    outer loop
      vertex 37.1834 -8.92695 38
      vertex 37.9613 -9.11371 37.2
      vertex 38.2899 -7.61632 37.2
    endloop
  endfacet
  facet normal 0 0 1
    outer loop
      vertex 36.5244 -7.26516 38
      vertex 36.211 -8.6935 38
      vertex 37.5052 -7.46025 38
    endloop
  endfacet
  facet normal -0 0 1
    outer loop
      vertex 36.211 -8.6935 38
      vertex 37.1834 -8.92695 38
      vertex 37.5052 -7.46025 38
    endloop
  endfacet
  facet normal -0.976764 0.214317 0
    outer loop
      vertex 36.5244 -7.26516 35.6
      vertex 36.211 -8.6935 35.6
      vertex 36.5244 -7.26516 38
    endloop
  endfacet
  facet normal -0.976764 0.214317 0
    outer loop
      vertex 36.211 -8.6935 35.6
      vertex 36.211 -8.6935 38
      vertex 36.5244 -7.26516 38
    endloop
  endfacet
  facet normal -0.862943 0.18925 0.468524
    outer loop
      vertex 22.1657 -4.40904 8
      vertex 21.9756 -5.27586 8
      vertex 36.5244 -7.26516 35.6
    endloop
  endfacet
  facet normal -0.862925 0.189339 0.468521
    outer loop
      vertex 21.9756 -5.27586 8
      vertex 36.211 -8.6935 35.6
      vertex 36.5244 -7.26516 35.6
    endloop
  endfacet
  facet normal -0.976786 0.214216 0
    outer loop
      vertex 22.1657 -4.40904 0
      vertex 21.9756 -5.27586 0
      vertex 22.1657 -4.40904 8
    endloop
  endfacet
  facet normal -0.976786 0.214216 0
    outer loop
      vertex 21.9756 -5.27586 0
      vertex 21.9756 -5.27586 8
      vertex 22.1657 -4.40904 8
    endloop
  endfacet
  facet normal -0 0 -1
    outer loop
      vertex 23.3427 -4.64315 0
      vertex 23.1424 -5.556 0
      vertex 22.1657 -4.40904 0
    endloop
  endfacet
  facet normal 0 0 -1
    outer loop
      vertex 23.1424 -5.556 0
      vertex 21.9756 -5.27586 0
      vertex 22.1657 -4.40904 0
    endloop
  endfacet
  facet normal 0.690714 -0.151594 -0.70706
    outer loop
      vertex 23.9312 -4.7602 0.599991
      vertex 23.7258 -5.69607 0.599991
      vertex 23.3427 -4.64315 0
    endloop
  endfacet
  facet normal 0.690749 -0.151566 -0.707032
    outer loop
      vertex 23.7258 -5.69607 0.599991
      vertex 23.1424 -5.556 0
      vertex 23.3427 -4.64315 0
    endloop
  endfacet
  facet normal -0 0 -1
    outer loop
      vertex 25.6706 -6.16296 0.599991
      vertex 25.4088 -7.16603 0.599991
      vertex 23.7258 -5.69607 0.599991
    endloop
  endfacet
  facet normal 0 0 -1
    outer loop
      vertex 25.4088 -7.16603 0.599991
      vertex 23.4839 -6.62315 0.599991
      vertex 23.7258 -5.69607 0.599991
    endloop
  endfacet
  facet normal 0.967587 -0.252539 0
    outer loop
      vertex 25.6706 -6.16296 2.39999
      vertex 25.4088 -7.16603 2.39999
      vertex 25.6706 -6.16296 0.599991
    endloop
  endfacet
  facet normal 0.967587 -0.252539 0
    outer loop
      vertex 25.4088 -7.16603 2.39999
      vertex 25.4088 -7.16603 0.599991
      vertex 25.6706 -6.16296 0.599991
    endloop
  endfacet
  facet normal 0 0 1
    outer loop
      vertex 23.7258 -5.69607 2.39999
      vertex 23.4839 -6.62315 2.39999
      vertex 25.6706 -6.16296 2.39999
    endloop
  endfacet
  facet normal -0 0 1
    outer loop
      vertex 23.4839 -6.62315 2.39999
      vertex 25.4088 -7.16603 2.39999
      vertex 25.6706 -6.16296 2.39999
    endloop
  endfacet
  facet normal 0.967604 -0.252474 0
    outer loop
      vertex 23.7258 -5.69607 8
      vertex 23.4839 -6.62315 8
      vertex 23.7258 -5.69607 2.39999
    endloop
  endfacet
  facet normal 0.967604 -0.252474 0
    outer loop
      vertex 23.4839 -6.62315 8
      vertex 23.4839 -6.62315 2.39999
      vertex 23.7258 -5.69607 2.39999
    endloop
  endfacet
  facet normal 0.854821 -0.223086 -0.468523
    outer loop
      vertex 37.9613 -9.11371 35.6
      vertex 37.5742 -10.597 35.6
      vertex 23.7258 -5.69607 8
    endloop
  endfacet
  facet normal 0.854832 -0.223048 -0.468522
    outer loop
      vertex 37.5742 -10.597 35.6
      vertex 23.4839 -6.62315 8
      vertex 23.7258 -5.69607 8
    endloop
  endfacet
  facet normal 0.967593 -0.252516 0
    outer loop
      vertex 37.9613 -9.11371 37.2
      vertex 37.5742 -10.597 37.2
      vertex 37.9613 -9.11371 35.6
    endloop
  endfacet
  facet normal 0.967593 -0.252516 0
    outer loop
      vertex 37.5742 -10.597 37.2
      vertex 37.5742 -10.597 35.6
      vertex 37.9613 -9.11371 35.6
    endloop
  endfacet
  facet normal 0.684264 -0.178537 0.707041
    outer loop
      vertex 37.1834 -8.92695 38
      vertex 36.8043 -10.3799 38
      vertex 37.9613 -9.11371 37.2
    endloop
  endfacet
  facet normal 0.684289 -0.178582 0.707005
    outer loop
      vertex 36.8043 -10.3799 38
      vertex 37.5742 -10.597 37.2
      vertex 37.9613 -9.11371 37.2
    endloop
  endfacet
  facet normal 0 0 1
    outer loop
      vertex 36.211 -8.6935 38
      vertex 35.8418 -10.1084 38
      vertex 37.1834 -8.92695 38
    endloop
  endfacet
  facet normal -0 0 1
    outer loop
      vertex 35.8418 -10.1084 38
      vertex 36.8043 -10.3799 38
      vertex 37.1834 -8.92695 38
    endloop
  endfacet
  facet normal -0.967601 0.252483 0
    outer loop
      vertex 36.211 -8.6935 35.6
      vertex 35.8418 -10.1084 35.6
      vertex 36.211 -8.6935 38
    endloop
  endfacet
  facet normal -0.967601 0.252483 0
    outer loop
      vertex 35.8418 -10.1084 35.6
      vertex 35.8418 -10.1084 38
      vertex 36.211 -8.6935 38
    endloop
  endfacet
  facet normal -0.854821 0.22309 0.46852
    outer loop
      vertex 21.9756 -5.27586 8
      vertex 21.7515 -6.13455 8
      vertex 36.211 -8.6935 35.6
    endloop
  endfacet
  facet normal -0.854829 0.223057 0.468522
    outer loop
      vertex 21.7515 -6.13455 8
      vertex 35.8418 -10.1084 35.6
      vertex 36.211 -8.6935 35.6
    endloop
  endfacet
  facet normal -0.967591 0.252521 0
    outer loop
      vertex 21.9756 -5.27586 0
      vertex 21.7515 -6.13455 0
      vertex 21.9756 -5.27586 8
    endloop
  endfacet
  facet normal -0.967591 0.252521 0
    outer loop
      vertex 21.7515 -6.13455 0
      vertex 21.7515 -6.13455 8
      vertex 21.9756 -5.27586 8
    endloop
  endfacet
  facet normal -0 0 -1
    outer loop
      vertex 23.1424 -5.556 0
      vertex 22.9064 -6.46028 0
      vertex 21.9756 -5.27586 0
    endloop
  endfacet
  facet normal 0 0 -1
    outer loop
      vertex 22.9064 -6.46028 0
      vertex 21.7515 -6.13455 0
      vertex 21.9756 -5.27586 0
    endloop
  endfacet
  facet normal 0.684272 -0.178545 -0.707032
    outer loop
      vertex 23.7258 -5.69607 0.599991
      vertex 23.4839 -6.62315 0.599991
      vertex 23.1424 -5.556 0
    endloop
  endfacet
  facet normal 0.684235 -0.178572 -0.70706
    outer loop
      vertex 23.4839 -6.62315 0.599991
      vertex 22.9064 -6.46028 0
      vertex 23.1424 -5.556 0
    endloop
  endfacet
  facet normal -0 0 -1
    outer loop
      vertex 25.4088 -7.16603 0.599991
      vertex 25.1079 -8.15805 0.599991
      vertex 23.4839 -6.62315 0.599991
    endloop
  endfacet
  facet normal 0 0 -1
    outer loop
      vertex 25.1079 -8.15805 0.599991
      vertex 23.2058 -7.54001 0.599991
      vertex 23.4839 -6.62315 0.599991
    endloop
  endfacet
  facet normal 0.956947 -0.290262 0
    outer loop
      vertex 25.4088 -7.16603 2.39999
      vertex 25.1079 -8.15805 2.39999
      vertex 25.4088 -7.16603 0.599991
    endloop
  endfacet
  facet normal 0.956947 -0.290262 0
    outer loop
      vertex 25.1079 -8.15805 2.39999
      vertex 25.1079 -8.15805 0.599991
      vertex 25.4088 -7.16603 0.599991
    endloop
  endfacet
  facet normal 0 0 1
    outer loop
      vertex 23.4839 -6.62315 2.39999
      vertex 23.2058 -7.54001 2.39999
      vertex 25.4088 -7.16603 2.39999
    endloop
  endfacet
  facet normal -0 0 1
    outer loop
      vertex 23.2058 -7.54001 2.39999
      vertex 25.1079 -8.15805 2.39999
      vertex 25.4088 -7.16603 2.39999
    endloop
  endfacet
  facet normal 0.956948 -0.290259 0
    outer loop
      vertex 23.4839 -6.62315 8
      vertex 23.2058 -7.54001 8
      vertex 23.4839 -6.62315 2.39999
    endloop
  endfacet
  facet normal 0.956948 -0.290259 0
    outer loop
      vertex 23.2058 -7.54001 8
      vertex 23.2058 -7.54001 2.39999
      vertex 23.4839 -6.62315 2.39999
    endloop
  endfacet
  facet normal 0.845412 -0.256448 -0.468522
    outer loop
      vertex 37.5742 -10.597 35.6
      vertex 37.1292 -12.064 35.6
      vertex 23.4839 -6.62315 8
    endloop
  endfacet
  facet normal 0.845418 -0.25643 -0.468521
    outer loop
      vertex 37.1292 -12.064 35.6
      vertex 23.2058 -7.54001 8
      vertex 23.4839 -6.62315 8
    endloop
  endfacet
  facet normal 0.956942 -0.290279 0
    outer loop
      vertex 37.5742 -10.597 37.2
      vertex 37.1292 -12.064 37.2
      vertex 37.5742 -10.597 35.6
    endloop
  endfacet
  facet normal 0.956942 -0.290279 0
    outer loop
      vertex 37.1292 -12.064 37.2
      vertex 37.1292 -12.064 35.6
      vertex 37.5742 -10.597 35.6
    endloop
  endfacet
  facet normal 0.676754 -0.205301 0.707005
    outer loop
      vertex 36.8043 -10.3799 38
      vertex 36.3684 -11.8168 38
      vertex 37.5742 -10.597 37.2
    endloop
  endfacet
  facet normal 0.676745 -0.205284 0.707018
    outer loop
      vertex 36.3684 -11.8168 38
      vertex 37.1292 -12.064 37.2
      vertex 37.5742 -10.597 37.2
    endloop
  endfacet
  facet normal 0 0 1
    outer loop
      vertex 35.8418 -10.1084 38
      vertex 35.4173 -11.5078 38
      vertex 36.8043 -10.3799 38
    endloop
  endfacet
  facet normal -0 0 1
    outer loop
      vertex 35.4173 -11.5078 38
      vertex 36.3684 -11.8168 38
      vertex 36.8043 -10.3799 38
    endloop
  endfacet
  facet normal -0.956941 0.290283 0
    outer loop
      vertex 35.8418 -10.1084 35.6
      vertex 35.4173 -11.5078 35.6
      vertex 35.8418 -10.1084 38
    endloop
  endfacet
  facet normal -0.956941 0.290283 0
    outer loop
      vertex 35.4173 -11.5078 35.6
      vertex 35.4173 -11.5078 38
      vertex 35.8418 -10.1084 38
    endloop
  endfacet
  facet normal -0.845414 0.256442 0.468522
    outer loop
      vertex 21.7515 -6.13455 8
      vertex 21.4939 -6.98378 8
      vertex 35.8418 -10.1084 35.6
    endloop
  endfacet
  facet normal -0.845412 0.256451 0.468521
    outer loop
      vertex 21.4939 -6.98378 8
      vertex 35.4173 -11.5078 35.6
      vertex 35.8418 -10.1084 35.6
    endloop
  endfacet
  facet normal -0.956944 0.290273 0
    outer loop
      vertex 21.7515 -6.13455 0
      vertex 21.4939 -6.98378 0
      vertex 21.7515 -6.13455 8
    endloop
  endfacet
  facet normal -0.956944 0.290273 0
    outer loop
      vertex 21.4939 -6.98378 0
      vertex 21.4939 -6.98378 8
      vertex 21.7515 -6.13455 8
    endloop
  endfacet
  facet normal -0 0 -1
    outer loop
      vertex 22.9064 -6.46028 0
      vertex 22.6351 -7.3546 0
      vertex 21.7515 -6.13455 0
    endloop
  endfacet
  facet normal 0 0 -1
    outer loop
      vertex 22.6351 -7.3546 0
      vertex 21.4939 -6.98378 0
      vertex 21.7515 -6.13455 0
    endloop
  endfacet
  facet normal 0.676709 -0.205258 -0.70706
    outer loop
      vertex 23.4839 -6.62315 0.599991
      vertex 23.2058 -7.54001 0.599991
      vertex 22.9064 -6.46028 0
    endloop
  endfacet
  facet normal 0.676681 -0.205277 -0.707081
    outer loop
      vertex 23.2058 -7.54001 0.599991
      vertex 22.6351 -7.3546 0
      vertex 22.9064 -6.46028 0
    endloop
  endfacet
  facet normal -0 0 -1
    outer loop
      vertex 25.1079 -8.15805 0.599991
      vertex 24.7682 -9.13749 0.599991
      vertex 23.2058 -7.54001 0.599991
    endloop
  endfacet
  facet normal 0 0 -1
    outer loop
      vertex 24.7682 -9.13749 0.599991
      vertex 22.8919 -8.44525 0.599991
      vertex 23.2058 -7.54001 0.599991
    endloop
  endfacet
  facet normal 0.944788 -0.327682 0
    outer loop
      vertex 25.1079 -8.15805 2.39999
      vertex 24.7682 -9.13749 2.39999
      vertex 25.1079 -8.15805 0.599991
    endloop
  endfacet
  facet normal 0.944788 -0.327682 0
    outer loop
      vertex 24.7682 -9.13749 2.39999
      vertex 24.7682 -9.13749 0.599991
      vertex 25.1079 -8.15805 0.599991
    endloop
  endfacet
  facet normal 0 0 1
    outer loop
      vertex 23.2058 -7.54001 2.39999
      vertex 22.8919 -8.44525 2.39999
      vertex 25.1079 -8.15805 2.39999
    endloop
  endfacet
  facet normal -0 0 1
    outer loop
      vertex 22.8919 -8.44525 2.39999
      vertex 24.7682 -9.13749 2.39999
      vertex 25.1079 -8.15805 2.39999
    endloop
  endfacet
  facet normal 0.944809 -0.327621 0
    outer loop
      vertex 23.2058 -7.54001 8
      vertex 22.8919 -8.44525 8
      vertex 23.2058 -7.54001 2.39999
    endloop
  endfacet
  facet normal 0.944809 -0.327621 0
    outer loop
      vertex 22.8919 -8.44525 8
      vertex 22.8919 -8.44525 2.39999
      vertex 23.2058 -7.54001 2.39999
    endloop
  endfacet
  facet normal 0.834702 -0.289414 -0.468522
    outer loop
      vertex 37.1292 -12.064 35.6
      vertex 36.627 -13.5124 35.6
      vertex 23.2058 -7.54001 8
    endloop
  endfacet
  facet normal 0.834693 -0.289437 -0.468522
    outer loop
      vertex 36.627 -13.5124 35.6
      vertex 22.8919 -8.44525 8
      vertex 23.2058 -7.54001 8
    endloop
  endfacet
  facet normal 0.944818 -0.327594 0
    outer loop
      vertex 37.1292 -12.064 37.2
      vertex 36.627 -13.5124 37.2
      vertex 37.1292 -12.064 35.6
    endloop
  endfacet
  facet normal 0.944818 -0.327594 0
    outer loop
      vertex 36.627 -13.5124 37.2
      vertex 36.627 -13.5124 35.6
      vertex 37.1292 -12.064 35.6
    endloop
  endfacet
  facet normal 0.668158 -0.231715 0.707018
    outer loop
      vertex 36.3684 -11.8168 38
      vertex 35.8764 -13.2355 38
      vertex 37.1292 -12.064 37.2
    endloop
  endfacet
  facet normal 0.668133 -0.23166 0.707059
    outer loop
      vertex 35.8764 -13.2355 38
      vertex 36.627 -13.5124 37.2
      vertex 37.1292 -12.064 37.2
    endloop
  endfacet
  facet normal 0 0 1
    outer loop
      vertex 35.4173 -11.5078 38
      vertex 34.9382 -12.8894 38
      vertex 36.3684 -11.8168 38
    endloop
  endfacet
  facet normal -0 0 1
    outer loop
      vertex 34.9382 -12.8894 38
      vertex 35.8764 -13.2355 38
      vertex 36.3684 -11.8168 38
    endloop
  endfacet
  facet normal -0.944805 0.327632 0
    outer loop
      vertex 35.4173 -11.5078 35.6
      vertex 34.9382 -12.8894 35.6
      vertex 35.4173 -11.5078 38
    endloop
  endfacet
  facet normal -0.944805 0.327632 0
    outer loop
      vertex 34.9382 -12.8894 35.6
      vertex 34.9382 -12.8894 38
      vertex 35.4173 -11.5078 38
    endloop
  endfacet
  facet normal -0.834676 0.289488 0.468521
    outer loop
      vertex 21.4939 -6.98378 8
      vertex 21.2031 -7.82224 8
      vertex 35.4173 -11.5078 35.6
    endloop
  endfacet
  facet normal -0.83469 0.289447 0.468523
    outer loop
      vertex 21.2031 -7.82224 8
      vertex 34.9382 -12.8894 35.6
      vertex 35.4173 -11.5078 35.6
    endloop
  endfacet
  facet normal -0.94479 0.327678 0
    outer loop
      vertex 21.4939 -6.98378 0
      vertex 21.2031 -7.82224 0
      vertex 21.4939 -6.98378 8
    endloop
  endfacet
  facet normal -0.94479 0.327678 0
    outer loop
      vertex 21.2031 -7.82224 0
      vertex 21.2031 -7.82224 8
      vertex 21.4939 -6.98378 8
    endloop
  endfacet
  facet normal -0 0 -1
    outer loop
      vertex 22.6351 -7.3546 0
      vertex 22.3289 -8.23758 0
      vertex 21.4939 -6.98378 0
    endloop
  endfacet
  facet normal 0 0 -1
    outer loop
      vertex 22.3289 -8.23758 0
      vertex 21.2031 -7.82224 0
      vertex 21.4939 -6.98378 0
    endloop
  endfacet
  facet normal 0.668106 -0.231672 -0.707081
    outer loop
      vertex 23.2058 -7.54001 0.599991
      vertex 22.8919 -8.44525 0.599991
      vertex 22.6351 -7.3546 0
    endloop
  endfacet
  facet normal 0.668091 -0.231681 -0.707091
    outer loop
      vertex 22.8919 -8.44525 0.599991
      vertex 22.3289 -8.23758 0
      vertex 22.6351 -7.3546 0
    endloop
  endfacet
  facet normal -0 0 -1
    outer loop
      vertex 24.7682 -9.13749 0.599991
      vertex 24.3904 -10.1028 0.599991
      vertex 22.8919 -8.44525 0.599991
    endloop
  endfacet
  facet normal 0 0 -1
    outer loop
      vertex 24.3904 -10.1028 0.599991
      vertex 22.5427 -9.33747 0.599991
      vertex 22.8919 -8.44525 0.599991
    endloop
  endfacet
  facet normal 0.93122 -0.364458 0
    outer loop
      vertex 24.7682 -9.13749 2.39999
      vertex 24.3904 -10.1028 2.39999
      vertex 24.7682 -9.13749 0.599991
    endloop
  endfacet
  facet normal 0.93122 -0.364458 0
    outer loop
      vertex 24.3904 -10.1028 2.39999
      vertex 24.3904 -10.1028 0.599991
      vertex 24.7682 -9.13749 0.599991
    endloop
  endfacet
  facet normal 0 0 1
    outer loop
      vertex 22.8919 -8.44525 2.39999
      vertex 22.5427 -9.33747 2.39999
      vertex 24.7682 -9.13749 2.39999
    endloop
  endfacet
  facet normal -0 0 1
    outer loop
      vertex 22.5427 -9.33747 2.39999
      vertex 24.3904 -10.1028 2.39999
      vertex 24.7682 -9.13749 2.39999
    endloop
  endfacet
  facet normal 0.931218 -0.364463 0
    outer loop
      vertex 22.8919 -8.44525 8
      vertex 22.5427 -9.33747 8
      vertex 22.8919 -8.44525 2.39999
    endloop
  endfacet
  facet normal 0.931218 -0.364463 0
    outer loop
      vertex 22.5427 -9.33747 8
      vertex 22.5427 -9.33747 2.39999
      vertex 22.8919 -8.44525 2.39999
    endloop
  endfacet
  facet normal 0.822693 -0.321966 -0.468523
    outer loop
      vertex 36.627 -13.5124 35.6
      vertex 36.0683 -14.94 35.6
      vertex 22.8919 -8.44525 8
    endloop
  endfacet
  facet normal 0.822685 -0.321985 -0.468523
    outer loop
      vertex 36.0683 -14.94 35.6
      vertex 22.5427 -9.33747 8
      vertex 22.8919 -8.44525 8
    endloop
  endfacet
  facet normal 0.931226 -0.364441 0
    outer loop
      vertex 36.627 -13.5124 37.2
      vertex 36.0683 -14.94 37.2
      vertex 36.627 -13.5124 35.6
    endloop
  endfacet
  facet normal 0.931226 -0.364441 0
    outer loop
      vertex 36.0683 -14.94 37.2
      vertex 36.0683 -14.94 35.6
      vertex 36.627 -13.5124 35.6
    endloop
  endfacet
  facet normal 0.65851 -0.257744 0.707059
    outer loop
      vertex 35.8764 -13.2355 38
      vertex 35.3291 -14.6338 38
      vertex 36.627 -13.5124 37.2
    endloop
  endfacet
  facet normal 0.658495 -0.257706 0.707087
    outer loop
      vertex 35.3291 -14.6338 38
      vertex 36.0683 -14.94 37.2
      vertex 36.627 -13.5124 37.2
    endloop
  endfacet
  facet normal 0 0 1
    outer loop
      vertex 34.9382 -12.8894 38
      vertex 34.4053 -14.2511 38
      vertex 35.8764 -13.2355 38
    endloop
  endfacet
  facet normal -0 0 1
    outer loop
      vertex 34.4053 -14.2511 38
      vertex 35.3291 -14.6338 38
      vertex 35.8764 -13.2355 38
    endloop
  endfacet
  facet normal -0.931229 0.364435 0
    outer loop
      vertex 34.9382 -12.8894 35.6
      vertex 34.4053 -14.2511 35.6
      vertex 34.9382 -12.8894 38
    endloop
  endfacet
  facet normal -0.931229 0.364435 0
    outer loop
      vertex 34.4053 -14.2511 35.6
      vertex 34.4053 -14.2511 38
      vertex 34.9382 -12.8894 38
    endloop
  endfacet
  facet normal -0.822699 0.321952 0.468523
    outer loop
      vertex 21.2031 -7.82224 8
      vertex 20.8797 -8.64864 8
      vertex 34.9382 -12.8894 35.6
    endloop
  endfacet
  facet normal -0.822695 0.321961 0.468523
    outer loop
      vertex 20.8797 -8.64864 8
      vertex 34.4053 -14.2511 35.6
      vertex 34.9382 -12.8894 35.6
    endloop
  endfacet
  facet normal -0.931233 0.364425 0
    outer loop
      vertex 21.2031 -7.82224 0
      vertex 20.8797 -8.64864 0
      vertex 21.2031 -7.82224 8
    endloop
  endfacet
  facet normal -0.931233 0.364425 0
    outer loop
      vertex 20.8797 -8.64864 0
      vertex 20.8797 -8.64864 8
      vertex 21.2031 -7.82224 8
    endloop
  endfacet
  facet normal -0 0 -1
    outer loop
      vertex 22.3289 -8.23758 0
      vertex 21.9883 -9.10786 0
      vertex 21.2031 -7.82224 0
    endloop
  endfacet
  facet normal 0 0 -1
    outer loop
      vertex 21.9883 -9.10786 0
      vertex 20.8797 -8.64864 0
      vertex 21.2031 -7.82224 0
    endloop
  endfacet
  facet normal 0.658485 -0.25772 -0.707091
    outer loop
      vertex 22.8919 -8.44525 0.599991
      vertex 22.5427 -9.33747 0.599991
      vertex 22.3289 -8.23758 0
    endloop
  endfacet
  facet normal 0.658496 -0.257714 -0.707083
    outer loop
      vertex 22.5427 -9.33747 0.599991
      vertex 21.9883 -9.10786 0
      vertex 22.3289 -8.23758 0
    endloop
  endfacet
  facet normal -0 0 -1
    outer loop
      vertex 24.3904 -10.1028 0.599991
      vertex 23.975 -11.0526 0.599991
      vertex 22.5427 -9.33747 0.599991
    endloop
  endfacet
  facet normal 0 0 -1
    outer loop
      vertex 23.975 -11.0526 0.599991
      vertex 22.1587 -10.2153 0.599991
      vertex 22.5427 -9.33747 0.599991
    endloop
  endfacet
  facet normal 0.916206 -0.400708 0
    outer loop
      vertex 24.3904 -10.1028 2.39999
      vertex 23.975 -11.0526 2.39999
      vertex 24.3904 -10.1028 0.599991
    endloop
  endfacet
  facet normal 0.916206 -0.400708 0
    outer loop
      vertex 23.975 -11.0526 2.39999
      vertex 23.975 -11.0526 0.599991
      vertex 24.3904 -10.1028 0.599991
    endloop
  endfacet
  facet normal 0 0 1
    outer loop
      vertex 22.5427 -9.33747 2.39999
      vertex 22.1587 -10.2153 2.39999
      vertex 24.3904 -10.1028 2.39999
    endloop
  endfacet
  facet normal -0 0 1
    outer loop
      vertex 22.1587 -10.2153 2.39999
      vertex 23.975 -11.0526 2.39999
      vertex 24.3904 -10.1028 2.39999
    endloop
  endfacet
  facet normal 0.916177 -0.400774 0
    outer loop
      vertex 22.5427 -9.33747 8
      vertex 22.1587 -10.2153 8
      vertex 22.5427 -9.33747 2.39999
    endloop
  endfacet
  facet normal 0.916177 -0.400774 0
    outer loop
      vertex 22.1587 -10.2153 8
      vertex 22.1587 -10.2153 2.39999
      vertex 22.5427 -9.33747 2.39999
    endloop
  endfacet
  facet normal 0.809395 -0.354071 -0.468523
    outer loop
      vertex 36.0683 -14.94 35.6
      vertex 35.4539 -16.3445 35.6
      vertex 22.5427 -9.33747 8
    endloop
  endfacet
  facet normal 0.809398 -0.354065 -0.468523
    outer loop
      vertex 35.4539 -16.3445 35.6
      vertex 22.1587 -10.2153 8
      vertex 22.5427 -9.33747 8
    endloop
  endfacet
  facet normal 0.916174 -0.400781 0
    outer loop
      vertex 36.0683 -14.94 37.2
      vertex 35.4539 -16.3445 37.2
      vertex 36.0683 -14.94 35.6
    endloop
  endfacet
  facet normal 0.916174 -0.400781 0
    outer loop
      vertex 35.4539 -16.3445 37.2
      vertex 35.4539 -16.3445 35.6
      vertex 36.0683 -14.94 35.6
    endloop
  endfacet
  facet normal 0.647868 -0.283363 0.707087
    outer loop
      vertex 35.3291 -14.6338 38
      vertex 34.7274 -16.0095 38
      vertex 36.0683 -14.94 37.2
    endloop
  endfacet
  facet normal 0.647889 -0.28342 0.707046
    outer loop
      vertex 34.7274 -16.0095 38
      vertex 35.4539 -16.3445 37.2
      vertex 36.0683 -14.94 37.2
    endloop
  endfacet
  facet normal 0 0 1
    outer loop
      vertex 34.4053 -14.2511 38
      vertex 33.8192 -15.5909 38
      vertex 35.3291 -14.6338 38
    endloop
  endfacet
  facet normal -0 0 1
    outer loop
      vertex 33.8192 -15.5909 38
      vertex 34.7274 -16.0095 38
      vertex 35.3291 -14.6338 38
    endloop
  endfacet
  facet normal -0.916173 0.400783 0
    outer loop
      vertex 34.4053 -14.2511 35.6
      vertex 33.8192 -15.5909 35.6
      vertex 34.4053 -14.2511 38
    endloop
  endfacet
  facet normal -0.916173 0.400783 0
    outer loop
      vertex 33.8192 -15.5909 35.6
      vertex 33.8192 -15.5909 38
      vertex 34.4053 -14.2511 38
    endloop
  endfacet
  facet normal -0.809387 0.354089 0.468522
    outer loop
      vertex 20.8797 -8.64864 8
      vertex 20.524 -9.46171 8
      vertex 34.4053 -14.2511 35.6
    endloop
  endfacet
  facet normal -0.809394 0.354072 0.468523
    outer loop
      vertex 20.524 -9.46171 8
      vertex 33.8192 -15.5909 35.6
      vertex 34.4053 -14.2511 35.6
    endloop
  endfacet
  facet normal -0.916165 0.400802 0
    outer loop
      vertex 20.8797 -8.64864 0
      vertex 20.524 -9.46171 0
      vertex 20.8797 -8.64864 8
    endloop
  endfacet
  facet normal -0.916165 0.400802 0
    outer loop
      vertex 20.524 -9.46171 0
      vertex 20.524 -9.46171 8
      vertex 20.8797 -8.64864 8
    endloop
  endfacet
  facet normal -0 0 -1
    outer loop
      vertex 21.9883 -9.10786 0
      vertex 21.6138 -9.9641 0
      vertex 20.8797 -8.64864 0
    endloop
  endfacet
  facet normal 0 0 -1
    outer loop
      vertex 21.6138 -9.9641 0
      vertex 20.524 -9.46171 0
      vertex 20.8797 -8.64864 0
    endloop
  endfacet
  facet normal 0.647857 -0.2834 -0.707083
    outer loop
      vertex 22.5427 -9.33747 0.599991
      vertex 22.1587 -10.2153 0.599991
      vertex 21.9883 -9.10786 0
    endloop
  endfacet
  facet normal 0.6479 -0.283377 -0.707052
    outer loop
      vertex 22.1587 -10.2153 0.599991
      vertex 21.6138 -9.9641 0
      vertex 21.9883 -9.10786 0
    endloop
  endfacet
  facet normal -0 0 -1
    outer loop
      vertex 23.975 -11.0526 0.599991
      vertex 23.5226 -11.9853 0.599991
      vertex 22.1587 -10.2153 0.599991
    endloop
  endfacet
  facet normal 0 0 -1
    outer loop
      vertex 23.5226 -11.9853 0.599991
      vertex 21.7406 -11.0774 0.599991
      vertex 22.1587 -10.2153 0.599991
    endloop
  endfacet
  facet normal 0.899745 -0.436416 0
    outer loop
      vertex 23.975 -11.0526 2.39999
      vertex 23.5226 -11.9853 2.39999
      vertex 23.975 -11.0526 0.599991
    endloop
  endfacet
  facet normal 0.899745 -0.436416 0
    outer loop
      vertex 23.5226 -11.9853 2.39999
      vertex 23.5226 -11.9853 0.599991
      vertex 23.975 -11.0526 0.599991
    endloop
  endfacet
  facet normal 0 0 1
    outer loop
      vertex 22.1587 -10.2153 2.39999
      vertex 21.7406 -11.0774 2.39999
      vertex 23.975 -11.0526 2.39999
    endloop
  endfacet
  facet normal -0 0 1
    outer loop
      vertex 21.7406 -11.0774 2.39999
      vertex 23.5226 -11.9853 2.39999
      vertex 23.975 -11.0526 2.39999
    endloop
  endfacet
  facet normal 0.899768 -0.436368 0
    outer loop
      vertex 22.1587 -10.2153 8
      vertex 21.7406 -11.0774 8
      vertex 22.1587 -10.2153 2.39999
    endloop
  endfacet
  facet normal 0.899768 -0.436368 0
    outer loop
      vertex 21.7406 -11.0774 8
      vertex 21.7406 -11.0774 2.39999
      vertex 22.1587 -10.2153 2.39999
    endloop
  endfacet
  facet normal 0.794886 -0.385542 -0.468523
    outer loop
      vertex 35.4539 -16.3445 35.6
      vertex 34.7849 -17.7238 35.6
      vertex 22.1587 -10.2153 8
    endloop
  endfacet
  facet normal 0.794902 -0.38551 -0.468522
    outer loop
      vertex 34.7849 -17.7238 35.6
      vertex 21.7406 -11.0774 8
      vertex 22.1587 -10.2153 8
    endloop
  endfacet
  facet normal 0.89975 -0.436405 0
    outer loop
      vertex 35.4539 -16.3445 37.2
      vertex 34.7849 -17.7238 37.2
      vertex 35.4539 -16.3445 35.6
    endloop
  endfacet
  facet normal 0.89975 -0.436405 0
    outer loop
      vertex 34.7849 -17.7238 37.2
      vertex 34.7849 -17.7238 35.6
      vertex 35.4539 -16.3445 35.6
    endloop
  endfacet
  facet normal 0.636278 -0.308602 0.707047
    outer loop
      vertex 34.7274 -16.0095 38
      vertex 34.0721 -17.3606 38
      vertex 35.4539 -16.3445 37.2
    endloop
  endfacet
  facet normal 0.636282 -0.308615 0.707038
    outer loop
      vertex 34.0721 -17.3606 38
      vertex 34.7849 -17.7238 37.2
      vertex 35.4539 -16.3445 37.2
    endloop
  endfacet
  facet normal 0 0 1
    outer loop
      vertex 33.8192 -15.5909 38
      vertex 33.1811 -16.9066 38
      vertex 34.7274 -16.0095 38
    endloop
  endfacet
  facet normal -0 0 1
    outer loop
      vertex 33.1811 -16.9066 38
      vertex 34.0721 -17.3606 38
      vertex 34.7274 -16.0095 38
    endloop
  endfacet
  facet normal -0.899764 0.436376 0
    outer loop
      vertex 33.8192 -15.5909 35.6
      vertex 33.1811 -16.9066 35.6
      vertex 33.8192 -15.5909 38
    endloop
  endfacet
  facet normal -0.899764 0.436376 0
    outer loop
      vertex 33.1811 -16.9066 35.6
      vertex 33.1811 -16.9066 38
      vertex 33.8192 -15.5909 38
    endloop
  endfacet
  facet normal -0.794882 0.38555 0.468523
    outer loop
      vertex 20.524 -9.46171 8
      vertex 20.1367 -10.2602 8
      vertex 33.8192 -15.5909 35.6
    endloop
  endfacet
  facet normal -0.794898 0.385517 0.468524
    outer loop
      vertex 20.1367 -10.2602 8
      vertex 33.1811 -16.9066 35.6
      vertex 33.8192 -15.5909 35.6
    endloop
  endfacet
  facet normal -0.899746 0.436413 0
    outer loop
      vertex 20.524 -9.46171 0
      vertex 20.1367 -10.2602 0
      vertex 20.524 -9.46171 8
    endloop
  endfacet
  facet normal -0.899746 0.436413 0
    outer loop
      vertex 20.1367 -10.2602 0
      vertex 20.1367 -10.2602 8
      vertex 20.524 -9.46171 8
    endloop
  endfacet
  facet normal -0 0 -1
    outer loop
      vertex 21.6138 -9.9641 0
      vertex 21.2059 -10.805 0
      vertex 20.524 -9.46171 0
    endloop
  endfacet
  facet normal 0 0 -1
    outer loop
      vertex 21.2059 -10.805 0
      vertex 20.1367 -10.2602 0
      vertex 20.524 -9.46171 0
    endloop
  endfacet
  facet normal 0.636281 -0.308583 -0.707053
    outer loop
      vertex 22.1587 -10.2153 0.599991
      vertex 21.7406 -11.0774 0.599991
      vertex 21.6138 -9.9641 0
    endloop
  endfacet
  facet normal 0.636217 -0.308613 -0.707097
    outer loop
      vertex 21.7406 -11.0774 0.599991
      vertex 21.2059 -10.805 0
      vertex 21.6138 -9.9641 0
    endloop
  endfacet
  facet normal -0 0 -1
    outer loop
      vertex 23.5226 -11.9853 0.599991
      vertex 23.0339 -12.8996 0.599991
      vertex 21.7406 -11.0774 0.599991
    endloop
  endfacet
  facet normal 0 0 -1
    outer loop
      vertex 23.0339 -12.8996 0.599991
      vertex 21.2889 -11.9224 0.599991
      vertex 21.7406 -11.0774 0.599991
    endloop
  endfacet
  facet normal 0.881923 -0.471394 0
    outer loop
      vertex 23.5226 -11.9853 2.39999
      vertex 23.0339 -12.8996 2.39999
      vertex 23.5226 -11.9853 0.599991
    endloop
  endfacet
  facet normal 0.881923 -0.471394 0
    outer loop
      vertex 23.0339 -12.8996 2.39999
      vertex 23.0339 -12.8996 0.599991
      vertex 23.5226 -11.9853 0.599991
    endloop
  endfacet
  facet normal 0 0 1
    outer loop
      vertex 21.7406 -11.0774 2.39999
      vertex 21.2889 -11.9224 2.39999
      vertex 23.5226 -11.9853 2.39999
    endloop
  endfacet
  facet normal 0 0 1
    outer loop
      vertex 21.2889 -11.9224 2.39999
      vertex 23.0339 -12.8996 2.39999
      vertex 23.5226 -11.9853 2.39999
    endloop
  endfacet
  facet normal 0.881905 -0.471428 0
    outer loop
      vertex 21.7406 -11.0774 8
      vertex 21.2889 -11.9224 8
      vertex 21.7406 -11.0774 2.39999
    endloop
  endfacet
  facet normal 0.881905 -0.471428 0
    outer loop
      vertex 21.2889 -11.9224 8
      vertex 21.2889 -11.9224 2.39999
      vertex 21.7406 -11.0774 2.39999
    endloop
  endfacet
  facet normal 0.779125 -0.416475 -0.468522
    outer loop
      vertex 34.7849 -17.7238 35.6
      vertex 34.0622 -19.0758 35.6
      vertex 21.7406 -11.0774 8
    endloop
  endfacet
  facet normal 0.77912 -0.416484 -0.468522
    outer loop
      vertex 34.0622 -19.0758 35.6
      vertex 21.2889 -11.9224 8
      vertex 21.7406 -11.0774 8
    endloop
  endfacet
  facet normal 0.88191 -0.471418 0
    outer loop
      vertex 34.7849 -17.7238 37.2
      vertex 34.0622 -19.0758 37.2
      vertex 34.7849 -17.7238 35.6
    endloop
  endfacet
  facet normal 0.88191 -0.471418 0
    outer loop
      vertex 34.0622 -19.0758 37.2
      vertex 34.0622 -19.0758 35.6
      vertex 34.7849 -17.7238 35.6
    endloop
  endfacet
  facet normal 0.623664 -0.333377 0.707038
    outer loop
      vertex 34.0721 -17.3606 38
      vertex 33.3642 -18.6849 38
      vertex 34.7849 -17.7238 37.2
    endloop
  endfacet
  facet normal 0.623663 -0.333374 0.707041
    outer loop
      vertex 33.3642 -18.6849 38
      vertex 34.0622 -19.0758 37.2
      vertex 34.7849 -17.7238 37.2
    endloop
  endfacet
  facet normal 0 0 1
    outer loop
      vertex 33.1811 -16.9066 38
      vertex 32.4917 -18.1963 38
      vertex 34.0721 -17.3606 38
    endloop
  endfacet
  facet normal -0 0 1
    outer loop
      vertex 32.4917 -18.1963 38
      vertex 33.3642 -18.6849 38
      vertex 34.0721 -17.3606 38
    endloop
  endfacet
  facet normal -0.88191 0.471419 0
    outer loop
      vertex 33.1811 -16.9066 35.6
      vertex 32.4917 -18.1963 35.6
      vertex 33.1811 -16.9066 38
    endloop
  endfacet
  facet normal -0.88191 0.471419 0
    outer loop
      vertex 32.4917 -18.1963 35.6
      vertex 32.4917 -18.1963 38
      vertex 33.1811 -16.9066 38
    endloop
  endfacet
  facet normal -0.779137 0.416449 0.468524
    outer loop
      vertex 20.1367 -10.2602 8
      vertex 19.7184 -11.0428 8
      vertex 33.1811 -16.9066 35.6
    endloop
  endfacet
  facet normal -0.779124 0.416475 0.468523
    outer loop
      vertex 19.7184 -11.0428 8
      vertex 32.4917 -18.1963 35.6
      vertex 33.1811 -16.9066 35.6
    endloop
  endfacet
  facet normal -0.881925 0.471389 0
    outer loop
      vertex 20.1367 -10.2602 0
      vertex 19.7184 -11.0428 0
      vertex 20.1367 -10.2602 8
    endloop
  endfacet
  facet normal -0.881925 0.471389 0
    outer loop
      vertex 19.7184 -11.0428 0
      vertex 19.7184 -11.0428 8
      vertex 20.1367 -10.2602 8
    endloop
  endfacet
  facet normal -0 0 -1
    outer loop
      vertex 21.2059 -10.805 0
      vertex 20.7654 -11.6292 0
      vertex 20.1367 -10.2602 0
    endloop
  endfacet
  facet normal 0 0 -1
    outer loop
      vertex 20.7654 -11.6292 0
      vertex 19.7184 -11.0428 0
      vertex 20.1367 -10.2602 0
    endloop
  endfacet
  facet normal 0.623611 -0.333355 -0.707095
    outer loop
      vertex 21.7406 -11.0774 0.599991
      vertex 21.2889 -11.9224 0.599991
      vertex 21.2059 -10.805 0
    endloop
  endfacet
  facet normal 0.623674 -0.333327 -0.707052
    outer loop
      vertex 21.2889 -11.9224 0.599991
      vertex 20.7654 -11.6292 0
      vertex 21.2059 -10.805 0
    endloop
  endfacet
  facet normal -0 0 -1
    outer loop
      vertex 23.0339 -12.8996 0.599991
      vertex 22.5097 -13.794 0.599991
      vertex 21.2889 -11.9224 0.599991
    endloop
  endfacet
  facet normal 0 0 -1
    outer loop
      vertex 22.5097 -13.794 0.599991
      vertex 20.8044 -12.749 0.599991
      vertex 21.2889 -11.9224 0.599991
    endloop
  endfacet
  facet normal 0.862742 -0.505645 0
    outer loop
      vertex 23.0339 -12.8996 2.39999
      vertex 22.5097 -13.794 2.39999
      vertex 23.0339 -12.8996 0.599991
    endloop
  endfacet
  facet normal 0.862742 -0.505645 0
    outer loop
      vertex 22.5097 -13.794 2.39999
      vertex 22.5097 -13.794 0.599991
      vertex 23.0339 -12.8996 0.599991
    endloop
  endfacet
  facet normal 0 0 1
    outer loop
      vertex 21.2889 -11.9224 2.39999
      vertex 20.8044 -12.749 2.39999
      vertex 23.0339 -12.8996 2.39999
    endloop
  endfacet
  facet normal 0 0 1
    outer loop
      vertex 20.8044 -12.749 2.39999
      vertex 22.5097 -13.794 2.39999
      vertex 23.0339 -12.8996 2.39999
    endloop
  endfacet
  facet normal 0.862725 -0.505674 0
    outer loop
      vertex 21.2889 -11.9224 8
      vertex 20.8044 -12.749 8
      vertex 21.2889 -11.9224 2.39999
    endloop
  endfacet
  facet normal 0.862725 -0.505674 0
    outer loop
      vertex 20.8044 -12.749 8
      vertex 20.8044 -12.749 2.39999
      vertex 21.2889 -11.9224 2.39999
    endloop
  endfacet
  facet normal 0.762192 -0.446711 -0.468522
    outer loop
      vertex 34.0622 -19.0758 35.6
      vertex 33.2871 -20.3983 35.6
      vertex 21.2889 -11.9224 8
    endloop
  endfacet
  facet normal 0.762175 -0.446738 -0.468523
    outer loop
      vertex 33.2871 -20.3983 35.6
      vertex 20.8044 -12.749 8
      vertex 21.2889 -11.9224 8
    endloop
  endfacet
  facet normal 0.862743 -0.505642 0
    outer loop
      vertex 34.0622 -19.0758 37.2
      vertex 33.2871 -20.3983 37.2
      vertex 34.0622 -19.0758 35.6
    endloop
  endfacet
  facet normal 0.862743 -0.505642 0
    outer loop
      vertex 33.2871 -20.3983 37.2
      vertex 33.2871 -20.3983 35.6
      vertex 34.0622 -19.0758 35.6
    endloop
  endfacet
  facet normal 0.610092 -0.357606 0.70704
    outer loop
      vertex 33.3642 -18.6849 38
      vertex 32.6049 -19.9803 38
      vertex 34.0622 -19.0758 37.2
    endloop
  endfacet
  facet normal 0.610081 -0.357561 0.707072
    outer loop
      vertex 32.6049 -19.9803 38
      vertex 33.2871 -20.3983 37.2
      vertex 34.0622 -19.0758 37.2
    endloop
  endfacet
  facet normal 0 0 1
    outer loop
      vertex 32.4917 -18.1963 38
      vertex 31.7523 -19.4578 38
      vertex 33.3642 -18.6849 38
    endloop
  endfacet
  facet normal -0 0 1
    outer loop
      vertex 31.7523 -19.4578 38
      vertex 32.6049 -19.9803 38
      vertex 33.3642 -18.6849 38
    endloop
  endfacet
  facet normal -0.862728 0.505669 0
    outer loop
      vertex 32.4917 -18.1963 35.6
      vertex 31.7523 -19.4578 35.6
      vertex 32.4917 -18.1963 38
    endloop
  endfacet
  facet normal -0.862728 0.505669 0
    outer loop
      vertex 31.7523 -19.4578 35.6
      vertex 31.7523 -19.4578 38
      vertex 32.4917 -18.1963 38
    endloop
  endfacet
  facet normal -0.76222 0.446661 0.468524
    outer loop
      vertex 19.7184 -11.0428 8
      vertex 19.2697 -11.8085 8
      vertex 32.4917 -18.1963 35.6
    endloop
  endfacet
  facet normal -0.762179 0.446734 0.468521
    outer loop
      vertex 19.2697 -11.8085 8
      vertex 31.7523 -19.4578 35.6
      vertex 32.4917 -18.1963 35.6
    endloop
  endfacet
  facet normal -0.862776 0.505586 0
    outer loop
      vertex 19.7184 -11.0428 0
      vertex 19.2697 -11.8085 0
      vertex 19.7184 -11.0428 8
    endloop
  endfacet
  facet normal -0.862776 0.505586 0
    outer loop
      vertex 19.2697 -11.8085 0
      vertex 19.2697 -11.8085 8
      vertex 19.7184 -11.0428 8
    endloop
  endfacet
  facet normal -0 0 -1
    outer loop
      vertex 20.7654 -11.6292 0
      vertex 20.2928 -12.4355 0
      vertex 19.7184 -11.0428 0
    endloop
  endfacet
  facet normal 0 0 -1
    outer loop
      vertex 20.2928 -12.4355 0
      vertex 19.2697 -11.8085 0
      vertex 19.7184 -11.0428 0
    endloop
  endfacet
  facet normal 0.610085 -0.357593 -0.707053
    outer loop
      vertex 21.2889 -11.9224 0.599991
      vertex 20.8044 -12.749 0.599991
      vertex 20.7654 -11.6292 0
    endloop
  endfacet
  facet normal 0.610086 -0.357592 -0.707052
    outer loop
      vertex 20.8044 -12.749 0.599991
      vertex 20.2928 -12.4355 0
      vertex 20.7654 -11.6292 0
    endloop
  endfacet
  facet normal -0 0 -1
    outer loop
      vertex 22.5097 -13.794 0.599991
      vertex 21.9508 -14.6671 0.599991
      vertex 20.8044 -12.749 0.599991
    endloop
  endfacet
  facet normal 0 0 -1
    outer loop
      vertex 21.9508 -14.6671 0.599991
      vertex 20.2879 -13.5559 0.599991
      vertex 20.8044 -12.749 0.599991
    endloop
  endfacet
  facet normal 0.842221 -0.539133 0
    outer loop
      vertex 22.5097 -13.794 2.39999
      vertex 21.9508 -14.6671 2.39999
      vertex 22.5097 -13.794 0.599991
    endloop
  endfacet
  facet normal 0.842221 -0.539133 0
    outer loop
      vertex 21.9508 -14.6671 2.39999
      vertex 21.9508 -14.6671 0.599991
      vertex 22.5097 -13.794 0.599991
    endloop
  endfacet
  facet normal 0 0 1
    outer loop
      vertex 20.8044 -12.749 2.39999
      vertex 20.2879 -13.5559 2.39999
      vertex 22.5097 -13.794 2.39999
    endloop
  endfacet
  facet normal 0 0 1
    outer loop
      vertex 20.2879 -13.5559 2.39999
      vertex 21.9508 -14.6671 2.39999
      vertex 22.5097 -13.794 2.39999
    endloop
  endfacet
  facet normal 0.842232 -0.539116 0
    outer loop
      vertex 20.8044 -12.749 8
      vertex 20.2879 -13.5559 8
      vertex 20.8044 -12.749 2.39999
    endloop
  endfacet
  facet normal 0.842232 -0.539116 0
    outer loop
      vertex 20.2879 -13.5559 8
      vertex 20.2879 -13.5559 2.39999
      vertex 20.8044 -12.749 2.39999
    endloop
  endfacet
  facet normal 0.744071 -0.476282 -0.468523
    outer loop
      vertex 33.2871 -20.3983 35.6
      vertex 32.4606 -21.6895 35.6
      vertex 20.8044 -12.749 8
    endloop
  endfacet
  facet normal 0.744071 -0.476283 -0.468523
    outer loop
      vertex 32.4606 -21.6895 35.6
      vertex 20.2879 -13.5559 8
      vertex 20.8044 -12.749 8
    endloop
  endfacet
  facet normal 0.842232 -0.539115 0
    outer loop
      vertex 33.2871 -20.3983 37.2
      vertex 32.4606 -21.6895 37.2
      vertex 33.2871 -20.3983 35.6
    endloop
  endfacet
  facet normal 0.842232 -0.539115 0
    outer loop
      vertex 32.4606 -21.6895 37.2
      vertex 32.4606 -21.6895 35.6
      vertex 33.2871 -20.3983 35.6
    endloop
  endfacet
  facet normal 0.595585 -0.381218 0.707072
    outer loop
      vertex 32.6049 -19.9803 38
      vertex 31.7954 -21.245 38
      vertex 33.2871 -20.3983 37.2
    endloop
  endfacet
  facet normal 0.595589 -0.381238 0.707058
    outer loop
      vertex 31.7954 -21.245 38
      vertex 32.4606 -21.6895 37.2
      vertex 33.2871 -20.3983 37.2
    endloop
  endfacet
  facet normal 0 0 1
    outer loop
      vertex 31.7523 -19.4578 38
      vertex 30.9639 -20.6894 38
      vertex 32.6049 -19.9803 38
    endloop
  endfacet
  facet normal -0 0 1
    outer loop
      vertex 30.9639 -20.6894 38
      vertex 31.7954 -21.245 38
      vertex 32.6049 -19.9803 38
    endloop
  endfacet
  facet normal -0.842217 0.539139 0
    outer loop
      vertex 31.7523 -19.4578 35.6
      vertex 30.9639 -20.6894 35.6
      vertex 31.7523 -19.4578 38
    endloop
  endfacet
  facet normal -0.842217 0.539139 0
    outer loop
      vertex 30.9639 -20.6894 35.6
      vertex 30.9639 -20.6894 38
      vertex 31.7523 -19.4578 38
    endloop
  endfacet
  facet normal -0.744033 0.476344 0.46852
    outer loop
      vertex 19.2697 -11.8085 8
      vertex 18.7912 -12.5559 8
      vertex 31.7523 -19.4578 35.6
    endloop
  endfacet
  facet normal -0.744058 0.476303 0.468522
    outer loop
      vertex 18.7912 -12.5559 8
      vertex 30.9639 -20.6894 35.6
      vertex 31.7523 -19.4578 35.6
    endloop
  endfacet
  facet normal -0.842187 0.539185 0
    outer loop
      vertex 19.2697 -11.8085 0
      vertex 18.7912 -12.5559 0
      vertex 19.2697 -11.8085 8
    endloop
  endfacet
  facet normal -0.842187 0.539185 0
    outer loop
      vertex 18.7912 -12.5559 0
      vertex 18.7912 -12.5559 8
      vertex 19.2697 -11.8085 8
    endloop
  endfacet
  facet normal -0 0 -1
    outer loop
      vertex 20.2928 -12.4355 0
      vertex 19.789 -13.2226 0
      vertex 19.2697 -11.8085 0
    endloop
  endfacet
  facet normal 0 0 -1
    outer loop
      vertex 19.789 -13.2226 0
      vertex 18.7912 -12.5559 0
      vertex 19.2697 -11.8085 0
    endloop
  endfacet
  facet normal 0.595594 -0.381242 -0.707052
    outer loop
      vertex 20.8044 -12.749 0.599991
      vertex 20.2879 -13.5559 0.599991
      vertex 20.2928 -12.4355 0
    endloop
  endfacet
  facet normal 0.595613 -0.381235 -0.707039
    outer loop
      vertex 20.2879 -13.5559 0.599991
      vertex 19.789 -13.2226 0
      vertex 20.2928 -12.4355 0
    endloop
  endfacet
  facet normal -0 0 -1
    outer loop
      vertex 21.9508 -14.6671 0.599991
      vertex 21.358 -15.5175 0.599991
      vertex 20.2879 -13.5559 0.599991
    endloop
  endfacet
  facet normal 0 0 -1
    outer loop
      vertex 21.358 -15.5175 0.599991
      vertex 19.74 -14.342 0.599991
      vertex 20.2879 -13.5559 0.599991
    endloop
  endfacet
  facet normal 0.820354 -0.571856 0
    outer loop
      vertex 21.9508 -14.6671 2.39999
      vertex 21.358 -15.5175 2.39999
      vertex 21.9508 -14.6671 0.599991
    endloop
  endfacet
  facet normal 0.820354 -0.571856 0
    outer loop
      vertex 21.358 -15.5175 2.39999
      vertex 21.358 -15.5175 0.599991
      vertex 21.9508 -14.6671 0.599991
    endloop
  endfacet
  facet normal 0 0 1
    outer loop
      vertex 20.2879 -13.5559 2.39999
      vertex 19.74 -14.342 2.39999
      vertex 21.9508 -14.6671 2.39999
    endloop
  endfacet
  facet normal 0 0 1
    outer loop
      vertex 19.74 -14.342 2.39999
      vertex 21.358 -15.5175 2.39999
      vertex 21.9508 -14.6671 2.39999
    endloop
  endfacet
  facet normal 0.820392 -0.571801 0
    outer loop
      vertex 20.2879 -13.5559 8
      vertex 19.74 -14.342 8
      vertex 20.2879 -13.5559 2.39999
    endloop
  endfacet
  facet normal 0.820392 -0.571801 0
    outer loop
      vertex 19.74 -14.342 8
      vertex 19.74 -14.342 2.39999
      vertex 20.2879 -13.5559 2.39999
    endloop
  endfacet
  facet normal 0.724757 -0.505186 -0.468523
    outer loop
      vertex 32.4606 -21.6895 35.6
      vertex 31.584 -22.9471 35.6
      vertex 20.2879 -13.5559 8
    endloop
  endfacet
  facet normal 0.724777 -0.505159 -0.468522
    outer loop
      vertex 31.584 -22.9471 35.6
      vertex 19.74 -14.342 8
      vertex 20.2879 -13.5559 8
    endloop
  endfacet
  facet normal 0.82037 -0.571833 0
    outer loop
      vertex 32.4606 -21.6895 37.2
      vertex 31.584 -22.9471 37.2
      vertex 32.4606 -21.6895 35.6
    endloop
  endfacet
  facet normal 0.82037 -0.571833 0
    outer loop
      vertex 31.584 -22.9471 37.2
      vertex 31.584 -22.9471 35.6
      vertex 32.4606 -21.6895 35.6
    endloop
  endfacet
  facet normal 0.580148 -0.404347 0.707058
    outer loop
      vertex 31.7954 -21.245 38
      vertex 30.9368 -22.4769 38
      vertex 32.4606 -21.6895 37.2
    endloop
  endfacet
  facet normal 0.580155 -0.404392 0.707027
    outer loop
      vertex 30.9368 -22.4769 38
      vertex 31.584 -22.9471 37.2
      vertex 32.4606 -21.6895 37.2
    endloop
  endfacet
  facet normal 0 0 1
    outer loop
      vertex 30.9639 -20.6894 38
      vertex 30.1278 -21.8891 38
      vertex 31.7954 -21.245 38
    endloop
  endfacet
  facet normal -0 0 1
    outer loop
      vertex 30.1278 -21.8891 38
      vertex 30.9368 -22.4769 38
      vertex 31.7954 -21.245 38
    endloop
  endfacet
  facet normal -0.820416 0.571768 0
    outer loop
      vertex 30.9639 -20.6894 35.6
      vertex 30.1278 -21.8891 35.6
      vertex 30.9639 -20.6894 38
    endloop
  endfacet
  facet normal -0.820416 0.571768 0
    outer loop
      vertex 30.1278 -21.8891 35.6
      vertex 30.1278 -21.8891 38
      vertex 30.9639 -20.6894 38
    endloop
  endfacet
  facet normal -0.724779 0.505155 0.468522
    outer loop
      vertex 18.7912 -12.5559 8
      vertex 18.2838 -13.2839 8
      vertex 30.9639 -20.6894 35.6
    endloop
  endfacet
  facet normal -0.724797 0.505129 0.468523
    outer loop
      vertex 18.2838 -13.2839 8
      vertex 30.1278 -21.8891 35.6
      vertex 30.9639 -20.6894 35.6
    endloop
  endfacet
  facet normal -0.820395 0.571797 0
    outer loop
      vertex 18.7912 -12.5559 0
      vertex 18.2838 -13.2839 0
      vertex 18.7912 -12.5559 8
    endloop
  endfacet
  facet normal -0.820395 0.571797 0
    outer loop
      vertex 18.2838 -13.2839 0
      vertex 18.2838 -13.2839 8
      vertex 18.7912 -12.5559 8
    endloop
  endfacet
  facet normal -0 0 -1
    outer loop
      vertex 19.789 -13.2226 0
      vertex 19.2546 -13.9893 0
      vertex 18.7912 -12.5559 0
    endloop
  endfacet
  facet normal 0 0 -1
    outer loop
      vertex 19.2546 -13.9893 0
      vertex 18.2838 -13.2839 0
      vertex 18.7912 -12.5559 0
    endloop
  endfacet
  facet normal 0.580161 -0.404364 -0.707038
    outer loop
      vertex 20.2879 -13.5559 0.599991
      vertex 19.74 -14.342 0.599991
      vertex 19.789 -13.2226 0
    endloop
  endfacet
  facet normal 0.580145 -0.404369 -0.707049
    outer loop
      vertex 19.74 -14.342 0.599991
      vertex 19.2546 -13.9893 0
      vertex 19.789 -13.2226 0
    endloop
  endfacet
  facet normal -0 0 -1
    outer loop
      vertex 21.358 -15.5175 0.599991
      vertex 20.7324 -16.3441 0.599991
      vertex 19.74 -14.342 0.599991
    endloop
  endfacet
  facet normal 0 0 -1
    outer loop
      vertex 20.7324 -16.3441 0.599991
      vertex 19.1617 -15.1059 0.599991
      vertex 19.74 -14.342 0.599991
    endloop
  endfacet
  facet normal 0.797376 -0.603482 0
    outer loop
      vertex 21.358 -15.5175 2.39999
      vertex 20.7324 -16.3441 2.39999
      vertex 21.358 -15.5175 0.599991
    endloop
  endfacet
  facet normal 0.797376 -0.603482 0
    outer loop
      vertex 20.7324 -16.3441 2.39999
      vertex 20.7324 -16.3441 0.599991
      vertex 21.358 -15.5175 0.599991
    endloop
  endfacet
  facet normal 0 0 1
    outer loop
      vertex 19.74 -14.342 2.39999
      vertex 19.1617 -15.1059 2.39999
      vertex 21.358 -15.5175 2.39999
    endloop
  endfacet
  facet normal 0 0 1
    outer loop
      vertex 19.1617 -15.1059 2.39999
      vertex 20.7324 -16.3441 2.39999
      vertex 21.358 -15.5175 2.39999
    endloop
  endfacet
  facet normal 0.797299 -0.603584 0
    outer loop
      vertex 19.74 -14.342 8
      vertex 19.1617 -15.1059 8
      vertex 19.74 -14.342 2.39999
    endloop
  endfacet
  facet normal 0.797299 -0.603584 0
    outer loop
      vertex 19.1617 -15.1059 8
      vertex 19.1617 -15.1059 2.39999
      vertex 19.74 -14.342 2.39999
    endloop
  endfacet
  facet normal 0.70441 -0.533192 -0.468522
    outer loop
      vertex 31.584 -22.9471 35.6
      vertex 30.6588 -24.1694 35.6
      vertex 19.74 -14.342 8
    endloop
  endfacet
  facet normal 0.704375 -0.533237 -0.468524
    outer loop
      vertex 30.6588 -24.1694 35.6
      vertex 19.1617 -15.1059 8
      vertex 19.74 -14.342 8
    endloop
  endfacet
  facet normal 0.797339 -0.603532 0
    outer loop
      vertex 31.584 -22.9471 37.2
      vertex 30.6588 -24.1694 37.2
      vertex 31.584 -22.9471 35.6
    endloop
  endfacet
  facet normal 0.797339 -0.603532 0
    outer loop
      vertex 30.6588 -24.1694 37.2
      vertex 30.6588 -24.1694 35.6
      vertex 31.584 -22.9471 35.6
    endloop
  endfacet
  facet normal 0.563845 -0.42684 0.707026
    outer loop
      vertex 30.9368 -22.4769 38
      vertex 30.0305 -23.6741 38
      vertex 31.584 -22.9471 37.2
    endloop
  endfacet
  facet normal 0.56384 -0.426789 0.707061
    outer loop
      vertex 30.0305 -23.6741 38
      vertex 30.6588 -24.1694 37.2
      vertex 31.584 -22.9471 37.2
    endloop
  endfacet
  facet normal 0 0 1
    outer loop
      vertex 30.1278 -21.8891 38
      vertex 29.2452 -23.0551 38
      vertex 30.9368 -22.4769 38
    endloop
  endfacet
  facet normal -0 0 1
    outer loop
      vertex 29.2452 -23.0551 38
      vertex 30.0305 -23.6741 38
      vertex 30.9368 -22.4769 38
    endloop
  endfacet
  facet normal -0.797333 0.603539 0
    outer loop
      vertex 30.1278 -21.8891 35.6
      vertex 29.2452 -23.0551 35.6
      vertex 30.1278 -21.8891 38
    endloop
  endfacet
  facet normal -0.797333 0.603539 0
    outer loop
      vertex 29.2452 -23.0551 35.6
      vertex 29.2452 -23.0551 38
      vertex 30.1278 -21.8891 38
    endloop
  endfacet
  facet normal -0.704413 0.533187 0.468523
    outer loop
      vertex 18.2838 -13.2839 8
      vertex 17.7482 -13.9915 8
      vertex 30.1278 -21.8891 35.6
    endloop
  endfacet
  facet normal -0.704405 0.533197 0.468523
    outer loop
      vertex 17.7482 -13.9915 8
      vertex 29.2452 -23.0551 35.6
      vertex 30.1278 -21.8891 35.6
    endloop
  endfacet
  facet normal -0.797342 0.603528 0
    outer loop
      vertex 18.2838 -13.2839 0
      vertex 17.7482 -13.9915 0
      vertex 18.2838 -13.2839 8
    endloop
  endfacet
  facet normal -0.797342 0.603528 0
    outer loop
      vertex 17.7482 -13.9915 0
      vertex 17.7482 -13.9915 8
      vertex 18.2838 -13.2839 8
    endloop
  endfacet
  facet normal -0 0 -1
    outer loop
      vertex 19.2546 -13.9893 0
      vertex 18.6905 -14.7344 0
      vertex 18.2838 -13.2839 0
    endloop
  endfacet
  facet normal 0 0 -1
    outer loop
      vertex 18.6905 -14.7344 0
      vertex 17.7482 -13.9915 0
      vertex 18.2838 -13.2839 0
    endloop
  endfacet
  facet normal 0.563822 -0.426833 -0.707049
    outer loop
      vertex 19.74 -14.342 0.599991
      vertex 19.1617 -15.1059 0.599991
      vertex 19.2546 -13.9893 0
    endloop
  endfacet
  facet normal 0.563798 -0.42684 -0.707065
    outer loop
      vertex 19.1617 -15.1059 0.599991
      vertex 18.6905 -14.7344 0
      vertex 19.2546 -13.9893 0
    endloop
  endfacet
  facet normal -0 0 -1
    outer loop
      vertex 20.7324 -16.3441 0.599991
      vertex 20.0747 -17.1454 0.599991
      vertex 19.1617 -15.1059 0.599991
    endloop
  endfacet
  facet normal 0 0 -1
    outer loop
      vertex 20.0747 -17.1454 0.599991
      vertex 18.5539 -15.8465 0.599991
      vertex 19.1617 -15.1059 0.599991
    endloop
  endfacet
  facet normal 0.772968 -0.634445 0
    outer loop
      vertex 20.7324 -16.3441 2.39999
      vertex 20.0747 -17.1454 2.39999
      vertex 20.7324 -16.3441 0.599991
    endloop
  endfacet
  facet normal 0.772968 -0.634445 0
    outer loop
      vertex 20.0747 -17.1454 2.39999
      vertex 20.0747 -17.1454 0.599991
      vertex 20.7324 -16.3441 0.599991
    endloop
  endfacet
  facet normal 0 0 1
    outer loop
      vertex 19.1617 -15.1059 2.39999
      vertex 18.5539 -15.8465 2.39999
      vertex 20.7324 -16.3441 2.39999
    endloop
  endfacet
  facet normal 0 0 1
    outer loop
      vertex 18.5539 -15.8465 2.39999
      vertex 20.0747 -17.1454 2.39999
      vertex 20.7324 -16.3441 2.39999
    endloop
  endfacet
  facet normal 0.773008 -0.634397 0
    outer loop
      vertex 19.1617 -15.1059 8
      vertex 18.5539 -15.8465 8
      vertex 19.1617 -15.1059 2.39999
    endloop
  endfacet
  facet normal 0.773008 -0.634397 0
    outer loop
      vertex 18.5539 -15.8465 8
      vertex 18.5539 -15.8465 2.39999
      vertex 19.1617 -15.1059 2.39999
    endloop
  endfacet
  facet normal 0.68289 -0.560488 -0.468523
    outer loop
      vertex 30.6588 -24.1694 35.6
      vertex 29.6862 -25.3544 35.6
      vertex 19.1617 -15.1059 8
    endloop
  endfacet
  facet normal 0.682915 -0.560459 -0.468522
    outer loop
      vertex 29.6862 -25.3544 35.6
      vertex 18.5539 -15.8465 8
      vertex 19.1617 -15.1059 8
    endloop
  endfacet
  facet normal 0.77298 -0.634431 0
    outer loop
      vertex 30.6588 -24.1694 37.2
      vertex 29.6862 -25.3544 37.2
      vertex 30.6588 -24.1694 35.6
    endloop
  endfacet
  facet normal 0.77298 -0.634431 0
    outer loop
      vertex 29.6862 -25.3544 37.2
      vertex 29.6862 -25.3544 35.6
      vertex 30.6588 -24.1694 35.6
    endloop
  endfacet
  facet normal 0.546646 -0.4486 0.707062
    outer loop
      vertex 30.0305 -23.6741 38
      vertex 29.0779 -24.8349 38
      vertex 30.6588 -24.1694 37.2
    endloop
  endfacet
  facet normal 0.546651 -0.448669 0.707014
    outer loop
      vertex 29.0779 -24.8349 38
      vertex 29.6862 -25.3544 37.2
      vertex 30.6588 -24.1694 37.2
    endloop
  endfacet
  facet normal 0 0 1
    outer loop
      vertex 29.2452 -23.0551 38
      vertex 28.3175 -24.1854 38
      vertex 30.0305 -23.6741 38
    endloop
  endfacet
  facet normal -0 0 1
    outer loop
      vertex 28.3175 -24.1854 38
      vertex 29.0779 -24.8349 38
      vertex 30.0305 -23.6741 38
    endloop
  endfacet
  facet normal -0.772981 0.634429 0
    outer loop
      vertex 29.2452 -23.0551 35.6
      vertex 28.3175 -24.1854 35.6
      vertex 29.2452 -23.0551 38
    endloop
  endfacet
  facet normal -0.772981 0.634429 0
    outer loop
      vertex 28.3175 -24.1854 35.6
      vertex 28.3175 -24.1854 38
      vertex 29.2452 -23.0551 38
    endloop
  endfacet
  facet normal -0.68291 0.560464 0.468523
    outer loop
      vertex 17.7482 -13.9915 8
      vertex 17.1852 -14.6775 8
      vertex 29.2452 -23.0551 35.6
    endloop
  endfacet
  facet normal -0.682892 0.560487 0.468522
    outer loop
      vertex 17.1852 -14.6775 8
      vertex 28.3175 -24.1854 35.6
      vertex 29.2452 -23.0551 35.6
    endloop
  endfacet
  facet normal -0.773003 0.634403 0
    outer loop
      vertex 17.7482 -13.9915 0
      vertex 17.1852 -14.6775 0
      vertex 17.7482 -13.9915 8
    endloop
  endfacet
  facet normal -0.773003 0.634403 0
    outer loop
      vertex 17.1852 -14.6775 0
      vertex 17.1852 -14.6775 8
      vertex 17.7482 -13.9915 8
    endloop
  endfacet
  facet normal -0 0 -1
    outer loop
      vertex 18.6905 -14.7344 0
      vertex 18.0977 -15.4569 0
      vertex 17.7482 -13.9915 0
    endloop
  endfacet
  facet normal 0 0 -1
    outer loop
      vertex 18.0977 -15.4569 0
      vertex 17.1852 -14.6775 0
      vertex 17.7482 -13.9915 0
    endloop
  endfacet
  facet normal 0.546632 -0.448613 -0.707065
    outer loop
      vertex 19.1617 -15.1059 0.599991
      vertex 18.5539 -15.8465 0.599991
      vertex 18.6905 -14.7344 0
    endloop
  endfacet
  facet normal 0.546737 -0.44859 -0.706998
    outer loop
      vertex 18.5539 -15.8465 0.599991
      vertex 18.0977 -15.4569 0
      vertex 18.6905 -14.7344 0
    endloop
  endfacet
  facet normal -0 0 -1
    outer loop
      vertex 20.0747 -17.1454 0.599991
      vertex 19.3861 -17.9203 0.599991
      vertex 18.5539 -15.8465 0.599991
    endloop
  endfacet
  facet normal 0 0 -1
    outer loop
      vertex 19.3861 -17.9203 0.599991
      vertex 17.9175 -16.5627 0.599991
      vertex 18.5539 -15.8465 0.599991
    endloop
  endfacet
  facet normal 0.747505 -0.664256 0
    outer loop
      vertex 20.0747 -17.1454 2.39999
      vertex 19.3861 -17.9203 2.39999
      vertex 20.0747 -17.1454 0.599991
    endloop
  endfacet
  facet normal 0.747505 -0.664256 0
    outer loop
      vertex 19.3861 -17.9203 2.39999
      vertex 19.3861 -17.9203 0.599991
      vertex 20.0747 -17.1454 0.599991
    endloop
  endfacet
  facet normal 0 0 1
    outer loop
      vertex 18.5539 -15.8465 2.39999
      vertex 17.9175 -16.5627 2.39999
      vertex 20.0747 -17.1454 2.39999
    endloop
  endfacet
  facet normal 0 0 1
    outer loop
      vertex 17.9175 -16.5627 2.39999
      vertex 19.3861 -17.9203 2.39999
      vertex 20.0747 -17.1454 2.39999
    endloop
  endfacet
  facet normal 0.747524 -0.664234 0
    outer loop
      vertex 18.5539 -15.8465 8
      vertex 17.9175 -16.5627 8
      vertex 18.5539 -15.8465 2.39999
    endloop
  endfacet
  facet normal 0.747524 -0.664234 0
    outer loop
      vertex 17.9175 -16.5627 8
      vertex 17.9175 -16.5627 2.39999
      vertex 18.5539 -15.8465 2.39999
    endloop
  endfacet
  facet normal 0.660405 -0.586815 -0.468522
    outer loop
      vertex 29.6862 -25.3544 35.6
      vertex 28.6679 -26.5004 35.6
      vertex 18.5539 -15.8465 8
    endloop
  endfacet
  facet normal 0.660402 -0.586819 -0.468522
    outer loop
      vertex 28.6679 -26.5004 35.6
      vertex 17.9175 -16.5627 8
      vertex 18.5539 -15.8465 8
    endloop
  endfacet
  facet normal 0.747528 -0.66423 0
    outer loop
      vertex 29.6862 -25.3544 37.2
      vertex 28.6679 -26.5004 37.2
      vertex 29.6862 -25.3544 35.6
    endloop
  endfacet
  facet normal 0.747528 -0.66423 0
    outer loop
      vertex 28.6679 -26.5004 37.2
      vertex 28.6679 -26.5004 35.6
      vertex 29.6862 -25.3544 35.6
    endloop
  endfacet
  facet normal 0.528636 -0.469762 0.707013
    outer loop
      vertex 29.0779 -24.8349 38
      vertex 28.0805 -25.9573 38
      vertex 29.6862 -25.3544 37.2
    endloop
  endfacet
  facet normal 0.528635 -0.469728 0.707037
    outer loop
      vertex 28.0805 -25.9573 38
      vertex 28.6679 -26.5004 37.2
      vertex 29.6862 -25.3544 37.2
    endloop
  endfacet
  facet normal 0 0 1
    outer loop
      vertex 28.3175 -24.1854 38
      vertex 27.3462 -25.2785 38
      vertex 29.0779 -24.8349 38
    endloop
  endfacet
  facet normal -0 0 1
    outer loop
      vertex 27.3462 -25.2785 38
      vertex 28.0805 -25.9573 38
      vertex 29.0779 -24.8349 38
    endloop
  endfacet
  facet normal -0.747526 0.664232 0
    outer loop
      vertex 28.3175 -24.1854 35.6
      vertex 27.3462 -25.2785 35.6
      vertex 28.3175 -24.1854 38
    endloop
  endfacet
  facet normal -0.747526 0.664232 0
    outer loop
      vertex 27.3462 -25.2785 35.6
      vertex 27.3462 -25.2785 38
      vertex 28.3175 -24.1854 38
    endloop
  endfacet
  facet normal -0.660394 0.586828 0.468522
    outer loop
      vertex 17.1852 -14.6775 8
      vertex 16.5957 -15.3409 8
      vertex 28.3175 -24.1854 35.6
    endloop
  endfacet
  facet normal -0.660403 0.586817 0.468522
    outer loop
      vertex 16.5957 -15.3409 8
      vertex 27.3462 -25.2785 35.6
      vertex 28.3175 -24.1854 35.6
    endloop
  endfacet
  facet normal -0.747515 0.664245 0
    outer loop
      vertex 17.1852 -14.6775 0
      vertex 16.5957 -15.3409 0
      vertex 17.1852 -14.6775 8
    endloop
  endfacet
  facet normal -0.747515 0.664245 0
    outer loop
      vertex 16.5957 -15.3409 0
      vertex 16.5957 -15.3409 8
      vertex 17.1852 -14.6775 8
    endloop
  endfacet
  facet normal -0 0 -1
    outer loop
      vertex 18.0977 -15.4569 0
      vertex 17.4769 -16.1554 0
      vertex 17.1852 -14.6775 0
    endloop
  endfacet
  facet normal 0 0 -1
    outer loop
      vertex 17.4769 -16.1554 0
      vertex 16.5957 -15.3409 0
      vertex 17.1852 -14.6775 0
    endloop
  endfacet
  facet normal 0.528661 -0.469757 -0.706998
    outer loop
      vertex 18.5539 -15.8465 0.599991
      vertex 17.9175 -16.5627 0.599991
      vertex 18.0977 -15.4569 0
    endloop
  endfacet
  facet normal 0.52857 -0.469773 -0.707055
    outer loop
      vertex 17.9175 -16.5627 0.599991
      vertex 17.4769 -16.1554 0
      vertex 18.0977 -15.4569 0
    endloop
  endfacet
  facet normal -0 0 -1
    outer loop
      vertex 19.3861 -17.9203 0.599991
      vertex 18.6676 -18.6676 0.599991
      vertex 17.9175 -16.5627 0.599991
    endloop
  endfacet
  facet normal 0 0 -1
    outer loop
      vertex 18.6676 -18.6676 0.599991
      vertex 17.2534 -17.2534 0.599991
      vertex 17.9175 -16.5627 0.599991
    endloop
  endfacet
  facet normal 0.720861 -0.69308 0
    outer loop
      vertex 19.3861 -17.9203 2.39999
      vertex 18.6676 -18.6676 2.39999
      vertex 19.3861 -17.9203 0.599991
    endloop
  endfacet
  facet normal 0.720861 -0.69308 0
    outer loop
      vertex 18.6676 -18.6676 2.39999
      vertex 18.6676 -18.6676 0.599991
      vertex 19.3861 -17.9203 0.599991
    endloop
  endfacet
  facet normal 0 0 1
    outer loop
      vertex 17.9175 -16.5627 2.39999
      vertex 17.2534 -17.2534 2.39999
      vertex 19.3861 -17.9203 2.39999
    endloop
  endfacet
  facet normal 0 0 1
    outer loop
      vertex 17.2534 -17.2534 2.39999
      vertex 18.6676 -18.6676 2.39999
      vertex 19.3861 -17.9203 2.39999
    endloop
  endfacet
  facet normal 0.720851 -0.69309 0
    outer loop
      vertex 17.9175 -16.5627 8
      vertex 17.2534 -17.2534 8
      vertex 17.9175 -16.5627 2.39999
    endloop
  endfacet
  facet normal 0.720851 -0.69309 0
    outer loop
      vertex 17.2534 -17.2534 8
      vertex 17.2534 -17.2534 2.39999
      vertex 17.9175 -16.5627 2.39999
    endloop
  endfacet
  facet normal 0.636821 -0.612328 -0.468522
    outer loop
      vertex 28.6679 -26.5004 35.6
      vertex 27.6054 -27.6054 35.6
      vertex 17.9175 -16.5627 8
    endloop
  endfacet
  facet normal 0.636837 -0.612312 -0.468521
    outer loop
      vertex 27.6054 -27.6054 35.6
      vertex 17.2534 -17.2534 8
      vertex 17.9175 -16.5627 8
    endloop
  endfacet
  facet normal 0.720833 -0.693109 0
    outer loop
      vertex 28.6679 -26.5004 37.2
      vertex 27.6054 -27.6054 37.2
      vertex 28.6679 -26.5004 35.6
    endloop
  endfacet
  facet normal 0.720833 -0.693109 0
    outer loop
      vertex 27.6054 -27.6054 37.2
      vertex 27.6054 -27.6054 35.6
      vertex 28.6679 -26.5004 35.6
    endloop
  endfacet
  facet normal 0.509794 -0.490109 0.707039
    outer loop
      vertex 28.0805 -25.9573 38
      vertex 27.0398 -27.0398 38
      vertex 28.6679 -26.5004 37.2
    endloop
  endfacet
  facet normal 0.509793 -0.490186 0.706985
    outer loop
      vertex 27.0398 -27.0398 38
      vertex 27.6054 -27.6054 37.2
      vertex 28.6679 -26.5004 37.2
    endloop
  endfacet
  facet normal 0 0 1
    outer loop
      vertex 27.3462 -25.2785 38
      vertex 26.3326 -26.3326 38
      vertex 28.0805 -25.9573 38
    endloop
  endfacet
  facet normal -0 0 1
    outer loop
      vertex 26.3326 -26.3326 38
      vertex 27.0398 -27.0398 38
      vertex 28.0805 -25.9573 38
    endloop
  endfacet
  facet normal -0.720819 0.693124 0
    outer loop
      vertex 27.3462 -25.2785 35.6
      vertex 26.3326 -26.3326 35.6
      vertex 27.3462 -25.2785 38
    endloop
  endfacet
  facet normal -0.720819 0.693124 0
    outer loop
      vertex 26.3326 -26.3326 35.6
      vertex 26.3326 -26.3326 38
      vertex 27.3462 -25.2785 38
    endloop
  endfacet
  facet normal -0.636819 0.61233 0.468522
    outer loop
      vertex 16.5957 -15.3409 8
      vertex 15.9806 -15.9806 8
      vertex 27.3462 -25.2785 35.6
    endloop
  endfacet
  facet normal -0.636809 0.612342 0.468522
    outer loop
      vertex 15.9806 -15.9806 8
      vertex 26.3326 -26.3326 35.6
      vertex 27.3462 -25.2785 35.6
    endloop
  endfacet
  facet normal -0.720831 0.693111 0
    outer loop
      vertex 16.5957 -15.3409 0
      vertex 15.9806 -15.9806 0
      vertex 16.5957 -15.3409 8
    endloop
  endfacet
  facet normal -0.720831 0.693111 0
    outer loop
      vertex 15.9806 -15.9806 0
      vertex 15.9806 -15.9806 8
      vertex 16.5957 -15.3409 8
    endloop
  endfacet
  facet normal -0 0 -1
    outer loop
      vertex 17.4769 -16.1554 0
      vertex 16.8291 -16.8291 0
      vertex 16.5957 -15.3409 0
    endloop
  endfacet
  facet normal 0 0 -1
    outer loop
      vertex 16.8291 -16.8291 0
      vertex 15.9806 -15.9806 0
      vertex 16.5957 -15.3409 0
    endloop
  endfacet
  facet normal 0.509756 -0.490125 -0.707055
    outer loop
      vertex 17.9175 -16.5627 0.599991
      vertex 17.2534 -17.2534 0.599991
      vertex 17.4769 -16.1554 0
    endloop
  endfacet
  facet normal 0.509725 -0.490129 -0.707074
    outer loop
      vertex 17.2534 -17.2534 0.599991
      vertex 16.8291 -16.8291 0
      vertex 17.4769 -16.1554 0
    endloop
  endfacet
  facet normal -0 0 -1
    outer loop
      vertex 18.6676 -18.6676 0.599991
      vertex 17.9203 -19.3861 0.599991
      vertex 17.2534 -17.2534 0.599991
    endloop
  endfacet
  facet normal 0 0 -1
    outer loop
      vertex 17.9203 -19.3861 0.599991
      vertex 16.5627 -17.9175 0.599991
      vertex 17.2534 -17.2534 0.599991
    endloop
  endfacet
  facet normal 0.69308 -0.720861 0
    outer loop
      vertex 18.6676 -18.6676 2.39999
      vertex 17.9203 -19.3861 2.39999
      vertex 18.6676 -18.6676 0.599991
    endloop
  endfacet
  facet normal 0.69308 -0.720861 0
    outer loop
      vertex 17.9203 -19.3861 2.39999
      vertex 17.9203 -19.3861 0.599991
      vertex 18.6676 -18.6676 0.599991
    endloop
  endfacet
  facet normal 0 0 1
    outer loop
      vertex 17.2534 -17.2534 2.39999
      vertex 16.5627 -17.9175 2.39999
      vertex 18.6676 -18.6676 2.39999
    endloop
  endfacet
  facet normal 0 0 1
    outer loop
      vertex 16.5627 -17.9175 2.39999
      vertex 17.9203 -19.3861 2.39999
      vertex 18.6676 -18.6676 2.39999
    endloop
  endfacet
  facet normal 0.69309 -0.720851 0
    outer loop
      vertex 17.2534 -17.2534 8
      vertex 16.5627 -17.9175 8
      vertex 17.2534 -17.2534 2.39999
    endloop
  endfacet
  facet normal 0.69309 -0.720851 0
    outer loop
      vertex 16.5627 -17.9175 8
      vertex 16.5627 -17.9175 2.39999
      vertex 17.2534 -17.2534 2.39999
    endloop
  endfacet
  facet normal 0.612328 -0.636821 -0.468522
    outer loop
      vertex 27.6054 -27.6054 35.6
      vertex 26.5004 -28.6679 35.6
      vertex 17.2534 -17.2534 8
    endloop
  endfacet
  facet normal 0.612311 -0.636837 -0.468522
    outer loop
      vertex 26.5004 -28.6679 35.6
      vertex 16.5627 -17.9175 8
      vertex 17.2534 -17.2534 8
    endloop
  endfacet
  facet normal 0.693109 -0.720833 0
    outer loop
      vertex 27.6054 -27.6054 37.2
      vertex 26.5004 -28.6679 37.2
      vertex 27.6054 -27.6054 35.6
    endloop
  endfacet
  facet normal 0.693109 -0.720833 0
    outer loop
      vertex 26.5004 -28.6679 37.2
      vertex 26.5004 -28.6679 35.6
      vertex 27.6054 -27.6054 35.6
    endloop
  endfacet
  facet normal 0.490146 -0.509833 0.706985
    outer loop
      vertex 27.0398 -27.0398 38
      vertex 25.9573 -28.0805 38
      vertex 27.6054 -27.6054 37.2
    endloop
  endfacet
  facet normal 0.490149 -0.509755 0.707038
    outer loop
      vertex 25.9573 -28.0805 38
      vertex 26.5004 -28.6679 37.2
      vertex 27.6054 -27.6054 37.2
    endloop
  endfacet
  facet normal 0 0 1
    outer loop
      vertex 26.3326 -26.3326 38
      vertex 25.2785 -27.3462 38
      vertex 27.0398 -27.0398 38
    endloop
  endfacet
  facet normal -0 0 1
    outer loop
      vertex 25.2785 -27.3462 38
      vertex 25.9573 -28.0805 38
      vertex 27.0398 -27.0398 38
    endloop
  endfacet
  facet normal -0.693124 0.720819 0
    outer loop
      vertex 26.3326 -26.3326 35.6
      vertex 25.2785 -27.3462 35.6
      vertex 26.3326 -26.3326 38
    endloop
  endfacet
  facet normal -0.693124 0.720819 0
    outer loop
      vertex 25.2785 -27.3462 35.6
      vertex 25.2785 -27.3462 38
      vertex 26.3326 -26.3326 38
    endloop
  endfacet
  facet normal -0.61233 0.636819 0.468522
    outer loop
      vertex 15.9806 -15.9806 8
      vertex 15.3409 -16.5957 8
      vertex 26.3326 -26.3326 35.6
    endloop
  endfacet
  facet normal -0.612341 0.636808 0.468522
    outer loop
      vertex 15.3409 -16.5957 8
      vertex 25.2785 -27.3462 35.6
      vertex 26.3326 -26.3326 35.6
    endloop
  endfacet
  facet normal -0.693111 0.720831 0
    outer loop
      vertex 15.9806 -15.9806 0
      vertex 15.3409 -16.5957 0
      vertex 15.9806 -15.9806 8
    endloop
  endfacet
  facet normal -0.693111 0.720831 0
    outer loop
      vertex 15.3409 -16.5957 0
      vertex 15.3409 -16.5957 8
      vertex 15.9806 -15.9806 8
    endloop
  endfacet
  facet normal -0 0 -1
    outer loop
      vertex 16.8291 -16.8291 0
      vertex 16.1554 -17.4769 0
      vertex 15.9806 -15.9806 0
    endloop
  endfacet
  facet normal 0 0 -1
    outer loop
      vertex 16.1554 -17.4769 0
      vertex 15.3409 -16.5957 0
      vertex 15.9806 -15.9806 0
    endloop
  endfacet
  facet normal 0.490111 -0.509742 -0.707074
    outer loop
      vertex 17.2534 -17.2534 0.599991
      vertex 16.5627 -17.9175 0.599991
      vertex 16.8291 -16.8291 0
    endloop
  endfacet
  facet normal 0.490143 -0.509739 -0.707054
    outer loop
      vertex 16.5627 -17.9175 0.599991
      vertex 16.1554 -17.4769 0
      vertex 16.8291 -16.8291 0
    endloop
  endfacet
  facet normal -0 0 -1
    outer loop
      vertex 17.9203 -19.3861 0.599991
      vertex 17.1454 -20.0747 0.599991
      vertex 16.5627 -17.9175 0.599991
    endloop
  endfacet
  facet normal 0 0 -1
    outer loop
      vertex 17.1454 -20.0747 0.599991
      vertex 15.8465 -18.5539 0.599991
      vertex 16.5627 -17.9175 0.599991
    endloop
  endfacet
  facet normal 0.664256 -0.747505 0
    outer loop
      vertex 17.9203 -19.3861 2.39999
      vertex 17.1454 -20.0747 2.39999
      vertex 17.9203 -19.3861 0.599991
    endloop
  endfacet
  facet normal 0.664256 -0.747505 0
    outer loop
      vertex 17.1454 -20.0747 2.39999
      vertex 17.1454 -20.0747 0.599991
      vertex 17.9203 -19.3861 0.599991
    endloop
  endfacet
  facet normal 0 0 1
    outer loop
      vertex 16.5627 -17.9175 2.39999
      vertex 15.8465 -18.5539 2.39999
      vertex 17.9203 -19.3861 2.39999
    endloop
  endfacet
  facet normal 0 0 1
    outer loop
      vertex 15.8465 -18.5539 2.39999
      vertex 17.1454 -20.0747 2.39999
      vertex 17.9203 -19.3861 2.39999
    endloop
  endfacet
  facet normal 0.664234 -0.747524 0
    outer loop
      vertex 16.5627 -17.9175 8
      vertex 15.8465 -18.5539 8
      vertex 16.5627 -17.9175 2.39999
    endloop
  endfacet
  facet normal 0.664234 -0.747524 0
    outer loop
      vertex 15.8465 -18.5539 8
      vertex 15.8465 -18.5539 2.39999
      vertex 16.5627 -17.9175 2.39999
    endloop
  endfacet
  facet normal 0.586815 -0.660405 -0.468522
    outer loop
      vertex 26.5004 -28.6679 35.6
      vertex 25.3544 -29.6862 35.6
      vertex 16.5627 -17.9175 8
    endloop
  endfacet
  facet normal 0.586819 -0.660402 -0.468522
    outer loop
      vertex 25.3544 -29.6862 35.6
      vertex 15.8465 -18.5539 8
      vertex 16.5627 -17.9175 8
    endloop
  endfacet
  facet normal 0.66423 -0.747528 0
    outer loop
      vertex 26.5004 -28.6679 37.2
      vertex 25.3544 -29.6862 37.2
      vertex 26.5004 -28.6679 35.6
    endloop
  endfacet
  facet normal 0.66423 -0.747528 0
    outer loop
      vertex 25.3544 -29.6862 37.2
      vertex 25.3544 -29.6862 35.6
      vertex 26.5004 -28.6679 35.6
    endloop
  endfacet
  facet normal 0.469747 -0.528618 0.707037
    outer loop
      vertex 25.9573 -28.0805 38
      vertex 24.8349 -29.0779 38
      vertex 26.5004 -28.6679 37.2
    endloop
  endfacet
  facet normal 0.469744 -0.528652 0.707013
    outer loop
      vertex 24.8349 -29.0779 38
      vertex 25.3544 -29.6862 37.2
      vertex 26.5004 -28.6679 37.2
    endloop
  endfacet
  facet normal 0 0 1
    outer loop
      vertex 25.2785 -27.3462 38
      vertex 24.1854 -28.3175 38
      vertex 25.9573 -28.0805 38
    endloop
  endfacet
  facet normal -0 0 1
    outer loop
      vertex 24.1854 -28.3175 38
      vertex 24.8349 -29.0779 38
      vertex 25.9573 -28.0805 38
    endloop
  endfacet
  facet normal -0.664232 0.747526 0
    outer loop
      vertex 25.2785 -27.3462 35.6
      vertex 24.1854 -28.3175 35.6
      vertex 25.2785 -27.3462 38
    endloop
  endfacet
  facet normal -0.664232 0.747526 0
    outer loop
      vertex 24.1854 -28.3175 35.6
      vertex 24.1854 -28.3175 38
      vertex 25.2785 -27.3462 38
    endloop
  endfacet
  facet normal -0.586828 0.660393 0.468523
    outer loop
      vertex 15.3409 -16.5957 8
      vertex 14.6775 -17.1852 8
      vertex 25.2785 -27.3462 35.6
    endloop
  endfacet
  facet normal -0.586817 0.660403 0.468522
    outer loop
      vertex 14.6775 -17.1852 8
      vertex 24.1854 -28.3175 35.6
      vertex 25.2785 -27.3462 35.6
    endloop
  endfacet
  facet normal -0.664245 0.747515 0
    outer loop
      vertex 15.3409 -16.5957 0
      vertex 14.6775 -17.1852 0
      vertex 15.3409 -16.5957 8
    endloop
  endfacet
  facet normal -0.664245 0.747515 0
    outer loop
      vertex 14.6775 -17.1852 0
      vertex 14.6775 -17.1852 8
      vertex 15.3409 -16.5957 8
    endloop
  endfacet
  facet normal -0 0 -1
    outer loop
      vertex 16.1554 -17.4769 0
      vertex 15.4569 -18.0977 0
      vertex 15.3409 -16.5957 0
    endloop
  endfacet
  facet normal 0 0 -1
    outer loop
      vertex 15.4569 -18.0977 0
      vertex 14.6775 -17.1852 0
      vertex 15.3409 -16.5957 0
    endloop
  endfacet
  facet normal 0.469719 -0.528619 -0.707054
    outer loop
      vertex 16.5627 -17.9175 0.599991
      vertex 15.8465 -18.5539 0.599991
      vertex 16.1554 -17.4769 0
    endloop
  endfacet
  facet normal 0.469811 -0.528613 -0.706997
    outer loop
      vertex 15.8465 -18.5539 0.599991
      vertex 15.4569 -18.0977 0
      vertex 16.1554 -17.4769 0
    endloop
  endfacet
  facet normal -0 0 -1
    outer loop
      vertex 17.1454 -20.0747 0.599991
      vertex 16.3441 -20.7324 0.599991
      vertex 15.8465 -18.5539 0.599991
    endloop
  endfacet
  facet normal 0 0 -1
    outer loop
      vertex 16.3441 -20.7324 0.599991
      vertex 15.1059 -19.1617 0.599991
      vertex 15.8465 -18.5539 0.599991
    endloop
  endfacet
  facet normal 0.634445 -0.772968 0
    outer loop
      vertex 17.1454 -20.0747 2.39999
      vertex 16.3441 -20.7324 2.39999
      vertex 17.1454 -20.0747 0.599991
    endloop
  endfacet
  facet normal 0.634445 -0.772968 0
    outer loop
      vertex 16.3441 -20.7324 2.39999
      vertex 16.3441 -20.7324 0.599991
      vertex 17.1454 -20.0747 0.599991
    endloop
  endfacet
  facet normal 0 0 1
    outer loop
      vertex 15.8465 -18.5539 2.39999
      vertex 15.1059 -19.1617 2.39999
      vertex 17.1454 -20.0747 2.39999
    endloop
  endfacet
  facet normal 0 0 1
    outer loop
      vertex 15.1059 -19.1617 2.39999
      vertex 16.3441 -20.7324 2.39999
      vertex 17.1454 -20.0747 2.39999
    endloop
  endfacet
  facet normal 0.634397 -0.773008 0
    outer loop
      vertex 15.8465 -18.5539 8
      vertex 15.1059 -19.1617 8
      vertex 15.8465 -18.5539 2.39999
    endloop
  endfacet
  facet normal 0.634397 -0.773008 0
    outer loop
      vertex 15.1059 -19.1617 8
      vertex 15.1059 -19.1617 2.39999
      vertex 15.8465 -18.5539 2.39999
    endloop
  endfacet
  facet normal 0.560489 -0.68289 -0.468522
    outer loop
      vertex 25.3544 -29.6862 35.6
      vertex 24.1694 -30.6588 35.6
      vertex 15.8465 -18.5539 8
    endloop
  endfacet
  facet normal 0.560458 -0.682914 -0.468524
    outer loop
      vertex 24.1694 -30.6588 35.6
      vertex 15.1059 -19.1617 8
      vertex 15.8465 -18.5539 8
    endloop
  endfacet
  facet normal 0.634431 -0.77298 0
    outer loop
      vertex 25.3544 -29.6862 37.2
      vertex 24.1694 -30.6588 37.2
      vertex 25.3544 -29.6862 35.6
    endloop
  endfacet
  facet normal 0.634431 -0.77298 0
    outer loop
      vertex 24.1694 -30.6588 37.2
      vertex 24.1694 -30.6588 35.6
      vertex 25.3544 -29.6862 35.6
    endloop
  endfacet
  facet normal 0.448631 -0.546683 0.707014
    outer loop
      vertex 24.8349 -29.0779 38
      vertex 23.6741 -30.0305 38
      vertex 25.3544 -29.6862 37.2
    endloop
  endfacet
  facet normal 0.448639 -0.546615 0.707061
    outer loop
      vertex 23.6741 -30.0305 38
      vertex 24.1694 -30.6588 37.2
      vertex 25.3544 -29.6862 37.2
    endloop
  endfacet
  facet normal 0 0 1
    outer loop
      vertex 24.1854 -28.3175 38
      vertex 23.0551 -29.2452 38
      vertex 24.8349 -29.0779 38
    endloop
  endfacet
  facet normal -0 0 1
    outer loop
      vertex 23.0551 -29.2452 38
      vertex 23.6741 -30.0305 38
      vertex 24.8349 -29.0779 38
    endloop
  endfacet
  facet normal -0.634429 0.772981 0
    outer loop
      vertex 24.1854 -28.3175 35.6
      vertex 23.0551 -29.2452 35.6
      vertex 24.1854 -28.3175 38
    endloop
  endfacet
  facet normal -0.634429 0.772981 0
    outer loop
      vertex 23.0551 -29.2452 35.6
      vertex 23.0551 -29.2452 38
      vertex 24.1854 -28.3175 38
    endloop
  endfacet
  facet normal -0.560464 0.682911 0.468522
    outer loop
      vertex 14.6775 -17.1852 8
      vertex 13.9915 -17.7482 8
      vertex 24.1854 -28.3175 35.6
    endloop
  endfacet
  facet normal -0.560487 0.682891 0.468523
    outer loop
      vertex 13.9915 -17.7482 8
      vertex 23.0551 -29.2452 35.6
      vertex 24.1854 -28.3175 35.6
    endloop
  endfacet
  facet normal -0.634403 0.773003 0
    outer loop
      vertex 14.6775 -17.1852 0
      vertex 13.9915 -17.7482 0
      vertex 14.6775 -17.1852 8
    endloop
  endfacet
  facet normal -0.634403 0.773003 0
    outer loop
      vertex 13.9915 -17.7482 0
      vertex 13.9915 -17.7482 8
      vertex 14.6775 -17.1852 8
    endloop
  endfacet
  facet normal -0 0 -1
    outer loop
      vertex 15.4569 -18.0977 0
      vertex 14.7344 -18.6905 0
      vertex 14.6775 -17.1852 0
    endloop
  endfacet
  facet normal 0 0 -1
    outer loop
      vertex 14.7344 -18.6905 0
      vertex 13.9915 -17.7482 0
      vertex 14.6775 -17.1852 0
    endloop
  endfacet
  facet normal 0.448655 -0.546683 -0.706998
    outer loop
      vertex 15.8465 -18.5539 0.599991
      vertex 15.1059 -19.1617 0.599991
      vertex 15.4569 -18.0977 0
    endloop
  endfacet
  facet normal 0.448546 -0.546685 -0.707066
    outer loop
      vertex 15.1059 -19.1617 0.599991
      vertex 14.7344 -18.6905 0
      vertex 15.4569 -18.0977 0
    endloop
  endfacet
  facet normal -0 0 -1
    outer loop
      vertex 16.3441 -20.7324 0.599991
      vertex 15.5175 -21.358 0.599991
      vertex 15.1059 -19.1617 0.599991
    endloop
  endfacet
  facet normal 0 0 -1
    outer loop
      vertex 15.5175 -21.358 0.599991
      vertex 14.342 -19.74 0.599991
      vertex 15.1059 -19.1617 0.599991
    endloop
  endfacet
  facet normal 0.603482 -0.797376 0
    outer loop
      vertex 16.3441 -20.7324 2.39999
      vertex 15.5175 -21.358 2.39999
      vertex 16.3441 -20.7324 0.599991
    endloop
  endfacet
  facet normal 0.603482 -0.797376 0
    outer loop
      vertex 15.5175 -21.358 2.39999
      vertex 15.5175 -21.358 0.599991
      vertex 16.3441 -20.7324 0.599991
    endloop
  endfacet
  facet normal 0 0 1
    outer loop
      vertex 15.1059 -19.1617 2.39999
      vertex 14.342 -19.74 2.39999
      vertex 16.3441 -20.7324 2.39999
    endloop
  endfacet
  facet normal 0 0 1
    outer loop
      vertex 14.342 -19.74 2.39999
      vertex 15.5175 -21.358 2.39999
      vertex 16.3441 -20.7324 2.39999
    endloop
  endfacet
  facet normal 0.603584 -0.797299 0
    outer loop
      vertex 15.1059 -19.1617 8
      vertex 14.342 -19.74 8
      vertex 15.1059 -19.1617 2.39999
    endloop
  endfacet
  facet normal 0.603584 -0.797299 0
    outer loop
      vertex 14.342 -19.74 8
      vertex 14.342 -19.74 2.39999
      vertex 15.1059 -19.1617 2.39999
    endloop
  endfacet
  facet normal 0.533191 -0.70441 -0.468523
    outer loop
      vertex 24.1694 -30.6588 35.6
      vertex 22.9471 -31.584 35.6
      vertex 15.1059 -19.1617 8
    endloop
  endfacet
  facet normal 0.533238 -0.704376 -0.468521
    outer loop
      vertex 22.9471 -31.584 35.6
      vertex 14.342 -19.74 8
      vertex 15.1059 -19.1617 8
    endloop
  endfacet
  facet normal 0.603532 -0.797339 0
    outer loop
      vertex 24.1694 -30.6588 37.2
      vertex 22.9471 -31.584 37.2
      vertex 24.1694 -30.6588 35.6
    endloop
  endfacet
  facet normal 0.603532 -0.797339 0
    outer loop
      vertex 22.9471 -31.584 37.2
      vertex 22.9471 -31.584 35.6
      vertex 24.1694 -30.6588 35.6
    endloop
  endfacet
  facet normal 0.426819 -0.563817 0.707062
    outer loop
      vertex 23.6741 -30.0305 38
      vertex 22.4769 -30.9368 38
      vertex 24.1694 -30.6588 37.2
    endloop
  endfacet
  facet normal 0.42681 -0.563867 0.707027
    outer loop
      vertex 22.4769 -30.9368 38
      vertex 22.9471 -31.584 37.2
      vertex 24.1694 -30.6588 37.2
    endloop
  endfacet
  facet normal 0 0 1
    outer loop
      vertex 23.0551 -29.2452 38
      vertex 21.8891 -30.1278 38
      vertex 23.6741 -30.0305 38
    endloop
  endfacet
  facet normal -0 0 1
    outer loop
      vertex 21.8891 -30.1278 38
      vertex 22.4769 -30.9368 38
      vertex 23.6741 -30.0305 38
    endloop
  endfacet
  facet normal -0.603539 0.797333 0
    outer loop
      vertex 23.0551 -29.2452 35.6
      vertex 21.8891 -30.1278 35.6
      vertex 23.0551 -29.2452 38
    endloop
  endfacet
  facet normal -0.603539 0.797333 0
    outer loop
      vertex 21.8891 -30.1278 35.6
      vertex 21.8891 -30.1278 38
      vertex 23.0551 -29.2452 38
    endloop
  endfacet
  facet normal -0.533188 0.704413 0.468523
    outer loop
      vertex 13.9915 -17.7482 8
      vertex 13.2839 -18.2838 8
      vertex 23.0551 -29.2452 35.6
    endloop
  endfacet
  facet normal -0.533197 0.704405 0.468523
    outer loop
      vertex 13.2839 -18.2838 8
      vertex 21.8891 -30.1278 35.6
      vertex 23.0551 -29.2452 35.6
    endloop
  endfacet
  facet normal -0.603528 0.797342 0
    outer loop
      vertex 13.9915 -17.7482 0
      vertex 13.2839 -18.2838 0
      vertex 13.9915 -17.7482 8
    endloop
  endfacet
  facet normal -0.603528 0.797342 0
    outer loop
      vertex 13.2839 -18.2838 0
      vertex 13.2839 -18.2838 8
      vertex 13.9915 -17.7482 8
    endloop
  endfacet
  facet normal -0 0 -1
    outer loop
      vertex 14.7344 -18.6905 0
      vertex 13.9893 -19.2546 0
      vertex 13.9915 -17.7482 0
    endloop
  endfacet
  facet normal 0 0 -1
    outer loop
      vertex 13.9893 -19.2546 0
      vertex 13.2839 -18.2838 0
      vertex 13.9915 -17.7482 0
    endloop
  endfacet
  facet normal 0.426824 -0.563809 -0.707064
    outer loop
      vertex 15.1059 -19.1617 0.599991
      vertex 14.342 -19.74 0.599991
      vertex 14.7344 -18.6905 0
    endloop
  endfacet
  facet normal 0.426849 -0.56381 -0.707049
    outer loop
      vertex 14.342 -19.74 0.599991
      vertex 13.9893 -19.2546 0
      vertex 14.7344 -18.6905 0
    endloop
  endfacet
  facet normal -0 0 -1
    outer loop
      vertex 15.5175 -21.358 0.599991
      vertex 14.6671 -21.9508 0.599991
      vertex 14.342 -19.74 0.599991
    endloop
  endfacet
  facet normal 0 0 -1
    outer loop
      vertex 14.6671 -21.9508 0.599991
      vertex 13.5559 -20.2879 0.599991
      vertex 14.342 -19.74 0.599991
    endloop
  endfacet
  facet normal 0.571856 -0.820354 0
    outer loop
      vertex 15.5175 -21.358 2.39999
      vertex 14.6671 -21.9508 2.39999
      vertex 15.5175 -21.358 0.599991
    endloop
  endfacet
  facet normal 0.571856 -0.820354 0
    outer loop
      vertex 14.6671 -21.9508 2.39999
      vertex 14.6671 -21.9508 0.599991
      vertex 15.5175 -21.358 0.599991
    endloop
  endfacet
  facet normal 0 0 1
    outer loop
      vertex 14.342 -19.74 2.39999
      vertex 13.5559 -20.2879 2.39999
      vertex 15.5175 -21.358 2.39999
    endloop
  endfacet
  facet normal 0 0 1
    outer loop
      vertex 13.5559 -20.2879 2.39999
      vertex 14.6671 -21.9508 2.39999
      vertex 15.5175 -21.358 2.39999
    endloop
  endfacet
  facet normal 0.571801 -0.820392 0
    outer loop
      vertex 14.342 -19.74 8
      vertex 13.5559 -20.2879 8
      vertex 14.342 -19.74 2.39999
    endloop
  endfacet
  facet normal 0.571801 -0.820392 0
    outer loop
      vertex 13.5559 -20.2879 8
      vertex 13.5559 -20.2879 2.39999
      vertex 14.342 -19.74 2.39999
    endloop
  endfacet
  facet normal 0.505187 -0.724758 -0.468522
    outer loop
      vertex 22.9471 -31.584 35.6
      vertex 21.6895 -32.4606 35.6
      vertex 14.342 -19.74 8
    endloop
  endfacet
  facet normal 0.505158 -0.724776 -0.468523
    outer loop
      vertex 21.6895 -32.4606 35.6
      vertex 13.5559 -20.2879 8
      vertex 14.342 -19.74 8
    endloop
  endfacet
  facet normal 0.571833 -0.82037 0
    outer loop
      vertex 22.9471 -31.584 37.2
      vertex 21.6895 -32.4606 37.2
      vertex 22.9471 -31.584 35.6
    endloop
  endfacet
  facet normal 0.571833 -0.82037 0
    outer loop
      vertex 21.6895 -32.4606 37.2
      vertex 21.6895 -32.4606 35.6
      vertex 22.9471 -31.584 35.6
    endloop
  endfacet
  facet normal 0.404365 -0.580174 0.707027
    outer loop
      vertex 22.4769 -30.9368 38
      vertex 21.245 -31.7954 38
      vertex 22.9471 -31.584 37.2
    endloop
  endfacet
  facet normal 0.404375 -0.580129 0.707058
    outer loop
      vertex 21.245 -31.7954 38
      vertex 21.6895 -32.4606 37.2
      vertex 22.9471 -31.584 37.2
    endloop
  endfacet
  facet normal 0 0 1
    outer loop
      vertex 21.8891 -30.1278 38
      vertex 20.6894 -30.9639 38
      vertex 22.4769 -30.9368 38
    endloop
  endfacet
  facet normal -0 0 1
    outer loop
      vertex 20.6894 -30.9639 38
      vertex 21.245 -31.7954 38
      vertex 22.4769 -30.9368 38
    endloop
  endfacet
  facet normal -0.571768 0.820416 0
    outer loop
      vertex 21.8891 -30.1278 35.6
      vertex 20.6894 -30.9639 35.6
      vertex 21.8891 -30.1278 38
    endloop
  endfacet
  facet normal -0.571768 0.820416 0
    outer loop
      vertex 20.6894 -30.9639 35.6
      vertex 20.6894 -30.9639 38
      vertex 21.8891 -30.1278 38
    endloop
  endfacet
  facet normal -0.505155 0.724779 0.468523
    outer loop
      vertex 13.2839 -18.2838 8
      vertex 12.5559 -18.7912 8
      vertex 21.8891 -30.1278 35.6
    endloop
  endfacet
  facet normal -0.505129 0.724798 0.468522
    outer loop
      vertex 12.5559 -18.7912 8
      vertex 20.6894 -30.9639 35.6
      vertex 21.8891 -30.1278 35.6
    endloop
  endfacet
  facet normal -0.571797 0.820395 0
    outer loop
      vertex 13.2839 -18.2838 0
      vertex 12.5559 -18.7912 0
      vertex 13.2839 -18.2838 8
    endloop
  endfacet
  facet normal -0.571797 0.820395 0
    outer loop
      vertex 12.5559 -18.7912 0
      vertex 12.5559 -18.7912 8
      vertex 13.2839 -18.2838 8
    endloop
  endfacet
  facet normal -0 0 -1
    outer loop
      vertex 13.9893 -19.2546 0
      vertex 13.2226 -19.789 0
      vertex 13.2839 -18.2838 0
    endloop
  endfacet
  facet normal 0 0 -1
    outer loop
      vertex 13.2226 -19.789 0
      vertex 12.5559 -18.7912 0
      vertex 13.2839 -18.2838 0
    endloop
  endfacet
  facet normal 0.404358 -0.580152 -0.707049
    outer loop
      vertex 14.342 -19.74 0.599991
      vertex 13.5559 -20.2879 0.599991
      vertex 13.9893 -19.2546 0
    endloop
  endfacet
  facet normal 0.404375 -0.580153 -0.707038
    outer loop
      vertex 13.5559 -20.2879 0.599991
      vertex 13.2226 -19.789 0
      vertex 13.9893 -19.2546 0
    endloop
  endfacet
  facet normal -0 0 -1
    outer loop
      vertex 14.6671 -21.9508 0.599991
      vertex 13.794 -22.5097 0.599991
      vertex 13.5559 -20.2879 0.599991
    endloop
  endfacet
  facet normal 0 0 -1
    outer loop
      vertex 13.794 -22.5097 0.599991
      vertex 12.749 -20.8044 0.599991
      vertex 13.5559 -20.2879 0.599991
    endloop
  endfacet
  facet normal 0.539133 -0.842221 0
    outer loop
      vertex 14.6671 -21.9508 2.39999
      vertex 13.794 -22.5097 2.39999
      vertex 14.6671 -21.9508 0.599991
    endloop
  endfacet
  facet normal 0.539133 -0.842221 0
    outer loop
      vertex 13.794 -22.5097 2.39999
      vertex 13.794 -22.5097 0.599991
      vertex 14.6671 -21.9508 0.599991
    endloop
  endfacet
  facet normal 0 0 1
    outer loop
      vertex 13.5559 -20.2879 2.39999
      vertex 12.749 -20.8044 2.39999
      vertex 14.6671 -21.9508 2.39999
    endloop
  endfacet
  facet normal 0 0 1
    outer loop
      vertex 12.749 -20.8044 2.39999
      vertex 13.794 -22.5097 2.39999
      vertex 14.6671 -21.9508 2.39999
    endloop
  endfacet
  facet normal 0.539116 -0.842232 0
    outer loop
      vertex 13.5559 -20.2879 8
      vertex 12.749 -20.8044 8
      vertex 13.5559 -20.2879 2.39999
    endloop
  endfacet
  facet normal 0.539116 -0.842232 0
    outer loop
      vertex 12.749 -20.8044 8
      vertex 12.749 -20.8044 2.39999
      vertex 13.5559 -20.2879 2.39999
    endloop
  endfacet
  facet normal 0.476282 -0.744071 -0.468523
    outer loop
      vertex 21.6895 -32.4606 35.6
      vertex 20.3983 -33.2871 35.6
      vertex 13.5559 -20.2879 8
    endloop
  endfacet
  facet normal 0.476283 -0.744071 -0.468523
    outer loop
      vertex 20.3983 -33.2871 35.6
      vertex 12.749 -20.8044 8
      vertex 13.5559 -20.2879 8
    endloop
  endfacet
  facet normal 0.539115 -0.842232 0
    outer loop
      vertex 21.6895 -32.4606 37.2
      vertex 20.3983 -33.2871 37.2
      vertex 21.6895 -32.4606 35.6
    endloop
  endfacet
  facet normal 0.539115 -0.842232 0
    outer loop
      vertex 20.3983 -33.2871 37.2
      vertex 20.3983 -33.2871 35.6
      vertex 21.6895 -32.4606 35.6
    endloop
  endfacet
  facet normal 0.381226 -0.595597 0.707058
    outer loop
      vertex 21.245 -31.7954 38
      vertex 19.9803 -32.6049 38
      vertex 21.6895 -32.4606 37.2
    endloop
  endfacet
  facet normal 0.381231 -0.595578 0.707072
    outer loop
      vertex 19.9803 -32.6049 38
      vertex 20.3983 -33.2871 37.2
      vertex 21.6895 -32.4606 37.2
    endloop
  endfacet
  facet normal 0 0 1
    outer loop
      vertex 20.6894 -30.9639 38
      vertex 19.4578 -31.7523 38
      vertex 21.245 -31.7954 38
    endloop
  endfacet
  facet normal 0 0 1
    outer loop
      vertex 19.4578 -31.7523 38
      vertex 19.9803 -32.6049 38
      vertex 21.245 -31.7954 38
    endloop
  endfacet
  facet normal -0.539139 0.842217 0
    outer loop
      vertex 20.6894 -30.9639 35.6
      vertex 19.4578 -31.7523 35.6
      vertex 20.6894 -30.9639 38
    endloop
  endfacet
  facet normal -0.539139 0.842217 0
    outer loop
      vertex 19.4578 -31.7523 35.6
      vertex 19.4578 -31.7523 38
      vertex 20.6894 -30.9639 38
    endloop
  endfacet
  facet normal -0.476344 0.744032 0.468522
    outer loop
      vertex 12.5559 -18.7912 8
      vertex 11.8085 -19.2697 8
      vertex 20.6894 -30.9639 35.6
    endloop
  endfacet
  facet normal -0.476304 0.744058 0.468521
    outer loop
      vertex 11.8085 -19.2697 8
      vertex 19.4578 -31.7523 35.6
      vertex 20.6894 -30.9639 35.6
    endloop
  endfacet
  facet normal -0.539185 0.842187 0
    outer loop
      vertex 12.5559 -18.7912 0
      vertex 11.8085 -19.2697 0
      vertex 12.5559 -18.7912 8
    endloop
  endfacet
  facet normal -0.539185 0.842187 0
    outer loop
      vertex 11.8085 -19.2697 0
      vertex 11.8085 -19.2697 8
      vertex 12.5559 -18.7912 8
    endloop
  endfacet
  facet normal -0 0 -1
    outer loop
      vertex 13.2226 -19.789 0
      vertex 12.4355 -20.2928 0
      vertex 12.5559 -18.7912 0
    endloop
  endfacet
  facet normal 0 0 -1
    outer loop
      vertex 12.4355 -20.2928 0
      vertex 11.8085 -19.2697 0
      vertex 12.5559 -18.7912 0
    endloop
  endfacet
  facet normal 0.381249 -0.595604 -0.707039
    outer loop
      vertex 13.5559 -20.2879 0.599991
      vertex 12.749 -20.8044 0.599991
      vertex 13.2226 -19.789 0
    endloop
  endfacet
  facet normal 0.381228 -0.595602 -0.707052
    outer loop
      vertex 12.749 -20.8044 0.599991
      vertex 12.4355 -20.2928 0
      vertex 13.2226 -19.789 0
    endloop
  endfacet
  facet normal -0 0 -1
    outer loop
      vertex 13.794 -22.5097 0.599991
      vertex 12.8996 -23.0339 0.599991
      vertex 12.749 -20.8044 0.599991
    endloop
  endfacet
  facet normal 0 0 -1
    outer loop
      vertex 12.8996 -23.0339 0.599991
      vertex 11.9224 -21.2889 0.599991
      vertex 12.749 -20.8044 0.599991
    endloop
  endfacet
  facet normal 0.505645 -0.862742 0
    outer loop
      vertex 13.794 -22.5097 2.39999
      vertex 12.8996 -23.0339 2.39999
      vertex 13.794 -22.5097 0.599991
    endloop
  endfacet
  facet normal 0.505645 -0.862742 0
    outer loop
      vertex 12.8996 -23.0339 2.39999
      vertex 12.8996 -23.0339 0.599991
      vertex 13.794 -22.5097 0.599991
    endloop
  endfacet
  facet normal 0 0 1
    outer loop
      vertex 12.749 -20.8044 2.39999
      vertex 11.9224 -21.2889 2.39999
      vertex 13.794 -22.5097 2.39999
    endloop
  endfacet
  facet normal 0 0 1
    outer loop
      vertex 11.9224 -21.2889 2.39999
      vertex 12.8996 -23.0339 2.39999
      vertex 13.794 -22.5097 2.39999
    endloop
  endfacet
  facet normal 0.505674 -0.862725 0
    outer loop
      vertex 12.749 -20.8044 8
      vertex 11.9224 -21.2889 8
      vertex 12.749 -20.8044 2.39999
    endloop
  endfacet
  facet normal 0.505674 -0.862725 0
    outer loop
      vertex 11.9224 -21.2889 8
      vertex 11.9224 -21.2889 2.39999
      vertex 12.749 -20.8044 2.39999
    endloop
  endfacet
  facet normal 0.446711 -0.762192 -0.468523
    outer loop
      vertex 20.3983 -33.2871 35.6
      vertex 19.0758 -34.0622 35.6
      vertex 12.749 -20.8044 8
    endloop
  endfacet
  facet normal 0.446739 -0.762176 -0.468522
    outer loop
      vertex 19.0758 -34.0622 35.6
      vertex 11.9224 -21.2889 8
      vertex 12.749 -20.8044 8
    endloop
  endfacet
  facet normal 0.505642 -0.862743 0
    outer loop
      vertex 20.3983 -33.2871 37.2
      vertex 19.0758 -34.0622 37.2
      vertex 20.3983 -33.2871 35.6
    endloop
  endfacet
  facet normal 0.505642 -0.862743 0
    outer loop
      vertex 19.0758 -34.0622 37.2
      vertex 19.0758 -34.0622 35.6
      vertex 20.3983 -33.2871 35.6
    endloop
  endfacet
  facet normal 0.35759 -0.610064 0.707073
    outer loop
      vertex 19.9803 -32.6049 38
      vertex 18.6849 -33.3642 38
      vertex 20.3983 -33.2871 37.2
    endloop
  endfacet
  facet normal 0.357577 -0.610109 0.707041
    outer loop
      vertex 18.6849 -33.3642 38
      vertex 19.0758 -34.0622 37.2
      vertex 20.3983 -33.2871 37.2
    endloop
  endfacet
  facet normal 0 0 1
    outer loop
      vertex 19.4578 -31.7523 38
      vertex 18.1963 -32.4917 38
      vertex 19.9803 -32.6049 38
    endloop
  endfacet
  facet normal 0 0 1
    outer loop
      vertex 18.1963 -32.4917 38
      vertex 18.6849 -33.3642 38
      vertex 19.9803 -32.6049 38
    endloop
  endfacet
  facet normal -0.505669 0.862728 0
    outer loop
      vertex 19.4578 -31.7523 35.6
      vertex 18.1963 -32.4917 35.6
      vertex 19.4578 -31.7523 38
    endloop
  endfacet
  facet normal -0.505669 0.862728 0
    outer loop
      vertex 18.1963 -32.4917 35.6
      vertex 18.1963 -32.4917 38
      vertex 19.4578 -31.7523 38
    endloop
  endfacet
  facet normal -0.446662 0.762222 0.46852
    outer loop
      vertex 11.8085 -19.2697 8
      vertex 11.0428 -19.7184 8
      vertex 19.4578 -31.7523 35.6
    endloop
  endfacet
  facet normal -0.446734 0.762178 0.468523
    outer loop
      vertex 11.0428 -19.7184 8
      vertex 18.1963 -32.4917 35.6
      vertex 19.4578 -31.7523 35.6
    endloop
  endfacet
  facet normal -0.505586 0.862776 0
    outer loop
      vertex 11.8085 -19.2697 0
      vertex 11.0428 -19.7184 0
      vertex 11.8085 -19.2697 8
    endloop
  endfacet
  facet normal -0.505586 0.862776 0
    outer loop
      vertex 11.0428 -19.7184 0
      vertex 11.0428 -19.7184 8
      vertex 11.8085 -19.2697 8
    endloop
  endfacet
  facet normal -0 0 -1
    outer loop
      vertex 12.4355 -20.2928 0
      vertex 11.6292 -20.7654 0
      vertex 11.8085 -19.2697 0
    endloop
  endfacet
  facet normal 0 0 -1
    outer loop
      vertex 11.6292 -20.7654 0
      vertex 11.0428 -19.7184 0
      vertex 11.8085 -19.2697 0
    endloop
  endfacet
  facet normal 0.357593 -0.610085 -0.707052
    outer loop
      vertex 12.749 -20.8044 0.599991
      vertex 11.9224 -21.2889 0.599991
      vertex 12.4355 -20.2928 0
    endloop
  endfacet
  facet normal 0.357592 -0.610085 -0.707053
    outer loop
      vertex 11.9224 -21.2889 0.599991
      vertex 11.6292 -20.7654 0
      vertex 12.4355 -20.2928 0
    endloop
  endfacet
  facet normal -0 0 -1
    outer loop
      vertex 12.8996 -23.0339 0.599991
      vertex 11.9853 -23.5226 0.599991
      vertex 11.9224 -21.2889 0.599991
    endloop
  endfacet
  facet normal 0 0 -1
    outer loop
      vertex 11.9853 -23.5226 0.599991
      vertex 11.0774 -21.7406 0.599991
      vertex 11.9224 -21.2889 0.599991
    endloop
  endfacet
  facet normal 0.471394 -0.881923 0
    outer loop
      vertex 12.8996 -23.0339 2.39999
      vertex 11.9853 -23.5226 2.39999
      vertex 12.8996 -23.0339 0.599991
    endloop
  endfacet
  facet normal 0.471394 -0.881923 0
    outer loop
      vertex 11.9853 -23.5226 2.39999
      vertex 11.9853 -23.5226 0.599991
      vertex 12.8996 -23.0339 0.599991
    endloop
  endfacet
  facet normal 0 0 1
    outer loop
      vertex 11.9224 -21.2889 2.39999
      vertex 11.0774 -21.7406 2.39999
      vertex 12.8996 -23.0339 2.39999
    endloop
  endfacet
  facet normal 0 0 1
    outer loop
      vertex 11.0774 -21.7406 2.39999
      vertex 11.9853 -23.5226 2.39999
      vertex 12.8996 -23.0339 2.39999
    endloop
  endfacet
  facet normal 0.471428 -0.881905 0
    outer loop
      vertex 11.9224 -21.2889 8
      vertex 11.0774 -21.7406 8
      vertex 11.9224 -21.2889 2.39999
    endloop
  endfacet
  facet normal 0.471428 -0.881905 0
    outer loop
      vertex 11.0774 -21.7406 8
      vertex 11.0774 -21.7406 2.39999
      vertex 11.9224 -21.2889 2.39999
    endloop
  endfacet
  facet normal 0.416475 -0.779125 -0.468522
    outer loop
      vertex 19.0758 -34.0622 35.6
      vertex 17.7238 -34.7849 35.6
      vertex 11.9224 -21.2889 8
    endloop
  endfacet
  facet normal 0.416484 -0.77912 -0.468522
    outer loop
      vertex 17.7238 -34.7849 35.6
      vertex 11.0774 -21.7406 8
      vertex 11.9224 -21.2889 8
    endloop
  endfacet
  facet normal 0.471418 -0.88191 0
    outer loop
      vertex 19.0758 -34.0622 37.2
      vertex 17.7238 -34.7849 37.2
      vertex 19.0758 -34.0622 35.6
    endloop
  endfacet
  facet normal 0.471418 -0.88191 0
    outer loop
      vertex 17.7238 -34.7849 37.2
      vertex 17.7238 -34.7849 35.6
      vertex 19.0758 -34.0622 35.6
    endloop
  endfacet
  facet normal 0.333376 -0.623662 0.707041
    outer loop
      vertex 18.6849 -33.3642 38
      vertex 17.3606 -34.0721 38
      vertex 19.0758 -34.0622 37.2
    endloop
  endfacet
  facet normal 0.333375 -0.623665 0.707038
    outer loop
      vertex 17.3606 -34.0721 38
      vertex 17.7238 -34.7849 37.2
      vertex 19.0758 -34.0622 37.2
    endloop
  endfacet
  facet normal 0 0 1
    outer loop
      vertex 18.1963 -32.4917 38
      vertex 16.9066 -33.1811 38
      vertex 18.6849 -33.3642 38
    endloop
  endfacet
  facet normal 0 0 1
    outer loop
      vertex 16.9066 -33.1811 38
      vertex 17.3606 -34.0721 38
      vertex 18.6849 -33.3642 38
    endloop
  endfacet
  facet normal -0.471419 0.88191 0
    outer loop
      vertex 18.1963 -32.4917 35.6
      vertex 16.9066 -33.1811 35.6
      vertex 18.1963 -32.4917 38
    endloop
  endfacet
  facet normal -0.471419 0.88191 0
    outer loop
      vertex 16.9066 -33.1811 35.6
      vertex 16.9066 -33.1811 38
      vertex 18.1963 -32.4917 38
    endloop
  endfacet
  facet normal -0.41645 0.779138 0.468523
    outer loop
      vertex 11.0428 -19.7184 8
      vertex 10.2602 -20.1367 8
      vertex 18.1963 -32.4917 35.6
    endloop
  endfacet
  facet normal -0.416475 0.779124 0.468524
    outer loop
      vertex 10.2602 -20.1367 8
      vertex 16.9066 -33.1811 35.6
      vertex 18.1963 -32.4917 35.6
    endloop
  endfacet
  facet normal -0.471389 0.881925 0
    outer loop
      vertex 11.0428 -19.7184 0
      vertex 10.2602 -20.1367 0
      vertex 11.0428 -19.7184 8
    endloop
  endfacet
  facet normal -0.471389 0.881925 0
    outer loop
      vertex 10.2602 -20.1367 0
      vertex 10.2602 -20.1367 8
      vertex 11.0428 -19.7184 8
    endloop
  endfacet
  facet normal -0 0 -1
    outer loop
      vertex 11.6292 -20.7654 0
      vertex 10.805 -21.2059 0
      vertex 11.0428 -19.7184 0
    endloop
  endfacet
  facet normal 0 0 -1
    outer loop
      vertex 10.805 -21.2059 0
      vertex 10.2602 -20.1367 0
      vertex 11.0428 -19.7184 0
    endloop
  endfacet
  facet normal 0.333375 -0.623648 -0.707053
    outer loop
      vertex 11.9224 -21.2889 0.599991
      vertex 11.0774 -21.7406 0.599991
      vertex 11.6292 -20.7654 0
    endloop
  endfacet
  facet normal 0.333307 -0.623636 -0.707096
    outer loop
      vertex 11.0774 -21.7406 0.599991
      vertex 10.805 -21.2059 0
      vertex 11.6292 -20.7654 0
    endloop
  endfacet
  facet normal -0 0 -1
    outer loop
      vertex 11.9853 -23.5226 0.599991
      vertex 11.0526 -23.975 0.599991
      vertex 11.0774 -21.7406 0.599991
    endloop
  endfacet
  facet normal 0 0 -1
    outer loop
      vertex 11.0526 -23.975 0.599991
      vertex 10.2153 -22.1587 0.599991
      vertex 11.0774 -21.7406 0.599991
    endloop
  endfacet
  facet normal 0.436416 -0.899745 0
    outer loop
      vertex 11.9853 -23.5226 2.39999
      vertex 11.0526 -23.975 2.39999
      vertex 11.9853 -23.5226 0.599991
    endloop
  endfacet
  facet normal 0.436416 -0.899745 0
    outer loop
      vertex 11.0526 -23.975 2.39999
      vertex 11.0526 -23.975 0.599991
      vertex 11.9853 -23.5226 0.599991
    endloop
  endfacet
  facet normal 0 0 1
    outer loop
      vertex 11.0774 -21.7406 2.39999
      vertex 10.2153 -22.1587 2.39999
      vertex 11.9853 -23.5226 2.39999
    endloop
  endfacet
  facet normal 0 0 1
    outer loop
      vertex 10.2153 -22.1587 2.39999
      vertex 11.0526 -23.975 2.39999
      vertex 11.9853 -23.5226 2.39999
    endloop
  endfacet
  facet normal 0.436368 -0.899768 0
    outer loop
      vertex 11.0774 -21.7406 8
      vertex 10.2153 -22.1587 8
      vertex 11.0774 -21.7406 2.39999
    endloop
  endfacet
  facet normal 0.436368 -0.899768 0
    outer loop
      vertex 10.2153 -22.1587 8
      vertex 10.2153 -22.1587 2.39999
      vertex 11.0774 -21.7406 2.39999
    endloop
  endfacet
  facet normal 0.385543 -0.794886 -0.468522
    outer loop
      vertex 17.7238 -34.7849 35.6
      vertex 16.3445 -35.4539 35.6
      vertex 11.0774 -21.7406 8
    endloop
  endfacet
  facet normal 0.38551 -0.794901 -0.468523
    outer loop
      vertex 16.3445 -35.4539 35.6
      vertex 10.2153 -22.1587 8
      vertex 11.0774 -21.7406 8
    endloop
  endfacet
  facet normal 0.436405 -0.89975 0
    outer loop
      vertex 17.7238 -34.7849 37.2
      vertex 16.3445 -35.4539 37.2
      vertex 17.7238 -34.7849 35.6
    endloop
  endfacet
  facet normal 0.436405 -0.89975 0
    outer loop
      vertex 16.3445 -35.4539 37.2
      vertex 16.3445 -35.4539 35.6
      vertex 17.7238 -34.7849 35.6
    endloop
  endfacet
  facet normal 0.308606 -0.636286 0.707038
    outer loop
      vertex 17.3606 -34.0721 38
      vertex 16.0095 -34.7274 38
      vertex 17.7238 -34.7849 37.2
    endloop
  endfacet
  facet normal 0.308611 -0.636274 0.707047
    outer loop
      vertex 16.0095 -34.7274 38
      vertex 16.3445 -35.4539 37.2
      vertex 17.7238 -34.7849 37.2
    endloop
  endfacet
  facet normal 0 0 1
    outer loop
      vertex 16.9066 -33.1811 38
      vertex 15.5909 -33.8192 38
      vertex 17.3606 -34.0721 38
    endloop
  endfacet
  facet normal 0 0 1
    outer loop
      vertex 15.5909 -33.8192 38
      vertex 16.0095 -34.7274 38
      vertex 17.3606 -34.0721 38
    endloop
  endfacet
  facet normal -0.436376 0.899764 0
    outer loop
      vertex 16.9066 -33.1811 35.6
      vertex 15.5909 -33.8192 35.6
      vertex 16.9066 -33.1811 38
    endloop
  endfacet
  facet normal -0.436376 0.899764 0
    outer loop
      vertex 15.5909 -33.8192 35.6
      vertex 15.5909 -33.8192 38
      vertex 16.9066 -33.1811 38
    endloop
  endfacet
  facet normal -0.38555 0.794881 0.468524
    outer loop
      vertex 10.2602 -20.1367 8
      vertex 9.46171 -20.524 8
      vertex 16.9066 -33.1811 35.6
    endloop
  endfacet
  facet normal -0.385517 0.794898 0.468523
    outer loop
      vertex 9.46171 -20.524 8
      vertex 15.5909 -33.8192 35.6
      vertex 16.9066 -33.1811 35.6
    endloop
  endfacet
  facet normal -0.436413 0.899746 0
    outer loop
      vertex 10.2602 -20.1367 0
      vertex 9.46171 -20.524 0
      vertex 10.2602 -20.1367 8
    endloop
  endfacet
  facet normal -0.436413 0.899746 0
    outer loop
      vertex 9.46171 -20.524 0
      vertex 9.46171 -20.524 8
      vertex 10.2602 -20.1367 8
    endloop
  endfacet
  facet normal -0 0 -1
    outer loop
      vertex 10.805 -21.2059 0
      vertex 9.9641 -21.6138 0
      vertex 10.2602 -20.1367 0
    endloop
  endfacet
  facet normal 0 0 -1
    outer loop
      vertex 9.9641 -21.6138 0
      vertex 9.46171 -20.524 0
      vertex 10.2602 -20.1367 0
    endloop
  endfacet
  facet normal 0.308564 -0.636242 -0.707096
    outer loop
      vertex 11.0774 -21.7406 0.599991
      vertex 10.2153 -22.1587 0.599991
      vertex 10.805 -21.2059 0
    endloop
  endfacet
  facet normal 0.308633 -0.636257 -0.707052
    outer loop
      vertex 10.2153 -22.1587 0.599991
      vertex 9.9641 -21.6138 0
      vertex 10.805 -21.2059 0
    endloop
  endfacet
  facet normal -0 0 -1
    outer loop
      vertex 11.0526 -23.975 0.599991
      vertex 10.1028 -24.3904 0.599991
      vertex 10.2153 -22.1587 0.599991
    endloop
  endfacet
  facet normal 0 0 -1
    outer loop
      vertex 10.1028 -24.3904 0.599991
      vertex 9.33747 -22.5427 0.599991
      vertex 10.2153 -22.1587 0.599991
    endloop
  endfacet
  facet normal 0.400708 -0.916206 0
    outer loop
      vertex 11.0526 -23.975 2.39999
      vertex 10.1028 -24.3904 2.39999
      vertex 11.0526 -23.975 0.599991
    endloop
  endfacet
  facet normal 0.400708 -0.916206 0
    outer loop
      vertex 10.1028 -24.3904 2.39999
      vertex 10.1028 -24.3904 0.599991
      vertex 11.0526 -23.975 0.599991
    endloop
  endfacet
  facet normal 0 0 1
    outer loop
      vertex 10.2153 -22.1587 2.39999
      vertex 9.33747 -22.5427 2.39999
      vertex 11.0526 -23.975 2.39999
    endloop
  endfacet
  facet normal 0 0 1
    outer loop
      vertex 9.33747 -22.5427 2.39999
      vertex 10.1028 -24.3904 2.39999
      vertex 11.0526 -23.975 2.39999
    endloop
  endfacet
  facet normal 0.400774 -0.916177 0
    outer loop
      vertex 10.2153 -22.1587 8
      vertex 9.33747 -22.5427 8
      vertex 10.2153 -22.1587 2.39999
    endloop
  endfacet
  facet normal 0.400774 -0.916177 0
    outer loop
      vertex 9.33747 -22.5427 8
      vertex 9.33747 -22.5427 2.39999
      vertex 10.2153 -22.1587 2.39999
    endloop
  endfacet
  facet normal 0.354071 -0.809395 -0.468523
    outer loop
      vertex 16.3445 -35.4539 35.6
      vertex 14.94 -36.0683 35.6
      vertex 10.2153 -22.1587 8
    endloop
  endfacet
  facet normal 0.354065 -0.809397 -0.468523
    outer loop
      vertex 14.94 -36.0683 35.6
      vertex 9.33747 -22.5427 8
      vertex 10.2153 -22.1587 8
    endloop
  endfacet
  facet normal 0.400781 -0.916174 0
    outer loop
      vertex 16.3445 -35.4539 37.2
      vertex 14.94 -36.0683 37.2
      vertex 16.3445 -35.4539 35.6
    endloop
  endfacet
  facet normal 0.400781 -0.916174 0
    outer loop
      vertex 14.94 -36.0683 37.2
      vertex 14.94 -36.0683 35.6
      vertex 16.3445 -35.4539 35.6
    endloop
  endfacet
  facet normal 0.28338 -0.647907 0.707045
    outer loop
      vertex 16.0095 -34.7274 38
      vertex 14.6338 -35.3291 38
      vertex 16.3445 -35.4539 37.2
    endloop
  endfacet
  facet normal 0.283403 -0.647851 0.707087
    outer loop
      vertex 14.6338 -35.3291 38
      vertex 14.94 -36.0683 37.2
      vertex 16.3445 -35.4539 37.2
    endloop
  endfacet
  facet normal 0 0 1
    outer loop
      vertex 15.5909 -33.8192 38
      vertex 14.2511 -34.4053 38
      vertex 16.0095 -34.7274 38
    endloop
  endfacet
  facet normal 0 0 1
    outer loop
      vertex 14.2511 -34.4053 38
      vertex 14.6338 -35.3291 38
      vertex 16.0095 -34.7274 38
    endloop
  endfacet
  facet normal -0.400783 0.916173 0
    outer loop
      vertex 15.5909 -33.8192 35.6
      vertex 14.2511 -34.4053 35.6
      vertex 15.5909 -33.8192 38
    endloop
  endfacet
  facet normal -0.400783 0.916173 0
    outer loop
      vertex 14.2511 -34.4053 35.6
      vertex 14.2511 -34.4053 38
      vertex 15.5909 -33.8192 38
    endloop
  endfacet
  facet normal -0.354089 0.809387 0.468523
    outer loop
      vertex 9.46171 -20.524 8
      vertex 8.64864 -20.8797 8
      vertex 15.5909 -33.8192 35.6
    endloop
  endfacet
  facet normal -0.354072 0.809394 0.468523
    outer loop
      vertex 8.64864 -20.8797 8
      vertex 14.2511 -34.4053 35.6
      vertex 15.5909 -33.8192 35.6
    endloop
  endfacet
  facet normal -0.400802 0.916165 0
    outer loop
      vertex 9.46171 -20.524 0
      vertex 8.64864 -20.8797 0
      vertex 9.46171 -20.524 8
    endloop
  endfacet
  facet normal -0.400802 0.916165 0
    outer loop
      vertex 8.64864 -20.8797 0
      vertex 8.64864 -20.8797 8
      vertex 9.46171 -20.524 8
    endloop
  endfacet
  facet normal -0 0 -1
    outer loop
      vertex 9.9641 -21.6138 0
      vertex 9.10786 -21.9883 0
      vertex 9.46171 -20.524 0
    endloop
  endfacet
  facet normal 0 0 -1
    outer loop
      vertex 9.10786 -21.9883 0
      vertex 8.64864 -20.8797 0
      vertex 9.46171 -20.524 0
    endloop
  endfacet
  facet normal 0.283412 -0.647884 -0.707053
    outer loop
      vertex 10.2153 -22.1587 0.599991
      vertex 9.33747 -22.5427 0.599991
      vertex 9.9641 -21.6138 0
    endloop
  endfacet
  facet normal 0.283365 -0.647872 -0.707083
    outer loop
      vertex 9.33747 -22.5427 0.599991
      vertex 9.10786 -21.9883 0
      vertex 9.9641 -21.6138 0
    endloop
  endfacet
  facet normal -0 0 -1
    outer loop
      vertex 10.1028 -24.3904 0.599991
      vertex 9.13749 -24.7682 0.599991
      vertex 9.33747 -22.5427 0.599991
    endloop
  endfacet
  facet normal 0 0 -1
    outer loop
      vertex 9.13749 -24.7682 0.599991
      vertex 8.44525 -22.8919 0.599991
      vertex 9.33747 -22.5427 0.599991
    endloop
  endfacet
  facet normal 0.364458 -0.93122 0
    outer loop
      vertex 10.1028 -24.3904 2.39999
      vertex 9.13749 -24.7682 2.39999
      vertex 10.1028 -24.3904 0.599991
    endloop
  endfacet
  facet normal 0.364458 -0.93122 0
    outer loop
      vertex 9.13749 -24.7682 2.39999
      vertex 9.13749 -24.7682 0.599991
      vertex 10.1028 -24.3904 0.599991
    endloop
  endfacet
  facet normal 0 0 1
    outer loop
      vertex 9.33747 -22.5427 2.39999
      vertex 8.44525 -22.8919 2.39999
      vertex 10.1028 -24.3904 2.39999
    endloop
  endfacet
  facet normal 0 0 1
    outer loop
      vertex 8.44525 -22.8919 2.39999
      vertex 9.13749 -24.7682 2.39999
      vertex 10.1028 -24.3904 2.39999
    endloop
  endfacet
  facet normal 0.364463 -0.931218 0
    outer loop
      vertex 9.33747 -22.5427 8
      vertex 8.44525 -22.8919 8
      vertex 9.33747 -22.5427 2.39999
    endloop
  endfacet
  facet normal 0.364463 -0.931218 0
    outer loop
      vertex 8.44525 -22.8919 8
      vertex 8.44525 -22.8919 2.39999
      vertex 9.33747 -22.5427 2.39999
    endloop
  endfacet
  facet normal 0.321966 -0.822693 -0.468523
    outer loop
      vertex 14.94 -36.0683 35.6
      vertex 13.5124 -36.627 35.6
      vertex 9.33747 -22.5427 8
    endloop
  endfacet
  facet normal 0.321985 -0.822686 -0.468523
    outer loop
      vertex 13.5124 -36.627 35.6
      vertex 8.44525 -22.8919 8
      vertex 9.33747 -22.5427 8
    endloop
  endfacet
  facet normal 0.364441 -0.931226 0
    outer loop
      vertex 14.94 -36.0683 37.2
      vertex 13.5124 -36.627 37.2
      vertex 14.94 -36.0683 35.6
    endloop
  endfacet
  facet normal 0.364441 -0.931226 0
    outer loop
      vertex 13.5124 -36.627 37.2
      vertex 13.5124 -36.627 35.6
      vertex 14.94 -36.0683 35.6
    endloop
  endfacet
  facet normal 0.257733 -0.658484 0.707087
    outer loop
      vertex 14.6338 -35.3291 38
      vertex 13.2355 -35.8764 38
      vertex 14.94 -36.0683 37.2
    endloop
  endfacet
  facet normal 0.257716 -0.658521 0.707059
    outer loop
      vertex 13.2355 -35.8764 38
      vertex 13.5124 -36.627 37.2
      vertex 14.94 -36.0683 37.2
    endloop
  endfacet
  facet normal 0 0 1
    outer loop
      vertex 14.2511 -34.4053 38
      vertex 12.8894 -34.9382 38
      vertex 14.6338 -35.3291 38
    endloop
  endfacet
  facet normal 0 0 1
    outer loop
      vertex 12.8894 -34.9382 38
      vertex 13.2355 -35.8764 38
      vertex 14.6338 -35.3291 38
    endloop
  endfacet
  facet normal -0.364435 0.931229 0
    outer loop
      vertex 14.2511 -34.4053 35.6
      vertex 12.8894 -34.9382 35.6
      vertex 14.2511 -34.4053 38
    endloop
  endfacet
  facet normal -0.364435 0.931229 0
    outer loop
      vertex 12.8894 -34.9382 35.6
      vertex 12.8894 -34.9382 38
      vertex 14.2511 -34.4053 38
    endloop
  endfacet
  facet normal -0.321952 0.822699 0.468522
    outer loop
      vertex 8.64864 -20.8797 8
      vertex 7.82224 -21.2031 8
      vertex 14.2511 -34.4053 35.6
    endloop
  endfacet
  facet normal -0.321961 0.822695 0.468523
    outer loop
      vertex 7.82224 -21.2031 8
      vertex 12.8894 -34.9382 35.6
      vertex 14.2511 -34.4053 35.6
    endloop
  endfacet
  facet normal -0.364425 0.931233 0
    outer loop
      vertex 8.64864 -20.8797 0
      vertex 7.82224 -21.2031 0
      vertex 8.64864 -20.8797 8
    endloop
  endfacet
  facet normal -0.364425 0.931233 0
    outer loop
      vertex 7.82224 -21.2031 0
      vertex 7.82224 -21.2031 8
      vertex 8.64864 -20.8797 8
    endloop
  endfacet
  facet normal -0 0 -1
    outer loop
      vertex 9.10786 -21.9883 0
      vertex 8.23758 -22.3289 0
      vertex 8.64864 -20.8797 0
    endloop
  endfacet
  facet normal 0 0 -1
    outer loop
      vertex 8.23758 -22.3289 0
      vertex 7.82224 -21.2031 0
      vertex 8.64864 -20.8797 0
    endloop
  endfacet
  facet normal 0.257723 -0.658492 -0.707084
    outer loop
      vertex 9.33747 -22.5427 0.599991
      vertex 8.44525 -22.8919 0.599991
      vertex 9.10786 -21.9883 0
    endloop
  endfacet
  facet normal 0.257712 -0.658489 -0.707091
    outer loop
      vertex 8.44525 -22.8919 0.599991
      vertex 8.23758 -22.3289 0
      vertex 9.10786 -21.9883 0
    endloop
  endfacet
  facet normal -0 0 -1
    outer loop
      vertex 9.13749 -24.7682 0.599991
      vertex 8.15805 -25.1079 0.599991
      vertex 8.44525 -22.8919 0.599991
    endloop
  endfacet
  facet normal 0 0 -1
    outer loop
      vertex 8.15805 -25.1079 0.599991
      vertex 7.54001 -23.2058 0.599991
      vertex 8.44525 -22.8919 0.599991
    endloop
  endfacet
  facet normal 0.327682 -0.944788 0
    outer loop
      vertex 9.13749 -24.7682 2.39999
      vertex 8.15805 -25.1079 2.39999
      vertex 9.13749 -24.7682 0.599991
    endloop
  endfacet
  facet normal 0.327682 -0.944788 0
    outer loop
      vertex 8.15805 -25.1079 2.39999
      vertex 8.15805 -25.1079 0.599991
      vertex 9.13749 -24.7682 0.599991
    endloop
  endfacet
  facet normal 0 0 1
    outer loop
      vertex 8.44525 -22.8919 2.39999
      vertex 7.54001 -23.2058 2.39999
      vertex 9.13749 -24.7682 2.39999
    endloop
  endfacet
  facet normal 0 0 1
    outer loop
      vertex 7.54001 -23.2058 2.39999
      vertex 8.15805 -25.1079 2.39999
      vertex 9.13749 -24.7682 2.39999
    endloop
  endfacet
  facet normal 0.327621 -0.944809 0
    outer loop
      vertex 8.44525 -22.8919 8
      vertex 7.54001 -23.2058 8
      vertex 8.44525 -22.8919 2.39999
    endloop
  endfacet
  facet normal 0.327621 -0.944809 0
    outer loop
      vertex 7.54001 -23.2058 8
      vertex 7.54001 -23.2058 2.39999
      vertex 8.44525 -22.8919 2.39999
    endloop
  endfacet
  facet normal 0.289414 -0.834701 -0.468522
    outer loop
      vertex 13.5124 -36.627 35.6
      vertex 12.064 -37.1292 35.6
      vertex 8.44525 -22.8919 8
    endloop
  endfacet
  facet normal 0.289437 -0.834694 -0.468521
    outer loop
      vertex 12.064 -37.1292 35.6
      vertex 7.54001 -23.2058 8
      vertex 8.44525 -22.8919 8
    endloop
  endfacet
  facet normal 0.327594 -0.944818 0
    outer loop
      vertex 13.5124 -36.627 37.2
      vertex 12.064 -37.1292 37.2
      vertex 13.5124 -36.627 35.6
    endloop
  endfacet
  facet normal 0.327594 -0.944818 0
    outer loop
      vertex 12.064 -37.1292 37.2
      vertex 12.064 -37.1292 35.6
      vertex 13.5124 -36.627 35.6
    endloop
  endfacet
  facet normal 0.231701 -0.668118 0.707059
    outer loop
      vertex 13.2355 -35.8764 38
      vertex 11.8168 -36.3684 38
      vertex 13.5124 -36.627 37.2
    endloop
  endfacet
  facet normal 0.231673 -0.668171 0.707018
    outer loop
      vertex 11.8168 -36.3684 38
      vertex 12.064 -37.1292 37.2
      vertex 13.5124 -36.627 37.2
    endloop
  endfacet
  facet normal 0 0 1
    outer loop
      vertex 12.8894 -34.9382 38
      vertex 11.5078 -35.4173 38
      vertex 13.2355 -35.8764 38
    endloop
  endfacet
  facet normal 0 0 1
    outer loop
      vertex 11.5078 -35.4173 38
      vertex 11.8168 -36.3684 38
      vertex 13.2355 -35.8764 38
    endloop
  endfacet
  facet normal -0.327632 0.944805 0
    outer loop
      vertex 12.8894 -34.9382 35.6
      vertex 11.5078 -35.4173 35.6
      vertex 12.8894 -34.9382 38
    endloop
  endfacet
  facet normal -0.327632 0.944805 0
    outer loop
      vertex 11.5078 -35.4173 35.6
      vertex 11.5078 -35.4173 38
      vertex 12.8894 -34.9382 38
    endloop
  endfacet
  facet normal -0.289487 0.834676 0.468523
    outer loop
      vertex 7.82224 -21.2031 8
      vertex 6.98378 -21.4939 8
      vertex 12.8894 -34.9382 35.6
    endloop
  endfacet
  facet normal -0.289447 0.83469 0.468521
    outer loop
      vertex 6.98378 -21.4939 8
      vertex 11.5078 -35.4173 35.6
      vertex 12.8894 -34.9382 35.6
    endloop
  endfacet
  facet normal -0.327678 0.94479 0
    outer loop
      vertex 7.82224 -21.2031 0
      vertex 6.98378 -21.4939 0
      vertex 7.82224 -21.2031 8
    endloop
  endfacet
  facet normal -0.327678 0.94479 0
    outer loop
      vertex 6.98378 -21.4939 0
      vertex 6.98378 -21.4939 8
      vertex 7.82224 -21.2031 8
    endloop
  endfacet
  facet normal -0 0 -1
    outer loop
      vertex 8.23758 -22.3289 0
      vertex 7.3546 -22.6351 0
      vertex 7.82224 -21.2031 0
    endloop
  endfacet
  facet normal 0 0 -1
    outer loop
      vertex 7.3546 -22.6351 0
      vertex 6.98378 -21.4939 0
      vertex 7.82224 -21.2031 0
    endloop
  endfacet
  facet normal 0.231668 -0.668096 -0.707091
    outer loop
      vertex 8.44525 -22.8919 0.599991
      vertex 7.54001 -23.2058 0.599991
      vertex 8.23758 -22.3289 0
    endloop
  endfacet
  facet normal 0.231684 -0.668101 -0.707081
    outer loop
      vertex 7.54001 -23.2058 0.599991
      vertex 7.3546 -22.6351 0
      vertex 8.23758 -22.3289 0
    endloop
  endfacet
  facet normal -0 0 -1
    outer loop
      vertex 8.15805 -25.1079 0.599991
      vertex 7.16603 -25.4088 0.599991
      vertex 7.54001 -23.2058 0.599991
    endloop
  endfacet
  facet normal 0 0 -1
    outer loop
      vertex 7.16603 -25.4088 0.599991
      vertex 6.62315 -23.4839 0.599991
      vertex 7.54001 -23.2058 0.599991
    endloop
  endfacet
  facet normal 0.290262 -0.956947 0
    outer loop
      vertex 8.15805 -25.1079 2.39999
      vertex 7.16603 -25.4088 2.39999
      vertex 8.15805 -25.1079 0.599991
    endloop
  endfacet
  facet normal 0.290262 -0.956947 0
    outer loop
      vertex 7.16603 -25.4088 2.39999
      vertex 7.16603 -25.4088 0.599991
      vertex 8.15805 -25.1079 0.599991
    endloop
  endfacet
  facet normal 0 0 1
    outer loop
      vertex 7.54001 -23.2058 2.39999
      vertex 6.62315 -23.4839 2.39999
      vertex 8.15805 -25.1079 2.39999
    endloop
  endfacet
  facet normal 0 0 1
    outer loop
      vertex 6.62315 -23.4839 2.39999
      vertex 7.16603 -25.4088 2.39999
      vertex 8.15805 -25.1079 2.39999
    endloop
  endfacet
  facet normal 0.290259 -0.956948 0
    outer loop
      vertex 7.54001 -23.2058 8
      vertex 6.62315 -23.4839 8
      vertex 7.54001 -23.2058 2.39999
    endloop
  endfacet
  facet normal 0.290259 -0.956948 0
    outer loop
      vertex 6.62315 -23.4839 8
      vertex 6.62315 -23.4839 2.39999
      vertex 7.54001 -23.2058 2.39999
    endloop
  endfacet
  facet normal 0.256448 -0.845413 -0.468521
    outer loop
      vertex 12.064 -37.1292 35.6
      vertex 10.597 -37.5742 35.6
      vertex 7.54001 -23.2058 8
    endloop
  endfacet
  facet normal 0.25643 -0.845418 -0.468522
    outer loop
      vertex 10.597 -37.5742 35.6
      vertex 6.62315 -23.4839 8
      vertex 7.54001 -23.2058 8
    endloop
  endfacet
  facet normal 0.290279 -0.956942 0
    outer loop
      vertex 12.064 -37.1292 37.2
      vertex 10.597 -37.5742 37.2
      vertex 12.064 -37.1292 35.6
    endloop
  endfacet
  facet normal 0.290279 -0.956942 0
    outer loop
      vertex 10.597 -37.5742 37.2
      vertex 10.597 -37.5742 35.6
      vertex 12.064 -37.1292 35.6
    endloop
  endfacet
  facet normal 0.205297 -0.676741 0.707018
    outer loop
      vertex 11.8168 -36.3684 38
      vertex 10.3799 -36.8043 38
      vertex 12.064 -37.1292 37.2
    endloop
  endfacet
  facet normal 0.205288 -0.676758 0.707005
    outer loop
      vertex 10.3799 -36.8043 38
      vertex 10.597 -37.5742 37.2
      vertex 12.064 -37.1292 37.2
    endloop
  endfacet
  facet normal 0 0 1
    outer loop
      vertex 11.5078 -35.4173 38
      vertex 10.1084 -35.8418 38
      vertex 11.8168 -36.3684 38
    endloop
  endfacet
  facet normal 0 0 1
    outer loop
      vertex 10.1084 -35.8418 38
      vertex 10.3799 -36.8043 38
      vertex 11.8168 -36.3684 38
    endloop
  endfacet
  facet normal -0.290283 0.956941 0
    outer loop
      vertex 11.5078 -35.4173 35.6
      vertex 10.1084 -35.8418 35.6
      vertex 11.5078 -35.4173 38
    endloop
  endfacet
  facet normal -0.290283 0.956941 0
    outer loop
      vertex 10.1084 -35.8418 35.6
      vertex 10.1084 -35.8418 38
      vertex 11.5078 -35.4173 38
    endloop
  endfacet
  facet normal -0.256443 0.845414 0.468521
    outer loop
      vertex 6.98378 -21.4939 8
      vertex 6.13455 -21.7515 8
      vertex 11.5078 -35.4173 35.6
    endloop
  endfacet
  facet normal -0.256451 0.845411 0.468522
    outer loop
      vertex 6.13455 -21.7515 8
      vertex 10.1084 -35.8418 35.6
      vertex 11.5078 -35.4173 35.6
    endloop
  endfacet
  facet normal -0.290273 0.956944 0
    outer loop
      vertex 6.98378 -21.4939 0
      vertex 6.13455 -21.7515 0
      vertex 6.98378 -21.4939 8
    endloop
  endfacet
  facet normal -0.290273 0.956944 0
    outer loop
      vertex 6.13455 -21.7515 0
      vertex 6.13455 -21.7515 8
      vertex 6.98378 -21.4939 8
    endloop
  endfacet
  facet normal -0 0 -1
    outer loop
      vertex 7.3546 -22.6351 0
      vertex 6.46028 -22.9064 0
      vertex 6.98378 -21.4939 0
    endloop
  endfacet
  facet normal 0 0 -1
    outer loop
      vertex 6.46028 -22.9064 0
      vertex 6.13455 -21.7515 0
      vertex 6.98378 -21.4939 0
    endloop
  endfacet
  facet normal 0.205252 -0.676689 -0.707081
    outer loop
      vertex 7.54001 -23.2058 0.599991
      vertex 6.62315 -23.4839 0.599991
      vertex 7.3546 -22.6351 0
    endloop
  endfacet
  facet normal 0.205283 -0.676701 -0.70706
    outer loop
      vertex 6.62315 -23.4839 0.599991
      vertex 6.46028 -22.9064 0
      vertex 7.3546 -22.6351 0
    endloop
  endfacet
  facet normal -0 0 -1
    outer loop
      vertex 7.16603 -25.4088 0.599991
      vertex 6.16296 -25.6706 0.599991
      vertex 6.62315 -23.4839 0.599991
    endloop
  endfacet
  facet normal 0 0 -1
    outer loop
      vertex 6.16296 -25.6706 0.599991
      vertex 5.69607 -23.7258 0.599991
      vertex 6.62315 -23.4839 0.599991
    endloop
  endfacet
  facet normal 0.252539 -0.967587 0
    outer loop
      vertex 7.16603 -25.4088 2.39999
      vertex 6.16296 -25.6706 2.39999
      vertex 7.16603 -25.4088 0.599991
    endloop
  endfacet
  facet normal 0.252539 -0.967587 0
    outer loop
      vertex 6.16296 -25.6706 2.39999
      vertex 6.16296 -25.6706 0.599991
      vertex 7.16603 -25.4088 0.599991
    endloop
  endfacet
  facet normal 0 0 1
    outer loop
      vertex 6.62315 -23.4839 2.39999
      vertex 5.69607 -23.7258 2.39999
      vertex 7.16603 -25.4088 2.39999
    endloop
  endfacet
  facet normal 0 0 1
    outer loop
      vertex 5.69607 -23.7258 2.39999
      vertex 6.16296 -25.6706 2.39999
      vertex 7.16603 -25.4088 2.39999
    endloop
  endfacet
  facet normal 0.252474 -0.967604 0
    outer loop
      vertex 6.62315 -23.4839 8
      vertex 5.69607 -23.7258 8
      vertex 6.62315 -23.4839 2.39999
    endloop
  endfacet
  facet normal 0.252474 -0.967604 0
    outer loop
      vertex 5.69607 -23.7258 8
      vertex 5.69607 -23.7258 2.39999
      vertex 6.62315 -23.4839 2.39999
    endloop
  endfacet
  facet normal 0.223086 -0.854822 -0.468522
    outer loop
      vertex 10.597 -37.5742 35.6
      vertex 9.11371 -37.9613 35.6
      vertex 6.62315 -23.4839 8
    endloop
  endfacet
  facet normal 0.223048 -0.854831 -0.468523
    outer loop
      vertex 9.11371 -37.9613 35.6
      vertex 5.69607 -23.7258 8
      vertex 6.62315 -23.4839 8
    endloop
  endfacet
  facet normal 0.252516 -0.967593 0
    outer loop
      vertex 10.597 -37.5742 37.2
      vertex 9.11371 -37.9613 37.2
      vertex 10.597 -37.5742 35.6
    endloop
  endfacet
  facet normal 0.252516 -0.967593 0
    outer loop
      vertex 9.11371 -37.9613 37.2
      vertex 9.11371 -37.9613 35.6
      vertex 10.597 -37.5742 35.6
    endloop
  endfacet
  facet normal 0.178546 -0.684299 0.707005
    outer loop
      vertex 10.3799 -36.8043 38
      vertex 8.92695 -37.1834 38
      vertex 10.597 -37.5742 37.2
    endloop
  endfacet
  facet normal 0.178573 -0.684255 0.707041
    outer loop
      vertex 8.92695 -37.1834 38
      vertex 9.11371 -37.9613 37.2
      vertex 10.597 -37.5742 37.2
    endloop
  endfacet
  facet normal 0 0 1
    outer loop
      vertex 10.1084 -35.8418 38
      vertex 8.6935 -36.211 38
      vertex 10.3799 -36.8043 38
    endloop
  endfacet
  facet normal 0 0 1
    outer loop
      vertex 8.6935 -36.211 38
      vertex 8.92695 -37.1834 38
      vertex 10.3799 -36.8043 38
    endloop
  endfacet
  facet normal -0.252483 0.967601 0
    outer loop
      vertex 10.1084 -35.8418 35.6
      vertex 8.6935 -36.211 35.6
      vertex 10.1084 -35.8418 38
    endloop
  endfacet
  facet normal -0.252483 0.967601 0
    outer loop
      vertex 8.6935 -36.211 35.6
      vertex 8.6935 -36.211 38
      vertex 10.1084 -35.8418 38
    endloop
  endfacet
  facet normal -0.22309 0.85482 0.468522
    outer loop
      vertex 6.13455 -21.7515 8
      vertex 5.27586 -21.9756 8
      vertex 10.1084 -35.8418 35.6
    endloop
  endfacet
  facet normal -0.223057 0.85483 0.468521
    outer loop
      vertex 5.27586 -21.9756 8
      vertex 8.6935 -36.211 35.6
      vertex 10.1084 -35.8418 35.6
    endloop
  endfacet
  facet normal -0.252521 0.967591 0
    outer loop
      vertex 6.13455 -21.7515 0
      vertex 5.27586 -21.9756 0
      vertex 6.13455 -21.7515 8
    endloop
  endfacet
  facet normal -0.252521 0.967591 0
    outer loop
      vertex 5.27586 -21.9756 0
      vertex 5.27586 -21.9756 8
      vertex 6.13455 -21.7515 8
    endloop
  endfacet
  facet normal -0 0 -1
    outer loop
      vertex 6.46028 -22.9064 0
      vertex 5.556 -23.1424 0
      vertex 6.13455 -21.7515 0
    endloop
  endfacet
  facet normal 0 0 -1
    outer loop
      vertex 5.556 -23.1424 0
      vertex 5.27586 -21.9756 0
      vertex 6.13455 -21.7515 0
    endloop
  endfacet
  facet normal 0.178538 -0.684244 -0.70706
    outer loop
      vertex 6.62315 -23.4839 0.599991
      vertex 5.69607 -23.7258 0.599991
      vertex 6.46028 -22.9064 0
    endloop
  endfacet
  facet normal 0.17858 -0.684263 -0.707032
    outer loop
      vertex 5.69607 -23.7258 0.599991
      vertex 5.556 -23.1424 0
      vertex 6.46028 -22.9064 0
    endloop
  endfacet
  facet normal -0 0 -1
    outer loop
      vertex 6.16296 -25.6706 0.599991
      vertex 5.15038 -25.8927 0.599991
      vertex 5.69607 -23.7258 0.599991
    endloop
  endfacet
  facet normal 0 0 -1
    outer loop
      vertex 5.15038 -25.8927 0.599991
      vertex 4.7602 -23.9312 0.599991
      vertex 5.69607 -23.7258 0.599991
    endloop
  endfacet
  facet normal 0.214247 -0.976779 0
    outer loop
      vertex 6.16296 -25.6706 2.39999
      vertex 5.15038 -25.8927 2.39999
      vertex 6.16296 -25.6706 0.599991
    endloop
  endfacet
  facet normal 0.214247 -0.976779 0
    outer loop
      vertex 5.15038 -25.8927 2.39999
      vertex 5.15038 -25.8927 0.599991
      vertex 6.16296 -25.6706 0.599991
    endloop
  endfacet
  facet normal 0 0 1
    outer loop
      vertex 5.69607 -23.7258 2.39999
      vertex 4.7602 -23.9312 2.39999
      vertex 6.16296 -25.6706 2.39999
    endloop
  endfacet
  facet normal 0 0 1
    outer loop
      vertex 4.7602 -23.9312 2.39999
      vertex 5.15038 -25.8927 2.39999
      vertex 6.16296 -25.6706 2.39999
    endloop
  endfacet
  facet normal 0.214373 -0.976752 0
    outer loop
      vertex 5.69607 -23.7258 8
      vertex 4.7602 -23.9312 8
      vertex 5.69607 -23.7258 2.39999
    endloop
  endfacet
  facet normal 0.214373 -0.976752 0
    outer loop
      vertex 4.7602 -23.9312 8
      vertex 4.7602 -23.9312 2.39999
      vertex 5.69607 -23.7258 2.39999
    endloop
  endfacet
  facet normal 0.189366 -0.862917 -0.468523
    outer loop
      vertex 9.11371 -37.9613 35.6
      vertex 7.61632 -38.2899 35.6
      vertex 5.69607 -23.7258 8
    endloop
  endfacet
  facet normal 0.189388 -0.862913 -0.468523
    outer loop
      vertex 7.61632 -38.2899 35.6
      vertex 4.7602 -23.9312 8
      vertex 5.69607 -23.7258 8
    endloop
  endfacet
  facet normal 0.214348 -0.976757 0
    outer loop
      vertex 9.11371 -37.9613 37.2
      vertex 7.61632 -38.2899 37.2
      vertex 9.11371 -37.9613 35.6
    endloop
  endfacet
  facet normal 0.214348 -0.976757 0
    outer loop
      vertex 7.61632 -38.2899 37.2
      vertex 7.61632 -38.2899 35.6
      vertex 9.11371 -37.9613 35.6
    endloop
  endfacet
  facet normal 0.151552 -0.690743 0.707041
    outer loop
      vertex 8.92695 -37.1834 38
      vertex 7.46025 -37.5052 38
      vertex 9.11371 -37.9613 37.2
    endloop
  endfacet
  facet normal 0.151575 -0.690709 0.707069
    outer loop
      vertex 7.46025 -37.5052 38
      vertex 7.61632 -38.2899 37.2
      vertex 9.11371 -37.9613 37.2
    endloop
  endfacet
  facet normal 0 0 1
    outer loop
      vertex 8.6935 -36.211 38
      vertex 7.26516 -36.5244 38
      vertex 8.92695 -37.1834 38
    endloop
  endfacet
  facet normal 0 0 1
    outer loop
      vertex 7.26516 -36.5244 38
      vertex 7.46025 -37.5052 38
      vertex 8.92695 -37.1834 38
    endloop
  endfacet
  facet normal -0.214317 0.976764 0
    outer loop
      vertex 8.6935 -36.211 35.6
      vertex 7.26516 -36.5244 35.6
      vertex 8.6935 -36.211 38
    endloop
  endfacet
  facet normal -0.214317 0.976764 0
    outer loop
      vertex 7.26516 -36.5244 35.6
      vertex 7.26516 -36.5244 38
      vertex 8.6935 -36.211 38
    endloop
  endfacet
  facet normal -0.18925 0.862945 0.46852
    outer loop
      vertex 5.27586 -21.9756 8
      vertex 4.40904 -22.1657 8
      vertex 8.6935 -36.211 35.6
    endloop
  endfacet
  facet normal -0.189339 0.862924 0.468523
    outer loop
      vertex 4.40904 -22.1657 8
      vertex 7.26516 -36.5244 35.6
      vertex 8.6935 -36.211 35.6
    endloop
  endfacet
  facet normal -0.214216 0.976786 0
    outer loop
      vertex 5.27586 -21.9756 0
      vertex 4.40904 -22.1657 0
      vertex 5.27586 -21.9756 8
    endloop
  endfacet
  facet normal -0.214216 0.976786 0
    outer loop
      vertex 4.40904 -22.1657 0
      vertex 4.40904 -22.1657 8
      vertex 5.27586 -21.9756 8
    endloop
  endfacet
  facet normal -0 0 -1
    outer loop
      vertex 5.556 -23.1424 0
      vertex 4.64315 -23.3427 0
      vertex 5.27586 -21.9756 0
    endloop
  endfacet
  facet normal 0 0 -1
    outer loop
      vertex 4.64315 -23.3427 0
      vertex 4.40904 -22.1657 0
      vertex 5.27586 -21.9756 0
    endloop
  endfacet
  facet normal 0.1516 -0.690741 -0.707032
    outer loop
      vertex 5.69607 -23.7258 0.599991
      vertex 4.7602 -23.9312 0.599991
      vertex 5.556 -23.1424 0
    endloop
  endfacet
  facet normal 0.15156 -0.690721 -0.70706
    outer loop
      vertex 4.7602 -23.9312 0.599991
      vertex 4.64315 -23.3427 0
      vertex 5.556 -23.1424 0
    endloop
  endfacet
  facet normal -0 0 -1
    outer loop
      vertex 5.15038 -25.8927 0.599991
      vertex 4.12987 -26.075 0.599991
      vertex 4.7602 -23.9312 0.599991
    endloop
  endfacet
  facet normal 0 0 -1
    outer loop
      vertex 4.12987 -26.075 0.599991
      vertex 3.817 -24.0996 0.599991
      vertex 4.7602 -23.9312 0.599991
    endloop
  endfacet
  facet normal 0.175852 -0.984417 0
    outer loop
      vertex 5.15038 -25.8927 2.39999
      vertex 4.12987 -26.075 2.39999
      vertex 5.15038 -25.8927 0.599991
    endloop
  endfacet
  facet normal 0.175852 -0.984417 0
    outer loop
      vertex 4.12987 -26.075 2.39999
      vertex 4.12987 -26.075 0.599991
      vertex 5.15038 -25.8927 0.599991
    endloop
  endfacet
  facet normal 0 0 1
    outer loop
      vertex 4.7602 -23.9312 2.39999
      vertex 3.817 -24.0996 2.39999
      vertex 5.15038 -25.8927 2.39999
    endloop
  endfacet
  facet normal 0 0 1
    outer loop
      vertex 3.817 -24.0996 2.39999
      vertex 4.12987 -26.075 2.39999
      vertex 5.15038 -25.8927 2.39999
    endloop
  endfacet
  facet normal 0.175762 -0.984433 0
    outer loop
      vertex 4.7602 -23.9312 8
      vertex 3.817 -24.0996 8
      vertex 4.7602 -23.9312 2.39999
    endloop
  endfacet
  facet normal 0.175762 -0.984433 0
    outer loop
      vertex 3.817 -24.0996 8
      vertex 3.817 -24.0996 2.39999
      vertex 4.7602 -23.9312 2.39999
    endloop
  endfacet
  facet normal 0.155255 -0.869703 -0.468523
    outer loop
      vertex 7.61632 -38.2899 35.6
      vertex 6.1072 -38.5593 35.6
      vertex 4.7602 -23.9312 8
    endloop
  endfacet
  facet normal 0.155277 -0.869699 -0.468522
    outer loop
      vertex 6.1072 -38.5593 35.6
      vertex 3.817 -24.0996 8
      vertex 4.7602 -23.9312 8
    endloop
  endfacet
  facet normal 0.175736 -0.984437 0
    outer loop
      vertex 7.61632 -38.2899 37.2
      vertex 6.1072 -38.5593 37.2
      vertex 7.61632 -38.2899 35.6
    endloop
  endfacet
  facet normal 0.175736 -0.984437 0
    outer loop
      vertex 6.1072 -38.5593 37.2
      vertex 6.1072 -38.5593 35.6
      vertex 7.61632 -38.2899 35.6
    endloop
  endfacet
  facet normal 0.124326 -0.696129 0.70707
    outer loop
      vertex 7.46025 -37.5052 38
      vertex 5.98205 -37.7692 38
      vertex 7.61632 -38.2899 37.2
    endloop
  endfacet
  facet normal 0.12428 -0.69619 0.707017
    outer loop
      vertex 5.98205 -37.7692 38
      vertex 6.1072 -38.5593 37.2
      vertex 7.61632 -38.2899 37.2
    endloop
  endfacet
  facet normal 0 0 1
    outer loop
      vertex 7.26516 -36.5244 38
      vertex 5.82562 -36.7815 38
      vertex 7.46025 -37.5052 38
    endloop
  endfacet
  facet normal 0 0 1
    outer loop
      vertex 5.82562 -36.7815 38
      vertex 5.98205 -37.7692 38
      vertex 7.46025 -37.5052 38
    endloop
  endfacet
  facet normal -0.175817 0.984423 0
    outer loop
      vertex 7.26516 -36.5244 35.6
      vertex 5.82562 -36.7815 35.6
      vertex 7.26516 -36.5244 38
    endloop
  endfacet
  facet normal -0.175817 0.984423 0
    outer loop
      vertex 5.82562 -36.7815 35.6
      vertex 5.82562 -36.7815 38
      vertex 7.26516 -36.5244 38
    endloop
  endfacet
  facet normal -0.155299 0.869694 0.468523
    outer loop
      vertex 4.40904 -22.1657 8
      vertex 3.53542 -22.3217 8
      vertex 7.26516 -36.5244 35.6
    endloop
  endfacet
  facet normal -0.155325 0.869689 0.468524
    outer loop
      vertex 3.53542 -22.3217 8
      vertex 5.82562 -36.7815 35.6
      vertex 7.26516 -36.5244 35.6
    endloop
  endfacet
  facet normal -0.175787 0.984428 0
    outer loop
      vertex 4.40904 -22.1657 0
      vertex 3.53542 -22.3217 0
      vertex 4.40904 -22.1657 8
    endloop
  endfacet
  facet normal -0.175787 0.984428 0
    outer loop
      vertex 3.53542 -22.3217 0
      vertex 3.53542 -22.3217 8
      vertex 4.40904 -22.1657 8
    endloop
  endfacet
  facet normal -0 0 -1
    outer loop
      vertex 4.64315 -23.3427 0
      vertex 3.72314 -23.507 0
      vertex 4.40904 -22.1657 0
    endloop
  endfacet
  facet normal 0 0 -1
    outer loop
      vertex 3.72314 -23.507 0
      vertex 3.53542 -22.3217 0
      vertex 4.40904 -22.1657 0
    endloop
  endfacet
  facet normal 0.124291 -0.696145 -0.70706
    outer loop
      vertex 4.7602 -23.9312 0.599991
      vertex 3.817 -24.0996 0.599991
      vertex 4.64315 -23.3427 0
    endloop
  endfacet
  facet normal 0.124324 -0.696163 -0.707036
    outer loop
      vertex 3.817 -24.0996 0.599991
      vertex 3.72314 -23.507 0
      vertex 4.64315 -23.3427 0
    endloop
  endfacet
  facet normal -0 0 -1
    outer loop
      vertex 4.12987 -26.075 0.599991
      vertex 3.10299 -26.217 0.599991
      vertex 3.817 -24.0996 0.599991
    endloop
  endfacet
  facet normal 0 0 -1
    outer loop
      vertex 3.10299 -26.217 0.599991
      vertex 2.86791 -24.2309 0.599991
      vertex 3.817 -24.0996 0.599991
    endloop
  endfacet
  facet normal 0.136979 -0.990574 0
    outer loop
      vertex 4.12987 -26.075 2.39999
      vertex 3.10299 -26.217 2.39999
      vertex 4.12987 -26.075 0.599991
    endloop
  endfacet
  facet normal 0.136979 -0.990574 0
    outer loop
      vertex 3.10299 -26.217 2.39999
      vertex 3.10299 -26.217 0.599991
      vertex 4.12987 -26.075 0.599991
    endloop
  endfacet
  facet normal 0 0 1
    outer loop
      vertex 3.817 -24.0996 2.39999
      vertex 2.86791 -24.2309 2.39999
      vertex 4.12987 -26.075 2.39999
    endloop
  endfacet
  facet normal 0 0 1
    outer loop
      vertex 2.86791 -24.2309 2.39999
      vertex 3.10299 -26.217 2.39999
      vertex 4.12987 -26.075 2.39999
    endloop
  endfacet
  facet normal 0.137038 -0.990566 0
    outer loop
      vertex 3.817 -24.0996 8
      vertex 2.86791 -24.2309 8
      vertex 3.817 -24.0996 2.39999
    endloop
  endfacet
  facet normal 0.137038 -0.990566 0
    outer loop
      vertex 2.86791 -24.2309 8
      vertex 2.86791 -24.2309 2.39999
      vertex 3.817 -24.0996 2.39999
    endloop
  endfacet
  facet normal 0.121078 -0.875116 -0.468522
    outer loop
      vertex 6.1072 -38.5593 35.6
      vertex 4.58866 -38.7694 35.6
      vertex 3.817 -24.0996 8
    endloop
  endfacet
  facet normal 0.121066 -0.875117 -0.468522
    outer loop
      vertex 4.58866 -38.7694 35.6
      vertex 2.86791 -24.2309 8
      vertex 3.817 -24.0996 8
    endloop
  endfacet
  facet normal 0.137051 -0.990564 0
    outer loop
      vertex 6.1072 -38.5593 37.2
      vertex 4.58866 -38.7694 37.2
      vertex 6.1072 -38.5593 35.6
    endloop
  endfacet
  facet normal 0.137051 -0.990564 0
    outer loop
      vertex 4.58866 -38.7694 37.2
      vertex 4.58866 -38.7694 35.6
      vertex 6.1072 -38.5593 35.6
    endloop
  endfacet
  facet normal 0.0968785 -0.70053 0.707016
    outer loop
      vertex 5.98205 -37.7692 38
      vertex 4.49463 -37.9749 38
      vertex 6.1072 -38.5593 37.2
    endloop
  endfacet
  facet normal 0.0969164 -0.700483 0.707058
    outer loop
      vertex 4.49463 -37.9749 38
      vertex 4.58866 -38.7694 37.2
      vertex 6.1072 -38.5593 37.2
    endloop
  endfacet
  facet normal 0 0 1
    outer loop
      vertex 5.82562 -36.7815 38
      vertex 4.37709 -36.9819 38
      vertex 5.98205 -37.7692 38
    endloop
  endfacet
  facet normal 0 0 1
    outer loop
      vertex 4.37709 -36.9819 38
      vertex 4.49463 -37.9749 38
      vertex 5.98205 -37.7692 38
    endloop
  endfacet
  facet normal -0.137042 0.990565 0
    outer loop
      vertex 5.82562 -36.7815 35.6
      vertex 4.37709 -36.9819 35.6
      vertex 5.82562 -36.7815 38
    endloop
  endfacet
  facet normal -0.137042 0.990565 0
    outer loop
      vertex 4.37709 -36.9819 35.6
      vertex 4.37709 -36.9819 38
      vertex 5.82562 -36.7815 38
    endloop
  endfacet
  facet normal -0.121052 0.875118 0.468524
    outer loop
      vertex 3.53542 -22.3217 8
      vertex 2.65634 -22.4433 8
      vertex 5.82562 -36.7815 35.6
    endloop
  endfacet
  facet normal -0.12107 0.875115 0.468525
    outer loop
      vertex 2.65634 -22.4433 8
      vertex 4.37709 -36.9819 35.6
      vertex 5.82562 -36.7815 35.6
    endloop
  endfacet
  facet normal -0.137022 0.990568 0
    outer loop
      vertex 3.53542 -22.3217 0
      vertex 2.65634 -22.4433 0
      vertex 3.53542 -22.3217 8
    endloop
  endfacet
  facet normal -0.137022 0.990568 0
    outer loop
      vertex 2.65634 -22.4433 0
      vertex 2.65634 -22.4433 8
      vertex 3.53542 -22.3217 8
    endloop
  endfacet
  facet normal -0 0 -1
    outer loop
      vertex 3.72314 -23.507 0
      vertex 2.79739 -23.635 0
      vertex 3.53542 -22.3217 0
    endloop
  endfacet
  facet normal 0 0 -1
    outer loop
      vertex 2.79739 -23.635 0
      vertex 2.65634 -22.4433 0
      vertex 3.53542 -22.3217 0
    endloop
  endfacet
  facet normal 0.0969101 -0.700505 -0.707036
    outer loop
      vertex 3.817 -24.0996 0.599991
      vertex 2.86791 -24.2309 0.599991
      vertex 3.72314 -23.507 0
    endloop
  endfacet
  facet normal 0.0968515 -0.700471 -0.707078
    outer loop
      vertex 2.86791 -24.2309 0.599991
      vertex 2.79739 -23.635 0
      vertex 3.72314 -23.507 0
    endloop
  endfacet
  facet normal -0 0 -1
    outer loop
      vertex 3.10299 -26.217 0.599991
      vertex 2.07132 -26.3186 0.599991
      vertex 2.86791 -24.2309 0.599991
    endloop
  endfacet
  facet normal 0 0 -1
    outer loop
      vertex 2.07132 -26.3186 0.599991
      vertex 1.9144 -24.3248 0.599991
      vertex 2.86791 -24.2309 0.599991
    endloop
  endfacet
  facet normal 0.098007 -0.995186 0
    outer loop
      vertex 3.10299 -26.217 2.39999
      vertex 2.07132 -26.3186 2.39999
      vertex 3.10299 -26.217 0.599991
    endloop
  endfacet
  facet normal 0.098007 -0.995186 0
    outer loop
      vertex 2.07132 -26.3186 2.39999
      vertex 2.07132 -26.3186 0.599991
      vertex 3.10299 -26.217 0.599991
    endloop
  endfacet
  facet normal 0 0 1
    outer loop
      vertex 2.86791 -24.2309 2.39999
      vertex 1.9144 -24.3248 2.39999
      vertex 3.10299 -26.217 2.39999
    endloop
  endfacet
  facet normal 0 0 1
    outer loop
      vertex 1.9144 -24.3248 2.39999
      vertex 2.07132 -26.3186 2.39999
      vertex 3.10299 -26.217 2.39999
    endloop
  endfacet
  facet normal 0.0980042 -0.995186 0
    outer loop
      vertex 2.86791 -24.2309 8
      vertex 1.9144 -24.3248 8
      vertex 2.86791 -24.2309 2.39999
    endloop
  endfacet
  facet normal 0.0980042 -0.995186 0
    outer loop
      vertex 1.9144 -24.3248 8
      vertex 1.9144 -24.3248 2.39999
      vertex 2.86791 -24.2309 2.39999
    endloop
  endfacet
  facet normal 0.0865589 -0.879201 -0.468522
    outer loop
      vertex 4.58866 -38.7694 35.6
      vertex 3.06304 -38.9196 35.6
      vertex 2.86791 -24.2309 8
    endloop
  endfacet
  facet normal 0.086582 -0.879199 -0.468521
    outer loop
      vertex 3.06304 -38.9196 35.6
      vertex 1.9144 -24.3248 8
      vertex 2.86791 -24.2309 8
    endloop
  endfacet
  facet normal 0.0979781 -0.995189 0
    outer loop
      vertex 4.58866 -38.7694 37.2
      vertex 3.06304 -38.9196 37.2
      vertex 4.58866 -38.7694 35.6
    endloop
  endfacet
  facet normal 0.0979781 -0.995189 0
    outer loop
      vertex 3.06304 -38.9196 37.2
      vertex 3.06304 -38.9196 35.6
      vertex 4.58866 -38.7694 35.6
    endloop
  endfacet
  facet normal 0.0693223 -0.703749 0.707059
    outer loop
      vertex 4.49463 -37.9749 38
      vertex 3.00028 -38.1221 38
      vertex 4.58866 -38.7694 37.2
    endloop
  endfacet
  facet normal 0.0692891 -0.703787 0.707024
    outer loop
      vertex 3.00028 -38.1221 38
      vertex 3.06304 -38.9196 37.2
      vertex 4.58866 -38.7694 37.2
    endloop
  endfacet
  facet normal 0 0 1
    outer loop
      vertex 4.37709 -36.9819 38
      vertex 2.92182 -37.1252 38
      vertex 4.49463 -37.9749 38
    endloop
  endfacet
  facet normal 0 0 1
    outer loop
      vertex 2.92182 -37.1252 38
      vertex 3.00028 -38.1221 38
      vertex 4.49463 -37.9749 38
    endloop
  endfacet
  facet normal -0.0979957 0.995187 0
    outer loop
      vertex 4.37709 -36.9819 35.6
      vertex 2.92182 -37.1252 35.6
      vertex 4.37709 -36.9819 38
    endloop
  endfacet
  facet normal -0.0979957 0.995187 0
    outer loop
      vertex 2.92182 -37.1252 35.6
      vertex 2.92182 -37.1252 38
      vertex 4.37709 -36.9819 38
    endloop
  endfacet
  facet normal -0.0866084 0.879195 0.468525
    outer loop
      vertex 2.65634 -22.4433 8
      vertex 1.77317 -22.5303 8
      vertex 4.37709 -36.9819 35.6
    endloop
  endfacet
  facet normal -0.0865744 0.879199 0.468524
    outer loop
      vertex 1.77317 -22.5303 8
      vertex 2.92182 -37.1252 35.6
      vertex 4.37709 -36.9819 35.6
    endloop
  endfacet
  facet normal -0.0980343 0.995183 0
    outer loop
      vertex 2.65634 -22.4433 0
      vertex 1.77317 -22.5303 0
      vertex 2.65634 -22.4433 8
    endloop
  endfacet
  facet normal -0.0980343 0.995183 0
    outer loop
      vertex 1.77317 -22.5303 0
      vertex 1.77317 -22.5303 8
      vertex 2.65634 -22.4433 8
    endloop
  endfacet
  facet normal -0 0 -1
    outer loop
      vertex 2.79739 -23.635 0
      vertex 1.86733 -23.7266 0
      vertex 2.65634 -22.4433 0
    endloop
  endfacet
  facet normal 0 0 -1
    outer loop
      vertex 1.86733 -23.7266 0
      vertex 1.77317 -22.5303 0
      vertex 2.65634 -22.4433 0
    endloop
  endfacet
  facet normal 0.0693022 -0.703731 -0.707078
    outer loop
      vertex 2.86791 -24.2309 0.599991
      vertex 1.9144 -24.3248 0.599991
      vertex 2.79739 -23.635 0
    endloop
  endfacet
  facet normal 0.0693097 -0.703736 -0.707073
    outer loop
      vertex 1.9144 -24.3248 0.599991
      vertex 1.86733 -23.7266 0
      vertex 2.79739 -23.635 0
    endloop
  endfacet
  facet normal -0 0 -1
    outer loop
      vertex 2.07132 -26.3186 0.599991
      vertex 1.03646 -26.3796 0.599991
      vertex 1.9144 -24.3248 0.599991
    endloop
  endfacet
  facet normal 0 0 -1
    outer loop
      vertex 1.03646 -26.3796 0.599991
      vertex 0.957939 -24.3812 0.599991
      vertex 1.9144 -24.3248 0.599991
    endloop
  endfacet
  facet normal 0.058843 -0.998267 0
    outer loop
      vertex 2.07132 -26.3186 2.39999
      vertex 1.03646 -26.3796 2.39999
      vertex 2.07132 -26.3186 0.599991
    endloop
  endfacet
  facet normal 0.058843 -0.998267 0
    outer loop
      vertex 1.03646 -26.3796 2.39999
      vertex 1.03646 -26.3796 0.599991
      vertex 2.07132 -26.3186 0.599991
    endloop
  endfacet
  facet normal 0 0 1
    outer loop
      vertex 1.9144 -24.3248 2.39999
      vertex 0.957939 -24.3812 2.39999
      vertex 2.07132 -26.3186 2.39999
    endloop
  endfacet
  facet normal 0 0 1
    outer loop
      vertex 0.957939 -24.3812 2.39999
      vertex 1.03646 -26.3796 2.39999
      vertex 2.07132 -26.3186 2.39999
    endloop
  endfacet
  facet normal 0.0588651 -0.998266 0
    outer loop
      vertex 1.9144 -24.3248 8
      vertex 0.957939 -24.3812 8
      vertex 1.9144 -24.3248 2.39999
    endloop
  endfacet
  facet normal 0.0588651 -0.998266 0
    outer loop
      vertex 0.957939 -24.3812 8
      vertex 0.957939 -24.3812 2.39999
      vertex 1.9144 -24.3248 2.39999
    endloop
  endfacet
  facet normal 0.0520389 -0.881918 -0.468521
    outer loop
      vertex 3.06304 -38.9196 35.6
      vertex 1.5327 -39.0099 35.6
      vertex 1.9144 -24.3248 8
    endloop
  endfacet
  facet normal 0.0520045 -0.88192 -0.468523
    outer loop
      vertex 1.5327 -39.0099 35.6
      vertex 0.957939 -24.3812 8
      vertex 1.9144 -24.3248 8
    endloop
  endfacet
  facet normal 0.058904 -0.998264 0
    outer loop
      vertex 3.06304 -38.9196 37.2
      vertex 1.5327 -39.0099 37.2
      vertex 3.06304 -38.9196 35.6
    endloop
  endfacet
  facet normal 0.058904 -0.998264 0
    outer loop
      vertex 1.5327 -39.0099 37.2
      vertex 1.5327 -39.0099 35.6
      vertex 3.06304 -38.9196 35.6
    endloop
  endfacet
  facet normal 0.0416328 -0.705964 0.707023
    outer loop
      vertex 3.00028 -38.1221 38
      vertex 1.50129 -38.2105 38
      vertex 3.06304 -38.9196 37.2
    endloop
  endfacet
  facet normal 0.041655 -0.70594 0.707046
    outer loop
      vertex 1.50129 -38.2105 38
      vertex 1.5327 -39.0099 37.2
      vertex 3.06304 -38.9196 37.2
    endloop
  endfacet
  facet normal 0 0 1
    outer loop
      vertex 2.92182 -37.1252 38
      vertex 1.46204 -37.2113 38
      vertex 3.00028 -38.1221 38
    endloop
  endfacet
  facet normal 0 0 1
    outer loop
      vertex 1.46204 -37.2113 38
      vertex 1.50129 -38.2105 38
      vertex 3.00028 -38.1221 38
    endloop
  endfacet
  facet normal -0.0588792 0.998265 0
    outer loop
      vertex 2.92182 -37.1252 35.6
      vertex 1.46204 -37.2113 35.6
      vertex 2.92182 -37.1252 38
    endloop
  endfacet
  facet normal -0.0588792 0.998265 0
    outer loop
      vertex 1.46204 -37.2113 35.6
      vertex 1.46204 -37.2113 38
      vertex 2.92182 -37.1252 38
    endloop
  endfacet
  facet normal -0.0520648 0.881915 0.468524
    outer loop
      vertex 1.77317 -22.5303 8
      vertex 0.887271 -22.5826 8
      vertex 2.92182 -37.1252 35.6
    endloop
  endfacet
  facet normal -0.0520169 0.881919 0.468523
    outer loop
      vertex 0.887271 -22.5826 8
      vertex 1.46204 -37.2113 35.6
      vertex 2.92182 -37.1252 35.6
    endloop
  endfacet
  facet normal -0.0589335 0.998262 0
    outer loop
      vertex 1.77317 -22.5303 0
      vertex 0.887271 -22.5826 0
      vertex 1.77317 -22.5303 8
    endloop
  endfacet
  facet normal -0.0589335 0.998262 0
    outer loop
      vertex 0.887271 -22.5826 0
      vertex 0.887271 -22.5826 8
      vertex 1.77317 -22.5303 8
    endloop
  endfacet
  facet normal -0 0 -1
    outer loop
      vertex 1.86733 -23.7266 0
      vertex 0.934383 -23.7816 0
      vertex 1.77317 -22.5303 0
    endloop
  endfacet
  facet normal 0 0 -1
    outer loop
      vertex 0.934383 -23.7816 0
      vertex 0.887271 -22.5826 0
      vertex 1.77317 -22.5303 0
    endloop
  endfacet
  facet normal 0.0416259 -0.705914 -0.707073
    outer loop
      vertex 1.9144 -24.3248 0.599991
      vertex 0.957939 -24.3812 0.599991
      vertex 1.86733 -23.7266 0
    endloop
  endfacet
  facet normal 0.0416153 -0.705907 -0.707081
    outer loop
      vertex 0.957939 -24.3812 0.599991
      vertex 0.934383 -23.7816 0
      vertex 1.86733 -23.7266 0
    endloop
  endfacet
  facet normal -0 0 -1
    outer loop
      vertex 1.03646 -26.3796 0.599991
      vertex -0 -26.4 0.599991
      vertex 0.957939 -24.3812 0.599991
    endloop
  endfacet
  facet normal 0 0 -1
    outer loop
      vertex -0 -26.4 0.599991
      vertex -0 -24.4 0.599991
      vertex 0.957939 -24.3812 0.599991
    endloop
  endfacet
  facet normal 0.0196786 -0.999806 0
    outer loop
      vertex 1.03646 -26.3796 2.39999
      vertex -0 -26.4 2.39999
      vertex 1.03646 -26.3796 0.599991
    endloop
  endfacet
  facet normal 0.0196786 -0.999806 0
    outer loop
      vertex -0 -26.4 2.39999
      vertex -0 -26.4 0.599991
      vertex 1.03646 -26.3796 0.599991
    endloop
  endfacet
  facet normal 0 0 1
    outer loop
      vertex 0.957939 -24.3812 2.39999
      vertex -0 -24.4 2.39999
      vertex 1.03646 -26.3796 2.39999
    endloop
  endfacet
  facet normal 0 0 1
    outer loop
      vertex -0 -24.4 2.39999
      vertex -0 -26.4 2.39999
      vertex 1.03646 -26.3796 2.39999
    endloop
  endfacet
  facet normal 0.0196217 -0.999807 0
    outer loop
      vertex 0.957939 -24.3812 8
      vertex -0 -24.4 8
      vertex 0.957939 -24.3812 2.39999
    endloop
  endfacet
  facet normal 0.0196217 -0.999807 0
    outer loop
      vertex -0 -24.4 8
      vertex -0 -24.4 2.39999
      vertex 0.957939 -24.3812 2.39999
    endloop
  endfacet
  facet normal 0.0173464 -0.883281 -0.468523
    outer loop
      vertex 1.5327 -39.0099 35.6
      vertex -0 -39.04 35.6
      vertex 0.957939 -24.3812 8
    endloop
  endfacet
  facet normal 0.0173348 -0.883281 -0.468523
    outer loop
      vertex -0 -39.04 35.6
      vertex -0 -24.4 8
      vertex 0.957939 -24.3812 8
    endloop
  endfacet
  facet normal 0.0196348 -0.999807 0
    outer loop
      vertex 1.5327 -39.0099 37.2
      vertex -0 -39.04 37.2
      vertex 1.5327 -39.0099 35.6
    endloop
  endfacet
  facet normal 0.0196348 -0.999807 0
    outer loop
      vertex -0 -39.04 37.2
      vertex -0 -39.04 35.6
      vertex 1.5327 -39.0099 35.6
    endloop
  endfacet
  facet normal 0.013893 -0.707031 0.707046
    outer loop
      vertex 1.50129 -38.2105 38
      vertex -0 -38.24 38
      vertex 1.5327 -39.0099 37.2
    endloop
  endfacet
  facet normal 0.0138852 -0.707039 0.707039
    outer loop
      vertex -0 -38.24 38
      vertex -0 -39.04 37.2
      vertex 1.5327 -39.0099 37.2
    endloop
  endfacet
  facet normal 0 0 1
    outer loop
      vertex 1.46204 -37.2113 38
      vertex -0 -37.24 38
      vertex 1.50129 -38.2105 38
    endloop
  endfacet
  facet normal 0 0 1
    outer loop
      vertex -0 -37.24 38
      vertex -0 -38.24 38
      vertex 1.50129 -38.2105 38
    endloop
  endfacet
  facet normal -0.0196263 0.999807 0
    outer loop
      vertex 1.46204 -37.2113 35.6
      vertex -0 -37.24 35.6
      vertex 1.46204 -37.2113 38
    endloop
  endfacet
  facet normal -0.0196263 0.999807 0
    outer loop
      vertex -0 -37.24 35.6
      vertex -0 -37.24 38
      vertex 1.46204 -37.2113 38
    endloop
  endfacet
  facet normal -0.0173218 0.883282 0.468522
    outer loop
      vertex 0.887271 -22.5826 8
      vertex -0 -22.6 8
      vertex 1.46204 -37.2113 35.6
    endloop
  endfacet
  facet normal -0.0173389 0.883281 0.468523
    outer loop
      vertex -0 -22.6 8
      vertex -0 -37.24 35.6
      vertex 1.46204 -37.2113 35.6
    endloop
  endfacet
  facet normal -0.0196069 0.999808 0
    outer loop
      vertex 0.887271 -22.5826 0
      vertex -0 -22.6 0
      vertex 0.887271 -22.5826 8
    endloop
  endfacet
  facet normal -0.0196069 0.999808 0
    outer loop
      vertex -0 -22.6 0
      vertex -0 -22.6 8
      vertex 0.887271 -22.5826 8
    endloop
  endfacet
  facet normal -0 0 -1
    outer loop
      vertex 0.934383 -23.7816 0
      vertex -0 -23.8 0
      vertex 0.887271 -22.5826 0
    endloop
  endfacet
  facet normal 0 0 -1
    outer loop
      vertex -0 -23.8 0
      vertex -0 -22.6 0
      vertex 0.887271 -22.5826 0
    endloop
  endfacet
  facet normal 0.0138751 -0.706997 -0.707081
    outer loop
      vertex 0.957939 -24.3812 0.599991
      vertex -0 -24.4 0.599991
      vertex 0.934383 -23.7816 0
    endloop
  endfacet
  facet normal 0.013923 -0.707033 -0.707044
    outer loop
      vertex -0 -24.4 0.599991
      vertex -0 -23.8 0
      vertex 0.934383 -23.7816 0
    endloop
  endfacet
  facet normal 0 0 -1
    outer loop
      vertex -0 -26.4 0.599991
      vertex -1.03646 -26.3796 0.599991
      vertex -0 -24.4 0.599991
    endloop
  endfacet
  facet normal 0 0 -1
    outer loop
      vertex -1.03646 -26.3796 0.599991
      vertex -0.957939 -24.3812 0.599991
      vertex -0 -24.4 0.599991
    endloop
  endfacet
  facet normal -0.0196786 -0.999806 -0
    outer loop
      vertex -0 -26.4 2.39999
      vertex -1.03646 -26.3796 2.39999
      vertex -0 -26.4 0.599991
    endloop
  endfacet
  facet normal -0.0196786 -0.999806 -0
    outer loop
      vertex -1.03646 -26.3796 2.39999
      vertex -1.03646 -26.3796 0.599991
      vertex -0 -26.4 0.599991
    endloop
  endfacet
  facet normal 0 0 1
    outer loop
      vertex -0 -24.4 2.39999
      vertex -0.957939 -24.3812 2.39999
      vertex -0 -26.4 2.39999
    endloop
  endfacet
  facet normal 0 0 1
    outer loop
      vertex -0.957939 -24.3812 2.39999
      vertex -1.03646 -26.3796 2.39999
      vertex -0 -26.4 2.39999
    endloop
  endfacet
  facet normal -0.0196217 -0.999807 -0
    outer loop
      vertex -0 -24.4 8
      vertex -0.957939 -24.3812 8
      vertex -0 -24.4 2.39999
    endloop
  endfacet
  facet normal -0.0196217 -0.999807 -0
    outer loop
      vertex -0.957939 -24.3812 8
      vertex -0.957939 -24.3812 2.39999
      vertex -0 -24.4 2.39999
    endloop
  endfacet
  facet normal -0.0173464 -0.883281 -0.468523
    outer loop
      vertex -0 -39.04 35.6
      vertex -1.5327 -39.0099 35.6
      vertex -0 -24.4 8
    endloop
  endfacet
  facet normal -0.0173348 -0.883281 -0.468523
    outer loop
      vertex -1.5327 -39.0099 35.6
      vertex -0.957939 -24.3812 8
      vertex -0 -24.4 8
    endloop
  endfacet
  facet normal -0.0196348 -0.999807 -0
    outer loop
      vertex -0 -39.04 37.2
      vertex -1.5327 -39.0099 37.2
      vertex -0 -39.04 35.6
    endloop
  endfacet
  facet normal -0.0196348 -0.999807 -0
    outer loop
      vertex -1.5327 -39.0099 37.2
      vertex -1.5327 -39.0099 35.6
      vertex -0 -39.04 35.6
    endloop
  endfacet
  facet normal -0.0138931 -0.707039 0.707039
    outer loop
      vertex -0 -38.24 38
      vertex -1.50129 -38.2105 38
      vertex -0 -39.04 37.2
    endloop
  endfacet
  facet normal -0.0138851 -0.707031 0.707046
    outer loop
      vertex -1.50129 -38.2105 38
      vertex -1.5327 -39.0099 37.2
      vertex -0 -39.04 37.2
    endloop
  endfacet
  facet normal 0 0 1
    outer loop
      vertex -0 -37.24 38
      vertex -1.46204 -37.2113 38
      vertex -0 -38.24 38
    endloop
  endfacet
  facet normal 0 0 1
    outer loop
      vertex -1.46204 -37.2113 38
      vertex -1.50129 -38.2105 38
      vertex -0 -38.24 38
    endloop
  endfacet
  facet normal 0.0196263 0.999807 -0
    outer loop
      vertex -0 -37.24 35.6
      vertex -1.46204 -37.2113 35.6
      vertex -0 -37.24 38
    endloop
  endfacet
  facet normal 0.0196263 0.999807 -0
    outer loop
      vertex -1.46204 -37.2113 35.6
      vertex -1.46204 -37.2113 38
      vertex -0 -37.24 38
    endloop
  endfacet
  facet normal 0.0173218 0.883281 0.468523
    outer loop
      vertex -0 -22.6 8
      vertex -0.887271 -22.5826 8
      vertex -0 -37.24 35.6
    endloop
  endfacet
  facet normal 0.0173389 0.883281 0.468523
    outer loop
      vertex -0.887271 -22.5826 8
      vertex -1.46204 -37.2113 35.6
      vertex -0 -37.24 35.6
    endloop
  endfacet
  facet normal 0.0196069 0.999808 -0
    outer loop
      vertex -0 -22.6 0
      vertex -0.887271 -22.5826 0
      vertex -0 -22.6 8
    endloop
  endfacet
  facet normal 0.0196069 0.999808 -0
    outer loop
      vertex -0.887271 -22.5826 0
      vertex -0.887271 -22.5826 8
      vertex -0 -22.6 8
    endloop
  endfacet
  facet normal 0 0 -1
    outer loop
      vertex -0 -23.8 0
      vertex -0.934383 -23.7816 0
      vertex -0 -22.6 0
    endloop
  endfacet
  facet normal 0 0 -1
    outer loop
      vertex -0.934383 -23.7816 0
      vertex -0.887271 -22.5826 0
      vertex -0 -22.6 0
    endloop
  endfacet
  facet normal -0.0138759 -0.707033 -0.707044
    outer loop
      vertex -0 -24.4 0.599991
      vertex -0.957939 -24.3812 0.599991
      vertex -0 -23.8 0
    endloop
  endfacet
  facet normal -0.0139223 -0.706995 -0.707081
    outer loop
      vertex -0.957939 -24.3812 0.599991
      vertex -0.934383 -23.7816 0
      vertex -0 -23.8 0
    endloop
  endfacet
  facet normal 0 0 -1
    outer loop
      vertex -1.03646 -26.3796 0.599991
      vertex -2.07132 -26.3186 0.599991
      vertex -0.957939 -24.3812 0.599991
    endloop
  endfacet
  facet normal 0 0 -1
    outer loop
      vertex -2.07132 -26.3186 0.599991
      vertex -1.9144 -24.3248 0.599991
      vertex -0.957939 -24.3812 0.599991
    endloop
  endfacet
  facet normal -0.058843 -0.998267 -0
    outer loop
      vertex -1.03646 -26.3796 2.39999
      vertex -2.07132 -26.3186 2.39999
      vertex -1.03646 -26.3796 0.599991
    endloop
  endfacet
  facet normal -0.058843 -0.998267 -0
    outer loop
      vertex -2.07132 -26.3186 2.39999
      vertex -2.07132 -26.3186 0.599991
      vertex -1.03646 -26.3796 0.599991
    endloop
  endfacet
  facet normal 0 0 1
    outer loop
      vertex -0.957939 -24.3812 2.39999
      vertex -1.9144 -24.3248 2.39999
      vertex -1.03646 -26.3796 2.39999
    endloop
  endfacet
  facet normal 0 0 1
    outer loop
      vertex -1.9144 -24.3248 2.39999
      vertex -2.07132 -26.3186 2.39999
      vertex -1.03646 -26.3796 2.39999
    endloop
  endfacet
  facet normal -0.0588651 -0.998266 -0
    outer loop
      vertex -0.957939 -24.3812 8
      vertex -1.9144 -24.3248 8
      vertex -0.957939 -24.3812 2.39999
    endloop
  endfacet
  facet normal -0.0588651 -0.998266 -0
    outer loop
      vertex -1.9144 -24.3248 8
      vertex -1.9144 -24.3248 2.39999
      vertex -0.957939 -24.3812 2.39999
    endloop
  endfacet
  facet normal -0.0520389 -0.881918 -0.468522
    outer loop
      vertex -1.5327 -39.0099 35.6
      vertex -3.06304 -38.9196 35.6
      vertex -0.957939 -24.3812 8
    endloop
  endfacet
  facet normal -0.0520045 -0.88192 -0.468521
    outer loop
      vertex -3.06304 -38.9196 35.6
      vertex -1.9144 -24.3248 8
      vertex -0.957939 -24.3812 8
    endloop
  endfacet
  facet normal -0.058904 -0.998264 -0
    outer loop
      vertex -1.5327 -39.0099 37.2
      vertex -3.06304 -38.9196 37.2
      vertex -1.5327 -39.0099 35.6
    endloop
  endfacet
  facet normal -0.058904 -0.998264 -0
    outer loop
      vertex -3.06304 -38.9196 37.2
      vertex -3.06304 -38.9196 35.6
      vertex -1.5327 -39.0099 35.6
    endloop
  endfacet
  facet normal -0.0416315 -0.705941 0.707046
    outer loop
      vertex -1.50129 -38.2105 38
      vertex -3.00028 -38.1221 38
      vertex -1.5327 -39.0099 37.2
    endloop
  endfacet
  facet normal -0.0416563 -0.705962 0.707024
    outer loop
      vertex -3.00028 -38.1221 38
      vertex -3.06304 -38.9196 37.2
      vertex -1.5327 -39.0099 37.2
    endloop
  endfacet
  facet normal 0 0 1
    outer loop
      vertex -1.46204 -37.2113 38
      vertex -2.92182 -37.1252 38
      vertex -1.50129 -38.2105 38
    endloop
  endfacet
  facet normal 0 0 1
    outer loop
      vertex -2.92182 -37.1252 38
      vertex -3.00028 -38.1221 38
      vertex -1.50129 -38.2105 38
    endloop
  endfacet
  facet normal 0.0588792 0.998265 -0
    outer loop
      vertex -1.46204 -37.2113 35.6
      vertex -2.92182 -37.1252 35.6
      vertex -1.46204 -37.2113 38
    endloop
  endfacet
  facet normal 0.0588792 0.998265 -0
    outer loop
      vertex -2.92182 -37.1252 35.6
      vertex -2.92182 -37.1252 38
      vertex -1.46204 -37.2113 38
    endloop
  endfacet
  facet normal 0.0520649 0.881916 0.468522
    outer loop
      vertex -0.887271 -22.5826 8
      vertex -1.77317 -22.5303 8
      vertex -1.46204 -37.2113 35.6
    endloop
  endfacet
  facet normal 0.0520168 0.881918 0.468524
    outer loop
      vertex -1.77317 -22.5303 8
      vertex -2.92182 -37.1252 35.6
      vertex -1.46204 -37.2113 35.6
    endloop
  endfacet
  facet normal 0.0589335 0.998262 -0
    outer loop
      vertex -0.887271 -22.5826 0
      vertex -1.77317 -22.5303 0
      vertex -0.887271 -22.5826 8
    endloop
  endfacet
  facet normal 0.0589335 0.998262 -0
    outer loop
      vertex -1.77317 -22.5303 0
      vertex -1.77317 -22.5303 8
      vertex -0.887271 -22.5826 8
    endloop
  endfacet
  facet normal 0 0 -1
    outer loop
      vertex -0.934383 -23.7816 0
      vertex -1.86733 -23.7266 0
      vertex -0.887271 -22.5826 0
    endloop
  endfacet
  facet normal 0 0 -1
    outer loop
      vertex -1.86733 -23.7266 0
      vertex -1.77317 -22.5303 0
      vertex -0.887271 -22.5826 0
    endloop
  endfacet
  facet normal -0.0416255 -0.705907 -0.707081
    outer loop
      vertex -0.957939 -24.3812 0.599991
      vertex -1.9144 -24.3248 0.599991
      vertex -0.934383 -23.7816 0
    endloop
  endfacet
  facet normal -0.0416158 -0.705915 -0.707073
    outer loop
      vertex -1.9144 -24.3248 0.599991
      vertex -1.86733 -23.7266 0
      vertex -0.934383 -23.7816 0
    endloop
  endfacet
  facet normal 0 0 -1
    outer loop
      vertex -2.07132 -26.3186 0.599991
      vertex -3.10299 -26.217 0.599991
      vertex -1.9144 -24.3248 0.599991
    endloop
  endfacet
  facet normal 0 0 -1
    outer loop
      vertex -3.10299 -26.217 0.599991
      vertex -2.86791 -24.2309 0.599991
      vertex -1.9144 -24.3248 0.599991
    endloop
  endfacet
  facet normal -0.098007 -0.995186 -0
    outer loop
      vertex -2.07132 -26.3186 2.39999
      vertex -3.10299 -26.217 2.39999
      vertex -2.07132 -26.3186 0.599991
    endloop
  endfacet
  facet normal -0.098007 -0.995186 -0
    outer loop
      vertex -3.10299 -26.217 2.39999
      vertex -3.10299 -26.217 0.599991
      vertex -2.07132 -26.3186 0.599991
    endloop
  endfacet
  facet normal 0 0 1
    outer loop
      vertex -1.9144 -24.3248 2.39999
      vertex -2.86791 -24.2309 2.39999
      vertex -2.07132 -26.3186 2.39999
    endloop
  endfacet
  facet normal 0 0 1
    outer loop
      vertex -2.86791 -24.2309 2.39999
      vertex -3.10299 -26.217 2.39999
      vertex -2.07132 -26.3186 2.39999
    endloop
  endfacet
  facet normal -0.0980042 -0.995186 -0
    outer loop
      vertex -1.9144 -24.3248 8
      vertex -2.86791 -24.2309 8
      vertex -1.9144 -24.3248 2.39999
    endloop
  endfacet
  facet normal -0.0980042 -0.995186 -0
    outer loop
      vertex -2.86791 -24.2309 8
      vertex -2.86791 -24.2309 2.39999
      vertex -1.9144 -24.3248 2.39999
    endloop
  endfacet
  facet normal -0.0865589 -0.879201 -0.468522
    outer loop
      vertex -3.06304 -38.9196 35.6
      vertex -4.58866 -38.7694 35.6
      vertex -1.9144 -24.3248 8
    endloop
  endfacet
  facet normal -0.086582 -0.879199 -0.468522
    outer loop
      vertex -4.58866 -38.7694 35.6
      vertex -2.86791 -24.2309 8
      vertex -1.9144 -24.3248 8
    endloop
  endfacet
  facet normal -0.0979781 -0.995189 -0
    outer loop
      vertex -3.06304 -38.9196 37.2
      vertex -4.58866 -38.7694 37.2
      vertex -3.06304 -38.9196 35.6
    endloop
  endfacet
  facet normal -0.0979781 -0.995189 -0
    outer loop
      vertex -4.58866 -38.7694 37.2
      vertex -4.58866 -38.7694 35.6
      vertex -3.06304 -38.9196 35.6
    endloop
  endfacet
  facet normal -0.0693258 -0.703784 0.707023
    outer loop
      vertex -3.00028 -38.1221 38
      vertex -4.49463 -37.9749 38
      vertex -3.06304 -38.9196 37.2
    endloop
  endfacet
  facet normal -0.0692857 -0.703753 0.707058
    outer loop
      vertex -4.49463 -37.9749 38
      vertex -4.58866 -38.7694 37.2
      vertex -3.06304 -38.9196 37.2
    endloop
  endfacet
  facet normal 0 0 1
    outer loop
      vertex -2.92182 -37.1252 38
      vertex -4.37709 -36.9819 38
      vertex -3.00028 -38.1221 38
    endloop
  endfacet
  facet normal 0 0 1
    outer loop
      vertex -4.37709 -36.9819 38
      vertex -4.49463 -37.9749 38
      vertex -3.00028 -38.1221 38
    endloop
  endfacet
  facet normal 0.0979957 0.995187 -0
    outer loop
      vertex -2.92182 -37.1252 35.6
      vertex -4.37709 -36.9819 35.6
      vertex -2.92182 -37.1252 38
    endloop
  endfacet
  facet normal 0.0979957 0.995187 -0
    outer loop
      vertex -4.37709 -36.9819 35.6
      vertex -4.37709 -36.9819 38
      vertex -2.92182 -37.1252 38
    endloop
  endfacet
  facet normal 0.0866085 0.879195 0.468524
    outer loop
      vertex -1.77317 -22.5303 8
      vertex -2.65634 -22.4433 8
      vertex -2.92182 -37.1252 35.6
    endloop
  endfacet
  facet normal 0.0865744 0.879198 0.468525
    outer loop
      vertex -2.65634 -22.4433 8
      vertex -4.37709 -36.9819 35.6
      vertex -2.92182 -37.1252 35.6
    endloop
  endfacet
  facet normal 0.0980343 0.995183 -0
    outer loop
      vertex -1.77317 -22.5303 0
      vertex -2.65634 -22.4433 0
      vertex -1.77317 -22.5303 8
    endloop
  endfacet
  facet normal 0.0980343 0.995183 -0
    outer loop
      vertex -2.65634 -22.4433 0
      vertex -2.65634 -22.4433 8
      vertex -1.77317 -22.5303 8
    endloop
  endfacet
  facet normal 0 0 -1
    outer loop
      vertex -1.86733 -23.7266 0
      vertex -2.79739 -23.635 0
      vertex -1.77317 -22.5303 0
    endloop
  endfacet
  facet normal 0 0 -1
    outer loop
      vertex -2.79739 -23.635 0
      vertex -2.65634 -22.4433 0
      vertex -1.77317 -22.5303 0
    endloop
  endfacet
  facet normal -0.0693028 -0.703737 -0.707073
    outer loop
      vertex -1.9144 -24.3248 0.599991
      vertex -2.86791 -24.2309 0.599991
      vertex -1.86733 -23.7266 0
    endloop
  endfacet
  facet normal -0.0693092 -0.70373 -0.707078
    outer loop
      vertex -2.86791 -24.2309 0.599991
      vertex -2.79739 -23.635 0
      vertex -1.86733 -23.7266 0
    endloop
  endfacet
  facet normal 0 0 -1
    outer loop
      vertex -3.10299 -26.217 0.599991
      vertex -4.12987 -26.075 0.599991
      vertex -2.86791 -24.2309 0.599991
    endloop
  endfacet
  facet normal 0 0 -1
    outer loop
      vertex -4.12987 -26.075 0.599991
      vertex -3.817 -24.0996 0.599991
      vertex -2.86791 -24.2309 0.599991
    endloop
  endfacet
  facet normal -0.136979 -0.990574 -0
    outer loop
      vertex -3.10299 -26.217 2.39999
      vertex -4.12987 -26.075 2.39999
      vertex -3.10299 -26.217 0.599991
    endloop
  endfacet
  facet normal -0.136979 -0.990574 -0
    outer loop
      vertex -4.12987 -26.075 2.39999
      vertex -4.12987 -26.075 0.599991
      vertex -3.10299 -26.217 0.599991
    endloop
  endfacet
  facet normal 0 0 1
    outer loop
      vertex -2.86791 -24.2309 2.39999
      vertex -3.817 -24.0996 2.39999
      vertex -3.10299 -26.217 2.39999
    endloop
  endfacet
  facet normal 0 0 1
    outer loop
      vertex -3.817 -24.0996 2.39999
      vertex -4.12987 -26.075 2.39999
      vertex -3.10299 -26.217 2.39999
    endloop
  endfacet
  facet normal -0.137038 -0.990566 -0
    outer loop
      vertex -2.86791 -24.2309 8
      vertex -3.817 -24.0996 8
      vertex -2.86791 -24.2309 2.39999
    endloop
  endfacet
  facet normal -0.137038 -0.990566 -0
    outer loop
      vertex -3.817 -24.0996 8
      vertex -3.817 -24.0996 2.39999
      vertex -2.86791 -24.2309 2.39999
    endloop
  endfacet
  facet normal -0.121078 -0.875115 -0.468522
    outer loop
      vertex -4.58866 -38.7694 35.6
      vertex -6.1072 -38.5593 35.6
      vertex -2.86791 -24.2309 8
    endloop
  endfacet
  facet normal -0.121066 -0.875117 -0.468522
    outer loop
      vertex -6.1072 -38.5593 35.6
      vertex -3.817 -24.0996 8
      vertex -2.86791 -24.2309 8
    endloop
  endfacet
  facet normal -0.137051 -0.990564 -0
    outer loop
      vertex -4.58866 -38.7694 37.2
      vertex -6.1072 -38.5593 37.2
      vertex -4.58866 -38.7694 35.6
    endloop
  endfacet
  facet normal -0.137051 -0.990564 -0
    outer loop
      vertex -6.1072 -38.5593 37.2
      vertex -6.1072 -38.5593 35.6
      vertex -4.58866 -38.7694 35.6
    endloop
  endfacet
  facet normal -0.0968727 -0.700488 0.707059
    outer loop
      vertex -4.49463 -37.9749 38
      vertex -5.98205 -37.7692 38
      vertex -4.58866 -38.7694 37.2
    endloop
  endfacet
  facet normal -0.096922 -0.700524 0.707017
    outer loop
      vertex -5.98205 -37.7692 38
      vertex -6.1072 -38.5593 37.2
      vertex -4.58866 -38.7694 37.2
    endloop
  endfacet
  facet normal 0 0 1
    outer loop
      vertex -4.37709 -36.9819 38
      vertex -5.82562 -36.7815 38
      vertex -4.49463 -37.9749 38
    endloop
  endfacet
  facet normal 0 0 1
    outer loop
      vertex -5.82562 -36.7815 38
      vertex -5.98205 -37.7692 38
      vertex -4.49463 -37.9749 38
    endloop
  endfacet
  facet normal 0.137042 0.990565 -0
    outer loop
      vertex -4.37709 -36.9819 35.6
      vertex -5.82562 -36.7815 35.6
      vertex -4.37709 -36.9819 38
    endloop
  endfacet
  facet normal 0.137042 0.990565 -0
    outer loop
      vertex -5.82562 -36.7815 35.6
      vertex -5.82562 -36.7815 38
      vertex -4.37709 -36.9819 38
    endloop
  endfacet
  facet normal 0.121052 0.875118 0.468525
    outer loop
      vertex -2.65634 -22.4433 8
      vertex -3.53542 -22.3217 8
      vertex -4.37709 -36.9819 35.6
    endloop
  endfacet
  facet normal 0.12107 0.875116 0.468524
    outer loop
      vertex -3.53542 -22.3217 8
      vertex -5.82562 -36.7815 35.6
      vertex -4.37709 -36.9819 35.6
    endloop
  endfacet
  facet normal 0.137022 0.990568 -0
    outer loop
      vertex -2.65634 -22.4433 0
      vertex -3.53542 -22.3217 0
      vertex -2.65634 -22.4433 8
    endloop
  endfacet
  facet normal 0.137022 0.990568 -0
    outer loop
      vertex -3.53542 -22.3217 0
      vertex -3.53542 -22.3217 8
      vertex -2.65634 -22.4433 8
    endloop
  endfacet
  facet normal 0 0 -1
    outer loop
      vertex -2.79739 -23.635 0
      vertex -3.72314 -23.507 0
      vertex -2.65634 -22.4433 0
    endloop
  endfacet
  facet normal 0 0 -1
    outer loop
      vertex -3.72314 -23.507 0
      vertex -3.53542 -22.3217 0
      vertex -2.65634 -22.4433 0
    endloop
  endfacet
  facet normal -0.0969044 -0.700464 -0.707078
    outer loop
      vertex -2.86791 -24.2309 0.599991
      vertex -3.817 -24.0996 0.599991
      vertex -2.79739 -23.635 0
    endloop
  endfacet
  facet normal -0.0968574 -0.700513 -0.707036
    outer loop
      vertex -3.817 -24.0996 0.599991
      vertex -3.72314 -23.507 0
      vertex -2.79739 -23.635 0
    endloop
  endfacet
  facet normal 0 0 -1
    outer loop
      vertex -4.12987 -26.075 0.599991
      vertex -5.15038 -25.8927 0.599991
      vertex -3.817 -24.0996 0.599991
    endloop
  endfacet
  facet normal 0 0 -1
    outer loop
      vertex -5.15038 -25.8927 0.599991
      vertex -4.7602 -23.9312 0.599991
      vertex -3.817 -24.0996 0.599991
    endloop
  endfacet
  facet normal -0.175852 -0.984417 -0
    outer loop
      vertex -4.12987 -26.075 2.39999
      vertex -5.15038 -25.8927 2.39999
      vertex -4.12987 -26.075 0.599991
    endloop
  endfacet
  facet normal -0.175852 -0.984417 -0
    outer loop
      vertex -5.15038 -25.8927 2.39999
      vertex -5.15038 -25.8927 0.599991
      vertex -4.12987 -26.075 0.599991
    endloop
  endfacet
  facet normal 0 0 1
    outer loop
      vertex -3.817 -24.0996 2.39999
      vertex -4.7602 -23.9312 2.39999
      vertex -4.12987 -26.075 2.39999
    endloop
  endfacet
  facet normal 0 0 1
    outer loop
      vertex -4.7602 -23.9312 2.39999
      vertex -5.15038 -25.8927 2.39999
      vertex -4.12987 -26.075 2.39999
    endloop
  endfacet
  facet normal -0.175762 -0.984433 -0
    outer loop
      vertex -3.817 -24.0996 8
      vertex -4.7602 -23.9312 8
      vertex -3.817 -24.0996 2.39999
    endloop
  endfacet
  facet normal -0.175762 -0.984433 -0
    outer loop
      vertex -4.7602 -23.9312 8
      vertex -4.7602 -23.9312 2.39999
      vertex -3.817 -24.0996 2.39999
    endloop
  endfacet
  facet normal -0.155255 -0.869703 -0.468522
    outer loop
      vertex -6.1072 -38.5593 35.6
      vertex -7.61632 -38.2899 35.6
      vertex -3.817 -24.0996 8
    endloop
  endfacet
  facet normal -0.155277 -0.869698 -0.468523
    outer loop
      vertex -7.61632 -38.2899 35.6
      vertex -4.7602 -23.9312 8
      vertex -3.817 -24.0996 8
    endloop
  endfacet
  facet normal -0.175736 -0.984437 -0
    outer loop
      vertex -6.1072 -38.5593 37.2
      vertex -7.61632 -38.2899 37.2
      vertex -6.1072 -38.5593 35.6
    endloop
  endfacet
  facet normal -0.175736 -0.984437 -0
    outer loop
      vertex -7.61632 -38.2899 37.2
      vertex -7.61632 -38.2899 35.6
      vertex -6.1072 -38.5593 35.6
    endloop
  endfacet
  facet normal -0.124335 -0.696181 0.707017
    outer loop
      vertex -5.98205 -37.7692 38
      vertex -7.46025 -37.5052 38
      vertex -6.1072 -38.5593 37.2
    endloop
  endfacet
  facet normal -0.124271 -0.696139 0.707069
    outer loop
      vertex -7.46025 -37.5052 38
      vertex -7.61632 -38.2899 37.2
      vertex -6.1072 -38.5593 37.2
    endloop
  endfacet
  facet normal 0 0 1
    outer loop
      vertex -5.82562 -36.7815 38
      vertex -7.26516 -36.5244 38
      vertex -5.98205 -37.7692 38
    endloop
  endfacet
  facet normal 0 0 1
    outer loop
      vertex -7.26516 -36.5244 38
      vertex -7.46025 -37.5052 38
      vertex -5.98205 -37.7692 38
    endloop
  endfacet
  facet normal 0.175817 0.984423 -0
    outer loop
      vertex -5.82562 -36.7815 35.6
      vertex -7.26516 -36.5244 35.6
      vertex -5.82562 -36.7815 38
    endloop
  endfacet
  facet normal 0.175817 0.984423 -0
    outer loop
      vertex -7.26516 -36.5244 35.6
      vertex -7.26516 -36.5244 38
      vertex -5.82562 -36.7815 38
    endloop
  endfacet
  facet normal 0.155299 0.869694 0.468524
    outer loop
      vertex -3.53542 -22.3217 8
      vertex -4.40904 -22.1657 8
      vertex -5.82562 -36.7815 35.6
    endloop
  endfacet
  facet normal 0.155325 0.86969 0.468523
    outer loop
      vertex -4.40904 -22.1657 8
      vertex -7.26516 -36.5244 35.6
      vertex -5.82562 -36.7815 35.6
    endloop
  endfacet
  facet normal 0.175787 0.984428 -0
    outer loop
      vertex -3.53542 -22.3217 0
      vertex -4.40904 -22.1657 0
      vertex -3.53542 -22.3217 8
    endloop
  endfacet
  facet normal 0.175787 0.984428 -0
    outer loop
      vertex -4.40904 -22.1657 0
      vertex -4.40904 -22.1657 8
      vertex -3.53542 -22.3217 8
    endloop
  endfacet
  facet normal 0 0 -1
    outer loop
      vertex -3.72314 -23.507 0
      vertex -4.64315 -23.3427 0
      vertex -3.53542 -22.3217 0
    endloop
  endfacet
  facet normal 0 0 -1
    outer loop
      vertex -4.64315 -23.3427 0
      vertex -4.40904 -22.1657 0
      vertex -3.53542 -22.3217 0
    endloop
  endfacet
  facet normal -0.124295 -0.696168 -0.707037
    outer loop
      vertex -3.817 -24.0996 0.599991
      vertex -4.7602 -23.9312 0.599991
      vertex -3.72314 -23.507 0
    endloop
  endfacet
  facet normal -0.12432 -0.69614 -0.70706
    outer loop
      vertex -4.7602 -23.9312 0.599991
      vertex -4.64315 -23.3427 0
      vertex -3.72314 -23.507 0
    endloop
  endfacet
  facet normal 0 0 -1
    outer loop
      vertex -5.15038 -25.8927 0.599991
      vertex -6.16296 -25.6706 0.599991
      vertex -4.7602 -23.9312 0.599991
    endloop
  endfacet
  facet normal 0 0 -1
    outer loop
      vertex -6.16296 -25.6706 0.599991
      vertex -5.69607 -23.7258 0.599991
      vertex -4.7602 -23.9312 0.599991
    endloop
  endfacet
  facet normal -0.214247 -0.976779 -0
    outer loop
      vertex -5.15038 -25.8927 2.39999
      vertex -6.16296 -25.6706 2.39999
      vertex -5.15038 -25.8927 0.599991
    endloop
  endfacet
  facet normal -0.214247 -0.976779 -0
    outer loop
      vertex -6.16296 -25.6706 2.39999
      vertex -6.16296 -25.6706 0.599991
      vertex -5.15038 -25.8927 0.599991
    endloop
  endfacet
  facet normal 0 0 1
    outer loop
      vertex -4.7602 -23.9312 2.39999
      vertex -5.69607 -23.7258 2.39999
      vertex -5.15038 -25.8927 2.39999
    endloop
  endfacet
  facet normal 0 0 1
    outer loop
      vertex -5.69607 -23.7258 2.39999
      vertex -6.16296 -25.6706 2.39999
      vertex -5.15038 -25.8927 2.39999
    endloop
  endfacet
  facet normal -0.214373 -0.976752 -0
    outer loop
      vertex -4.7602 -23.9312 8
      vertex -5.69607 -23.7258 8
      vertex -4.7602 -23.9312 2.39999
    endloop
  endfacet
  facet normal -0.214373 -0.976752 -0
    outer loop
      vertex -5.69607 -23.7258 8
      vertex -5.69607 -23.7258 2.39999
      vertex -4.7602 -23.9312 2.39999
    endloop
  endfacet
  facet normal -0.189366 -0.862918 -0.468523
    outer loop
      vertex -7.61632 -38.2899 35.6
      vertex -9.11371 -37.9613 35.6
      vertex -4.7602 -23.9312 8
    endloop
  endfacet
  facet normal -0.189388 -0.862913 -0.468524
    outer loop
      vertex -9.11371 -37.9613 35.6
      vertex -5.69607 -23.7258 8
      vertex -4.7602 -23.9312 8
    endloop
  endfacet
  facet normal -0.214348 -0.976757 -0
    outer loop
      vertex -7.61632 -38.2899 37.2
      vertex -9.11371 -37.9613 37.2
      vertex -7.61632 -38.2899 35.6
    endloop
  endfacet
  facet normal -0.214348 -0.976757 -0
    outer loop
      vertex -9.11371 -37.9613 37.2
      vertex -9.11371 -37.9613 35.6
      vertex -7.61632 -38.2899 35.6
    endloop
  endfacet
  facet normal -0.151546 -0.690715 0.707069
    outer loop
      vertex -7.46025 -37.5052 38
      vertex -8.92695 -37.1834 38
      vertex -7.61632 -38.2899 37.2
    endloop
  endfacet
  facet normal -0.151581 -0.690736 0.707041
    outer loop
      vertex -8.92695 -37.1834 38
      vertex -9.11371 -37.9613 37.2
      vertex -7.61632 -38.2899 37.2
    endloop
  endfacet
  facet normal 0 0 1
    outer loop
      vertex -7.26516 -36.5244 38
      vertex -8.6935 -36.211 38
      vertex -7.46025 -37.5052 38
    endloop
  endfacet
  facet normal 0 0 1
    outer loop
      vertex -8.6935 -36.211 38
      vertex -8.92695 -37.1834 38
      vertex -7.46025 -37.5052 38
    endloop
  endfacet
  facet normal 0.214317 0.976764 -0
    outer loop
      vertex -7.26516 -36.5244 35.6
      vertex -8.6935 -36.211 35.6
      vertex -7.26516 -36.5244 38
    endloop
  endfacet
  facet normal 0.214317 0.976764 -0
    outer loop
      vertex -8.6935 -36.211 35.6
      vertex -8.6935 -36.211 38
      vertex -7.26516 -36.5244 38
    endloop
  endfacet
  facet normal 0.18925 0.862943 0.468524
    outer loop
      vertex -4.40904 -22.1657 8
      vertex -5.27586 -21.9756 8
      vertex -7.26516 -36.5244 35.6
    endloop
  endfacet
  facet normal 0.189339 0.862925 0.468521
    outer loop
      vertex -5.27586 -21.9756 8
      vertex -8.6935 -36.211 35.6
      vertex -7.26516 -36.5244 35.6
    endloop
  endfacet
  facet normal 0.214216 0.976786 -0
    outer loop
      vertex -4.40904 -22.1657 0
      vertex -5.27586 -21.9756 0
      vertex -4.40904 -22.1657 8
    endloop
  endfacet
  facet normal 0.214216 0.976786 -0
    outer loop
      vertex -5.27586 -21.9756 0
      vertex -5.27586 -21.9756 8
      vertex -4.40904 -22.1657 8
    endloop
  endfacet
  facet normal 0 0 -1
    outer loop
      vertex -4.64315 -23.3427 0
      vertex -5.556 -23.1424 0
      vertex -4.40904 -22.1657 0
    endloop
  endfacet
  facet normal 0 0 -1
    outer loop
      vertex -5.556 -23.1424 0
      vertex -5.27586 -21.9756 0
      vertex -4.40904 -22.1657 0
    endloop
  endfacet
  facet normal -0.151594 -0.690714 -0.70706
    outer loop
      vertex -4.7602 -23.9312 0.599991
      vertex -5.69607 -23.7258 0.599991
      vertex -4.64315 -23.3427 0
    endloop
  endfacet
  facet normal -0.151566 -0.690749 -0.707032
    outer loop
      vertex -5.69607 -23.7258 0.599991
      vertex -5.556 -23.1424 0
      vertex -4.64315 -23.3427 0
    endloop
  endfacet
  facet normal 0 0 -1
    outer loop
      vertex -6.16296 -25.6706 0.599991
      vertex -7.16603 -25.4088 0.599991
      vertex -5.69607 -23.7258 0.599991
    endloop
  endfacet
  facet normal 0 0 -1
    outer loop
      vertex -7.16603 -25.4088 0.599991
      vertex -6.62315 -23.4839 0.599991
      vertex -5.69607 -23.7258 0.599991
    endloop
  endfacet
  facet normal -0.252539 -0.967587 -0
    outer loop
      vertex -6.16296 -25.6706 2.39999
      vertex -7.16603 -25.4088 2.39999
      vertex -6.16296 -25.6706 0.599991
    endloop
  endfacet
  facet normal -0.252539 -0.967587 -0
    outer loop
      vertex -7.16603 -25.4088 2.39999
      vertex -7.16603 -25.4088 0.599991
      vertex -6.16296 -25.6706 0.599991
    endloop
  endfacet
  facet normal 0 0 1
    outer loop
      vertex -5.69607 -23.7258 2.39999
      vertex -6.62315 -23.4839 2.39999
      vertex -6.16296 -25.6706 2.39999
    endloop
  endfacet
  facet normal 0 0 1
    outer loop
      vertex -6.62315 -23.4839 2.39999
      vertex -7.16603 -25.4088 2.39999
      vertex -6.16296 -25.6706 2.39999
    endloop
  endfacet
  facet normal -0.252474 -0.967604 -0
    outer loop
      vertex -5.69607 -23.7258 8
      vertex -6.62315 -23.4839 8
      vertex -5.69607 -23.7258 2.39999
    endloop
  endfacet
  facet normal -0.252474 -0.967604 -0
    outer loop
      vertex -6.62315 -23.4839 8
      vertex -6.62315 -23.4839 2.39999
      vertex -5.69607 -23.7258 2.39999
    endloop
  endfacet
  facet normal -0.223086 -0.854821 -0.468523
    outer loop
      vertex -9.11371 -37.9613 35.6
      vertex -10.597 -37.5742 35.6
      vertex -5.69607 -23.7258 8
    endloop
  endfacet
  facet normal -0.223048 -0.854832 -0.468522
    outer loop
      vertex -10.597 -37.5742 35.6
      vertex -6.62315 -23.4839 8
      vertex -5.69607 -23.7258 8
    endloop
  endfacet
  facet normal -0.252516 -0.967593 -0
    outer loop
      vertex -9.11371 -37.9613 37.2
      vertex -10.597 -37.5742 37.2
      vertex -9.11371 -37.9613 35.6
    endloop
  endfacet
  facet normal -0.252516 -0.967593 -0
    outer loop
      vertex -10.597 -37.5742 37.2
      vertex -10.597 -37.5742 35.6
      vertex -9.11371 -37.9613 35.6
    endloop
  endfacet
  facet normal -0.178537 -0.684264 0.707041
    outer loop
      vertex -8.92695 -37.1834 38
      vertex -10.3799 -36.8043 38
      vertex -9.11371 -37.9613 37.2
    endloop
  endfacet
  facet normal -0.178582 -0.684289 0.707005
    outer loop
      vertex -10.3799 -36.8043 38
      vertex -10.597 -37.5742 37.2
      vertex -9.11371 -37.9613 37.2
    endloop
  endfacet
  facet normal 0 0 1
    outer loop
      vertex -8.6935 -36.211 38
      vertex -10.1084 -35.8418 38
      vertex -8.92695 -37.1834 38
    endloop
  endfacet
  facet normal 0 0 1
    outer loop
      vertex -10.1084 -35.8418 38
      vertex -10.3799 -36.8043 38
      vertex -8.92695 -37.1834 38
    endloop
  endfacet
  facet normal 0.252483 0.967601 -0
    outer loop
      vertex -8.6935 -36.211 35.6
      vertex -10.1084 -35.8418 35.6
      vertex -8.6935 -36.211 38
    endloop
  endfacet
  facet normal 0.252483 0.967601 -0
    outer loop
      vertex -10.1084 -35.8418 35.6
      vertex -10.1084 -35.8418 38
      vertex -8.6935 -36.211 38
    endloop
  endfacet
  facet normal 0.22309 0.854821 0.46852
    outer loop
      vertex -5.27586 -21.9756 8
      vertex -6.13455 -21.7515 8
      vertex -8.6935 -36.211 35.6
    endloop
  endfacet
  facet normal 0.223057 0.854829 0.468522
    outer loop
      vertex -6.13455 -21.7515 8
      vertex -10.1084 -35.8418 35.6
      vertex -8.6935 -36.211 35.6
    endloop
  endfacet
  facet normal 0.252521 0.967591 -0
    outer loop
      vertex -5.27586 -21.9756 0
      vertex -6.13455 -21.7515 0
      vertex -5.27586 -21.9756 8
    endloop
  endfacet
  facet normal 0.252521 0.967591 -0
    outer loop
      vertex -6.13455 -21.7515 0
      vertex -6.13455 -21.7515 8
      vertex -5.27586 -21.9756 8
    endloop
  endfacet
  facet normal 0 0 -1
    outer loop
      vertex -5.556 -23.1424 0
      vertex -6.46028 -22.9064 0
      vertex -5.27586 -21.9756 0
    endloop
  endfacet
  facet normal 0 0 -1
    outer loop
      vertex -6.46028 -22.9064 0
      vertex -6.13455 -21.7515 0
      vertex -5.27586 -21.9756 0
    endloop
  endfacet
  facet normal -0.178545 -0.684272 -0.707032
    outer loop
      vertex -5.69607 -23.7258 0.599991
      vertex -6.62315 -23.4839 0.599991
      vertex -5.556 -23.1424 0
    endloop
  endfacet
  facet normal -0.178572 -0.684235 -0.70706
    outer loop
      vertex -6.62315 -23.4839 0.599991
      vertex -6.46028 -22.9064 0
      vertex -5.556 -23.1424 0
    endloop
  endfacet
  facet normal 0 0 -1
    outer loop
      vertex -7.16603 -25.4088 0.599991
      vertex -8.15805 -25.1079 0.599991
      vertex -6.62315 -23.4839 0.599991
    endloop
  endfacet
  facet normal 0 0 -1
    outer loop
      vertex -8.15805 -25.1079 0.599991
      vertex -7.54001 -23.2058 0.599991
      vertex -6.62315 -23.4839 0.599991
    endloop
  endfacet
  facet normal -0.290262 -0.956947 -0
    outer loop
      vertex -7.16603 -25.4088 2.39999
      vertex -8.15805 -25.1079 2.39999
      vertex -7.16603 -25.4088 0.599991
    endloop
  endfacet
  facet normal -0.290262 -0.956947 -0
    outer loop
      vertex -8.15805 -25.1079 2.39999
      vertex -8.15805 -25.1079 0.599991
      vertex -7.16603 -25.4088 0.599991
    endloop
  endfacet
  facet normal 0 0 1
    outer loop
      vertex -6.62315 -23.4839 2.39999
      vertex -7.54001 -23.2058 2.39999
      vertex -7.16603 -25.4088 2.39999
    endloop
  endfacet
  facet normal 0 0 1
    outer loop
      vertex -7.54001 -23.2058 2.39999
      vertex -8.15805 -25.1079 2.39999
      vertex -7.16603 -25.4088 2.39999
    endloop
  endfacet
  facet normal -0.290259 -0.956948 -0
    outer loop
      vertex -6.62315 -23.4839 8
      vertex -7.54001 -23.2058 8
      vertex -6.62315 -23.4839 2.39999
    endloop
  endfacet
  facet normal -0.290259 -0.956948 -0
    outer loop
      vertex -7.54001 -23.2058 8
      vertex -7.54001 -23.2058 2.39999
      vertex -6.62315 -23.4839 2.39999
    endloop
  endfacet
  facet normal -0.256448 -0.845412 -0.468522
    outer loop
      vertex -10.597 -37.5742 35.6
      vertex -12.064 -37.1292 35.6
      vertex -6.62315 -23.4839 8
    endloop
  endfacet
  facet normal -0.25643 -0.845418 -0.468521
    outer loop
      vertex -12.064 -37.1292 35.6
      vertex -7.54001 -23.2058 8
      vertex -6.62315 -23.4839 8
    endloop
  endfacet
  facet normal -0.290279 -0.956942 -0
    outer loop
      vertex -10.597 -37.5742 37.2
      vertex -12.064 -37.1292 37.2
      vertex -10.597 -37.5742 35.6
    endloop
  endfacet
  facet normal -0.290279 -0.956942 -0
    outer loop
      vertex -12.064 -37.1292 37.2
      vertex -12.064 -37.1292 35.6
      vertex -10.597 -37.5742 35.6
    endloop
  endfacet
  facet normal -0.205301 -0.676754 0.707005
    outer loop
      vertex -10.3799 -36.8043 38
      vertex -11.8168 -36.3684 38
      vertex -10.597 -37.5742 37.2
    endloop
  endfacet
  facet normal -0.205284 -0.676745 0.707018
    outer loop
      vertex -11.8168 -36.3684 38
      vertex -12.064 -37.1292 37.2
      vertex -10.597 -37.5742 37.2
    endloop
  endfacet
  facet normal 0 0 1
    outer loop
      vertex -10.1084 -35.8418 38
      vertex -11.5078 -35.4173 38
      vertex -10.3799 -36.8043 38
    endloop
  endfacet
  facet normal 0 0 1
    outer loop
      vertex -11.5078 -35.4173 38
      vertex -11.8168 -36.3684 38
      vertex -10.3799 -36.8043 38
    endloop
  endfacet
  facet normal 0.290283 0.956941 -0
    outer loop
      vertex -10.1084 -35.8418 35.6
      vertex -11.5078 -35.4173 35.6
      vertex -10.1084 -35.8418 38
    endloop
  endfacet
  facet normal 0.290283 0.956941 -0
    outer loop
      vertex -11.5078 -35.4173 35.6
      vertex -11.5078 -35.4173 38
      vertex -10.1084 -35.8418 38
    endloop
  endfacet
  facet normal 0.256442 0.845414 0.468522
    outer loop
      vertex -6.13455 -21.7515 8
      vertex -6.98378 -21.4939 8
      vertex -10.1084 -35.8418 35.6
    endloop
  endfacet
  facet normal 0.256451 0.845412 0.468521
    outer loop
      vertex -6.98378 -21.4939 8
      vertex -11.5078 -35.4173 35.6
      vertex -10.1084 -35.8418 35.6
    endloop
  endfacet
  facet normal 0.290273 0.956944 -0
    outer loop
      vertex -6.13455 -21.7515 0
      vertex -6.98378 -21.4939 0
      vertex -6.13455 -21.7515 8
    endloop
  endfacet
  facet normal 0.290273 0.956944 -0
    outer loop
      vertex -6.98378 -21.4939 0
      vertex -6.98378 -21.4939 8
      vertex -6.13455 -21.7515 8
    endloop
  endfacet
  facet normal 0 0 -1
    outer loop
      vertex -6.46028 -22.9064 0
      vertex -7.3546 -22.6351 0
      vertex -6.13455 -21.7515 0
    endloop
  endfacet
  facet normal 0 0 -1
    outer loop
      vertex -7.3546 -22.6351 0
      vertex -6.98378 -21.4939 0
      vertex -6.13455 -21.7515 0
    endloop
  endfacet
  facet normal -0.205258 -0.676709 -0.70706
    outer loop
      vertex -6.62315 -23.4839 0.599991
      vertex -7.54001 -23.2058 0.599991
      vertex -6.46028 -22.9064 0
    endloop
  endfacet
  facet normal -0.205277 -0.676681 -0.707081
    outer loop
      vertex -7.54001 -23.2058 0.599991
      vertex -7.3546 -22.6351 0
      vertex -6.46028 -22.9064 0
    endloop
  endfacet
  facet normal 0 0 -1
    outer loop
      vertex -8.15805 -25.1079 0.599991
      vertex -9.13749 -24.7682 0.599991
      vertex -7.54001 -23.2058 0.599991
    endloop
  endfacet
  facet normal 0 0 -1
    outer loop
      vertex -9.13749 -24.7682 0.599991
      vertex -8.44525 -22.8919 0.599991
      vertex -7.54001 -23.2058 0.599991
    endloop
  endfacet
  facet normal -0.327682 -0.944788 -0
    outer loop
      vertex -8.15805 -25.1079 2.39999
      vertex -9.13749 -24.7682 2.39999
      vertex -8.15805 -25.1079 0.599991
    endloop
  endfacet
  facet normal -0.327682 -0.944788 -0
    outer loop
      vertex -9.13749 -24.7682 2.39999
      vertex -9.13749 -24.7682 0.599991
      vertex -8.15805 -25.1079 0.599991
    endloop
  endfacet
  facet normal 0 0 1
    outer loop
      vertex -7.54001 -23.2058 2.39999
      vertex -8.44525 -22.8919 2.39999
      vertex -8.15805 -25.1079 2.39999
    endloop
  endfacet
  facet normal 0 0 1
    outer loop
      vertex -8.44525 -22.8919 2.39999
      vertex -9.13749 -24.7682 2.39999
      vertex -8.15805 -25.1079 2.39999
    endloop
  endfacet
  facet normal -0.327621 -0.944809 -0
    outer loop
      vertex -7.54001 -23.2058 8
      vertex -8.44525 -22.8919 8
      vertex -7.54001 -23.2058 2.39999
    endloop
  endfacet
  facet normal -0.327621 -0.944809 -0
    outer loop
      vertex -8.44525 -22.8919 8
      vertex -8.44525 -22.8919 2.39999
      vertex -7.54001 -23.2058 2.39999
    endloop
  endfacet
  facet normal -0.289414 -0.834702 -0.468522
    outer loop
      vertex -12.064 -37.1292 35.6
      vertex -13.5124 -36.627 35.6
      vertex -7.54001 -23.2058 8
    endloop
  endfacet
  facet normal -0.289437 -0.834693 -0.468522
    outer loop
      vertex -13.5124 -36.627 35.6
      vertex -8.44525 -22.8919 8
      vertex -7.54001 -23.2058 8
    endloop
  endfacet
  facet normal -0.327594 -0.944818 -0
    outer loop
      vertex -12.064 -37.1292 37.2
      vertex -13.5124 -36.627 37.2
      vertex -12.064 -37.1292 35.6
    endloop
  endfacet
  facet normal -0.327594 -0.944818 -0
    outer loop
      vertex -13.5124 -36.627 37.2
      vertex -13.5124 -36.627 35.6
      vertex -12.064 -37.1292 35.6
    endloop
  endfacet
  facet normal -0.231715 -0.668158 0.707018
    outer loop
      vertex -11.8168 -36.3684 38
      vertex -13.2355 -35.8764 38
      vertex -12.064 -37.1292 37.2
    endloop
  endfacet
  facet normal -0.23166 -0.668133 0.707059
    outer loop
      vertex -13.2355 -35.8764 38
      vertex -13.5124 -36.627 37.2
      vertex -12.064 -37.1292 37.2
    endloop
  endfacet
  facet normal 0 0 1
    outer loop
      vertex -11.5078 -35.4173 38
      vertex -12.8894 -34.9382 38
      vertex -11.8168 -36.3684 38
    endloop
  endfacet
  facet normal 0 0 1
    outer loop
      vertex -12.8894 -34.9382 38
      vertex -13.2355 -35.8764 38
      vertex -11.8168 -36.3684 38
    endloop
  endfacet
  facet normal 0.327632 0.944805 -0
    outer loop
      vertex -11.5078 -35.4173 35.6
      vertex -12.8894 -34.9382 35.6
      vertex -11.5078 -35.4173 38
    endloop
  endfacet
  facet normal 0.327632 0.944805 -0
    outer loop
      vertex -12.8894 -34.9382 35.6
      vertex -12.8894 -34.9382 38
      vertex -11.5078 -35.4173 38
    endloop
  endfacet
  facet normal 0.289488 0.834676 0.468521
    outer loop
      vertex -6.98378 -21.4939 8
      vertex -7.82224 -21.2031 8
      vertex -11.5078 -35.4173 35.6
    endloop
  endfacet
  facet normal 0.289447 0.83469 0.468523
    outer loop
      vertex -7.82224 -21.2031 8
      vertex -12.8894 -34.9382 35.6
      vertex -11.5078 -35.4173 35.6
    endloop
  endfacet
  facet normal 0.327678 0.94479 -0
    outer loop
      vertex -6.98378 -21.4939 0
      vertex -7.82224 -21.2031 0
      vertex -6.98378 -21.4939 8
    endloop
  endfacet
  facet normal 0.327678 0.94479 -0
    outer loop
      vertex -7.82224 -21.2031 0
      vertex -7.82224 -21.2031 8
      vertex -6.98378 -21.4939 8
    endloop
  endfacet
  facet normal 0 0 -1
    outer loop
      vertex -7.3546 -22.6351 0
      vertex -8.23758 -22.3289 0
      vertex -6.98378 -21.4939 0
    endloop
  endfacet
  facet normal 0 0 -1
    outer loop
      vertex -8.23758 -22.3289 0
      vertex -7.82224 -21.2031 0
      vertex -6.98378 -21.4939 0
    endloop
  endfacet
  facet normal -0.231672 -0.668106 -0.707081
    outer loop
      vertex -7.54001 -23.2058 0.599991
      vertex -8.44525 -22.8919 0.599991
      vertex -7.3546 -22.6351 0
    endloop
  endfacet
  facet normal -0.231681 -0.668091 -0.707091
    outer loop
      vertex -8.44525 -22.8919 0.599991
      vertex -8.23758 -22.3289 0
      vertex -7.3546 -22.6351 0
    endloop
  endfacet
  facet normal 0 0 -1
    outer loop
      vertex -9.13749 -24.7682 0.599991
      vertex -10.1028 -24.3904 0.599991
      vertex -8.44525 -22.8919 0.599991
    endloop
  endfacet
  facet normal 0 0 -1
    outer loop
      vertex -10.1028 -24.3904 0.599991
      vertex -9.33747 -22.5427 0.599991
      vertex -8.44525 -22.8919 0.599991
    endloop
  endfacet
  facet normal -0.364458 -0.93122 -0
    outer loop
      vertex -9.13749 -24.7682 2.39999
      vertex -10.1028 -24.3904 2.39999
      vertex -9.13749 -24.7682 0.599991
    endloop
  endfacet
  facet normal -0.364458 -0.93122 -0
    outer loop
      vertex -10.1028 -24.3904 2.39999
      vertex -10.1028 -24.3904 0.599991
      vertex -9.13749 -24.7682 0.599991
    endloop
  endfacet
  facet normal 0 0 1
    outer loop
      vertex -8.44525 -22.8919 2.39999
      vertex -9.33747 -22.5427 2.39999
      vertex -9.13749 -24.7682 2.39999
    endloop
  endfacet
  facet normal 0 0 1
    outer loop
      vertex -9.33747 -22.5427 2.39999
      vertex -10.1028 -24.3904 2.39999
      vertex -9.13749 -24.7682 2.39999
    endloop
  endfacet
  facet normal -0.364463 -0.931218 -0
    outer loop
      vertex -8.44525 -22.8919 8
      vertex -9.33747 -22.5427 8
      vertex -8.44525 -22.8919 2.39999
    endloop
  endfacet
  facet normal -0.364463 -0.931218 -0
    outer loop
      vertex -9.33747 -22.5427 8
      vertex -9.33747 -22.5427 2.39999
      vertex -8.44525 -22.8919 2.39999
    endloop
  endfacet
  facet normal -0.321966 -0.822693 -0.468523
    outer loop
      vertex -13.5124 -36.627 35.6
      vertex -14.94 -36.0683 35.6
      vertex -8.44525 -22.8919 8
    endloop
  endfacet
  facet normal -0.321985 -0.822685 -0.468523
    outer loop
      vertex -14.94 -36.0683 35.6
      vertex -9.33747 -22.5427 8
      vertex -8.44525 -22.8919 8
    endloop
  endfacet
  facet normal -0.364441 -0.931226 -0
    outer loop
      vertex -13.5124 -36.627 37.2
      vertex -14.94 -36.0683 37.2
      vertex -13.5124 -36.627 35.6
    endloop
  endfacet
  facet normal -0.364441 -0.931226 -0
    outer loop
      vertex -14.94 -36.0683 37.2
      vertex -14.94 -36.0683 35.6
      vertex -13.5124 -36.627 35.6
    endloop
  endfacet
  facet normal -0.257744 -0.65851 0.707059
    outer loop
      vertex -13.2355 -35.8764 38
      vertex -14.6338 -35.3291 38
      vertex -13.5124 -36.627 37.2
    endloop
  endfacet
  facet normal -0.257706 -0.658495 0.707087
    outer loop
      vertex -14.6338 -35.3291 38
      vertex -14.94 -36.0683 37.2
      vertex -13.5124 -36.627 37.2
    endloop
  endfacet
  facet normal 0 0 1
    outer loop
      vertex -12.8894 -34.9382 38
      vertex -14.2511 -34.4053 38
      vertex -13.2355 -35.8764 38
    endloop
  endfacet
  facet normal 0 0 1
    outer loop
      vertex -14.2511 -34.4053 38
      vertex -14.6338 -35.3291 38
      vertex -13.2355 -35.8764 38
    endloop
  endfacet
  facet normal 0.364435 0.931229 -0
    outer loop
      vertex -12.8894 -34.9382 35.6
      vertex -14.2511 -34.4053 35.6
      vertex -12.8894 -34.9382 38
    endloop
  endfacet
  facet normal 0.364435 0.931229 -0
    outer loop
      vertex -14.2511 -34.4053 35.6
      vertex -14.2511 -34.4053 38
      vertex -12.8894 -34.9382 38
    endloop
  endfacet
  facet normal 0.321952 0.822699 0.468523
    outer loop
      vertex -7.82224 -21.2031 8
      vertex -8.64864 -20.8797 8
      vertex -12.8894 -34.9382 35.6
    endloop
  endfacet
  facet normal 0.321961 0.822695 0.468523
    outer loop
      vertex -8.64864 -20.8797 8
      vertex -14.2511 -34.4053 35.6
      vertex -12.8894 -34.9382 35.6
    endloop
  endfacet
  facet normal 0.364425 0.931233 -0
    outer loop
      vertex -7.82224 -21.2031 0
      vertex -8.64864 -20.8797 0
      vertex -7.82224 -21.2031 8
    endloop
  endfacet
  facet normal 0.364425 0.931233 -0
    outer loop
      vertex -8.64864 -20.8797 0
      vertex -8.64864 -20.8797 8
      vertex -7.82224 -21.2031 8
    endloop
  endfacet
  facet normal 0 0 -1
    outer loop
      vertex -8.23758 -22.3289 0
      vertex -9.10786 -21.9883 0
      vertex -7.82224 -21.2031 0
    endloop
  endfacet
  facet normal 0 0 -1
    outer loop
      vertex -9.10786 -21.9883 0
      vertex -8.64864 -20.8797 0
      vertex -7.82224 -21.2031 0
    endloop
  endfacet
  facet normal -0.25772 -0.658485 -0.707091
    outer loop
      vertex -8.44525 -22.8919 0.599991
      vertex -9.33747 -22.5427 0.599991
      vertex -8.23758 -22.3289 0
    endloop
  endfacet
  facet normal -0.257714 -0.658496 -0.707083
    outer loop
      vertex -9.33747 -22.5427 0.599991
      vertex -9.10786 -21.9883 0
      vertex -8.23758 -22.3289 0
    endloop
  endfacet
  facet normal 0 0 -1
    outer loop
      vertex -10.1028 -24.3904 0.599991
      vertex -11.0526 -23.975 0.599991
      vertex -9.33747 -22.5427 0.599991
    endloop
  endfacet
  facet normal 0 0 -1
    outer loop
      vertex -11.0526 -23.975 0.599991
      vertex -10.2153 -22.1587 0.599991
      vertex -9.33747 -22.5427 0.599991
    endloop
  endfacet
  facet normal -0.400708 -0.916206 -0
    outer loop
      vertex -10.1028 -24.3904 2.39999
      vertex -11.0526 -23.975 2.39999
      vertex -10.1028 -24.3904 0.599991
    endloop
  endfacet
  facet normal -0.400708 -0.916206 -0
    outer loop
      vertex -11.0526 -23.975 2.39999
      vertex -11.0526 -23.975 0.599991
      vertex -10.1028 -24.3904 0.599991
    endloop
  endfacet
  facet normal 0 0 1
    outer loop
      vertex -9.33747 -22.5427 2.39999
      vertex -10.2153 -22.1587 2.39999
      vertex -10.1028 -24.3904 2.39999
    endloop
  endfacet
  facet normal 0 0 1
    outer loop
      vertex -10.2153 -22.1587 2.39999
      vertex -11.0526 -23.975 2.39999
      vertex -10.1028 -24.3904 2.39999
    endloop
  endfacet
  facet normal -0.400774 -0.916177 -0
    outer loop
      vertex -9.33747 -22.5427 8
      vertex -10.2153 -22.1587 8
      vertex -9.33747 -22.5427 2.39999
    endloop
  endfacet
  facet normal -0.400774 -0.916177 -0
    outer loop
      vertex -10.2153 -22.1587 8
      vertex -10.2153 -22.1587 2.39999
      vertex -9.33747 -22.5427 2.39999
    endloop
  endfacet
  facet normal -0.354071 -0.809395 -0.468523
    outer loop
      vertex -14.94 -36.0683 35.6
      vertex -16.3445 -35.4539 35.6
      vertex -9.33747 -22.5427 8
    endloop
  endfacet
  facet normal -0.354065 -0.809398 -0.468523
    outer loop
      vertex -16.3445 -35.4539 35.6
      vertex -10.2153 -22.1587 8
      vertex -9.33747 -22.5427 8
    endloop
  endfacet
  facet normal -0.400781 -0.916174 -0
    outer loop
      vertex -14.94 -36.0683 37.2
      vertex -16.3445 -35.4539 37.2
      vertex -14.94 -36.0683 35.6
    endloop
  endfacet
  facet normal -0.400781 -0.916174 -0
    outer loop
      vertex -16.3445 -35.4539 37.2
      vertex -16.3445 -35.4539 35.6
      vertex -14.94 -36.0683 35.6
    endloop
  endfacet
  facet normal -0.283363 -0.647868 0.707087
    outer loop
      vertex -14.6338 -35.3291 38
      vertex -16.0095 -34.7274 38
      vertex -14.94 -36.0683 37.2
    endloop
  endfacet
  facet normal -0.28342 -0.647889 0.707046
    outer loop
      vertex -16.0095 -34.7274 38
      vertex -16.3445 -35.4539 37.2
      vertex -14.94 -36.0683 37.2
    endloop
  endfacet
  facet normal 0 0 1
    outer loop
      vertex -14.2511 -34.4053 38
      vertex -15.5909 -33.8192 38
      vertex -14.6338 -35.3291 38
    endloop
  endfacet
  facet normal 0 0 1
    outer loop
      vertex -15.5909 -33.8192 38
      vertex -16.0095 -34.7274 38
      vertex -14.6338 -35.3291 38
    endloop
  endfacet
  facet normal 0.400783 0.916173 -0
    outer loop
      vertex -14.2511 -34.4053 35.6
      vertex -15.5909 -33.8192 35.6
      vertex -14.2511 -34.4053 38
    endloop
  endfacet
  facet normal 0.400783 0.916173 -0
    outer loop
      vertex -15.5909 -33.8192 35.6
      vertex -15.5909 -33.8192 38
      vertex -14.2511 -34.4053 38
    endloop
  endfacet
  facet normal 0.354089 0.809387 0.468522
    outer loop
      vertex -8.64864 -20.8797 8
      vertex -9.46171 -20.524 8
      vertex -14.2511 -34.4053 35.6
    endloop
  endfacet
  facet normal 0.354072 0.809394 0.468523
    outer loop
      vertex -9.46171 -20.524 8
      vertex -15.5909 -33.8192 35.6
      vertex -14.2511 -34.4053 35.6
    endloop
  endfacet
  facet normal 0.400802 0.916165 -0
    outer loop
      vertex -8.64864 -20.8797 0
      vertex -9.46171 -20.524 0
      vertex -8.64864 -20.8797 8
    endloop
  endfacet
  facet normal 0.400802 0.916165 -0
    outer loop
      vertex -9.46171 -20.524 0
      vertex -9.46171 -20.524 8
      vertex -8.64864 -20.8797 8
    endloop
  endfacet
  facet normal 0 0 -1
    outer loop
      vertex -9.10786 -21.9883 0
      vertex -9.9641 -21.6138 0
      vertex -8.64864 -20.8797 0
    endloop
  endfacet
  facet normal 0 0 -1
    outer loop
      vertex -9.9641 -21.6138 0
      vertex -9.46171 -20.524 0
      vertex -8.64864 -20.8797 0
    endloop
  endfacet
  facet normal -0.2834 -0.647857 -0.707083
    outer loop
      vertex -9.33747 -22.5427 0.599991
      vertex -10.2153 -22.1587 0.599991
      vertex -9.10786 -21.9883 0
    endloop
  endfacet
  facet normal -0.283377 -0.6479 -0.707052
    outer loop
      vertex -10.2153 -22.1587 0.599991
      vertex -9.9641 -21.6138 0
      vertex -9.10786 -21.9883 0
    endloop
  endfacet
  facet normal 0 0 -1
    outer loop
      vertex -11.0526 -23.975 0.599991
      vertex -11.9853 -23.5226 0.599991
      vertex -10.2153 -22.1587 0.599991
    endloop
  endfacet
  facet normal 0 0 -1
    outer loop
      vertex -11.9853 -23.5226 0.599991
      vertex -11.0774 -21.7406 0.599991
      vertex -10.2153 -22.1587 0.599991
    endloop
  endfacet
  facet normal -0.436416 -0.899745 -0
    outer loop
      vertex -11.0526 -23.975 2.39999
      vertex -11.9853 -23.5226 2.39999
      vertex -11.0526 -23.975 0.599991
    endloop
  endfacet
  facet normal -0.436416 -0.899745 -0
    outer loop
      vertex -11.9853 -23.5226 2.39999
      vertex -11.9853 -23.5226 0.599991
      vertex -11.0526 -23.975 0.599991
    endloop
  endfacet
  facet normal 0 0 1
    outer loop
      vertex -10.2153 -22.1587 2.39999
      vertex -11.0774 -21.7406 2.39999
      vertex -11.0526 -23.975 2.39999
    endloop
  endfacet
  facet normal 0 0 1
    outer loop
      vertex -11.0774 -21.7406 2.39999
      vertex -11.9853 -23.5226 2.39999
      vertex -11.0526 -23.975 2.39999
    endloop
  endfacet
  facet normal -0.436368 -0.899768 -0
    outer loop
      vertex -10.2153 -22.1587 8
      vertex -11.0774 -21.7406 8
      vertex -10.2153 -22.1587 2.39999
    endloop
  endfacet
  facet normal -0.436368 -0.899768 -0
    outer loop
      vertex -11.0774 -21.7406 8
      vertex -11.0774 -21.7406 2.39999
      vertex -10.2153 -22.1587 2.39999
    endloop
  endfacet
  facet normal -0.385542 -0.794886 -0.468523
    outer loop
      vertex -16.3445 -35.4539 35.6
      vertex -17.7238 -34.7849 35.6
      vertex -10.2153 -22.1587 8
    endloop
  endfacet
  facet normal -0.38551 -0.794902 -0.468522
    outer loop
      vertex -17.7238 -34.7849 35.6
      vertex -11.0774 -21.7406 8
      vertex -10.2153 -22.1587 8
    endloop
  endfacet
  facet normal -0.436405 -0.89975 -0
    outer loop
      vertex -16.3445 -35.4539 37.2
      vertex -17.7238 -34.7849 37.2
      vertex -16.3445 -35.4539 35.6
    endloop
  endfacet
  facet normal -0.436405 -0.89975 -0
    outer loop
      vertex -17.7238 -34.7849 37.2
      vertex -17.7238 -34.7849 35.6
      vertex -16.3445 -35.4539 35.6
    endloop
  endfacet
  facet normal -0.308602 -0.636278 0.707047
    outer loop
      vertex -16.0095 -34.7274 38
      vertex -17.3606 -34.0721 38
      vertex -16.3445 -35.4539 37.2
    endloop
  endfacet
  facet normal -0.308615 -0.636282 0.707038
    outer loop
      vertex -17.3606 -34.0721 38
      vertex -17.7238 -34.7849 37.2
      vertex -16.3445 -35.4539 37.2
    endloop
  endfacet
  facet normal 0 0 1
    outer loop
      vertex -15.5909 -33.8192 38
      vertex -16.9066 -33.1811 38
      vertex -16.0095 -34.7274 38
    endloop
  endfacet
  facet normal 0 0 1
    outer loop
      vertex -16.9066 -33.1811 38
      vertex -17.3606 -34.0721 38
      vertex -16.0095 -34.7274 38
    endloop
  endfacet
  facet normal 0.436376 0.899764 -0
    outer loop
      vertex -15.5909 -33.8192 35.6
      vertex -16.9066 -33.1811 35.6
      vertex -15.5909 -33.8192 38
    endloop
  endfacet
  facet normal 0.436376 0.899764 -0
    outer loop
      vertex -16.9066 -33.1811 35.6
      vertex -16.9066 -33.1811 38
      vertex -15.5909 -33.8192 38
    endloop
  endfacet
  facet normal 0.38555 0.794882 0.468523
    outer loop
      vertex -9.46171 -20.524 8
      vertex -10.2602 -20.1367 8
      vertex -15.5909 -33.8192 35.6
    endloop
  endfacet
  facet normal 0.385517 0.794898 0.468524
    outer loop
      vertex -10.2602 -20.1367 8
      vertex -16.9066 -33.1811 35.6
      vertex -15.5909 -33.8192 35.6
    endloop
  endfacet
  facet normal 0.436413 0.899746 -0
    outer loop
      vertex -9.46171 -20.524 0
      vertex -10.2602 -20.1367 0
      vertex -9.46171 -20.524 8
    endloop
  endfacet
  facet normal 0.436413 0.899746 -0
    outer loop
      vertex -10.2602 -20.1367 0
      vertex -10.2602 -20.1367 8
      vertex -9.46171 -20.524 8
    endloop
  endfacet
  facet normal 0 0 -1
    outer loop
      vertex -9.9641 -21.6138 0
      vertex -10.805 -21.2059 0
      vertex -9.46171 -20.524 0
    endloop
  endfacet
  facet normal 0 0 -1
    outer loop
      vertex -10.805 -21.2059 0
      vertex -10.2602 -20.1367 0
      vertex -9.46171 -20.524 0
    endloop
  endfacet
  facet normal -0.308583 -0.636281 -0.707053
    outer loop
      vertex -10.2153 -22.1587 0.599991
      vertex -11.0774 -21.7406 0.599991
      vertex -9.9641 -21.6138 0
    endloop
  endfacet
  facet normal -0.308613 -0.636217 -0.707097
    outer loop
      vertex -11.0774 -21.7406 0.599991
      vertex -10.805 -21.2059 0
      vertex -9.9641 -21.6138 0
    endloop
  endfacet
  facet normal 0 0 -1
    outer loop
      vertex -11.9853 -23.5226 0.599991
      vertex -12.8996 -23.0339 0.599991
      vertex -11.0774 -21.7406 0.599991
    endloop
  endfacet
  facet normal 0 0 -1
    outer loop
      vertex -12.8996 -23.0339 0.599991
      vertex -11.9224 -21.2889 0.599991
      vertex -11.0774 -21.7406 0.599991
    endloop
  endfacet
  facet normal -0.471394 -0.881923 -0
    outer loop
      vertex -11.9853 -23.5226 2.39999
      vertex -12.8996 -23.0339 2.39999
      vertex -11.9853 -23.5226 0.599991
    endloop
  endfacet
  facet normal -0.471394 -0.881923 -0
    outer loop
      vertex -12.8996 -23.0339 2.39999
      vertex -12.8996 -23.0339 0.599991
      vertex -11.9853 -23.5226 0.599991
    endloop
  endfacet
  facet normal 0 0 1
    outer loop
      vertex -11.0774 -21.7406 2.39999
      vertex -11.9224 -21.2889 2.39999
      vertex -11.9853 -23.5226 2.39999
    endloop
  endfacet
  facet normal 0 0 1
    outer loop
      vertex -11.9224 -21.2889 2.39999
      vertex -12.8996 -23.0339 2.39999
      vertex -11.9853 -23.5226 2.39999
    endloop
  endfacet
  facet normal -0.471428 -0.881905 -0
    outer loop
      vertex -11.0774 -21.7406 8
      vertex -11.9224 -21.2889 8
      vertex -11.0774 -21.7406 2.39999
    endloop
  endfacet
  facet normal -0.471428 -0.881905 -0
    outer loop
      vertex -11.9224 -21.2889 8
      vertex -11.9224 -21.2889 2.39999
      vertex -11.0774 -21.7406 2.39999
    endloop
  endfacet
  facet normal -0.416475 -0.779125 -0.468522
    outer loop
      vertex -17.7238 -34.7849 35.6
      vertex -19.0758 -34.0622 35.6
      vertex -11.0774 -21.7406 8
    endloop
  endfacet
  facet normal -0.416484 -0.77912 -0.468522
    outer loop
      vertex -19.0758 -34.0622 35.6
      vertex -11.9224 -21.2889 8
      vertex -11.0774 -21.7406 8
    endloop
  endfacet
  facet normal -0.471418 -0.88191 -0
    outer loop
      vertex -17.7238 -34.7849 37.2
      vertex -19.0758 -34.0622 37.2
      vertex -17.7238 -34.7849 35.6
    endloop
  endfacet
  facet normal -0.471418 -0.88191 -0
    outer loop
      vertex -19.0758 -34.0622 37.2
      vertex -19.0758 -34.0622 35.6
      vertex -17.7238 -34.7849 35.6
    endloop
  endfacet
  facet normal -0.333377 -0.623664 0.707038
    outer loop
      vertex -17.3606 -34.0721 38
      vertex -18.6849 -33.3642 38
      vertex -17.7238 -34.7849 37.2
    endloop
  endfacet
  facet normal -0.333374 -0.623663 0.707041
    outer loop
      vertex -18.6849 -33.3642 38
      vertex -19.0758 -34.0622 37.2
      vertex -17.7238 -34.7849 37.2
    endloop
  endfacet
  facet normal 0 0 1
    outer loop
      vertex -16.9066 -33.1811 38
      vertex -18.1963 -32.4917 38
      vertex -17.3606 -34.0721 38
    endloop
  endfacet
  facet normal 0 0 1
    outer loop
      vertex -18.1963 -32.4917 38
      vertex -18.6849 -33.3642 38
      vertex -17.3606 -34.0721 38
    endloop
  endfacet
  facet normal 0.471419 0.88191 -0
    outer loop
      vertex -16.9066 -33.1811 35.6
      vertex -18.1963 -32.4917 35.6
      vertex -16.9066 -33.1811 38
    endloop
  endfacet
  facet normal 0.471419 0.88191 -0
    outer loop
      vertex -18.1963 -32.4917 35.6
      vertex -18.1963 -32.4917 38
      vertex -16.9066 -33.1811 38
    endloop
  endfacet
  facet normal 0.416449 0.779137 0.468524
    outer loop
      vertex -10.2602 -20.1367 8
      vertex -11.0428 -19.7184 8
      vertex -16.9066 -33.1811 35.6
    endloop
  endfacet
  facet normal 0.416475 0.779124 0.468523
    outer loop
      vertex -11.0428 -19.7184 8
      vertex -18.1963 -32.4917 35.6
      vertex -16.9066 -33.1811 35.6
    endloop
  endfacet
  facet normal 0.471389 0.881925 -0
    outer loop
      vertex -10.2602 -20.1367 0
      vertex -11.0428 -19.7184 0
      vertex -10.2602 -20.1367 8
    endloop
  endfacet
  facet normal 0.471389 0.881925 -0
    outer loop
      vertex -11.0428 -19.7184 0
      vertex -11.0428 -19.7184 8
      vertex -10.2602 -20.1367 8
    endloop
  endfacet
  facet normal 0 0 -1
    outer loop
      vertex -10.805 -21.2059 0
      vertex -11.6292 -20.7654 0
      vertex -10.2602 -20.1367 0
    endloop
  endfacet
  facet normal 0 0 -1
    outer loop
      vertex -11.6292 -20.7654 0
      vertex -11.0428 -19.7184 0
      vertex -10.2602 -20.1367 0
    endloop
  endfacet
  facet normal -0.333355 -0.623611 -0.707095
    outer loop
      vertex -11.0774 -21.7406 0.599991
      vertex -11.9224 -21.2889 0.599991
      vertex -10.805 -21.2059 0
    endloop
  endfacet
  facet normal -0.333327 -0.623674 -0.707052
    outer loop
      vertex -11.9224 -21.2889 0.599991
      vertex -11.6292 -20.7654 0
      vertex -10.805 -21.2059 0
    endloop
  endfacet
  facet normal 0 0 -1
    outer loop
      vertex -12.8996 -23.0339 0.599991
      vertex -13.794 -22.5097 0.599991
      vertex -11.9224 -21.2889 0.599991
    endloop
  endfacet
  facet normal 0 0 -1
    outer loop
      vertex -13.794 -22.5097 0.599991
      vertex -12.749 -20.8044 0.599991
      vertex -11.9224 -21.2889 0.599991
    endloop
  endfacet
  facet normal -0.505645 -0.862742 -0
    outer loop
      vertex -12.8996 -23.0339 2.39999
      vertex -13.794 -22.5097 2.39999
      vertex -12.8996 -23.0339 0.599991
    endloop
  endfacet
  facet normal -0.505645 -0.862742 -0
    outer loop
      vertex -13.794 -22.5097 2.39999
      vertex -13.794 -22.5097 0.599991
      vertex -12.8996 -23.0339 0.599991
    endloop
  endfacet
  facet normal 0 0 1
    outer loop
      vertex -11.9224 -21.2889 2.39999
      vertex -12.749 -20.8044 2.39999
      vertex -12.8996 -23.0339 2.39999
    endloop
  endfacet
  facet normal 0 0 1
    outer loop
      vertex -12.749 -20.8044 2.39999
      vertex -13.794 -22.5097 2.39999
      vertex -12.8996 -23.0339 2.39999
    endloop
  endfacet
  facet normal -0.505674 -0.862725 -0
    outer loop
      vertex -11.9224 -21.2889 8
      vertex -12.749 -20.8044 8
      vertex -11.9224 -21.2889 2.39999
    endloop
  endfacet
  facet normal -0.505674 -0.862725 -0
    outer loop
      vertex -12.749 -20.8044 8
      vertex -12.749 -20.8044 2.39999
      vertex -11.9224 -21.2889 2.39999
    endloop
  endfacet
  facet normal -0.446711 -0.762192 -0.468522
    outer loop
      vertex -19.0758 -34.0622 35.6
      vertex -20.3983 -33.2871 35.6
      vertex -11.9224 -21.2889 8
    endloop
  endfacet
  facet normal -0.446738 -0.762175 -0.468523
    outer loop
      vertex -20.3983 -33.2871 35.6
      vertex -12.749 -20.8044 8
      vertex -11.9224 -21.2889 8
    endloop
  endfacet
  facet normal -0.505642 -0.862743 -0
    outer loop
      vertex -19.0758 -34.0622 37.2
      vertex -20.3983 -33.2871 37.2
      vertex -19.0758 -34.0622 35.6
    endloop
  endfacet
  facet normal -0.505642 -0.862743 -0
    outer loop
      vertex -20.3983 -33.2871 37.2
      vertex -20.3983 -33.2871 35.6
      vertex -19.0758 -34.0622 35.6
    endloop
  endfacet
  facet normal -0.357606 -0.610092 0.70704
    outer loop
      vertex -18.6849 -33.3642 38
      vertex -19.9803 -32.6049 38
      vertex -19.0758 -34.0622 37.2
    endloop
  endfacet
  facet normal -0.357561 -0.610081 0.707072
    outer loop
      vertex -19.9803 -32.6049 38
      vertex -20.3983 -33.2871 37.2
      vertex -19.0758 -34.0622 37.2
    endloop
  endfacet
  facet normal 0 0 1
    outer loop
      vertex -18.1963 -32.4917 38
      vertex -19.4578 -31.7523 38
      vertex -18.6849 -33.3642 38
    endloop
  endfacet
  facet normal 0 0 1
    outer loop
      vertex -19.4578 -31.7523 38
      vertex -19.9803 -32.6049 38
      vertex -18.6849 -33.3642 38
    endloop
  endfacet
  facet normal 0.505669 0.862728 -0
    outer loop
      vertex -18.1963 -32.4917 35.6
      vertex -19.4578 -31.7523 35.6
      vertex -18.1963 -32.4917 38
    endloop
  endfacet
  facet normal 0.505669 0.862728 -0
    outer loop
      vertex -19.4578 -31.7523 35.6
      vertex -19.4578 -31.7523 38
      vertex -18.1963 -32.4917 38
    endloop
  endfacet
  facet normal 0.446661 0.76222 0.468524
    outer loop
      vertex -11.0428 -19.7184 8
      vertex -11.8085 -19.2697 8
      vertex -18.1963 -32.4917 35.6
    endloop
  endfacet
  facet normal 0.446734 0.762179 0.468521
    outer loop
      vertex -11.8085 -19.2697 8
      vertex -19.4578 -31.7523 35.6
      vertex -18.1963 -32.4917 35.6
    endloop
  endfacet
  facet normal 0.505586 0.862776 -0
    outer loop
      vertex -11.0428 -19.7184 0
      vertex -11.8085 -19.2697 0
      vertex -11.0428 -19.7184 8
    endloop
  endfacet
  facet normal 0.505586 0.862776 -0
    outer loop
      vertex -11.8085 -19.2697 0
      vertex -11.8085 -19.2697 8
      vertex -11.0428 -19.7184 8
    endloop
  endfacet
  facet normal 0 0 -1
    outer loop
      vertex -11.6292 -20.7654 0
      vertex -12.4355 -20.2928 0
      vertex -11.0428 -19.7184 0
    endloop
  endfacet
  facet normal 0 0 -1
    outer loop
      vertex -12.4355 -20.2928 0
      vertex -11.8085 -19.2697 0
      vertex -11.0428 -19.7184 0
    endloop
  endfacet
  facet normal -0.357593 -0.610085 -0.707053
    outer loop
      vertex -11.9224 -21.2889 0.599991
      vertex -12.749 -20.8044 0.599991
      vertex -11.6292 -20.7654 0
    endloop
  endfacet
  facet normal -0.357592 -0.610086 -0.707052
    outer loop
      vertex -12.749 -20.8044 0.599991
      vertex -12.4355 -20.2928 0
      vertex -11.6292 -20.7654 0
    endloop
  endfacet
  facet normal 0 0 -1
    outer loop
      vertex -13.794 -22.5097 0.599991
      vertex -14.6671 -21.9508 0.599991
      vertex -12.749 -20.8044 0.599991
    endloop
  endfacet
  facet normal 0 0 -1
    outer loop
      vertex -14.6671 -21.9508 0.599991
      vertex -13.5559 -20.2879 0.599991
      vertex -12.749 -20.8044 0.599991
    endloop
  endfacet
  facet normal -0.539133 -0.842221 -0
    outer loop
      vertex -13.794 -22.5097 2.39999
      vertex -14.6671 -21.9508 2.39999
      vertex -13.794 -22.5097 0.599991
    endloop
  endfacet
  facet normal -0.539133 -0.842221 -0
    outer loop
      vertex -14.6671 -21.9508 2.39999
      vertex -14.6671 -21.9508 0.599991
      vertex -13.794 -22.5097 0.599991
    endloop
  endfacet
  facet normal 0 0 1
    outer loop
      vertex -12.749 -20.8044 2.39999
      vertex -13.5559 -20.2879 2.39999
      vertex -13.794 -22.5097 2.39999
    endloop
  endfacet
  facet normal 0 0 1
    outer loop
      vertex -13.5559 -20.2879 2.39999
      vertex -14.6671 -21.9508 2.39999
      vertex -13.794 -22.5097 2.39999
    endloop
  endfacet
  facet normal -0.539116 -0.842232 -0
    outer loop
      vertex -12.749 -20.8044 8
      vertex -13.5559 -20.2879 8
      vertex -12.749 -20.8044 2.39999
    endloop
  endfacet
  facet normal -0.539116 -0.842232 -0
    outer loop
      vertex -13.5559 -20.2879 8
      vertex -13.5559 -20.2879 2.39999
      vertex -12.749 -20.8044 2.39999
    endloop
  endfacet
  facet normal -0.476282 -0.744071 -0.468523
    outer loop
      vertex -20.3983 -33.2871 35.6
      vertex -21.6895 -32.4606 35.6
      vertex -12.749 -20.8044 8
    endloop
  endfacet
  facet normal -0.476283 -0.744071 -0.468523
    outer loop
      vertex -21.6895 -32.4606 35.6
      vertex -13.5559 -20.2879 8
      vertex -12.749 -20.8044 8
    endloop
  endfacet
  facet normal -0.539115 -0.842232 -0
    outer loop
      vertex -20.3983 -33.2871 37.2
      vertex -21.6895 -32.4606 37.2
      vertex -20.3983 -33.2871 35.6
    endloop
  endfacet
  facet normal -0.539115 -0.842232 -0
    outer loop
      vertex -21.6895 -32.4606 37.2
      vertex -21.6895 -32.4606 35.6
      vertex -20.3983 -33.2871 35.6
    endloop
  endfacet
  facet normal -0.381218 -0.595585 0.707072
    outer loop
      vertex -19.9803 -32.6049 38
      vertex -21.245 -31.7954 38
      vertex -20.3983 -33.2871 37.2
    endloop
  endfacet
  facet normal -0.381238 -0.595589 0.707058
    outer loop
      vertex -21.245 -31.7954 38
      vertex -21.6895 -32.4606 37.2
      vertex -20.3983 -33.2871 37.2
    endloop
  endfacet
  facet normal 0 0 1
    outer loop
      vertex -19.4578 -31.7523 38
      vertex -20.6894 -30.9639 38
      vertex -19.9803 -32.6049 38
    endloop
  endfacet
  facet normal 0 0 1
    outer loop
      vertex -20.6894 -30.9639 38
      vertex -21.245 -31.7954 38
      vertex -19.9803 -32.6049 38
    endloop
  endfacet
  facet normal 0.539139 0.842217 -0
    outer loop
      vertex -19.4578 -31.7523 35.6
      vertex -20.6894 -30.9639 35.6
      vertex -19.4578 -31.7523 38
    endloop
  endfacet
  facet normal 0.539139 0.842217 -0
    outer loop
      vertex -20.6894 -30.9639 35.6
      vertex -20.6894 -30.9639 38
      vertex -19.4578 -31.7523 38
    endloop
  endfacet
  facet normal 0.476344 0.744033 0.46852
    outer loop
      vertex -11.8085 -19.2697 8
      vertex -12.5559 -18.7912 8
      vertex -19.4578 -31.7523 35.6
    endloop
  endfacet
  facet normal 0.476303 0.744058 0.468522
    outer loop
      vertex -12.5559 -18.7912 8
      vertex -20.6894 -30.9639 35.6
      vertex -19.4578 -31.7523 35.6
    endloop
  endfacet
  facet normal 0.539185 0.842187 -0
    outer loop
      vertex -11.8085 -19.2697 0
      vertex -12.5559 -18.7912 0
      vertex -11.8085 -19.2697 8
    endloop
  endfacet
  facet normal 0.539185 0.842187 -0
    outer loop
      vertex -12.5559 -18.7912 0
      vertex -12.5559 -18.7912 8
      vertex -11.8085 -19.2697 8
    endloop
  endfacet
  facet normal 0 0 -1
    outer loop
      vertex -12.4355 -20.2928 0
      vertex -13.2226 -19.789 0
      vertex -11.8085 -19.2697 0
    endloop
  endfacet
  facet normal 0 0 -1
    outer loop
      vertex -13.2226 -19.789 0
      vertex -12.5559 -18.7912 0
      vertex -11.8085 -19.2697 0
    endloop
  endfacet
  facet normal -0.381242 -0.595594 -0.707052
    outer loop
      vertex -12.749 -20.8044 0.599991
      vertex -13.5559 -20.2879 0.599991
      vertex -12.4355 -20.2928 0
    endloop
  endfacet
  facet normal -0.381235 -0.595613 -0.707039
    outer loop
      vertex -13.5559 -20.2879 0.599991
      vertex -13.2226 -19.789 0
      vertex -12.4355 -20.2928 0
    endloop
  endfacet
  facet normal 0 0 -1
    outer loop
      vertex -14.6671 -21.9508 0.599991
      vertex -15.5175 -21.358 0.599991
      vertex -13.5559 -20.2879 0.599991
    endloop
  endfacet
  facet normal 0 0 -1
    outer loop
      vertex -15.5175 -21.358 0.599991
      vertex -14.342 -19.74 0.599991
      vertex -13.5559 -20.2879 0.599991
    endloop
  endfacet
  facet normal -0.571856 -0.820354 -0
    outer loop
      vertex -14.6671 -21.9508 2.39999
      vertex -15.5175 -21.358 2.39999
      vertex -14.6671 -21.9508 0.599991
    endloop
  endfacet
  facet normal -0.571856 -0.820354 -0
    outer loop
      vertex -15.5175 -21.358 2.39999
      vertex -15.5175 -21.358 0.599991
      vertex -14.6671 -21.9508 0.599991
    endloop
  endfacet
  facet normal 0 0 1
    outer loop
      vertex -13.5559 -20.2879 2.39999
      vertex -14.342 -19.74 2.39999
      vertex -14.6671 -21.9508 2.39999
    endloop
  endfacet
  facet normal 0 0 1
    outer loop
      vertex -14.342 -19.74 2.39999
      vertex -15.5175 -21.358 2.39999
      vertex -14.6671 -21.9508 2.39999
    endloop
  endfacet
  facet normal -0.571801 -0.820392 -0
    outer loop
      vertex -13.5559 -20.2879 8
      vertex -14.342 -19.74 8
      vertex -13.5559 -20.2879 2.39999
    endloop
  endfacet
  facet normal -0.571801 -0.820392 -0
    outer loop
      vertex -14.342 -19.74 8
      vertex -14.342 -19.74 2.39999
      vertex -13.5559 -20.2879 2.39999
    endloop
  endfacet
  facet normal -0.505186 -0.724757 -0.468523
    outer loop
      vertex -21.6895 -32.4606 35.6
      vertex -22.9471 -31.584 35.6
      vertex -13.5559 -20.2879 8
    endloop
  endfacet
  facet normal -0.505159 -0.724777 -0.468522
    outer loop
      vertex -22.9471 -31.584 35.6
      vertex -14.342 -19.74 8
      vertex -13.5559 -20.2879 8
    endloop
  endfacet
  facet normal -0.571833 -0.82037 -0
    outer loop
      vertex -21.6895 -32.4606 37.2
      vertex -22.9471 -31.584 37.2
      vertex -21.6895 -32.4606 35.6
    endloop
  endfacet
  facet normal -0.571833 -0.82037 -0
    outer loop
      vertex -22.9471 -31.584 37.2
      vertex -22.9471 -31.584 35.6
      vertex -21.6895 -32.4606 35.6
    endloop
  endfacet
  facet normal -0.404347 -0.580148 0.707058
    outer loop
      vertex -21.245 -31.7954 38
      vertex -22.4769 -30.9368 38
      vertex -21.6895 -32.4606 37.2
    endloop
  endfacet
  facet normal -0.404392 -0.580155 0.707027
    outer loop
      vertex -22.4769 -30.9368 38
      vertex -22.9471 -31.584 37.2
      vertex -21.6895 -32.4606 37.2
    endloop
  endfacet
  facet normal 0 0 1
    outer loop
      vertex -20.6894 -30.9639 38
      vertex -21.8891 -30.1278 38
      vertex -21.245 -31.7954 38
    endloop
  endfacet
  facet normal 0 0 1
    outer loop
      vertex -21.8891 -30.1278 38
      vertex -22.4769 -30.9368 38
      vertex -21.245 -31.7954 38
    endloop
  endfacet
  facet normal 0.571768 0.820416 -0
    outer loop
      vertex -20.6894 -30.9639 35.6
      vertex -21.8891 -30.1278 35.6
      vertex -20.6894 -30.9639 38
    endloop
  endfacet
  facet normal 0.571768 0.820416 -0
    outer loop
      vertex -21.8891 -30.1278 35.6
      vertex -21.8891 -30.1278 38
      vertex -20.6894 -30.9639 38
    endloop
  endfacet
  facet normal 0.505155 0.724779 0.468522
    outer loop
      vertex -12.5559 -18.7912 8
      vertex -13.2839 -18.2838 8
      vertex -20.6894 -30.9639 35.6
    endloop
  endfacet
  facet normal 0.505129 0.724797 0.468523
    outer loop
      vertex -13.2839 -18.2838 8
      vertex -21.8891 -30.1278 35.6
      vertex -20.6894 -30.9639 35.6
    endloop
  endfacet
  facet normal 0.571797 0.820395 -0
    outer loop
      vertex -12.5559 -18.7912 0
      vertex -13.2839 -18.2838 0
      vertex -12.5559 -18.7912 8
    endloop
  endfacet
  facet normal 0.571797 0.820395 -0
    outer loop
      vertex -13.2839 -18.2838 0
      vertex -13.2839 -18.2838 8
      vertex -12.5559 -18.7912 8
    endloop
  endfacet
  facet normal 0 0 -1
    outer loop
      vertex -13.2226 -19.789 0
      vertex -13.9893 -19.2546 0
      vertex -12.5559 -18.7912 0
    endloop
  endfacet
  facet normal 0 0 -1
    outer loop
      vertex -13.9893 -19.2546 0
      vertex -13.2839 -18.2838 0
      vertex -12.5559 -18.7912 0
    endloop
  endfacet
  facet normal -0.404364 -0.580161 -0.707038
    outer loop
      vertex -13.5559 -20.2879 0.599991
      vertex -14.342 -19.74 0.599991
      vertex -13.2226 -19.789 0
    endloop
  endfacet
  facet normal -0.404369 -0.580145 -0.707049
    outer loop
      vertex -14.342 -19.74 0.599991
      vertex -13.9893 -19.2546 0
      vertex -13.2226 -19.789 0
    endloop
  endfacet
  facet normal 0 0 -1
    outer loop
      vertex -15.5175 -21.358 0.599991
      vertex -16.3441 -20.7324 0.599991
      vertex -14.342 -19.74 0.599991
    endloop
  endfacet
  facet normal 0 0 -1
    outer loop
      vertex -16.3441 -20.7324 0.599991
      vertex -15.1059 -19.1617 0.599991
      vertex -14.342 -19.74 0.599991
    endloop
  endfacet
  facet normal -0.603482 -0.797376 -0
    outer loop
      vertex -15.5175 -21.358 2.39999
      vertex -16.3441 -20.7324 2.39999
      vertex -15.5175 -21.358 0.599991
    endloop
  endfacet
  facet normal -0.603482 -0.797376 -0
    outer loop
      vertex -16.3441 -20.7324 2.39999
      vertex -16.3441 -20.7324 0.599991
      vertex -15.5175 -21.358 0.599991
    endloop
  endfacet
  facet normal 0 0 1
    outer loop
      vertex -14.342 -19.74 2.39999
      vertex -15.1059 -19.1617 2.39999
      vertex -15.5175 -21.358 2.39999
    endloop
  endfacet
  facet normal 0 0 1
    outer loop
      vertex -15.1059 -19.1617 2.39999
      vertex -16.3441 -20.7324 2.39999
      vertex -15.5175 -21.358 2.39999
    endloop
  endfacet
  facet normal -0.603584 -0.797299 -0
    outer loop
      vertex -14.342 -19.74 8
      vertex -15.1059 -19.1617 8
      vertex -14.342 -19.74 2.39999
    endloop
  endfacet
  facet normal -0.603584 -0.797299 -0
    outer loop
      vertex -15.1059 -19.1617 8
      vertex -15.1059 -19.1617 2.39999
      vertex -14.342 -19.74 2.39999
    endloop
  endfacet
  facet normal -0.533192 -0.70441 -0.468522
    outer loop
      vertex -22.9471 -31.584 35.6
      vertex -24.1694 -30.6588 35.6
      vertex -14.342 -19.74 8
    endloop
  endfacet
  facet normal -0.533237 -0.704375 -0.468524
    outer loop
      vertex -24.1694 -30.6588 35.6
      vertex -15.1059 -19.1617 8
      vertex -14.342 -19.74 8
    endloop
  endfacet
  facet normal -0.603532 -0.797339 -0
    outer loop
      vertex -22.9471 -31.584 37.2
      vertex -24.1694 -30.6588 37.2
      vertex -22.9471 -31.584 35.6
    endloop
  endfacet
  facet normal -0.603532 -0.797339 -0
    outer loop
      vertex -24.1694 -30.6588 37.2
      vertex -24.1694 -30.6588 35.6
      vertex -22.9471 -31.584 35.6
    endloop
  endfacet
  facet normal -0.42684 -0.563845 0.707026
    outer loop
      vertex -22.4769 -30.9368 38
      vertex -23.6741 -30.0305 38
      vertex -22.9471 -31.584 37.2
    endloop
  endfacet
  facet normal -0.426789 -0.56384 0.707061
    outer loop
      vertex -23.6741 -30.0305 38
      vertex -24.1694 -30.6588 37.2
      vertex -22.9471 -31.584 37.2
    endloop
  endfacet
  facet normal 0 0 1
    outer loop
      vertex -21.8891 -30.1278 38
      vertex -23.0551 -29.2452 38
      vertex -22.4769 -30.9368 38
    endloop
  endfacet
  facet normal 0 0 1
    outer loop
      vertex -23.0551 -29.2452 38
      vertex -23.6741 -30.0305 38
      vertex -22.4769 -30.9368 38
    endloop
  endfacet
  facet normal 0.603539 0.797333 -0
    outer loop
      vertex -21.8891 -30.1278 35.6
      vertex -23.0551 -29.2452 35.6
      vertex -21.8891 -30.1278 38
    endloop
  endfacet
  facet normal 0.603539 0.797333 -0
    outer loop
      vertex -23.0551 -29.2452 35.6
      vertex -23.0551 -29.2452 38
      vertex -21.8891 -30.1278 38
    endloop
  endfacet
  facet normal 0.533187 0.704413 0.468523
    outer loop
      vertex -13.2839 -18.2838 8
      vertex -13.9915 -17.7482 8
      vertex -21.8891 -30.1278 35.6
    endloop
  endfacet
  facet normal 0.533197 0.704405 0.468523
    outer loop
      vertex -13.9915 -17.7482 8
      vertex -23.0551 -29.2452 35.6
      vertex -21.8891 -30.1278 35.6
    endloop
  endfacet
  facet normal 0.603528 0.797342 -0
    outer loop
      vertex -13.2839 -18.2838 0
      vertex -13.9915 -17.7482 0
      vertex -13.2839 -18.2838 8
    endloop
  endfacet
  facet normal 0.603528 0.797342 -0
    outer loop
      vertex -13.9915 -17.7482 0
      vertex -13.9915 -17.7482 8
      vertex -13.2839 -18.2838 8
    endloop
  endfacet
  facet normal 0 0 -1
    outer loop
      vertex -13.9893 -19.2546 0
      vertex -14.7344 -18.6905 0
      vertex -13.2839 -18.2838 0
    endloop
  endfacet
  facet normal 0 0 -1
    outer loop
      vertex -14.7344 -18.6905 0
      vertex -13.9915 -17.7482 0
      vertex -13.2839 -18.2838 0
    endloop
  endfacet
  facet normal -0.426833 -0.563822 -0.707049
    outer loop
      vertex -14.342 -19.74 0.599991
      vertex -15.1059 -19.1617 0.599991
      vertex -13.9893 -19.2546 0
    endloop
  endfacet
  facet normal -0.42684 -0.563798 -0.707065
    outer loop
      vertex -15.1059 -19.1617 0.599991
      vertex -14.7344 -18.6905 0
      vertex -13.9893 -19.2546 0
    endloop
  endfacet
  facet normal 0 0 -1
    outer loop
      vertex -16.3441 -20.7324 0.599991
      vertex -17.1454 -20.0747 0.599991
      vertex -15.1059 -19.1617 0.599991
    endloop
  endfacet
  facet normal 0 0 -1
    outer loop
      vertex -17.1454 -20.0747 0.599991
      vertex -15.8465 -18.5539 0.599991
      vertex -15.1059 -19.1617 0.599991
    endloop
  endfacet
  facet normal -0.634445 -0.772968 -0
    outer loop
      vertex -16.3441 -20.7324 2.39999
      vertex -17.1454 -20.0747 2.39999
      vertex -16.3441 -20.7324 0.599991
    endloop
  endfacet
  facet normal -0.634445 -0.772968 -0
    outer loop
      vertex -17.1454 -20.0747 2.39999
      vertex -17.1454 -20.0747 0.599991
      vertex -16.3441 -20.7324 0.599991
    endloop
  endfacet
  facet normal 0 0 1
    outer loop
      vertex -15.1059 -19.1617 2.39999
      vertex -15.8465 -18.5539 2.39999
      vertex -16.3441 -20.7324 2.39999
    endloop
  endfacet
  facet normal 0 0 1
    outer loop
      vertex -15.8465 -18.5539 2.39999
      vertex -17.1454 -20.0747 2.39999
      vertex -16.3441 -20.7324 2.39999
    endloop
  endfacet
  facet normal -0.634397 -0.773008 -0
    outer loop
      vertex -15.1059 -19.1617 8
      vertex -15.8465 -18.5539 8
      vertex -15.1059 -19.1617 2.39999
    endloop
  endfacet
  facet normal -0.634397 -0.773008 -0
    outer loop
      vertex -15.8465 -18.5539 8
      vertex -15.8465 -18.5539 2.39999
      vertex -15.1059 -19.1617 2.39999
    endloop
  endfacet
  facet normal -0.560488 -0.68289 -0.468523
    outer loop
      vertex -24.1694 -30.6588 35.6
      vertex -25.3544 -29.6862 35.6
      vertex -15.1059 -19.1617 8
    endloop
  endfacet
  facet normal -0.560459 -0.682915 -0.468522
    outer loop
      vertex -25.3544 -29.6862 35.6
      vertex -15.8465 -18.5539 8
      vertex -15.1059 -19.1617 8
    endloop
  endfacet
  facet normal -0.634431 -0.77298 -0
    outer loop
      vertex -24.1694 -30.6588 37.2
      vertex -25.3544 -29.6862 37.2
      vertex -24.1694 -30.6588 35.6
    endloop
  endfacet
  facet normal -0.634431 -0.77298 -0
    outer loop
      vertex -25.3544 -29.6862 37.2
      vertex -25.3544 -29.6862 35.6
      vertex -24.1694 -30.6588 35.6
    endloop
  endfacet
  facet normal -0.4486 -0.546646 0.707062
    outer loop
      vertex -23.6741 -30.0305 38
      vertex -24.8349 -29.0779 38
      vertex -24.1694 -30.6588 37.2
    endloop
  endfacet
  facet normal -0.448669 -0.546651 0.707014
    outer loop
      vertex -24.8349 -29.0779 38
      vertex -25.3544 -29.6862 37.2
      vertex -24.1694 -30.6588 37.2
    endloop
  endfacet
  facet normal 0 0 1
    outer loop
      vertex -23.0551 -29.2452 38
      vertex -24.1854 -28.3175 38
      vertex -23.6741 -30.0305 38
    endloop
  endfacet
  facet normal 0 0 1
    outer loop
      vertex -24.1854 -28.3175 38
      vertex -24.8349 -29.0779 38
      vertex -23.6741 -30.0305 38
    endloop
  endfacet
  facet normal 0.634429 0.772981 -0
    outer loop
      vertex -23.0551 -29.2452 35.6
      vertex -24.1854 -28.3175 35.6
      vertex -23.0551 -29.2452 38
    endloop
  endfacet
  facet normal 0.634429 0.772981 -0
    outer loop
      vertex -24.1854 -28.3175 35.6
      vertex -24.1854 -28.3175 38
      vertex -23.0551 -29.2452 38
    endloop
  endfacet
  facet normal 0.560464 0.68291 0.468523
    outer loop
      vertex -13.9915 -17.7482 8
      vertex -14.6775 -17.1852 8
      vertex -23.0551 -29.2452 35.6
    endloop
  endfacet
  facet normal 0.560487 0.682892 0.468522
    outer loop
      vertex -14.6775 -17.1852 8
      vertex -24.1854 -28.3175 35.6
      vertex -23.0551 -29.2452 35.6
    endloop
  endfacet
  facet normal 0.634403 0.773003 -0
    outer loop
      vertex -13.9915 -17.7482 0
      vertex -14.6775 -17.1852 0
      vertex -13.9915 -17.7482 8
    endloop
  endfacet
  facet normal 0.634403 0.773003 -0
    outer loop
      vertex -14.6775 -17.1852 0
      vertex -14.6775 -17.1852 8
      vertex -13.9915 -17.7482 8
    endloop
  endfacet
  facet normal 0 0 -1
    outer loop
      vertex -14.7344 -18.6905 0
      vertex -15.4569 -18.0977 0
      vertex -13.9915 -17.7482 0
    endloop
  endfacet
  facet normal 0 0 -1
    outer loop
      vertex -15.4569 -18.0977 0
      vertex -14.6775 -17.1852 0
      vertex -13.9915 -17.7482 0
    endloop
  endfacet
  facet normal -0.448613 -0.546632 -0.707065
    outer loop
      vertex -15.1059 -19.1617 0.599991
      vertex -15.8465 -18.5539 0.599991
      vertex -14.7344 -18.6905 0
    endloop
  endfacet
  facet normal -0.44859 -0.546737 -0.706998
    outer loop
      vertex -15.8465 -18.5539 0.599991
      vertex -15.4569 -18.0977 0
      vertex -14.7344 -18.6905 0
    endloop
  endfacet
  facet normal 0 0 -1
    outer loop
      vertex -17.1454 -20.0747 0.599991
      vertex -17.9203 -19.3861 0.599991
      vertex -15.8465 -18.5539 0.599991
    endloop
  endfacet
  facet normal 0 0 -1
    outer loop
      vertex -17.9203 -19.3861 0.599991
      vertex -16.5627 -17.9175 0.599991
      vertex -15.8465 -18.5539 0.599991
    endloop
  endfacet
  facet normal -0.664256 -0.747505 -0
    outer loop
      vertex -17.1454 -20.0747 2.39999
      vertex -17.9203 -19.3861 2.39999
      vertex -17.1454 -20.0747 0.599991
    endloop
  endfacet
  facet normal -0.664256 -0.747505 -0
    outer loop
      vertex -17.9203 -19.3861 2.39999
      vertex -17.9203 -19.3861 0.599991
      vertex -17.1454 -20.0747 0.599991
    endloop
  endfacet
  facet normal 0 0 1
    outer loop
      vertex -15.8465 -18.5539 2.39999
      vertex -16.5627 -17.9175 2.39999
      vertex -17.1454 -20.0747 2.39999
    endloop
  endfacet
  facet normal 0 0 1
    outer loop
      vertex -16.5627 -17.9175 2.39999
      vertex -17.9203 -19.3861 2.39999
      vertex -17.1454 -20.0747 2.39999
    endloop
  endfacet
  facet normal -0.664234 -0.747524 -0
    outer loop
      vertex -15.8465 -18.5539 8
      vertex -16.5627 -17.9175 8
      vertex -15.8465 -18.5539 2.39999
    endloop
  endfacet
  facet normal -0.664234 -0.747524 -0
    outer loop
      vertex -16.5627 -17.9175 8
      vertex -16.5627 -17.9175 2.39999
      vertex -15.8465 -18.5539 2.39999
    endloop
  endfacet
  facet normal -0.586815 -0.660405 -0.468522
    outer loop
      vertex -25.3544 -29.6862 35.6
      vertex -26.5004 -28.6679 35.6
      vertex -15.8465 -18.5539 8
    endloop
  endfacet
  facet normal -0.586819 -0.660402 -0.468522
    outer loop
      vertex -26.5004 -28.6679 35.6
      vertex -16.5627 -17.9175 8
      vertex -15.8465 -18.5539 8
    endloop
  endfacet
  facet normal -0.66423 -0.747528 -0
    outer loop
      vertex -25.3544 -29.6862 37.2
      vertex -26.5004 -28.6679 37.2
      vertex -25.3544 -29.6862 35.6
    endloop
  endfacet
  facet normal -0.66423 -0.747528 -0
    outer loop
      vertex -26.5004 -28.6679 37.2
      vertex -26.5004 -28.6679 35.6
      vertex -25.3544 -29.6862 35.6
    endloop
  endfacet
  facet normal -0.469762 -0.528636 0.707013
    outer loop
      vertex -24.8349 -29.0779 38
      vertex -25.9573 -28.0805 38
      vertex -25.3544 -29.6862 37.2
    endloop
  endfacet
  facet normal -0.469728 -0.528635 0.707037
    outer loop
      vertex -25.9573 -28.0805 38
      vertex -26.5004 -28.6679 37.2
      vertex -25.3544 -29.6862 37.2
    endloop
  endfacet
  facet normal 0 0 1
    outer loop
      vertex -24.1854 -28.3175 38
      vertex -25.2785 -27.3462 38
      vertex -24.8349 -29.0779 38
    endloop
  endfacet
  facet normal 0 0 1
    outer loop
      vertex -25.2785 -27.3462 38
      vertex -25.9573 -28.0805 38
      vertex -24.8349 -29.0779 38
    endloop
  endfacet
  facet normal 0.664232 0.747526 -0
    outer loop
      vertex -24.1854 -28.3175 35.6
      vertex -25.2785 -27.3462 35.6
      vertex -24.1854 -28.3175 38
    endloop
  endfacet
  facet normal 0.664232 0.747526 -0
    outer loop
      vertex -25.2785 -27.3462 35.6
      vertex -25.2785 -27.3462 38
      vertex -24.1854 -28.3175 38
    endloop
  endfacet
  facet normal 0.586828 0.660394 0.468522
    outer loop
      vertex -14.6775 -17.1852 8
      vertex -15.3409 -16.5957 8
      vertex -24.1854 -28.3175 35.6
    endloop
  endfacet
  facet normal 0.586817 0.660403 0.468522
    outer loop
      vertex -15.3409 -16.5957 8
      vertex -25.2785 -27.3462 35.6
      vertex -24.1854 -28.3175 35.6
    endloop
  endfacet
  facet normal 0.664245 0.747515 -0
    outer loop
      vertex -14.6775 -17.1852 0
      vertex -15.3409 -16.5957 0
      vertex -14.6775 -17.1852 8
    endloop
  endfacet
  facet normal 0.664245 0.747515 -0
    outer loop
      vertex -15.3409 -16.5957 0
      vertex -15.3409 -16.5957 8
      vertex -14.6775 -17.1852 8
    endloop
  endfacet
  facet normal 0 0 -1
    outer loop
      vertex -15.4569 -18.0977 0
      vertex -16.1554 -17.4769 0
      vertex -14.6775 -17.1852 0
    endloop
  endfacet
  facet normal 0 0 -1
    outer loop
      vertex -16.1554 -17.4769 0
      vertex -15.3409 -16.5957 0
      vertex -14.6775 -17.1852 0
    endloop
  endfacet
  facet normal -0.469757 -0.528661 -0.706998
    outer loop
      vertex -15.8465 -18.5539 0.599991
      vertex -16.5627 -17.9175 0.599991
      vertex -15.4569 -18.0977 0
    endloop
  endfacet
  facet normal -0.469773 -0.52857 -0.707055
    outer loop
      vertex -16.5627 -17.9175 0.599991
      vertex -16.1554 -17.4769 0
      vertex -15.4569 -18.0977 0
    endloop
  endfacet
  facet normal 0 0 -1
    outer loop
      vertex -17.9203 -19.3861 0.599991
      vertex -18.6676 -18.6676 0.599991
      vertex -16.5627 -17.9175 0.599991
    endloop
  endfacet
  facet normal 0 0 -1
    outer loop
      vertex -18.6676 -18.6676 0.599991
      vertex -17.2534 -17.2534 0.599991
      vertex -16.5627 -17.9175 0.599991
    endloop
  endfacet
  facet normal -0.69308 -0.720861 -0
    outer loop
      vertex -17.9203 -19.3861 2.39999
      vertex -18.6676 -18.6676 2.39999
      vertex -17.9203 -19.3861 0.599991
    endloop
  endfacet
  facet normal -0.69308 -0.720861 -0
    outer loop
      vertex -18.6676 -18.6676 2.39999
      vertex -18.6676 -18.6676 0.599991
      vertex -17.9203 -19.3861 0.599991
    endloop
  endfacet
  facet normal 0 0 1
    outer loop
      vertex -16.5627 -17.9175 2.39999
      vertex -17.2534 -17.2534 2.39999
      vertex -17.9203 -19.3861 2.39999
    endloop
  endfacet
  facet normal 0 0 1
    outer loop
      vertex -17.2534 -17.2534 2.39999
      vertex -18.6676 -18.6676 2.39999
      vertex -17.9203 -19.3861 2.39999
    endloop
  endfacet
  facet normal -0.69309 -0.720851 -0
    outer loop
      vertex -16.5627 -17.9175 8
      vertex -17.2534 -17.2534 8
      vertex -16.5627 -17.9175 2.39999
    endloop
  endfacet
  facet normal -0.69309 -0.720851 -0
    outer loop
      vertex -17.2534 -17.2534 8
      vertex -17.2534 -17.2534 2.39999
      vertex -16.5627 -17.9175 2.39999
    endloop
  endfacet
  facet normal -0.612328 -0.636821 -0.468522
    outer loop
      vertex -26.5004 -28.6679 35.6
      vertex -27.6054 -27.6054 35.6
      vertex -16.5627 -17.9175 8
    endloop
  endfacet
  facet normal -0.612312 -0.636837 -0.468521
    outer loop
      vertex -27.6054 -27.6054 35.6
      vertex -17.2534 -17.2534 8
      vertex -16.5627 -17.9175 8
    endloop
  endfacet
  facet normal -0.693109 -0.720833 -0
    outer loop
      vertex -26.5004 -28.6679 37.2
      vertex -27.6054 -27.6054 37.2
      vertex -26.5004 -28.6679 35.6
    endloop
  endfacet
  facet normal -0.693109 -0.720833 -0
    outer loop
      vertex -27.6054 -27.6054 37.2
      vertex -27.6054 -27.6054 35.6
      vertex -26.5004 -28.6679 35.6
    endloop
  endfacet
  facet normal -0.490109 -0.509794 0.707039
    outer loop
      vertex -25.9573 -28.0805 38
      vertex -27.0398 -27.0398 38
      vertex -26.5004 -28.6679 37.2
    endloop
  endfacet
  facet normal -0.490186 -0.509793 0.706985
    outer loop
      vertex -27.0398 -27.0398 38
      vertex -27.6054 -27.6054 37.2
      vertex -26.5004 -28.6679 37.2
    endloop
  endfacet
  facet normal 0 0 1
    outer loop
      vertex -25.2785 -27.3462 38
      vertex -26.3326 -26.3326 38
      vertex -25.9573 -28.0805 38
    endloop
  endfacet
  facet normal 0 0 1
    outer loop
      vertex -26.3326 -26.3326 38
      vertex -27.0398 -27.0398 38
      vertex -25.9573 -28.0805 38
    endloop
  endfacet
  facet normal 0.693124 0.720819 -0
    outer loop
      vertex -25.2785 -27.3462 35.6
      vertex -26.3326 -26.3326 35.6
      vertex -25.2785 -27.3462 38
    endloop
  endfacet
  facet normal 0.693124 0.720819 -0
    outer loop
      vertex -26.3326 -26.3326 35.6
      vertex -26.3326 -26.3326 38
      vertex -25.2785 -27.3462 38
    endloop
  endfacet
  facet normal 0.61233 0.636819 0.468522
    outer loop
      vertex -15.3409 -16.5957 8
      vertex -15.9806 -15.9806 8
      vertex -25.2785 -27.3462 35.6
    endloop
  endfacet
  facet normal 0.612342 0.636809 0.468522
    outer loop
      vertex -15.9806 -15.9806 8
      vertex -26.3326 -26.3326 35.6
      vertex -25.2785 -27.3462 35.6
    endloop
  endfacet
  facet normal 0.693111 0.720831 -0
    outer loop
      vertex -15.3409 -16.5957 0
      vertex -15.9806 -15.9806 0
      vertex -15.3409 -16.5957 8
    endloop
  endfacet
  facet normal 0.693111 0.720831 -0
    outer loop
      vertex -15.9806 -15.9806 0
      vertex -15.9806 -15.9806 8
      vertex -15.3409 -16.5957 8
    endloop
  endfacet
  facet normal 0 0 -1
    outer loop
      vertex -16.1554 -17.4769 0
      vertex -16.8291 -16.8291 0
      vertex -15.3409 -16.5957 0
    endloop
  endfacet
  facet normal 0 0 -1
    outer loop
      vertex -16.8291 -16.8291 0
      vertex -15.9806 -15.9806 0
      vertex -15.3409 -16.5957 0
    endloop
  endfacet
  facet normal -0.490125 -0.509756 -0.707055
    outer loop
      vertex -16.5627 -17.9175 0.599991
      vertex -17.2534 -17.2534 0.599991
      vertex -16.1554 -17.4769 0
    endloop
  endfacet
  facet normal -0.490129 -0.509725 -0.707074
    outer loop
      vertex -17.2534 -17.2534 0.599991
      vertex -16.8291 -16.8291 0
      vertex -16.1554 -17.4769 0
    endloop
  endfacet
  facet normal 0 0 -1
    outer loop
      vertex -18.6676 -18.6676 0.599991
      vertex -19.3861 -17.9203 0.599991
      vertex -17.2534 -17.2534 0.599991
    endloop
  endfacet
  facet normal 0 0 -1
    outer loop
      vertex -19.3861 -17.9203 0.599991
      vertex -17.9175 -16.5627 0.599991
      vertex -17.2534 -17.2534 0.599991
    endloop
  endfacet
  facet normal -0.720861 -0.69308 -0
    outer loop
      vertex -18.6676 -18.6676 2.39999
      vertex -19.3861 -17.9203 2.39999
      vertex -18.6676 -18.6676 0.599991
    endloop
  endfacet
  facet normal -0.720861 -0.69308 -0
    outer loop
      vertex -19.3861 -17.9203 2.39999
      vertex -19.3861 -17.9203 0.599991
      vertex -18.6676 -18.6676 0.599991
    endloop
  endfacet
  facet normal 0 0 1
    outer loop
      vertex -17.2534 -17.2534 2.39999
      vertex -17.9175 -16.5627 2.39999
      vertex -18.6676 -18.6676 2.39999
    endloop
  endfacet
  facet normal 0 0 1
    outer loop
      vertex -17.9175 -16.5627 2.39999
      vertex -19.3861 -17.9203 2.39999
      vertex -18.6676 -18.6676 2.39999
    endloop
  endfacet
  facet normal -0.720851 -0.69309 -0
    outer loop
      vertex -17.2534 -17.2534 8
      vertex -17.9175 -16.5627 8
      vertex -17.2534 -17.2534 2.39999
    endloop
  endfacet
  facet normal -0.720851 -0.69309 -0
    outer loop
      vertex -17.9175 -16.5627 8
      vertex -17.9175 -16.5627 2.39999
      vertex -17.2534 -17.2534 2.39999
    endloop
  endfacet
  facet normal -0.636821 -0.612328 -0.468522
    outer loop
      vertex -27.6054 -27.6054 35.6
      vertex -28.6679 -26.5004 35.6
      vertex -17.2534 -17.2534 8
    endloop
  endfacet
  facet normal -0.636837 -0.612311 -0.468522
    outer loop
      vertex -28.6679 -26.5004 35.6
      vertex -17.9175 -16.5627 8
      vertex -17.2534 -17.2534 8
    endloop
  endfacet
  facet normal -0.720833 -0.693109 -0
    outer loop
      vertex -27.6054 -27.6054 37.2
      vertex -28.6679 -26.5004 37.2
      vertex -27.6054 -27.6054 35.6
    endloop
  endfacet
  facet normal -0.720833 -0.693109 -0
    outer loop
      vertex -28.6679 -26.5004 37.2
      vertex -28.6679 -26.5004 35.6
      vertex -27.6054 -27.6054 35.6
    endloop
  endfacet
  facet normal -0.509833 -0.490146 0.706985
    outer loop
      vertex -27.0398 -27.0398 38
      vertex -28.0805 -25.9573 38
      vertex -27.6054 -27.6054 37.2
    endloop
  endfacet
  facet normal -0.509755 -0.490149 0.707038
    outer loop
      vertex -28.0805 -25.9573 38
      vertex -28.6679 -26.5004 37.2
      vertex -27.6054 -27.6054 37.2
    endloop
  endfacet
  facet normal 0 0 1
    outer loop
      vertex -26.3326 -26.3326 38
      vertex -27.3462 -25.2785 38
      vertex -27.0398 -27.0398 38
    endloop
  endfacet
  facet normal 0 0 1
    outer loop
      vertex -27.3462 -25.2785 38
      vertex -28.0805 -25.9573 38
      vertex -27.0398 -27.0398 38
    endloop
  endfacet
  facet normal 0.720819 0.693124 -0
    outer loop
      vertex -26.3326 -26.3326 35.6
      vertex -27.3462 -25.2785 35.6
      vertex -26.3326 -26.3326 38
    endloop
  endfacet
  facet normal 0.720819 0.693124 -0
    outer loop
      vertex -27.3462 -25.2785 35.6
      vertex -27.3462 -25.2785 38
      vertex -26.3326 -26.3326 38
    endloop
  endfacet
  facet normal 0.636819 0.61233 0.468522
    outer loop
      vertex -15.9806 -15.9806 8
      vertex -16.5957 -15.3409 8
      vertex -26.3326 -26.3326 35.6
    endloop
  endfacet
  facet normal 0.636808 0.612341 0.468522
    outer loop
      vertex -16.5957 -15.3409 8
      vertex -27.3462 -25.2785 35.6
      vertex -26.3326 -26.3326 35.6
    endloop
  endfacet
  facet normal 0.720831 0.693111 -0
    outer loop
      vertex -15.9806 -15.9806 0
      vertex -16.5957 -15.3409 0
      vertex -15.9806 -15.9806 8
    endloop
  endfacet
  facet normal 0.720831 0.693111 -0
    outer loop
      vertex -16.5957 -15.3409 0
      vertex -16.5957 -15.3409 8
      vertex -15.9806 -15.9806 8
    endloop
  endfacet
  facet normal 0 0 -1
    outer loop
      vertex -16.8291 -16.8291 0
      vertex -17.4769 -16.1554 0
      vertex -15.9806 -15.9806 0
    endloop
  endfacet
  facet normal 0 0 -1
    outer loop
      vertex -17.4769 -16.1554 0
      vertex -16.5957 -15.3409 0
      vertex -15.9806 -15.9806 0
    endloop
  endfacet
  facet normal -0.509742 -0.490111 -0.707074
    outer loop
      vertex -17.2534 -17.2534 0.599991
      vertex -17.9175 -16.5627 0.599991
      vertex -16.8291 -16.8291 0
    endloop
  endfacet
  facet normal -0.509739 -0.490143 -0.707054
    outer loop
      vertex -17.9175 -16.5627 0.599991
      vertex -17.4769 -16.1554 0
      vertex -16.8291 -16.8291 0
    endloop
  endfacet
  facet normal 0 0 -1
    outer loop
      vertex -19.3861 -17.9203 0.599991
      vertex -20.0747 -17.1454 0.599991
      vertex -17.9175 -16.5627 0.599991
    endloop
  endfacet
  facet normal 0 0 -1
    outer loop
      vertex -20.0747 -17.1454 0.599991
      vertex -18.5539 -15.8465 0.599991
      vertex -17.9175 -16.5627 0.599991
    endloop
  endfacet
  facet normal -0.747505 -0.664256 -0
    outer loop
      vertex -19.3861 -17.9203 2.39999
      vertex -20.0747 -17.1454 2.39999
      vertex -19.3861 -17.9203 0.599991
    endloop
  endfacet
  facet normal -0.747505 -0.664256 -0
    outer loop
      vertex -20.0747 -17.1454 2.39999
      vertex -20.0747 -17.1454 0.599991
      vertex -19.3861 -17.9203 0.599991
    endloop
  endfacet
  facet normal 0 0 1
    outer loop
      vertex -17.9175 -16.5627 2.39999
      vertex -18.5539 -15.8465 2.39999
      vertex -19.3861 -17.9203 2.39999
    endloop
  endfacet
  facet normal 0 0 1
    outer loop
      vertex -18.5539 -15.8465 2.39999
      vertex -20.0747 -17.1454 2.39999
      vertex -19.3861 -17.9203 2.39999
    endloop
  endfacet
  facet normal -0.747524 -0.664234 -0
    outer loop
      vertex -17.9175 -16.5627 8
      vertex -18.5539 -15.8465 8
      vertex -17.9175 -16.5627 2.39999
    endloop
  endfacet
  facet normal -0.747524 -0.664234 -0
    outer loop
      vertex -18.5539 -15.8465 8
      vertex -18.5539 -15.8465 2.39999
      vertex -17.9175 -16.5627 2.39999
    endloop
  endfacet
  facet normal -0.660405 -0.586815 -0.468522
    outer loop
      vertex -28.6679 -26.5004 35.6
      vertex -29.6862 -25.3544 35.6
      vertex -17.9175 -16.5627 8
    endloop
  endfacet
  facet normal -0.660402 -0.586819 -0.468522
    outer loop
      vertex -29.6862 -25.3544 35.6
      vertex -18.5539 -15.8465 8
      vertex -17.9175 -16.5627 8
    endloop
  endfacet
  facet normal -0.747528 -0.66423 -0
    outer loop
      vertex -28.6679 -26.5004 37.2
      vertex -29.6862 -25.3544 37.2
      vertex -28.6679 -26.5004 35.6
    endloop
  endfacet
  facet normal -0.747528 -0.66423 -0
    outer loop
      vertex -29.6862 -25.3544 37.2
      vertex -29.6862 -25.3544 35.6
      vertex -28.6679 -26.5004 35.6
    endloop
  endfacet
  facet normal -0.528618 -0.469747 0.707037
    outer loop
      vertex -28.0805 -25.9573 38
      vertex -29.0779 -24.8349 38
      vertex -28.6679 -26.5004 37.2
    endloop
  endfacet
  facet normal -0.528652 -0.469744 0.707013
    outer loop
      vertex -29.0779 -24.8349 38
      vertex -29.6862 -25.3544 37.2
      vertex -28.6679 -26.5004 37.2
    endloop
  endfacet
  facet normal 0 0 1
    outer loop
      vertex -27.3462 -25.2785 38
      vertex -28.3175 -24.1854 38
      vertex -28.0805 -25.9573 38
    endloop
  endfacet
  facet normal 0 0 1
    outer loop
      vertex -28.3175 -24.1854 38
      vertex -29.0779 -24.8349 38
      vertex -28.0805 -25.9573 38
    endloop
  endfacet
  facet normal 0.747526 0.664232 -0
    outer loop
      vertex -27.3462 -25.2785 35.6
      vertex -28.3175 -24.1854 35.6
      vertex -27.3462 -25.2785 38
    endloop
  endfacet
  facet normal 0.747526 0.664232 -0
    outer loop
      vertex -28.3175 -24.1854 35.6
      vertex -28.3175 -24.1854 38
      vertex -27.3462 -25.2785 38
    endloop
  endfacet
  facet normal 0.660393 0.586828 0.468523
    outer loop
      vertex -16.5957 -15.3409 8
      vertex -17.1852 -14.6775 8
      vertex -27.3462 -25.2785 35.6
    endloop
  endfacet
  facet normal 0.660403 0.586817 0.468522
    outer loop
      vertex -17.1852 -14.6775 8
      vertex -28.3175 -24.1854 35.6
      vertex -27.3462 -25.2785 35.6
    endloop
  endfacet
  facet normal 0.747515 0.664245 -0
    outer loop
      vertex -16.5957 -15.3409 0
      vertex -17.1852 -14.6775 0
      vertex -16.5957 -15.3409 8
    endloop
  endfacet
  facet normal 0.747515 0.664245 -0
    outer loop
      vertex -17.1852 -14.6775 0
      vertex -17.1852 -14.6775 8
      vertex -16.5957 -15.3409 8
    endloop
  endfacet
  facet normal 0 0 -1
    outer loop
      vertex -17.4769 -16.1554 0
      vertex -18.0977 -15.4569 0
      vertex -16.5957 -15.3409 0
    endloop
  endfacet
  facet normal 0 0 -1
    outer loop
      vertex -18.0977 -15.4569 0
      vertex -17.1852 -14.6775 0
      vertex -16.5957 -15.3409 0
    endloop
  endfacet
  facet normal -0.528619 -0.469719 -0.707054
    outer loop
      vertex -17.9175 -16.5627 0.599991
      vertex -18.5539 -15.8465 0.599991
      vertex -17.4769 -16.1554 0
    endloop
  endfacet
  facet normal -0.528613 -0.469811 -0.706997
    outer loop
      vertex -18.5539 -15.8465 0.599991
      vertex -18.0977 -15.4569 0
      vertex -17.4769 -16.1554 0
    endloop
  endfacet
  facet normal 0 0 -1
    outer loop
      vertex -20.0747 -17.1454 0.599991
      vertex -20.7324 -16.3441 0.599991
      vertex -18.5539 -15.8465 0.599991
    endloop
  endfacet
  facet normal 0 0 -1
    outer loop
      vertex -20.7324 -16.3441 0.599991
      vertex -19.1617 -15.1059 0.599991
      vertex -18.5539 -15.8465 0.599991
    endloop
  endfacet
  facet normal -0.772968 -0.634445 -0
    outer loop
      vertex -20.0747 -17.1454 2.39999
      vertex -20.7324 -16.3441 2.39999
      vertex -20.0747 -17.1454 0.599991
    endloop
  endfacet
  facet normal -0.772968 -0.634445 -0
    outer loop
      vertex -20.7324 -16.3441 2.39999
      vertex -20.7324 -16.3441 0.599991
      vertex -20.0747 -17.1454 0.599991
    endloop
  endfacet
  facet normal 0 0 1
    outer loop
      vertex -18.5539 -15.8465 2.39999
      vertex -19.1617 -15.1059 2.39999
      vertex -20.0747 -17.1454 2.39999
    endloop
  endfacet
  facet normal 0 0 1
    outer loop
      vertex -19.1617 -15.1059 2.39999
      vertex -20.7324 -16.3441 2.39999
      vertex -20.0747 -17.1454 2.39999
    endloop
  endfacet
  facet normal -0.773008 -0.634397 -0
    outer loop
      vertex -18.5539 -15.8465 8
      vertex -19.1617 -15.1059 8
      vertex -18.5539 -15.8465 2.39999
    endloop
  endfacet
  facet normal -0.773008 -0.634397 -0
    outer loop
      vertex -19.1617 -15.1059 8
      vertex -19.1617 -15.1059 2.39999
      vertex -18.5539 -15.8465 2.39999
    endloop
  endfacet
  facet normal -0.68289 -0.560489 -0.468522
    outer loop
      vertex -29.6862 -25.3544 35.6
      vertex -30.6588 -24.1694 35.6
      vertex -18.5539 -15.8465 8
    endloop
  endfacet
  facet normal -0.682914 -0.560458 -0.468524
    outer loop
      vertex -30.6588 -24.1694 35.6
      vertex -19.1617 -15.1059 8
      vertex -18.5539 -15.8465 8
    endloop
  endfacet
  facet normal -0.77298 -0.634431 -0
    outer loop
      vertex -29.6862 -25.3544 37.2
      vertex -30.6588 -24.1694 37.2
      vertex -29.6862 -25.3544 35.6
    endloop
  endfacet
  facet normal -0.77298 -0.634431 -0
    outer loop
      vertex -30.6588 -24.1694 37.2
      vertex -30.6588 -24.1694 35.6
      vertex -29.6862 -25.3544 35.6
    endloop
  endfacet
  facet normal -0.546683 -0.448631 0.707014
    outer loop
      vertex -29.0779 -24.8349 38
      vertex -30.0305 -23.6741 38
      vertex -29.6862 -25.3544 37.2
    endloop
  endfacet
  facet normal -0.546615 -0.448639 0.707061
    outer loop
      vertex -30.0305 -23.6741 38
      vertex -30.6588 -24.1694 37.2
      vertex -29.6862 -25.3544 37.2
    endloop
  endfacet
  facet normal 0 0 1
    outer loop
      vertex -28.3175 -24.1854 38
      vertex -29.2452 -23.0551 38
      vertex -29.0779 -24.8349 38
    endloop
  endfacet
  facet normal 0 0 1
    outer loop
      vertex -29.2452 -23.0551 38
      vertex -30.0305 -23.6741 38
      vertex -29.0779 -24.8349 38
    endloop
  endfacet
  facet normal 0.772981 0.634429 -0
    outer loop
      vertex -28.3175 -24.1854 35.6
      vertex -29.2452 -23.0551 35.6
      vertex -28.3175 -24.1854 38
    endloop
  endfacet
  facet normal 0.772981 0.634429 -0
    outer loop
      vertex -29.2452 -23.0551 35.6
      vertex -29.2452 -23.0551 38
      vertex -28.3175 -24.1854 38
    endloop
  endfacet
  facet normal 0.682911 0.560464 0.468522
    outer loop
      vertex -17.1852 -14.6775 8
      vertex -17.7482 -13.9915 8
      vertex -28.3175 -24.1854 35.6
    endloop
  endfacet
  facet normal 0.682891 0.560487 0.468523
    outer loop
      vertex -17.7482 -13.9915 8
      vertex -29.2452 -23.0551 35.6
      vertex -28.3175 -24.1854 35.6
    endloop
  endfacet
  facet normal 0.773003 0.634403 -0
    outer loop
      vertex -17.1852 -14.6775 0
      vertex -17.7482 -13.9915 0
      vertex -17.1852 -14.6775 8
    endloop
  endfacet
  facet normal 0.773003 0.634403 -0
    outer loop
      vertex -17.7482 -13.9915 0
      vertex -17.7482 -13.9915 8
      vertex -17.1852 -14.6775 8
    endloop
  endfacet
  facet normal 0 0 -1
    outer loop
      vertex -18.0977 -15.4569 0
      vertex -18.6905 -14.7344 0
      vertex -17.1852 -14.6775 0
    endloop
  endfacet
  facet normal 0 0 -1
    outer loop
      vertex -18.6905 -14.7344 0
      vertex -17.7482 -13.9915 0
      vertex -17.1852 -14.6775 0
    endloop
  endfacet
  facet normal -0.546683 -0.448655 -0.706998
    outer loop
      vertex -18.5539 -15.8465 0.599991
      vertex -19.1617 -15.1059 0.599991
      vertex -18.0977 -15.4569 0
    endloop
  endfacet
  facet normal -0.546685 -0.448546 -0.707066
    outer loop
      vertex -19.1617 -15.1059 0.599991
      vertex -18.6905 -14.7344 0
      vertex -18.0977 -15.4569 0
    endloop
  endfacet
  facet normal 0 0 -1
    outer loop
      vertex -20.7324 -16.3441 0.599991
      vertex -21.358 -15.5175 0.599991
      vertex -19.1617 -15.1059 0.599991
    endloop
  endfacet
  facet normal 0 0 -1
    outer loop
      vertex -21.358 -15.5175 0.599991
      vertex -19.74 -14.342 0.599991
      vertex -19.1617 -15.1059 0.599991
    endloop
  endfacet
  facet normal -0.797376 -0.603482 -0
    outer loop
      vertex -20.7324 -16.3441 2.39999
      vertex -21.358 -15.5175 2.39999
      vertex -20.7324 -16.3441 0.599991
    endloop
  endfacet
  facet normal -0.797376 -0.603482 -0
    outer loop
      vertex -21.358 -15.5175 2.39999
      vertex -21.358 -15.5175 0.599991
      vertex -20.7324 -16.3441 0.599991
    endloop
  endfacet
  facet normal 0 0 1
    outer loop
      vertex -19.1617 -15.1059 2.39999
      vertex -19.74 -14.342 2.39999
      vertex -20.7324 -16.3441 2.39999
    endloop
  endfacet
  facet normal 0 0 1
    outer loop
      vertex -19.74 -14.342 2.39999
      vertex -21.358 -15.5175 2.39999
      vertex -20.7324 -16.3441 2.39999
    endloop
  endfacet
  facet normal -0.797299 -0.603584 -0
    outer loop
      vertex -19.1617 -15.1059 8
      vertex -19.74 -14.342 8
      vertex -19.1617 -15.1059 2.39999
    endloop
  endfacet
  facet normal -0.797299 -0.603584 -0
    outer loop
      vertex -19.74 -14.342 8
      vertex -19.74 -14.342 2.39999
      vertex -19.1617 -15.1059 2.39999
    endloop
  endfacet
  facet normal -0.70441 -0.533191 -0.468523
    outer loop
      vertex -30.6588 -24.1694 35.6
      vertex -31.584 -22.9471 35.6
      vertex -19.1617 -15.1059 8
    endloop
  endfacet
  facet normal -0.704376 -0.533238 -0.468521
    outer loop
      vertex -31.584 -22.9471 35.6
      vertex -19.74 -14.342 8
      vertex -19.1617 -15.1059 8
    endloop
  endfacet
  facet normal -0.797339 -0.603532 -0
    outer loop
      vertex -30.6588 -24.1694 37.2
      vertex -31.584 -22.9471 37.2
      vertex -30.6588 -24.1694 35.6
    endloop
  endfacet
  facet normal -0.797339 -0.603532 -0
    outer loop
      vertex -31.584 -22.9471 37.2
      vertex -31.584 -22.9471 35.6
      vertex -30.6588 -24.1694 35.6
    endloop
  endfacet
  facet normal -0.563817 -0.426819 0.707062
    outer loop
      vertex -30.0305 -23.6741 38
      vertex -30.9368 -22.4769 38
      vertex -30.6588 -24.1694 37.2
    endloop
  endfacet
  facet normal -0.563867 -0.42681 0.707027
    outer loop
      vertex -30.9368 -22.4769 38
      vertex -31.584 -22.9471 37.2
      vertex -30.6588 -24.1694 37.2
    endloop
  endfacet
  facet normal 0 0 1
    outer loop
      vertex -29.2452 -23.0551 38
      vertex -30.1278 -21.8891 38
      vertex -30.0305 -23.6741 38
    endloop
  endfacet
  facet normal 0 0 1
    outer loop
      vertex -30.1278 -21.8891 38
      vertex -30.9368 -22.4769 38
      vertex -30.0305 -23.6741 38
    endloop
  endfacet
  facet normal 0.797333 0.603539 -0
    outer loop
      vertex -29.2452 -23.0551 35.6
      vertex -30.1278 -21.8891 35.6
      vertex -29.2452 -23.0551 38
    endloop
  endfacet
  facet normal 0.797333 0.603539 -0
    outer loop
      vertex -30.1278 -21.8891 35.6
      vertex -30.1278 -21.8891 38
      vertex -29.2452 -23.0551 38
    endloop
  endfacet
  facet normal 0.704413 0.533188 0.468523
    outer loop
      vertex -17.7482 -13.9915 8
      vertex -18.2838 -13.2839 8
      vertex -29.2452 -23.0551 35.6
    endloop
  endfacet
  facet normal 0.704405 0.533197 0.468523
    outer loop
      vertex -18.2838 -13.2839 8
      vertex -30.1278 -21.8891 35.6
      vertex -29.2452 -23.0551 35.6
    endloop
  endfacet
  facet normal 0.797342 0.603528 -0
    outer loop
      vertex -17.7482 -13.9915 0
      vertex -18.2838 -13.2839 0
      vertex -17.7482 -13.9915 8
    endloop
  endfacet
  facet normal 0.797342 0.603528 -0
    outer loop
      vertex -18.2838 -13.2839 0
      vertex -18.2838 -13.2839 8
      vertex -17.7482 -13.9915 8
    endloop
  endfacet
  facet normal 0 0 -1
    outer loop
      vertex -18.6905 -14.7344 0
      vertex -19.2546 -13.9893 0
      vertex -17.7482 -13.9915 0
    endloop
  endfacet
  facet normal 0 0 -1
    outer loop
      vertex -19.2546 -13.9893 0
      vertex -18.2838 -13.2839 0
      vertex -17.7482 -13.9915 0
    endloop
  endfacet
  facet normal -0.563809 -0.426824 -0.707064
    outer loop
      vertex -19.1617 -15.1059 0.599991
      vertex -19.74 -14.342 0.599991
      vertex -18.6905 -14.7344 0
    endloop
  endfacet
  facet normal -0.56381 -0.426849 -0.707049
    outer loop
      vertex -19.74 -14.342 0.599991
      vertex -19.2546 -13.9893 0
      vertex -18.6905 -14.7344 0
    endloop
  endfacet
  facet normal 0 0 -1
    outer loop
      vertex -21.358 -15.5175 0.599991
      vertex -21.9508 -14.6671 0.599991
      vertex -19.74 -14.342 0.599991
    endloop
  endfacet
  facet normal 0 0 -1
    outer loop
      vertex -21.9508 -14.6671 0.599991
      vertex -20.2879 -13.5559 0.599991
      vertex -19.74 -14.342 0.599991
    endloop
  endfacet
  facet normal -0.820354 -0.571856 -0
    outer loop
      vertex -21.358 -15.5175 2.39999
      vertex -21.9508 -14.6671 2.39999
      vertex -21.358 -15.5175 0.599991
    endloop
  endfacet
  facet normal -0.820354 -0.571856 -0
    outer loop
      vertex -21.9508 -14.6671 2.39999
      vertex -21.9508 -14.6671 0.599991
      vertex -21.358 -15.5175 0.599991
    endloop
  endfacet
  facet normal 0 0 1
    outer loop
      vertex -19.74 -14.342 2.39999
      vertex -20.2879 -13.5559 2.39999
      vertex -21.358 -15.5175 2.39999
    endloop
  endfacet
  facet normal 0 0 1
    outer loop
      vertex -20.2879 -13.5559 2.39999
      vertex -21.9508 -14.6671 2.39999
      vertex -21.358 -15.5175 2.39999
    endloop
  endfacet
  facet normal -0.820392 -0.571801 -0
    outer loop
      vertex -19.74 -14.342 8
      vertex -20.2879 -13.5559 8
      vertex -19.74 -14.342 2.39999
    endloop
  endfacet
  facet normal -0.820392 -0.571801 -0
    outer loop
      vertex -20.2879 -13.5559 8
      vertex -20.2879 -13.5559 2.39999
      vertex -19.74 -14.342 2.39999
    endloop
  endfacet
  facet normal -0.724758 -0.505187 -0.468522
    outer loop
      vertex -31.584 -22.9471 35.6
      vertex -32.4606 -21.6895 35.6
      vertex -19.74 -14.342 8
    endloop
  endfacet
  facet normal -0.724776 -0.505158 -0.468523
    outer loop
      vertex -32.4606 -21.6895 35.6
      vertex -20.2879 -13.5559 8
      vertex -19.74 -14.342 8
    endloop
  endfacet
  facet normal -0.82037 -0.571833 -0
    outer loop
      vertex -31.584 -22.9471 37.2
      vertex -32.4606 -21.6895 37.2
      vertex -31.584 -22.9471 35.6
    endloop
  endfacet
  facet normal -0.82037 -0.571833 -0
    outer loop
      vertex -32.4606 -21.6895 37.2
      vertex -32.4606 -21.6895 35.6
      vertex -31.584 -22.9471 35.6
    endloop
  endfacet
  facet normal -0.580174 -0.404365 0.707027
    outer loop
      vertex -30.9368 -22.4769 38
      vertex -31.7954 -21.245 38
      vertex -31.584 -22.9471 37.2
    endloop
  endfacet
  facet normal -0.580129 -0.404375 0.707058
    outer loop
      vertex -31.7954 -21.245 38
      vertex -32.4606 -21.6895 37.2
      vertex -31.584 -22.9471 37.2
    endloop
  endfacet
  facet normal 0 0 1
    outer loop
      vertex -30.1278 -21.8891 38
      vertex -30.9639 -20.6894 38
      vertex -30.9368 -22.4769 38
    endloop
  endfacet
  facet normal 0 0 1
    outer loop
      vertex -30.9639 -20.6894 38
      vertex -31.7954 -21.245 38
      vertex -30.9368 -22.4769 38
    endloop
  endfacet
  facet normal 0.820416 0.571768 -0
    outer loop
      vertex -30.1278 -21.8891 35.6
      vertex -30.9639 -20.6894 35.6
      vertex -30.1278 -21.8891 38
    endloop
  endfacet
  facet normal 0.820416 0.571768 -0
    outer loop
      vertex -30.9639 -20.6894 35.6
      vertex -30.9639 -20.6894 38
      vertex -30.1278 -21.8891 38
    endloop
  endfacet
  facet normal 0.724779 0.505155 0.468523
    outer loop
      vertex -18.2838 -13.2839 8
      vertex -18.7912 -12.5559 8
      vertex -30.1278 -21.8891 35.6
    endloop
  endfacet
  facet normal 0.724798 0.505129 0.468522
    outer loop
      vertex -18.7912 -12.5559 8
      vertex -30.9639 -20.6894 35.6
      vertex -30.1278 -21.8891 35.6
    endloop
  endfacet
  facet normal 0.820395 0.571797 -0
    outer loop
      vertex -18.2838 -13.2839 0
      vertex -18.7912 -12.5559 0
      vertex -18.2838 -13.2839 8
    endloop
  endfacet
  facet normal 0.820395 0.571797 -0
    outer loop
      vertex -18.7912 -12.5559 0
      vertex -18.7912 -12.5559 8
      vertex -18.2838 -13.2839 8
    endloop
  endfacet
  facet normal 0 0 -1
    outer loop
      vertex -19.2546 -13.9893 0
      vertex -19.789 -13.2226 0
      vertex -18.2838 -13.2839 0
    endloop
  endfacet
  facet normal 0 0 -1
    outer loop
      vertex -19.789 -13.2226 0
      vertex -18.7912 -12.5559 0
      vertex -18.2838 -13.2839 0
    endloop
  endfacet
  facet normal -0.580152 -0.404358 -0.707049
    outer loop
      vertex -19.74 -14.342 0.599991
      vertex -20.2879 -13.5559 0.599991
      vertex -19.2546 -13.9893 0
    endloop
  endfacet
  facet normal -0.580153 -0.404375 -0.707038
    outer loop
      vertex -20.2879 -13.5559 0.599991
      vertex -19.789 -13.2226 0
      vertex -19.2546 -13.9893 0
    endloop
  endfacet
  facet normal 0 0 -1
    outer loop
      vertex -21.9508 -14.6671 0.599991
      vertex -22.5097 -13.794 0.599991
      vertex -20.2879 -13.5559 0.599991
    endloop
  endfacet
  facet normal 0 0 -1
    outer loop
      vertex -22.5097 -13.794 0.599991
      vertex -20.8044 -12.749 0.599991
      vertex -20.2879 -13.5559 0.599991
    endloop
  endfacet
  facet normal -0.842221 -0.539133 -0
    outer loop
      vertex -21.9508 -14.6671 2.39999
      vertex -22.5097 -13.794 2.39999
      vertex -21.9508 -14.6671 0.599991
    endloop
  endfacet
  facet normal -0.842221 -0.539133 -0
    outer loop
      vertex -22.5097 -13.794 2.39999
      vertex -22.5097 -13.794 0.599991
      vertex -21.9508 -14.6671 0.599991
    endloop
  endfacet
  facet normal 0 0 1
    outer loop
      vertex -20.2879 -13.5559 2.39999
      vertex -20.8044 -12.749 2.39999
      vertex -21.9508 -14.6671 2.39999
    endloop
  endfacet
  facet normal 0 0 1
    outer loop
      vertex -20.8044 -12.749 2.39999
      vertex -22.5097 -13.794 2.39999
      vertex -21.9508 -14.6671 2.39999
    endloop
  endfacet
  facet normal -0.842232 -0.539116 -0
    outer loop
      vertex -20.2879 -13.5559 8
      vertex -20.8044 -12.749 8
      vertex -20.2879 -13.5559 2.39999
    endloop
  endfacet
  facet normal -0.842232 -0.539116 -0
    outer loop
      vertex -20.8044 -12.749 8
      vertex -20.8044 -12.749 2.39999
      vertex -20.2879 -13.5559 2.39999
    endloop
  endfacet
  facet normal -0.744071 -0.476282 -0.468523
    outer loop
      vertex -32.4606 -21.6895 35.6
      vertex -33.2871 -20.3983 35.6
      vertex -20.2879 -13.5559 8
    endloop
  endfacet
  facet normal -0.744071 -0.476283 -0.468523
    outer loop
      vertex -33.2871 -20.3983 35.6
      vertex -20.8044 -12.749 8
      vertex -20.2879 -13.5559 8
    endloop
  endfacet
  facet normal -0.842232 -0.539115 -0
    outer loop
      vertex -32.4606 -21.6895 37.2
      vertex -33.2871 -20.3983 37.2
      vertex -32.4606 -21.6895 35.6
    endloop
  endfacet
  facet normal -0.842232 -0.539115 -0
    outer loop
      vertex -33.2871 -20.3983 37.2
      vertex -33.2871 -20.3983 35.6
      vertex -32.4606 -21.6895 35.6
    endloop
  endfacet
  facet normal -0.595597 -0.381226 0.707058
    outer loop
      vertex -31.7954 -21.245 38
      vertex -32.6049 -19.9803 38
      vertex -32.4606 -21.6895 37.2
    endloop
  endfacet
  facet normal -0.595578 -0.381231 0.707072
    outer loop
      vertex -32.6049 -19.9803 38
      vertex -33.2871 -20.3983 37.2
      vertex -32.4606 -21.6895 37.2
    endloop
  endfacet
  facet normal 0 0 1
    outer loop
      vertex -30.9639 -20.6894 38
      vertex -31.7523 -19.4578 38
      vertex -31.7954 -21.245 38
    endloop
  endfacet
  facet normal 0 0 1
    outer loop
      vertex -31.7523 -19.4578 38
      vertex -32.6049 -19.9803 38
      vertex -31.7954 -21.245 38
    endloop
  endfacet
  facet normal 0.842217 0.539139 -0
    outer loop
      vertex -30.9639 -20.6894 35.6
      vertex -31.7523 -19.4578 35.6
      vertex -30.9639 -20.6894 38
    endloop
  endfacet
  facet normal 0.842217 0.539139 -0
    outer loop
      vertex -31.7523 -19.4578 35.6
      vertex -31.7523 -19.4578 38
      vertex -30.9639 -20.6894 38
    endloop
  endfacet
  facet normal 0.744032 0.476344 0.468522
    outer loop
      vertex -18.7912 -12.5559 8
      vertex -19.2697 -11.8085 8
      vertex -30.9639 -20.6894 35.6
    endloop
  endfacet
  facet normal 0.744058 0.476304 0.468521
    outer loop
      vertex -19.2697 -11.8085 8
      vertex -31.7523 -19.4578 35.6
      vertex -30.9639 -20.6894 35.6
    endloop
  endfacet
  facet normal 0.842187 0.539185 -0
    outer loop
      vertex -18.7912 -12.5559 0
      vertex -19.2697 -11.8085 0
      vertex -18.7912 -12.5559 8
    endloop
  endfacet
  facet normal 0.842187 0.539185 -0
    outer loop
      vertex -19.2697 -11.8085 0
      vertex -19.2697 -11.8085 8
      vertex -18.7912 -12.5559 8
    endloop
  endfacet
  facet normal 0 0 -1
    outer loop
      vertex -19.789 -13.2226 0
      vertex -20.2928 -12.4355 0
      vertex -18.7912 -12.5559 0
    endloop
  endfacet
  facet normal 0 0 -1
    outer loop
      vertex -20.2928 -12.4355 0
      vertex -19.2697 -11.8085 0
      vertex -18.7912 -12.5559 0
    endloop
  endfacet
  facet normal -0.595604 -0.381249 -0.707039
    outer loop
      vertex -20.2879 -13.5559 0.599991
      vertex -20.8044 -12.749 0.599991
      vertex -19.789 -13.2226 0
    endloop
  endfacet
  facet normal -0.595602 -0.381228 -0.707052
    outer loop
      vertex -20.8044 -12.749 0.599991
      vertex -20.2928 -12.4355 0
      vertex -19.789 -13.2226 0
    endloop
  endfacet
  facet normal 0 0 -1
    outer loop
      vertex -22.5097 -13.794 0.599991
      vertex -23.0339 -12.8996 0.599991
      vertex -20.8044 -12.749 0.599991
    endloop
  endfacet
  facet normal 0 0 -1
    outer loop
      vertex -23.0339 -12.8996 0.599991
      vertex -21.2889 -11.9224 0.599991
      vertex -20.8044 -12.749 0.599991
    endloop
  endfacet
  facet normal -0.862742 -0.505645 -0
    outer loop
      vertex -22.5097 -13.794 2.39999
      vertex -23.0339 -12.8996 2.39999
      vertex -22.5097 -13.794 0.599991
    endloop
  endfacet
  facet normal -0.862742 -0.505645 -0
    outer loop
      vertex -23.0339 -12.8996 2.39999
      vertex -23.0339 -12.8996 0.599991
      vertex -22.5097 -13.794 0.599991
    endloop
  endfacet
  facet normal 0 0 1
    outer loop
      vertex -20.8044 -12.749 2.39999
      vertex -21.2889 -11.9224 2.39999
      vertex -22.5097 -13.794 2.39999
    endloop
  endfacet
  facet normal 0 0 1
    outer loop
      vertex -21.2889 -11.9224 2.39999
      vertex -23.0339 -12.8996 2.39999
      vertex -22.5097 -13.794 2.39999
    endloop
  endfacet
  facet normal -0.862725 -0.505674 -0
    outer loop
      vertex -20.8044 -12.749 8
      vertex -21.2889 -11.9224 8
      vertex -20.8044 -12.749 2.39999
    endloop
  endfacet
  facet normal -0.862725 -0.505674 -0
    outer loop
      vertex -21.2889 -11.9224 8
      vertex -21.2889 -11.9224 2.39999
      vertex -20.8044 -12.749 2.39999
    endloop
  endfacet
  facet normal -0.762192 -0.446711 -0.468523
    outer loop
      vertex -33.2871 -20.3983 35.6
      vertex -34.0622 -19.0758 35.6
      vertex -20.8044 -12.749 8
    endloop
  endfacet
  facet normal -0.762176 -0.446739 -0.468522
    outer loop
      vertex -34.0622 -19.0758 35.6
      vertex -21.2889 -11.9224 8
      vertex -20.8044 -12.749 8
    endloop
  endfacet
  facet normal -0.862743 -0.505642 -0
    outer loop
      vertex -33.2871 -20.3983 37.2
      vertex -34.0622 -19.0758 37.2
      vertex -33.2871 -20.3983 35.6
    endloop
  endfacet
  facet normal -0.862743 -0.505642 -0
    outer loop
      vertex -34.0622 -19.0758 37.2
      vertex -34.0622 -19.0758 35.6
      vertex -33.2871 -20.3983 35.6
    endloop
  endfacet
  facet normal -0.610064 -0.35759 0.707073
    outer loop
      vertex -32.6049 -19.9803 38
      vertex -33.3642 -18.6849 38
      vertex -33.2871 -20.3983 37.2
    endloop
  endfacet
  facet normal -0.610109 -0.357577 0.707041
    outer loop
      vertex -33.3642 -18.6849 38
      vertex -34.0622 -19.0758 37.2
      vertex -33.2871 -20.3983 37.2
    endloop
  endfacet
  facet normal 0 0 1
    outer loop
      vertex -31.7523 -19.4578 38
      vertex -32.4917 -18.1963 38
      vertex -32.6049 -19.9803 38
    endloop
  endfacet
  facet normal 0 0 1
    outer loop
      vertex -32.4917 -18.1963 38
      vertex -33.3642 -18.6849 38
      vertex -32.6049 -19.9803 38
    endloop
  endfacet
  facet normal 0.862728 0.505669 -0
    outer loop
      vertex -31.7523 -19.4578 35.6
      vertex -32.4917 -18.1963 35.6
      vertex -31.7523 -19.4578 38
    endloop
  endfacet
  facet normal 0.862728 0.505669 -0
    outer loop
      vertex -32.4917 -18.1963 35.6
      vertex -32.4917 -18.1963 38
      vertex -31.7523 -19.4578 38
    endloop
  endfacet
  facet normal 0.762222 0.446662 0.46852
    outer loop
      vertex -19.2697 -11.8085 8
      vertex -19.7184 -11.0428 8
      vertex -31.7523 -19.4578 35.6
    endloop
  endfacet
  facet normal 0.762178 0.446734 0.468523
    outer loop
      vertex -19.7184 -11.0428 8
      vertex -32.4917 -18.1963 35.6
      vertex -31.7523 -19.4578 35.6
    endloop
  endfacet
  facet normal 0.862776 0.505586 -0
    outer loop
      vertex -19.2697 -11.8085 0
      vertex -19.7184 -11.0428 0
      vertex -19.2697 -11.8085 8
    endloop
  endfacet
  facet normal 0.862776 0.505586 -0
    outer loop
      vertex -19.7184 -11.0428 0
      vertex -19.7184 -11.0428 8
      vertex -19.2697 -11.8085 8
    endloop
  endfacet
  facet normal 0 0 -1
    outer loop
      vertex -20.2928 -12.4355 0
      vertex -20.7654 -11.6292 0
      vertex -19.2697 -11.8085 0
    endloop
  endfacet
  facet normal 0 0 -1
    outer loop
      vertex -20.7654 -11.6292 0
      vertex -19.7184 -11.0428 0
      vertex -19.2697 -11.8085 0
    endloop
  endfacet
  facet normal -0.610085 -0.357593 -0.707052
    outer loop
      vertex -20.8044 -12.749 0.599991
      vertex -21.2889 -11.9224 0.599991
      vertex -20.2928 -12.4355 0
    endloop
  endfacet
  facet normal -0.610085 -0.357592 -0.707053
    outer loop
      vertex -21.2889 -11.9224 0.599991
      vertex -20.7654 -11.6292 0
      vertex -20.2928 -12.4355 0
    endloop
  endfacet
  facet normal 0 0 -1
    outer loop
      vertex -23.0339 -12.8996 0.599991
      vertex -23.5226 -11.9853 0.599991
      vertex -21.2889 -11.9224 0.599991
    endloop
  endfacet
  facet normal 0 0 -1
    outer loop
      vertex -23.5226 -11.9853 0.599991
      vertex -21.7406 -11.0774 0.599991
      vertex -21.2889 -11.9224 0.599991
    endloop
  endfacet
  facet normal -0.881923 -0.471394 -0
    outer loop
      vertex -23.0339 -12.8996 2.39999
      vertex -23.5226 -11.9853 2.39999
      vertex -23.0339 -12.8996 0.599991
    endloop
  endfacet
  facet normal -0.881923 -0.471394 -0
    outer loop
      vertex -23.5226 -11.9853 2.39999
      vertex -23.5226 -11.9853 0.599991
      vertex -23.0339 -12.8996 0.599991
    endloop
  endfacet
  facet normal 0 0 1
    outer loop
      vertex -21.2889 -11.9224 2.39999
      vertex -21.7406 -11.0774 2.39999
      vertex -23.0339 -12.8996 2.39999
    endloop
  endfacet
  facet normal 0 0 1
    outer loop
      vertex -21.7406 -11.0774 2.39999
      vertex -23.5226 -11.9853 2.39999
      vertex -23.0339 -12.8996 2.39999
    endloop
  endfacet
  facet normal -0.881905 -0.471428 -0
    outer loop
      vertex -21.2889 -11.9224 8
      vertex -21.7406 -11.0774 8
      vertex -21.2889 -11.9224 2.39999
    endloop
  endfacet
  facet normal -0.881905 -0.471428 -0
    outer loop
      vertex -21.7406 -11.0774 8
      vertex -21.7406 -11.0774 2.39999
      vertex -21.2889 -11.9224 2.39999
    endloop
  endfacet
  facet normal -0.779125 -0.416475 -0.468522
    outer loop
      vertex -34.0622 -19.0758 35.6
      vertex -34.7849 -17.7238 35.6
      vertex -21.2889 -11.9224 8
    endloop
  endfacet
  facet normal -0.77912 -0.416484 -0.468522
    outer loop
      vertex -34.7849 -17.7238 35.6
      vertex -21.7406 -11.0774 8
      vertex -21.2889 -11.9224 8
    endloop
  endfacet
  facet normal -0.88191 -0.471418 -0
    outer loop
      vertex -34.0622 -19.0758 37.2
      vertex -34.7849 -17.7238 37.2
      vertex -34.0622 -19.0758 35.6
    endloop
  endfacet
  facet normal -0.88191 -0.471418 -0
    outer loop
      vertex -34.7849 -17.7238 37.2
      vertex -34.7849 -17.7238 35.6
      vertex -34.0622 -19.0758 35.6
    endloop
  endfacet
  facet normal -0.623662 -0.333376 0.707041
    outer loop
      vertex -33.3642 -18.6849 38
      vertex -34.0721 -17.3606 38
      vertex -34.0622 -19.0758 37.2
    endloop
  endfacet
  facet normal -0.623665 -0.333375 0.707038
    outer loop
      vertex -34.0721 -17.3606 38
      vertex -34.7849 -17.7238 37.2
      vertex -34.0622 -19.0758 37.2
    endloop
  endfacet
  facet normal 0 0 1
    outer loop
      vertex -32.4917 -18.1963 38
      vertex -33.1811 -16.9066 38
      vertex -33.3642 -18.6849 38
    endloop
  endfacet
  facet normal 0 0 1
    outer loop
      vertex -33.1811 -16.9066 38
      vertex -34.0721 -17.3606 38
      vertex -33.3642 -18.6849 38
    endloop
  endfacet
  facet normal 0.88191 0.471419 -0
    outer loop
      vertex -32.4917 -18.1963 35.6
      vertex -33.1811 -16.9066 35.6
      vertex -32.4917 -18.1963 38
    endloop
  endfacet
  facet normal 0.88191 0.471419 -0
    outer loop
      vertex -33.1811 -16.9066 35.6
      vertex -33.1811 -16.9066 38
      vertex -32.4917 -18.1963 38
    endloop
  endfacet
  facet normal 0.779138 0.41645 0.468523
    outer loop
      vertex -19.7184 -11.0428 8
      vertex -20.1367 -10.2602 8
      vertex -32.4917 -18.1963 35.6
    endloop
  endfacet
  facet normal 0.779124 0.416475 0.468524
    outer loop
      vertex -20.1367 -10.2602 8
      vertex -33.1811 -16.9066 35.6
      vertex -32.4917 -18.1963 35.6
    endloop
  endfacet
  facet normal 0.881925 0.471389 -0
    outer loop
      vertex -19.7184 -11.0428 0
      vertex -20.1367 -10.2602 0
      vertex -19.7184 -11.0428 8
    endloop
  endfacet
  facet normal 0.881925 0.471389 -0
    outer loop
      vertex -20.1367 -10.2602 0
      vertex -20.1367 -10.2602 8
      vertex -19.7184 -11.0428 8
    endloop
  endfacet
  facet normal 0 0 -1
    outer loop
      vertex -20.7654 -11.6292 0
      vertex -21.2059 -10.805 0
      vertex -19.7184 -11.0428 0
    endloop
  endfacet
  facet normal 0 0 -1
    outer loop
      vertex -21.2059 -10.805 0
      vertex -20.1367 -10.2602 0
      vertex -19.7184 -11.0428 0
    endloop
  endfacet
  facet normal -0.623648 -0.333375 -0.707053
    outer loop
      vertex -21.2889 -11.9224 0.599991
      vertex -21.7406 -11.0774 0.599991
      vertex -20.7654 -11.6292 0
    endloop
  endfacet
  facet normal -0.623636 -0.333307 -0.707096
    outer loop
      vertex -21.7406 -11.0774 0.599991
      vertex -21.2059 -10.805 0
      vertex -20.7654 -11.6292 0
    endloop
  endfacet
  facet normal 0 0 -1
    outer loop
      vertex -23.5226 -11.9853 0.599991
      vertex -23.975 -11.0526 0.599991
      vertex -21.7406 -11.0774 0.599991
    endloop
  endfacet
  facet normal 0 0 -1
    outer loop
      vertex -23.975 -11.0526 0.599991
      vertex -22.1587 -10.2153 0.599991
      vertex -21.7406 -11.0774 0.599991
    endloop
  endfacet
  facet normal -0.899745 -0.436416 -0
    outer loop
      vertex -23.5226 -11.9853 2.39999
      vertex -23.975 -11.0526 2.39999
      vertex -23.5226 -11.9853 0.599991
    endloop
  endfacet
  facet normal -0.899745 -0.436416 -0
    outer loop
      vertex -23.975 -11.0526 2.39999
      vertex -23.975 -11.0526 0.599991
      vertex -23.5226 -11.9853 0.599991
    endloop
  endfacet
  facet normal 0 0 1
    outer loop
      vertex -21.7406 -11.0774 2.39999
      vertex -22.1587 -10.2153 2.39999
      vertex -23.5226 -11.9853 2.39999
    endloop
  endfacet
  facet normal 0 0 1
    outer loop
      vertex -22.1587 -10.2153 2.39999
      vertex -23.975 -11.0526 2.39999
      vertex -23.5226 -11.9853 2.39999
    endloop
  endfacet
  facet normal -0.899768 -0.436368 -0
    outer loop
      vertex -21.7406 -11.0774 8
      vertex -22.1587 -10.2153 8
      vertex -21.7406 -11.0774 2.39999
    endloop
  endfacet
  facet normal -0.899768 -0.436368 -0
    outer loop
      vertex -22.1587 -10.2153 8
      vertex -22.1587 -10.2153 2.39999
      vertex -21.7406 -11.0774 2.39999
    endloop
  endfacet
  facet normal -0.794886 -0.385543 -0.468522
    outer loop
      vertex -34.7849 -17.7238 35.6
      vertex -35.4539 -16.3445 35.6
      vertex -21.7406 -11.0774 8
    endloop
  endfacet
  facet normal -0.794901 -0.38551 -0.468523
    outer loop
      vertex -35.4539 -16.3445 35.6
      vertex -22.1587 -10.2153 8
      vertex -21.7406 -11.0774 8
    endloop
  endfacet
  facet normal -0.89975 -0.436405 -0
    outer loop
      vertex -34.7849 -17.7238 37.2
      vertex -35.4539 -16.3445 37.2
      vertex -34.7849 -17.7238 35.6
    endloop
  endfacet
  facet normal -0.89975 -0.436405 -0
    outer loop
      vertex -35.4539 -16.3445 37.2
      vertex -35.4539 -16.3445 35.6
      vertex -34.7849 -17.7238 35.6
    endloop
  endfacet
  facet normal -0.636286 -0.308606 0.707038
    outer loop
      vertex -34.0721 -17.3606 38
      vertex -34.7274 -16.0095 38
      vertex -34.7849 -17.7238 37.2
    endloop
  endfacet
  facet normal -0.636274 -0.308611 0.707047
    outer loop
      vertex -34.7274 -16.0095 38
      vertex -35.4539 -16.3445 37.2
      vertex -34.7849 -17.7238 37.2
    endloop
  endfacet
  facet normal 0 0 1
    outer loop
      vertex -33.1811 -16.9066 38
      vertex -33.8192 -15.5909 38
      vertex -34.0721 -17.3606 38
    endloop
  endfacet
  facet normal 0 0 1
    outer loop
      vertex -33.8192 -15.5909 38
      vertex -34.7274 -16.0095 38
      vertex -34.0721 -17.3606 38
    endloop
  endfacet
  facet normal 0.899764 0.436376 -0
    outer loop
      vertex -33.1811 -16.9066 35.6
      vertex -33.8192 -15.5909 35.6
      vertex -33.1811 -16.9066 38
    endloop
  endfacet
  facet normal 0.899764 0.436376 -0
    outer loop
      vertex -33.8192 -15.5909 35.6
      vertex -33.8192 -15.5909 38
      vertex -33.1811 -16.9066 38
    endloop
  endfacet
  facet normal 0.794881 0.38555 0.468524
    outer loop
      vertex -20.1367 -10.2602 8
      vertex -20.524 -9.46171 8
      vertex -33.1811 -16.9066 35.6
    endloop
  endfacet
  facet normal 0.794898 0.385517 0.468523
    outer loop
      vertex -20.524 -9.46171 8
      vertex -33.8192 -15.5909 35.6
      vertex -33.1811 -16.9066 35.6
    endloop
  endfacet
  facet normal 0.899746 0.436413 -0
    outer loop
      vertex -20.1367 -10.2602 0
      vertex -20.524 -9.46171 0
      vertex -20.1367 -10.2602 8
    endloop
  endfacet
  facet normal 0.899746 0.436413 -0
    outer loop
      vertex -20.524 -9.46171 0
      vertex -20.524 -9.46171 8
      vertex -20.1367 -10.2602 8
    endloop
  endfacet
  facet normal 0 0 -1
    outer loop
      vertex -21.2059 -10.805 0
      vertex -21.6138 -9.9641 0
      vertex -20.1367 -10.2602 0
    endloop
  endfacet
  facet normal 0 0 -1
    outer loop
      vertex -21.6138 -9.9641 0
      vertex -20.524 -9.46171 0
      vertex -20.1367 -10.2602 0
    endloop
  endfacet
  facet normal -0.636242 -0.308564 -0.707096
    outer loop
      vertex -21.7406 -11.0774 0.599991
      vertex -22.1587 -10.2153 0.599991
      vertex -21.2059 -10.805 0
    endloop
  endfacet
  facet normal -0.636257 -0.308633 -0.707052
    outer loop
      vertex -22.1587 -10.2153 0.599991
      vertex -21.6138 -9.9641 0
      vertex -21.2059 -10.805 0
    endloop
  endfacet
  facet normal 0 0 -1
    outer loop
      vertex -23.975 -11.0526 0.599991
      vertex -24.3904 -10.1028 0.599991
      vertex -22.1587 -10.2153 0.599991
    endloop
  endfacet
  facet normal 0 0 -1
    outer loop
      vertex -24.3904 -10.1028 0.599991
      vertex -22.5427 -9.33747 0.599991
      vertex -22.1587 -10.2153 0.599991
    endloop
  endfacet
  facet normal -0.916206 -0.400708 -0
    outer loop
      vertex -23.975 -11.0526 2.39999
      vertex -24.3904 -10.1028 2.39999
      vertex -23.975 -11.0526 0.599991
    endloop
  endfacet
  facet normal -0.916206 -0.400708 -0
    outer loop
      vertex -24.3904 -10.1028 2.39999
      vertex -24.3904 -10.1028 0.599991
      vertex -23.975 -11.0526 0.599991
    endloop
  endfacet
  facet normal 0 0 1
    outer loop
      vertex -22.1587 -10.2153 2.39999
      vertex -22.5427 -9.33747 2.39999
      vertex -23.975 -11.0526 2.39999
    endloop
  endfacet
  facet normal 0 0 1
    outer loop
      vertex -22.5427 -9.33747 2.39999
      vertex -24.3904 -10.1028 2.39999
      vertex -23.975 -11.0526 2.39999
    endloop
  endfacet
  facet normal -0.916177 -0.400774 -0
    outer loop
      vertex -22.1587 -10.2153 8
      vertex -22.5427 -9.33747 8
      vertex -22.1587 -10.2153 2.39999
    endloop
  endfacet
  facet normal -0.916177 -0.400774 -0
    outer loop
      vertex -22.5427 -9.33747 8
      vertex -22.5427 -9.33747 2.39999
      vertex -22.1587 -10.2153 2.39999
    endloop
  endfacet
  facet normal -0.809395 -0.354071 -0.468523
    outer loop
      vertex -35.4539 -16.3445 35.6
      vertex -36.0683 -14.94 35.6
      vertex -22.1587 -10.2153 8
    endloop
  endfacet
  facet normal -0.809397 -0.354065 -0.468523
    outer loop
      vertex -36.0683 -14.94 35.6
      vertex -22.5427 -9.33747 8
      vertex -22.1587 -10.2153 8
    endloop
  endfacet
  facet normal -0.916174 -0.400781 -0
    outer loop
      vertex -35.4539 -16.3445 37.2
      vertex -36.0683 -14.94 37.2
      vertex -35.4539 -16.3445 35.6
    endloop
  endfacet
  facet normal -0.916174 -0.400781 -0
    outer loop
      vertex -36.0683 -14.94 37.2
      vertex -36.0683 -14.94 35.6
      vertex -35.4539 -16.3445 35.6
    endloop
  endfacet
  facet normal -0.647907 -0.28338 0.707045
    outer loop
      vertex -34.7274 -16.0095 38
      vertex -35.3291 -14.6338 38
      vertex -35.4539 -16.3445 37.2
    endloop
  endfacet
  facet normal -0.647851 -0.283403 0.707087
    outer loop
      vertex -35.3291 -14.6338 38
      vertex -36.0683 -14.94 37.2
      vertex -35.4539 -16.3445 37.2
    endloop
  endfacet
  facet normal 0 0 1
    outer loop
      vertex -33.8192 -15.5909 38
      vertex -34.4053 -14.2511 38
      vertex -34.7274 -16.0095 38
    endloop
  endfacet
  facet normal 0 0 1
    outer loop
      vertex -34.4053 -14.2511 38
      vertex -35.3291 -14.6338 38
      vertex -34.7274 -16.0095 38
    endloop
  endfacet
  facet normal 0.916173 0.400783 -0
    outer loop
      vertex -33.8192 -15.5909 35.6
      vertex -34.4053 -14.2511 35.6
      vertex -33.8192 -15.5909 38
    endloop
  endfacet
  facet normal 0.916173 0.400783 -0
    outer loop
      vertex -34.4053 -14.2511 35.6
      vertex -34.4053 -14.2511 38
      vertex -33.8192 -15.5909 38
    endloop
  endfacet
  facet normal 0.809387 0.354089 0.468523
    outer loop
      vertex -20.524 -9.46171 8
      vertex -20.8797 -8.64864 8
      vertex -33.8192 -15.5909 35.6
    endloop
  endfacet
  facet normal 0.809394 0.354072 0.468523
    outer loop
      vertex -20.8797 -8.64864 8
      vertex -34.4053 -14.2511 35.6
      vertex -33.8192 -15.5909 35.6
    endloop
  endfacet
  facet normal 0.916165 0.400802 -0
    outer loop
      vertex -20.524 -9.46171 0
      vertex -20.8797 -8.64864 0
      vertex -20.524 -9.46171 8
    endloop
  endfacet
  facet normal 0.916165 0.400802 -0
    outer loop
      vertex -20.8797 -8.64864 0
      vertex -20.8797 -8.64864 8
      vertex -20.524 -9.46171 8
    endloop
  endfacet
  facet normal 0 0 -1
    outer loop
      vertex -21.6138 -9.9641 0
      vertex -21.9883 -9.10786 0
      vertex -20.524 -9.46171 0
    endloop
  endfacet
  facet normal 0 0 -1
    outer loop
      vertex -21.9883 -9.10786 0
      vertex -20.8797 -8.64864 0
      vertex -20.524 -9.46171 0
    endloop
  endfacet
  facet normal -0.647884 -0.283412 -0.707053
    outer loop
      vertex -22.1587 -10.2153 0.599991
      vertex -22.5427 -9.33747 0.599991
      vertex -21.6138 -9.9641 0
    endloop
  endfacet
  facet normal -0.647872 -0.283365 -0.707083
    outer loop
      vertex -22.5427 -9.33747 0.599991
      vertex -21.9883 -9.10786 0
      vertex -21.6138 -9.9641 0
    endloop
  endfacet
  facet normal 0 0 -1
    outer loop
      vertex -24.3904 -10.1028 0.599991
      vertex -24.7682 -9.13749 0.599991
      vertex -22.5427 -9.33747 0.599991
    endloop
  endfacet
  facet normal 0 0 -1
    outer loop
      vertex -24.7682 -9.13749 0.599991
      vertex -22.8919 -8.44525 0.599991
      vertex -22.5427 -9.33747 0.599991
    endloop
  endfacet
  facet normal -0.93122 -0.364458 -0
    outer loop
      vertex -24.3904 -10.1028 2.39999
      vertex -24.7682 -9.13749 2.39999
      vertex -24.3904 -10.1028 0.599991
    endloop
  endfacet
  facet normal -0.93122 -0.364458 -0
    outer loop
      vertex -24.7682 -9.13749 2.39999
      vertex -24.7682 -9.13749 0.599991
      vertex -24.3904 -10.1028 0.599991
    endloop
  endfacet
  facet normal 0 0 1
    outer loop
      vertex -22.5427 -9.33747 2.39999
      vertex -22.8919 -8.44525 2.39999
      vertex -24.3904 -10.1028 2.39999
    endloop
  endfacet
  facet normal 0 0 1
    outer loop
      vertex -22.8919 -8.44525 2.39999
      vertex -24.7682 -9.13749 2.39999
      vertex -24.3904 -10.1028 2.39999
    endloop
  endfacet
  facet normal -0.931218 -0.364463 -0
    outer loop
      vertex -22.5427 -9.33747 8
      vertex -22.8919 -8.44525 8
      vertex -22.5427 -9.33747 2.39999
    endloop
  endfacet
  facet normal -0.931218 -0.364463 -0
    outer loop
      vertex -22.8919 -8.44525 8
      vertex -22.8919 -8.44525 2.39999
      vertex -22.5427 -9.33747 2.39999
    endloop
  endfacet
  facet normal -0.822693 -0.321966 -0.468523
    outer loop
      vertex -36.0683 -14.94 35.6
      vertex -36.627 -13.5124 35.6
      vertex -22.5427 -9.33747 8
    endloop
  endfacet
  facet normal -0.822686 -0.321985 -0.468523
    outer loop
      vertex -36.627 -13.5124 35.6
      vertex -22.8919 -8.44525 8
      vertex -22.5427 -9.33747 8
    endloop
  endfacet
  facet normal -0.931226 -0.364441 -0
    outer loop
      vertex -36.0683 -14.94 37.2
      vertex -36.627 -13.5124 37.2
      vertex -36.0683 -14.94 35.6
    endloop
  endfacet
  facet normal -0.931226 -0.364441 -0
    outer loop
      vertex -36.627 -13.5124 37.2
      vertex -36.627 -13.5124 35.6
      vertex -36.0683 -14.94 35.6
    endloop
  endfacet
  facet normal -0.658484 -0.257733 0.707087
    outer loop
      vertex -35.3291 -14.6338 38
      vertex -35.8764 -13.2355 38
      vertex -36.0683 -14.94 37.2
    endloop
  endfacet
  facet normal -0.658521 -0.257716 0.707059
    outer loop
      vertex -35.8764 -13.2355 38
      vertex -36.627 -13.5124 37.2
      vertex -36.0683 -14.94 37.2
    endloop
  endfacet
  facet normal 0 0 1
    outer loop
      vertex -34.4053 -14.2511 38
      vertex -34.9382 -12.8894 38
      vertex -35.3291 -14.6338 38
    endloop
  endfacet
  facet normal 0 0 1
    outer loop
      vertex -34.9382 -12.8894 38
      vertex -35.8764 -13.2355 38
      vertex -35.3291 -14.6338 38
    endloop
  endfacet
  facet normal 0.931229 0.364435 -0
    outer loop
      vertex -34.4053 -14.2511 35.6
      vertex -34.9382 -12.8894 35.6
      vertex -34.4053 -14.2511 38
    endloop
  endfacet
  facet normal 0.931229 0.364435 -0
    outer loop
      vertex -34.9382 -12.8894 35.6
      vertex -34.9382 -12.8894 38
      vertex -34.4053 -14.2511 38
    endloop
  endfacet
  facet normal 0.822699 0.321952 0.468522
    outer loop
      vertex -20.8797 -8.64864 8
      vertex -21.2031 -7.82224 8
      vertex -34.4053 -14.2511 35.6
    endloop
  endfacet
  facet normal 0.822695 0.321961 0.468523
    outer loop
      vertex -21.2031 -7.82224 8
      vertex -34.9382 -12.8894 35.6
      vertex -34.4053 -14.2511 35.6
    endloop
  endfacet
  facet normal 0.931233 0.364425 -0
    outer loop
      vertex -20.8797 -8.64864 0
      vertex -21.2031 -7.82224 0
      vertex -20.8797 -8.64864 8
    endloop
  endfacet
  facet normal 0.931233 0.364425 -0
    outer loop
      vertex -21.2031 -7.82224 0
      vertex -21.2031 -7.82224 8
      vertex -20.8797 -8.64864 8
    endloop
  endfacet
  facet normal 0 0 -1
    outer loop
      vertex -21.9883 -9.10786 0
      vertex -22.3289 -8.23758 0
      vertex -20.8797 -8.64864 0
    endloop
  endfacet
  facet normal 0 0 -1
    outer loop
      vertex -22.3289 -8.23758 0
      vertex -21.2031 -7.82224 0
      vertex -20.8797 -8.64864 0
    endloop
  endfacet
  facet normal -0.658492 -0.257723 -0.707084
    outer loop
      vertex -22.5427 -9.33747 0.599991
      vertex -22.8919 -8.44525 0.599991
      vertex -21.9883 -9.10786 0
    endloop
  endfacet
  facet normal -0.658489 -0.257712 -0.707091
    outer loop
      vertex -22.8919 -8.44525 0.599991
      vertex -22.3289 -8.23758 0
      vertex -21.9883 -9.10786 0
    endloop
  endfacet
  facet normal 0 0 -1
    outer loop
      vertex -24.7682 -9.13749 0.599991
      vertex -25.1079 -8.15805 0.599991
      vertex -22.8919 -8.44525 0.599991
    endloop
  endfacet
  facet normal 0 0 -1
    outer loop
      vertex -25.1079 -8.15805 0.599991
      vertex -23.2058 -7.54001 0.599991
      vertex -22.8919 -8.44525 0.599991
    endloop
  endfacet
  facet normal -0.944788 -0.327682 -0
    outer loop
      vertex -24.7682 -9.13749 2.39999
      vertex -25.1079 -8.15805 2.39999
      vertex -24.7682 -9.13749 0.599991
    endloop
  endfacet
  facet normal -0.944788 -0.327682 -0
    outer loop
      vertex -25.1079 -8.15805 2.39999
      vertex -25.1079 -8.15805 0.599991
      vertex -24.7682 -9.13749 0.599991
    endloop
  endfacet
  facet normal 0 0 1
    outer loop
      vertex -22.8919 -8.44525 2.39999
      vertex -23.2058 -7.54001 2.39999
      vertex -24.7682 -9.13749 2.39999
    endloop
  endfacet
  facet normal 0 0 1
    outer loop
      vertex -23.2058 -7.54001 2.39999
      vertex -25.1079 -8.15805 2.39999
      vertex -24.7682 -9.13749 2.39999
    endloop
  endfacet
  facet normal -0.944809 -0.327621 -0
    outer loop
      vertex -22.8919 -8.44525 8
      vertex -23.2058 -7.54001 8
      vertex -22.8919 -8.44525 2.39999
    endloop
  endfacet
  facet normal -0.944809 -0.327621 -0
    outer loop
      vertex -23.2058 -7.54001 8
      vertex -23.2058 -7.54001 2.39999
      vertex -22.8919 -8.44525 2.39999
    endloop
  endfacet
  facet normal -0.834701 -0.289414 -0.468522
    outer loop
      vertex -36.627 -13.5124 35.6
      vertex -37.1292 -12.064 35.6
      vertex -22.8919 -8.44525 8
    endloop
  endfacet
  facet normal -0.834694 -0.289437 -0.468521
    outer loop
      vertex -37.1292 -12.064 35.6
      vertex -23.2058 -7.54001 8
      vertex -22.8919 -8.44525 8
    endloop
  endfacet
  facet normal -0.944818 -0.327594 -0
    outer loop
      vertex -36.627 -13.5124 37.2
      vertex -37.1292 -12.064 37.2
      vertex -36.627 -13.5124 35.6
    endloop
  endfacet
  facet normal -0.944818 -0.327594 -0
    outer loop
      vertex -37.1292 -12.064 37.2
      vertex -37.1292 -12.064 35.6
      vertex -36.627 -13.5124 35.6
    endloop
  endfacet
  facet normal -0.668118 -0.231701 0.707059
    outer loop
      vertex -35.8764 -13.2355 38
      vertex -36.3684 -11.8168 38
      vertex -36.627 -13.5124 37.2
    endloop
  endfacet
  facet normal -0.668171 -0.231673 0.707018
    outer loop
      vertex -36.3684 -11.8168 38
      vertex -37.1292 -12.064 37.2
      vertex -36.627 -13.5124 37.2
    endloop
  endfacet
  facet normal 0 0 1
    outer loop
      vertex -34.9382 -12.8894 38
      vertex -35.4173 -11.5078 38
      vertex -35.8764 -13.2355 38
    endloop
  endfacet
  facet normal 0 0 1
    outer loop
      vertex -35.4173 -11.5078 38
      vertex -36.3684 -11.8168 38
      vertex -35.8764 -13.2355 38
    endloop
  endfacet
  facet normal 0.944805 0.327632 -0
    outer loop
      vertex -34.9382 -12.8894 35.6
      vertex -35.4173 -11.5078 35.6
      vertex -34.9382 -12.8894 38
    endloop
  endfacet
  facet normal 0.944805 0.327632 -0
    outer loop
      vertex -35.4173 -11.5078 35.6
      vertex -35.4173 -11.5078 38
      vertex -34.9382 -12.8894 38
    endloop
  endfacet
  facet normal 0.834676 0.289487 0.468523
    outer loop
      vertex -21.2031 -7.82224 8
      vertex -21.4939 -6.98378 8
      vertex -34.9382 -12.8894 35.6
    endloop
  endfacet
  facet normal 0.83469 0.289447 0.468521
    outer loop
      vertex -21.4939 -6.98378 8
      vertex -35.4173 -11.5078 35.6
      vertex -34.9382 -12.8894 35.6
    endloop
  endfacet
  facet normal 0.94479 0.327678 -0
    outer loop
      vertex -21.2031 -7.82224 0
      vertex -21.4939 -6.98378 0
      vertex -21.2031 -7.82224 8
    endloop
  endfacet
  facet normal 0.94479 0.327678 -0
    outer loop
      vertex -21.4939 -6.98378 0
      vertex -21.4939 -6.98378 8
      vertex -21.2031 -7.82224 8
    endloop
  endfacet
  facet normal 0 0 -1
    outer loop
      vertex -22.3289 -8.23758 0
      vertex -22.6351 -7.3546 0
      vertex -21.2031 -7.82224 0
    endloop
  endfacet
  facet normal 0 0 -1
    outer loop
      vertex -22.6351 -7.3546 0
      vertex -21.4939 -6.98378 0
      vertex -21.2031 -7.82224 0
    endloop
  endfacet
  facet normal -0.668096 -0.231668 -0.707091
    outer loop
      vertex -22.8919 -8.44525 0.599991
      vertex -23.2058 -7.54001 0.599991
      vertex -22.3289 -8.23758 0
    endloop
  endfacet
  facet normal -0.668101 -0.231684 -0.707081
    outer loop
      vertex -23.2058 -7.54001 0.599991
      vertex -22.6351 -7.3546 0
      vertex -22.3289 -8.23758 0
    endloop
  endfacet
  facet normal 0 0 -1
    outer loop
      vertex -25.1079 -8.15805 0.599991
      vertex -25.4088 -7.16603 0.599991
      vertex -23.2058 -7.54001 0.599991
    endloop
  endfacet
  facet normal 0 0 -1
    outer loop
      vertex -25.4088 -7.16603 0.599991
      vertex -23.4839 -6.62315 0.599991
      vertex -23.2058 -7.54001 0.599991
    endloop
  endfacet
  facet normal -0.956947 -0.290262 -0
    outer loop
      vertex -25.1079 -8.15805 2.39999
      vertex -25.4088 -7.16603 2.39999
      vertex -25.1079 -8.15805 0.599991
    endloop
  endfacet
  facet normal -0.956947 -0.290262 -0
    outer loop
      vertex -25.4088 -7.16603 2.39999
      vertex -25.4088 -7.16603 0.599991
      vertex -25.1079 -8.15805 0.599991
    endloop
  endfacet
  facet normal 0 0 1
    outer loop
      vertex -23.2058 -7.54001 2.39999
      vertex -23.4839 -6.62315 2.39999
      vertex -25.1079 -8.15805 2.39999
    endloop
  endfacet
  facet normal 0 0 1
    outer loop
      vertex -23.4839 -6.62315 2.39999
      vertex -25.4088 -7.16603 2.39999
      vertex -25.1079 -8.15805 2.39999
    endloop
  endfacet
  facet normal -0.956948 -0.290259 -0
    outer loop
      vertex -23.2058 -7.54001 8
      vertex -23.4839 -6.62315 8
      vertex -23.2058 -7.54001 2.39999
    endloop
  endfacet
  facet normal -0.956948 -0.290259 -0
    outer loop
      vertex -23.4839 -6.62315 8
      vertex -23.4839 -6.62315 2.39999
      vertex -23.2058 -7.54001 2.39999
    endloop
  endfacet
  facet normal -0.845413 -0.256448 -0.468521
    outer loop
      vertex -37.1292 -12.064 35.6
      vertex -37.5742 -10.597 35.6
      vertex -23.2058 -7.54001 8
    endloop
  endfacet
  facet normal -0.845418 -0.25643 -0.468522
    outer loop
      vertex -37.5742 -10.597 35.6
      vertex -23.4839 -6.62315 8
      vertex -23.2058 -7.54001 8
    endloop
  endfacet
  facet normal -0.956942 -0.290279 -0
    outer loop
      vertex -37.1292 -12.064 37.2
      vertex -37.5742 -10.597 37.2
      vertex -37.1292 -12.064 35.6
    endloop
  endfacet
  facet normal -0.956942 -0.290279 -0
    outer loop
      vertex -37.5742 -10.597 37.2
      vertex -37.5742 -10.597 35.6
      vertex -37.1292 -12.064 35.6
    endloop
  endfacet
  facet normal -0.676741 -0.205297 0.707018
    outer loop
      vertex -36.3684 -11.8168 38
      vertex -36.8043 -10.3799 38
      vertex -37.1292 -12.064 37.2
    endloop
  endfacet
  facet normal -0.676758 -0.205288 0.707005
    outer loop
      vertex -36.8043 -10.3799 38
      vertex -37.5742 -10.597 37.2
      vertex -37.1292 -12.064 37.2
    endloop
  endfacet
  facet normal 0 0 1
    outer loop
      vertex -35.4173 -11.5078 38
      vertex -35.8418 -10.1084 38
      vertex -36.3684 -11.8168 38
    endloop
  endfacet
  facet normal 0 0 1
    outer loop
      vertex -35.8418 -10.1084 38
      vertex -36.8043 -10.3799 38
      vertex -36.3684 -11.8168 38
    endloop
  endfacet
  facet normal 0.956941 0.290283 -0
    outer loop
      vertex -35.4173 -11.5078 35.6
      vertex -35.8418 -10.1084 35.6
      vertex -35.4173 -11.5078 38
    endloop
  endfacet
  facet normal 0.956941 0.290283 -0
    outer loop
      vertex -35.8418 -10.1084 35.6
      vertex -35.8418 -10.1084 38
      vertex -35.4173 -11.5078 38
    endloop
  endfacet
  facet normal 0.845414 0.256443 0.468521
    outer loop
      vertex -21.4939 -6.98378 8
      vertex -21.7515 -6.13455 8
      vertex -35.4173 -11.5078 35.6
    endloop
  endfacet
  facet normal 0.845411 0.256451 0.468522
    outer loop
      vertex -21.7515 -6.13455 8
      vertex -35.8418 -10.1084 35.6
      vertex -35.4173 -11.5078 35.6
    endloop
  endfacet
  facet normal 0.956944 0.290273 -0
    outer loop
      vertex -21.4939 -6.98378 0
      vertex -21.7515 -6.13455 0
      vertex -21.4939 -6.98378 8
    endloop
  endfacet
  facet normal 0.956944 0.290273 -0
    outer loop
      vertex -21.7515 -6.13455 0
      vertex -21.7515 -6.13455 8
      vertex -21.4939 -6.98378 8
    endloop
  endfacet
  facet normal 0 0 -1
    outer loop
      vertex -22.6351 -7.3546 0
      vertex -22.9064 -6.46028 0
      vertex -21.4939 -6.98378 0
    endloop
  endfacet
  facet normal 0 0 -1
    outer loop
      vertex -22.9064 -6.46028 0
      vertex -21.7515 -6.13455 0
      vertex -21.4939 -6.98378 0
    endloop
  endfacet
  facet normal -0.676689 -0.205252 -0.707081
    outer loop
      vertex -23.2058 -7.54001 0.599991
      vertex -23.4839 -6.62315 0.599991
      vertex -22.6351 -7.3546 0
    endloop
  endfacet
  facet normal -0.676701 -0.205283 -0.70706
    outer loop
      vertex -23.4839 -6.62315 0.599991
      vertex -22.9064 -6.46028 0
      vertex -22.6351 -7.3546 0
    endloop
  endfacet
  facet normal 0 0 -1
    outer loop
      vertex -25.4088 -7.16603 0.599991
      vertex -25.6706 -6.16296 0.599991
      vertex -23.4839 -6.62315 0.599991
    endloop
  endfacet
  facet normal 0 0 -1
    outer loop
      vertex -25.6706 -6.16296 0.599991
      vertex -23.7258 -5.69607 0.599991
      vertex -23.4839 -6.62315 0.599991
    endloop
  endfacet
  facet normal -0.967587 -0.252539 -0
    outer loop
      vertex -25.4088 -7.16603 2.39999
      vertex -25.6706 -6.16296 2.39999
      vertex -25.4088 -7.16603 0.599991
    endloop
  endfacet
  facet normal -0.967587 -0.252539 -0
    outer loop
      vertex -25.6706 -6.16296 2.39999
      vertex -25.6706 -6.16296 0.599991
      vertex -25.4088 -7.16603 0.599991
    endloop
  endfacet
  facet normal 0 0 1
    outer loop
      vertex -23.4839 -6.62315 2.39999
      vertex -23.7258 -5.69607 2.39999
      vertex -25.4088 -7.16603 2.39999
    endloop
  endfacet
  facet normal 0 0 1
    outer loop
      vertex -23.7258 -5.69607 2.39999
      vertex -25.6706 -6.16296 2.39999
      vertex -25.4088 -7.16603 2.39999
    endloop
  endfacet
  facet normal -0.967604 -0.252474 -0
    outer loop
      vertex -23.4839 -6.62315 8
      vertex -23.7258 -5.69607 8
      vertex -23.4839 -6.62315 2.39999
    endloop
  endfacet
  facet normal -0.967604 -0.252474 -0
    outer loop
      vertex -23.7258 -5.69607 8
      vertex -23.7258 -5.69607 2.39999
      vertex -23.4839 -6.62315 2.39999
    endloop
  endfacet
  facet normal -0.854822 -0.223086 -0.468522
    outer loop
      vertex -37.5742 -10.597 35.6
      vertex -37.9613 -9.11371 35.6
      vertex -23.4839 -6.62315 8
    endloop
  endfacet
  facet normal -0.854831 -0.223048 -0.468523
    outer loop
      vertex -37.9613 -9.11371 35.6
      vertex -23.7258 -5.69607 8
      vertex -23.4839 -6.62315 8
    endloop
  endfacet
  facet normal -0.967593 -0.252516 -0
    outer loop
      vertex -37.5742 -10.597 37.2
      vertex -37.9613 -9.11371 37.2
      vertex -37.5742 -10.597 35.6
    endloop
  endfacet
  facet normal -0.967593 -0.252516 -0
    outer loop
      vertex -37.9613 -9.11371 37.2
      vertex -37.9613 -9.11371 35.6
      vertex -37.5742 -10.597 35.6
    endloop
  endfacet
  facet normal -0.684299 -0.178546 0.707005
    outer loop
      vertex -36.8043 -10.3799 38
      vertex -37.1834 -8.92695 38
      vertex -37.5742 -10.597 37.2
    endloop
  endfacet
  facet normal -0.684255 -0.178573 0.707041
    outer loop
      vertex -37.1834 -8.92695 38
      vertex -37.9613 -9.11371 37.2
      vertex -37.5742 -10.597 37.2
    endloop
  endfacet
  facet normal 0 0 1
    outer loop
      vertex -35.8418 -10.1084 38
      vertex -36.211 -8.6935 38
      vertex -36.8043 -10.3799 38
    endloop
  endfacet
  facet normal 0 0 1
    outer loop
      vertex -36.211 -8.6935 38
      vertex -37.1834 -8.92695 38
      vertex -36.8043 -10.3799 38
    endloop
  endfacet
  facet normal 0.967601 0.252483 -0
    outer loop
      vertex -35.8418 -10.1084 35.6
      vertex -36.211 -8.6935 35.6
      vertex -35.8418 -10.1084 38
    endloop
  endfacet
  facet normal 0.967601 0.252483 -0
    outer loop
      vertex -36.211 -8.6935 35.6
      vertex -36.211 -8.6935 38
      vertex -35.8418 -10.1084 38
    endloop
  endfacet
  facet normal 0.85482 0.22309 0.468522
    outer loop
      vertex -21.7515 -6.13455 8
      vertex -21.9756 -5.27586 8
      vertex -35.8418 -10.1084 35.6
    endloop
  endfacet
  facet normal 0.85483 0.223057 0.468521
    outer loop
      vertex -21.9756 -5.27586 8
      vertex -36.211 -8.6935 35.6
      vertex -35.8418 -10.1084 35.6
    endloop
  endfacet
  facet normal 0.967591 0.252521 -0
    outer loop
      vertex -21.7515 -6.13455 0
      vertex -21.9756 -5.27586 0
      vertex -21.7515 -6.13455 8
    endloop
  endfacet
  facet normal 0.967591 0.252521 -0
    outer loop
      vertex -21.9756 -5.27586 0
      vertex -21.9756 -5.27586 8
      vertex -21.7515 -6.13455 8
    endloop
  endfacet
  facet normal 0 0 -1
    outer loop
      vertex -22.9064 -6.46028 0
      vertex -23.1424 -5.556 0
      vertex -21.7515 -6.13455 0
    endloop
  endfacet
  facet normal 0 0 -1
    outer loop
      vertex -23.1424 -5.556 0
      vertex -21.9756 -5.27586 0
      vertex -21.7515 -6.13455 0
    endloop
  endfacet
  facet normal -0.684244 -0.178538 -0.70706
    outer loop
      vertex -23.4839 -6.62315 0.599991
      vertex -23.7258 -5.69607 0.599991
      vertex -22.9064 -6.46028 0
    endloop
  endfacet
  facet normal -0.684263 -0.17858 -0.707032
    outer loop
      vertex -23.7258 -5.69607 0.599991
      vertex -23.1424 -5.556 0
      vertex -22.9064 -6.46028 0
    endloop
  endfacet
  facet normal 0 0 -1
    outer loop
      vertex -25.6706 -6.16296 0.599991
      vertex -25.8927 -5.15038 0.599991
      vertex -23.7258 -5.69607 0.599991
    endloop
  endfacet
  facet normal 0 0 -1
    outer loop
      vertex -25.8927 -5.15038 0.599991
      vertex -23.9312 -4.7602 0.599991
      vertex -23.7258 -5.69607 0.599991
    endloop
  endfacet
  facet normal -0.976779 -0.214247 -0
    outer loop
      vertex -25.6706 -6.16296 2.39999
      vertex -25.8927 -5.15038 2.39999
      vertex -25.6706 -6.16296 0.599991
    endloop
  endfacet
  facet normal -0.976779 -0.214247 -0
    outer loop
      vertex -25.8927 -5.15038 2.39999
      vertex -25.8927 -5.15038 0.599991
      vertex -25.6706 -6.16296 0.599991
    endloop
  endfacet
  facet normal 0 0 1
    outer loop
      vertex -23.7258 -5.69607 2.39999
      vertex -23.9312 -4.7602 2.39999
      vertex -25.6706 -6.16296 2.39999
    endloop
  endfacet
  facet normal 0 0 1
    outer loop
      vertex -23.9312 -4.7602 2.39999
      vertex -25.8927 -5.15038 2.39999
      vertex -25.6706 -6.16296 2.39999
    endloop
  endfacet
  facet normal -0.976752 -0.214373 -0
    outer loop
      vertex -23.7258 -5.69607 8
      vertex -23.9312 -4.7602 8
      vertex -23.7258 -5.69607 2.39999
    endloop
  endfacet
  facet normal -0.976752 -0.214373 -0
    outer loop
      vertex -23.9312 -4.7602 8
      vertex -23.9312 -4.7602 2.39999
      vertex -23.7258 -5.69607 2.39999
    endloop
  endfacet
  facet normal -0.862917 -0.189366 -0.468523
    outer loop
      vertex -37.9613 -9.11371 35.6
      vertex -38.2899 -7.61632 35.6
      vertex -23.7258 -5.69607 8
    endloop
  endfacet
  facet normal -0.862913 -0.189388 -0.468523
    outer loop
      vertex -38.2899 -7.61632 35.6
      vertex -23.9312 -4.7602 8
      vertex -23.7258 -5.69607 8
    endloop
  endfacet
  facet normal -0.976757 -0.214348 -0
    outer loop
      vertex -37.9613 -9.11371 37.2
      vertex -38.2899 -7.61632 37.2
      vertex -37.9613 -9.11371 35.6
    endloop
  endfacet
  facet normal -0.976757 -0.214348 -0
    outer loop
      vertex -38.2899 -7.61632 37.2
      vertex -38.2899 -7.61632 35.6
      vertex -37.9613 -9.11371 35.6
    endloop
  endfacet
  facet normal -0.690743 -0.151552 0.707041
    outer loop
      vertex -37.1834 -8.92695 38
      vertex -37.5052 -7.46025 38
      vertex -37.9613 -9.11371 37.2
    endloop
  endfacet
  facet normal -0.690709 -0.151575 0.707069
    outer loop
      vertex -37.5052 -7.46025 38
      vertex -38.2899 -7.61632 37.2
      vertex -37.9613 -9.11371 37.2
    endloop
  endfacet
  facet normal 0 0 1
    outer loop
      vertex -36.211 -8.6935 38
      vertex -36.5244 -7.26516 38
      vertex -37.1834 -8.92695 38
    endloop
  endfacet
  facet normal 0 0 1
    outer loop
      vertex -36.5244 -7.26516 38
      vertex -37.5052 -7.46025 38
      vertex -37.1834 -8.92695 38
    endloop
  endfacet
  facet normal 0.976764 0.214317 -0
    outer loop
      vertex -36.211 -8.6935 35.6
      vertex -36.5244 -7.26516 35.6
      vertex -36.211 -8.6935 38
    endloop
  endfacet
  facet normal 0.976764 0.214317 -0
    outer loop
      vertex -36.5244 -7.26516 35.6
      vertex -36.5244 -7.26516 38
      vertex -36.211 -8.6935 38
    endloop
  endfacet
  facet normal 0.862945 0.18925 0.46852
    outer loop
      vertex -21.9756 -5.27586 8
      vertex -22.1657 -4.40904 8
      vertex -36.211 -8.6935 35.6
    endloop
  endfacet
  facet normal 0.862924 0.189339 0.468523
    outer loop
      vertex -22.1657 -4.40904 8
      vertex -36.5244 -7.26516 35.6
      vertex -36.211 -8.6935 35.6
    endloop
  endfacet
  facet normal 0.976786 0.214216 -0
    outer loop
      vertex -21.9756 -5.27586 0
      vertex -22.1657 -4.40904 0
      vertex -21.9756 -5.27586 8
    endloop
  endfacet
  facet normal 0.976786 0.214216 -0
    outer loop
      vertex -22.1657 -4.40904 0
      vertex -22.1657 -4.40904 8
      vertex -21.9756 -5.27586 8
    endloop
  endfacet
  facet normal 0 0 -1
    outer loop
      vertex -23.1424 -5.556 0
      vertex -23.3427 -4.64315 0
      vertex -21.9756 -5.27586 0
    endloop
  endfacet
  facet normal 0 0 -1
    outer loop
      vertex -23.3427 -4.64315 0
      vertex -22.1657 -4.40904 0
      vertex -21.9756 -5.27586 0
    endloop
  endfacet
  facet normal -0.690741 -0.1516 -0.707032
    outer loop
      vertex -23.7258 -5.69607 0.599991
      vertex -23.9312 -4.7602 0.599991
      vertex -23.1424 -5.556 0
    endloop
  endfacet
  facet normal -0.690721 -0.15156 -0.70706
    outer loop
      vertex -23.9312 -4.7602 0.599991
      vertex -23.3427 -4.64315 0
      vertex -23.1424 -5.556 0
    endloop
  endfacet
  facet normal 0 0 -1
    outer loop
      vertex -25.8927 -5.15038 0.599991
      vertex -26.075 -4.12987 0.599991
      vertex -23.9312 -4.7602 0.599991
    endloop
  endfacet
  facet normal 0 0 -1
    outer loop
      vertex -26.075 -4.12987 0.599991
      vertex -24.0996 -3.817 0.599991
      vertex -23.9312 -4.7602 0.599991
    endloop
  endfacet
  facet normal -0.984417 -0.175852 -0
    outer loop
      vertex -25.8927 -5.15038 2.39999
      vertex -26.075 -4.12987 2.39999
      vertex -25.8927 -5.15038 0.599991
    endloop
  endfacet
  facet normal -0.984417 -0.175852 -0
    outer loop
      vertex -26.075 -4.12987 2.39999
      vertex -26.075 -4.12987 0.599991
      vertex -25.8927 -5.15038 0.599991
    endloop
  endfacet
  facet normal 0 0 1
    outer loop
      vertex -23.9312 -4.7602 2.39999
      vertex -24.0996 -3.817 2.39999
      vertex -25.8927 -5.15038 2.39999
    endloop
  endfacet
  facet normal 0 0 1
    outer loop
      vertex -24.0996 -3.817 2.39999
      vertex -26.075 -4.12987 2.39999
      vertex -25.8927 -5.15038 2.39999
    endloop
  endfacet
  facet normal -0.984433 -0.175762 -0
    outer loop
      vertex -23.9312 -4.7602 8
      vertex -24.0996 -3.817 8
      vertex -23.9312 -4.7602 2.39999
    endloop
  endfacet
  facet normal -0.984433 -0.175762 -0
    outer loop
      vertex -24.0996 -3.817 8
      vertex -24.0996 -3.817 2.39999
      vertex -23.9312 -4.7602 2.39999
    endloop
  endfacet
  facet normal -0.869703 -0.155255 -0.468523
    outer loop
      vertex -38.2899 -7.61632 35.6
      vertex -38.5593 -6.1072 35.6
      vertex -23.9312 -4.7602 8
    endloop
  endfacet
  facet normal -0.869699 -0.155277 -0.468522
    outer loop
      vertex -38.5593 -6.1072 35.6
      vertex -24.0996 -3.817 8
      vertex -23.9312 -4.7602 8
    endloop
  endfacet
  facet normal -0.984437 -0.175736 -0
    outer loop
      vertex -38.2899 -7.61632 37.2
      vertex -38.5593 -6.1072 37.2
      vertex -38.2899 -7.61632 35.6
    endloop
  endfacet
  facet normal -0.984437 -0.175736 -0
    outer loop
      vertex -38.5593 -6.1072 37.2
      vertex -38.5593 -6.1072 35.6
      vertex -38.2899 -7.61632 35.6
    endloop
  endfacet
  facet normal -0.696129 -0.124326 0.70707
    outer loop
      vertex -37.5052 -7.46025 38
      vertex -37.7692 -5.98205 38
      vertex -38.2899 -7.61632 37.2
    endloop
  endfacet
  facet normal -0.69619 -0.12428 0.707017
    outer loop
      vertex -37.7692 -5.98205 38
      vertex -38.5593 -6.1072 37.2
      vertex -38.2899 -7.61632 37.2
    endloop
  endfacet
  facet normal 0 0 1
    outer loop
      vertex -36.5244 -7.26516 38
      vertex -36.7815 -5.82562 38
      vertex -37.5052 -7.46025 38
    endloop
  endfacet
  facet normal 0 0 1
    outer loop
      vertex -36.7815 -5.82562 38
      vertex -37.7692 -5.98205 38
      vertex -37.5052 -7.46025 38
    endloop
  endfacet
  facet normal 0.984423 0.175817 -0
    outer loop
      vertex -36.5244 -7.26516 35.6
      vertex -36.7815 -5.82562 35.6
      vertex -36.5244 -7.26516 38
    endloop
  endfacet
  facet normal 0.984423 0.175817 -0
    outer loop
      vertex -36.7815 -5.82562 35.6
      vertex -36.7815 -5.82562 38
      vertex -36.5244 -7.26516 38
    endloop
  endfacet
  facet normal 0.869694 0.155299 0.468523
    outer loop
      vertex -22.1657 -4.40904 8
      vertex -22.3217 -3.53542 8
      vertex -36.5244 -7.26516 35.6
    endloop
  endfacet
  facet normal 0.869689 0.155325 0.468524
    outer loop
      vertex -22.3217 -3.53542 8
      vertex -36.7815 -5.82562 35.6
      vertex -36.5244 -7.26516 35.6
    endloop
  endfacet
  facet normal 0.984428 0.175787 -0
    outer loop
      vertex -22.1657 -4.40904 0
      vertex -22.3217 -3.53542 0
      vertex -22.1657 -4.40904 8
    endloop
  endfacet
  facet normal 0.984428 0.175787 -0
    outer loop
      vertex -22.3217 -3.53542 0
      vertex -22.3217 -3.53542 8
      vertex -22.1657 -4.40904 8
    endloop
  endfacet
  facet normal 0 0 -1
    outer loop
      vertex -23.3427 -4.64315 0
      vertex -23.507 -3.72314 0
      vertex -22.1657 -4.40904 0
    endloop
  endfacet
  facet normal 0 0 -1
    outer loop
      vertex -23.507 -3.72314 0
      vertex -22.3217 -3.53542 0
      vertex -22.1657 -4.40904 0
    endloop
  endfacet
  facet normal -0.696145 -0.124291 -0.70706
    outer loop
      vertex -23.9312 -4.7602 0.599991
      vertex -24.0996 -3.817 0.599991
      vertex -23.3427 -4.64315 0
    endloop
  endfacet
  facet normal -0.696163 -0.124324 -0.707036
    outer loop
      vertex -24.0996 -3.817 0.599991
      vertex -23.507 -3.72314 0
      vertex -23.3427 -4.64315 0
    endloop
  endfacet
  facet normal 0 0 -1
    outer loop
      vertex -26.075 -4.12987 0.599991
      vertex -26.217 -3.10299 0.599991
      vertex -24.0996 -3.817 0.599991
    endloop
  endfacet
  facet normal 0 0 -1
    outer loop
      vertex -26.217 -3.10299 0.599991
      vertex -24.2309 -2.86791 0.599991
      vertex -24.0996 -3.817 0.599991
    endloop
  endfacet
  facet normal -0.990574 -0.136979 -0
    outer loop
      vertex -26.075 -4.12987 2.39999
      vertex -26.217 -3.10299 2.39999
      vertex -26.075 -4.12987 0.599991
    endloop
  endfacet
  facet normal -0.990574 -0.136979 -0
    outer loop
      vertex -26.217 -3.10299 2.39999
      vertex -26.217 -3.10299 0.599991
      vertex -26.075 -4.12987 0.599991
    endloop
  endfacet
  facet normal 0 0 1
    outer loop
      vertex -24.0996 -3.817 2.39999
      vertex -24.2309 -2.86791 2.39999
      vertex -26.075 -4.12987 2.39999
    endloop
  endfacet
  facet normal 0 0 1
    outer loop
      vertex -24.2309 -2.86791 2.39999
      vertex -26.217 -3.10299 2.39999
      vertex -26.075 -4.12987 2.39999
    endloop
  endfacet
  facet normal -0.990566 -0.137038 -0
    outer loop
      vertex -24.0996 -3.817 8
      vertex -24.2309 -2.86791 8
      vertex -24.0996 -3.817 2.39999
    endloop
  endfacet
  facet normal -0.990566 -0.137038 -0
    outer loop
      vertex -24.2309 -2.86791 8
      vertex -24.2309 -2.86791 2.39999
      vertex -24.0996 -3.817 2.39999
    endloop
  endfacet
  facet normal -0.875116 -0.121078 -0.468522
    outer loop
      vertex -38.5593 -6.1072 35.6
      vertex -38.7694 -4.58866 35.6
      vertex -24.0996 -3.817 8
    endloop
  endfacet
  facet normal -0.875117 -0.121066 -0.468522
    outer loop
      vertex -38.7694 -4.58866 35.6
      vertex -24.2309 -2.86791 8
      vertex -24.0996 -3.817 8
    endloop
  endfacet
  facet normal -0.990564 -0.137051 -0
    outer loop
      vertex -38.5593 -6.1072 37.2
      vertex -38.7694 -4.58866 37.2
      vertex -38.5593 -6.1072 35.6
    endloop
  endfacet
  facet normal -0.990564 -0.137051 -0
    outer loop
      vertex -38.7694 -4.58866 37.2
      vertex -38.7694 -4.58866 35.6
      vertex -38.5593 -6.1072 35.6
    endloop
  endfacet
  facet normal -0.70053 -0.0968785 0.707016
    outer loop
      vertex -37.7692 -5.98205 38
      vertex -37.9749 -4.49463 38
      vertex -38.5593 -6.1072 37.2
    endloop
  endfacet
  facet normal -0.700483 -0.0969164 0.707058
    outer loop
      vertex -37.9749 -4.49463 38
      vertex -38.7694 -4.58866 37.2
      vertex -38.5593 -6.1072 37.2
    endloop
  endfacet
  facet normal 0 0 1
    outer loop
      vertex -36.7815 -5.82562 38
      vertex -36.9819 -4.37709 38
      vertex -37.7692 -5.98205 38
    endloop
  endfacet
  facet normal 0 0 1
    outer loop
      vertex -36.9819 -4.37709 38
      vertex -37.9749 -4.49463 38
      vertex -37.7692 -5.98205 38
    endloop
  endfacet
  facet normal 0.990565 0.137042 -0
    outer loop
      vertex -36.7815 -5.82562 35.6
      vertex -36.9819 -4.37709 35.6
      vertex -36.7815 -5.82562 38
    endloop
  endfacet
  facet normal 0.990565 0.137042 -0
    outer loop
      vertex -36.9819 -4.37709 35.6
      vertex -36.9819 -4.37709 38
      vertex -36.7815 -5.82562 38
    endloop
  endfacet
  facet normal 0.875118 0.121052 0.468524
    outer loop
      vertex -22.3217 -3.53542 8
      vertex -22.4433 -2.65634 8
      vertex -36.7815 -5.82562 35.6
    endloop
  endfacet
  facet normal 0.875115 0.12107 0.468525
    outer loop
      vertex -22.4433 -2.65634 8
      vertex -36.9819 -4.37709 35.6
      vertex -36.7815 -5.82562 35.6
    endloop
  endfacet
  facet normal 0.990568 0.137022 -0
    outer loop
      vertex -22.3217 -3.53542 0
      vertex -22.4433 -2.65634 0
      vertex -22.3217 -3.53542 8
    endloop
  endfacet
  facet normal 0.990568 0.137022 -0
    outer loop
      vertex -22.4433 -2.65634 0
      vertex -22.4433 -2.65634 8
      vertex -22.3217 -3.53542 8
    endloop
  endfacet
  facet normal 0 0 -1
    outer loop
      vertex -23.507 -3.72314 0
      vertex -23.635 -2.79739 0
      vertex -22.3217 -3.53542 0
    endloop
  endfacet
  facet normal 0 0 -1
    outer loop
      vertex -23.635 -2.79739 0
      vertex -22.4433 -2.65634 0
      vertex -22.3217 -3.53542 0
    endloop
  endfacet
  facet normal -0.700505 -0.0969101 -0.707036
    outer loop
      vertex -24.0996 -3.817 0.599991
      vertex -24.2309 -2.86791 0.599991
      vertex -23.507 -3.72314 0
    endloop
  endfacet
  facet normal -0.700471 -0.0968515 -0.707078
    outer loop
      vertex -24.2309 -2.86791 0.599991
      vertex -23.635 -2.79739 0
      vertex -23.507 -3.72314 0
    endloop
  endfacet
  facet normal 0 0 -1
    outer loop
      vertex -26.217 -3.10299 0.599991
      vertex -26.3186 -2.07132 0.599991
      vertex -24.2309 -2.86791 0.599991
    endloop
  endfacet
  facet normal 0 0 -1
    outer loop
      vertex -26.3186 -2.07132 0.599991
      vertex -24.3248 -1.9144 0.599991
      vertex -24.2309 -2.86791 0.599991
    endloop
  endfacet
  facet normal -0.995186 -0.098007 -0
    outer loop
      vertex -26.217 -3.10299 2.39999
      vertex -26.3186 -2.07132 2.39999
      vertex -26.217 -3.10299 0.599991
    endloop
  endfacet
  facet normal -0.995186 -0.098007 -0
    outer loop
      vertex -26.3186 -2.07132 2.39999
      vertex -26.3186 -2.07132 0.599991
      vertex -26.217 -3.10299 0.599991
    endloop
  endfacet
  facet normal 0 0 1
    outer loop
      vertex -24.2309 -2.86791 2.39999
      vertex -24.3248 -1.9144 2.39999
      vertex -26.217 -3.10299 2.39999
    endloop
  endfacet
  facet normal 0 0 1
    outer loop
      vertex -24.3248 -1.9144 2.39999
      vertex -26.3186 -2.07132 2.39999
      vertex -26.217 -3.10299 2.39999
    endloop
  endfacet
  facet normal -0.995186 -0.0980042 -0
    outer loop
      vertex -24.2309 -2.86791 8
      vertex -24.3248 -1.9144 8
      vertex -24.2309 -2.86791 2.39999
    endloop
  endfacet
  facet normal -0.995186 -0.0980042 -0
    outer loop
      vertex -24.3248 -1.9144 8
      vertex -24.3248 -1.9144 2.39999
      vertex -24.2309 -2.86791 2.39999
    endloop
  endfacet
  facet normal -0.879201 -0.0865589 -0.468522
    outer loop
      vertex -38.7694 -4.58866 35.6
      vertex -38.9196 -3.06304 35.6
      vertex -24.2309 -2.86791 8
    endloop
  endfacet
  facet normal -0.879199 -0.086582 -0.468521
    outer loop
      vertex -38.9196 -3.06304 35.6
      vertex -24.3248 -1.9144 8
      vertex -24.2309 -2.86791 8
    endloop
  endfacet
  facet normal -0.995189 -0.0979781 -0
    outer loop
      vertex -38.7694 -4.58866 37.2
      vertex -38.9196 -3.06304 37.2
      vertex -38.7694 -4.58866 35.6
    endloop
  endfacet
  facet normal -0.995189 -0.0979781 -0
    outer loop
      vertex -38.9196 -3.06304 37.2
      vertex -38.9196 -3.06304 35.6
      vertex -38.7694 -4.58866 35.6
    endloop
  endfacet
  facet normal -0.703749 -0.0693223 0.707059
    outer loop
      vertex -37.9749 -4.49463 38
      vertex -38.1221 -3.00028 38
      vertex -38.7694 -4.58866 37.2
    endloop
  endfacet
  facet normal -0.703787 -0.0692891 0.707024
    outer loop
      vertex -38.1221 -3.00028 38
      vertex -38.9196 -3.06304 37.2
      vertex -38.7694 -4.58866 37.2
    endloop
  endfacet
  facet normal 0 0 1
    outer loop
      vertex -36.9819 -4.37709 38
      vertex -37.1252 -2.92182 38
      vertex -37.9749 -4.49463 38
    endloop
  endfacet
  facet normal 0 0 1
    outer loop
      vertex -37.1252 -2.92182 38
      vertex -38.1221 -3.00028 38
      vertex -37.9749 -4.49463 38
    endloop
  endfacet
  facet normal 0.995187 0.0979957 -0
    outer loop
      vertex -36.9819 -4.37709 35.6
      vertex -37.1252 -2.92182 35.6
      vertex -36.9819 -4.37709 38
    endloop
  endfacet
  facet normal 0.995187 0.0979957 -0
    outer loop
      vertex -37.1252 -2.92182 35.6
      vertex -37.1252 -2.92182 38
      vertex -36.9819 -4.37709 38
    endloop
  endfacet
  facet normal 0.879195 0.0866084 0.468525
    outer loop
      vertex -22.4433 -2.65634 8
      vertex -22.5303 -1.77317 8
      vertex -36.9819 -4.37709 35.6
    endloop
  endfacet
  facet normal 0.879199 0.0865744 0.468524
    outer loop
      vertex -22.5303 -1.77317 8
      vertex -37.1252 -2.92182 35.6
      vertex -36.9819 -4.37709 35.6
    endloop
  endfacet
  facet normal 0.995183 0.0980343 -0
    outer loop
      vertex -22.4433 -2.65634 0
      vertex -22.5303 -1.77317 0
      vertex -22.4433 -2.65634 8
    endloop
  endfacet
  facet normal 0.995183 0.0980343 -0
    outer loop
      vertex -22.5303 -1.77317 0
      vertex -22.5303 -1.77317 8
      vertex -22.4433 -2.65634 8
    endloop
  endfacet
  facet normal 0 0 -1
    outer loop
      vertex -23.635 -2.79739 0
      vertex -23.7266 -1.86733 0
      vertex -22.4433 -2.65634 0
    endloop
  endfacet
  facet normal 0 0 -1
    outer loop
      vertex -23.7266 -1.86733 0
      vertex -22.5303 -1.77317 0
      vertex -22.4433 -2.65634 0
    endloop
  endfacet
  facet normal -0.703731 -0.0693022 -0.707078
    outer loop
      vertex -24.2309 -2.86791 0.599991
      vertex -24.3248 -1.9144 0.599991
      vertex -23.635 -2.79739 0
    endloop
  endfacet
  facet normal -0.703736 -0.0693097 -0.707073
    outer loop
      vertex -24.3248 -1.9144 0.599991
      vertex -23.7266 -1.86733 0
      vertex -23.635 -2.79739 0
    endloop
  endfacet
  facet normal 0 0 -1
    outer loop
      vertex -26.3186 -2.07132 0.599991
      vertex -26.3796 -1.03646 0.599991
      vertex -24.3248 -1.9144 0.599991
    endloop
  endfacet
  facet normal 0 0 -1
    outer loop
      vertex -26.3796 -1.03646 0.599991
      vertex -24.3812 -0.957939 0.599991
      vertex -24.3248 -1.9144 0.599991
    endloop
  endfacet
  facet normal -0.998267 -0.058843 -0
    outer loop
      vertex -26.3186 -2.07132 2.39999
      vertex -26.3796 -1.03646 2.39999
      vertex -26.3186 -2.07132 0.599991
    endloop
  endfacet
  facet normal -0.998267 -0.058843 -0
    outer loop
      vertex -26.3796 -1.03646 2.39999
      vertex -26.3796 -1.03646 0.599991
      vertex -26.3186 -2.07132 0.599991
    endloop
  endfacet
  facet normal 0 0 1
    outer loop
      vertex -24.3248 -1.9144 2.39999
      vertex -24.3812 -0.957939 2.39999
      vertex -26.3186 -2.07132 2.39999
    endloop
  endfacet
  facet normal 0 0 1
    outer loop
      vertex -24.3812 -0.957939 2.39999
      vertex -26.3796 -1.03646 2.39999
      vertex -26.3186 -2.07132 2.39999
    endloop
  endfacet
  facet normal -0.998266 -0.0588651 -0
    outer loop
      vertex -24.3248 -1.9144 8
      vertex -24.3812 -0.957939 8
      vertex -24.3248 -1.9144 2.39999
    endloop
  endfacet
  facet normal -0.998266 -0.0588651 -0
    outer loop
      vertex -24.3812 -0.957939 8
      vertex -24.3812 -0.957939 2.39999
      vertex -24.3248 -1.9144 2.39999
    endloop
  endfacet
  facet normal -0.881918 -0.0520389 -0.468521
    outer loop
      vertex -38.9196 -3.06304 35.6
      vertex -39.0099 -1.5327 35.6
      vertex -24.3248 -1.9144 8
    endloop
  endfacet
  facet normal -0.88192 -0.0520045 -0.468523
    outer loop
      vertex -39.0099 -1.5327 35.6
      vertex -24.3812 -0.957939 8
      vertex -24.3248 -1.9144 8
    endloop
  endfacet
  facet normal -0.998264 -0.058904 -0
    outer loop
      vertex -38.9196 -3.06304 37.2
      vertex -39.0099 -1.5327 37.2
      vertex -38.9196 -3.06304 35.6
    endloop
  endfacet
  facet normal -0.998264 -0.058904 -0
    outer loop
      vertex -39.0099 -1.5327 37.2
      vertex -39.0099 -1.5327 35.6
      vertex -38.9196 -3.06304 35.6
    endloop
  endfacet
  facet normal -0.705964 -0.0416328 0.707023
    outer loop
      vertex -38.1221 -3.00028 38
      vertex -38.2105 -1.50129 38
      vertex -38.9196 -3.06304 37.2
    endloop
  endfacet
  facet normal -0.70594 -0.041655 0.707046
    outer loop
      vertex -38.2105 -1.50129 38
      vertex -39.0099 -1.5327 37.2
      vertex -38.9196 -3.06304 37.2
    endloop
  endfacet
  facet normal 0 0 1
    outer loop
      vertex -37.1252 -2.92182 38
      vertex -37.2113 -1.46204 38
      vertex -38.1221 -3.00028 38
    endloop
  endfacet
  facet normal 0 0 1
    outer loop
      vertex -37.2113 -1.46204 38
      vertex -38.2105 -1.50129 38
      vertex -38.1221 -3.00028 38
    endloop
  endfacet
  facet normal 0.998265 0.0588792 -0
    outer loop
      vertex -37.1252 -2.92182 35.6
      vertex -37.2113 -1.46204 35.6
      vertex -37.1252 -2.92182 38
    endloop
  endfacet
  facet normal 0.998265 0.0588792 -0
    outer loop
      vertex -37.2113 -1.46204 35.6
      vertex -37.2113 -1.46204 38
      vertex -37.1252 -2.92182 38
    endloop
  endfacet
  facet normal 0.881915 0.0520648 0.468524
    outer loop
      vertex -22.5303 -1.77317 8
      vertex -22.5826 -0.887271 8
      vertex -37.1252 -2.92182 35.6
    endloop
  endfacet
  facet normal 0.881919 0.0520169 0.468523
    outer loop
      vertex -22.5826 -0.887271 8
      vertex -37.2113 -1.46204 35.6
      vertex -37.1252 -2.92182 35.6
    endloop
  endfacet
  facet normal 0.998262 0.0589335 -0
    outer loop
      vertex -22.5303 -1.77317 0
      vertex -22.5826 -0.887271 0
      vertex -22.5303 -1.77317 8
    endloop
  endfacet
  facet normal 0.998262 0.0589335 -0
    outer loop
      vertex -22.5826 -0.887271 0
      vertex -22.5826 -0.887271 8
      vertex -22.5303 -1.77317 8
    endloop
  endfacet
  facet normal 0 0 -1
    outer loop
      vertex -23.7266 -1.86733 0
      vertex -23.7816 -0.934383 0
      vertex -22.5303 -1.77317 0
    endloop
  endfacet
  facet normal 0 0 -1
    outer loop
      vertex -23.7816 -0.934383 0
      vertex -22.5826 -0.887271 0
      vertex -22.5303 -1.77317 0
    endloop
  endfacet
  facet normal -0.705914 -0.0416259 -0.707073
    outer loop
      vertex -24.3248 -1.9144 0.599991
      vertex -24.3812 -0.957939 0.599991
      vertex -23.7266 -1.86733 0
    endloop
  endfacet
  facet normal -0.705907 -0.0416153 -0.707081
    outer loop
      vertex -24.3812 -0.957939 0.599991
      vertex -23.7816 -0.934383 0
      vertex -23.7266 -1.86733 0
    endloop
  endfacet
  facet normal 0 0 -1
    outer loop
      vertex -26.3796 -1.03646 0.599991
      vertex -26.4 -0 0.599991
      vertex -24.3812 -0.957939 0.599991
    endloop
  endfacet
  facet normal 0 0 -1
    outer loop
      vertex -26.4 -0 0.599991
      vertex -24.4 -0 0.599991
      vertex -24.3812 -0.957939 0.599991
    endloop
  endfacet
  facet normal -0.999806 -0.0196786 -0
    outer loop
      vertex -26.3796 -1.03646 2.39999
      vertex -26.4 -0 2.39999
      vertex -26.3796 -1.03646 0.599991
    endloop
  endfacet
  facet normal -0.999806 -0.0196786 -0
    outer loop
      vertex -26.4 -0 2.39999
      vertex -26.4 -0 0.599991
      vertex -26.3796 -1.03646 0.599991
    endloop
  endfacet
  facet normal 0 0 1
    outer loop
      vertex -24.3812 -0.957939 2.39999
      vertex -24.4 -0 2.39999
      vertex -26.3796 -1.03646 2.39999
    endloop
  endfacet
  facet normal 0 0 1
    outer loop
      vertex -24.4 -0 2.39999
      vertex -26.4 -0 2.39999
      vertex -26.3796 -1.03646 2.39999
    endloop
  endfacet
  facet normal -0.999807 -0.0196217 -0
    outer loop
      vertex -24.3812 -0.957939 8
      vertex -24.4 -0 8
      vertex -24.3812 -0.957939 2.39999
    endloop
  endfacet
  facet normal -0.999807 -0.0196217 -0
    outer loop
      vertex -24.4 -0 8
      vertex -24.4 -0 2.39999
      vertex -24.3812 -0.957939 2.39999
    endloop
  endfacet
  facet normal -0.883281 -0.0173464 -0.468523
    outer loop
      vertex -39.0099 -1.5327 35.6
      vertex -39.04 -0 35.6
      vertex -24.3812 -0.957939 8
    endloop
  endfacet
  facet normal -0.883281 -0.0173348 -0.468523
    outer loop
      vertex -39.04 -0 35.6
      vertex -24.4 -0 8
      vertex -24.3812 -0.957939 8
    endloop
  endfacet
  facet normal -0.999807 -0.0196348 -0
    outer loop
      vertex -39.0099 -1.5327 37.2
      vertex -39.04 -0 37.2
      vertex -39.0099 -1.5327 35.6
    endloop
  endfacet
  facet normal -0.999807 -0.0196348 -0
    outer loop
      vertex -39.04 -0 37.2
      vertex -39.04 -0 35.6
      vertex -39.0099 -1.5327 35.6
    endloop
  endfacet
  facet normal -0.707031 -0.013893 0.707046
    outer loop
      vertex -38.2105 -1.50129 38
      vertex -38.24 -0 38
      vertex -39.0099 -1.5327 37.2
    endloop
  endfacet
  facet normal -0.707039 -0.0138852 0.707039
    outer loop
      vertex -38.24 -0 38
      vertex -39.04 -0 37.2
      vertex -39.0099 -1.5327 37.2
    endloop
  endfacet
  facet normal 0 0 1
    outer loop
      vertex -37.2113 -1.46204 38
      vertex -37.24 -0 38
      vertex -38.2105 -1.50129 38
    endloop
  endfacet
  facet normal 0 0 1
    outer loop
      vertex -37.24 -0 38
      vertex -38.24 -0 38
      vertex -38.2105 -1.50129 38
    endloop
  endfacet
  facet normal 0.999807 0.0196263 -0
    outer loop
      vertex -37.2113 -1.46204 35.6
      vertex -37.24 -0 35.6
      vertex -37.2113 -1.46204 38
    endloop
  endfacet
  facet normal 0.999807 0.0196263 -0
    outer loop
      vertex -37.24 -0 35.6
      vertex -37.24 -0 38
      vertex -37.2113 -1.46204 38
    endloop
  endfacet
  facet normal 0.883282 0.0173218 0.468522
    outer loop
      vertex -22.5826 -0.887271 8
      vertex -22.6 -0 8
      vertex -37.2113 -1.46204 35.6
    endloop
  endfacet
  facet normal 0.883281 0.0173389 0.468523
    outer loop
      vertex -22.6 -0 8
      vertex -37.24 -0 35.6
      vertex -37.2113 -1.46204 35.6
    endloop
  endfacet
  facet normal 0.999808 0.0196069 -0
    outer loop
      vertex -22.5826 -0.887271 0
      vertex -22.6 -0 0
      vertex -22.5826 -0.887271 8
    endloop
  endfacet
  facet normal 0.999808 0.0196069 -0
    outer loop
      vertex -22.6 -0 0
      vertex -22.6 -0 8
      vertex -22.5826 -0.887271 8
    endloop
  endfacet
  facet normal 0 0 -1
    outer loop
      vertex -23.7816 -0.934383 0
      vertex -23.8 -0 0
      vertex -22.5826 -0.887271 0
    endloop
  endfacet
  facet normal 0 0 -1
    outer loop
      vertex -23.8 -0 0
      vertex -22.6 -0 0
      vertex -22.5826 -0.887271 0
    endloop
  endfacet
  facet normal -0.706997 -0.0138751 -0.707081
    outer loop
      vertex -24.3812 -0.957939 0.599991
      vertex -24.4 -0 0.599991
      vertex -23.7816 -0.934383 0
    endloop
  endfacet
  facet normal -0.707033 -0.013923 -0.707044
    outer loop
      vertex -24.4 -0 0.599991
      vertex -23.8 -0 0
      vertex -23.7816 -0.934383 0
    endloop
  endfacet
endsolid OpenSCAD_Model
